file,uuid,title,artist,date,w,h,tags,status
the-kite-and-the-attached-birds__0cc9c353.jpg,0cc9c353-1f2d-4a44-bfc9-3a91184407ae,The Kite and The Attached Birds,Jacques Bacheley; Joseph Antoine Cochet,ca. mid-18th century,2256,1616,"animals,birds",ok
the-cruelty-of-the-bull-1647__3e3e41e6.jpg,3e3e41e6-f12e-4807-bea9-a032083e5dc1,"The Cruelty of the Bull, 1647",,ca. 1756–91,3811,3267,animals,ok
divisions-of-the-head__cdcbefb5.jpg,cdcbefb5-0e8e-4443-9a65-4a89c47ece51,Divisions of the Head,,1886,1113,1752,animals,ok
vegetable-lamb__07affc7e.jpg,07affc7e-ea07-4366-bc31-35ac5cdcb244,Vegetable lamb,,1481,1260,1266,"animals,sheep,zoology",ok
vegetable-lamb__f2f156eb.jpg,f2f156eb-2c9f-454d-80ce-4480df9f8db9,Vegetable lamb,,1725,1167,1194,"animals,sheep,zoology",ok
vegetable-lamb__403c5d67.jpg,403c5d67-0b8e-4678-b697-af7b2d56d13b,Vegetable lamb,,1605,1429,1032,"animals,sheep,zoology",ok
illustration-featuring-planta-tartarica-boromez-and-other-ve__a586101b.jpg,a586101b-4a05-4379-9d11-6f0cb259b23c,Illustration featuring 'Planta Tartarica Boromez' and other vegetal creatures,,1696,1627,2612,"animals,sheep,zoology",ok
frontispiece-depicting-the-garden-of-eden__e33ccbc2.jpg,e33ccbc2-398e-4fc1-89cd-745a1c07a34e,Frontispiece depicting the Garden of Eden,Christopher Switzer,1629,2695,4307,"animals,sheep,zoology",ok
rhizome-of-a-fern-shaped-by-the-chinese-to-represent-a-tan-c__367e46ab.jpg,367e46ab-8136-4a6a-9117-8f48d25d9312,"Rhizome of a fern, shaped by the Chinese to represent a tan-coloured dog",,1887,3536,1984,"animals,dogs,sheep,zoology",ok
barometz-or-agnus-scythycus__fe235f57.jpg,fe235f57-bf33-49f0-b579-11e065d7748f,Barometz or Agnus Scythycus,William Hibbart,1791,3792,2388,"animals,sheep,zoology",ok
agnus-scythycus-borometz__fa48236d.jpg,fa48236d-f2e5-4126-ae48-1a76f776e0ae,Agnus scythycus borometz,Elizabeth Blackwell,1750–1773,2998,2954,"animals,sheep,zoology",ok
mythical-animals-including-a-vegetable-lamb__200877e8.jpg,200877e8-385c-4637-b456-08a890589252,"Mythical animals, including a vegetable lamb",,1801,2196,1764,"animals,birds,sheep,zoology",ok
untitled__46cac279.jpg,46cac279-210d-4e46-9bbf-8d522b61dffe,,Zhao Mengfu,ca. 1300,3087,2199,"animals,horses",ok
untitled__eaa4f9e9.jpg,eaa4f9e9-22f3-4e67-9a19-ccbe82924c82,,Zhao Mengfu,ca. 1300,2380,2187,"animals,horses",ok
untitled__3c117223.jpg,3c117223-ba88-4bd9-a67b-7b75ebb8ba42,,Zhao Mengfu,ca. 1300,3007,2199,"animals,horses",ok
untitled__d59b56e0.jpg,d59b56e0-dbcf-41e7-a62f-3130e558a60d,,Zhao Mengfu,ca. 1300,3004,2192,"animals,horses",ok
untitled__aa028a7a.jpg,aa028a7a-a7ec-4f05-85d2-39ef8aa27ddf,,Zhao Mengfu,ca. 1300,3132,2092,"animals,horses",ok
the-sick-goose-and-the-council-of-health__ea9a777d.jpg,ea9a777d-96f3-4d46-be95-fcec33e5a47d,The Sick Goose and the Council of Health,George Cruikshank,1830s,3378,2115,animals,ok
spring__62858081.jpg,62858081-a815-4903-bdbc-c131db8ca9b2,Spring,Michalina Janoszanka,1926,1500,1393,"animals,frogs",ok
a-woman-who-gave-birth-to-three-children-and-four-animals__6b4310b5.jpg,6b4310b5-5e96-4270-8824-52bb7a817a07,A Woman Who Gave Birth to Three Children and Four Animals,José Guadalupe Posada,ca. 1894,1759,1181,animals,ok
the-angler-as-seen-from-under-the-water__c86274c6.jpg,c86274c6-643e-41e3-957a-21cba1f7df8a,The Angler as seen from under the Water,Francis Ward,1920,3080,1754,"animals,fish",ok
as-the-fish-sees-the-angler__465beb37.jpg,465beb37-7ca3-4ece-9e34-cdeb836d586f,As the Fish Sees the Angler,Edward Ringwood Hewitt,1922,1419,1921,"animals,fish",ok
fingers-in-water-as-seen-from-below__6d9ed189.jpg,6d9ed189-e554-44e7-b734-83bdee3de1b9,Fingers in Water as Seen from Below,Edward Ringwood Hewitt,1922,1344,2200,"animals,fish",ok
dry-fly-as-seen-by-a-trout__052ac55c.jpg,052ac55c-ad83-484a-9ca7-c41395f5a991,Dry Fly as seen by a Trout,Francis Ward,1920,2001,3501,"animals,fish",ok
the-angler-as-seen-from-below-the-water__de214713.jpg,de214713-0e7a-4e78-ae7f-9c5038f9165a,The Angler as seen from below the Water,Francis Ward,1920,1706,3381,"animals,fish",ok
the-fish-and-the-fowl__26b90d43.jpg,26b90d43-2a83-4723-8f8f-6b2f3edc2342,The Fish and the Fowl,Paul Nash,1924,2894,3720,"animals,birds,fish",ok
untitled__406193db.jpg,406193db-10d3-4951-87f6-eec3f18ed28e,,Anton Seder,1896,3168,2166,"animals,sea-life",ok
a-cat-and-her-kittens__b47de780.jpg,b47de780-a1ee-4f2b-a881-215a157a06be,A cat and her kittens,Gottfried Mind,ca. 1800,4513,3319,"animals,cats",ok
a-cat-and-her-kittens__fbce2056.jpg,fbce2056-379a-4317-8f1f-d6c86c243525,A cat and her kittens,Gottfried Mind,ca. 1800,5138,3303,"animals,cats",ok
a-cat-and-her-kittens__7f7c19c6.jpg,7f7c19c6-3e5f-4d36-983c-551aede881d6,A cat and her kittens,Joseph Brodtmann; Gottfried Mind,ca. 1820–60,4015,2981,"animals,cats",ok
a-cat-and-dog__c791e9bc.jpg,c791e9bc-1bae-48af-993e-7dc6e943d1bb,A cat and dog,Joseph Brodtmann; Gottfried Mind,ca. 1820–60,4219,3226,"animals,cats,dog",ok
facsimile-of-the-codex-mendoza-ca-1541-1650__292c88af.jpg,292c88af-6fb7-4ac2-b2fc-e926c9946704,"Facsimile of the Codex Mendoza, ca. 1541–1650",Agostino Aglio,1831–48,2637,3629,"animals,cats",ok
facsimile-of-the-codex-telleriano-remensis-mid-16th-century__d18ba8ca.jpg,d18ba8ca-9083-43ed-8c54-53222d05c732,"Facsimile of the Codex Telleriano-Remensis, mid 16th century",Agostino Aglio,1831–48,2436,2595,"animals,cats",ok
facsimile-of-the-codex-telleriano-remensis-mid-16th-century__c62be999.jpg,c62be999-06d0-4eab-ab2b-33f8845091ab,"Facsimile of the Codex Telleriano-Remensis, mid 16th century",Agostino Aglio,1831–48,2469,2524,"animals,cats",ok
facsimile-of-the-codex-telleriano-remensis-mid-16th-century__333e48e7.jpg,333e48e7-4966-4cab-974d-b233ba3e3a95,"Facsimile of the Codex Telleriano-Remensis, mid 16th century",Agostino Aglio,1831–48,2770,2917,"animals,rabbits",ok
facsimile-of-the-codex-bodley-ca-before-1521__786b6d9c.jpg,786b6d9c-4ed1-4f1b-9d4c-8721b66cb1fa,"Facsimile of the Codex Bodley, ca. before 1521",Agostino Aglio,1831–48,3361,3094,animals,ok
facsimile-of-the-codex-bodley-ca-before-1521__1ec94a56.jpg,1ec94a56-aef6-4408-9114-e6effccbee85,"Facsimile of the Codex Bodley, ca. before 1521",Agostino Aglio,1831–48,3438,3113,animals,ok
facsimile-of-the-codex-r-os-ca-after-1566__b737d283.jpg,b737d283-5e81-427a-9c2a-c43dd32c361a,"Facsimile of the Codex Ríos, ca. after 1566",Agostino Aglio,1831–48,3276,3248,animals,ok
facsimile-of-the-codex-r-os-ca-after-1566__e18998d7.jpg,e18998d7-0f45-4050-bd67-0537371496bd,"Facsimile of the Codex Ríos, ca. after 1566",Agostino Aglio,1831–48,3261,3342,animals,ok
facsimile-of-the-codex-r-os-ca-after-1566__068f115b.jpg,068f115b-977b-4089-9cc6-26d228049b59,"Facsimile of the Codex Ríos, ca. after 1566",Agostino Aglio,1831–48,3335,2725,animals,ok
facsimile-of-the-codex-vindobonensis-ca-late-15th-or-early-1__dce18621.jpg,dce18621-840b-4c94-913f-1a261530f573,"Facsimile of the Codex Vindobonensis, ca. late 15th or early 16th century",Agostino Aglio,1831–48,3331,2927,animals,ok
facsimile-of-the-codex-vindobonensis-ca-late-15th-or-early-1__8a96d5a6.jpg,8a96d5a6-f8f5-4d86-af94-66515689f5eb,"Facsimile of the Codex Vindobonensis, ca. late 15th or early 16th century",Agostino Aglio,1831–48,3243,2944,animals,ok
facsimile-of-the-codex-vindobonensis-ca-late-15th-or-early-1__3e7ec028.jpg,3e7ec028-0841-4362-907e-c73c10b3272a,"Facsimile of the Codex Vindobonensis, ca. late 15th or early 16th century",Agostino Aglio,1831–48,3361,2992,animals,ok
facsimile-of-the-codex-vindobonensis-ca-late-15th-or-early-1__60deb0bf.jpg,60deb0bf-afea-491d-8d71-0d525e34b651,"Facsimile of the Codex Vindobonensis, ca. late 15th or early 16th century",Agostino Aglio,1831–48,3386,3006,animals,ok
facsimile-of-the-codex-vindobonensis-ca-late-15th-or-early-1__f3e715a2.jpg,f3e715a2-9a4a-49d6-bec2-c5a930d1985b,"Facsimile of the Codex Vindobonensis, ca. late 15th or early 16th century",Agostino Aglio,1831–48,3402,2926,animals,ok
facsimile-of-the-codex-vindobonensis-ca-late-15th-or-early-1__7b5a52c3.jpg,7b5a52c3-9e9a-4e4c-a547-f1b0366b9c91,"Facsimile of the Codex Vindobonensis, ca. late 15th or early 16th century",Agostino Aglio,1831–48,3503,2996,animals,ok
facsimile-of-the-codex-vindobonensis-ca-late-15th-or-early-1__98aa178e.jpg,98aa178e-fda4-4143-8fb2-4dd6dc96c7c5,"Facsimile of the Codex Vindobonensis, ca. late 15th or early 16th century",Agostino Aglio,1831–48,3565,3021,animals,ok
facsimile-of-the-codex-vindobonensis-ca-late-15th-or-early-1__10c14492.jpg,10c14492-2f39-4263-b7b7-26c702837f04,"Facsimile of the Codex Vindobonensis, ca. late 15th or early 16th century",Agostino Aglio,1831–48,3470,2899,"animals,insects",ok
facsimile-of-the-codex-vindobonensis-ca-late-15th-or-early-1__14bc8b6a.jpg,14bc8b6a-44e7-497d-af30-07de0dc9cc5e,"Facsimile of the Codex Vindobonensis, ca. late 15th or early 16th century",Agostino Aglio,1831–48,3395,2885,animals,ok
facsimile-of-the-codex-fej-rv-ry-mayer-ca-before-1521__33477b28.jpg,33477b28-bdaf-4ab0-acf6-a92ab59e41b9,"Facsimile of the Codex Fejérváry-Mayer, ca. before 1521",Agostino Aglio,1831–48,2241,2159,animals,ok
facsimile-of-the-codex-fej-rv-ry-mayer-ca-before-1521__7a51490a.jpg,7a51490a-15b4-4280-ac1c-a219fbbf9602,"Facsimile of the Codex Fejérváry-Mayer, ca. before 1521",Agostino Aglio,1831–48,2158,2119,animals,ok
facsimile-of-the-codex-vaticanus-b-ca-before-1596__883260a2.jpg,883260a2-2358-4ecd-9b27-46949b494c03,"Facsimile of the Codex Vaticanus B, ca. before 1596",Agostino Aglio,1831–48,3775,3692,animals,ok
facsimile-of-the-codex-vaticanus-b-ca-before-1596__e8064e54.jpg,e8064e54-1e82-4a00-979b-3b9c7b69f8a3,"Facsimile of the Codex Vaticanus B, ca. before 1596",Agostino Aglio,1831–48,3710,3715,"animals,monkeys",ok
facsimile-of-the-codex-vaticanus-b-ca-before-1596__00483263.jpg,00483263-dc86-4308-856e-1531fb9454dd,"Facsimile of the Codex Vaticanus B, ca. before 1596",Agostino Aglio,1831–48,3764,3660,animals,ok
facsimile-of-the-codex-vaticanus-b-ca-before-1596__3e740863.jpg,3e740863-dbe5-4ecc-8493-63fd802c2be1,"Facsimile of the Codex Vaticanus B, ca. before 1596",Agostino Aglio,1831–48,3813,3640,animals,ok
facsimile-of-the-codex-vaticanus-b-ca-before-1596__f0569289.jpg,f0569289-fd31-4ecb-a4a4-acce0516c70b,"Facsimile of the Codex Vaticanus B, ca. before 1596",Agostino Aglio,1831–48,3746,3743,animals,ok
facsimile-of-the-codex-vaticanus-b-ca-before-1596__c8579456.jpg,c8579456-f539-4a53-94d5-dbb6ff634ce9,"Facsimile of the Codex Vaticanus B, ca. before 1596",Agostino Aglio,1831–48,3739,3685,animals,ok
facsimile-of-the-codex-vaticanus-b-ca-before-1596__23a97293.jpg,23a97293-fc1c-4034-87cb-49cf98380b21,"Facsimile of the Codex Vaticanus B, ca. before 1596",Agostino Aglio,1831–48,3876,3783,"animals,birds",ok
untitled__4b99efcb.jpg,4b99efcb-52c9-44be-ab63-da791cc7102f,,Agostino Aglio,1831–48,848,850,animals,ok
untitled__488c0e48.jpg,488c0e48-edfc-491f-a198-dc0e31f943f2,,Agostino Aglio,1831–48,960,850,animals,ok
untitled__17d2b982.jpeg,17d2b982-e08b-4b13-8c8a-1f76651b7131,,Anne Allen; Jean-Baptiste Pillement,ca. 1790s,3256,4412,animals,ok
untitled__211230ef.jpeg,211230ef-441e-4ac3-815d-06cacc798cae,,Anne Allen; Jean-Baptiste Pillement,ca. 1790s,3344,4532,animals,ok
untitled__4e3b5132.jpeg,4e3b5132-65d5-4d5b-97a9-6b86f7c96926,,Anne Allen; Jean-Baptiste Pillement,ca. 1790s,3319,4471,animals,ok
nazareth__a51e82eb.jpg,a51e82eb-be3f-4499-b0cd-8d300e9fc685,Nazareth,,ca. 1900,4456,2235,animals,ok
beersheba__e2db41ad.jpg,e2db41ad-ac3a-4440-a179-013caa6cd370,Beersheba,,ca. 1910,6015,4450,animals,ok
peasant-company-with-wife-disrobing-husband__6f204c6a.jpg,6f204c6a-d6f7-4478-934d-1e6a0fae3c40,Peasant Company with Wife Disrobing Husband,Maria Catharina Prestel; Isaac van Ostade,1783,2968,2472,animals,ok
landscape-with-cattle__854beff3.jpg,854beff3-3cfb-4481-8add-cd1b1b0f31a1,Landscape with Cattle,Maria Catharina Prestel; Georg Wagner,1783,2870,2373,"animals,livestock,sheep",ok
the-hare-and-the-well-a-creole-fairy-tale-from-louisiana__65c039f6.jpg,65c039f6-e3ef-4622-a274-b1126c79e212,"“The Hare and the Well”, a Creole fairy tale from Louisiana.",Tom Seidmann-Freud,1924,1774,1420,"animals,rabbits",ok
why-the-hare-has-no-tail-a-zulu-fairy-tale__bfb9c099.jpg,bfb9c099-b4f3-41b2-8b4a-99773d86d7ba,"“Why the Hare Has No Tail”, a Zulu fairy tale.",Tom Seidmann-Freud,1924,1774,1420,"animals,birds,cats,rabbits",ok
the-hare-a-hudson-bay-inuit-fairy-tale__b5f9d5d3.jpg,b5f9d5d3-7819-4eb7-a82f-ad92d4d6248b,"“The Hare”, a Hudson Bay Inuit fairy tale.",Tom Seidmann-Freud,1924,1774,1420,"animals,rabbits",ok
view-of-lake-patenggang-in-java__500ce79f.jpg,500ce79f-c9bc-4df2-93c7-7e943abf97bb,View of Lake Patenggang in Java,Franz Wilhelm Junghuhn,1854,4432,3324,animals,ok
blackwork-print-of-apollo-sitting-with-his-lyre-against-a-le__1196a4be.jpg,1196a4be-8eaf-4759-8d67-2f4b2e4a3465,Blackwork print of Apollo sitting with his lyre against a leafless tree,Esaias van Hulsen,1617,4084,3914,"animals,birds",ok
blackwork-design-for-goldsmith-work-featuring-a-hunter-and-a__5ad72413.jpeg,5ad72413-a919-46f9-9282-639ec281c0e4,Blackwork design for goldsmith work featuring a hunter and a fisherman,Mathais Beitler,1612,3066,2631,animals,ok
blackwork-print-with-a-jug-in-the-middle__53376b3f.jpg,53376b3f-0c1e-44c5-a585-fb7ed084b9a7,Blackwork print with a jug in the middle,Esaias van Hulsen,1617,4448,4512,animals,ok
blackwork-print-with-animals__e3e468c1.jpg,e3e468c1-d111-4a15-abba-328732be89fb,Blackwork print with animals,Esaias van Hulsen,1617,4368,4416,animals,ok
blackwork-design-for-goldsmith-work-with-satyrs-and-maenads__f8d5f7b9.jpeg,f8d5f7b9-ea68-426e-8761-b94530047c6f,Blackwork design for goldsmith work with satyrs and maenads,Andreas Gentzsch after Mathais Beitler,1616,2752,2434,animals,ok
fox-vulpes-vulpes__02a091b5.jpg,02a091b5-285c-4a47-8799-4b151ab2afe5,Fox (*Vulpes vulpes*),Jacob Goethals (possibly),ca. 1800,929,1200,animals,ok
sowing-man__877ba52b.jpg,877ba52b-0105-47e8-bf9e-f0718a6417c5,Sowing Man,Bernard Essers,1927,1212,1200,animals,ok
the-gin-shop__c2802a80.jpeg,c2802a80-d0b6-492e-861f-561171ad5e29,The Gin Shop,George Cruikshank,1829,1686,1410,animals,ok
untitled__2a7e28b4.jpeg,2a7e28b4-a946-4061-acc3-3beb72fb7af6,,Madame B,ca. 1870s,3000,2089,animals,ok
untitled__72e06df2.jpg,72e06df2-d511-4203-81e2-3f3a1bc8d932,,Madame B,ca. 1870s,3000,2111,"animals,bats",ok
untitled__eb277b94.jpg,eb277b94-0b02-4294-a457-74523e43491d,,Madame B,ca. 1870s,3000,2099,"animals,dogs",ok
three-folios-from-a-persian-manuscript-of-i-kal-lah-wa-dimna__45d1795b.jpg,45d1795b-c5af-4e1d-9585-393194c65c26,Three Folios from a Persian Manuscript of <i>Kalīlah wa-Dimnah</i>,,ca. 1010,1819,1203,"animals,birds",ok
the-greedy-dog__5e2a7b16.jpeg,5e2a7b16-5568-4149-85bf-41ef0d4d264e,The Greedy Dog,,ca. 1310,2175,1740,"animals,deer,lions",ok
mouse-gnawing-at-a-net-imprisoning-doves__53283bc4.jpeg,53283bc4-893f-44e0-8926-ec87a4f30bf1,Mouse Gnawing at a Net Imprisoning Doves,,ca. 1525–50,2430,2662,"animals,birds",ok
turtle-ferrying-a-monkey__62685dfd.jpeg,62685dfd-20bb-42e8-bafd-f8f3a85b6af6,Turtle Ferrying a Monkey,,ca. 1525–50,2548,2100,"animals,lions",ok
kal-lah-reprimanding-dimnah__60efd3e6.jpeg,60efd3e6-20d7-4384-8f4f-a36602b3f6d4,Kalīlah Reprimanding Dimnah,,ca. 1525–50,2435,2516,"animals,dogs",ok
monkey-attempting-carpentry-and-inadvertently-catching-his-t__74fecb60.jpeg,74fecb60-823e-4361-8fbe-d4ba6f1d58a1,Monkey Attempting Carpentry and Inadvertently Catching His Testicles in the Split,,ca. 1525–50,2569,3279,animals,ok
the-ascetic-his-guest-and-a-mouse-eating-their-rations__709718d6.jpeg,709718d6-0fb7-44c6-b9c1-bed7d3db0316,"The Ascetic, His Guest, and a Mouse Eating Their Rations",,ca. 1525–50,2403,2440,"animals,monkeys",ok
the-tale-of-the-ducks-and-the-turtle__90d206b9.jpeg,90d206b9-668c-4960-bbbd-a0340e7957a3,The Tale of the Ducks and the Turtle,,1310,2124,1652,animals,ok
kal-lah-and-dimnah-discussing-the-latter-s-scheme-to-insert-__94a78c0b.jpeg,94a78c0b-a233-40b0-adfb-99b5e03fc0ba,Kalīlah and Dimnah Discussing the Latter’s Scheme to Insert Himself into the Confidence of the King,,ca. 1525–50,2555,1616,"animals,deer,dogs,wildlife",ok
rabbit-using-the-reflection-of-a-lion-to-trick-him-into-drow__cc04af54.jpeg,cc04af54-1d1c-4c27-b5f6-9ea559cbf30b,Rabbit Using the Reflection of a Lion to Trick Him into Drowning,,1310,2056,1556,"animals,lions",ok
dimnah-in-jail-for-trickin-the-lion__ea0d1eec.jpeg,ea0d1eec-0a67-402a-b7fa-6dec3c994e55,Dimnah in Jail for Trickin the Lion,,1310,2132,1852,animals,ok
untitled__cfece78b.jpg,cfece78b-752d-4ba1-89ab-e39ce280bd24,,Thomas Smillie,1890–1913,2048,1590,"animals,birds",ok
vampyre__14e6b862.jpeg,14e6b862-e24e-457e-9868-6feeca78b880,Vampyre,Henry L. Stephens,1851,3368,2113,"animals,bats,birds",ok
butcher-birds__19ffd8c9.jpeg,19ffd8c9-d20c-4ed5-9683-3b0e36d5a5c1,Butcher Birds,Henry L. Stephens,1851,2272,3388,"animals,birds",ok
wharf-rat__289e1645.jpeg,289e1645-60b8-48f6-a96c-7fac7b37db59,Wharf Rat,Henry L. Stephens,1851,3320,2300,"animals,rats",ok
same-old-coon__47714ebd.jpeg,47714ebd-fd58-4a76-87b2-3bc2302b93ce,Same Old Coon,Henry L. Stephens,1851,2344,3460,animals,ok
son-fish-sucker__4f1e37d1.jpeg,4f1e37d1-3ab6-43e8-94bc-e7861415277e,Son Fish / Sucker,Henry L. Stephens,1851,2992,2220,"animals,fish",ok
gold-fish__5d70be4a.jpg,5d70be4a-24b7-4434-8601-bc441c9f552e,Gold Fish,Henry L. Stephens,1851,3174,2174,"animals,fish,goldfish",ok
gallows-bird__534d2a96.jpeg,534d2a96-bc4f-40c7-a6e5-364ece96aea7,Gallows Bird,Henry L. Stephens,1851,2217,2920,"animals,birds",ok
humming-bird__6e304d78.jpg,6e304d78-c7c9-4081-87b5-5e8381aaff59,Humming Bird,Henry L. Stephens,1851,2261,3049,"animals,birds,hummingbirds",ok
milliner-bird__6cc51b6d.jpeg,6cc51b6d-5603-462a-b580-ecfd010f349b,Milliner Bird,Henry L. Stephens,1851,2248,2948,"animals,birds",ok
little-dear__776fad3b.jpeg,776fad3b-56c0-4752-a5a7-d48d219986f7,Little Dear,Henry L. Stephens,1851,2084,3132,"animals,deer",ok
jail-bird__752aaddb.jpeg,752aaddb-dd01-4a77-a838-6d94e42f135d,Jail Bird,Henry L. Stephens,1851,2124,2652,"animals,birds",ok
gudgeon-shark__71da26f6.jpeg,71da26f6-38b3-4981-941c-68c3aebdab58,Gudgeon Shark,Henry L. Stephens,1851,3003,1977,"animals,fish",ok
widow-bird__890a652b.jpeg,890a652b-866c-4413-ab72-5da803d4fe92,Widow Bird,Henry L. Stephens,1851,2204,3040,"animals,birds",ok
one-of-the-rats__9db9f5aa.jpeg,9db9f5aa-39ee-4c87-86a0-5121c6ff5ea2,One of the Rats,Henry L. Stephens,1851,2919,2078,"animals,rats",ok
lark__9bb6bb58.jpeg,9bb6bb58-ce4d-4ce6-98b6-699ef42d4cb2,Lark,Henry L. Stephens,1851,2368,3184,"animals,birds",ok
hum-bug__9a140eea.jpg,9a140eea-5c97-467f-8602-914d6a7a352f,Hum-Bug,Henry L. Stephens,1851,2092,3072,"animals,beetles",ok
woodpecker__02f79a99.jpg,02f79a99-05bf-4c2c-b48a-b62328458502,Woodpecker,Henry L. Stephens,1851,2326,3234,"animals,birds",ok
giraffe__0166d794.jpg,0166d794-9bec-482c-a9ed-eacfb394f595,Giraffe,Henry L. Stephens,1851,2160,3200,animals,ok
king-bird__afc169d0.jpg,afc169d0-94b1-4ed7-acc0-1d30e6e608f5,King Bird,Henry L. Stephens,1851,2292,3456,"animals,bees,birds",ok
alms-house-bird__ab8f07f0.jpeg,ab8f07f0-69a9-4d66-acc0-ed8cfd329c96,Alms House Bird,Henry L. Stephens,1851,2243,3312,"animals,birds",ok
the-comic-natural-history__a870aa6c.jpg,a870aa6c-d273-4ef1-9910-33e75b6a599c,The Comic Natural History,Henry L. Stephens,1851,2562,3996,"animals,birds",ok
night-hawk__b6243058.jpeg,b6243058-9f84-4cec-91f0-95a17afd7194,Night Hawk,Henry L. Stephens,1851,2296,3172,"animals,birds",ok
mac-arel__be7e0cf7.jpeg,be7e0cf7-6b5c-43aa-b91b-a90c1b9808f7,Mac-Arel,Henry L. Stephens,1851,2856,1896,"animals,birds,fish",ok
old-shad-young__d54c3df7.jpeg,d54c3df7-2929-48a7-8bc0-6ffd2d62212d,Old Shad & Young,Henry L. Stephens,1851,3356,2120,"animals,fish",ok
sun-bird__f85acb95.jpg,f85acb95-f0a6-4921-b4b3-a8c57d1a5d07,Sun Bird,Henry L. Stephens,1851,2360,3312,"animals,birds",ok
catamaran-speel-s-owl__f061bbad.jpg,f061bbad-3285-41f2-926b-60db1fca37c4,Catamaran Speel's Owl,Henry L. Stephens,1851,2272,3260,"animals,birds,lions,owls",ok
alligator-and-spectators-during-feeding-time__1ecc1781.jpg,1ecc1781-575d-4b5e-b4a3-4c156580b408,Alligator and spectators during feeding time,,ca. 1907,5100,4088,"animals,reptiles",ok
four-year-old-alligators-sunning__2d6539c8.jpg,2d6539c8-372c-456f-bddb-0edca00f219c,Four-year old alligators sunning,,ca. 1907,5100,4082,"animals,reptiles",ok
young-alligators__399b68a1.jpg,399b68a1-5b04-41d2-abf4-381ce0eb3814,Young alligators,,ca. 1907,6300,5000,"animals,reptiles",ok
mother-alligator-with-her-congregation__3070ffd3.jpg,3070ffd3-952e-4d45-88ba-2709697fa400,Mother alligator with her congregation,,ca. 1907,5100,4081,"animals,reptiles",ok
alligator-named-big-mug__3673c327.jpg,3673c327-2bd3-47ae-bc82-b272b6a23316,Alligator named Big Mug,,ca. 1907,5100,4058,"animals,reptiles",ok
hypnotising-an-alligator__459ef335.jpg,459ef335-598e-4d20-8669-6df59b5c649e,Hypnotising an alligator,,ca. 1907,6143,4867,"animals,reptiles",ok
walking-an-alligator-on-lead__4a443cc5.jpg,4a443cc5-82da-47a3-a950-f6d2e68751f2,Walking an alligator on lead,,ca. 1907,5100,4047,"animals,reptiles",ok
young-alligators-in-a-pen__4280382d.jpg,4280382d-d2c5-4bce-ac52-5f45d4901c3d,Young alligators in a pen,,ca. 1907,5100,4102,"animals,reptiles",ok
alligator-sunning__782824fa.jpg,782824fa-4187-44ed-b7a2-b1c9ee6b05d8,Alligator sunning,,ca. 1907,6300,5000,"animals,reptiles",ok
tickling-an-alligator__7602e604.jpg,7602e604-90af-4810-b6c3-2c014b882f99,Tickling an alligator,,ca. 1907,5100,4105,"animals,reptiles",ok
alligators-and-their-pond__880f47e2.jpg,880f47e2-2600-4266-a9e7-50455edb253c,Alligators and their pond,,ca. 1907,6418,4988,"animals,reptiles",ok
hypnotising-an-alligator__ba435f7f.jpg,ba435f7f-839c-4a28-8e92-26993d9ceb6b,Hypnotising an alligator,,ca. 1907,5100,4082,"animals,reptiles",ok
alligators-going-down-a-toboggan-slide__bed24ade.jpg,bed24ade-66f2-4171-ab08-24b0e34b7c5c,Alligators going down a toboggan slide,,ca. 1907,5100,4075,"animals,reptiles",ok
feeding-the-alligators__bba07760.jpg,bba07760-7633-4358-b254-14059abbc130,Feeding the alligators,,ca. 1907,5100,4117,"animals,reptiles",ok
alligator-named-okeechobee__c6a86782.jpg,c6a86782-1c8b-44f6-8fdc-8b6c7eb38cd8,Alligator named Okeechobee,,ca. 1907,5100,4096,"animals,reptiles",ok
alligator-purse-above-incubator__c461cea6.jpg,c461cea6-2e14-47e9-ba60-a7633b02d464,Alligator purse above incubator,,ca. 1907,5100,4079,"animals,reptiles",ok
child-playing-with-young-alligators__c17bfece.jpg,c17bfece-0a85-4f58-882b-d3ccda541bad,Child playing with young alligators,,ca. 1907,5100,4086,"animals,reptiles",ok
keeper-feeding-what-looks-to-be-a-chicken-to-an-alligator__f8070bc9.jpg,f8070bc9-ed63-41a2-a6ad-6b56222af82d,Keeper feeding what looks to be a chicken to an alligator,,ca. 1907,5100,4082,"animals,reptiles",ok
early-xenotransfusion-from-lamb-to-man__1d080ed5.jpeg,1d080ed5-34a8-4255-9d6a-8bc550b7959b,Early Xenotransfusion from Lamb to Man,Matthias Gottfried Purmann,1705,787,992,animals,ok
everything-as-a-precaution__52dfec39.jpg,52dfec39-ddcc-44e0-b334-0a7c7fcec23d,Everything as a Precaution,Nicolas Guerard,17th century,2384,3220,animals,ok
the-fox-and-the-crow__6f4592ba.jpeg,6f4592ba-acd6-47c6-b457-04e70c67a160,The Fox and the Crow,Jacques Bailly; Sébastien Leclerc,1675,1574,1077,animals,ok
engravings-of-blood-transfusion-and-intravenous-injection-fr__68bc5b8c.jpeg,68bc5b8c-cb88-4add-a8ed-678cc0afd6bd,Engravings of blood transfusion and intravenous injection from Johann Sigismund Elsholtz’s <i>Clysmatica Nova</i> (1667).,,1667,3232,1734,"animals,bears",ok
jean-denis-performing-a-xenotransfusion-from-dog-to-man__066bb908.jpeg,066bb908-4148-44a4-b224-b90482fae773,Jean Denis Performing a Xenotransfusion from Dog to Man,,1693,2665,2102,animals,ok
bhadrakali-with-companions__6b56ba8b.jpg,6b56ba8b-abb0-41c4-b0e9-dfd11f40172d,Bhadrakali with Companions,,ca. 1660-70,1500,1388,"animals,beetles",ok
roseate-spoonbills-sunrise-or-sunset-and-red-flamingoes__74fce66e.jpg,74fce66e-f103-417b-a327-bac0ded44e91,"Roseate Spoonbills, Sunrise or Sunset, and Red Flamingoes",Gerald H. Thayer,1909,978,1500,"animals,zoology",ok
spoonbills-camouflage-at-sunrise-and-sunset__d04f88a9.jpg,d04f88a9-2c39-4a61-8922-ae0fac89d057,Spoonbills camouflage at sunrise and sunset.,Gerald H. Thayer,1909,978,1500,"animals,birds,zoology",ok
balamut-batum__104f14c8.jpeg,104f14c8-17dd-4ffa-af87-2ce35318c603,Balamut. Batum,Sergei Prokudin-Gorsky,ca. 1910,800,797,"animals,fish",ok
white-fox-stuffed-animals-from-the-collection-of-n-p-alin-in__dadb5583.jpeg,dadb5583-615d-41a0-8a37-d6246bb8548e,White Fox. Stuffed Animals from the Collection of N. P. Alin in Cherdyn,Sergei Prokudin-Gorsky,1910,1024,1018,"animals,cats",ok
she-beckoned-to-veikko__038bd2b1.jpg,038bd2b1-27e1-44fa-9de6-f5f76b4a6eb7,“She beckoned to Veikko”,Jay Van Everen,1922,983,1400,animals,ok
the-old-king-snake-has-wound-himself-around-osmo-s-arm__ab3521f2.jpg,ab3521f2-f62e-42e9-9c7b-2311f3d5d09f,“The old king snake has wound himself around Osmo's arm”,Jay Van Everen,1922,983,1400,animals,ok
untitled__19a42bd9.jpg,19a42bd9-45bb-4a74-b85e-c034e9f83a77,,John Bingley Garland,ca. 1850–60,1854,1502,"animals,butterflies",ok
untitled__24a61bb3.jpg,24a61bb3-6be5-4506-a306-b4b584f57c66,,John Bingley Garland,ca. 1850–60,1814,1364,animals,ok
untitled__451e3dcb.jpg,451e3dcb-443c-454c-8044-aa497e0f7fb4,,John Bingley Garland,ca. 1850–60,1836,1358,animals,ok
untitled__60f84a4e.jpg,60f84a4e-1bfb-4d51-9b76-45a723c80e72,,John Bingley Garland,ca. 1850–60,1848,1519,animals,ok
untitled__810301ba.jpg,810301ba-b7e3-48d9-ab53-c06a1e8c964b,,John Bingley Garland,ca. 1850–60,1846,1436,animals,ok
untitled__905035aa.jpg,905035aa-a85f-4cf0-be33-a7bb167044bd,,John Bingley Garland,ca. 1850–60,1818,1386,animals,ok
untitled__087bfab4.jpg,087bfab4-57f2-4eb6-8839-6a7ae97e64da,,John Bingley Garland,ca. 1850–60,1849,1478,"animals,horses,snakes",ok
untitled__b95e17d5.jpg,b95e17d5-4891-4ce7-b2f1-fb42239af1c2,,John Bingley Garland,ca. 1850–60,1790,1368,"animals,snakes",ok
untitled__c1977e2f.jpg,c1977e2f-6946-4ec9-9502-7c0c1563fc89,,John Bingley Garland,ca. 1850–60,1816,1372,"animals,butterflies,snakes",ok
the-origins-of-russia-are-lost-in-the-darkness-of-antiquity__c0aef57e.jpeg,c0aef57e-5b3f-4cee-848f-8672fe2544ab,The Origins of Russia Are Lost in the Darkness of Antiquity,Gustave Doré,1854,2706,2654,animals,ok
alexander-s-diving-trip__7aeafbcb.jpg,7aeafbcb-03d4-4221-a619-706320308870,Alexander's Diving Trip,,ca. 1325,842,1068,"animals,marine,whales",ok
the-fontana-dell-aquilone-in-the-vatican-gardens__6d883b76.jpeg,6d883b76-54e6-4d75-9d4d-358e5c12ce07,The Fontana dell’Aquilone in the Vatican Gardens,Giovanni Franceso Venturini,1675,1220,875,animals,ok
frontispiece-for-osteologia__cc8fe06e.jpg,cc8fe06e-a69b-47d2-b54d-89bf9e0f5663,Frontispiece for *Osteologia*,Jan Luyken,1680,852,1400,animals,ok
untitled__88743437.jpg,88743437-295b-4a28-aaf9-28702df40b97,,Philipp Hainhofer,1596–1633,1059,1400,animals,ok
untitled__cb97f3cb.jpeg,cb97f3cb-ea89-489f-a5f9-a6913afcda9f,,Philipp Hainhofer,1596–1633,806,1068,"animals,lions",ok
untitled__dfb3226c.jpg,dfb3226c-9671-4ff9-8250-e80bb2afd58a,,Philipp Hainhofer,1596–1633,1127,1400,"animals,dogs",ok
creation__249950a7.jpeg,249950a7-f3e5-4b03-b990-dcfec48d317e,Creation,,ca. 1330,920,1247,animals,ok
the-harrowing-of-hell__30cd1563.jpeg,30cd1563-1363-4b79-b17b-edb1f5dd9fee,The Harrowing of Hell,,ca. 1330,898,1204,animals,ok
the-crucifixion__308cd424.jpeg,308cd424-a42d-4698-88f4-50397d8e4185,The Crucifixion,,ca. 1330,919,1233,"animals,horses",ok
after-the-fall__054b5a75.jpeg,054b5a75-b1a3-404a-90c4-a4d611d5b52f,After the fall,,ca. 1330,850,1169,animals,ok
christ-scourged-peter-s-denial__eccb6cbd.jpeg,eccb6cbd-72ea-4a30-abf6-b9fd83f68ceb,Christ scourged; Peter's denial,,ca. 1330,884,1201,animals,ok
untitled__347e2e00.jpg,347e2e00-38d9-4276-8f31-87e7cefe42fb,,William Baillie-Grohman,1913,840,1200,"animals,dogs,horses",ok
untitled__43e5c99c.jpg,43e5c99c-b4d3-437e-a789-52ccbe3cbc8f,,William Baillie-Grohman,1913,1400,1222,"animals,dogs,lions",ok
untitled__5ace34e6.jpg,5ace34e6-551c-4cfe-b15a-70de3f92b7e6,,William Baillie-Grohman,1913,1400,1207,animals,ok
untitled__5c031705.jpg,5c031705-cb5a-4ff6-ba29-ad134f3e07d3,,William Baillie-Grohman,1913,1400,1239,animals,ok
untitled__5db35dbc.jpg,5db35dbc-a581-47b4-b59a-8b318edb378e,,William Baillie-Grohman,1913,878,1200,"animals,birds",ok
untitled__70e766dc.jpg,70e766dc-31a6-4ccf-b839-2f4a4ede766a,,William Baillie-Grohman,1913,1400,1108,"animals,deer,wildlife",ok
untitled__7aed1dd5.jpg,7aed1dd5-b266-4266-b1fe-53c6fe0d7d8f,,William Baillie-Grohman,1913,1400,1117,"animals,deer",ok
untitled__7c3b4a46.jpg,7c3b4a46-5337-494b-b0ce-9a2087cc96c0,,William Baillie-Grohman,1913,1400,1262,"animals,deer",ok
untitled__870fbf6d.jpg,870fbf6d-7fb6-4779-b331-c7e0bb6ed67a,,William Baillie-Grohman,1913,940,1200,"animals,horses",ok
untitled__8bd57579.jpg,8bd57579-1f87-42a2-a4d3-866046cda8e8,,William Baillie-Grohman,1913,1400,1303,animals,ok
untitled__89fd399d.jpg,89fd399d-3aac-4ae6-9b5f-7e2f3de9b7ca,,William Baillie-Grohman,1913,1400,1113,"animals,wildlife",ok
untitled__95a2d4b7.jpg,95a2d4b7-ae95-4f68-b4ee-e17743719782,,William Baillie-Grohman,1913,1400,1169,animals,ok
untitled__94cf0e5d.jpg,94cf0e5d-2632-46ef-a8f5-a0810a63bb7c,,William Baillie-Grohman,1913,1400,1147,"animals,wildlife",ok
untitled__9c2a54ee.jpg,9c2a54ee-ea6b-4b05-adef-6ecb7c4dd86d,,William Baillie-Grohman,1913,772,1200,animals,ok
untitled__92bffd22.jpg,92bffd22-7ccd-4da2-8526-8244ccfe9598,,William Baillie-Grohman,1913,806,1200,"animals,wildlife",ok
untitled__03f24110.jpg,03f24110-5621-4245-8643-1bc70b1a6c2a,,William Baillie-Grohman,1913,866,1200,animals,ok
untitled__bbdfab1e.jpg,bbdfab1e-8ef3-4c10-bc8a-013db1b0b8cc,,William Baillie-Grohman,1913,1400,1317,animals,ok
untitled__c82e4521.jpg,c82e4521-5942-4660-baff-23e736bed0a2,,William Baillie-Grohman,1913,817,1200,"animals,dogs",ok
untitled__d2cbc699.jpg,d2cbc699-9208-4ebf-bddb-3a1fac7995a2,,William Baillie-Grohman,1913,1400,1225,animals,ok
untitled__de0d0536.jpg,de0d0536-363b-4468-ad63-22edda918fef,,William Baillie-Grohman,1913,1400,993,animals,ok
untitled__dfa08740.jpg,dfa08740-67b6-48de-96b0-60ae04e3af72,,William Baillie-Grohman,1913,1400,1338,"animals,dogs",ok
untitled__f56d258c.jpg,f56d258c-9793-44bb-9e8f-589779349cdf,,William Baillie-Grohman,1913,1400,1326,"animals,dogs",ok
siren-lacertina-and-siren-bartholini__aedef28c.jpg,aedef28c-4a2a-494d-88a6-af0f66d6974c,Siren Lacertina and Siren Bartholini,,1789,1161,584,animals,ok
untitled__2b28a73c.jpg,2b28a73c-072c-4a0f-a82a-cd59128c33b2,,Martin Gerlach,1897,1034,1400,"animals,birds,wildlife",ok
untitled__23eae6c8.jpg,23eae6c8-97b8-4577-a4a6-c58068277175,,Martin Gerlach,1897,1037,1400,"animals,birds,fauna",ok
untitled__39fc95c6.jpg,39fc95c6-f54f-4e47-91d4-643ff70da27c,,Martin Gerlach,1897,1036,1400,"animals,birds",ok
untitled__3abd6a6a.jpg,3abd6a6a-f928-41f2-8e55-52467063cc59,,Martin Gerlach,1897,1031,1400,"animals,birds,lizards,moths",ok
untitled__49963a97.jpg,49963a97-c9ec-4715-83fc-9326d51ceb22,,Martin Gerlach,1897,1031,1400,"animals,birds,ornithology,wildlife",ok
untitled__4da52d51.jpg,4da52d51-632d-4bb0-bda4-0d1706ab9e44,,Martin Gerlach,1897,1036,1400,"animals,birds",ok
untitled__4a569767.jpg,4a569767-27a1-4f7d-96d2-be7eba8c40cb,,Martin Gerlach,1897,1400,1043,"animals,birds,ornithology",ok
untitled__4ccc9345.jpg,4ccc9345-9b7f-4efc-bd26-be6847dfa3b1,,Martin Gerlach,1897,1400,1037,"animals,birds,fauna,wildlife",ok
untitled__448be463.jpg,448be463-ef81-4ac2-9b18-abddecd06123,,Martin Gerlach,1897,1039,1400,"animals,birds",ok
untitled__49bc82f8.jpg,49bc82f8-e1af-4f0d-97b9-060c1411aa86,,Martin Gerlach,1897,1400,1015,"animals,birds",ok
untitled__67a3fe22.jpg,67a3fe22-56bd-4e28-a231-275dc3df3247,,Martin Gerlach,1897,1400,1035,"animals,birds,marine,shells",ok
untitled__6630d5fa.jpg,6630d5fa-8720-440f-8ad1-df0491e05456,,Martin Gerlach,1897,1023,1400,"animals,birds,owls",ok
untitled__6ef80f1e.jpg,6ef80f1e-3662-4152-a4bf-b7a0903be5a0,,Martin Gerlach,1897,1400,1046,"animals,birds",ok
untitled__6242c9f3.jpg,6242c9f3-6267-40c5-a1b4-889045472b21,,Martin Gerlach,1897,1047,1400,"animals,birds",ok
untitled__8ab0257f.jpg,8ab0257f-fb5b-45e9-a8f2-237ea923380e,,Martin Gerlach,1897,1030,1400,"animals,birds",ok
untitled__84876897.jpg,84876897-aea6-47c6-bbbd-a3509849e4aa,,Martin Gerlach,1897,1040,1400,"animals,birds,fauna",ok
untitled__92072e6b.jpg,92072e6b-ed02-4262-b1e0-a9918b8aeb60,,Martin Gerlach,1897,1040,1400,"animals,birds,wildlife",ok
untitled__0dcea6ba.jpg,0dcea6ba-a5cc-4ded-8e53-9bf13c3895fb,,Martin Gerlach,1897,1042,1400,"animals,birds,deer",ok
untitled__09a72e6c.jpg,09a72e6c-2f68-4b59-a57b-6aa59f5dd30d,,Martin Gerlach,1897,1400,1045,"animals,birds",ok
untitled__0ff2e483.jpg,0ff2e483-ee33-4fd4-91c0-617c08bf2126,,Martin Gerlach,1897,1043,1400,"animals,birds,butterflies,lizards,wildlife",ok
untitled__0559aa51.jpg,0559aa51-81cf-49ba-aca0-2994c27214ba,,Martin Gerlach,1897,1400,1033,"animals,birds,fauna",ok
untitled__afded7a3.jpg,afded7a3-24b3-473f-bef4-9d0d750ba016,,Martin Gerlach,1897,1044,1400,"animals,birds,fauna,rabbits",ok
untitled__b9e2335e.jpg,b9e2335e-60da-4396-88fd-ca6c3caf4a62,,Martin Gerlach,1897,1038,1400,"animals,birds,wildlife",ok
untitled__c91e4a94.jpg,c91e4a94-3acb-4196-8c0e-2fa7914c039d,,Martin Gerlach,1897,1400,1037,"animals,birds",ok
untitled__c965780c.jpg,c965780c-dad5-410e-8b3f-d9240d921c10,,Martin Gerlach,1897,1025,1400,"animals,birds,fauna,lions",ok
untitled__d2dd3c1b.jpg,d2dd3c1b-a6ad-4355-9e5a-12c723895ca5,,Martin Gerlach,1897,1041,1400,"animals,birds",ok
untitled__d6532070.jpg,d6532070-2f97-435e-a4d7-a159694f2e70,,Martin Gerlach,1897,1041,1400,"animals,birds",ok
untitled__e1e93b1e.jpg,e1e93b1e-4117-478d-8be8-b958366fa57c,,Martin Gerlach,1897,1032,1400,"animals,birds",ok
untitled__eb2f2191.jpg,eb2f2191-f4ae-436b-ae7f-d0981c7b6923,,Martin Gerlach,1897,1040,1400,"animals,birds",ok
untitled__eb043f0e.jpg,eb043f0e-c111-4382-834f-73135cd41eda,,Martin Gerlach,1897,1039,1400,"animals,birds,fauna,wildlife",ok
untitled__e4ffcfa2.jpg,e4ffcfa2-8e79-4a51-a12f-4fb05f504f5f,,Martin Gerlach,1897,1044,1400,"animals,birds,butterflies,fauna,insects,moths",ok
untitled__f0dfcff6.jpg,f0dfcff6-6472-4cfd-b7fe-3cc2d7b9d7da,,Martin Gerlach,1897,1400,1036,"animals,birds,fauna,monkeys,wildlife",ok
untitled__f7f95689.jpg,f7f95689-4826-45a0-b88b-ed0e12f22c3d,,Martin Gerlach,1897,1038,1400,"animals,birds,ducks,wildlife",ok
spiral-structures-as-seen-in-shells-horns-tusks-teeth-feathe__8e86e367.jpg,8e86e367-b1eb-4c8d-9faa-2fee17e91b3c,"Spiral structures as seen in shells, horns, tusks, teeth, feathers, proboscides, tentacles.",James Bell Pettigrew,1908,1728,2256,"animals,shells,snakes",ok
spiral-formation-of-human-bones-as-seen-in-the-arm-leg-verte__d285865a.jpg,d285865a-6a80-4264-9fd1-860fc9224210,"Spiral formation of human bones as seen in the arm, leg, vertebral column, clavicle, scapula, and pelvis.",James Bell Pettigrew,1908,1184,1614,animals,ok
untitled__9a232caf.jpg,9a232caf-6ac5-442f-8c65-0cdf444f8c2e,,Lewis Carroll,1864,1400,781,animals,ok
cats-for-the-stations-of-the-tokaido-road__69cb01b8.jpeg,69cb01b8-c1f3-4a14-afbe-b3dc557ce2cf,Cats for the Stations of the Tokaido Road,Utagawa Kuniyoshi,ca. 1847,808,1200,"animals,cats",ok
a-whale-and-three-fish-sitting-down-to-a-formal-dinner-of-ru__6b46caa8.jpg,6b46caa8-941c-405e-b1ce-37a7e99bd2fa,A Whale and Three Fish Sitting Down to a Formal Dinner of Russian Sailors,Kobayashi Kiyochika,1904,796,1200,animals,ok
white-horse__218103c8.jpg,218103c8-7fe9-498b-a387-ec0c163c5213,White Horse,Joris Hoefnagel,late 17th century,1200,947,"animals,horses",ok
two-goats-as-leaf-ornament__aeb559e0.jpg,aeb559e0-e3f7-4cfd-becb-cef3db01b5d5,Two Goats as Leaf Ornament,Anthonie de Winter,1698,1200,831,"animals,lions",ok
sulphur-crested-cockatoo__fd9ef8cc.jpg,fd9ef8cc-7be7-48f2-ab3d-faee25f6e721,Sulphur-crested Cockatoo,Anonymous,ca. 1600,747,1000,"animals,birds",ok
doctor-syntax-drawing-after-nature__4187f725.jpg,4187f725-5dd7-4eb9-8ac3-c8c772f78f0e,Doctor Syntax Drawing After Nature,Thomas Rowlandson,1813,1400,827,animals,ok
doctor-syntax-loses-his-money-on-the-race-ground-at-york__83d09476.jpg,83d09476-0215-4f37-a3ee-4dabf1f5db10,Doctor Syntax Loses His Money on the Race Ground at York,Thomas Rowlandson,1813,1400,854,"animals,horses",ok
untitled__08929c5f.jpg,08929c5f-56cc-4874-8331-44f2170ca7e8,,William Elliot Griffis,1922,644,1000,"animals,birds,cats",ok
untitled__183d9acc.jpeg,183d9acc-acee-47c5-b8a0-247f75da6b70,,,ca. 1350,803,513,animals,ok
untitled__14ddbde5.jpeg,14ddbde5-514b-4efa-bc9b-c4a77718e596,,,ca. 1350,746,550,animals,ok
untitled__1240536b.jpeg,1240536b-8a10-439f-b28d-8107acf9b7a6,,,ca. 1350,792,515,animals,ok
untitled__148a9fe0.jpeg,148a9fe0-a9ab-44dc-91c9-190d56a87127,,,ca. 1350,735,702,animals,ok
untitled__2610007b.jpeg,2610007b-8d8c-456e-892f-f6e14209cdee,,,ca. 1350,796,498,animals,ok
untitled__26f51d2b.jpeg,26f51d2b-df57-4184-acf9-8b1522b7882b,,,ca. 1350,871,768,"animals,fish",ok
untitled__225b2d79.jpeg,225b2d79-45a1-49ef-b02b-1221ef462195,,,ca. 1350,737,717,"animals,fish",ok
untitled__29354f54.jpeg,29354f54-0eb0-4d68-990b-440d292043fa,,,ca. 1350,801,694,animals,ok
untitled__23f06c07.jpeg,23f06c07-3468-407e-99d3-d3ee58c8b5d1,,,ca. 1350,776,583,animals,ok
untitled__2e1a8943.jpeg,2e1a8943-7bda-4733-8fe3-3a1dc94a6760,,,ca. 1350,738,475,"animals,rabbits",ok
untitled__2c912149.jpeg,2c912149-1580-40ef-89d7-2fd09fdfdaa0,,,ca. 1350,748,619,animals,ok
untitled__387772a0.jpeg,387772a0-51f6-44c7-bcd9-662f0550cc42,,,ca. 1350,755,454,"animals,worms",ok
untitled__30e0c57f.jpeg,30e0c57f-bcf7-4035-bdde-c5868ca45b9a,,,ca. 1350,744,454,animals,ok
untitled__37389348.jpeg,37389348-f644-4061-8790-775d16affbc5,,,ca. 1350,791,638,"animals,fish",ok
untitled__35c5c10b.jpeg,35c5c10b-4829-489c-864f-a427d7a2fa21,,,ca. 1350,735,640,"animals,birds",ok
untitled__30d968a8.jpeg,30d968a8-e874-4912-8db8-1b9baeb8f4cf,,,ca. 1350,817,673,"animals,elephants",ok
untitled__34a296b3.jpeg,34a296b3-2e5b-4f5b-9137-be815a549451,,,ca. 1350,795,690,animals,ok
untitled__42e1803f.jpeg,42e1803f-62bf-40fe-9cc5-fddeac77f1e1,,,ca. 1350,756,504,animals,ok
untitled__468152b2.jpeg,468152b2-ad2b-4d03-987c-e0ed772bf856,,,ca. 1350,747,508,animals,ok
untitled__52b88da7.jpeg,52b88da7-d0c9-4b5e-9f5e-e7bc760d9914,,,ca. 1350,766,426,"animals,bees",ok
untitled__5fbe2a77.jpeg,5fbe2a77-0876-456a-9d8e-c4ff4ee3d3de,,,ca. 1350,779,643,"animals,ducks",ok
untitled__51780418.jpeg,51780418-0c8f-4ebb-a88e-aa392c87d900,,,ca. 1350,768,503,"animals,goats",ok
untitled__67fbfd9f.jpeg,67fbfd9f-73a5-4fc1-9281-c07a6cd23530,,,ca. 1350,741,512,"animals,beetles,insects",ok
untitled__6b4c2044.jpeg,6b4c2044-6f6e-4063-9a3d-1fd7b11e58e5,,,ca. 1350,812,527,animals,ok
untitled__6e3bae01.jpeg,6e3bae01-f570-4d8c-9b51-838646da2be3,,,ca. 1350,807,647,"animals,fish",ok
untitled__6f3c3152.jpeg,6f3c3152-453c-4c0b-ada2-7dce33ff5309,,,ca. 1350,772,512,animals,ok
untitled__767314c8.jpeg,767314c8-7b02-46f7-a831-ac91980718eb,,,ca. 1350,804,516,"animals,fish",ok
untitled__88b8ebbe.jpeg,88b8ebbe-d0bb-48e6-9a1c-ccac0ad49446,,,ca. 1350,729,520,"animals,bees",ok
untitled__8ed37afd.jpeg,8ed37afd-8277-4040-bf1f-0d35cd0d2865,,,ca. 1350,847,631,"animals,fish",ok
untitled__8f6f9aca.jpeg,8f6f9aca-b63a-4bc6-9320-5a0a09ca7649,,,ca. 1350,731,702,"animals,birds,owls",ok
untitled__8c77895c.jpeg,8c77895c-5429-4246-bdab-246512c5f5e5,,,ca. 1350,792,787,"animals,birds",ok
untitled__84da8220.jpeg,84da8220-6431-4dc2-b0a8-02c0ed6b685b,,,ca. 1350,834,477,"animals,birds",ok
untitled__88d0b3e7.jpeg,88d0b3e7-3dae-45f3-aa58-b820e724a0aa,,,ca. 1350,764,690,"animals,birds",ok
untitled__9a67b01b.jpg,9a67b01b-05c1-458f-8e62-7d22183e6d1b,,,ca. 1350,1178,857,"animals,fish",ok
untitled__953a75bc.jpeg,953a75bc-85e3-4bcc-91d2-f31191e0ab5c,,,ca. 1350,701,429,"animals,fish",ok
untitled__98988741.jpeg,98988741-7512-4470-865e-2cbed564103b,,,ca. 1350,754,574,animals,ok
untitled__9aaeb966.jpeg,9aaeb966-920d-443f-9799-aa284734f0ce,,,ca. 1350,796,496,animals,ok
untitled__068cdaa4.jpeg,068cdaa4-ce54-46bd-b033-f28acec6bba8,,,ca. 1350,731,656,"animals,fish",ok
untitled__09bc662b.jpeg,09bc662b-9cdc-416f-abd5-ec3cfe38c279,,,ca. 1350,750,657,"animals,rabbits",ok
untitled__a5e2fed8.jpeg,a5e2fed8-3665-404b-a8ff-a8c18de039f7,,,ca. 1350,847,904,animals,ok
untitled__a20b6960.jpeg,a20b6960-ae44-4bb7-86ea-741138bc53c0,,,ca. 1350,764,395,animals,ok
untitled__ad21c763.jpeg,ad21c763-1cba-4497-a1b3-fe5883d4affe,,,ca. 1350,791,558,animals,ok
untitled__b8873d57.jpeg,b8873d57-fa1a-45dd-b586-64b97cb0e9ca,,,ca. 1350,743,759,animals,ok
untitled__b7029fba.jpeg,b7029fba-6951-41b1-9239-9ad8a021f324,,,ca. 1350,832,668,"animals,fish",ok
untitled__b02e6a28.jpeg,b02e6a28-ca00-447e-901c-9b9887c4e434,,,ca. 1350,752,565,"animals,birds,owls",ok
untitled__b96dc2c0.jpeg,b96dc2c0-ab9f-4fe4-b8bc-d0fa66d80acd,,,ca. 1350,725,556,"animals,primates",ok
untitled__bb74c27b.jpeg,bb74c27b-65c6-4357-b3cf-22332188a273,,,ca. 1350,795,561,animals,ok
untitled__c1bc1c46.jpeg,c1bc1c46-ebe7-4db1-8fbe-6ee895c189ae,,,ca. 1350,727,461,animals,ok
untitled__c0e0a3f4.jpeg,c0e0a3f4-b41f-4ccc-87b3-d850caa8acb6,,,ca. 1350,766,766,animals,ok
untitled__c791a37d.jpeg,c791a37d-24a4-4c35-8616-4f3a8e93190d,,,ca. 1350,768,562,animals,ok
untitled__d05cc7da.jpeg,d05cc7da-edc4-4d4a-91e3-f08008b7a413,,,ca. 1350,774,597,"animals,fish",ok
untitled__d0396005.jpeg,d0396005-335d-4b7d-a293-991c46197997,,,ca. 1350,779,570,"animals,fish",ok
untitled__dd47834d.jpeg,dd47834d-58e0-4426-bf92-d975598edd80,,,ca. 1350,1374,810,"animals,fish",ok
untitled__d503cbe8.jpeg,d503cbe8-89a5-43c7-a62b-e9cd3b6cf475,,,ca. 1350,764,488,"animals,birds",ok
untitled__e06d4652.jpeg,e06d4652-dc7f-4132-bb99-c63539bdb5d7,,,ca. 1350,751,512,animals,ok
untitled__ebf52cfd.jpeg,ebf52cfd-95b0-4def-a6a8-22f8c458cfd5,,,ca. 1350,737,437,"animals,bats",ok
untitled__fe001c0d.jpeg,fe001c0d-2c26-4f61-87e3-5063e343a7a8,,,ca. 1350,737,561,animals,ok
untitled__f17a45e7.jpeg,f17a45e7-d549-4c3a-8125-16daff621e52,,,ca. 1350,820,569,"animals,fish",ok
untitled__faa252cd.jpeg,faa252cd-2254-4463-a52e-2f3e7f3820a3,,,ca. 1350,814,648,"animals,birds",ok
untitled__fba334fd.jpeg,fba334fd-9637-4172-b7e9-5d099f4b2d74,,,ca. 1350,813,500,"animals,birds",ok
untitled__ff4e658e.jpeg,ff4e658e-a998-4a7a-99e4-e9bc7d4deb73,,,ca. 1350,735,574,animals,ok
untitled__3df95ee1.jpg,3df95ee1-fe24-4da8-96a4-e6e1b0d54266,,Elias Ashmole,1652,884,1200,animals,ok
untitled__44916560.jpg,44916560-e19b-4b4f-8697-9c86c28bd73c,,Elias Ashmole,1652,941,1200,animals,ok
untitled__62df1b85.jpg,62df1b85-aa61-4d89-a656-02003889d095,,Elias Ashmole,1652,1019,1200,animals,ok
earth__fc364b09.jpg,fc364b09-e5a1-4572-a023-93eb3d36061f,Earth,Maerten de Vos; Adriaen Collaert,1580-4,2448,2004,animals,ok
untitled__170df026.jpg,170df026-6380-4deb-8762-4db3079c97fd,,Edouard Joseph d’Alton,1821–1838,1754,1281,"animals,zoology",ok
untitled__194b754c.jpg,194b754c-e452-420a-84e8-d09d30c9c27a,,Edouard Joseph d’Alton,1821–1838,1791,1296,"animals,zoology",ok
untitled__23b86ba4.jpg,23b86ba4-efba-4d14-a41c-9ab06d8ae770,,Edouard Joseph d’Alton,1821–38,1744,1270,"animals,zoology",ok
untitled__2320de75.jpg,2320de75-7020-46be-994b-ce52ba446fe6,,Edouard Joseph d’Alton,1821–38,1754,1281,"animals,zoology",ok
untitled__272352ed.jpg,272352ed-7ca7-47ed-92d3-ce70bf5217e9,,Edouard Joseph d’Alton,1821–38,1748,1288,"animals,zoology",ok
untitled__39eb185d.jpg,39eb185d-74a9-4840-9940-0b0b9acd8a1b,,Edouard Joseph d’Alton,1821–1838,1748,1288,"animals,zoology",ok
untitled__449270d0.jpg,449270d0-7ca7-4c42-b488-ba792ae55a70,,Edouard Joseph d’Alton,1821–38,1255,1719,"animals,birds,zoology",ok
untitled__49648129.jpg,49648129-e4ac-401e-920c-eb1c6ba74323,,Edouard Joseph d’Alton,1821–38,3435,2509,"animals,bats,zoology",ok
untitled__422384d6.jpg,422384d6-4fdd-4639-9f0f-acd04b5a22c3,,Edouard Joseph d’Alton,1821–38,1770,1290,"animals,lions,zoology",ok
untitled__5931c603.jpg,5931c603-fde9-4647-9929-55fbca608208,,Edouard Joseph d’Alton,1821–38,3431,2530,"animals,zoology",ok
untitled__5390e0e1.jpg,5390e0e1-8dd8-4349-b1ba-ecac56077dac,,Edouard Joseph d’Alton,1821–38,1741,1274,"animals,whales,zoology",ok
untitled__50e64b95.jpg,50e64b95-a12b-44a1-ac0d-9ac709a1d24a,,Edouard Joseph d’Alton,1821–38,3499,2550,"animals,zoology",ok
untitled__58262115.jpg,58262115-ab6b-4509-ae4a-5d2887b2be66,,Edouard Joseph d’Alton,1821–38,1762,1270,"animals,zoology",ok
untitled__56e71a08.jpg,56e71a08-9d72-4631-b878-577ab053efe6,,Edouard Joseph d’Alton,1821–38,1779,1305,"animals,zoology",ok
untitled__6a2a8336.jpg,6a2a8336-e5a4-4d93-8a7a-1bb12350e3cd,,Edouard Joseph d’Alton,1821–38,1600,1134,"animals,bats,zoology",ok
untitled__62aa90ca.jpg,62aa90ca-f0d1-4919-bc3c-8d0c33512c04,,Edouard Joseph d’Alton,1821–38,3435,2509,"animals,bats,zoology",ok
untitled__670e5aa4.jpg,670e5aa4-f2f2-4056-8b38-1b7f718972a4,,Edouard Joseph d’Alton,1821–38,1740,1268,"animals,monkeys,primates,zoology",ok
untitled__7e0d7d89.jpg,7e0d7d89-ac33-4af2-be5b-e234f5a64e47,,Edouard Joseph d’Alton,1821–38,1255,1719,"animals,birds,zoology",ok
untitled__7bdbbc6d.jpg,7bdbbc6d-b986-4cb3-9122-26e85540e2a9,,Edouard Joseph d’Alton,1821–38,1265,1716,"animals,zoology",ok
untitled__75b07a38.jpg,75b07a38-568e-41eb-9083-f48437f94a62,,Edouard Joseph d’Alton,1821–38,1754,1281,"animals,zoology",ok
untitled__853b9cf9.jpg,853b9cf9-c327-42ac-affc-1e2141c53f25,,Edouard Joseph d’Alton,1821–38,1748,1288,"animals,zoology",ok
untitled__8433beb7.jpg,8433beb7-bc94-47f2-9c23-fe966dc7ae42,,Edouard Joseph d’Alton,1821–38,3507,2571,"animals,zoology",ok
untitled__968437c7.jpg,968437c7-7fca-48a0-ad2e-244ab669b6b8,,Edouard Joseph d’Alton,1821–1838,3431,2530,"animals,zoology",ok
untitled__94631fc7.jpg,94631fc7-e4f9-4043-849e-dfc54fb46be5,,Edouard Joseph d’Alton,1821–1838,1772,1296,"animals,zoology",ok
untitled__00d9c42e.jpg,00d9c42e-bafd-49aa-a8d9-df5d7cfea11c,,Edouard Joseph d’Alton,1821–1838,3435,2509,"animals,zoology",ok
untitled__0ff1fd09.jpg,0ff1fd09-c2c3-470a-8af8-5d700dbed19b,,Edouard Joseph d’Alton,1821–1838,1741,1274,"animals,whales,zoology",ok
untitled__0ed63594.jpg,0ed63594-fe6c-42b2-9173-a3a8d5584d53,,Edouard Joseph d’Alton,1821–1838,3499,2550,"animals,zoology",ok
untitled__0575bdad.jpg,0575bdad-0282-433d-9e26-bb45b17238de,,Edouard Joseph d’Alton,1821–1838,1740,1268,"animals,monkeys,primates,zoology",ok
untitled__0a010d81.jpg,0a010d81-2c8a-4dcf-bb16-7ea3cdac0e3b,,Edouard Joseph d’Alton,1821–1838,1740,1268,"animals,monkeys,primates,zoology",ok
untitled__0866fc32.jpg,0866fc32-685a-4cd1-8e2d-2dbff2ecbcb3,,Edouard Joseph d’Alton,1821–1838,3507,2571,"animals,zoology",ok
untitled__aeb73435.jpg,aeb73435-e802-46c4-92d4-8d598f8873d8,,Edouard Joseph d’Alton,1821–38,1762,1270,"animals,zoology",ok
untitled__ad18b93a.jpg,ad18b93a-6857-4b6a-94f6-e54d8b02e431,,Edouard Joseph d’Alton,1821–38,1748,1288,"animals,rabbits,zoology",ok
untitled__addce8aa.jpg,addce8aa-f277-4c6e-98cb-1d5bd0264599,,Edouard Joseph d’Alton,1821–38,3507,2571,"animals,zoology",ok
untitled__ac61390d.jpg,ac61390d-63a0-421b-be3d-974c45f82a30,,Edouard Joseph d’Alton,1821–38,1288,1756,"animals,zoology",ok
untitled__a4963046.jpg,a4963046-970a-47c3-b0ac-b1ddce847436,,Edouard Joseph d’Alton,1821–38,1772,1296,"animals,pigs,zoology",ok
untitled__b7e96661.jpg,b7e96661-86e3-47f0-b99a-054c2a83ba23,,Edouard Joseph d’Alton,1821–38,3499,2550,"animals,zoology",ok
untitled__b9546753.jpg,b9546753-7d64-4a82-ab62-59a0edb45e48,,Edouard Joseph d’Alton,1821–38,1740,1262,"animals,monkeys,primates,zoology",ok
untitled__b088ae67.jpg,b088ae67-772b-4176-995c-1d1dd7e197b7,,Edouard Joseph d’Alton,1821–38,1748,1288,"animals,zoology",ok
untitled__bb6d0ed3.jpg,bb6d0ed3-e953-4e10-8b36-c6642578f4c7,,Edouard Joseph d’Alton,1821–38,1770,1290,"animals,zoology",ok
untitled__cf36149a.jpg,cf36149a-68f6-43ce-87eb-5e40fa25c04e,,Edouard Joseph d’Alton,1821–38,1255,1719,"animals,birds,zoology",ok
untitled__c02bbaab.jpg,c02bbaab-1190-4e56-9ecd-b2710be0cfab,,Edouard Joseph d’Alton,1821–38,3435,2509,"animals,zoology",ok
untitled__c80f1817.jpg,c80f1817-3e9c-4ef1-98f9-9ae770159a6a,,Edouard Joseph d’Alton,1821–38,3431,2530,"animals,zoology",ok
untitled__c2173b68.jpg,c2173b68-6350-4304-8f44-bbd3f9881daa,,Edouard Joseph d’Alton,1821–38,1744,1270,"animals,zoology",ok
untitled__ca92d5e9.jpg,ca92d5e9-d19d-439d-91d8-593d3f9f98d1,,Edouard Joseph d’Alton,1821–38,1750,1270,"animals,zoology",ok
untitled__cb797165.jpg,cb797165-a7a2-42a4-ae6c-b5c0a97f1f35,,Edouard Joseph d’Alton,1821–38,1740,1272,"animals,monkeys,primates,zoology",ok
untitled__c3a80e81.jpg,c3a80e81-f157-4009-8279-ce32601bf550,,Edouard Joseph d’Alton,1821–38,1754,1281,"animals,zoology",ok
untitled__d8273ba1.jpg,d8273ba1-2f01-45e9-84d5-878266e9e2c6,,Edouard Joseph d’Alton,1821–38,1255,1728,"animals,birds,zoology",ok
untitled__d658a1d8.jpg,d658a1d8-0149-4bd0-8c13-29107f152eff,,Edouard Joseph d’Alton,1821–38,1250,1726,"animals,birds,zoology",ok
untitled__d62ffd75.jpg,d62ffd75-9e07-40eb-9897-9043ce81196a,,Edouard Joseph d’Alton,1821–38,1762,1270,"animals,zoology",ok
untitled__dc57dfa3.jpg,dc57dfa3-b64f-4afb-91a7-3f69779813c2,,Edouard Joseph d’Alton,1821–38,1748,1288,"animals,zoology",ok
untitled__da3844f2.jpg,da3844f2-17f3-4507-8f06-f5647c7a3732,,Edouard Joseph d’Alton,1821–38,1770,1290,"animals,zoology",ok
untitled__e6dbc834.jpg,e6dbc834-3942-435e-b070-089fc53b6427,,Edouard Joseph d’Alton,1821–38,1740,1279,"animals,monkeys,primates,zoology",ok
untitled__e00f3951.jpg,e00f3951-f88a-48b9-a66d-3cd5a92cae8e,,Edouard Joseph d’Alton,1821–38,1770,1290,"animals,zoology",ok
untitled__f83aa4af.jpg,f83aa4af-46ee-4b34-84cc-3a574ef4fafd,,Edouard Joseph d’Alton,1821–38,3435,2509,"animals,zoology",ok
untitled__f6fa3cdb.jpg,f6fa3cdb-0c81-4735-bfe5-aecd1ccd467a,,Edouard Joseph d’Alton,1821–38,3499,2550,"animals,zoology",ok
untitled__fe6287de.jpg,fe6287de-2749-4c96-ac22-921e4e639fb1,,Edouard Joseph d’Alton,1821–38,1754,1281,"animals,zoology",ok
untitled__f1c80238.jpg,f1c80238-6839-4f12-a28e-8605f5976cbb,,Edouard Joseph d’Alton,1821–38,1770,1290,"animals,zoology",ok
untitled__fe38c242.jpg,fe38c242-3af2-499b-87f4-4c99a5644901,,Edouard Joseph d’Alton,1821–38,1756,1305,"animals,mammoths,zoology",ok
dasyurus-maculatus-tiger-quoll__137bb45b.jpg,137bb45b-b026-4f5d-b040-df1cac6b6922,"*Dasyurus maculatus*, Tiger Quoll",John Gould,1863,1434,929,animals,ok
hydromys-chrysogaster-water-rat__20df6e55.jpg,20df6e55-bfb0-479f-9d57-504f3a67bd69,"*Hydromys chrysogaster*, Water Rat",John Gould,1863,1434,924,"animals,rats",ok
phascolomys-lasiorhinus-hairy-nosed-wombat__21266dd2.jpg,21266dd2-2057-45b4-b783-303e28865403,"*Phascolomys lasiorhinus*, Hairy-nosed Wombat",John Gould,1863,1434,935,"animals,wombats",ok
macropus-major-grey-kangaroo__377cd57a.jpg,377cd57a-daf2-44ab-b57c-ca6811d05d59,"*Macropus major*, Grey Kangaroo",John Gould,1863,925,1434,animals,ok
belideus-flaviventer-yellow-bellied-glider__3c36afdb.jpg,3c36afdb-a75e-4b1e-9662-0de6ec6a8433,"*Belideus flaviventer*, Yellow-bellied Glider",John Gould,1863,922,1434,animals,ok
osphranter-antilopinus-antilopine-kangaroo__55a8c3fb.jpg,55a8c3fb-64f6-4b51-9242-3930539b489b,"*Osphranter antilopinus*, Antilopine Kangaroo",John Gould,1863,1434,937,animals,ok
halmaturus-derbianus-tammar-wallaby__58f123d6.jpg,58f123d6-1d21-4743-ac1c-43e9694d15c9,"*Halmaturus derbianus*, Tammar Wallaby",John Gould,1863,1434,933,animals,ok
phascolomys-wombat-common-wombat__55175ce0.jpg,55175ce0-1803-40a7-bdee-93209b176fde,"*Phascolomys wombat*, Common Wombat",John Gould,1863,1434,918,"animals,wombats",ok
perameles-myosurus-western-barred-bandicoot__50410427.jpg,50410427-5938-42b2-8a42-a2a12f2f7a64,"*Perameles myosurus*, Western-barred Bandicoot",John Gould,1863,1434,925,animals,ok
mus-cervinipes-fawn-footed-mosaic-rat__60634a62.jpg,60634a62-a8ee-4c53-828a-59bc9da5deb8,"*Mus cervinipes*, Fawn-footed Mosaic Rat",John Gould,1863,1434,927,"animals,rats",ok
bettongia-graii-mainland-boodie-presumed-extinct__62058073.jpg,62058073-1d5d-4f0a-a7be-861cebc6c2dc,"*Bettongia graii*, Mainland Boodie (presumed extinct)",John Gould,1863,1434,923,animals,ok
petrogale-penicillata-brush-tailed-rock-wallaby__602dd123.jpg,602dd123-3e74-40ec-b311-6f67c4727a1a,"*Petrogale penicillata*, Brush-tailed Rock Wallaby",John Gould,1863,1434,931,"animals,wildlife",ok
peragalea-lagotis-macrotis__796dd7c3.jpg,796dd7c3-6cb0-4cc4-a409-2b0c82b5a26d,"*Peragalea lagotis*, Macrotis",John Gould,1863,1434,926,animals,ok
myrmecobius-fasciatus-numbat__739e2085.jpg,739e2085-d534-40a1-9b68-c76a8aed8c34,"*Myrmecobius fasciatus*, Numbat",John Gould,1863,1434,932,animals,ok
petaurista-taguano-des-flying-squirrel__7c0cddea.jpg,7c0cddea-541b-43e5-82dc-471b0ba82434,"*Petaurista taguanoïdes*, Flying Squirrel",John Gould,1863,918,1434,animals,ok
phalancista-fuliginosa__799c9175.jpg,799c9175-4fa6-4336-be4b-a86b52ce892d,*Phalancista fuliginosa*,John Gould,1863,1434,925,animals,ok
molossus-australis-white-striped-free-tailed-bat__80820efc.jpg,80820efc-a172-4bf6-af30-c7580845627d,"*Molossus australis*, White-striped Free-tailed Bat",John Gould,1863,912,1434,"animals,bats",ok
sarcophilus-ursinus-tasmanian-devil__860e1cca.jpg,860e1cca-7b4e-421f-858e-e56b8e6cf7c9,"*Sarcophilus ursinus*, Tasmanian Devil",John Gould,1863,1433,912,animals,ok
phascolarctos-cinereus-koala__93745786.jpg,93745786-b451-4eb5-9991-5f33d9f4e17c,"*Phascolarctos cinereus*, Koala",John Gould,1863,920,1434,animals,ok
echidna-setosa-the-bristly-echidna__93fb72fc.jpg,93fb72fc-f531-4627-87c5-7bf188faf093,"*Echidna setosa*, The Bristly Echidna",John Gould,1863,1433,933,animals,ok
pteropus-poliocephalus-fruit-bat__0ac83de4.jpg,0ac83de4-efba-42ee-a853-184c89dcf821,"*Pteropus poliocephalus*, Fruit Bat",John Gould,1863,912,1434,"animals,bats",ok
nyctophilus-timoriensis-long-eared-bat__b9260752.jpg,b9260752-cbbd-4b66-8c21-3f26b0029b2e,"*Nyctophilus timoriensis*, Long-eared Bat",John Gould,1863,912,1434,"animals,bats",ok
thylacinus-cynocephalus-thylacine-now-extinct__b0ed0ef2.jpg,b0ed0ef2-7de9-4d90-834e-099fa12d8e2f,"*Thylacinus cynocephalus*, Thylacine (now extinct)",John Gould,1863,1434,918,animals,ok
phascolarctos-cinereus-koalas__bb4c9e58.jpg,bb4c9e58-ef77-401f-885a-e919326dc296,"*Phascolarctos cinereus*, Koalas",John Gould,1863,916,1434,animals,ok
hapalotis-hirsutus-black-footed-tree-rat__c2bf8776.jpg,c2bf8776-6093-4875-afd5-6381189f530d,"*Hapalotis? hirsutus*, Black-footed Tree Rat",John Gould,1863,1434,944,"animals,rats",ok
petrogale-xanthopus-yellow-footed-rock-wallaby__c858c072.jpg,c858c072-2dc8-4f2a-9614-135f73d7f53b,"*Petrogale xanthopus*, Yellow-footed Rock Wallaby",John Gould,1863,929,1434,animals,ok
canis-dingo-dingo__daa4b019.jpg,daa4b019-997d-49d1-bcb5-3df9092084fd,"*Canis dingo*, Dingo",John Gould,1863,1434,912,animals,ok
dasyurus-viverrinus-eastern-quoll__d51e3bd5.jpg,d51e3bd5-a9f0-469f-b39c-f1edcf660523,"*Dasyurus viverrinus*, Eastern Quoll",John Gould,1863,1433,912,animals,ok
ornithorhynchus-anatinus-platypus__ea69dec4.jpg,ea69dec4-6c2b-4ffe-ac60-2c22ba0a56e6,"*Ornithorhynchus anatinus*, Platypus",John Gould,1863,1434,928,animals,ok
lagorchestes-fasciatus-banded-hare-wallaby__fcaf176a.jpg,fcaf176a-c95e-405e-9672-89d90b5b5c0a,"*Lagorchestes fasciatus*, Banded Hare-Wallaby",John Gould,1863,1434,921,animals,ok
stenorhynchus-leptonyx-sea-leopard-seal__f40b74c0.jpg,f40b74c0-0285-4c62-b835-3e6924ba2aa0,"*Stenorhynchus leptonyx*, Sea-leopard Seal",John Gould,1863,1434,918,animals,ok
phascolomys-latifrons-southern-hairy-nosed-wombat__f75dcb74.jpg,f75dcb74-f629-421a-b471-7d9b3a0340de,"*Phascolomys latifrons*, Southern Hairy-nosed Wombat",John Gould,1863,918,1434,"animals,wombats",ok
the-tree-fell-with-a-crash-into-the-gulf__6f3e9ed2.jpg,6f3e9ed2-de79-4621-9d2f-1f014abfa37e,"""The Tree Fell With a Crash Into the Gulf""",W. W. Denslow,1900,918,1200,"animals,tigers",ok
the-sentient-beings-according-to-the-burmese__f981c0db.jpg,f981c0db-b329-458c-9ee4-9a33ec25d89d,The Sentient Beings According to the Burmese,Anonymous,1906,1200,935,animals,ok
map-of-europe-for-1870__7fe2da53.jpg,7fe2da53-312e-4599-9ea7-405773976e2b,Map of Europe for 1870,Paul Hadol,1870,1200,781,animals,ok
the-lizard-swan-lyre-fox-and-anser__703a08d3.jpg,703a08d3-0a03-4efd-895a-5a8ddc833ed8,"The Lizard, Swan, Lyre, Fox and Anser",Sidney Hall,1824-5,1200,833,animals,ok
the-great-dog-hare-dove-noachi-and-sculptor__a2816eee.jpg,a2816eee-7809-4727-b1b8-03cbb31fa699,"The Great Dog, Hare, Dove, Noachi, and Sculptor",Sidney Hall,1824-25,1200,828,"animals,dogs,rabbits",ok
the-owl-crow-cup-sextant-hydra-cat__c7828e53.jpg,c7828e53-0d8a-48b2-9113-8f9c7fcd9efb,"The Owl, Crow, Cup, Sextant, Hydra, Cat",Sidney Hall,1824-5,1200,832,animals,ok
prophecies-of-apocalypse__3c6eec11.jpg,3c6eec11-9ae0-4d80-b672-ec7069b665af,Prophecies of apocalypse,,ca. 1827–61,1200,865,animals,ok
prophecies-of-apocalypse__3c3ed78a.jpg,3c3ed78a-bc83-4c05-91f1-d1cbeacb4260,Prophecies of apocalypse,,ca. 1827–61,1200,878,animals,ok
prophecies-of-apocalypse__b5fa5338.jpg,b5fa5338-6fdf-4910-9f32-4afca9372a85,Prophecies of apocalypse,,ca. 1827–61,1200,875,animals,ok
prophecies-of-apocalypse__f2ebcee6.jpg,f2ebcee6-4cdc-4031-a5c7-c45491b53d6b,Prophecies of apocalypse,,ca. 1827–61,1200,872,animals,ok
untitled__1efc2e30.jpg,1efc2e30-7f19-4e52-a8cb-d6b06f70eb48,,Augustus Jansson,1903–7,587,799,"animals,lions",ok
untitled__44214dc5.jpg,44214dc5-14b6-42e0-a1aa-50a4e9b52499,,Augustus Jansson,1903–7,583,799,animals,ok
untitled__432eab0a.jpg,432eab0a-9b3c-4b6b-929b-025d7d224789,,Augustus Jansson,1903–7,577,800,animals,ok
untitled__5e24feb5.jpg,5e24feb5-d166-4e8f-bce8-a24c8d7d81da,,Augustus Jansson,1903–7,577,800,animals,ok
untitled__8c593d5d.jpg,8c593d5d-2f93-4ac5-ab34-9b508402cf99,,Augustus Jansson,1903–7,579,800,animals,ok
untitled__892bbc20.jpg,892bbc20-7d57-4d06-b903-3718639ac6d8,,Augustus Jansson,1903–7,577,800,"animals,horses",ok
untitled__a07ed26f.jpg,a07ed26f-0a3e-4375-95f9-aa38b305e87c,,Augustus Jansson,1903–7,583,799,animals,ok
untitled__bd8fbad1.jpg,bd8fbad1-309b-439f-887f-22038e1129ff,,Augustus Jansson,1903–7,580,800,"animals,elephants",ok
untitled__ca934a50.jpg,ca934a50-9aa4-4125-b09d-527c53f71b24,,Augustus Jansson,1903–7,583,799,"animals,tigers",ok
untitled__dfc8cb9d.jpg,dfc8cb9d-d73f-49de-a795-e944c2db92d7,,Augustus Jansson,1903–7,577,800,"animals,bears",ok
untitled__d6bc0da8.jpg,d6bc0da8-b803-4e5e-957a-35c56d7292e5,,Augustus Jansson,1903–7,587,799,animals,ok
ole-worm-s-cabinet-of-curiosities__71cd4c17.jpg,71cd4c17-e8e3-471e-b6fb-03b24b2ba864,Ole Worm's Cabinet of Curiosities,,1655,1024,917,animals,ok
symbols-of-saints-matthew-and-mark-with-ornamental-page-7th-__a96a627b.jpg,a96a627b-bb19-421c-9be7-ae43c43f5b29,Symbols of Saints Matthew and Mark with Ornamental Page (7th century),John O. Westwood,1868,1200,683,animals,ok
symbols-of-saints-luke-and-john-with-ornamental-page-7th-cen__e12d5fde.jpg,e12d5fde-ae21-44f9-9d51-440cbdb5227d,Symbols of Saints Luke and John with Ornamental Page (7th century),John O. Westwood,1868,1200,683,"animals,birds",ok
commencement-of-the-psalms-with-the-exploits-of-david-about-__f37ae19b.jpg,f37ae19b-5f3b-42eb-bc0f-a3307d0c48b0,"Commencement of the Psalms, with the Exploits of David (About AD 1000)",John O. Westwood,1868,800,914,animals,ok
a-rice-mortar-pounder-bee-and-egg-join-the-crabs-in-their-co__e24184a4.jpg,e24184a4-e8c8-4744-a182-33f9470a0033,"A Rice-Mortar, Pounder, Bee, and Egg Join the Crabs in Their Council of War",,1911,763,800,animals,ok
the-unicorn-defends-himself__110d452f.jpg,110d452f-4477-4316-9bc2-1d004cffb5ca,The Unicorn Defends Himself,,1495–1505,1024,960,"animals,dogs,horses",ok
the-unicorn-purifies-water__641e6895.jpg,641e6895-11ba-4543-8001-7c3484c0bf6a,The Unicorn Purifies Water,,1495–1505,1024,998,animals,ok
the-hunters-return-to-the-castle__78bd2b5e.jpg,78bd2b5e-9999-401d-803c-9da044aee6ed,The Hunters Return to the Castle,,1495–1505,1024,981,"animals,dogs,horses",ok
common-wasps__10e6b5c4.jpg,10e6b5c4-94b0-4fd2-afa1-f980dd4e3022,Common Wasps,E. J. Detmold,1921,675,800,"animals,insects,wildlife",ok
the-spanish-copris__4e0d8797.jpg,4e0d8797-281d-4a29-b676-8c5de41e07cd,The Spanish Copris,E. J. Detmold,1921,792,800,"animals,beetles,insects",ok
the-sisyphus__6221ec6d.jpg,6221ec6d-bf8a-43e5-a8e8-63601b4a0f72,The Sisyphus,E. J. Detmold,1921,755,800,"animals,entomology,insects",ok
the-cicada__73487ca3.jpg,73487ca3-0669-499f-9757-54e838a42028,The Cicada,E. J. Detmold,1921,604,799,"animals,insects,wildlife",ok
the-white-faced-decticus__85319a51.jpg,85319a51-64d8-443e-b4b2-6f51f6d41835,The White-Faced Decticus,E. J. Detmold,1921,1024,780,"animals,fauna,insects",ok
the-anthrax-fly__806ff165.jpg,806ff165-88cf-4444-89e3-8b2264681fb6,The Anthrax Fly,E. J. Detmold,1921,659,800,"animals,insects,wildlife",ok
pelopaeus-sprifex__958bbc2e.jpg,958bbc2e-cd18-49e7-b829-ee02e1a7db73,Pelopaeus Sprifex,E. J. Detmold,1921,732,800,"animals,insects",ok
the-sacred-beetle__9fb93d68.jpg,9fb93d68-d13c-4a32-8083-c809902d57da,The Sacred Beetle,E. J. Detmold,1921,738,800,"animals,beetles,fauna,insects",ok
the-praying-mantis__09005bb5.jpg,09005bb5-1228-42a4-969d-8866289d6c4e,The Praying Mantis,E. J. Detmold,1921,693,799,"animals,insects,wildlife",ok
the-field-cricket__b89542db.jpg,b89542db-ab6f-4966-9ae6-b166c82602ac,The Field Cricket,E. J. Detmold,1921,660,800,"animals,fauna,insects",ok
italian-locusts__e3a7e68e.jpg,e3a7e68e-aaa5-42a7-b6a9-3c76c016788e,Italian Locusts,E. J. Detmold,1921,635,800,"animals,insects,wildlife",ok
penguins-on-a-sea-worn-iceberg-resembling-a-whale__814d3fcf.jpg,814d3fcf-57e0-4b1e-b3b8-b56a4f37bceb,Penguins on a Sea-Worn Iceberg Resembling a Whale,Frederick Albert Cook,1900,800,589,"animals,wildlife",ok
penguin-tracks__ceab17b0.jpg,ceab17b0-32c0-498a-847b-7d9f71d73531,Penguin Tracks,Frederick Albert Cook,1900,638,800,animals,ok
operateur-cephalique__d526ff08.jpg,d526ff08-72e3-4ebf-a858-ffc50becbd56,Operateur Cephalique,Campion,1663,1024,774,animals,ok
a-monumental-portrait-of-a-monkey__8e67a215.jpg,8e67a215-b8bb-4f4a-84d2-fc9ea92e0993,A Monumental Portrait of a Monkey,"""Stipple Master""",ca. 1705,900,748,"animals,fauna,monkeys",ok
dog-s-head__607a5880.jpg,607a5880-6ea4-4770-9707-1fcd66319fa9,Dog's Head,Julie de Graag,1920,800,862,"animals,dogs",ok
green-lizard__7c2b1cf8.jpg,7c2b1cf8-e206-4811-9646-0c0cc74ca446,Green Lizard,Josef Maria Eder and Eduard Valenta,1896,1200,778,"animals,fauna,lizards,wildlife",ok
a-sloth__ae848be4.jpg,ae848be4-072c-4505-b591-b5a18e1a61d2,A Sloth,Joris Hoefnagel,ca. 1595,501,768,animals,ok
the-constellations__5dc62cd3.jpg,5dc62cd3-32c1-4c9e-9d25-c2c8aa839349,The Constellations,Elijah Hinsdale Burritt,1856,1128,1200,animals,ok
guide-for-constructing-the-letters-h-and-i__0cfeb726.jpg,0cfeb726-6355-4476-9289-76f5df312f29,Guide for Constructing the Letters h and i,Joris Hoefnagel,ca. 1595,827,1200,animals,ok
the-tyger__a7a0a5fc.jpg,a7a0a5fc-c890-45e2-96f3-78d9bc868e29,The Tyger,William Blake,ca. 1825,797,1200,"animals,tigers",ok
louis-renard-s-fish-plate-xiii__c57684b9.jpg,c57684b9-da32-43fb-8cf2-6aabf0607d3b,"Louis Renard's Fish, Plate XIII",Louis Renard (after Samuel Fallours),1754,864,1200,"animals,fauna,fish",ok
loter-a-game__0d474e8f.jpeg,0d474e8f-c338-413f-a77c-ff72f87fea1b,Lotería Game,José Guadalupe Posada,ca. 1910,1280,836,animals,ok
game-of-goose__8df1ad55.jpeg,8df1ad55-c8e0-433c-ba0b-1b94cd7f1623,Game of Goose,José Guadalupe Posada,ca. 1900,1280,980,animals,ok
american-flamingo__8cffccfc.jpg,8cffccfc-cf88-4b48-8d6d-cf2aad610415,American Flamingo,John James Audubon,1827,701,1023,"animals,birds,wildlife",ok
cover-for-em-mr-sweet-potatoes-and-other-stories-em__47ac9ebb.jpg,47ac9ebb-e4dd-465c-95e1-982d0a9b474e,Cover for <em>Mr. Sweet Potatoes and Other Stories</em>,,1899,429,680,animals,ok
hunting-near-hartenfels-castle__880f374d.jpg,880f374d-85d3-42d5-b962-b69ac7321446,Hunting near Hartenfels Castle,Lucas Cranach,1540,1122,770,animals,ok
helmet-mask__b686abbe.jpg,b686abbe-90df-4ebc-aeb3-b20dd934ac57,Helmet Mask,,late 1800s–early 1900s,711,1024,animals,ok
arithmetic-characters__4cf022eb.jpg,4cf022eb-7b61-4536-822d-ae192836eb54,Arithmetic characters,Robert Fludd,1617,603,1024,animals,ok
buy-from-us-with-a-golden-curl__7fea8aa8.jpg,7fea8aa8-0a23-4f27-bf74-46a0cd401563,“Buy From Us With a Golden Curl”,Dante Gabriel Rossetti,1862,876,1050,"animals,wombats",ok
the-entry-of-the-animals-into-noah-s-ark-detail__63583671.jpg,63583671-58ab-4503-b294-105e22d38eac,The Entry of the Animals into Noah's Ark (Detail),Jan Brueghel the Elder,1613,1024,929,"animals,birds,elephants",ok
noah-s-ark-detail__8dd6a3f3.jpg,8dd6a3f3-9460-4202-b434-e8d3be27f97a,Noah's Ark (Detail),Roelant Savery,1628,989,1024,"animals,birds,elephants",ok
adam-and-eve__b9dabcf2.jpg,b9dabcf2-a934-44fd-811c-480cc33a092f,Adam and Eve,Albrecht Dürer,1504,799,1023,"animals,elephants",ok
frogs-in-belly-and-back-position__3128e3e9.jpg,3128e3e9-b018-4a63-a7d7-7a6656a41bb7,Frogs in belly and back position,Eduard Valenta; Josef Maria Eder,1896,897,1200,"amphibians,animals,frogs",ok
untitled__5e3e735e.jpg,5e3e735e-e7ac-4b2c-b72a-469f7fc2d896,,Eduard Valenta; Josef Maria Eder,1896,1016,633,"animals,lizards,vertebrates",ok
experiments-with-x-rays__51a46f9c.jpg,51a46f9c-dd02-4f6d-a2ae-ac089ec75aa2,Experiments with X-rays,Eduard Valenta; Josef Maria Eder,1896,800,1016,animals,ok
green-lizard__5d2ec756.jpg,5d2ec756-43ab-43a1-950f-9d1483068bb1,Green Lizard,Eduard Valenta; Josef Maria Eder,1896,1200,778,"amphibians,animals,fauna,lizards,wildlife",ok
newborn-rabbit__6e800069.jpg,6e800069-8437-458a-84f2-fe74a713604b,Newborn Rabbit,Eduard Valenta; Josef Maria Eder,1896,1200,746,"animals,rabbits",ok
hand-of-an-8-year-old-girl__6730158c.jpg,6730158c-e377-476d-bccd-b8603de92e7e,Hand of an 8-year-old girl,Eduard Valenta; Josef Maria Eder,1896,600,1195,animals,ok
aesculapian-snake__6bccf45f.jpg,6bccf45f-787d-488c-a37a-db49d858add9,Aesculapian snake,Eduard Valenta; Josef Maria Eder,1896,984,1200,"animals,fauna,snakes,vertebrates",ok
two-goldfish-and-a-seafish-christiceps-argentatus__7d330276.jpg,7d330276-c0a2-495f-8b05-b302e01d76ae,Two Goldfish and a Seafish (Christiceps argentatus),Eduard Valenta; Josef Maria Eder,1896,1200,922,"animals,fish,goldfish",ok
cameos-in-gold-setting__82ac44ca.jpg,82ac44ca-ccea-4f7c-95cb-35a87457801d,Cameos in gold setting,Eduard Valenta; Josef Maria Eder,1896,1200,938,animals,ok
horned-shark-black-surgeonfish__823b215b.jpg,823b215b-5958-448a-8c09-94b12d499c40,Horned shark / Black surgeonfish,Eduard Valenta; Josef Maria Eder,1896,800,980,"animals,fish",ok
foot-of-a-17-year-old-youth__8cc8e7ac.jpg,8cc8e7ac-36ed-4249-b4f8-1c7a77f519a8,Foot of a 17-year-old youth,Eduard Valenta; Josef Maria Eder,1896,600,759,animals,ok
rat__a7d25f56.jpg,a7d25f56-5b5b-4016-aff1-74a7a1d1ab49,Rat,Eduard Valenta; Josef Maria Eder,1896,1200,732,"animals,lizards",ok
sole-fish-pleuronectes-solea__d967e994.jpg,d967e994-49ac-4702-8cbc-3f22f70fde93,Sole fish (Pleuronectes solea),Eduard Valenta; Josef Maria Eder,1896,1200,649,"animals,fish",ok
a-promenade-through-the-sky__eab4c6f3.jpg,eab4c6f3-58d2-4e42-9390-db3ba4a89b17,A Promenade Through the Sky,J. J. Grandville,1847,683,1023,animals,ok
barrier-reef-fishes__b5dd9ca9.jpg,b5dd9ca9-95ac-4f7d-8f27-94a854e9a9cb,Barrier Reef Fishes,William Saville-Kent,1893,800,593,"animals,fish,marine",ok
the-burning-of-the-steamer-royal-tar-on-board-of-which-was-a__3eba831a.jpg,3eba831a-eac6-4105-8afc-8fc1396df92f,"The Burning of the Steamer Royal Tar, on Board of Which was a Valuable Menagerie of Wild Beasts",Charles Ellms,1841,1024,599,animals,ok
the-triumphal-arch-of-emperor-maximilian-i-detail__aeeef3c5.jpg,aeeef3c5-4451-4110-8359-21a4f5618b11,The Triumphal Arch of Emperor Maximilian I (Detail),Albrecht Dürer,1515,1024,808,"animals,cats",ok
diagram-of-the-zodiac__ab211401.jpg,ab211401-99bc-4bb9-8035-4a92766e1cef,Diagram of the Zodiac,,late 12th century,851,856,animals,ok
fore-edge-for-a-copy-of-the-holy-bible__6d74aae7.jpg,6d74aae7-9bf7-4b17-a65f-78b80418c886,Fore-edge for a copy of *The Holy Bible*,,1795,1023,388,"animals,deer",ok
fore-edge-for-a-copy-of-letters-of-lady-rachel-russell-and-t__7a26054b.jpg,7a26054b-8404-41dc-bfb9-ffc62290e76a,Fore-edge for a copy of *Letters of Lady Rachel Russell ... and the Trial of Lord William Russell for High Treason*,,1801,1023,330,animals,ok
detail-from-an-intarsia-piece-by-fra-damiano-da-bergamo__c94d16ed.jpg,c94d16ed-df39-4d02-953d-f5e66b01f6a4,Detail from an intarsia piece by Fra Damiano da Bergamo,Fra Damiano da Bergamo,early 16th century,835,960,animals,ok
eight-shadow-figures__cbef4d7d.jpg,cbef4d7d-8dcf-435b-b9f4-4d1566bad9ac,Eight Shadow Figures,Utagawa Hiroshige,ca. 1842,814,1200,animals,ok
untitled__457d2390.jpg,457d2390-e5e9-4456-8821-b73ad8f97c4c,,Joseph Drayton; Alfred Agate,ca. 1838–42,702,1024,"animals,balloonfish,fish,pufferfish,zoology",ok
untitled__88b62000.jpg,88b62000-b3dc-47d1-b6ef-bafb87c10810,,Joseph Drayton; Alfred Agate,ca. 1838–42,1024,711,"animals,balloonfish,fish,marine,pufferfish,wildlife",ok
untitled__0169de2b.jpg,0169de2b-94d7-499e-a0ad-db80a7bc5973,,Joseph Drayton; Alfred Agate,ca. 1838–42,1024,550,"animals,balloonfish,fish,marine,pufferfish,wildlife",ok
untitled__b514ee22.jpg,b514ee22-5fdd-4495-b263-eb5d0b271be2,,Joseph Drayton; Alfred Agate,ca. 1838–42,1024,699,"animals,balloonfish,fish,marine,pufferfish",ok
untitled__c10a3f7b.jpg,c10a3f7b-74f8-4b3e-aca1-5fbe0943d743,,Joseph Drayton; Alfred Agate,ca. 1838–42,1024,648,"animals,balloonfish,fish,marine,pufferfish,wildlife,zoology",ok
polar-bear__8afbe5e5.jpg,8afbe5e5-8896-46cc-b13d-73b21588ee52,Polar Bear,N. Maréchal; S. C. Miger,ca. 1808,864,649,"animals,bears,wildlife",ok
painted-clay-pots-that-were-used-in-bacchanalian-sacrifices__195d87fb.jpg,195d87fb-afcb-41be-ad84-519793dc4885,Painted clay pots that were used in bacchanalian sacrifices.,Filippo Palizzi,1778,1000,665,"animals,deer,pigs,sheep",ok
carved-agate-corniola-depicting-prometheus-as-a-sculptor-fas__b4569e7d.jpg,b4569e7d-ae0e-4f06-b7d0-d09a9329780c,"Carved Agate Corniola depicting Prometheus as a sculptor, fashioning the human form from clay.",Filippo Palizzi,1778,1000,704,"animals,horses",ok
painted-clay-pots-that-were-used-in-bacchanalian-sacrifices__e472ab91.jpg,e472ab91-902e-46ee-9561-c417e8763d6e,Painted clay pots that were used in bacchanalian sacrifices.,Filippo Palizzi,1778,1000,681,"animals,horses",ok
yvette-borup-andrews-photographer-of-the-expedition__612e2946.jpg,612e2946-ab2f-4ea6-a389-ffa52503920b,"Yvette Borup Andrews, Photographer of the Expedition",,1921,1024,772,animals,ok
we-re-feeling-quite-empty__2bf419e7.jpg,2bf419e7-b5a5-4a04-8b38-b6653df1cf59,We're Feeling Quite Empty,Eulalie Osgood Grover,,1000,725,"animals,cats",ok
the-hero__3c95e175.jpg,3c95e175-0a50-46e7-8d2a-ee0fb1265123,The Hero,Eulalie Osgood Grover,,680,963,"animals,cats",ok
i-know-a-secret__54cf4cf9.jpg,54cf4cf9-ba79-48cf-9255-74160765c597,I Know a Secret,Eulalie Osgood Grover,,680,964,"animals,cats",ok
it-is-my-party__5e255c86.jpg,5e255c86-a77f-4425-b1ef-d1a416f82fec,It Is My Party,Eulalie Osgood Grover,,680,956,"animals,cats",ok
i-am-the-queen__627c70ef.jpg,627c70ef-a231-4d82-a91a-4067ac37bffc,I Am the Queen,Eulalie Osgood Grover,,680,966,"animals,cats",ok
in-my-automobile__8af27d59.jpg,8af27d59-e65e-490c-890c-739f6022e5a5,In My Automobile,Eulalie Osgood Grover,,680,966,"animals,cats",ok
i-have-a-sick-head__89364a96.jpg,89364a96-a3ec-426f-9b2b-6806a9020a8a,I Have a Sick Head,Eulalie Osgood Grover,,680,958,"animals,cats",ok
the-mouse-trap__076153b8.jpg,076153b8-231d-45c5-a646-238f713c1714,The Mouse Trap,Eulalie Osgood Grover,,680,960,"animals,cats",ok
a-hungry-cat__ad16e241.jpg,ad16e241-2dc3-450d-97a2-c308ffda7c7e,A Hungry Cat,Eulalie Osgood Grover,,1000,723,"animals,cats",ok
my-pussy-s-in-the-well__a2039f54.jpg,a2039f54-87de-43fb-96f1-86dc49efdce8,My Pussy's in the Well,Eulalie Osgood Grover,,680,967,"animals,cats",ok
hey-diddle-diddle__b8ca25cd.jpg,b8ca25cd-2681-42c7-9118-885b428a4df7,"Hey! Diddle, Diddle",Eulalie Osgood Grover,,680,964,"animals,cats",ok
yes-i-am-a-dunce__dd36f52c.jpg,dd36f52c-1ca9-4d99-bd0b-57643a1661df,"Yes, I Am a Dunce",Eulalie Osgood Grover,,680,956,"animals,cats",ok
ding-dong-bell__fe9e9229.jpg,fe9e9229-bfed-4883-8601-5badf7f77d18,"Ding, Dong, Bell",Eulalie Osgood Grover,,680,960,"animals,cats",ok
foolishness-of-the-little-bulls__e4025d79.jpg,e4025d79-85e7-4b31-bf1c-089d9a99d588,Foolishness of the Little Bulls,Francisco de Goya,1815-1820,1000,698,animals,ok
bael__495a8d73.jpg,495a8d73-d9ea-4b2f-8d47-8f5e1039f8d7,Bael,Louis le Breton,1863,761,800,"animals,birds,dogs",ok
untitled__11cf5a7e.jpg,11cf5a7e-0f48-4323-a5eb-5e39227b2412,,,1847,1548,740,"animals,birds,cats,wildlife",ok
untitled__3a85a52d.jpg,3a85a52d-7aca-430b-a29a-d930733a6071,,,1847,630,709,"animals,lions,wildlife",ok
untitled__5d8923dd.jpg,5d8923dd-2e08-4fa4-9426-7154d7566d4d,,,1847,631,612,"animals,monkeys",ok
untitled__6cfd3411.jpg,6cfd3411-0b83-485c-9a05-1435e9b88bea,,,1847,1024,479,"animals,fauna,monkeys",ok
untitled__671c0f8c.jpg,671c0f8c-6a31-4b58-b9a3-9b7d21501107,,,1847,626,550,"animals,bears,fauna,monkeys",ok
untitled__685e5c7a.jpg,685e5c7a-a5dd-4146-aaae-862bbc74c094,,,1847,626,445,"animals,fauna",ok
untitled__6bc9e5cb.jpg,6bc9e5cb-86b5-4124-93a1-8a2b63f7df48,,,1847,627,561,"animals,snakes",ok
untitled__7e249b11.jpg,7e249b11-52d7-42c3-b502-9ee7096517db,,,1847,645,831,"animals,birds,fauna",ok
untitled__7f889d6a.jpg,7f889d6a-e511-4c6f-869e-430f3ea01150,,,1847,625,401,animals,ok
untitled__7fba3093.jpg,7fba3093-842a-479d-8ab6-a535dbda66d7,,,1847,642,782,"animals,cats",ok
untitled__76364279.jpg,76364279-8129-4931-bc3b-616babcd551f,,,1847,642,670,"animals,lions,rabbits",ok
untitled__875536f8.jpg,875536f8-ef07-4166-bfe0-33a88088bd80,,,1847,1525,836,"animals,birds,cats",ok
untitled__0e12d58a.jpg,0e12d58a-2d4d-45d2-8ea8-8714b561d2f1,,,1847,1119,710,animals,ok
untitled__adc717d4.jpg,adc717d4-b7c2-4ec0-bfe5-5ea918cbdaa4,,,1847,634,604,"animals,birds,ducks",ok
untitled__add09bc7.jpg,add09bc7-52c1-4182-a4a6-2f38e60576df,,,1847,1558,976,"animals,birds,dogs",ok
untitled__a34438fa.jpg,a34438fa-4cec-4ade-9b03-d3b80a3c3be2,,,1847,623,600,"animals,birds,cats",ok
untitled__bbaa9c12.jpg,bbaa9c12-f2ec-4587-8c1f-67f1769905ba,,,1847,1085,746,"animals,ducks,wildlife",ok
untitled__b96c0e30.jpg,b96c0e30-542f-4951-aa75-16c266ef83f0,,,1847,637,660,animals,ok
untitled__b8bda4de.jpg,b8bda4de-5dd0-4a3d-95e8-eeb7c0859567,,,1847,630,465,"animals,monkeys",ok
untitled__bc877e59.jpg,bc877e59-33fd-4caa-8211-6991453429af,,,1847,1538,825,"animals,birds,fauna,wildlife",ok
untitled__c98477be.jpg,c98477be-8cd0-42be-b740-d3565174ad48,,,1847,641,727,animals,ok
untitled__c8c77123.jpg,c8c77123-da64-42ae-b125-1320d543d121,,,1847,630,558,animals,ok
untitled__cc558a5c.jpg,cc558a5c-825d-48ca-8eff-da1ce5937b96,,,1847,639,616,"animals,birds",ok
untitled__df4d46cf.jpg,df4d46cf-d915-4058-88b1-e33ec36feb17,,,1847,631,466,animals,ok
untitled__db286abd.jpg,db286abd-3da8-41c9-a9ee-bf7fd2a6cf93,,,1847,643,917,"animals,horses,wildlife",ok
untitled__f6952992.jpg,f6952992-8e1d-4da4-a28a-58de249d6db6,,,1847,616,481,"animals,birds,fauna",ok
untitled__f11127f9.jpg,f11127f9-d2c9-48ac-8c38-84397136b02e,,,1847,703,1344,animals,ok
arthur-s-awkward-white-elephant__3716d378.jpg,3716d378-ccb3-4250-893d-b36cc7de09d2,Arthur's Awkward “White Elephant”,Bernhard Gillam,1882,678,953,"animals,elephants",ok
white-elephant__85d946b2.jpg,85d946b2-4fd0-47f9-a862-c5f705d802bb,White Elephant,,1849,760,722,"animals,elephants",ok
representation-of-the-inner-state-of-a-sinner-who-repents-an__3830dbd8.jpg,3830dbd8-f252-4387-9710-99010370d4df,"Representation of the Inner State of a Sinner, Who Repents and Begins to Fly From Sin",Johannes Gossner,1851,690,1024,animals,ok
representation-of-a-person-s-inward-state-who-being-reconcil__50212b4f.jpg,50212b4f-8112-4fab-b621-c23ec7816f74,"Representation of a Person's Inward State, Who Being Reconciled With God, Will Know Nothing More Than the Crucified Jesus.",Johannes Gossner,1851,667,1024,animals,ok
the-inner-condition-of-a-sinner-who-believes-in-christ-and-t__0e659897.jpg,0e659897-ce0f-413b-81ae-4cff148f679f,"The Inner Condition of a Sinner, Who Believes in Christ And the Gospel, and Is Filled With the Holy Ghost.",Johannes Gossner,1851,679,1024,animals,ok
the-heart-of-man-who-after-his-conversion-has-fallen-again-i__ae47597f.jpg,ae47597f-bc44-4c7f-9d7c-f429968b8234,"The Heart of Man Who After His Conversion Has Fallen Again Into Former Sins, And Is Now Entirely In the Power of Satan",Johannes Gossner,1851,682,1024,"animals,birds",ok
state-of-a-person-s-heart-whose-zeal-has-grown-cold-and-who-__a79d72ef.jpg,a79d72ef-cd33-4e64-80f0-640ccde54e91,"State of a Person's Heart, Whose Zeal Has Grown Cold, And Who Has Returned to the Love of the World.",Johannes Gossner,1851,678,1024,animals,ok
representation-of-the-inner-state-of-a-man-who-is-a-servant-__ead2fc1f.jpg,ead2fc1f-c68e-4eaf-985e-ed2f638e67c1,"Representation of the Inner State of a Man, Who Is a Servant of Sin, and Suffers the Devil to Reign Within Him.",Johannes Gossner,1851,684,1023,animals,ok
bear-blowing-a-horn__22c139fb.jpg,22c139fb-c445-4eb4-9641-94e8bb15f25e,Bear blowing a horn,,13th century,322,420,"animals,dogs",ok
chanticleer-the-cock-swinging-a-censer__2c8add3d.jpg,2c8add3d-a79a-4385-ba2b-536b3c7536c2,Chanticleer the Cock swinging a censer,,13th century,404,358,animals,ok
rabbit-tolling-church-bells__4043c239.jpg,4043c239-738f-401a-a984-a7adb28432e0,Rabbit tolling church bells,,13th century,579,492,"animals,rabbits",ok
goat-carrying-a-crucifix__4d870b03.jpg,4d870b03-4a48-489f-9c25-3f3bbefc2452,Goat carrying a crucifix,,13th century,371,490,"animals,goats",ok
ram-with-situla-sprinkling-holy-water-with-an-aspergillum__575ffd54.jpg,575ffd54-236b-4e89-80f8-52cc9d000fa3,"Ram, with situla, sprinkling holy water with an aspergillum",,13th century,535,499,"animals,sheep",ok
horse-playing-a-flute-and-drum__5a599078.jpg,5a599078-56ce-49a0-b375-e2453c64620c,Horse playing a flute and drum,,13th century,409,494,"animals,horses",ok
bull-blowing-a-horn__520d0d09.jpg,520d0d09-f0b7-4b3f-bfa4-c96a75292a28,Bull blowing a horn,,13th century,518,495,animals,ok
elephant-as-a-pilgrim__6a499813.jpg,6a499813-e1fc-4cb2-b841-3261d285ea7e,Elephant as a pilgrim,,13th century,455,490,"animals,elephants",ok
ysengrin-the-wolf-arch-enemy-of-reynard-as-a-bishop__7365eac2.jpg,7365eac2-b06a-4621-9cb7-0455eef13210,Ysengrin the Wolf (arch enemy of Reynard) as a bishop,,13th century,443,491,"animals,dogs",ok
ape-family-mocking-of-human-funerals__7c49884e.jpg,7c49884e-14e0-4910-b1fc-d73a1dc25fad,Ape family (mocking of human funerals?),,13th century,406,397,"animals,monkeys",ok
ass-playing-a-recorder-and-bell__7fa926d4.jpg,7fa926d4-b4c0-4001-844d-cfed00a3c806,Ass playing a recorder and bell,,13th century,481,493,animals,ok
cat-beating-a-cymbal__909cf14f.jpg,909cf14f-3f9c-4432-9e0a-f042c4267c03,Cat beating a cymbal,,13th century,411,488,"animals,cats",ok
dog-playing-bagpipes__959547f9.jpg,959547f9-20d5-4ee3-b578-ad538f100330,Dog playing bagpipes,,13th century,503,487,"animals,cats,dogs",ok
sheep-ringing-bells__9b519162.jpg,9b519162-4659-401c-bbb5-724b5ce38f1a,Sheep ringing bells,,13th century,472,506,"animals,sheep",ok
boar-digging-a-grave__a365c099.jpg,a365c099-d72d-4504-b163-fa384a0a1cab,Boar digging a grave,,13th century,440,313,"animals,bears",ok
brechimer-the-stag-and-tibert-the-cat-carrying-reynard-the-f__e7007f4d.jpg,e7007f4d-1ac5-437d-8500-4a6ea35b5c44,Brechimer the Stag and Tibert the Cat carrying Reynard the Fox's bier,,13th century,1001,502,"animals,cats,deer",ok
untitled__eea47d18.jpg,eea47d18-aa14-4442-8b0c-aa70ebb21465,,,ca. 1410,712,707,"animals,horses",ok
bois-de-boulogne__50a318e1.jpg,50a318e1-1bda-4f58-ae8e-dc6e925fd8b5,Bois De Boulogne,J. J. Grandville,1877,568,654,animals,ok
untitled__641e7451.jpg,641e7451-18b9-4713-bf3d-cb1ff16dbb9a,,J. J. Grandville,1877,596,717,animals,ok
untitled__0cb2894d.jpg,0cb2894d-9e45-407a-99cb-a7a60a9dd2f4,,J. J. Grandville,1877,596,813,animals,ok
untitled__d09bc0ea.jpg,d09bc0ea-c33a-41eb-a055-4f0bbae76e34,,J. J. Grandville,1877,551,796,"animals,lions",ok
untitled__e0c360b6.jpg,e0c360b6-48ef-42e4-b7eb-41b1caa0330b,,J. J. Grandville,1877,541,657,animals,ok
stuffed-sheep__8bef7642.jpg,8bef7642-88f5-440d-8997-2c181c9fa6af,Stuffed Sheep,Richard Kearton,1909,866,694,"animals,birds,sheep",ok
witches-feasting__5344e64c.jpg,5344e64c-bea2-410b-8e7a-59935564c6ea,Witches Feasting,,1720,799,711,animals,ok
pigs-spinning__a3fcb0a8.jpg,a3fcb0a8-085d-439f-8b2a-d62aed7bd9e1,Pigs spinning,,1674,700,932,animals,ok
untitled__20e83c7d.jpg,20e83c7d-555a-42d8-bf4a-3cd9aaea40cd,,,ca. 820,686,800,animals,ok
untitled__2df9ad10.jpg,2df9ad10-0f9a-4d52-b960-4319ddeaf695,,,ca. 820,667,800,"animals,rabbits",ok
untitled__53b838b5.jpg,53b838b5-41c9-440b-b062-4da5cc1bbd9f,,,ca. 820,800,752,animals,ok
untitled__67cdca0f.jpg,67cdca0f-4dd8-4c27-a883-3d8515ccec42,,,ca. 820,922,358,animals,ok
untitled__807cdbfb.jpg,807cdbfb-774a-4d4e-b5da-f6a98795130b,,,ca. 820,764,1024,animals,ok
untitled__8d6529ab.jpg,8d6529ab-657f-4290-9aee-d94c46940468,,,ca. 820,681,800,animals,ok
untitled__00d2f96b.jpg,00d2f96b-460d-4274-8e12-dbc90dcf1182,,,ca. 820,709,800,"animals,rabbits",ok
untitled__0dd34fee.jpg,0dd34fee-3fbc-4146-92ab-19296941964f,,,ca. 820,886,1024,animals,ok
untitled__b496e0bc.jpg,b496e0bc-3bb5-4da3-98b4-fc647009d641,,,ca. 820,800,798,"animals,eagles",ok
untitled__d738b552.jpg,d738b552-f277-4708-be97-49c6b0ae5a9a,,,ca. 820,800,783,"animals,fish",ok
untitled__da8f9e4c.jpg,da8f9e4c-b889-4978-850c-8a41cb26518d,,,ca. 820,647,799,"animals,dogs",ok
untitled__e1278180.jpg,e1278180-a82f-49b4-a81c-5552af853762,,,ca. 820,762,799,"animals,sheep",ok
otters-swimming__01c46f04.jpg,01c46f04-3137-4f93-af78-3819aa18b5a4,Otters Swimming,Seki Shūkō,ca. 1890–2,650,795,animals,ok
a-woman-who-gave-birth-to-three-children-and-four-animals__bfee1849.jpg,bfee1849-c8c7-4357-9f5e-aceba7d33ff9,A Woman Who Gave Birth To Three Children And Four Animals,José Guadalupe Posada,ca. 1900–10,1000,671,animals,ok
untitled__34aeeb5d.jpg,34aeeb5d-024b-433a-b9c0-fbfd5fd10013,,Théodore Marcile,1609,693,1268,animals,ok
jack-london-with-pig-six-days-before-he-died__c71753a0.jpg,c71753a0-8c40-4e41-b6fd-a5af3bb28f50,"[Jack London, With Pig, Six Days Before He Died]",Charmian London,1921,800,567,"animals,goats",ok
heroic-landscape-with-rainbow__444f343d.jpg,444f343d-9af6-4744-abe5-e1e37c5ed9b2,Heroic Landscape with Rainbow,Joseph Anton Koch,1824,712,800,animals,ok
untitled__e1dac150.jpg,e1dac150-7f0d-42fc-83bd-e012b3236201,,,ca. 1919,600,801,animals,ok
the-buraq-worshipped-by-two-princes__73b298ea.jpg,73b298ea-9e7d-4510-8eef-8a1309287236,The Buraq Worshipped by Two Princes,,19th century,1023,635,animals,ok
buraq__9f5416ef.jpg,9f5416ef-14c4-42cf-860f-f14536c7ff97,Buraq,,1717,636,432,animals,ok
the-travelled-monkey__46cbce8c.jpg,46cbce8c-44ef-41cc-9a90-38149e89a701,The Travelled Monkey,B. P. Gibbon; E. H. Landseer,ca. 1828,829,768,"animals,monkeys",ok
flea-ology__6a7d4cc3.jpg,6a7d4cc3-fcab-473c-aa91-aec6bc0066d3,Flea-ology,,ca. 1840,800,593,"animals,cats,monkeys",ok
em-aap-op-zijn-ziekbed-em-monkey-on-his-sickbed-leonard-sche__64f6e9fb.jpg,64f6e9fb-b38a-46f7-972e-1554d0588f5b,"<em>Aap op zijn ziekbed</em> [Monkey on his Sickbed], Leonard Schenk, 1720",,1720,800,657,"animals,monkeys",ok
the-sleeping-pedlar-robbed-by-monkeys__75f89eeb.jpg,75f89eeb-571f-4f85-b59f-33684ada449d,The Sleeping Pedlar Robbed by Monkeys,Bruegel the Elder; Pieter van der Heyden,1562,1024,750,"animals,monkeys",ok
quack__0fe49769.jpg,0fe49769-9313-4248-b1dd-ba8ef2afe363,Quack,Pieter van der Borcht the Elder,late 16th century,1200,804,"animals,monkeys",ok
monkey-wearing-human-clothes-with-fan__a2b0240a.jpg,a2b0240a-a942-47fb-83e3-c5a4f11ae07a,Monkey wearing human clothes with fan,,late 19th century,583,768,"animals,monkeys",ok
the-sleeping-pedlar-robbed-by-monkeys__a5ff6eae.jpg,a5ff6eae-ecdf-4180-ac21-b17557a4ed15,The Sleeping Pedlar Robbed by Monkeys,Bruegel the Elder; Pieter Feddes Harlingen,early 17th century,1000,781,"animals,apes,monkeys",ok
singerie-of-a-barbershop__de21d9be.jpg,de21d9be-27c4-4878-9e25-83345834f8f8,Singerie of a Barbershop,Pieter van der Borcht the Elder,16th century,700,1024,"animals,monkeys",ok
dobbins-electric-soap-seven-ages-of-man__dda48c95.jpg,dda48c95-4900-49a8-9e3c-94770b3629fa,Dobbins' Electric Soap: Seven Ages of Man,,1881,1024,867,animals,ok
comparative-embryological-plates__18ea246c.jpg,18ea246c-7904-42a3-9eab-ebd34f56200e,Comparative Embryological Plates,Ernst Haeckel,1910,800,709,animals,ok
untitled__5fae0e3e.jpg,5fae0e3e-46ec-4ddd-91d0-180cd5bc9d6c,,Cyprianus,,989,733,animals,ok
fig-9-represents-the-carving-of-a-pig-which-is-realistic-in-__59cc8062.jpg,59cc8062-cd38-47b3-b2cf-daf556ac9617,"Fig. 9 represents the carving of a pig, which is realistic in the results attained.",,1910,453,639,"animals,pigs",ok
olea-europaea__6e5865fe.jpg,6e5865fe-89ff-4eda-a86a-d5df60690c79,Olea europaea,Gherardo Cibo,,600,834,animals,ok
untitled__78798306.jpg,78798306-7626-4608-9538-ddf30aa0038f,,Charles DeKay,1898,639,589,"animals,birds",ok
whale-washed-up-on-the-shore-of-berckhey-near-scheveningen-i__34e09537.jpg,34e09537-cc8c-4ecc-9f48-95ba3db6b3f9,Whale Washed up on the Shore of Berckhey near Scheveningen in Holland in 1598,Hendrick Goltzius; Jacob Matham,1598,800,597,"animals,whales",ok
of-the-unicorn__3bdeb312.png,3bdeb312-c106-4412-94e8-cc8225a9bab3,Of the Unicorn,Edward Topsell,1658,645,500,animals,ok
of-the-badger__506e3186.png,506e3186-1f0c-438a-8dcb-249af62f2991,Of the Badger,Edward Topsell,1658,639,389,"animals,fauna,wildlife",ok
manticore__8b363634.jpg,8b363634-e202-46df-ae87-3d366b2d75b4,Manticore,,13th century,800,798,"animals,birds,lions",ok
the-quincunx-pattern-with-accompanying-latin-inscription__04cbe61a.jpg,04cbe61a-e838-4320-9324-b4444017039e,"The “quincunx” pattern, with accompanying Latin inscription.",Thomas Browne,1658,702,993,animals,ok
beatrice-explaining-to-dante-that-the-universe-is-a-hierarch__1ee31d66.jpg,1ee31d66-be1e-43d0-80f3-67c803ea06c2,Beatrice explaining to Dante that the universe is a hierarchy of being,,1444–1450,1024,518,animals,ok
man-surrounded-by-birds-and-various-creatures__da96dca5.jpg,da96dca5-a456-42bc-84a6-a7ea393026c5,Man Surrounded by Birds and Various Creatures,Cornelis Floris II; Hieronymus Cock; Johannes or Lucas van Doetecum,1557,800,1193,"animals,birds",ok
cabriolet__eff9b8d1.jpg,eff9b8d1-ab03-4ddd-95ec-54161783bba8,Cabriolet,Mary Browne,1821,800,604,"animals,horses",ok
copies-of-figures-on-the-face-of-the-fetiche-rock__1de168b2.jpg,1de168b2-f079-4155-8bf8-a502e1e92cd9,Copies of figures on the face of the Fetiche Rock,,1818,752,1024,animals,ok
ideal-english-rabbit__6b210f56.jpg,6b210f56-47fc-4425-9287-30d0571837a5,Ideal English Rabbit,,1915,944,558,"animals,rabbits",ok
english-rabbit__640b0483.jpg,640b0483-cdaf-44ef-8def-37b0790cbf18,English Rabbit,George A. Townsend,1915,800,568,"animals,rabbits",ok
basics-of-mongolian-astrology__9540c8b2.jpg,9540c8b2-6535-4074-abf5-eec759ff217c,Basics of Mongolian Astrology,,19th century,800,654,animals,ok
untitled__4be0dee3.jpg,4be0dee3-a1e1-41ed-9652-cf24c07e28c8,,Joris Hoefnagel; Georg Bocskay,ca. 1595,706,1024,animals,ok
glooskap-setting-his-dogs-on-the-witches__bb97e227.jpg,bb97e227-edb6-4b6a-8ba1-73778f38af45,Glooskap Setting His Dogs on the Witches,Charels G. Leland,1884,560,587,animals,ok
chimpanzee-disappointed-and-sulky__b18bb6bf.jpg,b18bb6bf-ea5e-4780-910b-c89f41734bee,Chimpanzee Disappointed and Sulky,T. Wood,1872,800,789,animals,ok
plants-sheep-and-a-dragon__604076aa.jpg,604076aa-231f-405d-8d79-cddadf05ab17,"Plants, sheep, and a dragon.",,ca.1440,570,836,animals,ok
a-lion-a-leopard-a-rabbit-and-an-elephant__db44d409.jpg,db44d409-fc66-4e3d-a2b2-011507b59be4,"A lion, a leopard, a rabbit, and an elephant.",,ca.1440,570,848,"animals,lions",ok
plants-a-turtle-a-man-and-another-animal__e7bb25d8.jpg,e7bb25d8-8262-4de3-a275-b2e2eee0bb72,"Plants, a turtle, a man, and another animal.",,ca.1440,570,868,animals,ok
untitled__736175f8.jpg,736175f8-e766-4e8d-ae12-86ebcf8a0ea4,,Issachar Ber Ryback,1922,950,712,"animals,birds",ok
hospice-for-the-incurable__78b1f5f1.jpg,78b1f5f1-2c20-4aae-a383-0bf075d47622,Hospice for the Incurable,,ca. 1764,786,550,animals,ok
untitled__b468f979.jpg,b468f979-dd91-43a7-8449-07344f3749cb,,,,190,250,"animals,horses",ok
untitled__32dff087.jpg,32dff087-03b2-4a28-a1c1-7621e6966f3d,,Frederick Whitney,1909,1151,1500,"animals,fish,rabbits",ok
title-page-illustration-for-mad-fashions-od-fashions-all-out__8020c6b9.jpg,8020c6b9-561a-4f01-89f1-ef9bec60d62c,"Title page illustration for *Mad Fashions, Od Fashions, All Out Fashions*",,1642,736,540,"animals,cats,fish,horses,rabbits",ok
a-sloth__118ae278.jpg,118ae278-e7a2-4ba7-af3c-d08a0d23845b,A Sloth,Joris Hoefnagel; Georg Bocskay,1591-96,552,800,animals,ok
landscape-with-orpheus__300e477d.jpg,300e477d-54d1-4123-a6b6-3fadcff126e0,Landscape with Orpheus,,ca. 1570,800,602,animals,ok
cats-a-mouse__9a6d7346.jpg,9a6d7346-a6f3-4922-9e5f-6f0f9f3f8493,"Cats, A Mouse",,ca. 1250–60,621,600,"animals,cats",ok
part-of-a-photographic-series-on-performing-animals-deposite__d65095fc.jpg,d65095fc-fad7-45bf-acf2-54ca7d9d5db7,"Part of a photographic series on performing animals, deposited by John A. Brown in 1920",,1920,800,531,"animals,horses",ok
the-wrestlers__fe53cf12.jpg,fe53cf12-2b69-4cf7-8a0c-baea29dc5de4,The Wrestlers’,,1905,800,594,"animals,bears",ok
untitled__757fa24e.png,757fa24e-6cee-449a-a1a6-3502c439aa95,,,1590,397,620,animals,ok
the-mole-or-want__1fb6b4a4.jpg,1fb6b4a4-28a6-4451-8010-183720816476,The Mole or Want,Edward Topsell,1658,599,342,"animals,wildlife",ok
satyre__20bf9787.jpg,20bf9787-a9f5-42c9-8cec-f1db4ca43b30,Satyre,Edward Topsell,1658,367,500,animals,ok
porcuspine-or-porcupine__4e2b5465.jpg,4e2b5465-478f-427f-974a-600ce73216ec,Porcuspine or Porcupine,Edward Topsell,1658,599,403,"animals,wildlife",ok
arabian-or-egyptian-land-crocodile__4ccc6826.jpg,4ccc6826-ef97-4c0f-8e49-303e534b1eab,Arabian or Egyptian Land Crocodile,Edward Topsell,1658,599,390,"animals,fauna,wildlife",ok
winged-dragon__44a84eb3.jpg,44a84eb3-7cf1-4c96-9933-8f71da89d304,Winged Dragon,Edward Topsell,1658,599,429,animals,ok
beaver__47616ee7.jpg,47616ee7-63b4-4caa-ae46-1e91ddfa70de,Beaver,Edward Topsell,1658,600,376,animals,ok
cepus-or-martime-monkey__53948f9f.jpg,53948f9f-9cca-4872-8747-402832ba7680,Cepus or Martime monkey,Edward Topsell,1658,370,500,animals,ok
lamia__5dd2c625.jpg,5dd2c625-ce43-497a-b42c-feea4c8b728e,Lamia,Edward Topsell,1658,575,500,"animals,lions",ok
squirrel__5ac9b651.jpg,5ac9b651-8d4b-415d-ab01-bf62662c4698,Squirrel,Edward Topsell,1658,599,348,"animals,fauna",ok
badger__693146e4.jpg,693146e4-bcd1-49f5-83b7-e6bd28f5a2a8,Badger,Edward Topsell,1658,599,368,"animals,fauna,wildlife",ok
aegopithecus__7ef39680.jpg,7ef39680-7b2f-4df5-883e-86d22dd2ca5c,Aegopithecus,Edward Topsell,1658,364,500,"animals,goats",ok
sagoin-called-galeopithecus__7105331a.jpg,7105331a-48c1-482b-8843-67636f9ffcbd,"Sagoin, called Galeopithecus",Edward Topsell,1658,598,336,animals,ok
cat__88b3fc9d.jpg,88b3fc9d-8bd0-41be-8de6-de3e691c6ee2,Cat,Edward Topsell,1658,310,500,"animals,cats",ok
a-wilde-beaste-in-the-new-found-world-called-su__8acb847a.jpg,8acb847a-99ad-4ebe-b920-ed96fc34c0e1,A Wilde Beaste in the New Found World Called SU,Edward Topsell,1658,514,500,animals,ok
another-monster__a4e3615c.jpg,a4e3615c-4094-40d3-b014-6d33524ad7e0,Another Monster,Edward Topsell,1658,599,491,animals,ok
man-ape__ba8d4fa2.jpg,ba8d4fa2-27da-435c-aea5-e069be9b2d06,Man Ape,Edward Topsell,1658,222,500,"animals,lions",ok
lion__b06b38e3.jpg,b06b38e3-294b-4043-a10f-7b807c1dc5fa,Lion,Edward Topsell,1658,598,369,"animals,fauna,lions,wildlife",ok
dormouse__b7730cc2.jpg,b7730cc2-1b2d-4bb8-a647-28473ccde229,Dormouse,Edward Topsell,1658,598,245,animals,ok
camelopardals__ce1e97de.jpg,ce1e97de-54ab-45bc-8086-52148a5b8c1a,Camelopardals,Edward Topsell,1658,554,500,animals,ok
mantichora__c2f19a26.jpg,c2f19a26-8ea9-4bd2-b20a-90f64320d436,Mantichora,Edward Topsell,1658,598,354,"animals,lions",ok
spinga-or-sphinx__d277ea9a.jpg,d277ea9a-c537-47bb-8aad-cb7042d427b9,Spinga or Sphinx,Edward Topsell,1658,397,500,animals,ok
boa__d3769b80.jpg,d3769b80-948f-4844-85ab-be60f19335ef,Boa,Edward Topsell,1658,599,383,animals,ok
bear-ape-arctopithecus__d5367168.jpg,d5367168-4e0a-484a-8717-2b326ef90a12,Bear Ape Arctopithecus,Edward Topsell,1658,599,411,animals,ok
hydra__d97c5e27.jpg,d97c5e27-b364-459b-b765-58d47f0fa2d0,Hydra,Edward Topsell,1658,597,461,animals,ok
bear__dc935197.jpg,dc935197-7a6d-44ee-9a8c-a7ee87fd8174,Bear,Edward Topsell,1658,599,412,"animals,bears",ok
ichneumon__ebf18de7.jpg,ebf18de7-f36e-4ccd-9a6b-f8323af2b239,Ichneumon,Edward Topsell,1658,599,286,"animals,fauna",ok
unicorn__e44cb425.jpg,e44cb425-b009-4952-99c5-cf5d12d95a78,Unicorn,Edward Topsell,1658,598,454,animals,ok
ape__e0137a8b.jpg,e0137a8b-8ea4-4cf2-ab2d-6b52bdf43aae,Ape,Edward Topsell,1658,373,500,"animals,apes,primates",ok
prasyan-apes__fefcbacc.jpg,fefcbacc-f8bf-417f-aa2c-ec928c62728e,Prasyan Apes,Edward Topsell,1658,355,500,"animals,monkeys",ok
scythian-wolf__f53152a9.jpg,f53152a9-d401-42d9-90b8-66aaf59d7204,Scythian Wolf,Edward Topsell,1658,512,500,"animals,lions",ok
the-ox-turned-butcher__469e8a05.jpg,469e8a05-1e7e-4e69-b80f-e8e9f89e924b,The ox turned butcher,,18th century,765,522,animals,ok
the-duel-of-the-palfries__55f10087.jpg,55f10087-ea44-4c0e-951f-324fe076a977,The duel of the palfries,,18th century,752,524,animals,ok
the-reward-of-roguery-or-the-roasted-cook__e772529d.jpg,e772529d-fd9c-46a3-9493-2ae12406e6c1,The reward of roguery - or the roasted cook,,18th century,752,520,"animals,rabbits",ok
untitled__39e92fe3.jpg,39e92fe3-30a6-4bbc-800d-cca19af18b54,,Daniel de La Feuille,1699,2032,2592,animals,ok
untitled__364ab41d.jpg,364ab41d-3c59-4007-8fb0-3c54a6744196,,Daniel de La Feuille,1699,2021,2727,animals,ok
untitled__5b8d2ce7.jpg,5b8d2ce7-0743-4e9f-b573-64b9f10642bd,,Daniel de La Feuille,1699,2036,2613,animals,ok
untitled__566f7780.jpg,566f7780-27bb-40b8-9222-ffef39bb622c,,Daniel de La Feuille,1699,2012,2710,animals,ok
untitled__55d7653b.jpg,55d7653b-8b09-4aee-a6dd-1cd6ff868561,,Daniel de La Feuille,1699,2007,2610,animals,ok
untitled__68749c3d.jpg,68749c3d-3cec-4645-a7c4-667a4ff5c008,,Daniel de La Feuille,1699,2009,2709,animals,ok
untitled__f7e59cac.jpg,f7e59cac-10f7-4bb4-aa71-dad793b124ca,,Daniel de La Feuille,1699,1988,2722,animals,ok
untitled__185fef88.jpg,185fef88-8ae8-462b-8306-05dfaaf83334,,Oliver Goldsmith,1825,500,687,"animals,fauna",ok
untitled__115b2fb7.jpg,115b2fb7-3a91-4287-a24d-2eeb18396d53,,Oliver Goldsmith,1825,500,673,"animals,fauna,wildlife",ok
untitled__39a39af4.jpg,39a39af4-50d0-44ea-8e1d-00a910b87a79,,Oliver Goldsmith,1825,500,682,"animals,fauna,marine,whales",ok
untitled__3ac1e789.jpg,3ac1e789-105b-4f15-a04e-cf0aa2057db2,,Oliver Goldsmith,1825,500,663,"animals,birds,wildlife",ok
untitled__3577d6f3.jpg,3577d6f3-51f5-4d7c-bf31-773224689e4a,,Oliver Goldsmith,1825,500,697,"animals,livestock,sheep",ok
untitled__4c513410.jpg,4c513410-2107-4f09-812d-f5c781167fbb,,Oliver Goldsmith,1825,500,689,"animals,fauna,wildlife",ok
untitled__4194e2b9.jpg,4194e2b9-2602-43dd-b6fc-916b0310db7e,,Oliver Goldsmith,1825,500,670,"animals,lions,wildlife",ok
untitled__5b9d09a0.jpg,5b9d09a0-3a27-42d9-a6f3-5a267f68d9e2,,Oliver Goldsmith,1825,500,686,"animals,fauna,fish,marine",ok
untitled__96127c5a.jpg,96127c5a-5201-428e-8127-1b91b2a03b6a,,Oliver Goldsmith,1825,500,681,"animals,birds,wildlife",ok
untitled__0e081db7.jpg,0e081db7-02d2-41ad-af24-059bf97cfc03,,Oliver Goldsmith,1825,500,657,"animals,reptiles,snakes,wildlife",ok
untitled__a67b6e7a.jpg,a67b6e7a-d5f6-499e-8acc-fc5abc04525b,,Oliver Goldsmith,1825,500,673,"animals,wildlife",ok
untitled__bda27f72.jpg,bda27f72-aa7c-42dc-b492-14a9b2ac55c6,,Oliver Goldsmith,1825,500,656,"animals,birds,wildlife",ok
untitled__ba230987.jpg,ba230987-9207-4678-8194-4b6dc3573da6,,Oliver Goldsmith,1825,500,697,"animals,fauna,tigers,wildlife",ok
untitled__c21539ae.jpg,c21539ae-9b99-4b4a-a8e4-4824a248ba0d,,Oliver Goldsmith,1825,500,670,"animals,dolphins,marine,whales,wildlife",ok
untitled__d929821c.jpg,d929821c-290d-4969-8abe-607a9c516d62,,Oliver Goldsmith,1825,500,689,"animals,deer,fauna,wildlife",ok
untitled__49858ba9.jpg,49858ba9-f47b-4d18-b99a-0573e5969d74,,Charles Mavelot,1695,800,564,"animals,cats,dogs",ok
untitled__6d8e6b2f.jpg,6d8e6b2f-6150-48e0-b072-5de1a52673c2,,Charles Mavelot,1695,800,564,"animals,bears",ok
untitled__94d9aedf.jpg,94d9aedf-6b13-459c-a646-c8da4bae8248,,Charles Mavelot,1695,800,564,"animals,dogs",ok
untitled__592812aa.jpg,592812aa-1ed0-4ae4-9d69-4a3edc70c87c,,Leonhard Zubler,1607,700,599,animals,ok
untitled__9943ecf5.jpg,9943ecf5-c9de-4739-bad4-96849a652004,,Leonhard Zubler,1607,690,599,animals,ok
untitled__e92f552a.jpg,e92f552a-8e48-40e5-aa56-8387d29e5b63,,Leonhard Zubler,1607,672,600,"animals,birds",ok
untitled__427f1eda.jpg,427f1eda-1825-4618-9e2d-a0075721dfe3,,William Cheselden,1733,469,640,animals,ok
untitled__5d37a572.jpg,5d37a572-d78b-4e78-9029-fe8b9f83268e,,William Cheselden,1733,724,379,animals,ok
untitled__0c0b600f.jpg,0c0b600f-643c-4f2e-811d-1308e3388855,,William Cheselden,1733,771,414,animals,ok
untitled__b2ec3661.jpg,b2ec3661-0d0b-4a38-9b96-120a3c1c483e,,William Cheselden,1733,540,754,"animals,birds",ok
untitled__b1c9172f.jpg,b1c9172f-4322-4953-b6de-34f06edf8d26,,Friedrich Lehmann; Ludwig Heinrich Bojanus,1821,550,793,"animals,vertebrates",ok
untitled__fe468c60.jpg,fe468c60-451c-415d-aa76-efd501a3d9b0,,Friedrich Lehmann; Ludwig Heinrich Bojanus,1821,850,512,animals,ok
embalming-jar__42b323eb.jpg,42b323eb-4de8-494b-9074-3ebb37f69d23,Embalming Jar,Frederic Ruysch,1710,500,800,animals,ok
baby-elephant-at-the-zoo__4f5bed82.jpg,4f5bed82-7f4a-4aa6-9aaf-1ff297cc4723,Baby elephant at the zoo,,ca. 1890,640,631,"animals,wildlife",ok
woman-riding-a-donkey__ee4230f7.jpg,ee4230f7-ada9-450d-860c-6207bf0480f6,Woman riding a donkey,,ca. 1890,493,640,animals,ok
hallowe-en-greeting__2e8d5368.jpg,2e8d5368-f385-4edd-9671-72fd63bab025,Hallowe-'en Greeting,,ca. 1913,760,488,animals,ok
untitled__1feaea61.jpg,1feaea61-1cc2-43e3-9c1d-e445f08d283a,,Arnoldus Montanus,1671,667,505,"animals,reptiles,snakes",ok
untitled__146e0981.jpg,146e0981-6ea0-4a9c-987b-bed10ff9c659,,Arnoldus Montanus,1671,674,521,"animals,fish",ok
untitled__8585d608.jpg,8585d608-a687-4b1b-ae21-bbd584142f27,,Arnoldus Montanus,1671,705,540,animals,ok
untitled__0217ff8b.jpg,0217ff8b-c7ed-4f7c-9064-fc2b105c38e5,,Arnoldus Montanus,1671,675,533,"animals,primates",ok
untitled__0bf322f0.jpg,0bf322f0-a992-43ce-9f01-7a7e2c554dbb,,Arnoldus Montanus,1671,689,564,"animals,fish",ok
untitled__a5a4c27a.jpg,a5a4c27a-71e6-4a4b-9321-c66f07507bdc,,Arnoldus Montanus,1671,726,590,animals,ok
untitled__c3818539.jpg,c3818539-6bd0-4f32-8edf-94957c4c2e9c,,Arnoldus Montanus,1671,669,523,animals,ok
untitled__c2ddf7ab.jpg,c2ddf7ab-e6d1-4f67-9221-c17e94772597,,Arnoldus Montanus,1671,689,543,"animals,birds,deer",ok
africa__556ae957.jpg,556ae957-90ec-47eb-b56a-74ce0812ff13,Africa,Victor Levasseur,ca. 1847,800,577,animals,ok
a-new-map-of-the-whole-world__b9eccb2e.jpg,b9eccb2e-1b99-41f6-b1d5-aa57c34c6dba,A New Map of the Whole World,A. J. Bormeester,1684,705,599,animals,ok
the-constellations-december-november-october__fc411551.jpg,fc411551-f042-408f-9cbc-c545fbf31590,The Constellations (December November October),W. G. Evan,1856,542,600,animals,ok
untitled__42efc0aa.jpg,42efc0aa-2d56-4ad7-8d38-ab86db95a215,,,1894–1920,1050,841,"animals,deer,zoology",ok
untitled__7069f038.jpg,7069f038-6ccf-42e9-8bcb-782bc93986dd,,,1894–1920,1050,833,animals,ok
session-for-the-blind-at-sunderland-museum__ed633686.jpg,ed633686-ac84-4790-9bde-0d4734ce9073,Session for the Blind at Sunderland Museum,,ca. 1913,686,468,"animals,lions",ok
image-from-the-title-page-of-em-the-criminal-prosecution-and__e42c38b0.jpg,e42c38b0-7413-4789-8832-97aee1d7540e,Image from the title page of <em>The Criminal Prosecution and Capital Punishment of Animals</em>.,,1906,723,844,"animals,livestock",ok
the-calabash-a-wolof-fairy-tale__fc236137.jpg,fc236137-0fc0-42fb-9063-47e28542aa61,"“The Calabash”, a Wolof fairy tale.",Tom Seidmann-Freud,1924,1774,1420,"birds,rabbits,wildlife",ok
untitled__62a1b824.jpg,62a1b824-c85a-4847-a363-c57f6cd462c8,,Maria Sibylla Merian,1705,3902,4952,"butterflies,caterpillars,insects,moths,snakes,wildlife",ok
untitled__ab0d27e0.jpg,ab0d27e0-8217-4e81-8afd-9bf02b3ffe7c,,Maria Sibylla Merian,1705,3472,4688,"butterflies,caterpillars,insects,wildlife",ok
untitled__bc50421e.jpg,bc50421e-5689-4211-b117-c2428427f67b,,Maria Sibylla Merian,1705,3360,4488,"butterflies,caterpillars,insects,moths,wildlife",ok
a-trapped-tiger__c057489b.jpg,c057489b-4af9-4560-a867-48b8633966dc,A Trapped Tiger,Eugène Delacroix,1854,4096,3431,"tigers,wildlife",ok
barn-owl__a0e04ed7.jpg,a0e04ed7-2cea-4323-959d-b4b3d456e0f6,Barn Owl,Anonymous,ca. 1570,1007,1200,"birds,owls,wildlife",ok
owl-with-two-owlets-sitting-on-branch__6d80850f.jpg,6d80850f-425f-42fb-a314-d7cd6d791c81,Owl with Two Owlets Sitting on Branch,Henri De Groux,1895,893,1200,"birds,owls,wildlife",ok
crowned-cockatoo__f42b10a2.jpg,f42b10a2-fc4d-4a54-8a2c-f5095d020806,Crowned Cockatoo,Samuel Jessurun de Mesquita,1924,685,1200,"owls,wildlife",ok
untitled__b55bf25a.jpg,b55bf25a-93d2-4743-82c1-6e8bf76da24d,,Thomas Smillie,1890–1913,1706,2048,"deer,wildlife",ok
untitled__c3a9fe73.jpg,c3a9fe73-1af2-45bf-83e8-0430fc5eeedc,,John Bingley Garland,ca. 1850–60,1818,1372,wildlife,ok
untitled__e10f1c58.jpeg,e10f1c58-e9c4-4052-ae55-d7b7c9a9fdd0,,Philipp Hainhofer,1596–1633,786,1022,wildlife,ok
cattleya-orchid-and-three-hummingbirds__a303c31b.jpg,a303c31b-7e84-46b5-b53f-ba0814e7e3cb,Cattleya Orchid and Three Hummingbirds,Martin Johnson Heade,1871,1200,911,"fauna,hummingbirds,wildlife",ok
two-hummingbirds-with-their-young__b8f36e29.jpg,b8f36e29-e101-4d95-b571-d54e37702adc,Two Hummingbirds with Their Young,Martin Johnson Heade,ca. 1865,989,1200,"hummingbirds,wildlife",ok
full-moon-with-white-rabbit__a53a0f4b.jpg,a53a0f4b-6ceb-43db-a288-1377afc58367,Full Moon with White Rabbit,Ohara Koson,ca. 1920,551,1000,"rabbits,wildlife",ok
untitled__a7a38175.jpg,a7a38175-f131-44f7-ade8-61249803095a,,William Elliot Griffis,1922,634,1000,"tigers,wildlife",ok
yellow-throated-vireo-vireo-flavifrons__0ec846a9.jpg,0ec846a9-78b2-4f7d-ba01-6319925c2a1d,Yellow-Throated Vireo (*Vireo Flavifrons*),,1897,1400,909,"birds,fauna,wildlife",ok
insects-and-fish-with-island-background__409779fe.jpg,409779fe-e237-4b1f-8fdb-1a567fefe8b1,Insects and Fish with Island Background,Maria Sibylla Merian,ca. 1719,902,1200,"birds,butterflies,reptiles,wildlife",ok
horned-owl__8ff58721.jpg,8ff58721-0a5a-422e-8771-2004a45ee542,Horned Owl,Samuel Jessurun de Mesquita,1915,759,1200,"fauna,owls,wildlife",ok
the-ross-seal-with-trachea-inflated__88ced1e4.jpg,88ced1e4-aacd-4682-a5f3-5fe53712a129,The Ross Seal With Trachea Inflated,Frederick Albert Cook,1900,800,575,wildlife,ok
penguin-interviews__8a0ad7b8.jpg,8a0ad7b8-8463-4bbd-8af4-fa63c9b69e03,Penguin Interviews,Frederick Albert Cook,1900,504,800,"birds,wildlife",ok
surinam-caiman-biting-south-american-false-coral-snake__2a3ab7c8.jpg,2a3ab7c8-1b06-400c-8ac0-b48686722bb0,Surinam Caiman biting South American False Coral Snake,Maria Sibylla Merian,1719,1200,784,wildlife,ok
a-perch-of-birds__35b8f36d.jpg,35b8f36d-9af7-4f34-84bf-2028448d1159,A Perch of Birds,Hector Giacomelli,1880,1200,423,"birds,wildlife",ok
american-white-pelican__287506d0.jpg,287506d0-4e7e-4a93-8fa3-c15925abcb80,American White Pelican,John James Audubon,1827–38,803,1200,"birds,fauna,wildlife",ok
great-white-heron__4d4f11ba.jpg,4d4f11ba-34fb-47a4-8429-09e52ee08d1c,Great White Heron,John James Audubon,1827–38,1200,803,"birds,fish,wildlife",ok
american-flamingo__b0bc4c8a.jpg,b0bc4c8a-fc4d-4ffa-84dd-f538a4dd9351,American Flamingo,John James Audubon,1827–38,822,1200,"birds,fauna,wildlife",ok
three-fishes-and-a-branch__0ac2c21d.jpg,0ac2c21d-5b1e-44da-8493-eb3b238940fd,Three Fishes and a Branch,Seki Shūkō,ca. 1890–92,965,1200,"fish,wildlife",ok
red-tailed-hawk__3ae42a3f.jpg,3ae42a3f-0ca1-4222-a50e-7a50618736e9,Red Tailed Hawk,John James Audubon,1827–38,813,1200,"birds,fauna,wildlife",ok
blue-crane-or-heron__01c1132d.jpg,01c1132d-543b-4900-9b08-62a22d877ae1,Blue Crane or Heron,John James Audubon,1827–38,1200,861,"birds,wildlife",ok
white-heron__9cc6cdb3.jpg,9cc6cdb3-12b3-42ed-b532-1d1f59bc3d39,White Heron,John James Audubon,1827–38,1200,822,"birds,wildlife",ok
snowy-owl__b82d4b9b.jpg,b82d4b9b-37b1-4a8d-b638-fc356254e4a3,Snowy Owl,John James Audubon,1827–38,770,1200,"birds,wildlife",ok
falcon__0711b9c1.jpg,0711b9c1-8df2-4925-9572-ffe847de0591,Falcon,John James Audubon,1827–38,801,1200,"birds,wildlife",ok
octopus__08a0596d.jpg,08a0596d-71d4-45ff-83f8-40cf553e4743,Octopus,Ewald Rübsamen,1910,911,1200,"octopuses,wildlife",ok
essay-towards-a-natural-history-of-serpents-plate-i__74795ab2.jpg,74795ab2-a3da-4de0-a66b-bc9f458c4aa4,"Essay Towards a Natural History of Serpents, Plate I",Charles Owen,1742,844,1200,"reptiles,snakes,wildlife",ok
natural-history-of-carolina-florida-and-the-bahama-islands-v__5653d2e9.jpg,5653d2e9-5d13-448f-821f-4668a648b9db,"Natural History of Carolina, Florida and the Bahama Islands, v1. Tab 97",Mark Catesby,1731,1024,732,"birds,ducks,wildlife",ok
natural-history-of-carolina-florida-and-the-bahama-islands-v__866e4549.jpg,866e4549-c410-4844-89ad-fe786a2accc3,"Natural History of Carolina, Florida and the Bahama Islands, v1. Tab 95",Mark Catesby,1731,1024,758,"birds,ducks,fauna,wildlife",ok
natural-history-of-carolina-florida-and-the-bahama-islands-v__aa204abc.jpg,aa204abc-1ed7-4b77-a5f9-9a05553878f0,"Natural History of Carolina, Florida and the Bahama Islands, v1. Tab 50",Mark Catesby,1731,583,768,"birds,fauna,wildlife",ok
natural-history-of-carolina-florida-and-the-bahama-islands-v__f12b0c92.jpg,f12b0c92-b32e-4760-997c-4e0d47fbfccb,"Natural History of Carolina, Florida and the Bahama Islands, v1. Tab 38",Mark Catesby,1731,574,768,"birds,wildlife",ok
natural-history-of-carolina-florida-and-the-bahama-islands-v__0335a604.jpg,0335a604-29be-4b58-bb28-38009bef5155,"Natural History of Carolina, Florida and the Bahama Islands, v1. Tab 30",Mark Catesby,1731,1024,737,"birds,fauna,wildlife",ok
natural-history-of-carolina-florida-and-the-bahama-islands-v__9fa84202.jpg,9fa84202-529f-4d6d-b456-eee904c8c2f4,"Natural History of Carolina, Florida and the Bahama Islands, v1. Tab 8",Mark Catesby,1731,1024,750,"birds,wildlife",ok
natural-history-of-carolina-florida-and-the-bahama-islands-v__07ef2cf1.jpg,07ef2cf1-02d1-462e-a038-d79362587feb,"Natural History of Carolina, Florida and the Bahama Islands, v2. app. Tab 20",Mark Catesby,1743,590,768,"fauna,wildlife",ok
natural-history-of-carolina-florida-and-the-bahama-islands-v__6aed70a9.jpg,6aed70a9-9c23-4e19-abeb-24c748118383,"Natural History of Carolina, Florida and the Bahama Islands, v2. Tab 77",Mark Catesby,1743,584,768,wildlife,ok
natural-history-of-carolina-florida-and-the-bahama-islands-v__e63db0ad.jpg,e63db0ad-6cc7-45f3-b9a5-b0432f752b53,"Natural History of Carolina, Florida and the Bahama Islands, v2. Tab 58",Mark Catesby,1743,1024,757,"snakes,wildlife",ok
natural-history-of-carolina-florida-and-the-bahama-islands-v__995db26e.jpg,995db26e-6324-44b9-84bf-b470715fe8bd,"Natural History of Carolina, Florida and the Bahama Islands, v2. Tab 39",Mark Catesby,1743,1011,768,wildlife,ok
natural-history-of-carolina-florida-and-the-bahama-islands-v__2cf22cb2.jpg,2cf22cb2-a988-47ed-b7e3-2978952ae1df,"Natural History of Carolina, Florida and the Bahama Islands, v2. Tab 35",Mark Catesby,1743,571,768,"crabs,fauna,wildlife",ok
natural-history-of-carolina-florida-and-the-bahama-islands-v__0b0fed9b.jpg,0b0fed9b-ce87-4c27-b65a-1e8d4a44e29b,"Natural History of Carolina, Florida and the Bahama Islands, v2. Tab 10",Mark Catesby,1743,1024,759,"fish,marine,wildlife",ok
portrait-of-a-man-with-lions-and-tigers__c4b92112.jpg,c4b92112-bda6-459e-9caa-2838880a6e52,Portrait of a Man with Lions and Tigers,Unknown,1870s,926,768,"lions,wildlife",ok
america-a-personification__592718e4.jpg,592718e4-2ce1-42b8-8cd7-402d6aaf1679,"America, a Personification","Adriaen Collaert, Marten de Vos",ca. 1590,1200,975,wildlife,ok
louis-renard-s-fish-plate-xlviii__fb7d1a74.jpg,fb7d1a74-1b4e-4548-9c56-38d421bf33c2,"Louis Renard's Fish, Plate XLVIII",Louis Renard (after Samuel Fallours),1754,864,1200,"crustaceans,fauna,fish,marine,wildlife",ok
louis-renard-s-fish-plate-xiv__04a6392b.jpg,04a6392b-4778-4d41-9aaa-0a5e134e20b5,"Louis Renard's Fish, Plate XIV",Louis Renard (after Samuel Fallours),1754,1200,848,"fauna,fish,marine,wildlife",ok
plate-99-trochilidae__2e36a25b.jpeg,2e36a25b-3cf9-4329-9791-c4204aad018c,"Plate 99, Trochilidae",Ernst Haeckel,1904,711,1024,"birds,fauna,hummingbirds,wildlife",ok
plate-89-chelonia__63b83e4e.jpeg,63b83e4e-d28e-4562-b60e-b53e61ce087d,"Plate 89, Chelonia",Ernst Haeckel,1904,717,1024,"reptiles,shells,wildlife",ok
plate-79-lacertilia__5cf94882.jpeg,5cf94882-4466-4843-8647-4cadf3461eed,"Plate 79, Lacertilia",Ernst Haeckel,1904,724,1024,"lizards,reptiles,wildlife",ok
plate-68-batrachia__cb0ccb5b.jpeg,cb0ccb5b-91cc-454a-833b-2833844696be,"Plate 68, Batrachia",Ernst Haeckel,1904,716,1024,"amphibians,fauna,frogs,wildlife",ok
plate-58-tineida__bf14fe77.jpeg,bf14fe77-e72f-4f6c-abe0-5f489e8fcdae,"Plate 58, Tineida",Ernst Haeckel,1904,727,1024,"entomology,insects,moths,wildlife",ok
cover-for-em-sketch-book-of-british-birds-em__3976064c.jpg,3976064c-a9f5-4659-9b99-ccc22604fc29,Cover for <em>Sketch-Book of British Birds</em>,,1898,486,680,"birds,ornithology,wildlife",ok
two-pages-from-em-the-young-artist-s-coloring-guide-no-12-em__5ef68ae5.jpg,5ef68ae5-4453-494c-bbe0-54d4efb19543,Two pages from <em>The Young Artist's Coloring Guide. No. 12</em> (ca. 1850).,,ca. 1850,855,1599,"tigers,wildlife",ok
perfect-elephant__f0968fd9.jpg,f0968fd9-3a48-40d5-bf74-db0442b2cb8e,Perfect Elephant,,1643,651,1023,"elephants,fauna,wildlife",ok
b-che-de-mer-small-lolly-fish-b-che-de-mer-spotted-fish-teat__4f49651e.jpg,4f49651e-5049-49e6-a3fa-a62249cb53b8,"Bêche-De-Mer, Small Lolly-Fish / Bêche-De-Mer, Spotted-Fish / Teat-Fish",William Saville-Kent,1893,600,841,"fish,wildlife,zoology",ok
great-barrier-reef-fishes__aa48095e.jpg,aa48095e-4778-4df4-925c-54c1509c6f1f,Great Barrier Reef Fishes,William Saville-Kent,1893,650,864,"fish,marine,wildlife",ok
barrier-reef-fishes__c10d0629.jpg,c10d0629-9b09-40d9-b7e4-a339491747cf,Barrier Reef Fishes,William Saville-Kent,1893,800,575,"fish,marine,wildlife",ok
a-design-for-an-aquarium-mounted-in-handsome-rustic-work__5a7684ed.jpg,5a7684ed-19d6-45b2-ba3a-358b8bfe27ef,A Design for an Aquarium Mounted in Handsome Rustic-Work,Philip Henry Gosse,1857,938,761,"fish,marine,wildlife",ok
fore-edge-for-a-copy-of-a-general-history-of-the-quadrupeds-__a0eee16a.jpg,a0eee16a-252d-44e2-a18f-b7c7d772686d,Fore-edge for a copy of *A General History of the Quadrupeds; The Figures Engraved on Wood*,,1811,1023,375,wildlife,ok
carp-swimming-against-a-waterfall__17516964.jpg,17516964-6f84-44aa-9ea6-97d7ac9927d9,Carp Swimming Against a Waterfall,Utagawa Hiroshige,1852,491,1000,"fish,wildlife",ok
jumansubo-plain-in-susaki-near-fukagawa__69d63ac4.jpg,69d63ac4-0a65-4f7a-a695-57f1dc30fa1f,Jumansubo Plain in Susaki near Fukagawa,Utagawa Hiroshige,1857,600,884,"birds,wildlife",ok
untitled__c72c71a4.jpg,c72c71a4-2e32-48d8-8f06-d2660d8a4d0f,,Joseph Drayton; Alfred Agate,ca. 1838–42,1024,655,"balloonfish,fish,marine,pufferfish,wildlife",ok
untitled__df959301.jpg,df959301-f036-4eb5-8074-4442c6dd1dad,,Joseph Drayton; Alfred Agate,ca. 1838–42,1024,660,"balloonfish,fish,marine,pufferfish,wildlife,zoology",ok
untitled__e9e76441.jpg,e9e76441-6e3a-4258-b439-699a6a515a00,,Joseph Drayton; Alfred Agate,ca. 1838–42,1024,732,"balloonfish,fish,marine,pufferfish,wildlife",ok
polar-bear__676aa83d.jpg,676aa83d-6baf-4dd9-b331-b2c351524220,Polar Bear,,ca. 1870s,885,658,"bears,wildlife",ok
untitled__a5809fc0.jpg,a5809fc0-c7e2-46be-8df5-25cf769793f5,,,1837,1023,363,"butterflies,caterpillars,entomology,insects,invertebrates,wildlife",ok
the-descent-began-at-1-25__fbd04285.jpg,fbd04285-ec18-4036-8550-f1ad5bccd744,The Descent Began at 1:25,Émile-Antoine Bayard,1870,544,800,"fish,marine,wildlife",ok
head-of-walrus__ada613cb.jpg,ada613cb-25f1-4afe-92d6-69015423cb63,Head of Walrus,,1910,695,838,wildlife,ok
oyster-catcher-approaching-her-eggs__2ed54e1d.jpg,2ed54e1d-bb34-4fa3-a715-ce59dd4b869d,Oyster-Catcher Approaching Her Eggs,Richard Kearton,1909,883,801,"birds,wildlife",ok
male-golden-plover-covering-chick__0b66aba9.jpg,0b66aba9-1fb8-47fd-a182-5c5d67d42fdd,Male Golden Plover Covering Chick,Richard Kearton,1909,888,658,"birds,wildlife",ok
plate-67-chiroptera__f6f1f4a6.jpeg,f6f1f4a6-5d04-4c16-b1cb-a024b33515c4,"Plate 67, Chiroptera",Ernst Haeckel,1904,711,1024,"bats,wildlife",ok
untitled__30a8ec1b.jpg,30a8ec1b-780d-4629-b13b-756befac1524,,Peter Rollos,ca. 1687,800,639,wildlife,ok
fig-14-shows-another-table-decoration-in-a-manner-similar-to__1c3b24bc.jpg,1c3b24bc-bfb6-4f75-8c9c-0b2272f853ae,"Fig. 14 shows another table decoration in a manner similar to the preceding design, but massed in greater form.",,1910,640,592,"crabs,fauna,invertebrates,shellfish,wildlife",ok
the-snare-havin-caught-her-about-the-head-had-not-strangled-__e18ca8c6.jpg,e18ca8c6-4d5b-4ec2-a52c-f78e451c0c4d,"""The snare havin' caught her about the head, had not strangled her to death, but had pulled her head aloft an' held it there for many days.""",Arthur Heming,1925,734,800,"bears,wildlife",ok
romulus-and-remus__ffd76cae.jpg,ffd76cae-09ed-4317-9e4f-d9fb36d347c6,Romulus and Remus,John Leech,1850,597,447,"birds,monkeys,wildlife",ok
untitled__d5b4bdfb.jpg,d5b4bdfb-a6f4-46f0-b4fe-43c2ac2faeed,,,ca. 1467,600,879,wildlife,ok
the-indian-boy-and-the-musk-rat-seeps-the-duck__5dd5f75e.jpg,5dd5f75e-e8b4-4fea-bd1e-3139b2ac5d2d,"The Indian Boy and the Musk-Rat. Seeps, the Duck",Charels G. Leland,1884,560,762,"ducks,wildlife",ok
untitled__1abab1c8.jpg,1abab1c8-219d-4f0f-b081-95705c2d128e,,Frederick Whitney,1909,1159,1500,"birds,fauna,wildlife",ok
untitled__a9296d3d.jpg,a9296d3d-b16a-40eb-9c77-8cbc1c32e70c,,Frederick Whitney,1909,1157,1500,"fauna,marine,shells,wildlife",ok
untitled__e253e525.jpg,e253e525-a10b-4967-b657-187b65d87154,,Frederick Whitney,1909,1117,1500,wildlife,ok
portrait-of-a-man-with-lions__5d77f6d5.jpg,5d77f6d5-6993-4bc4-9dcc-14fb9f0a88cb,Portrait of a Man with Lions,,1870s,750,622,"lions,wildlife",ok
tiger-again-coming-to-the-charge__25548a6a.jpg,25548a6a-4362-4655-9dd8-39c6ec997343,Tiger Again Coming to the Charge,,1902,820,582,"tigers,wildlife",ok
measuring-the-tiger__5f79b9c1.jpg,5f79b9c1-c53c-429e-939e-b52bc868260d,Measuring the Tiger,,1902,820,600,"tigers,wildlife",ok
tiger-charging__08e3e762.jpg,08e3e762-9264-455d-8259-dbd9c2ebf9ec,Tiger Charging,,1902,820,570,"tigers,wildlife",ok
untitled__185a2a2a.jpg,185a2a2a-d7a5-45d6-b875-158fa9358115,,Mark Catesby,1754,584,800,"birds,wildlife",ok
untitled__1c2cad73.jpg,1c2cad73-e52f-43a9-98f9-061cf80e86a0,,Mark Catesby,1754,859,612,"birds,wildlife",ok
untitled__21551e25.jpg,21551e25-57c0-46a4-a6c0-560e4e00f256,,Mark Catesby,1754,564,800,"birds,wildlife",ok
untitled__207dcc0a.jpg,207dcc0a-f534-447c-97ae-cb63d998fdea,,Mark Catesby,1754,596,792,"birds,wildlife",ok
untitled__2159a745.jpg,2159a745-55df-4164-ac9e-c22310c686af,,Mark Catesby,1754,584,800,"birds,wildlife",ok
untitled__38d0ea21.jpg,38d0ea21-0d77-4da8-ab58-5551d74a68e3,,Mark Catesby,1754,845,596,"birds,ducks,wildlife",ok
untitled__3979ad00.jpg,3979ad00-c631-4d2d-ba93-7cadfacde4c8,,Mark Catesby,1754,564,800,"birds,wildlife",ok
untitled__4df571e5.jpg,4df571e5-2c7d-4ef5-a9f0-fd26a4c31917,,Mark Catesby,1754,584,800,"birds,wildlife",ok
untitled__48aa96fd.jpg,48aa96fd-b0c1-4257-89d6-f73bfe19257a,,Mark Catesby,1754,596,792,"birds,wildlife",ok
untitled__55c4913f.jpg,55c4913f-6f37-4bc4-999f-6d510a761cbf,,Mark Catesby,1754,564,800,"birds,ducks,wildlife",ok
untitled__573d84d7.jpg,573d84d7-579c-4d68-a0f5-17912af86ace,,Mark Catesby,1754,584,800,"birds,wildlife",ok
untitled__587d9dd6.jpg,587d9dd6-9dcc-46d0-8aa8-7a5eb0a9547f,,Mark Catesby,1754,768,585,"birds,wildlife",ok
untitled__5153f1df.jpg,5153f1df-594f-47c9-8986-a0a21753ed5d,,Mark Catesby,1754,773,599,"birds,wildlife",ok
untitled__6ef1e37d.jpg,6ef1e37d-f61e-45fd-890c-95617a1cee8f,,Mark Catesby,1754,845,604,"birds,ducks,wildlife",ok
untitled__641fc568.jpg,641fc568-370e-4f1c-acd2-d526b65538d3,,Mark Catesby,1754,489,639,"birds,wildlife",ok
untitled__71a5d676.jpg,71a5d676-20ac-435f-b13e-a90a81705051,,Mark Catesby,1754,584,800,"birds,wildlife",ok
untitled__78c0df45.jpg,78c0df45-8bb6-40dc-a491-d758904e1c1d,,Mark Catesby,1754,584,800,"birds,wildlife",ok
untitled__7946abe8.jpg,7946abe8-3f0a-42dc-95f7-1644731114cc,,Mark Catesby,1754,584,800,"birds,wildlife",ok
untitled__7084cd5d.jpg,7084cd5d-00f0-4873-8662-b8e9c44007a1,,Mark Catesby,1754,588,800,"birds,wildlife",ok
untitled__8f427651.jpg,8f427651-acbb-4b0f-bf14-e27201fe1f32,,Mark Catesby,1754,800,564,"birds,wildlife",ok
untitled__836337fc.jpg,836337fc-0ffd-4e55-be09-8a6182929fac,,Mark Catesby,1754,592,750,"birds,wildlife",ok
untitled__8b5354ac.jpg,8b5354ac-5264-484e-bc22-dcc404a40c80,,Mark Catesby,1754,773,565,"birds,wildlife",ok
untitled__94630d59.jpg,94630d59-86cb-4581-a4b9-725ba9c123a1,,Mark Catesby,1754,845,596,"birds,ducks,wildlife",ok
untitled__9da070e0.jpg,9da070e0-68f1-4f34-a693-86b9d3fed425,,Mark Catesby,1754,569,800,"birds,wildlife",ok
untitled__0ae8b0f6.jpg,0ae8b0f6-37e1-4285-b95b-2dc314d6ec4a,,Mark Catesby,1754,800,596,"birds,wildlife",ok
untitled__039aa95e.jpg,039aa95e-9c50-4ec2-9e83-e73f4637df96,,Mark Catesby,1754,750,592,"birds,wildlife",ok
untitled__a6bd2583.jpg,a6bd2583-bd18-420e-8696-2aa475bbd40f,,Mark Catesby,1754,809,572,"birds,wildlife",ok
untitled__b6f07d96.jpg,b6f07d96-68c5-4a0d-b8d8-ab8691a30153,,Mark Catesby,1754,782,625,"birds,wildlife",ok
untitled__c6b26b7a.jpg,c6b26b7a-bc60-4fa2-97b6-a21c5c6b7e78,,Mark Catesby,1754,596,800,"birds,wildlife",ok
untitled__c2247272.jpg,c2247272-411e-4312-b49b-d72c2fce91ef,,Mark Catesby,1754,778,595,"birds,wildlife",ok
untitled__d4e6bace.jpg,d4e6bace-b855-490d-b7f4-2ad9c99f70a2,,Mark Catesby,1754,548,800,"birds,wildlife",ok
untitled__e2b1edc8.jpg,e2b1edc8-ce59-4856-b1b3-c496aa73422c,,Mark Catesby,1754,827,581,"birds,eagles,fish,wildlife",ok
untitled__af95c888.jpg,af95c888-2d1b-40de-b2f5-472a104f6c87,,Friedrich Lehmann; Ludwig Heinrich Bojanus,1821,550,816,"shells,wildlife",ok
killing-seals-for-the-depot__69950ce2.jpg,69950ce2-41dd-4c7a-88de-bd04728eab98,Killing Seals for the Depot,Hjalmar Johansen,1913,600,815,wildlife,ok
penguins__93417296.jpg,93417296-09fc-4b06-bdbc-83f53389fb58,Penguins,Hjalmar Johansen,1913,700,590,wildlife,ok
an-albatross__99a17626.jpg,99a17626-73ef-48c8-a379-7e55a98afb8a,An Albatross,Hjalmar Johansen,1913,700,592,"birds,wildlife",ok
untitled__36521c95.jpg,36521c95-b001-4468-9680-a3e97d3fe9da,,,1894–1920,514,640,wildlife,ok
whaling-scenes-at-skaaro-the-nancy-grey-with-a-whale__55973356.jpg,55973356-339d-47f0-86ec-d0eb526b4c4c,"[Whaling scenes at Skaaro. The ""Nancy Grey"" with a whale, ...",,ca. 1890,640,463,"whales,wildlife",ok
session-for-the-blind-at-sunderland-museum__c31e7fea.jpg,c31e7fea-2cef-4b1a-be7c-5d6977338bab,Session for the Blind at Sunderland Museum,,ca. 1913,689,447,"fish,wildlife",ok
they-were-three-months-passing-through-the-forest__35c4e107.jpg,35c4e107-fe6f-40c6-abd6-926d9f84e26a,They were three months passing through the forest,Virginia Frances Sterrett,1920,620,831,wildlife,ok
eledon-aldrovandi__141baa94.jpg,141baa94-f1ff-4617-a77c-039b51f5cf99,Eledon Aldrovandi,Jean Baptiste Vérany,1851,2056,2676,"octopuses,zoology",ok
eledon-genei__1b45d1f0.jpg,1b45d1f0-4488-4b74-bd9b-e6d828144624,Eledon Genei,Jean Baptiste Vérany,1851,2052,2688,"octopuses,zoology",ok
octopus-cocco__27923587.jpg,27923587-75ae-40e9-942f-c51835eac55a,Octopus Cocco,Jean Baptiste Vérany,1851,2056,2672,"octopuses,zoology",ok
octopus-macropus__36a0a6ba.jpg,36a0a6ba-8725-4c7e-a9e6-cb747f72bdb9,Octopus macropus,Jean Baptiste Vérany,1851,2060,2672,"octopuses,zoology",ok
argonauta-argo__4eab67b4.jpg,4eab67b4-9820-4435-9d03-806e687bc585,Argonauta Argo,Jean Baptiste Vérany,1851,2068,2696,zoology,ok
argonauta-argo__4ac5999d.jpg,4ac5999d-3a63-448f-a609-9dd14f12d6a1,Argonauta Argo,Jean Baptiste Vérany,1851,2052,2684,zoology,ok
eledon-aldrovandi__58ded418.jpg,58ded418-b20c-4d57-b551-7fbfddc7ceb2,Eledon Aldrovandi,Jean Baptiste Vérany,1851,2052,2676,"octopuses,zoology",ok
loligo-todarus__6168c664.jpg,6168c664-28dc-40d3-bace-171ca18b0dfd,Loligo Todarus,Jean Baptiste Vérany,1851,2032,2696,zoology,ok
histioteuthis-bonelliana__60dc0b5e.jpg,60dc0b5e-2980-4d86-a26c-59e05cffb0c7,Histioteuthis bonelliana,Jean Baptiste Vérany,1851,2064,2688,zoology,ok
octopus-velifer__6adcfa1a.jpg,6adcfa1a-a982-4e19-9c4f-0b9d9d3bf4ac,Octopus velifer,Jean Baptiste Vérany,1851,2060,2672,"octopuses,zoology",ok
loligo-vulgaris__81c37d69.jpg,81c37d69-4292-4458-9ca0-c2ad47c6977a,Loligo Vulgaris,Jean Baptiste Vérany,1851,2064,2656,zoology,ok
tremoctopus-violaceus__90386b67.jpg,90386b67-d60b-40e0-b451-41dc8933f095,Tremoctopus Violaceus,Jean Baptiste Vérany,1851,2064,2676,"octopuses,zoology",ok
octopus-salutii__9a9d208a.jpg,9a9d208a-6f7d-4bd0-9e91-7e0d1a973a2f,Octopus Salutii,Jean Baptiste Vérany,1851,2056,2680,"octopuses,zoology",ok
tremoctopus-violaceus__014e61fa.jpg,014e61fa-42e7-48de-a48d-970001b870bd,Tremoctopus Violaceus,Jean Baptiste Vérany,1851,2056,2692,"octopuses,zoology",ok
loligo-sagittata__abd7250f.jpg,abd7250f-9a31-49e2-a021-ee1d2db4f839,Loligo Sagittata,Jean Baptiste Vérany,1851,2048,2680,zoology,ok
octopus-vulgaris__cd89c19f.jpg,cd89c19f-8e2d-43c0-ba32-0669d361b85e,Octopus Vulgaris,Jean Baptiste Vérany,1851,2076,2684,"octopuses,zoology",ok
loligopsis-veranii__da371c81.jpg,da371c81-f3b5-423e-8ff3-f942e866166d,Loligopsis Veranii,Jean Baptiste Vérany,1851,2036,2648,zoology,ok
eledon-moschatus__dd0f723d.jpg,dd0f723d-bb79-4b50-aa4f-5bce2e3cde03,Eledon Moschatus,Jean Baptiste Vérany,1851,2044,2676,"octopuses,zoology",ok
octopus-tetracirrhus__e55cbaeb.jpg,e55cbaeb-ddb4-466a-950d-303fd98deda6,Octopus Tetracirrhus,Jean Baptiste Vérany,1851,2060,2676,"octopuses,zoology",ok
eledon-moschata__e17d5d28.jpg,e17d5d28-a3da-4dab-a464-36e27cd69b45,Eledon Moschata,Jean Baptiste Vérany,1851,2064,2676,"octopuses,zoology",ok
histioteuthis-ruppelli__f051ed9a.jpg,f051ed9a-9221-4434-87cb-b097abeb4edc,Histioteuthis Ruppelli,Jean Baptiste Vérany,1851,2040,2672,zoology,ok
octopus-catenulatus__f0f0299e.jpg,f0f0299e-3497-4dd4-9f8f-c624dc8a6daa,Octopus Catenulatus,Jean Baptiste Vérany,1851,2052,2672,"octopuses,zoology",ok
octopus-tetracirrhus__f69d03ba.jpg,f69d03ba-c0f4-48cf-ad88-7ccd2dae3292,Octopus Tetracirrhus,Jean Baptiste Vérany,1851,2048,2680,"octopuses,zoology",ok
eledon-moschatus__f58c591f.jpg,f58c591f-dbe9-42bc-a1d8-fceacadac06a,Eledon moschatus,Jean Baptiste Vérany,1851,2056,2684,"octopuses,zoology",ok
medusae-of-the-world-plate-64-volume-3__110a50d8.jpg,110a50d8-1652-45b8-b4fc-0e94acea8e39,"Medusae of the World: Plate 64, Volume 3",A. G. Mayer,1910,1052,1400,"jellyfish,marine,zoology",ok
medusae-of-the-world-plate-29-volume-1__1d2db1d4.jpg,1d2db1d4-7edf-4339-85fd-19ec599fd570,"Medusae of the World: Plate 29, Volume 1",A. G. Mayer,1910,1061,1400,"jellyfish,marine,zoology",ok
medusae-of-the-world-plate-15-volume-1__1e46b29f.jpg,1e46b29f-edeb-41eb-a4ef-1bb3e41eb031,"Medusae of the World: Plate 15, Volume 1",A. G. Mayer,1910,1055,1400,"jellyfish,marine,zoology",ok
medusae-of-the-world-plate-14-volume-1__1f450702.jpg,1f450702-531e-43a0-87c0-6830f33201bd,"Medusae of the World: Plate 14, Volume 1",A. G. Mayer,1910,1059,1400,"jellyfish,marine,zoology",ok
medusae-of-the-world-plate-9-volume-1__28bde498.jpg,28bde498-b8e4-4c76-a5c6-e1e5fb2cbee9,"Medusae of the World: Plate 9, Volume 1",A. G. Mayer,1910,1044,1400,"jellyfish,marine,zoology",ok
medusae-of-the-world-plate-60-volume-3__3f2aeb71.jpg,3f2aeb71-e525-43dc-adc7-f1ec5cdcee73,"Medusae of the World: Plate 60, Volume 3",A. G. Mayer,1910,1047,1400,"jellyfish,marine,zoology",ok
medusae-of-the-world-plate-26-volume-1__35a54e10.jpg,35a54e10-b5af-4183-b4df-5ac5d850cec4,"Medusae of the World: Plate 26, Volume 1",A. G. Mayer,1910,1046,1400,"jellyfish,marine,zoology",ok
medusae-of-the-world-plate-68-volume-3__46649ab0.jpg,46649ab0-54e0-4986-87b7-78d069622d8b,"Medusae of the World: Plate 68, Volume 3",A. G. Mayer,1910,1044,1400,"jellyfish,marine,zoology",ok
medusae-of-the-world-plate-53-volume-2__44fa33c6.jpg,44fa33c6-818f-48f4-bc45-3dde21223526,"Medusae of the World: Plate 53, Volume 2",A. G. Mayer,1910,1041,1400,"jellyfish,marine,zoology",ok
medusae-of-the-world-plate-8-volume-1__415ef016.jpg,415ef016-08be-4fec-8360-72227e1e0485,"Medusae of the World: Plate 8, Volume 1",A. G. Mayer,1910,1060,1400,"jellyfish,marine,zoology",ok
medusae-of-the-world-plate-45-volume-2__5e8e1689.jpg,5e8e1689-fb7d-4098-8f50-95f7a6539bde,"Medusae of the World: Plate 45, Volume 2",A. G. Mayer,1910,1050,1400,"jellyfish,marine,zoology",ok
medusae-of-the-world-plate-42-volume-2__60b3eaa9.jpg,60b3eaa9-8ac4-457e-95a6-c31bab047078,"Medusae of the World: Plate 42, Volume 2",A. G. Mayer,1910,1046,1400,"jellyfish,marine,zoology",ok
medusae-of-the-world-plate-69-volume-3__8b0584e1.jpg,8b0584e1-11af-4d76-a332-ae4d73ca8c4a,"Medusae of the World: Plate 69, Volume 3",A. G. Mayer,1910,1051,1400,"jellyfish,marine,zoology",ok
medusae-of-the-world-plate-27-volume-1__807ef1f5.jpg,807ef1f5-a5dc-4a4c-a205-c8f7883edac1,"Medusae of the World: Plate 27, Volume 1",A. G. Mayer,1910,1047,1400,"jellyfish,marine,zoology",ok
medusae-of-the-world-plate-5-volume-1__8cdf6988.jpg,8cdf6988-a454-43a4-b344-505b462713a8,"Medusae of the World: Plate 5, Volume 1",A. G. Mayer,1910,1047,1400,"jellyfish,marine,zoology",ok
medusae-of-the-world-plate-73-volume-3__94781b2d.jpg,94781b2d-ef1a-430d-98f1-a1860c09b959,"Medusae of the World: Plate 73, Volume 3",A. G. Mayer,1910,1049,1400,"jellyfish,marine,zoology",ok
medusae-of-the-world-plate-18-volume-1__991480ed.jpg,991480ed-203b-4755-b8c5-84ca70c308e7,"Medusae of the World: Plate 18, Volume 1",A. G. Mayer,1910,1050,1400,"jellyfish,marine,zoology",ok
medusae-of-the-world-plate-6-volume-1__97e2c927.jpg,97e2c927-a1be-4747-b66d-011396e61f8b,"Medusae of the World: Plate 6, Volume 1",A. G. Mayer,1910,1055,1400,"jellyfish,marine,zoology",ok
medusae-of-the-world-plate-75-volume-3__00641842.jpg,00641842-d4f7-41ac-90f4-f993efba7cef,"Medusae of the World: Plate 75, Volume 3",A. G. Mayer,1910,1050,1400,"jellyfish,marine,zoology",ok
medusae-of-the-world-plate-28-volume-1__0c84b11e.jpg,0c84b11e-6b70-45cf-9a8d-915ff1575421,"Medusae of the World: Plate 28, Volume 1",A. G. Mayer,1910,1056,1400,"jellyfish,marine,zoology",ok
medusae-of-the-world-plate-21-volume-1__039a8ec2.jpg,039a8ec2-c7e0-4b8c-97ae-d7440a5d916c,"Medusae of the World: Plate 21, Volume 1",A. G. Mayer,1910,1055,1400,"jellyfish,marine,zoology",ok
medusae-of-the-world-plate-65-volume-3__aeec2cc3.jpg,aeec2cc3-b749-4e0c-b97b-b90f39e69377,"Medusae of the World: Plate 65, Volume 3",A. G. Mayer,1910,1044,1400,"jellyfish,marine,zoology",ok
medusae-of-the-world-plate-49-volume-2__a865f954.jpg,a865f954-5c9c-41d7-b713-6856874eea5b,"Medusae of the World: Plate 49, Volume 2",A. G. Mayer,1910,1045,1400,"jellyfish,marine,zoology",ok
medusae-of-the-world-plate-44-volume-2__a2377c8d.jpg,a2377c8d-79da-424a-bc34-6dc986109650,"Medusae of the World: Plate 44, Volume 2",A. G. Mayer,1910,1046,1400,"jellyfish,marine,zoology",ok
medusae-of-the-world-plate-41-volume-2__a3091b0e.jpg,a3091b0e-8178-4d59-8f4c-c699cad635cb,"Medusae of the World: Plate 41, Volume 2",A. G. Mayer,1910,1048,1400,"jellyfish,marine,zoology",ok
medusae-of-the-world-plate-10-volume-1__af4edd80.jpg,af4edd80-8da1-42be-b7d3-dc2f2d0c0a04,"Medusae of the World: Plate 10, Volume 1",A. G. Mayer,1910,1048,1400,"jellyfish,marine,zoology",ok
medusae-of-the-world-plate-55-volume-2__b815a295.jpg,b815a295-0f2b-4ed2-be05-c3f57f703079,"Medusae of the World: Plate 55, Volume 2",A. G. Mayer,1910,1011,1400,"jellyfish,marine,zoology",ok
medusae-of-the-world-plate-12-volume-1__b2af53fc.jpg,b2af53fc-5e63-4a30-b6ed-e595434ef37d,"Medusae of the World: Plate 12, Volume 1",A. G. Mayer,1910,1051,1400,"jellyfish,marine,zoology",ok
medusae-of-the-world-plate-22-volume-1__c5f0ffbe.jpg,c5f0ffbe-67f3-443c-8052-a87eee1a152e,"Medusae of the World: Plate 22, Volume 1",A. G. Mayer,1910,1054,1400,"jellyfish,marine,zoology",ok
medusae-of-the-world-plate-13-volume-1__c12c2b99.jpg,c12c2b99-56a3-45c8-a2cb-9a3e1af11d07,"Medusae of the World: Plate 13, Volume 1",A. G. Mayer,1910,1046,1400,"jellyfish,marine,zoology",ok
medusae-of-the-world-plate-7-volume-1__c014777e.jpg,c014777e-cf19-4e0e-809a-6fee9c03020e,"Medusae of the World: Plate 7, Volume 1",A. G. Mayer,1910,1047,1400,"jellyfish,marine,zoology",ok
medusae-of-the-world-plate-52-volume-2__d62701a5.jpg,d62701a5-6656-4f31-bc35-8ea733374d1c,"Medusae of the World: Plate 52, Volume 2",A. G. Mayer,1910,1033,1400,"jellyfish,marine,zoology",ok
medusae-of-the-world-plate-23-volume-1__d2a2bf83.jpg,d2a2bf83-d3fc-4d8a-a417-ef7c9e745ebc,"Medusae of the World: Plate 23, Volume 1",A. G. Mayer,1910,1057,1400,"jellyfish,marine,zoology",ok
medusae-of-the-world-plate-17-volume-1__d448bfcc.jpg,d448bfcc-6c2c-4708-9aea-08900d8f1cdd,"Medusae of the World: Plate 17, Volume 1",A. G. Mayer,1910,1037,1400,"jellyfish,marine,zoology",ok
medusae-of-the-world-plate-16-volume-1__d655feae.jpg,d655feae-ff16-475a-8f4e-8612282d5edb,"Medusae of the World: Plate 16, Volume 1",A. G. Mayer,1910,1041,1400,"jellyfish,marine,zoology",ok
medusae-of-the-world-plate-59-volume-3__fc3ff1b5.jpg,fc3ff1b5-7b11-4b49-b3e1-61245070c311,"Medusae of the World: Plate 59, Volume 3",A. G. Mayer,1910,1039,1400,"jellyfish,marine,zoology",ok
elephas-primigenius-woolly-mammoth__bf7865b6.jpg,bf7865b6-f0a9-402d-a9fa-2f7371b214c2,*Elephas primigenius* (Woolly Mammoth),Orra White Hitchcock,1828–40,1400,906,"mammoths,zoology",ok
quartz-or-agate-silex-quartzum__a84b7841.jpeg,a84b7841-7798-4d30-8ddf-4f54f02c80a2,"Quartz, or Agate (*Silex Quartzum*)",James Sowerby,1802–17,796,812,"shells,zoology",ok
long-tsing-yu-i__b2db60eb.jpg,b2db60eb-73a9-4a8a-9764-988aeca54c27,Long-Tsing-Yu I,François-Nicolas Martinet,1780,989,1200,"fish,zoology",ok
tongue-of-honey-bee__05542ed1.jpg,05542ed1-1d8d-4a81-914d-dfbd786610ce,Tongue of Honey Bee,Arthur E Smith,1909,721,1200,"bees,entomology,zoology",ok
plate-96-chaetopoda__5e4ab8f5.jpeg,5e4ab8f5-a1ce-4639-aa98-423341aac70d,"Plate 96, Chaetopoda",Ernst Haeckel,1904,700,1024,"invertebrates,marine,worms,zoology",ok
plate-57-cirripedia__dbf06242.jpeg,dbf06242-f9f9-44a3-bf6a-9eb8e8e876ec,"Plate 57, cirripedia",Ernst Haeckel,1904,716,1024,"marine,zoology",ok
plate-56-copepoda__1ec9b289.jpeg,1ec9b289-365a-4404-9b51-7a055c55bcb2,"Plate 56, Copepoda",Ernst Haeckel,1904,694,1024,"crustaceans,fauna,marine,zoology",ok
great-barrier-reef-corals__ac3dd556.jpg,ac3dd556-86a9-4b3d-888c-c3e4b13dde28,Great Barrier Reef Corals,William Saville-Kent,1893,650,863,"corals,fish,invertebrates,marine,zoology",ok
foot-jaw-of-broad-claw__bab007df.jpg,bab007df-de35-4f52-b21b-0aea8823f97c,Foot-Jaw of Broad-Claw,Philip Henry Gosse,1856,787,800,"crustaceans,fish,zoology",ok
pectanthis-asteroides__19918d76.jpg,19918d76-b9d6-4b81-af03-711c524d508b,Pectanthis Asteroides,Ernst Haeckel,1879,650,827,"jellyfish,marine,zoology",ok
thamnostylus-dinema__112f7311.jpg,112f7311-b232-435b-ad41-6d1b8336512f,Thamnostylus Dinema,Ernst Haeckel,1879,650,829,"jellyfish,marine,zoology",ok
leptomedusae__1370e7ca.jpg,1370e7ca-82ec-4034-8df8-4cd5276a14fc,Leptomedusae,Ernst Haeckel,1879,650,875,"jellyfish,marine,zoology",ok
cubomedusae__37751d82.jpg,37751d82-ba44-4b24-90de-e0196be2188d,Cubomedusae,Ernst Haeckel,1904,650,936,"jellyfish,marine,zoology",ok
stauromedusae__49ddafee.jpg,49ddafee-7ecc-4f8e-92fa-b8b8572b56b4,Stauromedusae,Ernst Haeckel,1879,650,885,"jellyfish,marine,zoology",ok
periphylla-mirabilis__589b4bdd.jpg,589b4bdd-cb38-4398-b4b5-49ef80c99de1,Periphylla Mirabilis,Ernst Haeckel,1879,650,832,"jellyfish,marine,zoology",ok
discomedusae__56674e37.jpg,56674e37-9557-46a5-bc16-a687227feca8,Discomedusae,Ernst Haeckel,1904,650,937,"jellyfish,marine,zoology",ok
nauphanta-challengeri__6a930c63.jpg,6a930c63-c8b8-4406-b69e-b1af93ace2bd,Nauphanta Challengeri,Ernst Haeckel,1879,650,831,"jellyfish,marine,zoology",ok
anthomedusae__6e6dcc0c.jpg,6e6dcc0c-677c-4fcd-911a-aff77d23a55a,Anthomedusae,Ernst Haeckel,1879,650,868,"jellyfish,marine,zoology",ok
peromedusae__8056779f.jpg,8056779f-df08-4037-b2ec-549187014617,Peromedusae,Ernst Haeckel,1904,650,935,"jellyfish,marine,zoology",ok
discomedusae__81c10b1d.jpg,81c10b1d-b6ed-46bf-9813-8aff381bb424,Discomedusae,Ernst Haeckel,1904,650,926,"jellyfish,marine,zoology",ok
periphylla-mirabilis__9521927f.jpg,9521927f-89f1-45e6-947d-33ccd7a8674d,Periphylla Mirabilis,Ernst Haeckel,1879,650,830,"jellyfish,marine,zoology",ok
narcomedusae__9dd62ff0.jpg,9dd62ff0-8383-48a0-ada7-948b2e17286e,Narcomedusae,Ernst Haeckel,1879,650,891,"jellyfish,marine,zoology",ok
discomedusae-1-8-cannorhiza-9-12-versura__0256c9e0.jpg,0256c9e0-6647-4e02-92c4-5f34a592804a,"Discomedusae: 1-8 Cannorhiza, 9-12 Versura",Ernst Haeckel,1879,650,877,"jellyfish,marine,zoology",ok
leptomedusae-mitrocoma__0a9e9ba2.jpg,0a9e9ba2-600d-4f50-a63b-d11636a661bd,Leptomedusae: Mitrocoma,Ernst Haeckel,1879,754,1024,"jellyfish,marine,zoology",ok
leptomedusae__b1be99b7.jpg,b1be99b7-9bf1-4754-a334-781338931d99,Leptomedusae,Ernst Haeckel,1879,650,930,"jellyfish,marine,zoology",ok
discomedusae__c58b9ece.jpg,c58b9ece-2a0e-4d86-af6b-42e6b5550c36,Discomedusae,Ernst Haeckel,1904,650,923,"jellyfish,marine,zoology",ok
anthomedusae__d72cf740.jpg,d72cf740-c85b-4a87-b174-83d0e9eaa210,Anthomedusae,Ernst Haeckel,1879,650,871,"jellyfish,marine,zoology",ok
discomedusae__de5c628a.jpg,de5c628a-96fa-412c-9d00-f3f881c40b3f,Discomedusae,Ernst Haeckel,1904,650,927,"jellyfish,marine,zoology",ok
nauphanta-challengeri__e86749cf.jpg,e86749cf-0c3e-4f04-9a70-fbbe63694068,Nauphanta Challengeri,Ernst Haeckel,1879,650,834,"jellyfish,marine,zoology",ok
polar-bear-skeletal-system__cd1feced.jpg,cd1feced-949c-4fd2-b99f-0a1522e79858,Polar Bear Skeletal System,,1866,1024,643,"bears,zoology",ok
tree-of-evolution__e8547bbe.jpg,e8547bbe-3a0a-4650-a44f-50ca0735a6f3,Tree of Evolution,Ernst Haeckel,1874,620,1024,"primates,zoology",ok
echinus-spine-section__c1306a29.jpg,c1306a29-041d-48c2-ab63-ed2a22ac8bd2,Echinus Spine Section,Arthur E Smith,1909,600,985,zoology,ok
butterfly-s-tongue__e774cefd.jpg,e774cefd-5b3b-41b8-b2f3-7a7751b1601d,Butterfly’s Tongue,Arthur E Smith,1909,1016,1324,"butterflies,zoology",ok
untitled__d8a37300.jpg,d8a37300-68c9-4761-86d7-e24de7904666,,Johann Remmelin,1667,782,984,zoology,ok
untitled__564f9d97.jpg,564f9d97-9986-4f22-9bec-fe438babe877,,Friedrich Lehmann; Ludwig Heinrich Bojanus,1821,550,808,zoology,ok
untitled__ead44139.jpg,ead44139-cb99-4eb5-a27b-17dd6f5ec807,,Friedrich Lehmann; Ludwig Heinrich Bojanus,1821,850,584,zoology,ok
untitled__18e95d33.jpg,18e95d33-e700-4e1f-8308-2558f3ca68f4,,Maria Sibylla Merian,1705,3568,4624,"butterflies,caterpillars,fauna,insects",ok
untitled__1df73c22.jpg,1df73c22-7da4-4082-8c67-9f9065cb4b5b,,Maria Sibylla Merian,1705,3600,4760,"butterflies,caterpillars,fauna,insects",ok
untitled__4ae6bfe6.jpg,4ae6bfe6-a778-4fe6-861d-40f968592ff0,,Maria Sibylla Merian,1705,3632,4712,"butterflies,caterpillars,fauna,insects,moths",ok
untitled__7a96d0bd.jpg,7a96d0bd-214a-4a59-b515-9c3d3bc07036,,Maria Sibylla Merian,1705,3648,4912,"butterflies,caterpillars,fauna,insects",ok
untitled__732d8780.jpg,732d8780-0a06-4150-942e-49966ba3020f,,Maria Sibylla Merian,1705,3808,5272,"butterflies,caterpillars,fauna,insects",ok
untitled__83fb52ac.jpg,83fb52ac-e075-413e-830a-841bd46b05e7,,Maria Sibylla Merian,1705,4125,6007,"butterflies,caterpillars,fauna,insects",ok
untitled__0b96d3ac.jpg,0b96d3ac-8cf3-4ffd-865f-f906a2fd7962,,Maria Sibylla Merian,1705,3561,4728,"butterflies,caterpillars,fauna,insects",ok
untitled__dc25c758.jpeg,dc25c758-a61c-47d0-844a-706ab63836d3,,Maria Sibylla Merian,1705,3585,4856,"butterflies,caterpillars,fauna,insects",ok
untitled__d884441d.jpg,d884441d-a012-490f-8d36-1c8a7d1a1920,,Maria Sibylla Merian,1705,3577,4904,"butterflies,caterpillars,fauna,fish,insects,shells",ok
mythological-bird__72aeb591.jpg,72aeb591-ceb4-41a7-baec-ae8299a0e73f,Mythological Bird,Anonymous,1750,707,1200,"birds,fauna",ok
squirrel-on-a-tree-branch__2c5e7a56.jpg,2c5e7a56-160f-4589-b237-cb77a06c6324,Squirrel on a Tree Branch,Anonymous,ca. 1700,935,1200,fauna,ok
peruvian-harpy__ecfb76dd.jpeg,ecfb76dd-e9cd-4bba-8168-5ddcb25bdc8e,Peruvian Harpy,Anonymous,18th century,1200,866,fauna,ok
untitled__97163b62.jpg,97163b62-a310-4456-862a-b3eb519465d7,,Thomas Smillie,1890–1913,2047,1682,"fauna,parrots",ok
untitled__1887109c.jpg,1887109c-be91-4a75-8ae5-961cd8ca3c10,,John Bingley Garland,ca. 1850–60,1824,1380,fauna,ok
untitled__06444668.jpg,06444668-cc70-4421-be3f-dab5d9e146b2,,John Bingley Garland,ca. 1850–60,1818,1448,"butterflies,fauna,horses",ok
untitled__5bd38e01.jpeg,5bd38e01-6e48-4cf3-8773-00e31b306c50,,Philipp Hainhofer,1596–1633,798,1050,"birds,fauna",ok
blistered-sulphuret-of-copper-cuprum-sulphureum__d50430b6.jpeg,d50430b6-f800-456b-94bc-38943d846b3d,Blistered Sulphuret of Copper (*Cuprum sulphureum*),James Sowerby,1802–17,687,795,"fauna,marine",ok
spiral-formations-in-feathers-and-teeth-in-the-muscular-arra__82d88c9b.jpg,82d88c9b-ced0-4008-baaa-5626883b93a9,"Spiral formations in feathers and teeth, in the muscular arrangements of the heart, and in the cast of the ventricular cavities of the heart.",James Bell Pettigrew,1908,1695,1666,"fauna,marine",ok
excrement-of-an-east-indian-bird-once-believed-to-be-ambergr__bc313216.jpg,bc313216-4185-4e01-b0fc-adec827b1452,"Excrement of an East Indian Bird, Once Believed to Be Ambergris, Is Collected in a Bowl",,1666,1002,793,"birds,fauna,lizards,whales",ok
advertisement-for-franklin-barrett-s-fish__487f08a5.jpg,487f08a5-6ec2-4ba9-b628-e39f0322a468,Advertisement for Franklin Barrett's Fish,,1913,2448,3576,"fauna,fish",ok
queen-lil__9467fa91.jpg,9467fa91-72e0-4810-af7b-56534568a025,Queen Lil,,1917,2004,1744,"fauna,fish",ok
blue-calico-telescope-fish__e50588a3.jpg,e50588a3-3cc4-4d80-bd77-547db9987f31,Blue Calico Telescope Fish,,1917,1984,1528,"fauna,fish",ok
jungle-orchids-and-hummingbirds__ccb53d7d.jpg,ccb53d7d-506d-41ce-b609-18b99b4ddb1f,Jungle Orchids and Hummingbirds,Martin Johnson Heade,1872,1200,930,"fauna,hummingbirds",ok
mole-rat__fae6bda0.jpg,fae6bda0-11e6-4fa0-bb12-99ea9747c9de,Mole-Rat,,1884,1316,984,fauna,ok
various-snakes__26d99f3f.jpg,26d99f3f-a582-4bf4-b3bd-7f4fe569cca1,Various snakes,Athanasius Kircher,1675,800,1259,"fauna,reptiles,snakes",ok
with-the-aurora-borealis-flaming-coldly-overhead__9f0bb047.jpg,9f0bb047-382e-428e-8210-dd72f5452e60,"“With the Aurora Borealis Flaming Coldly Overhead""",Philip R. Goodwin,1904,766,1102,fauna,ok
greenfinch__00699830.jpg,00699830-57ec-4d04-b0d7-795f62050c6a,Greenfinch,Barbara Regina Dietzsch,ca. 1750,862,1200,"birds,fauna",ok
unicorn-and-narwhal-side-by-side__3b72f4d2.jpg,3b72f4d2-b3db-4b44-a5f5-8d56ceff2272,Unicorn and Narwhal Side by Side,,1704,1023,702,"fauna,fish",ok
narwhal-like-creature__916a4600.jpg,916a4600-c7ed-4fbc-9270-a1e7aaccebe1,Narwhal-Like Creature,,1678,847,1600,"fauna,fish",ok
the-unicorn-rests-in-a-garden__ce15e1c4.jpg,ce15e1c4-1a4a-4db1-ba69-e51cec4b8b8c,The Unicorn Rests in a Garden,,1495–1505,564,799,fauna,ok
two-owls__49b50189.jpg,49b50189-9ede-49cd-9fc8-05637a30c955,Two Owls,Julie de Graag,1921,650,884,"fauna,owls",ok
banana-tree-flower-with-io-moth__86585fa7.jpg,86585fa7-6261-4bc4-8996-10af0857a8fe,Banana Tree Flower with Io Moth,Maria Sibylla Merian,1719,899,1200,"caterpillars,fauna,moths",ok
pineapple-with-australian-and-german-cockroaches__039e2edc.jpg,039e2edc-1336-4744-b371-06f96013826b,Pineapple with Australian and German Cockroaches,Maria Sibylla Merian,1719,858,1200,"fauna,insects",ok
actinologia-britannica-plate-vi__230c4c42.jpg,230c4c42-e911-40f8-affe-1f9d31043fa2,"Actinologia Britannica, Plate VI",Philip Henry Gosse,1860,734,1200,"fauna,marine,starfish",ok
long-tsing-yu-iv__143b50ae.jpg,143b50ae-4b49-4846-bffa-3ffb5dddf4a2,Long-Tsing-Yu IV,François-Nicolas Martinet,1780,1016,1200,"fauna,fish",ok
long-tsing-yu-iii__3d8181bc.jpg,3d8181bc-5d6e-4104-b4f0-47c27104302f,Long-Tsing-Yu III,François-Nicolas Martinet,1780,1008,1200,"fauna,fish",ok
long-tsing-yu-ii__97c5bad0.jpg,97c5bad0-ae10-4936-92ce-11e4f3dfa2f7,Long-Tsing-Yu II,François-Nicolas Martinet,1780,1026,1200,"fauna,fish,marine",ok
natural-history-of-carolina-florida-and-the-bahama-islands-v__ee366f5a.jpg,ee366f5a-5093-4ebe-b334-6aec62b7ca60,"Natural History of Carolina, Florida and the Bahama Islands, v1. Tab 45",Mark Catesby,1731,545,768,"birds,fauna",ok
natural-history-of-carolina-florida-and-the-bahama-islands-v__5c5827be.jpg,5c5827be-1743-4658-ae4d-04d14b76bf46,"Natural History of Carolina, Florida and the Bahama Islands, v1. Tab 11",Mark Catesby,1731,1024,748,"birds,fauna,parrots",ok
natural-history-of-carolina-florida-and-the-bahama-islands-v__3fff456d.jpg,3fff456d-1a53-41bd-a357-67ab21f6354c,"Natural History of Carolina, Florida and the Bahama Islands, v2. app. Tab 8",Mark Catesby,1743,1004,768,"birds,fauna",ok
natural-history-of-carolina-florida-and-the-bahama-islands-v__3eeae9a7.jpg,3eeae9a7-1758-4a68-bcc6-4e4fcac0e536,"Natural History of Carolina, Florida and the Bahama Islands, v2. Tab 46",Mark Catesby,1743,1002,768,fauna,ok
natural-history-of-carolina-florida-and-the-bahama-islands-v__725a3798.jpg,725a3798-4bfe-4411-97c5-b5d1b26436e0,"Natural History of Carolina, Florida and the Bahama Islands, v2. Tab 52",Mark Catesby,1743,974,768,"fauna,snakes",ok
natural-history-of-carolina-florida-and-the-bahama-islands-v__a807f172.jpg,a807f172-89d5-44e7-8308-add24752e286,"Natural History of Carolina, Florida and the Bahama Islands, v2. Tab 45",Mark Catesby,1743,1019,768,"fauna,snakes",ok
natural-history-of-carolina-florida-and-the-bahama-islands-v__e7c0a635.jpg,e7c0a635-7bde-4094-9542-c35a4b2978fc,"Natural History of Carolina, Florida and the Bahama Islands, v2. Tab 24",Mark Catesby,1743,570,768,"fauna,fish",ok
natural-history-of-carolina-florida-and-the-bahama-islands-v__10e08eb2.jpg,10e08eb2-fa7f-42f3-a72d-1b0c4060c782,"Natural History of Carolina, Florida and the Bahama Islands, v2. Tab 18",Mark Catesby,1743,1024,638,"fauna,fish,marine",ok
natural-history-of-carolina-florida-and-the-bahama-islands-v__a4368e7b.jpg,a4368e7b-c3f4-4bd0-a43d-203778bc212a,"Natural History of Carolina, Florida and the Bahama Islands, v2. Tab 15",Mark Catesby,1743,1024,752,"fauna,fish",ok
natural-history-of-carolina-florida-and-the-bahama-islands-v__f9bb174f.jpg,f9bb174f-4d59-4d4e-add0-68f2a0897442,"Natural History of Carolina, Florida and the Bahama Islands, v2. Tab 13",Mark Catesby,1743,1024,694,"fauna,fish,marine",ok
guide-for-constructing-the-letters-k-and-l__eeb320ab.jpg,eeb320ab-c6a4-49c4-a6b9-301c379be212,Guide for Constructing the Letters k and l,Joris Hoefnagel,ca. 1595,827,1200,"birds,fauna,monkeys",ok
louis-renard-s-fish-plate-lv__10a51d8f.jpg,10a51d8f-fdc3-4e22-88ff-94ac569ff1f1,"Louis Renard's Fish, Plate LV",Louis Renard (after Samuel Fallours),1754,859,1200,fauna,ok
louis-renard-s-fish-plate-xliii__408c62af.jpg,408c62af-589e-4766-be4f-9c0329ea976e,"Louis Renard's Fish, Plate XLIII",Louis Renard (after Samuel Fallours),1754,858,1200,"fauna,fish",ok
louis-renard-s-fish-plate-xxv__0f30ef9b.jpg,0f30ef9b-33b5-48f4-8f31-21334e7fa350,"Louis Renard's Fish, Plate XXV",Louis Renard (after Samuel Fallours),1754,856,1200,"fauna,fish",ok
louis-renard-s-fish-plate-xxii__1a8a27fd.jpg,1a8a27fd-7c27-4b32-9350-8cfc45008510,"Louis Renard's Fish, Plate XXII",Louis Renard (after Samuel Fallours),1754,835,1200,"fauna,fish",ok
louis-renard-s-fish-plate-xx__3c35a2d8.jpg,3c35a2d8-2abf-4ca5-981f-10360a8db5b0,"Louis Renard's Fish, Plate XX",Louis Renard (after Samuel Fallours),1754,841,1200,"fauna,fish",ok
louis-renard-s-fish-folio-4__e56c17d3.jpg,e56c17d3-078a-451a-9130-83b3818f4d96,"Louis Renard's Fish, Folio 4",Louis Renard (after Samuel Fallours),1754,863,1200,"fauna,fish,marine",ok
louis-renard-s-fish-folio-3__fc07db04.jpg,fc07db04-1888-4046-828f-d75ad6d6a44d,"Louis Renard's Fish, Folio 3",Louis Renard (after Samuel Fallours),1754,863,1200,"fauna,fish",ok
plate-87-teleostei__bbec1d4f.jpeg,bbec1d4f-1d6e-4ac6-99e0-84d40955ce61,"Plate 87, Teleostei",Ernst Haeckel,1904,715,1024,"fauna,fish,marine",ok
eagle-map-of-the-united-states__d21b3e90.jpeg,d21b3e90-561e-490b-8012-3bcab6161589,Eagle Map of the United States,Joseph Churchman,1832,1279,1024,"birds,fauna",ok
yellow-crowned-heron__793faae1.jpg,793faae1-8e15-4736-9509-535a4b4e500d,Yellow-Crowned Heron,John James Audubon,1827,681,1024,"birds,fauna",ok
the-ani__c133e6a8.jpg,c133e6a8-c55d-495f-869e-fd9d2c739b22,The Ani,John James Audubon,1780,603,1023,"birds,fauna",ok
fight-between-a-tiger-and-a-buffalo__7ec8e5fd.jpg,7ec8e5fd-168f-4a59-a832-ce4767870577,Fight between a Tiger and a Buffalo,Henri Rousseau,1908,800,716,"fauna,tigers",ok
the-ancient-wrasse__20420ba0.jpg,20420ba0-6e56-4f91-b153-1ed0bd4f8b7c,The Ancient Wrasse,Philip Henry Gosse,1856,561,403,"fauna,fish",ok
untitled__be5b700c.jpg,be5b700c-7841-4c01-b075-70c61bde7b06,,Joseph Drayton; Alfred Agate,ca. 1838–42,1024,666,"balloonfish,fauna,fish,pufferfish",ok
tulips-fly-kidney-bean-and-bean__abb53879.jpg,abb53879-883a-493d-bda5-3090b4a21015,"Tulips, Fly, Kidney Bean, and Bean.",Joris Hoefnagel; Georg Bocskay,1561–1596,680,986,"fauna,insects,shells",ok
untitled__6fc6dc65.jpg,6fc6dc65-be06-41ee-bf3c-7feee897855a,,,ca. 1919,932,648,"birds,fauna,ornithology",ok
the-fabulous-creature-buraq__2eaab0ee.jpg,2eaab0ee-637c-406f-8c70-90df32a897c9,The Fabulous Creature Buraq,,ca. 1660–80,1000,736,fauna,ok
plate-vi-from-samuel-l-mitchill-s-the-fishes-of-new-york-des__a06ce563.jpg,a06ce563-4370-4d88-bf8d-d18e5b76888c,"Plate VI from Samuel L. Mitchill’s “The Fishes of New York, Described and Arranged”",Samuel L. Mitchill,1815,1200,1623,"fauna,fish",ok
untitled__72b9449f.jpg,72b9449f-8119-45ff-b192-8b46121edc26,,Charles DeKay,1898,640,508,"birds,fauna",ok
america__9f7e3a1b.jpg,9f7e3a1b-2202-46d2-8e90-34dabeed6add,America,Maerten de Vos; Adriaen Collaert,ca. 1590,1023,835,fauna,ok
untitled__103d2b95.jpg,103d2b95-c452-4f65-ab5d-85b9df9e0d91,,,ca. 1467,600,901,"birds,fauna",ok
fireworks-in-hamburg-to-celebrate-the-coronation-of-emperor-__052eabea.jpg,052eabea-c5ee-4e8f-94e3-bbcfe2be8c91,Fireworks in Hamburg to Celebrate the Coronation of Emperor Franz I. Stephan in 1745 (Detail),,1745,771,800,fauna,ok
large-flowering-sensitive-plant__c3ba1727.jpg,c3ba1727-657f-417a-a9b0-55062fef74e5,Large Flowering Sensitive Plant,Robert John Thornton,1807,590,761,"fauna,hummingbirds,ornithology",ok
the-two-children-in-the-wood__97a7cb5c.jpg,97a7cb5c-b91a-426b-88d0-471a9932c2b2,The Two Children in the Wood,,1882,792,500,fauna,ok
hawthorne__26971c31.jpg,26971c31-5bef-4d62-a74e-bdb12a518f86,Hawthorne,J. J. Grandville,1849,1127,1500,fauna,ok
water-lily__53626458.jpg,53626458-1396-4405-a7e3-a9d25abbe6c9,Water lily,J. J. Grandville,1849,1128,1500,"fauna,moths",ok
embalming-jar__891c2b4e.jpg,891c2b4e-4d9a-45f7-bf2a-6b978f532b3e,Embalming Jar,Frederic Ruysch,1710,650,895,fauna,ok
embalming-jar__f009642f.jpg,f009642f-788b-4f46-b9c4-3beac72eaa08,Embalming Jar,Frederic Ruysch,1710,650,882,"fauna,fish,marine,seahorses",ok
the-wholeness-of-nature-reflected-in-the-mirror-of-art__c0c1f51e.jpeg,c0c1f51e-dc21-4115-9ca4-e32cd9cfdb0f,The Wholeness of Nature Reflected in the Mirror of Art,Robert Fludd,1617,8061,8206,fauna,ok
a-kite-scene__e2d6eb51.jpg,e2d6eb51-1905-4b4e-aa95-43f73942ec02,A kite scene,Jean-Baptiste Pillement,ca. 1759,4092,2841,birds,ok
a-woman-holding-a-kite__5b01dbc5.jpg,5b01dbc5-8cd9-489b-b10f-70fa1a05365c,A woman holding a kite,Katsushika Hokusai,ca. 1825,4912,5488,birds,ok
barbagianni-barn-owl__75d896b1.jpg,75d896b1-6120-4a05-8004-ca3f9d329f9a,Barbagianni (barn owl),Jacques de Fornazeris,1594,2076,2757,"birds,butterflies,owls",ok
gallo-rooster__811da0df.jpg,811da0df-468c-4b8d-a627-6312b9630208,Gallo (rooster),Jacques de Fornazeris,1594,2073,2781,birds,ok
pernice-partridge__66269439.jpg,66269439-5f3a-4412-9fbe-5ad3fdd8590c,Pernice (partridge),Jacques de Fornazeris,1594,2079,2721,"birds,caterpillars",ok
fagiano-pheasant__57bb3f7e.jpg,57bb3f7e-d21e-49f0-a4f9-3aa8846678f5,Fagiano (pheasant),Jacques de Fornazeris,1594,2100,2715,"birds,snakes",ok
sacco-marino-pelican__19514aaf.jpg,19514aaf-6ff3-4029-82d2-abbbedde6aa2,Sacco Marino (pelican),Jacques de Fornazeris,1594,2106,2757,"birds,crabs,fish,snakes",ok
anatra-saluatica-duck__b815407b.jpg,b815407b-b88c-4dc3-b76c-5d0b4af9a935,Anatra saluatica (duck),Jacques de Fornazeris,1594,2106,2754,"birds,ducks,frogs",ok
aquila-de-corona-crowned-eagle__d2c8b9ab.jpg,d2c8b9ab-1a8b-403e-84a1-da66f4bfb3b5,Aquila de corona (crowned eagle),Jacques de Fornazeris,1594,2124,2763,birds,ok
pavone-peacock__312ea94f.jpg,312ea94f-29ac-4765-b461-606c5f4235d9,Pavone (peacock),Jacques de Fornazeris,1594,2121,2808,birds,ok
civetta-little-owl__629ea8b3.jpg,629ea8b3-9385-4e5d-9b0b-33ebbfb9622d,Civetta (little owl),Jacques de Fornazeris,1594,2076,2769,birds,ok
from-the-bois-de-boulogne__f2be43ec.jpg,f2be43ec-f98a-4b08-bc5b-b4bb72c3eeaf,From the Bois de Boulogne,Henri Rivière,1888–1902,2824,2364,"birds,ducks",ok
engraving-of-a-collector-s-cabinet__bd71a947.jpg,bd71a947-17fb-4b9e-ab8b-c27d3b593148,Engraving of a collector’s cabinet,,1599,4915,3625,"birds,dogs,fish,marine-life,sea-creatures,seashells,shells",ok
unpublished-design__cfafee22.jpg,cfafee22-0192-48b9-bcc5-b97d7379ba9f,Unpublished design,Aubrey Beardsley,1894,2227,2047,birds,ok
the-peacock-skirt__514aac67.jpg,514aac67-b211-4e78-88ae-5db6e7953142,The Peacock Skirt,Aubrey Beardsley,1894,2230,3026,birds,ok
cover-design__d44c59fe.jpg,d44c59fe-08c8-47bf-8b25-08d6a4a364fe,Cover design,Aubrey Beardsley,1896,1675,2414,birds,ok
diorama-of-an-indigenous-scene__f98a40c5.jpg,f98a40c5-ea5c-4ba8-ab25-68fb7974fedb,Diorama of an indigenous scene,Gerrit Schouten,ca. 1825,1500,1180,"birds,dogs",ok
diorama-of-an-indigenous-scene__c4b8578a.jpg,c4b8578a-960c-4a11-8ab2-becaad1ac77c,Diorama of an indigenous scene,Gerrit Schouten,1819,1500,1219,birds,ok
diorama-of-a-surinamese-native-village-with-ritual-specialis__0d39f5bf.jpg,0d39f5bf-d7ad-419d-b4ef-27b51e8227e8,Diorama of a Surinamese native village with ritual specialist,Gerrit Schouten,ca. before 1816,1500,1174,birds,ok
diorama-of-a-caribbean-camp__104fa438.jpg,104fa438-bc9e-482f-8b0b-281acd13ce7b,Diorama of a Caribbean camp,Gerrit Schouten,1827,7506,4871,birds,ok
diorama-of-a-caribbean-scene__5ed63068.jpg,5ed63068-9b64-468b-ab51-1915d1a1df1e,Diorama of a Caribbean scene,Gerrit Schouten,1827,3952,2588,birds,ok
wiosna-spring__984a12d5.jpg,984a12d5-669e-4c69-98c6-f85ec4bb112c,Wiosna (Spring),Michalina Janoszanka,ca. 1920s,3267,3033,"birds,frogs",ok
zima-winter__d7c2c1d4.jpg,d7c2c1d4-6b75-4428-bb4f-2a9c2716e5a3,Zima (Winter),Michalina Janoszanka,ca. 1920s,3263,3012,birds,ok
ostrich-egg-shell-cup-from-grave-at-kish-mesopotamia-about-3__a925ad59.jpg,a925ad59-4fef-4552-999a-6de0e88da270,"Ostrich Egg-Shell Cup From Grave at Kish, Mesopotamia, about 3000 B.C.",,1926,1790,2766,birds,ok
ostrich-egg-shell-cup-from-grave-at-kish-mesopotamia-about-3__3c6c9544.jpg,3c6c9544-887d-4497-a6dc-c09d6bdf9ab6,"Ostrich Egg-Shell Cup From Grave at Kish, Mesopotamia, about 3000 B.C.",,1926,1798,2738,birds,ok
ostrich-egg-shell-fragments-painted-with-bitumen-from-grave-__2f419c19.jpg,2f419c19-be53-49a4-8a67-5d3e0b4f2fd5,"Ostrich Egg-Shell Fragments Painted with Bitumen, From Grave at Kish, Mesopotamia",,1926,2586,1840,birds,ok
egg-of-domesticated-ostrich-from-ostrich-farm-in-california__398a497b.jpg,398a497b-d33b-464f-a810-9c4b270cd1c4,Egg of Domesticated Ostrich from Ostrich Farm in California,,1926,1796,2744,birds,ok
bushman-painting-in-a-cave-of-the-herschel-district-cape-col__4381a63d.jpg,4381a63d-7680-472d-a578-973dff93697b,"Bushman Painting in a Cave of the Herschel District, Cape Colony, Showing Bushman Disguised as Ostrich Hunting Ostriches",,1926,2640,1882,birds,ok
egyptian-scene-showing-a-captured-ostrich-and-man-with-ostri__c6eb8431.jpg,c6eb8431-3434-4888-a1a5-5ca201a2f121,Egyptian Scene Showing a Captured Ostrich and Man with Ostrich Feathers and Eggs,O. Keller,1926,1572,1128,birds,ok
chorus-of-comedy-with-spear-men-astride-ostriches-painting-o__399f4542.jpg,399f4542-5087-42e0-a5b5-a375e8597503,Chorus of Comedy with Spear-men astride Ostriches. Painting on a Greek Vase.,Daremberg and Saglio,1926,2548,1476,birds,ok
chinese-stone-sculpture-of-ostrich-on-the-tomb-of-the-empero__d8502136.jpg,d8502136-6676-4701-abe2-6200f8e99980,"Chinese Stone Sculpture of Ostrich on the Tomb of the Emperor Kao Tsung. T'ang Period, Seventh Century A.D.",E. Chavannes,1926,1798,2758,birds,ok
chinese-stone-sculpture-of-ostrich-from-the-tomb-of-the-empe__8f7b29d4.jpg,8f7b29d4-5a30-48ff-9be9-4350a4959bd3,"Chinese Stone Sculpture of Ostrich from the Tomb of the Emperor Jui Tsung. T'ang Period, Eighth Century.",E. Chavannes,1926,1416,1592,birds,ok
chinese-stone-sculpture-of-ostrich-on-the-tomb-of-the-empero__80e22c74.jpg,80e22c74-0623-459f-a3ad-f4158c54fb57,"Chinese Stone Sculpture of Ostrich on the Tomb of the Emperor Kao Tsung. T'ang Period, Seventh Century A.D.",E. Chavannes,1926,1804,2758,birds,ok
bushmen-rock-carvings-of-ostriches__26d501e9.jpg,26d501e9-44b9-4050-bfb2-d691aa05f943,Bushmen Rock Carvings of Ostriches.,M. Helen Tongue,1926,1334,1522,birds,ok
egyptian-scene-showing-a-captured-ostrich-and-man-with-ostri__6aa266a2.jpg,6aa266a2-0e56-492d-8277-738505d58612,Egyptian Scene Showing a Captured Ostrich and Man with Ostrich Feathers and Eggs,O. Keller,1926,1572,1128,birds,ok
blackberry-unripe-fruits-and-flower-rubus-sectio-rubus__d9a62b64.jpg,d9a62b64-edae-4dc0-9ad2-9c7eb1e2e062,"Blackberry, unripe fruits and flower (Rubus sectio rubus)",Master of Claude de France,ca. 1510–1515,2631,3957,birds,ok
hen-and-chicks-sempervivum-tectorum__444ddf84.jpg,444ddf84-34cc-4782-8e67-d606f6e8e8b8,Hen and Chicks (Sempervivum tectorum),Master of Claude de France,ca. 1510–1515,2643,3935,"birds,owls",ok
hazelnut-corylus-avellane__d393d62d.jpg,d393d62d-c1a5-4ce9-87ea-774cfa8399c5,Hazelnut (Corylus avellane),Master of Claude de France,ca. 1510–1515,2607,3883,birds,ok
bare-eyed-pigeon__c6657d2e.jpg,c6657d2e-fd7a-4c83-8644-3d88e82df017,Bare-eyed pigeon,Pauline Knip,1811,3036,4250,"birds,pigeons",ok
western-crowned-pigeon__3b7a4767.jpg,3b7a4767-d02c-43e1-b0e7-2b87858a7c4b,Western crowned pigeon,Pauline Knip,1811,3008,4084,"birds,pigeons",ok
pink-necked-green-pigeon__0f80aece.jpg,0f80aece-3dae-455f-aa4c-173c12266b7a,Pink-necked green pigeon,Pauline Knip,1811,3207,4240,"birds,pigeons",ok
african-green-pigeon__4f99e28d.jpg,4f99e28d-8160-4a5a-94c9-b1f51605f69c,African green pigeon,Pauline Knip,1811,2870,4114,"birds,pigeons",ok
mauritius-blue-pigeon__a37cb850.jpg,a37cb850-3866-46b2-b8ff-3782d5dcfa6f,Mauritius blue pigeon,Pauline Knip,1811,3107,4488,"birds,pigeons",ok
jambu-fruit-dove__d65eb863.jpg,d65eb863-06ac-4823-b981-0b3f4df71f10,Jambu fruit dove,Pauline Knip,1811,2788,3932,"birds,pigeons",ok
sunda-collared-dove__06a8cafe.jpg,06a8cafe-c091-4c30-a2cd-4aee81bd3b10,Sunda collared dove,Pauline Knip,1811,3076,4317,"birds,pigeons",ok
namaqua-dove__c07e5480.jpg,c07e5480-862c-4331-876c-e057128abee4,Namaqua dove,Pauline Knip,1811,3030,4036,"birds,pigeons",ok
buru-green-pigeon__7f7fdb44.jpg,7f7fdb44-1a2c-44dc-aec0-106ffb771fd6,Buru green pigeon,Pauline Knip,1811,2777,3981,"birds,pigeons",ok
mexican-blue-dove-considered-fictitious__c14baa8c.jpg,c14baa8c-7abd-407a-ab67-18a2b370ea24,Mexican blue dove (considered fictitious),Pauline Knip,1811,3267,4378,"birds,pigeons",ok
nicobar-pigeon__87a9bab4.jpg,87a9bab4-a467-46c8-8af2-895dbc6e74a0,Nicobar pigeon,Pauline Knip,1811,3267,4187,"birds,pigeons",ok
bruce-s-green-pigeon__adc2a381.jpg,adc2a381-a9e3-4f80-af5a-5ba21df1984a,Bruce's green pigeon,Pauline Knip,1811,2914,4103,"birds,pigeons",ok
african-olive-pigeon__1a0fb28e.jpg,1a0fb28e-0901-45cf-bb3f-8d06228debcf,African olive pigeon,Pauline Knip,1811,2832,3867,"birds,pigeons",ok
common-bronzewing__b591e2d2.jpg,b591e2d2-8c1f-4d99-9ac8-a54f7de69f59,Common bronzewing,Pauline Knip,1811,3013,4113,"birds,pigeons",ok
white-crowned-pigeon__1c98b105.jpg,1c98b105-5a94-481d-b5b7-1b6dbd5879f1,White-crowned pigeon,Pauline Knip,1811,3057,4223,"birds,pigeons",ok
madagascar-blue-pigeon__2c4778aa.jpg,2c4778aa-d815-4058-91dc-9a796581ef4c,Madagascar blue pigeon,Pauline Knip,1811,3019,4267,"birds,pigeons",ok
gloger-s-dove-considered-fictitious__4f9349df.jpg,4f9349df-cced-4667-aa24-e27585e9ce0e,Gloger's dove (considered fictitious),Pauline Knip,1811,2777,4070,"birds,pigeons",ok
red-crowned-pigeon__de2f136f.jpg,de2f136f-9a8e-4887-8570-2cdbb21706eb,Red-crowned pigeon,Pauline Knip,1811,2898,4207,"birds,pigeons",ok
brush-bronzewing__aec0acf5.jpg,aec0acf5-a489-4d42-8514-5134107b607c,Brush bronzewing,Pauline Knip,1811,2976,4267,"birds,pigeons",ok
madagascar-green-pigeon__92c97ead.jpg,92c97ead-c245-46f4-a15f-1c2fe0b01e7b,Madagascar green pigeon,Pauline Knip,1811,3130,4317,"birds,pigeons",ok
belted-pigeon__2138ed8a.jpg,2138ed8a-06c1-451b-9261-b1e947f6b970,Belted pigeon,Pauline Knip,1811,2975,4293,"birds,pigeons",ok
violaceous-quail-dove__0bed7adf.jpg,0bed7adf-3188-44b6-96d9-ab985d91f30d,Violaceous quail-dove,Pauline Knip,1811,2865,4180,"birds,pigeons",ok
black-capped-pigeon__e08a9a52.jpg,e08a9a52-36bf-40de-84c4-4f66832935f1,Black-capped pigeon,Pauline Knip,1811,2772,4091,"birds,pigeons",ok
superb-fruit-dove__b32392c6.jpg,b32392c6-362a-4b2d-abac-e31ff29dde77,Superb fruit dove,Pauline Knip,1811,2958,4002,"birds,pigeons",ok
the-princess-kissed-its-coral-beak__8fd280d9.jpg,8fd280d9-375c-48d0-b31f-9283a33c08a1,The Princess Kissed Its Coral Beak,Jay Van Everen,1921,1818,2706,birds,ok
untitled__9a9f473c.jpg,9a9f473c-29b5-40e8-a285-71f7dc437fe2,,Christoph Jamnitzer,1610,5979,4708,birds,ok
untitled__a641d081.jpg,a641d081-0506-430f-b81c-ae3e23386470,,Anton Seder,1896,1712,2244,"birds,pigeons",ok
untitled__01ec6237.jpg,01ec6237-5a2f-42c5-b623-035db3791bd4,,Anton Seder,1896,1648,2170,birds,ok
untitled__90c0e282.jpg,90c0e282-0923-4a4a-abda-03b43ef5d9dd,,Anton Seder,1896,2327,1807,"birds,ducks",ok
untitled__a515fc27.jpg,a515fc27-8277-4a9b-9a51-701d4cd8c3bf,,Anton Seder,1896,2124,1602,"birds,ducks",ok
untitled__938d6b8e.jpg,938d6b8e-8265-4893-a280-57c7b7d1e910,,Anton Seder,1896,1606,2132,"birds,eagles",ok
untitled__57db1164.jpg,57db1164-1a48-4779-b35c-61ffedb88049,,Anton Seder,1896,2152,1614,birds,ok
untitled__ccccc63a.jpg,ccccc63a-ca15-4191-ad7e-b5a55687077e,,Anton Seder,1896,1620,2146,birds,ok
untitled__c8bbcce4.jpg,c8bbcce4-1fa4-4334-b528-e3e7d35c2b91,,Anton Seder,1896,1606,2128,birds,ok
untitled__554df9b9.jpg,554df9b9-834e-4292-9687-cc16fd155349,,Anton Seder,1896,1817,2357,"birds,parrots",ok
untitled__1878c2db.jpg,1878c2db-17d4-4003-be57-82e3bb116c6d,,Anton Seder,1896,1632,2172,birds,ok
untitled__ab835e5a.jpg,ab835e5a-c0ea-4ce4-b81e-394c6da30507,,Anton Seder,1896,1638,2166,birds,ok
untitled__52b56606.jpg,52b56606-d9e1-44a4-8d61-42de1c5d4890,,Anton Seder,1896,2218,1638,birds,ok
the-conjurer__ad33a542.jpg,ad33a542-76ac-4450-a6fa-7cc7ec14ff98,The conjurer,Johann Theodor de Bry,1590,2276,1676,birds,ok
facsimile-of-the-codex-r-os-ca-after-1566__57556a55.jpg,57556a55-eba3-48bc-b562-0df85f0ec01a,"Facsimile of the Codex Ríos, ca. after 1566",Agostino Aglio,1831–48,3509,3135,birds,ok
untitled__ff5863bc.jpeg,ff5863bc-ed7b-4ff7-9cec-d1534e4a80ca,,Raffaele Mainella,1907,4060,6156,birds,ok
untitled__a12b1e66.jpeg,a12b1e66-e6bc-4c7f-ae36-1ab4bc46fd24,,Anne Allen; Jean-Baptiste Pillement,ca. 1790s,1740,2354,birds,ok
big-pelican-whose-head-was-almost-human__2c1f03ad.jpeg,2c1f03ad-e3c0-43c2-8087-d787869c679d,"Big Pelican, Whose Head Was Almost Human",Jean de Bosschère,1921,1770,1776,birds,ok
they-were-followed-by-a-cloud-of-cubic-and-spherical-birds__3bad409e.jpeg,3bad409e-4bc2-4f40-95fe-f88583c20638,They Were Followed by a Cloud Of Cubic and Spherical Birds,Jean de Bosschère,1921,3501,1146,birds,ok
little-hats-made-of-pastry__5848c4e5.jpeg,5848c4e5-f7ee-413b-a28e-88772888ae11,Little Hats Made of Pastry,Jean de Bosschère,1921,1149,2067,birds,ok
the-arrows-return-to-their-owners-with-their-prey__6bd16cdd.jpeg,6bd16cdd-5555-40d7-a40b-fb8d24d18125,The Arrows Return to Their Owners With Their Prey,Jean de Bosschère,1921,3840,2720,"birds,pigs",ok
to-throw-stones-at-them__f8a4c577.jpeg,f8a4c577-1310-48bf-bb2d-064b47ae6a51,To Throw Stones at Them,Jean de Bosschère,1921,1800,2492,birds,ok
how-intelligence-was-distributed-among-the-animals-a-tale-fr__335504cd.jpg,335504cd-044a-4f1e-980a-c60365042b4e,"“How Intelligence Was Distributed Among the Animals”, a tale from Bornu.",Tom Seidmann-Freud,1924,1774,1420,"birds,rabbits",ok
the-hare-who-laughed-until-his-lip-burst-a-fairy-tale-from-t__c87c3f73.jpg,c87c3f73-c676-498a-860c-8cbba225d6bb,"“The Hare Who Laughed Until His Lip Burst”, a fairy tale from the parish of Waiwara.",Tom Seidmann-Freud,1924,1774,1420,"birds,rabbits",ok
the-world-is-enlivened-by-the-people-of-ansei__e14b0e77.jpg,e14b0e77-e8fd-432f-965b-29e6562787f0,“The World is Enlivened by the People of Ansei”,,1855,4874,3241,"birds,catfish,fish",ok
r-c-mcpherson-cecil-mack-and-jas-t-brymn-build-a-nest-for-bi__ab51c6fb.jpg,ab51c6fb-afb7-41c4-aed0-ecad82b869dd,"R. C. McPherson (Cecil Mack) and Jas T. Brymn, “Build a Nest for Birdie”",,1906,1268,1650,birds,ok
untitled__9b98ed64.jpeg,9b98ed64-a250-44ad-a410-7df7506569b4,,,ca. 1615–20,1694,1426,birds,ok
blackwork-print-with-birds-insects-and-fruits__0a0754e7.jpeg,0a0754e7-3cef-463f-8ce8-53983bac8a5e,"Blackwork print with birds, insects, and fruits",Claes Jansz. Visscher after Hertzog von Brin,ca. 1620,2720,3075,birds,ok
blackwork-design-for-goldsmith-work-with-a-putto-birds-and-i__d41ae2d2.jpeg,d41ae2d2-822d-497a-8df4-19f90581f775,"Blackwork design for goldsmith work with a putto, birds, and insects",Andreas Gentzsch after Mathais Beitler,1616,2402,2822,birds,ok
eagle__a78b027f.jpg,a78b027f-60a2-4430-b6ce-8c34a204a4de,Eagle,Jacques de Fornazeris,1594,930,1200,"birds,eagles",ok
the-hare-hunter__2d52e59c.jpg,2d52e59c-9a6a-4fb9-aa7f-f1eda8b32767,The Hare Hunter,Johann Theodor de Bry,1596,1002,1200,birds,ok
peacock-shaped-hand-washing-device__2c8eb5c1.jpg,2c8eb5c1-a99f-4fce-9c4a-948c20ece9b2,Peacock-shaped Hand Washing Device,Anonymous,1315,840,1200,birds,ok
untitled__735c3fc5.jpg,735c3fc5-4dc2-4248-a672-038814cd4cb0,,Madame B,ca. 1870s,3000,2053,birds,ok
exclamation-point-or-note-of-admiration__413e374d.jpg,413e374d-ed09-4997-a46a-81c61d49942a,Exclamation Point or Note of Admiration,Mr. Stops,1824,2348,2072,birds,ok
blue-jays-in-winter-and-birds-of-paradise-in-the-forest__ac819a37.jpg,ac819a37-d424-494d-add0-40899317ecf2,Blue Jays in Winter and Birds of Paradise in the Forest,Gerald H. Thayer,1909,1500,1026,birds,ok
peacock-in-the-woods__d83857de.jpg,d83857de-7add-45c5-ae0c-d86b87f6b875,Peacock in the Woods,Gerald H. Thayer,1909,1225,1500,birds,ok
diogenes__cd90f8cc.jpeg,cd90f8cc-3c77-41b1-93a5-7fa79d6b7dbf,Diogenes,Giovanni Jacopo Caraglio,1527,2716,3520,birds,ok
untitled__13c862a1.jpg,13c862a1-1713-4c8f-9233-e89c672b0624,,John Bingley Garland,ca. 1850–60,1858,1467,"birds,snakes",ok
untitled__7fdca472.jpg,7fdca472-48e7-4e96-880a-82e45b6f1ff1,,John Bingley Garland,ca. 1850–60,1864,1527,birds,ok
untitled__897905ba.jpg,897905ba-ab5c-45ad-a9aa-175e1e1e4467,,John Bingley Garland,ca. 1850–60,1848,1412,birds,ok
untitled__ccb44725.jpg,ccb44725-2160-4639-9490-0fa291ba5fb2,,John Bingley Garland,ca. 1850–60,1872,1382,birds,ok
untitled__e906e8e8.jpg,e906e8e8-279a-4505-a890-60e8006b199e,,John Bingley Garland,ca. 1850–60,1852,1387,birds,ok
soap-bubbles__6f73e3f6.jpg,6f73e3f6-7106-4af2-90c2-aa4c41d3f5b7,Soap Bubbles,Jean Jacques de Boissieu,1799,1400,1032,birds,ok
untitled__8a896c8f.jpeg,8a896c8f-577f-4cdd-bb02-d43d80c15bcd,,Philipp Hainhofer,1596–1633,812,1062,birds,ok
untitled__16fe6231.jpg,16fe6231-86c6-47a4-9a36-593370b2825e,,Anton Schöner,1906,1400,964,"birds,pigeons",ok
untitled__191e615d.jpg,191e615d-e257-4d37-a39e-262a25b42347,,Anton Schöner,1906,1400,980,"birds,pigeons",ok
untitled__13abfc91.jpg,13abfc91-1464-48b5-bedb-803cddc6d114,,Anton Schöner,1906,1400,978,"birds,pigeons",ok
untitled__18f38b55.jpg,18f38b55-bf9f-4323-954d-3a5786ca0fdd,,Anton Schöner,1906,1400,969,"birds,pigeons",ok
untitled__2ad218d8.jpg,2ad218d8-5fa4-4c09-b9aa-d61d729b3953,,Anton Schöner,1906,1400,988,"birds,pigeons",ok
untitled__2ade07a4.jpg,2ade07a4-0bae-448f-889f-b7d72a27a19a,,Anton Schöner,1906,1400,977,"birds,pigeons",ok
untitled__3fc14407.jpg,3fc14407-49cd-4612-b9c0-89a0cbf51149,,Anton Schöner,1906,1400,983,"birds,pigeons",ok
untitled__3020b270.jpg,3020b270-ceeb-496b-87d2-8469e1d230f8,,Anton Schöner,1906,1400,974,"birds,pigeons",ok
untitled__36fdf4b6.jpg,36fdf4b6-d64a-4b6e-afb2-36bf1850b688,,Anton Schöner,1906,1400,977,"birds,pigeons",ok
untitled__44aeaa71.jpg,44aeaa71-963c-4d17-a8d4-f4adcaa73508,,Anton Schöner,1906,1400,980,"birds,pigeons",ok
untitled__41c0b3d6.jpg,41c0b3d6-25c5-4fc8-8793-3b32d9d3af35,,Anton Schöner,1906,1400,974,"birds,pigeons",ok
untitled__44bf3ed8.jpg,44bf3ed8-46d2-49f3-9da7-9303cbc77efa,,Anton Schöner,1906,1400,980,"birds,pigeons",ok
untitled__4e2d1976.jpg,4e2d1976-d0e5-45b0-8f1b-1ad393213f31,,Anton Schöner,1906,1400,975,"birds,pigeons",ok
untitled__43184cc6.jpg,43184cc6-a4c7-4f0b-95bb-e46f647920cc,,Anton Schöner,1906,1400,982,"birds,pigeons",ok
untitled__4bf374ad.jpg,4bf374ad-5859-4396-9ed9-71f55ffe4dc4,,Anton Schöner,1906,1400,969,"birds,pigeons",ok
untitled__52dce6bc.jpg,52dce6bc-bc5c-4796-adfe-46ec4deb256e,,Anton Schöner,1906,1400,973,"birds,pigeons",ok
untitled__56b0473f.jpg,56b0473f-a6e9-4284-a847-cca3c177c418,,Anton Schöner,1906,1400,980,"birds,pigeons",ok
untitled__665ff4a3.jpg,665ff4a3-d8a4-4774-b58c-0ed4e1884d88,,Anton Schöner,1906,1400,986,"birds,pigeons",ok
untitled__668f7be1.jpg,668f7be1-0d69-42c4-b8f2-639f17014958,,Anton Schöner,1906,1400,971,"birds,pigeons",ok
untitled__608d684e.jpg,608d684e-f331-48a1-bdeb-d679884e0350,,Anton Schöner,1906,1400,998,"birds,pigeons",ok
untitled__7acdf756.jpg,7acdf756-c709-46a4-aba3-9c30d6b25a50,,Anton Schöner,1906,1400,975,"birds,pigeons",ok
untitled__7a61c8a2.jpg,7a61c8a2-afc8-4999-8288-c1c6d7e514a7,,Anton Schöner,1906,1400,972,"birds,pigeons",ok
untitled__78bcc09f.jpg,78bcc09f-70fe-4fc0-a321-5d31a4c3abd2,,Anton Schöner,1906,1400,974,"birds,pigeons",ok
untitled__8112a782.jpg,8112a782-68f1-493f-b139-41e652dcdaf1,,Anton Schöner,1906,1400,973,"birds,pigeons",ok
untitled__9ca62353.jpg,9ca62353-200d-42b8-b1af-6194e32aea35,,Anton Schöner,1906,1400,980,"birds,pigeons",ok
untitled__9a1ce8b8.jpg,9a1ce8b8-ab1e-496b-83c1-9e8004ae4f0c,,Anton Schöner,1906,1400,977,"birds,pigeons",ok
untitled__93594a53.jpg,93594a53-dcf8-44a1-9409-7b22233a3312,,Anton Schöner,1906,1400,974,"birds,pigeons",ok
untitled__0baa427f.jpg,0baa427f-eb38-4812-ac12-891cdd13959c,,Anton Schöner,1906,1400,971,"birds,pigeons",ok
untitled__015221c2.jpg,015221c2-69f7-4128-84d4-255a63d40a45,,Anton Schöner,1906,1400,973,"birds,pigeons",ok
untitled__a49881d4.jpg,a49881d4-3d12-47da-8629-e7f7371def27,,Anton Schöner,1906,1400,980,"birds,pigeons",ok
untitled__b7cc7461.jpg,b7cc7461-4d74-41ae-9953-20848dc21516,,Anton Schöner,1906,1400,971,"birds,pigeons",ok
untitled__b84bdce0.jpg,b84bdce0-61c8-4a37-80e6-de87bfc5869c,,Anton Schöner,1906,1400,984,"birds,pigeons",ok
untitled__b934bacb.jpg,b934bacb-ca8d-4ad0-85f1-77fddc05571b,,Anton Schöner,1906,1400,970,"birds,pigeons",ok
untitled__c960ddcb.jpg,c960ddcb-4780-4b9e-82ca-649f394ba6f1,,Anton Schöner,1906,1400,982,"birds,pigeons",ok
untitled__cda99695.jpg,cda99695-8872-48eb-bb43-efe550a43ad5,,Anton Schöner,1906,1400,976,"birds,pigeons",ok
untitled__d5779427.jpg,d5779427-d70b-4cca-a34b-5f010bfc362c,,Anton Schöner,1906,1400,988,"birds,pigeons",ok
untitled__d7782684.jpg,d7782684-022c-4b0b-a645-6a8c3f6920eb,,Anton Schöner,1906,1400,969,"birds,pigeons",ok
untitled__dc0bfc05.jpg,dc0bfc05-7ca8-4ace-ae09-5c85ba66f99d,,Anton Schöner,1906,1400,983,"birds,pigeons",ok
untitled__dc8cbcea.jpg,dc8cbcea-f27e-4e2e-a7d0-36468c7af17b,,Anton Schöner,1906,1400,977,"birds,pigeons",ok
untitled__e1320318.jpg,e1320318-3119-48d2-91d9-4a19fa963f7b,,Anton Schöner,1906,1400,974,"birds,pigeons",ok
untitled__e46fef38.jpg,e46fef38-eab4-4be0-b58a-ed111a409870,,Anton Schöner,1906,1400,976,"birds,pigeons",ok
untitled__ef2c5c18.jpg,ef2c5c18-5fe0-4dfc-b745-7d231ec30da8,,Anton Schöner,1906,1400,988,"birds,pigeons",ok
untitled__f3d68b7b.jpg,f3d68b7b-f44a-4b73-8750-3c64da7876d6,,Anton Schöner,1906,1400,973,"birds,pigeons",ok
tree-of-jesse__6d627f2b.jpeg,6d627f2b-d5ae-4a9b-aee6-227c8dd02be7,Tree of Jesse,,ca. 1330,923,1294,birds,ok
the-raven__f581cffb.jpeg,f581cffb-3555-45fa-888e-232c14f30bb4,The Raven,Gustave Doré,1884,822,1200,birds,ok
kimono-design__68a2ac25.jpeg,68a2ac25-5bdc-4c76-849d-091d7ce0ca3f,Kimono design,Ueno Seikō,ca. 1902,706,950,birds,ok
kimono-design__7d0859a1.jpeg,7d0859a1-8b1e-4718-b138-0eb57e8a5b24,Kimono design,Ueno Seikō,ca. 1902,700,960,birds,ok
kimono-design__aa9eae19.jpeg,aa9eae19-67ad-4f3e-834e-38c11c5ce11e,Kimono design,Ueno Seikō,ca. 1902,705,962,birds,ok
kimono-design__dcd04b69.jpeg,dcd04b69-5518-4ddf-adc8-63d0f61768dd,Kimono design,Ueno Seikō,ca. 1902,696,966,birds,ok
untitled__2ba3c714.jpg,2ba3c714-27b6-4a72-aecb-caf6529e1f19,,,16th century,708,1014,birds,ok
untitled__35ca59c5.jpg,35ca59c5-88d1-462c-814d-3e4d41bd6087,,,16th century,915,1248,"birds,owls",ok
untitled__405b677e.jpg,405b677e-2724-4459-b26c-68b00d472c06,,,16th century,716,999,birds,ok
untitled__464fd15c.jpg,464fd15c-f763-49af-8ba0-dbedea5a014c,,,16th century,897,1254,birds,ok
untitled__5fc28574.jpg,5fc28574-8015-4aab-8a30-efd08783a846,,,16th century,866,761,birds,ok
untitled__6c8f0b04.jpg,6c8f0b04-cc94-4029-aabc-8639fb7285e3,,,16th century,973,927,birds,ok
untitled__6645973b.jpg,6645973b-93b1-4eac-aeea-bcbb722254fe,,,16th century,717,987,birds,ok
untitled__6d68ac06.jpg,6d68ac06-3730-4fac-b930-760270be2e00,,,16th century,709,973,birds,ok
untitled__62e13d70.jpg,62e13d70-5d2d-4c0d-9227-3836696944d0,,,16th century,712,977,birds,ok
untitled__8fc8885c.jpg,8fc8885c-7cae-4710-bf4c-1fdbbc44ce75,,,16th century,723,993,birds,ok
untitled__a4573915.jpg,a4573915-d185-470e-bd83-76f47fa74071,,,16th century,756,1041,birds,ok
untitled__abe68c4f.jpg,abe68c4f-386b-4f49-8b30-d7af2c726c8c,,,16th century,933,1269,birds,ok
untitled__d17a2d1e.jpg,d17a2d1e-e685-42d0-99e3-8f96fb6f741c,,,16th century,864,1227,birds,ok
untitled__e8becc76.jpg,e8becc76-9b6d-4310-b470-6b13c147b7af,,,16th century,747,1008,"birds,shells",ok
untitled__f2b34793.jpg,f2b34793-3e72-48c0-a605-2cc0a2149761,,,16th century,888,1071,birds,ok
untitled__f2c78a31.jpg,f2c78a31-707e-4421-9b44-7bbb7c331e7b,,,16th century,945,1596,birds,ok
untitled__30a1abaf.jpg,30a1abaf-0d88-4b5e-8378-3acec7982e53,,Lewis Carroll,1864,848,1400,birds,ok
untitled__4d736a47.jpg,4d736a47-5064-4a1e-a973-ef088a6ac28b,,Lewis Carroll,1864,1400,831,birds,ok
untitled__95f86993.jpg,95f86993-6e9a-4962-8188-a7d4737fc717,,Lewis Carroll,1864,863,1400,birds,ok
a-boat-that-has-for-sails-the-wings-of-a-huge-bird__2ced97c7.jpg,2ced97c7-4cfd-47c7-85a3-aa03d14124dc,A Boat that has for sails the wings of a huge Bird.,Filippo Morghen,1776,1900,1407,birds,ok
untitled__12d44633.jpg,12d44633-c0a0-4020-85d2-107e702e6134,,William Elliot Griffis,1922,614,1000,birds,ok
untitled__feca02c4.jpg,feca02c4-0758-423e-8e27-daa7889b6520,,William Elliot Griffis,1922,637,1000,birds,ok
air__a5be33ae.jpg,a5be33ae-5f5f-4de0-bb73-338851bf86d6,Air,Maerten de Vos; Adriaen Collaert,1580-84,2466,2025,"birds,lizards",ok
bird-of-paradise-sirin__3b3759a1.jpg,3b3759a1-8cd6-49f5-a567-cdc85f6c40d6,Bird of paradise Sirin,D. A. Rovinskii,1881,848,1024,"bird-of-paradise,birds",ok
untitled__8b9fb8a9.jpg,8b9fb8a9-06b8-42e7-952f-6ce96d24aebf,,Lorenz Stoer,1567,577,800,birds,ok
the-holy-wound__4f2ec414.jpg,4f2ec414-03b4-4bf5-a0db-add0873f1821,The Holy Wound,Jean Le Noir,ca. 14th century,779,1200,birds,ok
figure-riding-a-pheasant-on-the-beach__be27b15d.jpg,be27b15d-4167-4436-b592-658e823de91e,Figure Riding a Pheasant on the Beach,Bernard Essers,ca. 1920,807,1200,birds,ok
bird-of-paradise__c09f247c.jpg,c09f247c-2792-4949-aa19-64a868bf5246,Bird of Paradise,Samuel Jessurun de Mesquita,1914,487,1200,birds,ok
tsuba-made-of-iron-openwork-shaped-like-a-heraldic-crane-so-__20fb5067.jpg,20fb5067-763e-4e49-b58e-d3e0e4baf9ee,"Tsuba made of iron, openwork, shaped like a heraldic crane (so-called chrysanthemum crane).",Georg Oeder,1916,600,601,birds,ok
tsuba-made-of-iron-openwork-with-silhouetted-cranes-reeds-an__6a4b05a5.jpg,6a4b05a5-d9de-4a05-9032-2f2b02a217c8,"Tsuba made of iron, openwork, with silhouetted cranes, reeds, and water.",Georg Oeder,1916,600,605,birds,ok
tsuba-made-from-shakud-shallow-inlays-of-bicoloured-gold-and__7226d0d9.jpg,7226d0d9-a430-4fdc-8a80-d2cea8d00c63,Tsuba made from shakudō. Shallow inlays of bicoloured gold and silver with migrating plovers over stylized waves.,Georg Oeder,1916,600,613,birds,ok
tsuba-made-of-iron-eagle-in-high-relief-on-yellow-metal-sitt__7e7e111f.jpg,7e7e111f-08e1-4686-b7bc-21904c449a81,"Tsuba made of iron. Eagle in high relief on yellow metal sitting in a pine tree, holding a monkey in its talons.",Georg Oeder,1916,600,626,"birds,eagles",ok
tsuba-made-of-iron-openwork-shaped-like-a-heraldic-crane-eye__73352d27.jpg,73352d27-9754-4613-ae21-6d59b4196295,"Tsuba made of iron, openwork, shaped like a heraldic crane. Eyes made of yellow metal.",Georg Oeder,1916,600,623,birds,ok
tsuba-made-of-yellow-bronze-in-relief-and-inlaid-with-gold-s__ec98f8db.jpg,ec98f8db-82e5-4b5e-9ef1-e44dbbd47b76,"Tsuba made of yellow bronze. In relief and inlaid with gold, silver, and shibuichi, plovers above waves.",Georg Oeder,1916,600,621,birds,ok
uni-horned-creatures__c7d160ca.jpg,c7d160ca-7e5f-48de-b7b1-698d444ea248,Uni-Horned Creatures,,1678,1024,593,birds,ok
saint-mark-and-evangelical-symbols-8th-or-9th-century__2f54ba07.jpg,2f54ba07-49aa-4435-a749-c0b648c69b61,Saint Mark and Evangelical Symbols (8th or 9th century),John O. Westwood,1868,1200,763,birds,ok
saint-mark-7th-century__ada503ee.jpg,ada503ee-5767-404f-a2d5-6cec8716a6ee,Saint Mark (7th century),John O. Westwood,1868,700,961,birds,ok
pollybirdia-singularis__da2e69a3.jpg,da2e69a3-cbd7-47c3-8b0b-eb0102190568,Pollybirdia Singularis,Edward Lear,1888,508,800,"birds,parrots",ok
the-small-pack-penguin-the-royal-penguin__ca652634.jpg,ca652634-508b-4aea-9ecf-8e8e6db7b732,The Small Pack Penguin / The Royal Penguin,Frederick Albert Cook,1900,421,798,birds,ok
notre-dame-de-paris__cb285df3.jpg,cb285df3-1dd8-4339-884b-3ace6fb689dd,Notre-Dame de Paris,Luc-Olivier Merson,ca. 1881,539,800,birds,ok
the-pursuit__c7a82f3c.jpg,c7a82f3c-8cfe-45e4-98e8-20267f03686b,The Pursuit,J. J. Grandville,1844,855,1200,"birds,cats",ok
natural-history-of-carolina-florida-and-the-bahama-islands-v__cacb60fb.jpg,cacb60fb-cd08-4f6b-b0aa-ef16e4746964,"Natural History of Carolina, Florida and the Bahama Islands, v1. Tab 74",Mark Catesby,1731,562,768,birds,ok
natural-history-of-carolina-florida-and-the-bahama-islands-v__5c2f5124.jpg,5c2f5124-eaae-482b-9b10-cdd41269204e,"Natural History of Carolina, Florida and the Bahama Islands, v1. Tab 10",Mark Catesby,1731,553,768,"birds,parrots",ok
natural-history-of-carolina-florida-and-the-bahama-islands-v__6fd8a3d4.jpg,6fd8a3d4-fd4a-43a6-b907-7ff1940d4edc,"Natural History of Carolina, Florida and the Bahama Islands, v1. Tab 6",Mark Catesby,1731,1024,735,birds,ok
natural-history-of-carolina-florida-and-the-bahama-islands-v__51c0a2fe.jpg,51c0a2fe-c9c3-47bb-ac57-87c8c63e368b,"Natural History of Carolina, Florida and the Bahama Islands, v2. app. Tab 10",Mark Catesby,1743,1005,768,"beetles,birds,entomology,insects",ok
guide-for-constructing-the-tironian-con-and-orum__f6976737.jpg,f6976737-c681-4615-8a1d-3c7d0ef758d3,Guide for Constructing the Tironian con and Orum,Joris Hoefnagel,ca. 1595,827,1200,birds,ok
guide-for-constructing-the-letters-and-tironian-et__77cef72d.jpg,77cef72d-bd3b-4e18-8ba8-5443e3b040ef,Guide for Constructing the Letters Ç and Tironian et,Joris Hoefnagel,ca. 1595,827,1200,"bats,birds,lions",ok
guide-for-constructing-the-letters-a-and-b__bb309e24.jpg,bb309e24-46b9-4c2a-91b0-2b397aff8bc8,Guide for Constructing the Letters a and b,Joris Hoefnagel,ca. 1595,844,1200,birds,ok
guide-for-constructing-the-letter-e__f1f85546.jpg,f1f85546-76ae-49b8-abf0-1116912f6088,Guide for Constructing the Letter E,Joris Hoefnagel,ca. 1595,827,1200,birds,ok
guide-for-constructing-the-letter-c__2d62e88b.jpg,2d62e88b-7e27-4827-9dca-7a5bd52e3b1b,Guide for Constructing the Letter C,Joris Hoefnagel,ca. 1595,814,1200,birds,ok
night__6e24dd2e.jpg,6e24dd2e-6bfa-4c30-9f82-7234a266d9d0,Night,William Blake,ca. 1825,833,1200,birds,ok
untitled__72fe3ec3.jpg,72fe3ec3-5106-4511-b9c2-4dc4cc0bc0a7,,Giovanni Battista Bracelli,1624,1000,752,birds,ok
two-different-colourings-of-the-same-image-in-em-the-little-__8930ef42.jpg,8930ef42-ad52-46f9-aa3e-dcd7fc5cdac9,Two different colourings of the same image in <em>The “Little Folks” Painting Book</em> (1879),,1879,674,1374,birds,ok
peacock-shaped-hand-washing-device__094e8557.jpg,094e8557-1284-48db-8e07-4d0ef4223ff9,Peacock-shaped Hand Washing Device,Unknown (Illustration by Ibn al-Razzaz al-Jazari),1315,566,799,birds,ok
portrait-of-juan-maria-osorio__cc4d1eda.jpg,cc4d1eda-bef8-4799-b87c-8a59f320fa42,Portrait of Juan Maria Osorio,Agustín Esteve y Marques,ca. 1786,559,799,birds,ok
parrot-on-the-branch-of-a-flowering-rose-bush__1679dcfd.jpg,1679dcfd-d3d8-4ecc-a19a-21beced97f05,Parrot on the Branch of a Flowering Rose Bush,Itō Jakuchū,ca. 1900,1024,751,"birds,parrots",ok
swallow-and-camellia__67d0fedc.jpg,67d0fedc-eff1-4362-9d63-9b7036415ad0,Swallow and Camellia,Itō Jakuchū,ca. 1900,715,799,birds,ok
red-parrot-on-the-branch-of-a-tree__799ce6f0.jpg,799ce6f0-9ffb-41c0-99c8-6ac2b890de81,Red Parrot on the Branch of a Tree,Itō Jakuchū,ca. 1900,1024,753,"birds,parrots",ok
a-white-mackaw__e854f242.jpg,e854f242-f756-4e77-9ee6-515a3b08b209,A White Mackaw,Itō Jakuchū,ca. 1900,799,785,"birds,parrots",ok
the-paroquet__e2c297d3.jpg,e2c297d3-b70f-4639-af62-abca28aa971b,The Paroquet,Itō Jakuchū,ca. 1900,713,800,"birds,parrots",ok
golden-pheasant-in-the-snow__f88ee31d.jpg,f88ee31d-3088-4b29-8e72-f3d5263de2eb,Golden Pheasant in the Snow,Itō Jakuchū,ca. 1900,1173,820,birds,ok
no-sooner-had-he-whistled-than-he-heard-a-whizzing-and-a-whi__54e86ac5.jpg,54e86ac5-7fd8-408b-b3b4-d340c342349d,"""No sooner had he whistled than he heard a whizzing and a whirring from all quarters, and such a large flock of birds swept down that they blackened all the field in which they settled.""",Kay Nielsen,1922,557,800,birds,ok
18th-century__45b8893d.jpg,45b8893d-001e-4da1-8ef3-4387918c30ec,18th Century,Albert Racinet,1869–73,678,1024,birds,ok
chinese-detail__8ec1c2e7.jpg,8ec1c2e7-92f2-4ec0-bf33-8e2ec7c7f62e,Chinese (Detail),Albert Racinet,1869–73,800,797,birds,ok
chinese__9b81149a.jpg,9b81149a-76a8-4e19-a237-c3e7050af2c5,Chinese,Albert Racinet,1869–73,695,1024,birds,ok
fore-edge-for-a-copy-of-the-modern-history-of-hindostan__bd0f93c2.jpg,bd0f93c2-4878-4b9d-9e92-a6667dcdf419,Fore-edge for a copy of *The Modern History of Hindostan*,,1802,1024,315,birds,ok
fox-fires-on-new-year-s-eve-at-the-shozoku-nettle-tree-in-oj__0add1d08.jpg,0add1d08-aa67-454f-8805-a3b5d3259921,“Fox Fires” on New Year’s Eve at the Shozoku Nettle Tree in Oji,Utagawa Hiroshige,1857,600,894,birds,ok
cuckoo-and-pine__f15a7f88.jpg,f15a7f88-0c84-4086-824b-8bb2a2536b9a,Cuckoo and Pine,Utagawa Hiroshige,1840,1000,782,birds,ok
adam-tills-the-soil__573e3ea0.jpg,573e3ea0-deda-4ba7-994d-6ae29dbf8081,Adam Tills the Soil,Hans Holbein,1523–5,550,696,birds,ok
bird-of-paradise-in-emblem__5df401a2.jpg,5df401a2-1f65-4cee-b868-5abf8c0815a8,Bird of Paradise in Emblem,Joachim Camerarius,1596,870,1024,"birds,ducks",ok
bird-of-paradise__020845c6.jpg,020845c6-997b-4f39-bbbc-66e368e9ad10,Bird of Paradise,Conrad Gessner,1551–8,658,1024,"birds,ornithology",ok
bird-of-paradise-drinking-rain__a98020eb.jpg,a98020eb-6b5f-4ca8-909b-5a2d9be546c8,Bird of Paradise Drinking Rain,Ulisse Aldrovandi,1599,800,1269,birds,ok
representation-of-a-person-s-inward-state-who-being-reconcil__624f5d4c.jpg,624f5d4c-e1f3-4a05-b6bd-1b81976e2be6,"Representation of a Person's Inward State Who Being Reconciled With God, Will Know Nothing More Than the Crucified Jesus",Johannes Gossner,1851,671,1024,birds,ok
going-to-the-banquet__3b2645ee.jpg,3b2645ee-1fe9-4c79-b960-00f620998f8f,Going to the Banquet,J. J. Grandville,1877,446,712,birds,ok
untitled__94a5a0ef.jpg,94a5a0ef-c4b3-4e82-831b-009025230d00,,J. J. Grandville,1877,565,740,birds,ok
untitled__0c9862c2.jpg,0c9862c2-a358-4ca1-98c4-23612f39a37d,,J. J. Grandville,1877,566,604,birds,ok
the-stuffed-ox-in-operation__383f6f88.jpg,383f6f88-2d0c-463c-9a3b-f19cc1844392,The Stuffed Ox in Operation,Richard Kearton,1909,800,610,birds,ok
author-with-wooden-mask-off__33f226e3.jpg,33f226e3-3c6c-418e-ae7f-6f62513eafb3,Author With Wooden Mask Off,Richard Kearton,1909,652,754,birds,ok
artificial-tree-trunk-open__441bd59d.jpg,441bd59d-38c3-45a3-92b4-0b2b71dfd13a,Artificial Tree-Trunk Open,Richard Kearton,1898,699,1023,birds,ok
author-hidden-under-wooden-mask__4ab3d76a.jpg,4ab3d76a-4d45-417b-92a0-88ef32b5e0ef,Author Hidden Under Wooden Mask,Richard Kearton,1909,653,759,birds,ok
sod-house-for-photographing-golden-plover__71df77d8.jpg,71df77d8-18b9-4971-b32e-f0de6b8dabb2,Sod House for Photographing Golden Plover,Richard Kearton,1909,895,578,birds,ok
shouldering-the-imitation-ox__7442d2ea.jpg,7442d2ea-1d71-4bce-bb68-13e9ee02d59c,Shouldering the Imitation Ox,Richard Kearton,1909,963,1052,"birds,horses",ok
photographing-in-a-cart-shed__84a8b38f.jpg,84a8b38f-721c-4471-a41c-5df92b418adf,Photographing in a Cart-Shed,Richard Kearton,1909,752,1024,birds,ok
mounted-on-the-imitation-ox__84385f57.jpg,84385f57-c8d7-4079-adec-df2bbe906090,Mounted on the Imitation Ox,Richard Kearton,1909,755,800,"birds,livestock",ok
artificial-tree-trunk-closed__0890bdbb.jpg,0890bdbb-3c7c-45bc-a7b1-499db65c4e40,Artificial Tree-Trunk Closed,Richard Kearton,1898,710,1024,birds,ok
stone-house-for-photographing-oyster-catcher__0f9c1d82.jpg,0f9c1d82-6d6e-4637-bbdf-3c3eab603516,Stone House for Photographing Oyster-Catcher,Richard Kearton,1909,859,628,birds,ok
artificial-rubbish-heap__cb80e8e7.jpg,cb80e8e7-4536-4aeb-9b45-ce8a6705ec44,Artificial Rubbish-Heap,Richard Kearton,1898,800,676,birds,ok
artificial-rock__f270c529.jpg,f270c529-c285-432a-95b0-fcabe9e90131,Artificial Rock,Richard Kearton,1909,800,616,birds,ok
witches-presenting-wax-dolls-to-the-devil__3e40fe19.jpg,3e40fe19-e65a-4f8b-b02b-3d16a427ea76,Witches Presenting Wax Dolls to the Devil,,1720,1000,863,birds,ok
group-of-winter-dancers-qagyuhl-ceremonial-dancers-in-a-circ__52a65de8.jpg,52a65de8-5446-4953-9c5e-8fef1f9416ce,"Group of Winter Dancers, Qagyuhl — Ceremonial dancers, in a circle during the Winter Dance ceremony.",Edward Curtis,ca. 1914,640,470,birds,ok
kwahwumhl-koskimo-dancer-wearing-raven-mask-with-coat-of-cor__efcdc281.jpg,efcdc281-b3d9-4f13-a2dd-1d8a4546f9f8,"Kwahwumhl, Koskimo — Dancer wearing raven mask with coat of cormorant skins.",Edward Curtis,ca. 1914,476,640,birds,ok
a-monkey-holding-a-bound-putto-standing-on-a-garland-in-fron__cd7c3f17.jpg,cd7c3f17-932e-47db-a316-522803a98859,A Monkey Holding A Bound Putto Standing On A Garland In Front Of Which Are Two Winged Putti,Master of the Die,mid-16h century,1000,742,"bears,birds",ok
the-washington-coat-of-arms__5eae1ba9.jpg,5eae1ba9-2902-4c70-9af9-63b1c3d9d382,The Washington Coat of Arms,,1879,633,834,"birds,lions",ok
untitled__6918c0fa.jpg,6918c0fa-b90b-430a-a1c6-c39171fc5d28,,,1190–1200,653,800,"birds,dogs",ok
image-from-an-alchemical-manuscript-by-an-unknown-author__fb624e7b.jpg,fb624e7b-61ac-4958-a284-4917db64a7b2,Image from an alchemical manuscript by an unknown author.,,ca. 1725,1000,787,birds,ok
raja-yoga-academy-point-loma__146d68c7.jpg,146d68c7-eb62-4a7f-9b58-0d044cc25144,"Raja Yoga Academy, Point Loma",Bain News Service,1915,1024,748,birds,ok
children-at-raja-yoga-academy-point-loma__8c1b3369.jpg,8c1b3369-5845-445b-841b-46be8fffcfa1,"Children at Raja Yoga Academy, Point Loma",Bain News Service,1915,1024,748,birds,ok
phenakistoscope__33664f85.jpg,33664f85-a019-4c18-84b7-bf711e045196,Phenakistoscope,,1833,669,671,birds,ok
phenakistoscope__58488f1f.gif,58488f1f-46d2-432e-a157-4475c4283ddd,Phenakistoscope,,1833,480,480,birds,ok
phenakistoscope__8b17b4da.jpg,8b17b4da-1184-4c1a-8868-7ffdd5b63a73,Phenakistoscope,,1833,669,664,"birds,butterflies",ok
phenakistoscope__e2e38ef0.gif,e2e38ef0-7f8e-493e-ba15-f23dbb5aeff6,Phenakistoscope,,1833,480,480,"birds,butterflies",ok
black-sun__844369ca.jpg,844369ca-1fb1-4b79-8c3f-1fc1513be1c5,Black Sun,,1582,530,800,birds,ok
vaucanson-s-automata__6a3341a2.jpg,6a3341a2-294d-4bfa-8824-c61f4adabec3,Vaucanson’s Automata,,1902,1001,661,birds,ok
hydraulic-fountain-by-hero__d87bbef4.jpg,d87bbef4-9308-4dff-8f37-ecfc18bf3565,Hydraulic Fountain by Hero,,1851,1420,1500,birds,ok
untitled__bff4681f.jpg,bff4681f-6bc2-4488-92cc-57d8c36d3453,,Anne Wagner,1795-1834,1000,656,birds,ok
the-stabbed-dove-and-the-fountain__80e7813f.jpg,80e7813f-0ba5-4e82-bb98-0757c2d5ba4c,The stabbed dove and the fountain,Guillaume Apollinaire,1918,1004,1609,birds,ok
untitled__3c629637.jpg,3c629637-d6af-4e96-9581-bf8433be834c,,Giuseppe Maria Mitelli,1718,563,800,birds,ok
untitled__73a704c3.jpg,73a704c3-d56e-4944-b4ec-f7c89e2c4beb,,Giuseppe Maria Mitelli,1718,563,800,birds,ok
galanthus-and-ipheion__443fd7d7.jpg,443fd7d7-7ab5-456c-b7be-3464d1c496df,Galanthus and Ipheion,Gherardo Cibo,,600,826,birds,ok
helleboris-viridis__006df5f7.jpg,006df5f7-275c-436e-a181-09016b3c43b9,Helleboris viridis,Gherardo Cibo,,600,841,birds,ok
but-the-mother-came-with-such-a-rush-that-he-had-to-hurl-him__63d9a44e.jpg,63d9a44e-3b67-4902-9517-52347ab77279,"""But the mother came with such a rush that he had to hurl himself into the lake to escape her fury.""",Arthur Heming,1925,885,960,"bears,birds",ok
untitled__2acf9f03.jpg,2acf9f03-4399-4171-b99a-24b39cf1a2c8,,,ca. 1775,620,471,birds,ok
dante-and-beatrice-ascending-to-the-heaven-of-jupiter__1fac5747.jpg,1fac5747-7648-4312-b7ea-4af743cf9318,Dante and Beatrice ascending to the Heaven of Jupiter,,1444–1450,1024,497,birds,ok
dante-and-virgil-at-the-gates-of-purgatory-and-the-proud-car__febe7472.jpg,febe7472-fa27-4f4c-9e2f-4bc7cbcf3624,"Dante and Virgil at the gates of Purgatory, and the Proud carrying heavy stones",,1444–1450,1024,507,birds,ok
a-fountain-in-the-shape-of-a-cage__952cba91.jpg,952cba91-691e-4394-8335-849efb7927e0,A Fountain in the Shape of a Cage,Cornelis Floris II; Hieronymus Cock,1557,800,1150,birds,ok
a-woman-and-two-satyrs-by-a-fountain__a97c8935.jpg,a97c8935-ade7-4114-8197-28cd4bd92573,A Woman and Two Satyrs by a Fountain,Cornelis Floris II; Hieronymus Cock; Johannes or Lucas van Doetecum,1556,800,1089,birds,ok
allegory-for-the-sense-of-touch__324983fb.jpg,324983fb-1abf-4658-91ee-b55888a7b8d1,Allegory for the Sense of Touch,N. de Bruyn; Maerten de Vos,ca. 1560,690,534,birds,ok
a-eunuch-s-dream__e5e92583.jpg,e5e92583-25b6-40e3-9041-ceaf657a38de,A Eunuch's Dream,Jean Lecomte du Nouÿ,1874,2500,1498,birds,ok
untitled__b33e9125.jpg,b33e9125-7f76-4010-a1f3-f9a34986df04,,Utagawa Yoshishige,1848,500,701,birds,ok
untitled__dcf2b32e.jpg,dcf2b32e-899c-499d-8f56-1fc19b5215cd,,Utagawa Yoshishige,1848,500,692,birds,ok
untitled__0234b455.jpg,0234b455-a18d-4c7f-8f6c-33775f277ac8,,,ca. 1467,600,901,birds,ok
untitled__9b1b9f4a.jpg,9b1b9f4a-50e3-43f4-8b69-ed4b4b6dd638,,Master of San Miniato,15th century,600,886,"birds,goats",ok
the-crow-crieth__2e7163f2.jpg,2e7163f2-506c-4c65-b0c4-fc64d69c5f49,“The Crow Crieth…”,,1705,605,1024,birds,ok
a-tree-a-spider-web-and-an-eagle__f6dc1d9f.jpg,f6dc1d9f-5b7a-4ea9-b0c7-81f0fcb98351,"A tree, a spider web, and an eagle.",,ca. 1440,570,841,birds,ok
plants-and-a-bird-of-prey-killing-a-duck__febf233d.jpg,febf233d-8b5f-4823-96a3-b7e295a717a9,"Plants, and a bird of prey killing a duck.",,ca. 1440,570,834,birds,ok
untitled__bc588339.jpg,bc588339-cce0-4274-84e8-a4ce02316cb9,,Arent van Bolten,ca. 1610,850,724,birds,ok
untitled__dce1d284.jpg,dce1d284-111c-4e72-a74e-8a51d8e9b06f,,Arent van Bolten,ca. 1610,850,640,"birds,cats",ok
untitled__f20e629f.jpg,f20e629f-cee8-48fd-b758-648f36edbd08,,Arent van Bolten,ca. 1610,850,626,birds,ok
untitled__77ebf496.jpg,77ebf496-1ad3-450b-a46b-36e0bfe3fca2,,,,487,240,"birds,fish",ok
untitled__df1ead0f.jpg,df1ead0f-5732-4a88-93fc-50d73e9b3cf8,,,,243,250,birds,ok
l-the-geese-being-tired-rest-superficially-on-the-branch-of-__1db10029.jpg,1db10029-ffbb-434b-950f-4f151e66b7d0,"L. & the geese being tired, rest superficially on the branch of an oak tree.",Edward Lear,1860,840,587,birds,ok
b-h-h-remonstrates-with-e-l-on-his-determination-to-get-out-__35a0f402.jpg,35a0f402-799b-48a6-b20a-0e5bcd6123a3,B.H.H. remonstrates with E.L. on his determination to get out of doors on a windy day.,Edward Lear,1860,840,588,birds,ok
l-is-gradually-blown-away-farther-farther-farther-fluff__5d665f44.jpg,5d665f44-2be6-4b44-b016-c0158f4df277,L. is gradually blown away farther & farther & farther & fluff.,Edward Lear,1860,840,587,birds,ok
december-26-1860__937f78cd.jpg,937f78cd-d3c5-4626-ace6-2f8a276c2f1f,December 26. 1860,Edward Lear,1860,840,588,birds,ok
last-view-of-e-l-before-he-was-teetotallaciously-blown-away__036ac77b.jpg,036ac77b-2ef7-423d-8cf8-18f49239b095,Last view of E. L. before he was teetotallaciously blown away.,Edward Lear,1860,840,587,birds,ok
l-continues-to-fly-on-is-joined-by-some-friendly-geese__01701190.jpg,01701190-0ff6-4194-a16c-b51d71f281c3,"L. continues to fly on, & is joined by some friendly geese.",Edward Lear,1860,840,587,birds,ok
l-continues-to-fly-straight-forward__a40fb83e.jpg,a40fb83e-5f8e-410c-9b07-96eb52fe1c7f,L. continues to fly straight forward.,Edward Lear,1860,840,587,birds,ok
l-goes-out-but-finds-the-wind-inconveniently-high__aeb6c54f.jpg,aeb6c54f-b7c6-4443-bede-63d339ba5323,"L. goes out, but finds the wind inconveniently high.",Edward Lear,1860,840,587,birds,ok
the-last-view-but-one-of-e-l-as-he-appeared-on-the-windy-day__d20a2b8a.jpg,d20a2b8a-d7a7-4cc8-afe1-6dbc5794b445,"The last view but one of E. L. as he appeared on the windy day of June 2, 1860.",Edward Lear,1860,840,587,birds,ok
l-is-carried-off-his-legs-into-the-hair-sic-all-among-the-bi__de6d9d8c.jpg,de6d9d8c-2c26-4c10-9045-7e0b880ff2c1,L. is carried off his legs into the hair [sic] all among the birds.,Edward Lear,1860,840,585,birds,ok
untitled__c2935cb6.jpg,c2935cb6-a612-4e4e-88d1-d8043a722a31,,Frederick Whitney,1909,1160,1500,birds,ok
canon-table-page__8047d041.jpg,8047d041-9725-45f6-99e5-c14969ce43b8,Canon Table Page,T'oros Roslin,1256,555,700,birds,ok
the-dancing-fairy__c8152d48.jpg,c8152d48-c8d2-4f80-a400-5f864fc9c975,The Dancing Fairy,Frances Griffiths; Elsie Wright,1922,540,735,birds,ok
the-sawed-off-head-the-reduction__38f3b756.jpg,38f3b756-ebeb-4d51-81e6-abeeb778793f,The Sawed-Off Head / The Reduction,,1897,312,790,birds,ok
the-sawed-off-head-the-reduction__74ed4f4b.jpg,74ed4f4b-d1bb-46bf-aa2f-46f78aa42163,The Sawed-Off Head / The Reduction,,1897,1306,3200,birds,ok
another-decapitation__84771dd8.jpg,84771dd8-80d4-4222-9fbd-ba53aa8f511f,Another Decapitation,,1897,1306,1712,birds,ok
the-water-wonder-or-the-fishes-lords-of-the-creation__3c5b06d9.jpg,3c5b06d9-2fc4-47ad-8c08-e5b3bbe7a796,The water wonder or the fishes lords of the creation,,18th century,786,558,birds,ok
gallantry-a-la-mode-or-the-lovers-catched-by-the-bird__f1f682ca.jpg,f1f682ca-587a-4081-8569-b97b48a7d083,Gallantry - a la mode - or the lovers catched by the bird,,18th century,771,540,birds,ok
magic-toys__ee553d0f.jpeg,ee553d0f-7c63-487e-b034-8fd57c1e9d43,Magic Toys,,1883,2984,2197,birds,ok
untitled__9eb6c14b.jpg,9eb6c14b-ea47-4577-bd24-51e1451e0411,,Augustin Hirschvogel,1543,4166,5880,"birds,owls",ok
untitled__d5f20ef5.jpg,d5f20ef5-4fb8-4a45-9407-23fb6241c963,,Ernst Schneidler,1919,370,368,"birds,deer",ok
hemlock__14e6c45d.jpg,14e6c45d-578d-4717-80dd-eb7016de817e,Hemlock,J. J. Grandville,1849,1073,1500,"birds,frogs,rabbits",ok
poppy__3eb291e5.jpg,3eb291e5-9e66-40e0-84d5-9c1a43d0dcd8,Poppy,J. J. Grandville,1849,1067,1500,"birds,insects",ok
gillyflower__b61cd150.jpeg,b61cd150-782c-40f8-8224-10cd1b133a47,Gillyflower,J. J. Grandville,1849,1208,1500,birds,ok
pansy__b55bedad.jpg,b55bedad-fd02-4a80-b444-23cf3b4d5583,Pansy,J. J. Grandville,1849,1094,1500,birds,ok
hortensia-and-crown-imperial__ed0602b9.jpg,ed0602b9-a9d7-489d-a734-97343372b3bf,Hortensia and crown imperial,J. J. Grandville,1849,1129,1500,"birds,insects",ok
untitled__7b15cdda.jpg,7b15cdda-3c23-47cb-b049-a7e7bae081e1,,Charles Mavelot,1695,800,564,birds,ok
untitled__a46f2695.jpg,a46f2695-3a97-4758-afc0-b5db3ada0de4,,Charles Mavelot,1695,800,564,birds,ok
untitled__a05160d8.jpg,a05160d8-450f-48e6-a9f9-df830d266b4f,,Charles Mavelot,1695,800,564,birds,ok
untitled__f0c9ae60.jpg,f0c9ae60-61d1-40fc-9a4e-1bde080390b6,,Charles Mavelot,1695,800,564,birds,ok
untitled__cc546013.jpg,cc546013-8916-48ce-b371-6885366fa5fa,,,1678-1693,800,632,birds,ok
untitled__5ad4e263.jpg,5ad4e263-f33f-4069-98cd-f3e41261ff64,,,ca. 17th century,2040,1980,birds,ok
untitled__133dff13.jpeg,133dff13-83fb-4e4b-a4c2-53cf2dc5a715,,,1902,1494,2120,birds,ok
untitled__7ad07964.jpeg,7ad07964-3a7d-428a-99b5-c0a4b7a67719,,,1902,1624,2288,birds,ok
embalming-jar__5671021c.jpg,5671021c-abb5-4700-b01d-37640a5430b2,Embalming Jar,Frederic Ruysch,1710,650,878,birds,ok
entrance-to-the-hut__1c87a8f9.jpg,1c87a8f9-ed9a-40f5-a283-d9ec673d93b1,Entrance to the Hut,Hjalmar Johansen,1913,700,705,birds,ok
untitled__8b472e03.jpg,8b472e03-1e8b-4365-b2d6-977a6053e615,,Giambattista della Porta,1586,383,600,birds,ok
untitled__ea8f2c60.jpg,ea8f2c60-9071-4e07-9471-d3e899267f9f,,Giambattista della Porta,1586,387,599,birds,ok
bronze-eagle-at-the-mus-e-alexandre-iii__d8ca0f1e.jpg,d8ca0f1e-bab0-4c06-9883-764af1bc426c,Bronze Eagle at the Musée Alexandre III,Clare Sheridan,1921,620,800,"eagles,ornithology",ok
mr-glaisher-insensible-at-the-height-of-seven-miles__bf073eeb.jpg,bf073eeb-d1ac-49d4-af4c-02a94e932316,Mr. Glaisher insensible at the height of seven miles.,Émile-Antoine Bayard; Charles Laplante,1871,1764,2637,pigeons,ok
untitled__d294acdf.jpg,d294acdf-9363-435e-8cef-f002d429f630,,Anton Seder,1896,1644,2178,owls,ok
left-a-toy-owl-sold-at-the-shrine-of-kishimojin-in-tokyo-the__e646d028.jpg,e646d028-0d10-4b8f-8271-55c96f6cecb5,"Left: A toy owl sold at the shrine of Kishimojin in Tokyo. The fox, dressed as an actor, is a kind of jumping jack. Right: various noisemakers — clamshell rattles, seed “bells”, and a popgun type “firecracker”. (Volume 1, pg. 39)",,1891,1400,983,owls,ok
hoot-owl-cafe-horizontal-view-8711-long-beach-boulevard-sout__a9635843.jpg,a9635843-3486-4125-9f6d-baf14d63aedc,"Hoot Owl Cafe, horizontal view, 8711 Long Beach Boulevard, Southgate, Los Angeles, California.",John Margolies,1977,1024,691,owls,ok
skating-owls__b84b0960.jpg,b84b0960-94c5-49c5-9da5-5b2c16db65ce,Skating Owls,Adriaen van de Venne,1660,1200,830,"monkeys,owls",ok
what-a-golden-beak__528ab1ce.jpg,528ab1ce-9d37-4696-8a03-96772aff7b3c,What a Golden Beak!,Francisco de Goya,1797–99,680,962,owls,ok
the-sleep-of-reason-produces-monsters__04c9bc1e.jpg,04c9bc1e-948b-4c39-8c30-970f8f820e66,The Sleep of Reason Produces Monsters,Francisco de Goya,1797–9,680,995,owls,ok
amon__90a44be2.jpg,90a44be2-cd79-4c7e-9f85-3c8ad4468d7a,Amon,Louis le Breton,1863,704,800,owls,ok
no-injury-to-the-willing__577d8478.jpg,577d8478-e396-433f-bb5b-d5ea7ebab92b,No Injury to the Willing,Marcus Eugenius Bonacina,ca. 1790,419,583,owls,ok
untitled__0845ff90.jpg,0845ff90-02d2-4e8e-a6c6-c147f1c28000,,Anne Wagner,1795-1834,1000,641,owls,ok
the-sleep-of-reason-produces-monsters__04f5b34b.jpeg,04f5b34b-eabf-4c2f-907d-a047c7e8d7f8,The Sleep of Reason Produces Monsters,Francisco Goya,ca. 1799,1857,2600,"bats,owls",ok
the-joys-of-hallowe-en__843485f7.jpg,843485f7-7a76-4bbc-bdf4-34b57eea0f91,The Joys of Hallowe'en,,ca. 1910,1198,1920,"cats,owls",ok
hallowe-en-morning__f3180d90.jpg,f3180d90-d9eb-4af4-9f1e-4ecde4e2e699,Hallowe'en Morning,,ca. 1912,2366,1500,"cats,owls",ok
untitled__ffd13ed3.jpg,ffd13ed3-773b-4d77-8ff5-e3434e45d1c5,,Giambattista della Porta,1586,389,599,owls,ok
zeus-on-his-throne__ffabe6c1.jpg,ffabe6c1-cbd6-449b-85a2-b0ba97550445,Zeus on His Throne,Maria Catharina Prestel; Giulio Romano,1781,2620,3420,eagles,ok
flag-of-the-union__db7d5e00.jpg,db7d5e00-8a0e-4800-ae1e-5011450bd7d3,Flag of the Union,P.A.M.,1920,1280,890,eagles,ok
the-temple-of-the-sun__9ec172ba.jpeg,9ec172ba-a36d-4ddd-8f9e-555993e5d093,The temple of the sun,,1499,1640,2720,eagles,ok
untitled__3b3cd423.jpeg,3b3cd423-7b63-43b1-a921-b89a47251ace,,Philipp Hainhofer,1596–1633,812,1068,eagles,ok
untitled__68dbc12c.jpeg,68dbc12c-3158-40ad-a902-707832f12481,,Philipp Hainhofer,1596–1633,850,1077,eagles,ok
untitled__baf879cc.jpeg,baf879cc-03dd-43d9-b636-72f3b5d0fe8a,,Philipp Hainhofer,1596–1633,718,1068,eagles,ok
prophecies-of-apocalypse__5e155b18.jpg,5e155b18-f706-448b-9c76-020d5043e20b,Prophecies of apocalypse,,ca. 1827–61,1200,867,eagles,ok
beginning-of-the-gospel-of-saint-luke-7th-century__d19feba2.jpg,d19feba2-4add-4455-a399-85cd0dc7917f,Beginning of the Gospel of Saint Luke (7th century),John O. Westwood,1868,700,956,eagles,ok
the-triumphal-arch-of-emperor-maximilian-i-detail__69e84d62.jpg,69e84d62-3af3-47df-8ad8-7d0fd41c31ae,The Triumphal Arch of Emperor Maximilian I (Detail),Albrecht Dürer,1515,896,469,"eagles,lions",ok
rosmarus__9b5045eb.jpg,9b5045eb-3adc-47c4-9288-eb3ea81de9ad,Rosmarus,Conrad Gesner,1560,775,534,"eagles,lions",ok
machine-gun-insignia-machine-gun-training-center-22500-offic__28eb48c4.jpg,28eb48c4-700d-47ae-8a9c-c2821c80b1ab,"Machine Gun Insignia; Machine Gun Training Center; 22500 officers and men, 600 machine guns; Camp Hancock, Augusta, Georgia.",Arthur Mole; John Thomas,ca. 1918,640,502,eagles,ok
the-human-american-eagle-12-500-officers-nurses-and-men-camp__20130562.jpg,20130562-9b52-4e36-b082-ccb0dd0644c5,"The Human American eagle; 12,500 officers, nurses and men; Camp Gordon, Atlanta, Georgia.",Arthur Mole; John Thomas,ca. 1918,640,501,eagles,ok
five-just-princes-atop-the-eagle-of-justice__3d963766.jpg,3d963766-bd15-4e46-9fbf-db1ea16b9d2d,"Five Just Princes, atop the eagle of Justice",,1444–1450,1023,558,eagles,ok
dante-and-beatrice-before-the-eagle-of-justice__d9f8f8a0.jpg,d9f8f8a0-5702-4f91-ace0-2925012d634e,Dante and Beatrice before the eagle of Justice,,1444–1450,1024,580,eagles,ok
untitled__a348afae.jpg,a348afae-7cdd-4428-a5eb-6c8d16a65931,,Charles Mavelot,1695,800,564,eagles,ok
a-little-duck__3083aecd.jpg,3083aecd-ff2f-429a-a456-178c045d2a68,A Little Duck,Charles H. Bennett,1856,1009,1130,ducks,ok
male-wood-duck-on-shallow-water__59340c23.jpg,59340c23-6b03-41db-9946-7e737e05e38e,Male Wood Duck on Shallow Water,Gerald H. Thayer,1909,1032,1500,ducks,ok
male-wood-ducks__9cda407e.jpg,9cda407e-ad1f-4460-bf5e-ac5da0fc53ae,Male Wood Ducks,Gerald H. Thayer,1909,1146,1500,ducks,ok
merry-whales-in-the-log-of-the-ship-susan__7ff135a4.jpg,7ff135a4-3240-42ea-961c-456b057faa57,Merry Whales in the Log of the Ship Susan,Reuben Russell,1841,1400,1129,"ducks,whales",ok
untitled__34421cea.jpg,34421cea-2b46-42b3-999c-858bd8e509e7,,Joris Hoefnagel; Georg Bocskay,ca. 1595,706,1024,ducks,ok
pronkstilleven__faf6473c.jpg,faf6473c-4d90-46d1-a3a5-2c6e9506aa47,Pronkstilleven,Adriaen van Utrecht,1644,3566,2722,"dog,monkeys,parrots",ok
a-parrot__488137c9.jpg,488137c9-6514-4cad-8e00-92c46eeb34d3,A Parrot,Charles H. Bennett,1856,1004,1130,parrots,ok
coocou-gotam__3c365e6d.jpg,3c365e6d-d75c-42eb-9339-bfc31e59e202,Coocou Gotam,,1882,516,503,parrots,ok
untitled__12c92374.jpg,12c92374-87d1-4c91-b2db-5267b1b387f4,,Harold A. Taylor,early 20th century,6300,5100,bird-of-paradise,ok
still-life-with-rayfish__33443a62.jpg,33443a62-149e-49f0-b191-290c6364f2c8,Still Life with Rayfish,Chaïm Soutine,ca. 1923,2726,3400,fish,ok
untitled__57f47168.jpg,57f47168-8638-43af-ad62-bcce28583f99,,,19th Century,6514,4330,"cats,fish",ok
le-souci-la-capucine__d591620d.jpg,d591620d-e6ab-4c90-bf6a-9aeb6bca3e7e,"Le Souci, La Capucine",François-Nicolas Martinet,1780,2599,3068,"fish,goldfish",ok
le-mouche-le-marbr__1a3ec556.jpg,1a3ec556-1a68-4451-9f87-8b26216322d2,"Le Mouche, Le Marbré",François-Nicolas Martinet,1780,2540,3044,"fish,goldfish",ok
le-superbe__01abb915.jpg,01abb915-b1ca-43ad-b73a-b3d1f3258543,Le Superbe,François-Nicolas Martinet,1780,2564,3028,"fish,goldfish",ok
le-mauricot__35e9ccd1.jpg,35e9ccd1-1c4b-4e81-8e56-5c0f98026f30,Le Mauricot,François-Nicolas Martinet,1780,2552,3240,"fish,goldfish",ok
le-t-lescope__009e4244.jpg,009e4244-9e6c-42e8-b7f9-3c20698e05b6,Le Télescope,François-Nicolas Martinet,1780,2659,3213,"fish,goldfish",ok
le-rubis-mouche-le-nuageux__49730a56.jpg,49730a56-df7b-4bfc-923d-dd08315c3aa0,"Le Rubis-mouche, Le Nuageux",François-Nicolas Martinet,1780,2532,3044,"fish,goldfish",ok
le-quintebande-le-norimembre__967435bb.jpg,967435bb-3961-4bd1-8e50-5c9fa45da3ad,"Le Quintebande, Le Norimembre",François-Nicolas Martinet,1780,2552,3040,"fish,goldfish",ok
le-ferrugineux-le-tettard-le-frangirouge__fef56106.jpg,fef56106-943b-4548-8864-12cb98982af7,"Le Ferrugineux, Le Tettard, Le Frangirouge",François-Nicolas Martinet,1780,2544,3008,"fish,goldfish",ok
le-nigricant-l-aurore__f031ca76.jpg,f031ca76-8a5e-4103-91bb-664912023652,"Le Nigricant, L'aurore",François-Nicolas Martinet,1780,2544,3020,"fish,goldfish",ok
le-rubis-le-taches-mine__94deb40a.jpg,94deb40a-5347-45fa-9673-a7ad5d6b4795,"Le Rubis, Le Taches-mine",François-Nicolas Martinet,1780,2524,3032,"fish,goldfish",ok
le-rouill-le-cerise-le-l-opard__65813248.jpg,65813248-b77b-40b9-9c25-81eaede0c47a,"Le Rouillé, Le Cerise, Le Léopard",François-Nicolas Martinet,1780,2564,3056,"fish,goldfish",ok
le-agr-able__0d585ef1.jpg,0d585ef1-1f27-4a0b-a9b1-7d308a863649,Le'Agréable,François-Nicolas Martinet,1780,2552,3016,"fish,goldfish",ok
la-turquoise-l-agathe__40cf05dd.jpg,40cf05dd-40d2-4750-b458-77d1b6f404ac,"La Turquoise, L'agathe",François-Nicolas Martinet,1780,2532,3028,"fish,goldfish",ok
le-rougissant__d89e194d.jpg,d89e194d-be2c-43c7-96b4-458afb30d811,Le Rougissant,François-Nicolas Martinet,1780,2700,3262,"fish,goldfish",ok
le-cr-ole-le-frangimine__6fab84f0.jpg,6fab84f0-dbb1-4f9c-bf9c-dffe71d61763,"Le Créole, Le Frangimine",François-Nicolas Martinet,1780,2528,3000,"fish,goldfish",ok
le-rouge-lys-le-vari__c00b7d3d.jpg,c00b7d3d-e2df-4f7b-8c06-fa737bff8abe,"Le Rouge-lys, Le Varié",François-Nicolas Martinet,1780,2544,3012,"fish,goldfish",ok
l-arlequin__ec846a03.jpg,ec846a03-17f4-4c2c-a098-b4e32d913e6d,L'arlequin,François-Nicolas Martinet,1780,2636,3400,"fish,goldfish",ok
le-bleuissant-le-semiblanc__77664157.jpg,77664157-b125-40f5-abbe-e71a74fc46a8,"Le Bleuissant, Le semiblanc",François-Nicolas Martinet,1780,2528,2988,"fish,goldfish",ok
le-robino-le-sombrun__d9c60f3e.jpg,d9c60f3e-37b7-4bbd-8747-0100347665f4,"Le Robino, Le Sombrun",François-Nicolas Martinet,1780,2532,3008,"fish,goldfish",ok
l-albatre-la-roussette-le-mul-tre__e01ec359.jpg,e01ec359-abbb-4e5b-872f-64289f0973f6,"L'albatre, La Roussette, Le Mulâtre",François-Nicolas Martinet,1780,2524,2988,"fish,goldfish",ok
le-bilieu__3f9db6ce.jpg,3f9db6ce-a85a-4478-92b3-3277c554a3d6,Le Bilieu,François-Nicolas Martinet,1780,2516,3160,"fish,goldfish",ok
untitled__21055e9d.jpg,21055e9d-cc5f-4d4b-b8a3-8bf9cc11b525,,François-Nicolas Martinet,1780,2564,3056,"fish,goldfish",ok
christian-symbol-from-the-catacombs-at-rome__d2389fea.jpg,d2389fea-25f8-4993-92c7-dd5b8cdcf342,Christian Symbol. From the Catacombs at Rome.,Henry Lee,1883,1860,720,fish,ok
mermaid-and-fishes-of-amboyna__abe2c360.jpg,abe2c360-9961-41dd-b2d9-2e4d1d85b894,Mermaid and fishes of Amboyna.,Henry Lee; Valentyn (after),1883,1908,1386,fish,ok
resolv-d-on-proclaiming-a-submarine-feast__62a74b89.jpeg,62a74b89-6301-4ddf-bf60-a29b62143cb4,Resolv’d on proclaiming a submarine feast.,,1809,1000,794,"fish,whales",ok
the-sword-and-the-pike-the-sabre-and-lance-were-bravely-empl__4c0ea009.jpeg,4c0ea009-0566-43ad-8417-d2face5df9b3,"The Sword and the Pike, the Sabre and Lance, were bravely employ’d against the legions of France.",,1809,1000,817,"fish,sea-life",ok
and-now-to-get-ready-each-fish-was-in-motion__65187f0b.jpeg,65187f0b-b6c7-467c-9678-8986ce89716b,"And now to get ready, each fish was in motion.",,1809,1000,814,"fish,sea-life",ok
the-cod-fish-from-newfoundland-bank-found-its-way__c97b97d8.jpeg,c97b97d8-34bb-4b44-9d28-de6628198365,"The Cod-fish from newfoundland bank, found its way.",,1809,1000,821,"fish,sea-life",ok
old-wife-mostly-high-provok-d-that-by-the-tobacco-pipe-fish-__0e067d93.jpeg,0e067d93-749a-4bf8-a5a8-9dffa69b76ae,"Old Wife, mostly high provok’d, that by the tobacco-pipe-fish, she’d been smok’d.",,1809,1000,855,"fish,sea-life",ok
that-notable-gambler-the-shark__76725327.jpeg,76725327-4ea3-4a46-b1da-5fbdab6e4397,"That notable gambler, the Shark.",,1809,1000,815,"fish,sea-life",ok
and-the-dignified-dolphin-the-pattern-of-fashion__fc791349.jpeg,fc791349-e5e9-4bff-8720-359693e2cf8e,"And the dignified dolphin, the pattern of fashion.",,1809,1000,821,"dolphins,fish,sea-life",ok
his-majesty-spouted__6c544346.jpeg,6c544346-ae0a-4b75-b750-4a70afaf11a1,His Majesty spouted.,,1809,1000,818,"fish,whales",ok
the-cod-fish-from-newfoundland-bank-found-its-way__a8428ddf.jpeg,a8428ddf-3c87-46c2-b20b-1aa85005750e,"The Cod-fish from newfoundland bank, found its way",,1809,1000,821,"fish,sea-life",ok
scale-of-a-perch-magnified-25-times__433b0de9.jpg,433b0de9-109f-4499-a704-34fadda8108a,"Scale of a perch, magnified 25 times",Marinus Pieter Filbri,1887–88,1299,1333,"fish,sea-life",ok
scale-of-a-sole-magnified-25-times__d116224e.jpg,d116224e-0331-4826-80f3-699850dd1fd6,"Scale of a sole, magnified 25 times",Marinus Pieter Filbri,1887–88,1051,1061,"fish,marine-biology",ok
sole-scale-magnified-25-times__7e4bf712.jpg,7e4bf712-c681-461b-ab33-4e7f59e10299,"Sole scale, magnified 25 times",Marinus Pieter Filbri,1887–88,1004,1055,"fish,marine-biology",ok
scale-of-a-perch-magnified-40-times__078333aa.jpg,078333aa-bfb4-4c96-9710-f0b4648d3899,"Scale of a perch, magnified 40 times",Marinus Pieter Filbri,1887–88,1474,1592,"fish,marine-biology",ok
untitled__9394e22c.jpg,9394e22c-4d2b-4425-9a6e-d3b175270c29,,Anton Seder,1896,1640,2170,"fish,sea-life",ok
untitled__750b74da.jpg,750b74da-0d18-4d40-966c-c2179e8103fb,,Anton Seder,1896,1670,2206,fish,ok
their-manner-of-fishing-in-virginia__ea74c03a.jpg,ea74c03a-7c8b-4d1b-b7c9-7642600041df,Their manner of fishing in Virginia,Johann Theodor de Bry,1590,1440,1740,"crustaceans,fish,sea-life",ok
the-broiling-of-their-fish-over-the-flame__3732d4a5.jpg,3732d4a5-c563-4bb6-bdfa-8385f868918e,The broiling of their fish over the flame,Johann Theodor de Bry,1590,2224,1496,fish,ok
facsimile-of-the-codex-r-os-ca-after-1566__ac6075f9.jpg,ac6075f9-5912-451e-abca-c2e6dbd0ee50,"Facsimile of the Codex Ríos, ca. after 1566",Agostino Aglio,1831–48,3290,4838,fish,ok
flute-began-to-play-cod-the-captain__66f101d4.jpeg,66f101d4-47f5-4bf0-908f-aa610401226e,"Flute Began to Play / Cod, the Captain",Jean de Bosschère,1921,3678,1952,fish,ok
cod__827cf1c5.jpeg,827cf1c5-6d8b-4103-927c-71665a0c0187,Cod,Jean de Bosschère,1921,1860,2091,fish,ok
shark__9a3a7640.jpeg,9a3a7640-dcad-449e-8de6-6a5c6bca55bc,"""Shark""",Jean de Bosschère,1921,1776,855,fish,ok
peter-the-fiddler-the-friend-and-drum__c4b03453.jpeg,c4b03453-4240-4c5c-9a70-0f44effdeac6,"Peter, The Fiddler / The Friend and Drum",Jean de Bosschère,1921,3672,1986,fish,ok
it-s-been-a-while__208d1c84.jpg,208d1c84-dc28-401a-a3fe-a90a90e59f52,“It’s Been a While”,,1855,4736,3170,"catfish,fish",ok
the-cause-of-peace-and-safety__2300d5d9.jpg,2300d5d9-26a4-4a4f-8d12-c583e5f2c3ac,“The Cause of Peace and Safety”,,1855,4831,3259,"catfish,fish",ok
the-elegant-dance-of-the-catfish__2de77253.jpg,2de77253-37a6-4741-a2e1-498cd8a51e79,“The Elegant Dance of the Catfish”,,1855,4714,3205,"catfish,fish",ok
the-earthquake-and-lightning-incident-father__32657f17.jpg,32657f17-8631-4d0d-a452-cbcb3e34952c,"“The Earthquake and Lightning Incident, Father”",,1855,4811,3224,"catfish,fish",ok
the-affliction-of-wealthy-gold__31fa2ce9.jpg,31fa2ce9-a615-4f10-8905-6f2caec66e0f,“The Affliction of Wealthy Gold”,,1855,4786,3219,"catfish,fish",ok
three-great-earthquakes-caught-alive__39737d69.jpg,39737d69-e578-4f71-b2a9-d52fce042205,“Three Great Earthquakes Caught Alive”,,1855,4768,3209,"catfish,fish",ok
endless-metropolis__49438e30.jpg,49438e30-d189-4d31-8d90-d786e085f08b,“Endless Metropolis”,,1855,4876,3159,"catfish,fish",ok
catfish-s-flowing-things__6308733f.jpg,6308733f-84d7-477f-9952-e57f05745c62,“Catfish’s Flowing Things”,,1855,4723,3204,"catfish,fish",ok
gourd-catfish__65330839.jpg,65330839-1b3c-40af-8781-d3aea54d63c7,“Gourd Catfish”,,1855,4742,3234,"catfish,fish",ok
a-story-of-one-earthquake__72b2df33.jpg,72b2df33-a7df-4d3a-b046-be9fe947ef77,“A Story of One Earthquake”,,1855,4772,3215,"catfish,fish",ok
record-of-earthquake-and-peace__72d0f365.jpg,72d0f365-92f8-4cce-a152-76c2fef6fe8f,“Record of Earthquake and Peace”,,1855,4804,3203,"catfish,fish",ok
the-regret-of-the-catfish-in-the-ten-thousand-year-festival__732ac299.jpg,732ac299-79cd-421f-94ef-21c65c5ed7a4,“The Regret of the Catfish in the Ten Thousand Year Festival”,,1855,4866,3246,"catfish,fish,horses",ok
large-house-destroyed-by-a-catfish__74e06b5e.jpg,74e06b5e-f634-48d4-9ad3-e6b3bdbc2591,“Large House Destroyed by a Catfish”,,1855,4833,3248,"catfish,fish",ok
untitled__74176e80.jpg,74176e80-27a8-437e-bf4a-29108462f0f7,,,1855,4793,3260,"catfish,fish",ok
the-story-of-ebisu-tenjin-s-apology__71b2270a.jpg,71b2270a-c2da-4eef-ab52-70ff5855a6df,“The Story of Ebisu-Tenjin's Apology”,,1855,4750,3209,"catfish,fish",ok
catfish-s-liquidation__8a260242.jpg,8a260242-76b9-4781-9eee-54cebe190608,“Catfish’s Liquidation”,,1855,4903,3235,"catfish,fish",ok
staged-great-earthquake-and-sumo-wrestling-contest__85056a15.jpg,85056a15-dd80-49ef-9728-f85b8f4fdf71,“Staged Great Earthquake and Sumo Wrestling Contest”,,1855,4792,3211,"catfish,fish",ok
the-transformation-of-otsu-into-an-earthquake-temple__80a63996.jpg,80a63996-5044-4916-b812-a4e8f7772d9f,“The Transformation of Otsu into an Earthquake Temple”,,1855,4852,3233,"catfish,fish",ok
investigation-of-the-earthquake-catfish__8d660f94.jpg,8d660f94-178d-4a6a-b17e-ded67b308a7c,“Investigation of the Earthquake Catfish”,,1855,4810,3213,"catfish,fish",ok
stone__97d44e93.jpg,97d44e93-4544-4bac-9d96-1a796f4a0889,“Stone”,,1855,4759,3225,"catfish,fish",ok
demon-stone-monkey-catfish__9b29eef7.jpg,9b29eef7-d5ef-4f33-9ac0-b6cc3236cfb9,"“Demon, Stone, Monkey, Catfish”",,1855,4873,3210,"catfish,fish",ok
the-earth-of-daikoku__95af22b5.jpg,95af22b5-ebbb-4cda-ad48-9ed93576f794,“The Earth of Daikoku”,,1855,4759,3180,"catfish,fish",ok
catfish-s-greetings__0ac8eec2.jpg,0ac8eec2-e637-40cc-be43-e14f0b217086,“Catfish’s Greetings”,,1855,4868,3225,"catfish,fish",ok
fearful-impression-of-the-stone__ce047e84.jpg,ce047e84-e325-4ca1-b21c-9a6f7a4500f1,“Fearful Impression of the Stone”,,1855,4772,3225,"catfish,fish",ok
divine-horse__cf9efb04.jpg,cf9efb04-755a-4030-806d-1cf9747f482a,“Divine Horse”,,1855,4872,3214,"catfish,fish",ok
stones-to-attach-an-amulet-to-a-catfish__c4c18547.jpg,c4c18547-0e91-4961-b0dd-1398361bcbbe,“Stones to Attach an Amulet to a Catfish”,,1855,4786,3209,"catfish,fish",ok
ebisu-suppressing-the-catfish__d7f92607.jpg,d7f92607-b800-4817-82d4-c012270fce89,“Ebisu Suppressing the Catfish”,,1855,4836,3267,"catfish,fish",ok
catfish-that-came-for-extortion__de3243f3.jpg,de3243f3-d9c5-4fc7-8186-a82307cd6bdf,“Catfish That Came for Extortion”,,1855,4749,3233,"catfish,fish",ok
questions-and-answers-of-the-catfish-on-the-night-of-october__d9a3cc56.jpg,d9a3cc56-0512-4e15-9d66-ed4226279b83,“Questions and Answers of the Catfish on the Night of October 2nd in the Second Year of Ansei's Earthquake”,,1855,4773,3212,"catfish,fish",ok
staged-great-earthquake-and-sumo-wrestling-contest__d279347c.jpg,d279347c-42e3-4023-817f-80d3b67b8b66,“Staged Great Earthquake and Sumo Wrestling Contest”,,1855,4901,3217,"catfish,fish",ok
divine-horse__d2aba30a.jpg,d2aba30a-d8ee-4321-afb3-04e7d6465a4b,“Divine Horse”,,1855,4790,3232,"catfish,fish,horses",ok
a-competition-of-catfish-strength__dffc1cd5.jpg,dffc1cd5-2269-4152-aa87-d541e8c51992,“A Competition of Catfish Strength”,,1855,4745,3236,"catfish,fish",ok
catfish-extermination__dd6b9c3f.jpg,dd6b9c3f-9bd5-4b97-9c80-39a0d77f8ed3,“Catfish Extermination”,,1855,4884,3189,"catfish,fish,whales",ok
gourd-pair__ecaa754e.jpg,ecaa754e-df62-4a65-b54c-9ba97205ff2b,“Gourd Pair”,,1855,4872,3214,"catfish,fish",ok
a-world-that-quickly-turns__eacfbdb6.jpg,eacfbdb6-f50f-4aa5-9572-86f847efe4a5,“A World That Quickly Turns”,,1855,4756,3194,"catfish,fish",ok
the-catfish-trembles-with-a-brush__ef74994b.jpg,ef74994b-b8aa-4f8c-bc11-240002db51b3,“The Catfish Trembles with a Brush”,,1855,4749,3209,"catfish,fish",ok
catfish-s-enjoyable-pastime__f2980fd5.jpg,f2980fd5-ca20-468a-83b5-1a8284b24243,“Catfish’s Enjoyable Pastime”,,1855,4753,3215,"catfish,fish",ok
temporary-residence-for-comfort-and-rest__fd6734c3.jpg,fd6734c3-abdb-4dfb-817e-be87ab23b868,“Temporary Residence for Comfort and Rest”,,1855,4820,3223,"catfish,fish",ok
large-scale-grilled-catfish-banquet__f3ab1a0c.jpg,f3ab1a0c-93bb-4031-a131-d9698532eccd,“Large-scale Grilled Catfish Banquet”,,1855,4864,3181,"catfish,fish",ok
staged-great-earthquake-and-sumo-wrestling-contest__f7d921bb.jpg,f7d921bb-32ee-4d37-8e2b-3e15b4879a4f,“Staged Great Earthquake and Sumo Wrestling Contest”,,1855,4867,3249,"catfish,fish",ok
untitled__fc60806b.jpg,fc60806b-0e38-4bcd-b98d-518c424760f7,“Untitled”,,1855,4864,3230,"catfish,fish",ok
the-great-man-angles-with-himself-he-needs-no-other-bait__ba74342d.jpg,ba74342d-d341-4d33-9785-e438367ded25,“The great man angles with himself. He needs no other bait.”,C. P. Cranch,ca. 1837–9,2400,2542,fish,ok
carp-egg__3474c315.jpg,3474c315-704d-4717-9c63-65bb443f38c1,Carp egg,Martin Frobenius Ledermüller,1764–8,1123,1500,"entomology,fish,insects",ok
small-hake-scale__6731a04d.jpg,6731a04d-c4f0-4ce0-8e3b-643f72829a43,Small hake scale,Martin Frobenius Ledermüller,1764–8,1176,1500,"entomology,fish,insects",ok
scale-of-fish__dc3fe877.jpg,dc3fe877-bdbc-4d72-99c5-7c7fe0eccf0b,Scale of fish,Martin Frobenius Ledermüller,1764–8,1114,1500,"entomology,fish,insects",ok
friend-february-mr-march-and-friends__145538a1.jpg,145538a1-b20d-4c3a-a40b-895a65382512,"Friend February, Mr March, and Friends",Walter Crane,1871,1093,1400,fish,ok
balamut-batum__d598b68e.jpeg,d598b68e-a62b-48e0-b0d9-1d7cf92e5f50,Balamut. Batum,Sergei Prokudin-Gorsky,ca. 1910,1024,1020,fish,ok
ilona-came-floating-up-through-the-waves__b14aec52.jpg,b14aec52-70c2-49f6-a330-a7bc390983be,“Ilona came floating up through the waves”,Jay Van Everen,1922,936,1400,fish,ok
left-yo-yos-right-clay-figurine-of-sumo-wrestler-with-giant-__9454183f.jpg,9454183f-0d80-4383-b2d9-f65ac7a19586,"Left: yo-yos. Right: clay figurine of Sumo wrestler with giant fish. (Volume 5, pg. 22)",,1913,1400,1006,fish,ok
wheeled-fish-in-foreground-right-with-sliding-toy-tai-fish-s__0cf4e952.jpg,0cf4e952-bb06-40fc-856b-1da5c32899b8,"Wheeled fish in foreground, right, with sliding toy *tai* fish strung on a cord, with bow, behind. (Volume 3, pg. 20)",,1911,1400,1023,fish,ok
miniature-by-an-unknown-artist-for-jansen-enikel-s-contribut__110507ac.jpg,110507ac-f071-4d45-bd84-bc4e2974a343,"Miniature by an unknown artist for Jansen Enikel's contribution to the *World Chronicle*, ca. 1400",,ca. 1400,1161,1400,fish,ok
alexander-s-diving-trip__92557afe.jpg,92557afe-6b78-4878-962b-239b1d2b19b4,Alexander's Diving Trip,,ca. 1420,1012,464,fish,ok
alexander-is-lowered-into-the-sea__a0b6fb1c.jpg,a0b6fb1c-ea6b-4f2b-9ddc-a9c2cbaa3411,Alexander Is Lowered into the Sea,Mukunda,ca. 1597,947,1400,fish,ok
miniature-from-the-talbot-shrewsbury-book-ca-1444-f-20v__a2666533.jpg,a2666533-76ee-4fee-b163-00eddfc4f1d2,"Miniature from the “Talbot Shrewsbury Book”, ca. 1444, f. 20v",,ca. 1444,3158,2694,fish,ok
miniature-from-le-livre-et-le-vraye-hystoire-du-bon-roy-alix__ecf414e6.jpg,ecf414e6-f53d-44e6-8246-10f9acdc09cb,"Miniature from *Le Livre et le vraye hystoire du bon roy Alixandre*, ca. 1420, f. 77v",,ca. 1420,1400,824,fish,ok
untitled__03ed0692.jpg,03ed0692-a716-4698-b584-8011d5f041a7,,Philipp Hainhofer,1596–1633,1400,1111,fish,ok
big-fish-eat-little-fish__f00d6c19.jpeg,f00d6c19-b57a-48fb-98bc-50d07e811d37,Big Fish Eat Little Fish,Bruegel the Elder; Pieter van der Heyden,1556,1400,1061,"fish,whales",ok
big-fish-eat-little-fish__f8c9a0f2.jpg,f8c9a0f2-e4f5-4ec4-93eb-826e39ffd36c,Big Fish Eat Little Fish,Bruegel the Elder,1619,1200,905,fish,ok
untitled__41825016.jpg,41825016-908a-4c1d-9a48-2742a6cc1639,,Martin Gerlach,1897,1033,1400,fish,ok
the-liberty-bond-potato__38387cbb.jpg,38387cbb-dca7-4ce0-9306-127e2fe231ab,The Liberty Bond Potato,,1919,1846,1564,fish,ok
franklin-barrett-s-red-white-and-blue-liberty-bond-fish__34cf1cf0.jpg,34cf1cf0-976e-4c05-9b07-fb838a883a1e,"Franklin Barrett’s Red, White, and Blue Liberty Bond Fish",,1918,1400,1008,fish,ok
submarine-rocks-with-green-corals__99ddd2b7.jpg,99ddd2b7-dc3b-4e33-9ad1-3fbb2453186f,Submarine Rocks With Green Corals,Eugen Ransonnet-Villez,1867,1200,888,"fish,marine",ok
group-of-corals__bc1f1658.jpg,bc1f1658-8e57-49af-8cf4-90ea1344db3b,Group of Corals,Eugen Ransonnet-Villez,1867,1200,1003,fish,ok
untitled__f9a2a9ec.jpg,f9a2a9ec-c374-44d5-a652-22654e85787d,,William Elliot Griffis,1922,630,1000,fish,ok
capricorn__2d1e72bf.jpg,2d1e72bf-98aa-4bae-b796-23f9ebbf6308,Capricorn,Sidney Hall,1824-5,1200,830,"fish,goats",ok
pisces__7f14efaf.jpg,7f14efaf-5f9b-4f6d-b24a-75d75f6aeef6,Pisces,Sidney Hall,1824-5,1200,835,fish,ok
fish-in-a-whirlpool__deb35f10.jpg,deb35f10-8175-4f02-82d4-de030c2f5cc6,Fish in a Whirlpool,Kawanabe Kyōsai,ca. 1887,902,1200,fish,ok
untitled__341b82cb.jpeg,341b82cb-2c38-4561-94ac-8611ecac6b30,,,1921,900,563,fish,ok
tsuba-made-of-iron-openwork-with-a-tai-fish-a-fishing-rod-an__a7bd577a.jpg,a7bd577a-8c95-4f01-93ab-a4f0b7385a7b,"Tsuba made of iron, openwork, with a tai fish, a fishing rod, and a fish basket in a plain hoop.",Georg Oeder,1916,600,641,fish,ok
monocheros__5b7f7f07.jpg,5b7f7f07-0f19-4f09-adb7-3976d2b4fe8d,Monocheros,,1350,600,350,fish,ok
fishia-marina__51eae134.jpg,51eae134-cfda-49b3-8b65-51008b5e6b49,Fishia Marina,Edward Lear,1888,508,800,fish,ok
april-fools-fish-of-april__2b4eee33.jpg,2b4eee33-c17b-45fc-b684-a83be88d93fd,April Fools (Fish of April),J. J. Grandville,1844,869,1200,fish,ok
actinologia-britannica-plate-x__bd565cbc.jpg,bd565cbc-b623-4948-8470-5839363f6c60,"Actinologia Britannica, Plate X",Philip Henry Gosse,1860,729,1200,fish,ok
louis-renard-s-fish-plate-xlvii__939f1007.jpg,939f1007-f4b3-419b-b961-8f996f1b9a69,"Louis Renard's Fish, Plate XLVII",Louis Renard (after Samuel Fallours),1754,849,1200,"crustaceans,fish",ok
authors-methods-of-photographing-submerged-corals-and-b-che-__2a14c350.jpg,2a14c350-43eb-4f46-be42-8052224b26a9,Authors’ Methods of Photographing Submerged Corals and Bêche-De-Mer,William Saville-Kent,1893,600,919,"corals,fish",ok
barrier-reef-anemones__37099e23.jpg,37099e23-bdec-40b1-aea8-b0ed1d727313,Barrier Reef Anemones,William Saville-Kent,1893,650,878,"fish,marine",ok
queensland-pearls__4d19a47a.jpg,4d19a47a-462b-456e-a9d1-ee9da3f50b7b,Queensland Pearls,William Saville-Kent,1893,600,778,"fish,marine",ok
great-barrier-reef-corals__428f575e.jpg,428f575e-11cb-4a05-bfe2-290383474ad8,Great Barrier Reef Corals,William Saville-Kent,1893,650,868,"corals,fish,invertebrates,marine",ok
barrier-reef-anemones__499a9576.jpg,499a9576-6b43-4246-905b-ba4e6c9a0897,Barrier Reef Anemones,William Saville-Kent,1893,650,878,"fish,marine",ok
albany-pass__56ae3da2.jpg,56ae3da2-99e1-4e82-b675-822c7bd3b6c7,Albany Pass,William Saville-Kent,1893,800,675,fish,ok
great-barrier-reef-echinoderms__5d14f28e.jpg,5d14f28e-79f6-4809-9d38-36012f90dd9c,Great Barrier Reef Echinoderms,William Saville-Kent,1893,650,868,"corals,fish,invertebrates",ok
great-barrier-reef-corals__5483ca86.jpg,5483ca86-bd1a-4cba-99bf-6d3a8e388cf1,Great Barrier Reef Corals,William Saville-Kent,1893,650,888,"corals,fish,invertebrates,marine",ok
giant-anemone-discosoma__65dc1a4b.jpg,65dc1a4b-426a-449e-8120-288517281cc7,Giant Anemone Discosoma,William Saville-Kent,1893,800,700,"fish,invertebrates",ok
barrier-reef-fishes__67d007a2.jpg,67d007a2-ab8e-49ad-9177-c63137ab21e9,Barrier Reef Fishes,William Saville-Kent,1893,800,582,fish,ok
snake-like-b-che-de-mer-prickly-fish__7f56dbbf.jpg,7f56dbbf-0408-46e7-b5f2-f78f0fe6afea,Snake-Like Bêche-De-Mer / Prickly-Fish,William Saville-Kent,1893,600,850,fish,ok
crescent-reef-outer-barrier-series__78f1aeca.jpg,78f1aeca-04bc-4d5b-b19d-23002d815552,"Crescent Reef, Outer Barrier Series",William Saville-Kent,1893,800,680,"fish,marine",ok
isolated-coral-growths-charted-reef-thursday-island__8e2ab3d4.jpg,8e2ab3d4-52ed-4564-a3c4-4bc8f9ae0616,"Isolated Coral Growths, Charted Reef, Thursday Island",William Saville-Kent,1893,800,679,"fish,marine",ok
great-barrier-reef-alcyonaria__8414abde.jpg,8414abde-c971-4982-8ca9-f64585810019,Great Barrier Reef Alcyonaria,William Saville-Kent,1893,650,870,"fish,invertebrates,marine",ok
mushroom-corals__0f3894e8.jpg,0f3894e8-19f3-4a9b-b732-c88075cdf874,Mushroom Corals,William Saville-Kent,1893,800,578,fish,ok
great-barrier-reef-fishes__00175daf.jpg,00175daf-648c-424c-a518-8136631a121c,Great Barrier Reef Fishes,William Saville-Kent,1893,650,889,"corals,fish",ok
barrier-reef-shells-artistically-utilised__a937c79a.jpg,a937c79a-87cc-4fd7-8ee1-cda6c47fadad,Barrier Reef Shells Artistically Utilised,William Saville-Kent,1893,600,846,"fish,marine,shells",ok
living-corals-with-expanded-polyps__bc423f5d.jpg,bc423f5d-d594-4300-8ff5-1407338bc3d8,Living Corals With Expanded Polyps,William Saville-Kent,1893,600,815,"corals,fish,invertebrates,marine",ok
skull-reef-outer-barrier-series__cacdfbba.jpg,cacdfbba-fb28-43c8-a01d-0a0cd47653fa,"Skull Reef, Outer Barrier Series",William Saville-Kent,1893,800,673,"fish,marine",ok
great-barrier-reef-anemones__cb31c75a.jpg,cb31c75a-4597-4175-aaa3-bb1e925bb3e0,Great Barrier Reef Anemones,William Saville-Kent,1893,650,882,"fish,invertebrates",ok
barrett-reef-trepang-or-b-che-de-mer__cc503573.jpg,cc503573-cd17-4a5c-8f22-1b209dcad02a,Barrett Reef Trepang or  Béche-De-Mer,William Saville-Kent,1893,650,881,"corals,fish,starfish",ok
bleached-coral-specimens-from-the-great-barrier-reef__dfc89b45.jpg,dfc89b45-f77a-4fc7-9628-66fab26731ed,Bleached Coral Specimens From the Great Barrier Reef,William Saville-Kent,1893,800,668,"fish,marine",ok
great-barrier-reef-corals__e9e08c9f.jpg,e9e08c9f-05ea-498c-a4b1-2050e46a14ce,Great Barrier Reef Corals,William Saville-Kent,1893,650,878,"fish,invertebrates,marine",ok
plate-4-views-of-specimen-no-2-em-a-em-on-dark-mixed-sand-pa__1968eada.jpg,1968eada-8de6-479a-bb9e-9ce44c001827,"Plate 4 — Views of specimen no. 2: <em>a</em>, on dark mixed sand, partly covered with this material (after two days); <em>b</em>, on white glass plate, shortly after transfer to this following sojourn on dark sand; <em>c</em>, on coarse gravel (after two days); <em>d</em>, on white glass plate, shortly after transfer to this, following sojourn on coarse gravel. (Compare this with <em>b</em>. In <em>d</em>, the gravel pattern has persisted to some degree, despite an immediate partial disappearance of this).",Francis Bertody Sumner,1911,720,1116,"fish,flatfish",ok
plate-5-views-of-specimen-no-2-em-e-em-upon-fine-gravel-afte__2380f44b.jpg,2380f44b-5f47-4f24-a2fe-63a84c045801,"Plate 5 — Views of specimen no. 2: <em>e</em>, upon fine gravel (after two or three days); <em>f</em>, upon dark, mixed sand after two days). Views of specimen no. 3: <em>a</em>, after one day on present ground; <em>b</em>, taken on the day when first placed on this sand. (Note the inferior power of adaptation shown by this fish, as compared with the last. The harmony with the backgrounds increased little if any beyond the condition shown in the photographs).",Francis Bertody Sumner,1911,720,1109,"fish,flatfish",ok
plate-2-views-of-specimen-no-1-em-f-em-on-painted-squares-2-__2b7d8cb7.jpg,2b7d8cb7-1a77-4110-b5e0-8851690c5a9d,"Plate 2 — Views of specimen no. 1: <em>f</em>, on painted squares, 2 cm. sq. (after four days); <em>g</em>, do., 1 cm. sq. (after seven days); <em>h</em>, do., 1 cm. sq. (after four days); <em>i</em>, do., 2 mm. sq. (after one day).",Francis Bertody Sumner,1911,720,1032,"fish,flatfish",ok
plate-3-views-of-specimen-no-1-em-j-em-after-three-days-on-b__68592248.jpg,68592248-af55-4896-9d53-54a84dada99c,"Plate 3 — Views of specimen no. 1: <em>j</em>, after three days on background figured; <em>k</em>, after fourteen days on white marble bottom (the fish was in reality much paler than the photograph would seem to indicate); <em>l</em>, after three days on the background figured; <em>m</em>, after six days on the background figured.",Francis Bertody Sumner,1911,720,1026,"fish,flatfish",ok
plate-7-views-of-specimen-no-4-em-a-em-after-six-days-on-pat__7ce19ab7.jpg,7ce19ab7-19a3-439e-87af-9efa4919eed9,"Plate 7 — Views of specimen no. 4: <em>a</em>, after six days on pattern shown; <em>b</em>, after three days on pattern shown (compare minutely with last); <em>c</em>, after nine days on the dark sand; <em>d</em>, after three days on the pattern shown; <em>e</em>, after three days on the pattern shown.",Francis Bertody Sumner,1911,720,1102,"fish,flatfish",ok
plate-8-views-of-specimen-no-4-em-f-em-after-seven-days-on-p__e3f495b3.jpg,e3f495b3-1dde-4f7b-b7a0-33bf3d75e569,"Plate 8 — Views of specimen no. 4: <em>f</em>, after seven days on present background condition of rest); <em>g</em>, same, when preparing to swim;<em> h</em>, after one day on present background; <em>i</em>, after three days on a background of gray, of a shade approximately matching that produced on a color-wheel by the use of two parts of black and one of white. (The harmony between the fish and the bottom was really much greater than would seem to be the case from this photograph, which has made the fish seem darker). Specimen no. 5: view inserted to show a particularly striking gravel pattern (taken after eight days). (There are in reality a few particles of gravel on the back of the fish).",Francis Bertody Sumner,1911,720,1123,"fish,flatfish",ok
plate-6-views-of-specimen-no-3-in-the-sand-and-gravel-phases__fb38cf3d.jpg,fb38cf3d-bc87-4e1d-958a-9514dd9f1312,"Plate 6 — Views of specimen no. 3, in the 'sand' and 'gravel' phases. Unfortunately, the capacity of this specimen for such adaptations proved to be comparatively small.",Francis Bertody Sumner,1911,720,1001,"fish,flatfish",ok
parasitic-anemone__47fabffa.jpg,47fabffa-74ae-42ca-8050-5ce84070ecbd,Parasitic Anemone,Philip Henry Gosse,1856,631,1024,"corals,fish",ok
actinoloba__7edbdd28.jpg,7edbdd28-0036-405e-901b-eb755361da5a,Actinoloba,Philip Henry Gosse,1860,640,389,fish,ok
philip-henry-gosse__8d568e35.jpg,8d568e35-74dd-4576-ad97-a0d129acbebf,Philip Henry Gosse,,1896,680,1023,fish,ok
starfish__0dfb070d.jpg,0dfb070d-d162-4120-bbbb-c443712fc518,Starfish,Philip Henry Gosse,1856,633,1024,"fish,marine,starfish",ok
collecting-under-byng-cliff__07052617.jpg,07052617-d25f-4c17-8ec9-95ec7049407e,Collecting Under Byng Cliff,Philip Henry Gosse,1856,800,558,fish,ok
tealia__0aff6d7a.jpg,0aff6d7a-10db-4281-86c1-426ad0cfa122,Tealia,Philip Henry Gosse; William Dickes,1860,627,1024,"fish,marine,starfish",ok
the-aesop-prawn__eed14b31.jpg,eed14b31-f33d-4e0e-9a4e-1bf532dd3200,The Aesop Prawn,Philip Henry Gosse,1856,640,1024,"fish,marine,starfish",ok
the-fountain-aquarium__fe50f598.jpg,fe50f598-ba0a-4e1a-bc9d-fa7f9f1e8d3f,The Fountain Aquarium,Philip Henry Gosse,1856,852,1023,fish,ok
plumose-anemone__f3e2adfd.jpg,f3e2adfd-58e7-4e93-99f7-d4e511435538,Plumose Anemone,Philip Henry Gosse,1856,641,1024,fish,ok
trout__dd9b9b98.jpg,dd9b9b98-6eda-4908-abb0-e91b0a4239bc,Trout,Utagawa Hiroshige,ca. 1835,1000,674,fish,ok
they-brought-along-with-them-a-great-many-beautiful-shells__d19e1906.jpg,d19e1906-e046-42a5-97da-1bc5080d7e54,They brought along with them a great many beautiful shells,Nathaniel Hawthorne,1921,620,804,fish,ok
untitled__524d06b7.jpg,524d06b7-8c73-40f4-8ee3-3b715ea39796,,Joseph Drayton; Alfred Agate,ca. 1838–42,961,1024,"balloonfish,fish,marine,pufferfish",ok
untitled__68a66472.jpg,68a66472-61da-4004-bf99-37344d91cf07,,Joseph Drayton; Alfred Agate,ca. 1838–42,1024,633,"balloonfish,fish,marine,pufferfish",ok
untitled__0a2f2c81.jpg,0a2f2c81-2841-40ff-9208-869593ee2a9a,,Joseph Drayton; Alfred Agate,ca. 1838–42,1024,710,"balloonfish,fish,marine,pufferfish",ok
untitled__0a2a1062.jpg,0a2a1062-ba99-4298-99b1-b431d276125b,,Joseph Drayton; Alfred Agate,ca. 1838–42,1024,858,"balloonfish,fish,pufferfish",ok
untitled__f85a19ef.jpg,f85a19ef-7251-49f6-a197-b4d4c977723d,,Joseph Drayton; Alfred Agate,ca. 1838–42,1024,701,"balloonfish,fish,marine,pufferfish",ok
untitled__13018fe3.jpg,13018fe3-36fa-4fcb-90f6-c7ab6d6e12e2,,Samuel Fallours; Louis Renard,1754,720,936,"fish,pescatology",ok
untitled__2fcbcb9d.jpg,2fcbcb9d-b858-4d8e-87fa-cfb963a035b6,,Samuel Fallours; Louis Renard,1754,720,951,"fish,pescatology",ok
untitled__2a93b26f.jpg,2a93b26f-477c-4790-ba84-69a2b360a1b8,,Samuel Fallours; Louis Renard,1754,947,720,"fish,pescatology",ok
untitled__23f56c3f.jpg,23f56c3f-d2c6-4de6-8c07-d960eb4c75f1,,Samuel Fallours; Louis Renard,1754,974,720,"fish,pescatology",ok
untitled__207091db.jpg,207091db-606e-43ef-b040-8cba9f93f1b7,,Samuel Fallours; Louis Renard,1754,720,935,"fish,pescatology",ok
untitled__49959594.jpg,49959594-26ff-44a7-a5cc-0083fd3e130a,,Samuel Fallours; Louis Renard,1754,720,935,"fish,pescatology",ok
untitled__42ba3c30.jpg,42ba3c30-794a-464f-bd95-3103a155a529,,Samuel Fallours; Louis Renard,1754,954,720,"fish,pescatology",ok
untitled__4ccb2c0f.jpg,4ccb2c0f-b40c-4be5-afb0-7d5b585eacee,,Samuel Fallours; Louis Renard,1754,720,935,"fish,pescatology",ok
untitled__59d9631c.jpg,59d9631c-ab60-41b9-887c-2a1ce8043389,,Samuel Fallours; Louis Renard,1754,715,958,"fish,pescatology",ok
untitled__59c8d29b.jpg,59c8d29b-6d6a-4a4a-af6f-9145dbdd43a3,,Samuel Fallours; Louis Renard,1754,706,952,"fish,pescatology",ok
untitled__682f05f1.jpg,682f05f1-bed3-47f7-a45b-6fd0be16d595,,Samuel Fallours; Louis Renard,1754,1440,987,"fish,pescatology",ok
untitled__64677055.jpg,64677055-dae4-4740-aab9-42a6b30851ed,,Samuel Fallours; Louis Renard,1754,964,720,"fish,pescatology",ok
untitled__62799a3f.jpg,62799a3f-61c4-41bf-8c83-8784c3dbe209,,Samuel Fallours; Louis Renard,1754,720,955,"fish,pescatology",ok
untitled__7c318b53.jpg,7c318b53-052e-4e31-90e2-7f6401d427b6,,Samuel Fallours; Louis Renard,1754,964,720,"fish,pescatology",ok
untitled__8bc94a9d.jpg,8bc94a9d-1521-4446-9c64-4b24058d2519,,Samuel Fallours; Louis Renard,1754,952,712,"fish,pescatology",ok
untitled__8ccbc6d3.jpg,8ccbc6d3-15fa-4c51-9454-690fe277b172,,Samuel Fallours; Louis Renard,1754,952,720,"fish,pescatology",ok
untitled__8c46cece.jpg,8c46cece-a7aa-4a0e-abee-a4b651aed78f,,Samuel Fallours; Louis Renard,1754,720,943,"fish,pescatology",ok
untitled__91fd9562.jpg,91fd9562-754b-458c-81d0-8b16aa90ba2c,,Samuel Fallours; Louis Renard,1754,771,1024,"fish,pescatology",ok
untitled__0a7a6697.jpg,0a7a6697-9684-4a99-903d-eff20dadf32e,,Samuel Fallours; Louis Renard,1754,720,941,"fish,pescatology",ok
untitled__05181d0d.jpg,05181d0d-7a79-4f53-a493-e96a7f17c810,,Samuel Fallours; Louis Renard,1754,720,941,"fish,pescatology",ok
untitled__a25879ef.jpg,a25879ef-6a28-4ac0-91ec-3b251cf6f5ab,,Samuel Fallours; Louis Renard,1754,958,720,"fish,pescatology",ok
untitled__a310efe8.jpg,a310efe8-13a1-4e71-823d-756c549ca817,,Samuel Fallours; Louis Renard,1754,712,947,"fish,pescatology",ok
untitled__c5c3bc5c.jpg,c5c3bc5c-2127-48b1-bb29-75411dec22b9,,Samuel Fallours; Louis Renard,1754,1541,498,"fish,pescatology",ok
untitled__e777f583.jpg,e777f583-cfa4-45dd-8812-b1d6fd532949,,Samuel Fallours; Louis Renard,1754,720,930,"fish,pescatology",ok
untitled__fb19d83d.jpg,fb19d83d-b7bf-493c-9f32-e98edc9089d8,,Samuel Fallours; Louis Renard,1754,720,951,"fish,pescatology",ok
untitled__f0f0789c.jpg,f0f0789c-6df7-4533-9f5c-a2a51f6404f7,,Samuel Fallours; Louis Renard,1754,962,694,"fish,pescatology",ok
untitled__f716835b.jpg,f716835b-22e7-4bbf-97d8-5910ea263f75,,Samuel Fallours; Louis Renard,1754,720,953,"fish,pescatology",ok
untitled__fd9eb9fa.jpg,fd9eb9fa-962a-4432-8f4e-3d1bbb5ba3d7,,Samuel Fallours; Louis Renard,1754,720,955,"fish,pescatology",ok
untitled__fc688ad1.jpg,fc688ad1-a59a-4634-b605-985c4a9d14ed,,Samuel Fallours; Louis Renard,1754,706,957,"fish,pescatology",ok
untitled__f79df3c6.jpg,f79df3c6-9a31-4ad1-abe5-522a87426b65,,,ca. 820,879,1024,fish,ok
untitled__df5c845c.jpg,df5c845c-0824-4ab2-b6cf-d821123105a3,,Marcus Selmer,ca. 1870,622,1024,fish,ok
two-goldfish-and-a-sea-fish-christiceps-argentatus__4e17d9c2.jpg,4e17d9c2-739a-4789-99d8-229303b06749,Two Goldfish and a Sea Fish (Christiceps Argentatus),Josef Maria Eder and Eduard Valenta,1896,1000,772,"fish,goldfish,seahorses",ok
embryos-after-romanes-as-evidences-from-comparative-embryolo__15538507.jpg,15538507-1680-4734-a08c-bb84f460d192,Embryos after Romanes as “Evidences from Comparative Embryology”,George Romanes,1952,800,617,"fish,rabbits,vertebrates",ok
jaws-tusks-and-grinders-of-the-mastodon__4513d177.jpg,4513d177-e2db-4b59-bcf4-73d087783d24,"Jaws, Tusks, and Grinders of the Mastodon",,1818,800,496,fish,ok
visboek-folio-308v-and-309r__233ef5b2.jpg,233ef5b2-b43a-4cf4-847a-5c5538360bd6,Visboek: Folio 308v and 309r,Adriaen Coenen,1580,900,661,"fish,whales",ok
visboek-folio-62v-and-63r__2e97be3b.jpg,2e97be3b-f435-41fd-82cd-b40e37acf81a,Visboek: Folio 62v and 63r,Adriaen Coenen,1580,900,661,"fish,jellyfish",ok
visboek-folio-243v-and-244r__3380d0f4.jpg,3380d0f4-fc7d-4f71-9a98-dc67fc2ff20e,Visboek: Folio 243v and 244r,Adriaen Coenen,1580,900,661,"fish,whales",ok
visboek-folio-201v-and-202r__37849baf.jpg,37849baf-97e6-4bc3-9429-417281851b4b,Visboek: Folio 201v and 202r,Adriaen Coenen,1580,900,661,"fish,whales",ok
visboek-folio-160v-and-161r__3c6c359a.jpg,3c6c359a-f648-4c9e-8116-1ad941b5782d,Visboek: Folio 160v and 161r,Adriaen Coenen,1580,900,661,"fish,whales",ok
visboek-folio-265v-and-266r__4b4d8c68.jpg,4b4d8c68-1522-45fa-8864-5b931307f119,Visboek: Folio 265v and 266r,Adriaen Coenen,1580,900,661,"fish,whales",ok
visboek-folio-238v-and-239r__4fd6e9d6.jpg,4fd6e9d6-ac04-444d-a10d-71e84d0ab056,Visboek: Folio 238v and 239r,Adriaen Coenen,1580,900,661,"fish,whales",ok
visboek-folio-75v-and-76r__4fce0c6c.jpg,4fce0c6c-188d-41eb-9e9d-29eb717c0cb7,Visboek: Folio 75v and 76r,Adriaen Coenen,1580,900,661,"fish,whales",ok
visboek-folio-49v-and-50r__5c8d328d.jpg,5c8d328d-058e-4340-89fa-ae4171a02e8c,Visboek: Folio 49v and 50r,Adriaen Coenen,1580,900,661,fish,ok
visboek-folio-259v-and-260r__72bb8a3f.jpg,72bb8a3f-5f7e-4fe5-8f2b-928762befbeb,Visboek: Folio 259v and 260r,Adriaen Coenen,1580,900,661,"fish,whales",ok
visboek-folio-52v-and-53r__79c0cb64.jpg,79c0cb64-b315-4c4e-a8b5-845f777189bb,Visboek: Folio 52v and 53r,Adriaen Coenen,1580,900,661,fish,ok
visboek-folio-51v-and-52r__7b788999.jpg,7b788999-e9c9-4fec-8cb9-d8a40ee494cf,Visboek: Folio 51v and 52r,Adriaen Coenen,1580,900,661,"fish,whales",ok
visboek-folio-326v-and-327r__92583307.jpg,92583307-0991-4c24-b6ec-152eda8e22d7,Visboek: Folio 326v and 327r,Adriaen Coenen,1580,900,661,fish,ok
visboek-folio-87v-and-88r__9470d7f4.jpg,9470d7f4-1eb7-4b9a-96ca-d0b872eeda4f,Visboek: Folio 87v and 88r,Adriaen Coenen,1580,900,661,"fish,whales",ok
visboek-folio-50v-and-51r__9546ddbb.jpg,9546ddbb-6e78-4155-8b88-fb643df29c46,Visboek: Folio 50v and 51r,Adriaen Coenen,1580,900,661,fish,ok
visboek-folio-77v-and-78r__002fbe1d.jpg,002fbe1d-273c-49d9-b124-2d29bbcf838e,Visboek: Folio 77v and 78r,Adriaen Coenen,1580,900,662,"fish,whales",ok
visboek-folio-380v-and-381r__aa4eb625.jpg,aa4eb625-ed7f-4324-aaa2-2585c87de6e8,Visboek: Folio 380v and 381r,Adriaen Coenen,1580,900,662,"fish,marine,seahorses",ok
visboek-folio-157v-and-158r__bd13b5c9.jpg,bd13b5c9-f716-4067-9d39-61f670cecda2,Visboek: Folio 157v and 158r,Adriaen Coenen,1580,900,661,"fish,whales",ok
visboek-folio-145v-and-146r__bec6e586.jpg,bec6e586-185c-44d4-96b6-29ba5b076abf,Visboek: Folio 145v and 146r,Adriaen Coenen,1580,900,662,"fish,whales",ok
visboek-folio-293v-and-294r__d8e92193.jpg,d8e92193-f345-4689-be52-aab4ab4c6389,Visboek: Folio 293v and 294r,Adriaen Coenen,1580,900,661,"fish,whales",ok
visboek-folio-309v-and-310r__f97208c1.jpg,f97208c1-704e-42c3-bca3-dbdf91efe56a,Visboek: Folio 309v and 310r,Adriaen Coenen,1580,900,662,"fish,whales",ok
visboek-folio-79v-and-80r__f5d7f697.jpg,f5d7f697-c1cd-4e3f-82e8-859c35bd456e,Visboek: Folio 79v and 80r,Adriaen Coenen,1580,900,661,"fish,whales",ok
visboek-folio-69v-and-70r__f6b387ef.jpg,f6b387ef-e225-4f15-96bf-73c3818e0ae0,Visboek: Folio 69v and 70r,Adriaen Coenen,1580,900,661,"fish,whales",ok
visboek-folio-48v-and-49r__f33fab17.jpg,f33fab17-c838-40c8-8cf7-aa548ae5ddcb,Visboek: Folio 48v and 49r,Adriaen Coenen,1580,900,661,"fish,jellyfish,octopuses",ok
a-plant-and-a-fish__e8dfce7c.jpg,e8dfce7c-554a-4f62-a271-e1af04f0fc15,A plant and a fish.,,ca.1440,570,863,fish,ok
alexander-the-great-in-the-air__9e1d2a24.jpg,9e1d2a24-29ae-467a-b1f4-0d91fab98e3c,Alexander the Great in the Air,,ca. 1400–10,600,606,fish,ok
a-good-haul__dad7c0b9.jpg,dad7c0b9-178c-4c5f-9465-2a7d980a81e0,A Good Haul,,1917,800,511,fish,ok
the-mad-squire-and-his-fatal-hunting__fa0a4807.jpg,fa0a4807-bc04-4b6d-a074-81ec46df7b4a,The mad squire and his fatal hunting,,18th century,762,524,"dogs,fish,horses",ok
kintar-riding-the-carp__180583e8.jpg,180583e8-ba8c-4227-aa2c-591caa8446ca,Kintarō Riding the Carp,Tsukioka Yoshitoshi,1882,800,604,fish,ok
shiei-riding-a-carp-over-the-sea__2c01965b.jpg,2c01965b-4039-4cf7-9d1d-68ae1d2157ea,Shiei Riding a Carp over the Sea,Tsukioka Yoshitoshi,1882,800,606,fish,ok
sh-ki-creeping-up-on-a-sleeping-demon__9fff5135.jpg,9fff5135-539d-435c-a790-52c2e38ae793,Shōki Creeping Up on a Sleeping Demon,Tsukioka Yoshitoshi,1882,800,605,fish,ok
capricorn__a6520a80.jpg,a6520a80-0a1b-41f2-9256-8d05dce9462c,Capricorn,,1482,450,674,"fish,goats",ok
arrowhead__29aab129.jpg,29aab129-fa21-4b73-b7aa-4d1a4ea2589f,Arrowhead,J. J. Grandville,1849,1035,1500,fish,ok
embalming-jar__71a53fc2.jpg,71a53fc2-9db3-4de6-88f1-d266c29f1cc3,Embalming Jar,Frederic Ruysch,1710,500,811,"fish,marine,shells",ok
title-page-design__64ddc742.jpg,64ddc742-9625-42dd-a8e5-e66c15f87fe6,Title-page Design,Aubrey Beardsley,1894,2334,2990,insects,ok
contents-page-design__30af5d6f.jpg,30af5d6f-988c-41a5-bf0a-dcfed676b3b9,Contents-page Design,Aubrey Beardsley,1894,2450,2976,insects,ok
illustration-concerning-the-arrangement-of-hives__24bf7886.jpg,24bf7886-4928-4379-b871-8ec8becff4fa,Illustration concerning the arrangement of hives,Charles Butler,1623,967,976,"bees,insects",ok
forget-me-not-myosotis-sylvatica__7167bb62.jpg,7167bb62-f509-4e39-93ae-f2897312eded,Forget-me-not (Myosotis sylvatica),Master of Claude de France,ca. 1510–1515,2619,3940,"butterflies,insects",ok
marigold-calendula-arvensis__7d2cc71e.jpg,7d2cc71e-7721-445c-8d6d-d6fc0f299459,Marigold (Calendula arvensis),Master of Claude de France,ca. 1510–1515,2626,3958,"butterflies,insects",ok
chicory-cichorium-intybus__0beae2a6.jpg,0beae2a6-8c4c-4131-9e56-a4ab10cd6c5f,Chicory (Cichorium intybus),Master of Claude de France,ca. 1510–1515,2633,3970,insects,ok
snow-in-summer-cerastium-tomentosum__45762e3e.jpg,45762e3e-f354-4264-8f77-f3aeda5e3ecd,Snow in Summer (Cerastium tomentosum),Master of Claude de France,ca. 1510–1515,2638,3966,"butterflies,insects",ok
dark-mullein-verbascum-nigrum__31dec399.jpg,31dec399-cbdd-4b80-9542-6162111c679e,Dark Mullein (Verbascum nigrum),Master of Claude de France,ca. 1510–1515,2648,3974,insects,ok
scottish-thistle-onopordium-acanthium__35bb459e.jpg,35bb459e-194b-4ea4-813c-0dd079490b60,Scottish Thistle (Onopordium acanthium),Master of Claude de France,ca. 1510–1515,2633,3955,insects,ok
grapevine-vitis-vinifera__1b116855.jpg,1b116855-8e36-4303-8b61-c459b06cd0d5,Grapevine (Vitis vinifera),Master of Claude de France,ca. 1510–1515,2647,3953,insects,ok
blue-pimpernel-anagallis-foemina__70d2a36a.jpg,70d2a36a-d52d-47db-9444-5d012925f582,Blue Pimpernel (Anagallis foemina),Master of Claude de France,ca. 1510–1515,2613,3904,insects,ok
red-carnation-dianthus-sp__921f5d11.jpg,921f5d11-a31b-433c-9b79-4a283ab2dc42,Red Carnation (Dianthus sp.),Master of Claude de France,ca. 1510–1515,2639,3918,"butterflies,insects",ok
sweet-violet-viola-odorata__c1130b23.jpg,c1130b23-b2f7-4a0b-b71b-b81c8f9c7b2f,Sweet Violet (Viola odorata),Master of Claude de France,ca. 1510–1515,2616,3953,insects,ok
saffron-crocus-crocus-sativus__f7574fe8.jpg,f7574fe8-838b-4c50-b662-d2ba926dae59,Saffron Crocus (Crocus sativus),Master of Claude de France,ca. 1510–1515,2657,3985,insects,ok
st-peter-s-keys-primula-veris__12a888ea.jpg,12a888ea-12d2-45db-9f8d-e5d7ab9ba11b,St. Peter's Keys (Primula veris),Master of Claude de France,ca. 1510–1515,2652,3980,"butterflies,insects",ok
wild-strawberry-fragaria-vesca__3ed986ba.jpg,3ed986ba-59fd-4358-8b27-d88bf24c87c5,Wild Strawberry (Fragaria vesca),Master of Claude de France,ca. 1510–1515,2599,3960,"caterpillars,insects",ok
primrose-primula-vulgaris__1a61fb07.jpg,1a61fb07-1f26-4bd2-8f85-440af6a99df7,Primrose (Primula vulgaris),Master of Claude de France,ca. 1510–1515,2619,3973,"beetles,insects",ok
common-daisy-bellis-perennis__177ceae4.jpg,177ceae4-107d-4cd2-aec2-fde3eba1ccc3,Common Daisy (Bellis perennis),Master of Claude de France,ca. 1510–1515,2619,3967,insects,ok
white-lily-lilium-candidum__cf913671.jpg,cf913671-716b-457f-ae18-ac5aeb5c86b7,White Lily (Lilium candidum),Master of Claude de France,ca. 1510–1515,2611,3960,insects,ok
heart-s-ease-violet-viola-tricolor__86d60d89.jpg,86d60d89-bb53-469d-b1dc-f8d0df6656a0,Heart's Ease Violet (Viola tricolor),Master of Claude de France,ca. 1510–1515,2618,3962,insects,ok
corn-poppy-papaver-rhoeas__e4f005b1.jpg,e4f005b1-f7bc-456d-bc9a-e86bb071b5ec,Corn Poppy (Papaver rhoeas),Master of Claude de France,ca. 1510–1515,2621,3990,insects,ok
cornflower-centaurea-cyanus__b27e1efb.jpg,b27e1efb-204e-440e-b847-a81591a275eb,Cornflower (Centaurea cyanus),Master of Claude de France,ca. 1510–1515,2626,4000,"butterflies,insects",ok
red-catchfly-silene-dioica__6fae42ce.jpg,6fae42ce-3d38-45f1-9992-17cbb1b760ce,Red Catchfly (Silene dioica),Master of Claude de France,ca. 1510–1515,2629,4000,insects,ok
iris-iris-versicolor__79efcafb.jpg,79efcafb-dcbd-41bb-bd60-ee0451a4cdb3,Iris (Iris versicolor),Master of Claude de France,ca. 1510–1515,2639,4000,insects,ok
borage-borago-officinalis__3fb905fa.jpg,3fb905fa-e884-4189-aed0-61a819a02c2e,Borage (Borago officinalis),Master of Claude de France,ca. 1510–1515,2620,3997,"beetles,insects",ok
snowdrop-galanthus-nivalis__4ad37903.jpg,4ad37903-1814-4ddf-bba0-6fb34dee9e80,Snowdrop (Galanthus nivalis),Master of Claude de France,ca. 1510–1515,2641,4000,insects,ok
dandelion-taraxacum-officinale__1236147c.jpg,1236147c-1361-4ae8-ab50-2112130c9dff,Dandelion (Taraxacum officinale),Master of Claude de France,ca. 1510–1515,2625,4000,"caterpillars,insects",ok
foxglove-digitalis-purpurea__96841d30.jpg,96841d30-b76d-4bb0-932e-cfc8aba437d6,Foxglove (Digitalis purpurea),Master of Claude de France,ca. 1510–1515,2577,3995,"butterflies,insects",ok
autumn-buttercup-ranunculus-bullatus__a8ebc286.jpg,a8ebc286-ca41-4dbb-8695-fdef65937731,Autumn Buttercup (Ranunculus bullatus),Master of Claude de France,ca. 1510–1515,2642,4000,"butterflies,insects",ok
st-bernard-s-lily-anthericum-liliago__205db2db.jpg,205db2db-97ec-472a-9279-806525f8fb5a,St. Bernard's Lily (Anthericum liliago),Master of Claude de France,ca. 1510–1515,2567,4000,"beetles,insects",ok
wild-pea-pisum-sativum__e6cc917e.jpg,e6cc917e-e04c-4229-a879-0e72963934f2,Wild Pea (Pisum sativum),Master of Claude de France,ca. 1510–1515,2633,4000,insects,ok
cultivated-daisy-bellis-perennis__970642d8.jpg,970642d8-9b35-4f7c-9df8-a598577ac00c,Cultivated Daisy (Bellis perennis),Master of Claude de France,ca. 1510–1515,2563,3965,insects,ok
columbine-aquilegia-vulgaris__7f59dff9.jpg,7f59dff9-c13e-4289-ba51-2e14cec3517b,Columbine (Aquilegia vulgaris),Master of Claude de France,ca. 1510–1515,2557,4000,"butterflies,insects",ok
white-rose-of-york-rosa-alba__fa7443df.jpg,fa7443df-ebdd-40d7-8985-768a0b1146a9,White Rose of York (Rosa alba),Master of Claude de France,ca. 1510–1515,2677,4000,"beetles,insects",ok
fava-bean-fruits-and-flowers-vicia-faba__265b8200.jpg,265b8200-dd7d-4c82-89eb-ece55f2636b0,"Fava Bean, fruits and flowers (Vicia faba)",Master of Claude de France,ca. 1510–1515,2667,4000,"caterpillars,insects",ok
snow-in-summer-cerastium-tomentosum__b8f04981.jpg,b8f04981-1cee-4f0f-a695-bd6d9a0ab66d,Snow-in-Summer (Cerastium tomentosum),Master of Claude de France,ca. 1510–1515,2654,4000,insects,ok
stinger-of-a-honey-bee-magnified-25-times__80014668.jpg,80014668-8b31-46ca-8d57-e6a2301dcdc6,"Stinger of a honey bee, magnified 25 times",Marinus Pieter Filbri,1887–88,1400,1569,"bees,insects",ok
head-of-a-mosquito-magnified-25-times__72fbf91a.jpg,72fbf91a-5d93-435d-828c-afc0a9c81b81,"Head of a mosquito, magnified 25 times",Marinus Pieter Filbri,1887–88,1415,1581,insects,ok
swim-leg-of-a-backswimmer-magnified-25-times__b4d903e8.jpg,b4d903e8-0be8-4441-bed5-caab019a901a,"Swim leg of a backswimmer, magnified 25 times",Marinus Pieter Filbri,1887–88,1451,1351,insects,ok
head-of-a-moth-magnified-90-times__f21d9e84.jpg,f21d9e84-f2a2-43cc-aa16-2f267ef624da,"Head of a moth, magnified 90 times",Marinus Pieter Filbri,1887–88,1345,1422,"insects,moths",ok
antenna-of-a-moth-magnified-30-times__6c5cad74.jpg,6c5cad74-15ab-4d4c-ae03-7f0d97307cb5,"Antenna of a moth, magnified 30 times",Marinus Pieter Filbri,1887–88,1405,1361,"insects,moths",ok
antenna-of-a-june-beetle-magnified-25-times__29f1cae8.jpg,29f1cae8-db3b-460b-8579-2a00cf57bcaa,"Antenna of a June beetle, magnified 25 times",Marinus Pieter Filbri,1887–88,1383,1442,"beetles,insects",ok
wing-of-a-fly-magnified-30-times__b9873a3f.jpg,b9873a3f-2959-44d2-8534-18415a3a6038,"Wing of a fly, magnified 30 times",Marinus Pieter Filbri,1887–88,1325,1315,insects,ok
wing-of-a-mosquito-magnified-25-times__0ee9e896.jpg,0ee9e896-5043-4dc3-ba5d-a81ecb42c359,"Wing of a mosquito, magnified 25 times",Marinus Pieter Filbri,1887–88,1329,1326,insects,ok
shell-of-an-insect-magnified-25-times__db71b3b7.jpg,db71b3b7-d3a7-4db8-a9b8-405d06a4bd59,"Shell of an insect, magnified 25 times",Marinus Pieter Filbri,1887–88,1365,1462,insects,ok
leg-of-an-insect-magnified-25-times__54176991.jpg,54176991-fe95-4bfc-bf09-3d9489555c62,"Leg of an insect, magnified 25 times",Marinus Pieter Filbri,1887–88,1396,1438,insects,ok
fly-s-eye-magnified-170-times__e9b58869.jpg,e9b58869-4f03-4879-acc4-1a9477844641,"Fly’s eye, magnified 170 times",Marinus Pieter Filbri,1887–88,1321,1326,insects,ok
flies-eye-magnified-60-times__5201eb50.jpg,5201eb50-b16f-495a-bf2b-83e677cb1429,"Flies eye, magnified 60 times",Marinus Pieter Filbri,1887–88,1148,1170,insects,ok
head-of-a-fly-magnified-25-times__ae02c82e.jpg,ae02c82e-be0f-449f-9ad3-468e7f96e087,"Head of a fly, magnified 25 times",Marinus Pieter Filbri,1887–88,1113,1083,insects,ok
cattle-and-creeping-thing__c835256e.jpg,c835256e-c105-4cf2-88db-770c0b5c0986,Cattle and Creeping Thing,Paul Nash,1924,2894,3678,"cattle,insects",ok
facsimile-of-the-codex-r-os-ca-after-1566__3050b551.jpg,3050b551-34bd-463f-9ce0-c1513bea083d,"Facsimile of the Codex Ríos, ca. after 1566",Agostino Aglio,1831–48,3260,4223,insects,ok
a-strange-shaped-bug__10368c9f.jpeg,10368c9f-620f-422d-9d9e-2208e6ecf9e9,“A strange-shaped bug”.,David Fairchild; Marian Fairchild,1914,2382,1484,insects,ok
an-american-scarab__17a24e15.jpeg,17a24e15-e518-498c-9d15-504160fdbc00,“An American scarab”.,David Fairchild; Marian Fairchild,1914,2348,1494,"beetles,insects",ok
the-cast-off-outer-skeleton-of-a-wolf-spider__27cc51bd.jpeg,27cc51bd-ff5b-4cd7-af4a-2d4025039bbc,“The cast off outer skeleton of a wolf-spider”.,David Fairchild; Marian Fairchild,1914,2388,1552,"insects,spiders",ok
the-male-grass-spider__243ae8f0.jpeg,243ae8f0-da45-4f9d-8ba6-cefa0b1a4556,“The male grass spider”.,David Fairchild; Marian Fairchild,1914,2380,1464,"insects,spiders",ok
a-hippopotamus-among-the-insects__22c4fe98.jpeg,22c4fe98-aa23-48ba-82fb-9ff27d559980,“A hippopotamus among the insects”.,David Fairchild; Marian Fairchild,1914,2386,1414,"beetles,insects",ok
a-hairy-spectacle__21408ea7.jpeg,21408ea7-49e4-4ee5-9f4d-6c5f66550712,“A hairy spectacle”.,David Fairchild; Marian Fairchild,1914,2384,1344,"caterpillars,insects",ok
the-lace-winged-fly__26321e39.jpeg,26321e39-1e78-40d0-bb67-3a13ee30bf22,“The lace-winged fly”.,David Fairchild; Marian Fairchild,1914,2382,1478,insects,ok
the-wolf-spider__3de43fdb.jpeg,3de43fdb-1d1c-4a4a-a7ce-497e735867c5,“The wolf-spider”.,David Fairchild; Marian Fairchild,1914,2390,1478,"insects,spiders",ok
the-orb-weaving-spider__37650704.jpeg,37650704-7a12-494c-bce3-30971cad4204,“The orb-weaving spider”.,David Fairchild; Marian Fairchild,1914,2382,1456,"insects,spiders",ok
a-mature-male-spider__3c3e31e2.jpeg,3c3e31e2-1040-49b2-84fb-73b49ca37f50,“A mature male spider”.,David Fairchild; Marian Fairchild,1914,2392,1490,"insects,spiders",ok
the-robber-fly__342138ef.jpeg,342138ef-2c2b-4585-a91b-e1222cb4e209,“The robber fly”.,David Fairchild; Marian Fairchild,1914,2106,1490,insects,ok
the-larva-of-the-skipper-butterfly__37dadb5e.jpeg,37dadb5e-8cad-4ee9-b565-4cfc331afd02,“The larva of the skipper butterfly”.,David Fairchild; Marian Fairchild,1914,2388,1336,"butterflies,insects",ok
the-worker-bumble-bee__3f719c41.jpeg,3f719c41-51a7-41ef-9843-ae9fcb26fab3,“The worker bumble-bee”.,David Fairchild; Marian Fairchild,1914,2402,1510,"bees,insects",ok
the-long-camera-with-which-the-monsters-were-taken__3f4d7979.jpeg,3f4d7979-c482-4797-a79d-8ae4c21442e0,The Long Camera with which the Monsters were Taken,David Fairchild; Marian Fairchild,1914,1581,1320,insects,ok
a-butterfly-s-mummy-case__4a1307c8.jpeg,4a1307c8-487d-42ef-9371-bd293a9b5710,“A butterfly’s mummy case”.,David Fairchild; Marian Fairchild,1914,2412,1394,"butterflies,insects",ok
the-jumping-spider__5578a992.jpeg,5578a992-0b59-4b76-8250-dd04f94caa93,“The jumping spider”.,David Fairchild; Marian Fairchild,1914,2384,1462,"insects,spiders",ok
a-caterpillar-devoured-by-a-fungus__51c744a5.jpeg,51c744a5-1f5a-4c47-9b89-2794b6ff2c7c,“A caterpillar devoured by a fungus”.,David Fairchild; Marian Fairchild,1914,2384,1310,"caterpillars,insects",ok
the-larva-of-the-swallow-tail-butterfly__6f5033bc.jpeg,6f5033bc-bfd1-4eb9-b372-95192921fdd2,“The larva of the swallow-tail butterfly”.,David Fairchild; Marian Fairchild,1914,1962,1378,"butterflies,insects",ok
the-bald-faced-hornet__6f68eed8.jpeg,6f68eed8-e507-4479-af13-8f99a3d973f1,“The bald-faced hornet”.,David Fairchild; Marian Fairchild,1914,2082,1490,insects,ok
the-king-grasshopper__779c3694.jpeg,779c3694-663c-45f1-89c0-d56dfa33d19d,“The king grasshopper”.,David Fairchild; Marian Fairchild,1914,2404,1498,insects,ok
a-centipede__7f25e32f.jpeg,7f25e32f-4e3d-4651-ac44-be198fd26e31,“A centipede”.,David Fairchild; Marian Fairchild,1914,2284,1472,insects,ok
the-praying-mantis__899d480d.jpeg,899d480d-566e-4e22-979b-015c67b7fa6c,“The praying mantis”.,David Fairchild; Marian Fairchild,1914,2370,1572,insects,ok
the-june-beetle-larva__896ac044.jpeg,896ac044-0ca8-40b7-b4d6-b82f3cac28c4,“The June beetle larva”.,David Fairchild; Marian Fairchild,1914,2388,1456,insects,ok
the-spotted-vine-chafer__8b087544.jpeg,8b087544-24de-4a74-a6f5-7a97864b884b,“The spotted vine chafer”.,David Fairchild; Marian Fairchild,1914,2296,1496,insects,ok
the-blister-beetle__8d446b22.jpeg,8d446b22-1137-49a7-a4c6-61d830ce5e33,“The blister beetle”.,David Fairchild; Marian Fairchild,1914,2392,1478,"beetles,insects",ok
an-unknown-caterpillar__8f05cdd4.jpeg,8f05cdd4-129f-478e-b01f-41f683f2cde7,“An unknown caterpillar”.,David Fairchild; Marian Fairchild,1914,2396,1302,"caterpillars,insects",ok
the-queen-hornet__8c658c7a.jpeg,8c658c7a-16da-4b8a-8c84-d9daa3806c23,“The queen hornet”.,David Fairchild; Marian Fairchild,1914,2380,1440,insects,ok
the-orb-weaving-spider__97eb414f.jpeg,97eb414f-7ddc-4e07-99f3-ffa918a72cef,“The orb-weaving spider”.,David Fairchild; Marian Fairchild,1914,2388,1446,"insects,spiders",ok
a-young-grasshopper-s-skeleton__0c4eeabf.jpeg,0c4eeabf-c5c3-4316-8543-57a46797a9d0,“A young grasshopper’s skeleton”.,David Fairchild; Marian Fairchild,1914,2396,1406,insects,ok
the-grasshopper-s-hearing-organ__00d90f12.jpeg,00d90f12-f281-4169-a4cd-96c32dc695c0,“The grasshopper’s hearing organ”.,David Fairchild; Marian Fairchild,1914,2216,1478,insects,ok
the-short-winged-green-locust__0acfe1cf.jpeg,0acfe1cf-72c1-47fe-a10d-886550256ba2,“The short-winged green locust”.,David Fairchild; Marian Fairchild,1914,2392,1548,insects,ok
the-mole-cricket__0d6db57c.jpeg,0d6db57c-f1d5-40e6-b553-f4288bcd83a1,“The mole cricket”.,David Fairchild; Marian Fairchild,1914,2342,1486,insects,ok
the-squash-bug__0c5c1eb5.jpeg,0c5c1eb5-1344-4505-a302-02bc1ffa5b29,“The squash bug”.,David Fairchild; Marian Fairchild,1914,2394,1074,insects,ok
an-assassination__0e541970.jpeg,0e541970-9637-4e05-9a53-051b690dff4e,“An assassination”.,David Fairchild; Marian Fairchild,1914,2276,1486,insects,ok
the-sawyer__0bf16af4.jpeg,0bf16af4-6b3d-42cb-becc-c112fab241bc,“The sawyer“.,David Fairchild; Marian Fairchild,1914,2396,1492,insects,ok
a-baby-grasshopper__ac3a82fb.jpeg,ac3a82fb-2a79-4f3d-b053-34675063bb1a,“A baby grasshopper”.,David Fairchild; Marian Fairchild,1914,2392,1408,insects,ok
the-ground-cricket__a224cca4.jpeg,a224cca4-7abd-4f0a-b46f-04f1b2571b32,“The ground cricket”.,David Fairchild; Marian Fairchild,1914,2270,1500,insects,ok
a-millipede__a4489773.jpeg,a4489773-a786-4444-bcc2-984a82fab7e6,“A millipede”.,David Fairchild; Marian Fairchild,1914,2370,1466,insects,ok
the-thread-legged-bug__b77b5ae3.jpeg,b77b5ae3-0f78-4c11-8643-912b63c7d338,“The thread-legged bug”.,David Fairchild; Marian Fairchild,1914,2134,1492,insects,ok
the-twig-pruner__b0ba1fa8.jpeg,b0ba1fa8-9278-4a5e-98a4-0205e42da37d,“The twig pruner”.,David Fairchild; Marian Fairchild,1914,2390,1532,insects,ok
the-katydid__c7cc66a4.jpeg,c7cc66a4-ef9d-422f-a94a-2d015aa2519c,“The katydid”.,David Fairchild; Marian Fairchild,1914,2148,1478,insects,ok
the-june-bug__c421ba7e.jpeg,c421ba7e-a5ae-4f8c-923f-c49d4f85b7f0,“The June bug”.,David Fairchild; Marian Fairchild,1914,2388,1504,insects,ok
the-large-syrphid-fly__cafcc558.jpeg,cafcc558-19ef-4f4d-b91f-25c233845cad,“The large syrphid fly”.,David Fairchild; Marian Fairchild,1914,2372,1464,insects,ok
the-dragon-fly-and-its-victim__cd32fea8.jpeg,cd32fea8-c497-4709-b409-cf1fd26e7d54,“The dragon-fly and its victim”.,David Fairchild; Marian Fairchild,1914,2126,1498,insects,ok
a-solitary-leaf-cutting-bee__c8d6b0c1.jpeg,c8d6b0c1-3e61-44c8-9d85-a3ed64acf4c8,“A solitary leaf-cutting bee”.,David Fairchild; Marian Fairchild,1914,2394,1498,"bees,insects",ok
the-black-ant__ce38a10f.jpeg,ce38a10f-fd58-443f-b234-0446907d83fc,“The black ant”.,David Fairchild; Marian Fairchild,1914,2284,1488,insects,ok
a-spider-from-a-fly-s-point-of-view__d786d062.jpeg,d786d062-24c8-4548-bf9a-6a6d7b5c1669,“A spider from a fly’s point of view”.,David Fairchild; Marian Fairchild,1914,2392,1422,"insects,spiders",ok
a-grasshopper__d7d37deb.jpeg,d7d37deb-b131-4de9-8049-ec265b4c8a87,“A grasshopper”.,David Fairchild; Marian Fairchild,1914,2228,1466,insects,ok
the-cricket-of-the-hearth__d163e560.jpeg,d163e560-7726-47f6-acc3-e95c56aeb73a,“The cricket of the hearth”.,David Fairchild; Marian Fairchild,1914,2384,1320,insects,ok
the-longhorn-beetle__d6f46b89.jpeg,d6f46b89-9fe5-4a04-93d3-eda3ba6c4b25,“The longhorn beetle”.,David Fairchild; Marian Fairchild,1914,2404,1438,"beetles,insects",ok
the-green-headed-horse-fly__d3ead350.jpeg,d3ead350-7ceb-4663-ac2f-2b3fecb6b3a0,“The green-headed horse fly”.,David Fairchild; Marian Fairchild,1914,2386,1428,insects,ok
not-good-to-eat__d9df8c75.jpeg,d9df8c75-ff13-4fd6-b00f-bceffb85adf4,“Not good to eat”.,David Fairchild; Marian Fairchild,1914,2392,1432,"caterpillars,insects",ok
one-of-the-social-wasps__d1d91aed.jpeg,d1d91aed-5825-4047-ba34-adffdd492db0,“One of the social wasps”.,David Fairchild; Marian Fairchild,1914,2370,1486,insects,ok
the-cow-killer-or-velvet-ant__d32d81f3.jpeg,d32d81f3-01d2-40fd-9926-41ed23ff2fcb,“The cow killer or velvet ant”.,David Fairchild; Marian Fairchild,1914,2386,1136,insects,ok
a-jumping-spider-ready-to-spring-from-a-leaf__ef99ca79.jpeg,ef99ca79-aef1-4201-97df-276538e7b265,“A jumping spider ready to spring from a leaf”.,David Fairchild; Marian Fairchild,1914,2366,1478,"insects,spiders",ok
the-cicada__ed5cdda5.jpeg,ed5cdda5-6d11-4139-93c4-bdadb4b5f205,“The cicada”.,David Fairchild; Marian Fairchild,1914,2392,1474,insects,ok
the-robber-fly__ebb06ca2.jpeg,ebb06ca2-a488-4270-92df-bf09241e9098,“The robber fly”.,David Fairchild; Marian Fairchild,1914,2336,1474,insects,ok
the-bee-fly__e7875aed.jpeg,e7875aed-e384-4711-af17-e8b9b7284b8b,“The bee fly”.,David Fairchild; Marian Fairchild,1914,2114,1492,insects,ok
the-damsel-fly__e07830a7.jpeg,e07830a7-9906-4376-b12c-b7b1862f678e,“The damsel fly”.,David Fairchild; Marian Fairchild,1914,2214,1492,insects,ok
the-brown-butterfly__f9f6da50.jpeg,f9f6da50-7edd-41c6-80dd-52839189ca0f,“The brown butterfly”.,David Fairchild; Marian Fairchild,1914,2254,1500,"butterflies,insects",ok
a-mud-dauber-wasp__f8c59f3e.jpeg,f8c59f3e-78c0-4752-a0ff-35b5a4118228,“A mud dauber wasp”.,David Fairchild; Marian Fairchild,1914,2396,1344,insects,ok
untitled__1444ec59.jpg,1444ec59-7cb9-4799-8377-6c52064bdc30,,Maria Sibylla Merian,1705,3664,5048,"beetles,butterflies,caterpillars,insects",ok
untitled__2ea651ee.jpg,2ea651ee-4c2b-42c2-8907-22db1440f992,,Maria Sibylla Merian,1705,3608,4656,"butterflies,caterpillars,insects",ok
untitled__39c67357.jpg,39c67357-3281-41ed-976c-dcbad5ffd210,,Maria Sibylla Merian,1705,3601,4696,"butterflies,caterpillars,entomology,insects",ok
untitled__331031ee.jpg,331031ee-5a8e-48ee-b037-1dfe2ac3dda2,,Maria Sibylla Merian,1705,3840,4872,"butterflies,caterpillars,insects,moths",ok
untitled__3ab0733b.jpg,3ab0733b-c95c-4e37-abae-a31657524aa2,,Maria Sibylla Merian,1705,3729,5751,"butterflies,caterpillars,insects",ok
untitled__5d565a65.jpg,5d565a65-6470-47f9-8551-7c281adf6686,,Maria Sibylla Merian,1705,3848,5136,"butterflies,caterpillars,insects",ok
untitled__597bd332.jpg,597bd332-e39f-4307-b6e1-46672014a4c4,,Maria Sibylla Merian,1705,3608,5288,"butterflies,caterpillars,insects,moths",ok
untitled__5ef2f729.jpg,5ef2f729-b5b0-4526-b75a-9178da9d74b3,,Maria Sibylla Merian,1705,4016,5240,"butterflies,caterpillars,insects,spiders",ok
untitled__5a90f382.jpg,5a90f382-ae7a-41fc-8aec-f2544382b8b6,,Maria Sibylla Merian,1705,3806,4656,"butterflies,caterpillars,insects",ok
untitled__67bf8b2e.jpg,67bf8b2e-08a1-40e6-b751-a230b6ce726c,,Maria Sibylla Merian,1705,3560,4808,"butterflies,caterpillars,insects",ok
untitled__7bf94a69.jpg,7bf94a69-714f-4db9-99ea-c411c802b333,,Maria Sibylla Merian,1705,3552,4632,"beetles,butterflies,caterpillars,entomology,insects",ok
untitled__7bf7b38d.jpg,7bf7b38d-36ce-4d70-b6fa-ea9b751975f5,,Maria Sibylla Merian,1705,3689,4904,"butterflies,caterpillars,entomology,insects,moths",ok
untitled__8f464ad3.jpg,8f464ad3-bafa-46ff-a9f4-48fb9632290b,,Maria Sibylla Merian,1705,3312,4136,"butterflies,caterpillars,insects",ok
untitled__970804cd.jpg,970804cd-a593-4165-8cc0-ef4257298f5f,,Maria Sibylla Merian,1705,3648,5312,"butterflies,caterpillars,insects,moths",ok
untitled__9c85b969.jpg,9c85b969-24ac-4e2e-8e3e-bcc3dc37f66b,,Maria Sibylla Merian,1705,3344,4112,"butterflies,caterpillars,insects,moths",ok
untitled__991b4fe5.jpg,991b4fe5-639e-41ff-b074-330054f64288,,Maria Sibylla Merian,1705,3849,4920,"butterflies,caterpillars,insects",ok
untitled__0f8cfbb4.jpg,0f8cfbb4-9625-4ebe-ba88-7f906e0c17ff,,Maria Sibylla Merian,1705,3432,4424,"butterflies,caterpillars,insects,moths",ok
untitled__a2e530a5.jpg,a2e530a5-a211-4463-bd51-6a508ef0d80e,,Maria Sibylla Merian,1705,3481,4496,"butterflies,caterpillars,entomology,insects",ok
untitled__a4604f29.jpg,a4604f29-c388-45a7-ae47-34b465b86947,,Maria Sibylla Merian,1705,3744,5176,"butterflies,caterpillars,entomology,insects,moths",ok
untitled__b2a42051.jpg,b2a42051-1e02-4059-9759-34d655d75543,,Maria Sibylla Merian,1705,3672,5072,"butterflies,caterpillars,insects",ok
untitled__b304a5cd.jpg,b304a5cd-df14-4d09-8fba-0143397ac0d4,,Maria Sibylla Merian,1705,3729,5120,"butterflies,caterpillars,insects",ok
untitled__c92dab18.jpg,c92dab18-645f-4172-9a0e-4a11d9bfd50e,,Maria Sibylla Merian,1705,3600,4552,"butterflies,caterpillars,insects",ok
untitled__d0276d72.jpg,d0276d72-b754-417c-bdf5-5bdec81a111b,,Maria Sibylla Merian,1705,3665,4800,"butterflies,caterpillars,insects,moths",ok
untitled__dec5c65c.jpg,dec5c65c-2218-446f-94eb-2d9d7b88a23b,,Maria Sibylla Merian,1705,3534,4928,"butterflies,caterpillars,insects",ok
untitled__e67d0923.jpg,e67d0923-1ff9-44f5-8f7b-0d6c61526079,,Maria Sibylla Merian,1705,3640,5104,"amphibians,butterflies,caterpillars,frogs,insects",ok
untitled__e0a6ee43.jpg,e0a6ee43-cee5-4c56-8fc7-608126d3b5e4,,Maria Sibylla Merian,1705,3696,5296,"butterflies,caterpillars,insects",ok
untitled__e9a970df.jpg,e9a970df-cf9b-4df5-af08-5c1fec6dba9d,,Maria Sibylla Merian,1705,3848,5048,"butterflies,caterpillars,insects,lizards,moths",ok
untitled__fed49f64.jpg,fed49f64-66c6-4a52-9e76-e0800592cd7b,,Maria Sibylla Merian,1705,3272,4672,"butterflies,caterpillars,insects,moths",ok
untitled__f136c620.jpg,f136c620-68af-489d-b067-e342f7de1e45,,Maria Sibylla Merian,1705,3497,4424,"butterflies,caterpillars,insects",ok
untitled__f9456bdc.jpg,f9456bdc-be58-4726-85b0-4c176f499410,,Maria Sibylla Merian,1705,3553,4944,"butterflies,caterpillars,insects",ok
untitled__f8733955.jpg,f8733955-3c18-47f6-b45c-f15bec383ccd,,Maria Sibylla Merian,1705,3785,5104,"butterflies,caterpillars,insects,moths",ok
blackwork-print-of-design-for-a-beetle-shaped-pendant__301d6c50.jpg,301d6c50-df19-4b6b-9b79-e368fcaf7f89,Blackwork print of design for a beetle-shaped pendant,Jean Toutin,1619,2800,3781,insects,ok
death-is-the-line-that-marks-the-end-of-all__aedc5e54.jpg,aedc5e54-4e23-4ca8-8914-d9c37ea7f3ce,“Death is the line that marks the end of all”,Joris Hoefnagel,1592,1200,904,"caterpillars,insects,moths",ok
men-in-the-world-of-today-are-bugs__a851fe25.jpg,a851fe25-ee4a-4e44-adeb-78f36f5015d5,“Men in the world of today are bugs.”,C. P. Cranch,ca. 1837–39,2397,777,insects,ok
willow-mallow-seed__166491c7.jpg,166491c7-95b3-43df-b10d-853cdcbc0a79,Willow mallow seed,Martin Frobenius Ledermüller,1764–8,1227,1500,"entomology,insects",ok
string-and-spiders-web__1b88b9e6.jpg,1b88b9e6-82fd-4d67-95bb-97d052166e47,String and spiders web,Martin Frobenius Ledermüller,1764–8,1117,1500,"entomology,insects,spiders",ok
coral-salt__1b38d011.jpg,1b38d011-d320-4873-8a6b-34eeb5808434,Coral salt,Martin Frobenius Ledermüller,1764–8,1116,1500,"entomology,insects",ok
flea__19c3ff5e.jpg,19c3ff5e-120c-432a-9623-38e14be38428,Flea,Martin Frobenius Ledermüller,1764–8,1070,1500,"entomology,insects",ok
moth-mouth-parts__2c793994.jpg,2c793994-a796-4cf3-8cb9-9ebf6df828e5,Moth mouth parts,Martin Frobenius Ledermüller,1764–8,1065,1500,"entomology,insects,moths",ok
frog-mesentery__359f00be.jpg,359f00be-61fd-4a37-b84e-5dd53dd914e5,Frog mesentery,Martin Frobenius Ledermüller,1764–8,1046,1500,"entomology,frogs,insects",ok
hydras__470557f4.jpg,470557f4-ca56-463b-a968-1ca027be0900,Hydras,Martin Frobenius Ledermüller,1764–8,1171,1500,"entomology,insects",ok
moss__6f36c62f.jpg,6f36c62f-c58b-482f-92cc-f6de6ebf2cff,Moss,Martin Frobenius Ledermüller,1764–8,1053,1500,"entomology,insects",ok
tongue__7564de5a.jpg,7564de5a-cb67-466b-8b91-76578b1e743c,Tongue,Martin Frobenius Ledermüller,1764–8,1164,1500,"entomology,insects",ok
hydras__7fcebef4.jpg,7fcebef4-29a8-4a7b-88b7-f84e4d8f60b6,Hydras,Martin Frobenius Ledermüller,1764–8,1158,1500,"entomology,insects",ok
butterfly-eggs__7ba3a24f.jpg,7ba3a24f-0714-4ac2-bba4-ad103630b4bd,Butterfly eggs,Martin Frobenius Ledermüller,1764–8,1038,1500,"butterflies,entomology,insects",ok
ovipositor-of-female-fly__86149c62.jpg,86149c62-2124-44fd-822a-2b2574133a4c,Ovipositor of female fly,Martin Frobenius Ledermüller,1764–8,1118,1500,"entomology,insects",ok
cornea-of-cockchafer__81e976b9.jpg,81e976b9-88e8-4222-af42-4d159669b951,Cornea of cockchafer,Martin Frobenius Ledermüller,1764–8,1212,1500,"entomology,insects",ok
taffeta__80985c8b.jpg,80985c8b-564a-4171-84b3-89010c80fc79,Taffeta,Martin Frobenius Ledermüller,1764–8,1028,1500,"entomology,insects",ok
butterfly-wing-eyespot__9df85c91.jpg,9df85c91-0d5b-4d02-8764-e1c7960ca2ca,Butterfly wing eyespot,Martin Frobenius Ledermüller,1764–8,1085,1500,"butterflies,entomology,insects",ok
butterfly-wing-scales__96086265.jpg,96086265-79ee-4537-a94b-006e287cf9ba,Butterfly wing scales,Martin Frobenius Ledermüller,1764–8,1036,1500,"butterflies,entomology,insects",ok
globules-from-arimini-sea__04378321.jpg,04378321-2fe3-4f60-92b2-2ff7879c1b0c,Globules from Arimini sea,Martin Frobenius Ledermüller,1764–8,1104,1500,"entomology,insects",ok
tip-of-needle-and-stinger-of-bee__0bfbeea3.jpg,0bfbeea3-6e46-43b5-b4a4-7a0ad7dbe8d4,Tip of needle and stinger of bee,Martin Frobenius Ledermüller,1764–8,1048,1500,"bees,entomology,insects",ok
piece-of-sponge__02d31ba1.jpg,02d31ba1-1653-4915-a7d9-f84021d91e4b,Piece of sponge,Martin Frobenius Ledermüller,1764–8,1046,1500,"entomology,insects",ok
mold-of-red-grapes__0335bd93.jpg,0335bd93-04e6-41a7-bfe6-15f5aa5cda90,Mold of red grapes,Martin Frobenius Ledermüller,1764–8,1041,1500,"entomology,insects",ok
fly-wing__ac8ce3de.jpg,ac8ce3de-9517-4322-a55a-0c7faa947935,Fly wing,Martin Frobenius Ledermüller,1764–8,1151,1500,"entomology,insects",ok
bug__b68ac074.jpg,b68ac074-5f64-46eb-80e9-5e375494e5ab,Bug,Martin Frobenius Ledermüller,1764–8,1128,1500,"entomology,insects",ok
fly__c873172b.jpg,c873172b-71bd-400c-8e8f-fb6b0d145b84,Fly,Martin Frobenius Ledermüller,1764–8,1500,1222,"entomology,insects",ok
harlequin-or-monocle-insects__c1c52fed.jpg,c1c52fed-f75a-4179-bf47-462ae3e1c74c,Harlequin or Monocle insects,Martin Frobenius Ledermüller,1764–8,1088,1500,"entomology,insects",ok
antlion-pincers__c8573f0b.jpg,c8573f0b-825b-43aa-96f0-3c47c595bd59,Antlion pincers,Martin Frobenius Ledermüller,1764–8,1153,1500,"entomology,insects",ok
tongue-and-stinger-of-bee__c2d6f684.jpg,c2d6f684-81e3-48e8-850d-8b3c79628725,Tongue and stinger of bee,Martin Frobenius Ledermüller,1764–8,1118,1500,"bees,entomology,insects",ok
saltpeter__c991520c.jpg,c991520c-d7bf-4157-9293-8cd89c3f219d,Saltpeter,Martin Frobenius Ledermüller,1764–8,1141,1500,"entomology,insects",ok
drop-of-urine__c846704d.jpg,c846704d-e127-498a-8012-745726db1f67,Drop of urine,Martin Frobenius Ledermüller,1764–8,1058,1500,"entomology,insects",ok
small-aquatic-insect__d226e64c.jpg,d226e64c-97a0-491f-a0a4-c91e2fd89313,Small aquatic insect,Martin Frobenius Ledermüller,1764–8,1130,1500,"entomology,insects",ok
head-of-fly__e6c81ef2.jpg,e6c81ef2-4583-4997-8847-05545e619ecf,Head of fly,Martin Frobenius Ledermüller,1764–8,1054,1500,"entomology,insects",ok
wing-scales-of-the-night-owl-moth__e458e204.jpg,e458e204-8913-4b45-ad07-c739d1391d3c,Wing scales of the Night Owl moth,Martin Frobenius Ledermüller,1764–8,1146,1500,"entomology,insects,moths",ok
mollusc-shells__e75435ae.jpg,e75435ae-9b8e-4f2a-9497-d3b5687da352,Mollusc shells,Martin Frobenius Ledermüller,1764–8,1031,1500,"entomology,insects,shells",ok
underwing-of-the-cabbage-butterfly__f9073963.jpg,f9073963-b172-455e-8118-79b6c823e440,Underwing of the Cabbage butterfly,Martin Frobenius Ledermüller,1764–8,1069,1500,"butterflies,entomology,insects",ok
pine-tuft-caterpillar-and-porcelain-white-spider__66e534ea.jpg,66e534ea-3a5c-4609-a64c-698c8a820367,Pine-Tuft Caterpillar and Porcelain-White Spider,Gerald H. Thayer,1909,1192,1500,"caterpillars,insects,spiders",ok
various-caterpillars-some-passing-for-the-leaves-on-which-th__a95d4dbb.jpg,a95d4dbb-d98a-46e2-bfe9-46345ddf8968,"Various caterpillars, some passing for the leaves on which they are feeding",Gerald H. Thayer,1909,1164,1500,"caterpillars,insects",ok
luna-caterpillar-and-sphinx-caterpillar__c94d802f.jpg,c94d802f-9b09-49a3-8686-8f73107954b8,Luna Caterpillar and Sphinx Caterpillar,Gerald H. Thayer,1909,1217,1500,"caterpillars,insects",ok
unspotted-beach-leaf-edge-oak-leaf-edge-and-crumpled-and-wit__d37020b7.jpg,d37020b7-3aeb-4837-b60d-737f123ddd90,"Unspotted Beach-Leaf-Edge , Oak-Leaf-Edge, and Crumpled-and-Withered-Leaf-Edge-Mimicking Caterpillars.",Gerald H. Thayer,1909,1127,1500,"caterpillars,insects",ok
crumped-leaf-caterpillar-and-curled-dead-leaf-mimicking-sphi__e1d6fd35.jpg,e1d6fd35-4dec-4296-a0b7-491040470854,"Crumped-Leaf Caterpillar and Curled-Dead-Leaf-Mimicking Sphinx Caterpillar, in Position",Gerald H. Thayer,1909,1299,1500,"caterpillars,insects",ok
the-combat-of-the-dragons__6040b74f.jpeg,6040b74f-d8e4-4885-bb2d-4336dbdfcc68,The Combat of the Dragons,Daniel Carter Beard,1894,1472,903,insects,ok
untitled__0cd1dad6.jpg,0cd1dad6-54a8-4a1b-b484-67c179c82dc5,,Philipp Hainhofer,1596–1633,1400,924,"insects,marine,shells",ok
flowers-and-structures-beautiful-insects-gorgeous__2091e91e.jpg,2091e91e-a684-4750-95ce-68159830b671,"Flowers And Structures Beautiful, Insects Gorgeous.",John Augustus Knapp,1895,1000,1400,insects,ok
vase-of-flowers__a71a89e7.jpg,a71a89e7-fcea-4400-baaa-a21a43f6033e,Vase of Flowers,Jan Davidsz de Heem,ca. 1660,974,1200,"butterflies,insects",ok
tsuba-made-from-yellow-bronze-with-silver-inlaid-grid-patter__2d2b07c9.jpg,2d2b07c9-72ef-410f-a6f0-d2ccbf48220f,Tsuba made from yellow bronze with silver inlaid grid pattern and a large butterfly in high shakudō relief.,Georg Oeder,1916,600,615,insects,ok
tsuba-made-from-yellow-bronze-raised-inlays-of-various-metal__e778c8f0.jpg,e778c8f0-e3b2-488c-bb96-1313d7b52cdc,Tsuba made from yellow bronze. Raised inlays of various metals with a fire salamander and two small bugs.,Georg Oeder,1916,600,636,"insects,lizards",ok
ring-shaped-gem-depicting-a-hybrid-figure-a-mix-of-a-butterf__db44a7b0.jpg,db44a7b0-4300-4bd8-84e4-b1875f0e4093,"Ring shaped gem depicting a hybrid figure, a mix of a butterfly and a male youth.",Filippo Palizzi,1778,650,915,"butterflies,insects",ok
untitled__10d59228.jpg,10d59228-3aa5-440e-b9aa-41fc4c405244,,,1837,700,1280,"caterpillars,entomology,insects",ok
untitled__29c5a628.jpg,29c5a628-3ef5-46d6-87d9-199e1c5fd55b,,,1837,700,1268,"caterpillars,entomology,insects",ok
untitled__52f7cf6e.jpg,52f7cf6e-d666-4fe3-98d7-b9666714c124,,,1837,700,1282,"caterpillars,entomology,insects",ok
untitled__532ff42a.jpg,532ff42a-0f06-4575-8739-7e70ffc89a7c,,,1837,700,1287,"caterpillars,entomology,insects",ok
untitled__6dcbaf6f.jpg,6dcbaf6f-9286-4650-8271-05699569d65d,,,1837,700,1243,"caterpillars,entomology,insects",ok
untitled__7373ca0e.jpg,7373ca0e-1e1e-4429-947e-c093bf11d877,,,1837,700,1264,"caterpillars,entomology,insects",ok
untitled__943bb646.jpg,943bb646-c46a-4e9a-ad26-d693143574d8,,,1837,700,1257,"caterpillars,entomology,insects",ok
untitled__9c30f2b8.jpg,9c30f2b8-8e20-46f2-8f80-bf311cc26052,,,1837,700,1093,"butterflies,caterpillars,entomology,insects",ok
untitled__057e4932.jpg,057e4932-e0fc-4b9a-894d-164a07a9ec73,,,1837,700,1302,"caterpillars,entomology,insects",ok
untitled__00669086.jpg,00669086-8759-4b8f-a6f3-7d0638644a7a,,,1837,700,1258,"caterpillars,entomology,insects",ok
untitled__ac67cfac.jpg,ac67cfac-f906-4189-b21b-40c65a29d18d,,,1837,700,1311,"caterpillars,entomology,insects",ok
untitled__b74ff154.jpg,b74ff154-dd20-4cd4-bb8c-2c70764a2730,,,1837,700,1346,"caterpillars,entomology,insects",ok
untitled__c7ece508.jpg,c7ece508-b6a1-4f0d-b2d5-e6bb92b2497a,,,1837,700,1284,"caterpillars,entomology,insects",ok
untitled__da99ddf8.jpg,da99ddf8-58d2-4fec-899c-b5690efd256e,,,1837,700,1272,"caterpillars,entomology,insects",ok
untitled__d5154cc3.jpg,d5154cc3-49a7-4b49-b699-a991b915a972,,,1837,700,1288,"caterpillars,entomology,insects",ok
untitled__e182e09d.jpg,e182e09d-d666-4a42-a730-c70c8a62484e,,,1837,700,1294,"caterpillars,entomology,insects",ok
untitled__efdeffd3.jpg,efdeffd3-0d04-475b-b040-ad317e32aa90,,,1837,700,1279,"caterpillars,entomology,insects",ok
untitled__fdf2bd5c.jpg,fdf2bd5c-7d42-4dce-84bc-b261b185ceed,,,1837,700,1269,"caterpillars,entomology,insects",ok
spider-love-in-a-mist-potter-wasp-and-red-currant__20913f7f.jpg,20913f7f-c824-4bea-bd80-d560a9d98f05,"Spider, Love-in-a-Mist, Potter Wasp, and Red Currant.",Joris Hoefnagel; Georg Bocskay,1561–1596,680,986,insects,ok
water-gnat-martagon-lily-yellow-bellied-toad-and-european-sc__59278115.jpg,59278115-bdef-4b07-baf2-89794743ebc4,"Water Gnat, Martagon Lily, Yellow-Bellied Toad, and European Screw Shell.",Joris Hoefnagel; Georg Bocskay,1561–1596,680,986,insects,ok
opium-poppy-bladder-campion-and-broad-bean__739cda6d.jpg,739cda6d-5418-415b-9837-521e921aba10,"Opium Poppy, Bladder Campion, and Broad Bean",Joris Hoefnagel; Georg Bocskay,1561–1596,680,986,insects,ok
caterpillar-pear-tulip-and-purple-snail__86123a96.jpg,86123a96-de74-419b-9060-7c943c7c7b2b,"Caterpillar, Pear, Tulip, and Purple Snail.",Joris Hoefnagel; Georg Bocskay,1561–1596,680,986,insects,ok
european-columbines-and-sweet-cherry__035a0703.jpg,035a0703-7d21-46ce-8c2e-8b0c107e0bcd,European Columbines and Sweet Cherry.,Joris Hoefnagel; Georg Bocskay,1561–1596,680,1011,insects,ok
basil-thyme-poppy-anemone-and-myrtle__06eeafe5.jpg,06eeafe5-d44d-4e5b-8862-161c62562001,"Basil Thyme, Poppy Anemone, and Myrtle.",Joris Hoefnagel; Georg Bocskay,1561–1596,680,1000,insects,ok
dragonfly-pear-carnation-and-insect__a870edd8.jpg,a870edd8-996c-4ed3-8c24-e538a42a44e2,"Dragonfly, Pear, Carnation, and Insect.",Joris Hoefnagel; Georg Bocskay,1561–1596,680,986,"entomology,insects",ok
medlar-poppy-anemone-and-pear__d0cf61a6.jpg,d0cf61a6-2d5f-4cbd-b156-10a880156cf2,"Medlar, Poppy Anemone, and Pear.",Joris Hoefnagel; Georg Bocskay,1561–1596,680,978,insects,ok
dianthus-and-almond__dec9372f.jpg,dec9372f-f473-443e-80da-340e64afec55,Dianthus and Almond.,Joris Hoefnagel; Georg Bocskay,1561–1596,680,986,insects,ok
fly-caterpillar-pear-and-centipede__ec5abf5a.jpg,ec5abf5a-287d-43d1-8f5a-8b3e927e30b2,"Fly, Caterpillar, Pear, and Centipede.",Joris Hoefnagel; Georg Bocskay,1561–96,680,986,"butterflies,insects",ok
poppy-anemones-caterpillar-fig-and-quince__e9eb0cb2.jpg,e9eb0cb2-4c85-4fe6-9b96-232be15547bb,"Poppy Anemones, Caterpillar, Fig, and Quince.",Joris Hoefnagel; Georg Bocskay,1561–96,680,964,insects,ok
flying-vermin__4832a15c.jpg,4832a15c-2b6b-455d-8a98-628d91a2288f,“Flying Vermin”,,1705,799,562,insects,ok
untitled__7aa1f321.jpg,7aa1f321-e17e-414d-bb1d-e6e96893930f,,Frederick Whitney,1909,1175,1500,"butterflies,entomology,insects,moths",ok
narcissus__56a1e9f3.jpg,56a1e9f3-9ae7-4dd3-a12f-bdcea74a865c,Narcissus,J. J. Grandville,1849,1035,1500,insects,ok
return-of-the-flowers__72ce62b2.jpg,72ce62b2-0b1f-4303-aa21-d29ad900b784,Return of the flowers,J. J. Grandville,1849,1202,1500,insects,ok
frontispiece-to-volume-i__a8688f0e.jpg,a8688f0e-9b8a-40d6-bcf9-8b56c9328902,Frontispiece to Volume I,J. J. Grandville,1849,1063,1500,insects,ok
optical-demonstrations-with-solar-microscope__370397c6.jpg,370397c6-5190-46da-9cad-e5663ed1f924,Optical demonstrations with solar microscope,Martin Frobenius Ledermüller,1764–8,1163,1500,entomology,ok
special-drawing-box-for-solar-microscope__8b287c18.jpg,8b287c18-c6ff-4c3a-8241-e8e996ab0afb,Special drawing box for solar microscope,Martin Frobenius Ledermüller,1764–8,1125,1500,entomology,ok
cuff-s-solar-microscope-in-camera-obscura-room__b8f01fc9.jpg,b8f01fc9-ae26-4a92-a10c-3a7d5c267c8f,Cuff's solar microscope in camera obscura room,Martin Frobenius Ledermüller,1764–8,1188,1500,entomology,ok
a-flea__2d84bee7.jpg,2d84bee7-0dca-4c62-983e-2eb468574888,A Flea,Robert Hooke,1665,1400,709,entomology,ok
illustrating-showing-how-a-fly-is-born-from-a-maggot-found-i__52b5ccde.jpg,52b5ccde-9cf2-4f1c-add5-c792e570f68c,Illustrating showing how a fly is born from a maggot found in a cherry,Francesco Redi,1668,810,1047,entomology,ok
stag-beetle__888f3c82.jpg,888f3c82-462e-4645-8e87-236bef13b02b,Stag Beetle,Albrecht Dürer,1505,979,1200,entomology,ok
rhyngia__791c0641.jpg,791c0641-3b06-4f2e-a99b-01c50c418704,Rhyngia,Arthur E Smith,1909,766,1200,entomology,ok
mideopsis-orbicularis__c78aaf42.jpg,c78aaf42-f7b6-435a-9545-5cbc9e16d56c,Mideopsis Orbicularis,Arthur E Smith,1909,1200,938,"entomology,spiders",ok
butterfly-s-tongue__42879c71.jpg,42879c71-06d5-4502-b340-c89fcfb41d46,Butterfly's Tongue,Arthur E Smith,1909,872,1200,"butterflies,entomology",ok
larva-of-ant-lion__395de3d0.jpg,395de3d0-9e1e-4462-a189-55e52e776fe1,Larva of Ant-Lion,Arthur E Smith,1909,787,1200,"ant-lion,entomology",ok
a-dragonfly__67b6ad12.jpg,67b6ad12-e04b-4624-92e4-f3453477c772,A Dragonfly,Nicolaas Struyk,early-mid 18th-century,650,914,entomology,ok
larva-of-ant-lion__87a4df9b.jpg,87a4df9b-19cc-45e1-bfae-04a93eb0e07f,Larva of Ant-Lion,Arthur E Smith,1909,600,973,"ant-lion,entomology",ok
antenna-of-cockchafer__bfd64762.jpg,bfd64762-1c81-404d-a62a-a9a7e1c25a3c,Antenna of Cockchafer,Arthur E Smith,1909,600,732,entomology,ok
rhyngia__f728c035.jpg,f728c035-9747-4baa-85b5-401b93c24068,Rhyngia,Arthur E Smith,1909,600,982,entomology,ok
caricature-of-jules-didier__1f4deafd.jpg,1f4deafd-6242-4131-a6f4-be04330fc512,Caricature of Jules Didier,Claude Monet,ca. 1858,1545,2175,"butterflies,dogs",ok
untitled__227b41d0.jpg,227b41d0-7a27-49cb-b446-280b0ff0649d,,Alfred G. Mayer,1897,1664,2715,"butterflies,moths",ok
untitled__77cd4461.jpg,77cd4461-8f69-437b-9617-3f903c79dfba,,Alfred G. Mayer,1897,1666,2689,"butterflies,moths",ok
untitled__ea49bfea.jpg,ea49bfea-cb70-4b19-9957-c8cf702fcebb,,Alfred G. Mayer,1897,1669,2711,"butterflies,moths",ok
untitled__b838f210.jpg,b838f210-4e17-4b02-99df-941ff61d9497,,Alfred G. Mayer,1897,1665,2724,"butterflies,moths",ok
scale-of-a-butterfly-wing-magnified-350-times__fcfe61d1.jpg,fcfe61d1-ef20-4692-9046-9a7104c5d003,"Scale of a butterfly wing, magnified 350 times",Marinus Pieter Filbri,1887–88,1333,1335,butterflies,ok
untitled__6bcb162e.jpeg,6bcb162e-6797-4a2c-8750-ce209c8b74cd,,Raffaele Mainella,1907,4401,6205,butterflies,ok
madame-b-butterly-collage__2479cfdf.jpg,2479cfdf-248a-44e6-844d-ad6319baae91,“Madame B” Butterly Collage,Madame B,ca. 1870,1200,812,butterflies,ok
untitled__f6fb81a0.jpg,f6fb81a0-f137-442d-b0a5-1d06c4302248,,Madame B,ca. 1870s,3000,2053,butterflies,ok
untitled__4d8c35de.jpg,4d8c35de-3ab2-4c2a-b68d-dd6dc15f3376,,John Bingley Garland,ca. 1850–60,1830,1390,butterflies,ok
untitled__8204365b.jpg,8204365b-34a7-4c55-882a-c86f61d61686,,John Bingley Garland,ca. 1850–60,1831,1471,"butterflies,snakes",ok
untitled__ccdb0558.jpg,ccdb0558-f833-4093-ba12-e4669c206e5b,,John Bingley Garland,,1368,1023,butterflies,ok
kimono-design__2371d3a3.jpeg,2371d3a3-249c-4969-8af8-345ca6db3e58,Kimono design,Ueno Seikō,ca. 1902,698,978,butterflies,ok
untitled__54e3d7fd.jpg,54e3d7fd-e95a-4c0b-ab05-945783598b8d,,,16th century,897,1518,butterflies,ok
tsuba-made-of-iron-in-high-relief-inlays-of-different-metals__7ee246ac.jpg,7ee246ac-ec7c-4de1-ad08-9f5abb7cbd23,"Tsuba made of iron. In high relief, inlays of different metals with a cat sleeping under a peony and butterfly.",Georg Oeder,1916,600,634,"butterflies,cats",ok
tsuba-made-from-shakud-two-butterflies-in-relief__81330d41.jpg,81330d41-7cb1-4453-a374-49bf61ca3223,Tsuba made from shakudō. Two butterflies in relief.,Georg Oeder,1916,600,628,butterflies,ok
color-analysis-from-a-butterfly__e4152fc1.jpg,e4152fc1-3f18-4899-a00b-8761107d4e9b,Color Analysis From a Butterfly,Emily Noyes Vanderpoel,1902,500,827,butterflies,ok
fly-caterpillar-pear-and-centipede__33b9b5c6.jpg,33b9b5c6-924c-4c54-a6ec-9ade2724c14f,"Fly, Caterpillar, Pear, and Centipede",Joris Hoefnagel; Georg Bocskay,1542–1600,552,800,butterflies,ok
robert-baden-powell__ccff9ecf.jpg,ccff9ecf-fb7a-46fb-933f-92554e867311,Robert Baden-Powell,,ca. 1900,540,758,butterflies,ok
carnation__43032def.jpg,43032def-b2cd-4438-8d9f-546c1087fcec,Carnation,J. J. Grandville,1849,1057,1500,"butterflies,caterpillars",ok
group-of-sun-spots-and-veiled-spots__19a7ecbf.jpg,19a7ecbf-38d6-45e3-b610-72e7f46bb045,Group of Sun Spots and Veiled Spots,Étienne Léopold Trouvelot,1882,975,794,moths,ok
aurora-borealis__1265e8c2.png,1265e8c2-c941-4523-8145-9a435584070f,Aurora Borealis,Étienne Léopold Trouvelot,1882,972,788,moths,ok
the-planet-jupiter__24f8932b.png,24f8932b-6a98-4c48-b6e0-582eda84aa92,The Planet Jupiter,Étienne Léopold Trouvelot,1882,944,769,moths,ok
the-zodiacal-light__3cbd006a.jpg,3cbd006a-1f34-4b17-b781-887fe16ad420,The Zodiacal Light,Étienne Léopold Trouvelot,1882,586,800,moths,ok
star-cluster-in-hercules__3754eb04.jpg,3754eb04-fb80-4389-8952-64d413a6c8db,Star Cluster in Hercules,Étienne Léopold Trouvelot,1882,952,773,moths,ok
part-of-the-milky-way__4903d204.jpg,4903d204-6442-427e-a7aa-08a36a95ad31,Part of the Milky Way,Étienne Léopold Trouvelot,1882,586,800,moths,ok
solar-protuberances__5513e804.jpg,5513e804-7e76-40ea-bfd6-f3f198897439,Solar Protuberances,Étienne Léopold Trouvelot,1882,597,800,moths,ok
partial-eclipse-of-the-moon__8893e6ab.jpg,8893e6ab-b388-4c23-9824-5a242670afb3,Partial Eclipse of the Moon,Étienne Léopold Trouvelot,1882,586,799,moths,ok
the-great-nebula-in-orion__9df7008f.jpg,9df7008f-34eb-4c6d-98cb-3a65f51db2f5,The GREAT NEBULA in ORION,Étienne Léopold Trouvelot,1882,972,787,moths,ok
the-planet-mars__aefb5005.jpg,aefb5005-9564-4cb2-ace2-a28c79470525,The Planet Mars,Étienne Léopold Trouvelot,1882,962,777,moths,ok
the-planet-saturn__cdcdb749.jpg,cdcdb749-a0ba-4fbc-a552-99e5eaac789b,The Planet Saturn,Étienne Léopold Trouvelot,1882,950,786,moths,ok
the-great-comet-of-1881__d69f353c.jpg,d69f353c-59c6-4f49-990d-8c96547a72c5,The Great Comet of 1881,Étienne Léopold Trouvelot,1882,591,800,moths,ok
mare-humorum__e932689c.jpg,e932689c-2a0b-4252-b708-3416144cb7ab,Mare Humorum,Étienne Léopold Trouvelot,1882,969,793,moths,ok
total-eclipse-of-the-sun__e08f7f90.png,e08f7f90-a250-4b7d-9afe-f3b8a754fb38,Total Eclipse of the Sun,Étienne Léopold Trouvelot,1882,985,803,moths,ok
the-november-meteors__faed5931.jpg,faed5931-c014-49c3-9337-6147d5a6f0a2,The November Meteors,Étienne Léopold Trouvelot,1882,591,800,moths,ok
mirabilis__3bad3729.jpg,3bad3729-a702-4dea-8efa-27dc9de94ee7,Mirabilis,J. J. Grandville,1849,1077,1500,moths,ok
untitled__423b98df.jpg,423b98df-2dd2-483d-93f2-c5216a2f52de,,Lewis Carroll,1864,865,1400,caterpillars,ok
o-what-is-man__2521b2b3.jpg,2521b2b3-729f-4ae1-bc72-3f442c352ab7,O What Is Man!,William Blake,1793,2220,3276,caterpillars,ok
tsuba-made-of-iron-inlaid-in-silver-and-gold-with-a-large-mi__632c3fd5.jpg,632c3fd5-8b42-4248-b378-e073af2e52f9,"Tsuba made of iron. Inlaid in silver and gold with a large millipede, on other side the Seta Bridge.",Georg Oeder,1916,600,655,caterpillars,ok
kalki-avatar-the-future-incarnation-of-vishnu__1fe96d55.jpg,1fe96d55-b5b8-4156-821d-757ba1834dd3,"Kalki Avatar, the Future Incarnation of Vishnu",,ca. 1700,1500,1037,"beetles,horses",ok
the-pampered-princess__33a2be8f.jpg,33a2be8f-3abe-4766-a0dd-d9c6cda97746,The Pampered Princess,,ca. 1680-90,1500,1188,beetles,ok
sadashiva-worshipped-by-parvati__32afa8be.jpg,32afa8be-3715-4dbd-a45b-ae36962b7235,Sadashiva Worshipped by Parvati,Devidasa,ca. 1690,1500,1521,beetles,ok
the-goddess-bhadrakali-manifests-in-a-sunlike-orb__49158e13.jpg,49158e13-9bf9-465b-b12c-7b9365886b74,The Goddess Bhadrakali Manifests in a Sunlike Orb,,ca. 1660-70,1500,1558,beetles,ok
the-goddess-durga-as-bhadrakali__46823ca5.jpg,46823ca5-f929-4eb0-8b95-d5510c2710b8,The Goddess Durga as Bhadrakali,,ca. 1675,1500,1236,beetles,ok
battling-elephants__59607be1.jpg,59607be1-cda7-4bde-bd37-a197071a0e5c,Battling Elephants,,ca. 1700,1500,1011,"beetles,dogs",ok
the-goddess-bhadrakali-manifests-in-a-sunlike-orb__92517193.jpg,92517193-582c-49f0-a2d2-94199b71f796,The Goddess Bhadrakali Manifests in a Sunlike Orb,,ca. 1660-70,1500,1558,beetles,ok
siddha-lakshmi-with-kali__0048da59.jpg,0048da59-4d49-4b79-ac93-0e5dd3798a4b,Siddha Lakshmi with Kali,,ca. 1660-70,1500,1549,beetles,ok
foot-of-water-beetle__cb78a0d1.jpg,cb78a0d1-5fa4-4f9e-b37b-7abbe3f83301,Foot of Water Beetle,Arthur E Smith,1909,756,1200,beetles,ok
portion-of-beetle-s-eye__db158d58.jpg,db158d58-689f-4b2e-ab27-b7845811343b,Portion of Beetle's Eye,Arthur E Smith,1909,628,1024,beetles,ok
rose__4d470656.jpg,4d470656-8592-4fb0-ab5b-dbd3f06199d0,Rose,J. J. Grandville,1849,1042,1500,"beetles,spiders",ok
sensitive__cf9513ba.jpg,cf9513ba-c6a3-4afe-9d70-f2d7d8522eab,Sensitive,J. J. Grandville,1849,1071,1500,beetles,ok
the-tale-of-shiranui__aa85078c.jpg,aa85078c-8fa4-4977-86f1-ff8df228dc23,The Tale of Shiranui,Utagawa Kunisada,1853,1500,1019,spiders,ok
untitled__ab87cd0c.jpg,ab87cd0c-5e11-4535-8cd8-032f5690512c,,Katsushika Hokusai,1836,3220,2232,spiders,ok
spider-s-foot-and-part-of-leg__fe71058d.jpg,fe71058d-6176-4948-ad32-f1d9c5845b63,Spider's Foot and Part of Leg,Arthur E Smith,1909,838,1200,spiders,ok
mideopsis-orbicularis__06665f72.jpg,06665f72-4776-4438-97d5-08cd2f5f4aae,Mideopsis Orbicularis,Arthur E Smith,1909,1000,785,spiders,ok
untitled__727ffc32.jpeg,727ffc32-df14-4c02-8bad-311f351a0057,,Curuppumullage Jinarajadasa,1908,1776,2202,"invertebrates,marine,starfish",ok
shells__8a57ad38.jpeg,8a57ad38-6f9b-4762-b70d-42cc5f203bfd,Shells,Anna Atkins,1823,2334,1722,"marine,shells",ok
nautilus-shell__7c3af191.jpg,7c3af191-25a7-4312-9e82-ffad57322ffb,Nautilus Shell,Orra White Hitchcock,1828–40,1400,1054,"marine,shells",ok
various-seaweed__ac007f5c.jpeg,ac007f5c-f2d1-4906-b0f7-3df440c5f2b1,Various Seaweed,Charles F. Durant,1850,2331,1647,marine,ok
argillaceous-oxide-of-iron-ferrum-argillaceum__10938582.jpeg,10938582-d22c-4164-a129-cb66f0271885,Argillaceous Oxide of Iron (*Ferrum argillaceum*),James Sowerby,1802–17,820,932,marine,ok
red-oxyde-of-iron-ferrum-oxygenizatum__340712b9.jpeg,340712b9-a8b4-41b0-b2bd-e08d6114952b,Red oxyde of Iron (*Ferrum oxygenizatum*),James Sowerby,1802–17,764,896,marine,ok
argilla-marga-argillaceous-marle__88f215c0.jpeg,88f215c0-077c-41fc-b76a-578d0cf9d6d0,Argilla Marga (*Argillaceous Marle*),James Sowerby,1802–17,902,848,"marine,shells",ok
sulphate-of-barytes-barytes-sulphata__a10fa68b.jpeg,a10fa68b-cb5c-4a2d-a8f0-a4cb129004b4,Sulphate of Barytes (*Barytes sulphata*),James Sowerby,1802–17,854,866,marine,ok
hard-carbonate-of-lime-calx-carbonata-dura__ba1debec.jpeg,ba1debec-9077-455b-a71c-0750e1d8736e,Hard Carbonate of Lime (*Calx carbonata dura*),James Sowerby,1802–17,984,952,"invertebrates,marine",ok
kimono-design__e2f6991d.jpeg,e2f6991d-c89e-490d-a6f2-787dd5d51707,Kimono design,Ueno Seikō,ca. 1902,705,982,marine,ok
mermaids-exhibited-successively-in-the-years-1758-1775-1795__d7c99c3f.jpg,d7c99c3f-1c58-4825-8252-4c46c47bdba5,"Mermaids Exhibited Successively in the Years 1758, 1775, & 1795",John Paas,1817,1000,1207,marine,ok
the-nantucket-sleigh-ride-pictured-in-the-log-of-the-ship-su__04f9032a.jpg,04f9032a-8a43-4cf3-96d8-218bbd817d8e,The “Nantucket Sleigh Ride” Pictured in the Log of the Ship *Susan*,Reuben Russell,1841–6,1400,817,"marine,whales",ok
group-of-alcyonidae__59cc255f.jpg,59cc255f-aed3-4a08-9127-eedafbb3609b,Group of Alcyonidae,Eugen Ransonnet-Villez,1867,2664,2920,marine,ok
submarine-rocks-with-green-corals__032492c9.jpg,032492c9-0ce6-4a91-b1bc-32f955845fbe,Submarine Rocks With Green Corals,Eugen Ransonnet-Villez,1867,1200,889,marine,ok
water__e6bd090e.jpg,e6bd090e-5448-4a5d-a322-ce91ad24db55,Water,Maerten de Vos; Adriaen Collaert,1580-84,2448,1992,"marine,shells",ok
the-narwhal-and-horn__93ef4b46.jpg,93ef4b46-cba3-4d00-a448-4de870acd7a9,The Narwhal and Horn,,1655,680,555,marine,ok
a-tabular-iceberg-seen-at-the-pack-edge-in-the-south-pacific__399b6e86.jpg,399b6e86-2e82-4d6a-acfa-21b4390759e5,"A Tabular Iceberg, Seen at the Pack-Edge in the South Pacific",Frederick Albert Cook,1900,1024,666,marine,ok
actinologia-britannica-plate-iii__e93180ec.jpg,e93180ec-3f35-4d66-9acb-9cb176aa35cd,"Actinologia Britannica, Plate III",Philip Henry Gosse,1860,719,1200,"marine,starfish",ok
actinologia-britannica-plate-ii__4e02aec7.jpg,4e02aec7-2662-4349-9ad4-1b9f0ff962bf,"Actinologia Britannica, Plate II",Philip Henry Gosse,1860,727,1200,"invertebrates,marine,shellfish",ok
plate-9-hexacoralla__80411192.jpeg,80411192-6ff9-44fb-9ee5-4b93e0f435f7,"Plate 9, Hexacoralla",Ernst Haeckel,1904,730,1024,marine,ok
plate-85-ascidiae__2abef5e9.jpeg,2abef5e9-5ebd-48d0-889c-cb61d83bc730,"Plate 85, Ascidiae",Ernst Haeckel,1904,716,1024,marine,ok
plate-70-ophiodea__09d29d46.jpeg,09d29d46-16a5-4ea7-99de-1cfff9de0e32,"Plate 70, Ophiodea",Ernst Haeckel,1904,710,1024,marine,ok
plate-69-hexacoralla__d1d96e8e.jpeg,d1d96e8e-bd76-43ad-914c-aec424eea6c2,"Plate 69, Hexacoralla",Ernst Haeckel,1904,722,1024,marine,ok
plate-65-florideae__3440ac94.jpeg,3440ac94-f9b6-4fb3-83f0-89723f73acc7,"Plate 65, Florideae",Ernst Haeckel,1904,730,1024,marine,ok
plate-59-siphonophorae__ba5584ef.jpeg,ba5584ef-25b8-454d-aa0f-4f70194ba8aa,"Plate 59, Siphonophorae",Ernst Haeckel,1904,714,1024,marine,ok
plate-53-prosobranchia__183e24fb.jpeg,183e24fb-4e2b-4dde-8ef3-bac1df9b1b4d,"Plate 53, Prosobranchia",Ernst Haeckel,1904,714,1024,marine,ok
plate-50-thuroidea__580308dc.jpeg,580308dc-435d-4d5e-9ffc-84f0510ebb7f,"Plate 50, Thuroidea",Ernst Haeckel,1904,700,1024,marine,ok
untitled__2571ad9f.jpg,2571ad9f-7ade-48e2-a681-2da7c35c1cad,,,1917,655,834,"marine,starfish",ok
untitled__6efdffce.jpg,6efdffce-981e-4824-97ff-67d7b23f791a,,,1917,656,833,"marine,starfish",ok
untitled__6cdf75a7.jpg,6cdf75a7-dccf-49c9-ab98-8194eed88265,,,1917,645,836,"marine,starfish",ok
untitled__8d1a31cf.jpg,8d1a31cf-04df-4be2-9687-fd1e10b0b292,,,1917,653,834,"marine,starfish",ok
untitled__917f0e27.jpg,917f0e27-3097-46ac-855b-3e01070c1fe6,,,1917,618,790,"marine,starfish",ok
untitled__9e4ca2d0.jpg,9e4ca2d0-775c-42c5-8150-b320c55932f6,,,1917,651,834,"marine,starfish",ok
untitled__a88fd627.jpg,a88fd627-82d0-4ee5-9c8b-29b058beb821,,,1917,648,838,"marine,starfish",ok
untitled__a45aa309.jpg,a45aa309-a1a5-4bcc-b078-b765d0672304,,,1917,650,838,"marine,starfish",ok
untitled__b06bb79d.jpg,b06bb79d-94ba-4271-a535-7741c9ba7c1a,,,1917,654,831,"marine,starfish",ok
untitled__c73b6ba8.jpg,c73b6ba8-4c54-4564-bd29-ef1ca21a9d9a,,,1917,654,832,"marine,starfish",ok
untitled__c9add8db.jpg,c9add8db-3cf3-436c-a69a-844779eb8f90,,,1917,651,836,"marine,starfish",ok
untitled__fef047cc.jpg,fef047cc-1b2d-40fd-97c6-21d7cbff16b6,,,1917,619,794,"marine,starfish",ok
man-before-a-rainbow__db83498d.jpg,db83498d-2cf9-4528-b0dd-45eb3f526d50,Man before a rainbow,,ca. 1700,800,724,marine,ok
untitled__695384ed.jpg,695384ed-e653-453d-b7cc-bb9677343f18,,,ca. 1919,600,861,"marine,shells",ok
untitled__2aab8038.jpg,2aab8038-980b-4ed6-bb7f-99639f4bd49d,,Eliza A. Jordson,1848,600,759,marine,ok
untitled__319aadc6.jpg,319aadc6-676a-4558-a84a-d16ef78376d7,,Eliza A. Jordson,1848,600,753,marine,ok
untitled__458b7c77.jpg,458b7c77-5970-4b05-be2c-a4b2a21837e8,,Eliza A. Jordson,1848,600,750,marine,ok
untitled__5e9f3df1.jpg,5e9f3df1-e43c-4d7c-8340-d17383e37cab,,Eliza A. Jordson,1848,600,763,marine,ok
untitled__5ddd27b2.jpg,5ddd27b2-8f5c-4a79-b191-e2f226e76799,,Eliza A. Jordson,1848,600,764,marine,ok
untitled__6a1da573.jpg,6a1da573-1056-4221-8a50-788690987307,,Eliza A. Jordson,1848,600,733,marine,ok
untitled__728e3271.jpg,728e3271-fd7b-4a24-9a02-3ba6957d569c,,Eliza A. Jordson,1848,600,736,marine,ok
untitled__815305e0.jpg,815305e0-b6b6-4784-b515-6f8e5eef0a31,,Eliza A. Jordson,1848,600,743,marine,ok
untitled__8fd45612.jpg,8fd45612-bf5a-4f02-8593-7945acefbf56,,Eliza A. Jordson,1848,600,743,marine,ok
untitled__8d614c69.jpg,8d614c69-0631-4c46-b13d-4f1bdccc2907,,Eliza A. Jordson,1848,600,734,marine,ok
untitled__00b93b92.jpg,00b93b92-d554-4fd3-8f68-08144bea7172,,Eliza A. Jordson,1848,768,608,marine,ok
untitled__0a91fea1.jpg,0a91fea1-054b-43b3-a4e7-9baf6c228b04,,Eliza A. Jordson,1848,600,760,marine,ok
untitled__bd202d85.jpg,bd202d85-2bdc-46e8-80a4-cdbe506c5ccf,,Eliza A. Jordson,1848,600,764,marine,ok
untitled__e65ff348.jpg,e65ff348-61fc-4b27-9c31-3b7f5b5429f0,,Eliza A. Jordson,1848,600,752,marine,ok
untitled__e2179747.jpg,e2179747-e4aa-4d20-aa42-44328202b466,,Eliza A. Jordson,1848,600,730,marine,ok
untitled__fa8a8100.jpg,fa8a8100-5a67-4321-b33d-117b60054f98,,Eliza A. Jordson,1848,600,740,marine,ok
untitled__f8a32c65.jpg,f8a32c65-e5bd-4211-8ff4-21ec7aeca951,,Eliza A. Jordson,1848,600,747,marine,ok
untitled__c29d9292.jpg,c29d9292-fc6e-493f-bb6f-f73f63ca4780,,Anne Wagner,1795-1834,1000,609,marine,ok
fig-15-shows-the-third-picture-of-the-pyramid-and-its-progre__c0728035.jpg,c0728035-1563-48be-a6f5-21784530c617,Fig. 15 shows the third picture of the pyramid and its progress.,,1910,483,640,"marine,shells",ok
pyrosoma-and-diver__5369c3df.jpg,5369c3df-6d57-41aa-883e-3eee2edeb638,Pyrosoma and Diver,Charles Frederick Holder,1887,528,790,marine,ok
untitled__f6e6a5d4.jpg,f6e6a5d4-4852-4539-aaa9-e3e86903f231,,Charles Mavelot,1695,800,564,marine,ok
untitled__f59542f9.jpg,f59542f9-4a6e-4033-a475-83665e0e3f4c,,,1678-93,800,665,marine,ok
in-warmer-regions__b4419dd7.jpg,b4419dd7-6e60-4dd6-a1ad-c7c517525770,In Warmer Regions,Hjalmar Johansen,1913,700,574,marine,ok
illustrative-plate-from-nehemiah-grew-s-em-the-anatomy-of-pl__cb7eea6a.jpg,cb7eea6a-cc5c-4667-a97c-b8640f1babb1,Illustrative plate from Nehemiah Grew’s <em>The Anatomy of Plants</em> (1682).,Nehemiah Grew,1682,640,452,marine,ok
the-goose-tree-copied-from-gerard-s-herball-1st-edition__1f8fee53.jpg,1f8fee53-a61f-4f3a-b308-d5aa78284d09,"The Goose Tree. Copied from Gerard's Herball, 1st edition.",Henry Lee,1883,1920,2612,"crustaceans,marine-life",ok
untitled__19fd309c.jpeg,19fd309c-fe37-406b-8423-de49a10abcd7,,,1773,650,507,"bears,marine-biology,marine-life",ok
untitled__4a27bb45.jpeg,4a27bb45-72c1-4ffb-a324-bfa17fa85ef4,,,1773,2112,2010,"bears,marine-biology,marine-life",ok
the-octopus-octopus-vulgaris__2bda5e89.jpg,2bda5e89-88c1-409a-9e77-e1498cae080c,The Octopus (Octopus vulgaris),Henry Lee,1883,3036,2259,"marine-biology,octopuses",ok
head-and-tentacles-of-a-great-calamary-architeuthis-princeps__1c86a4da.jpg,1c86a4da-3775-4405-8625-e22085710d04,"Head and Tentacles of a Great Calamary (Architeuthis princeps) Taken in Logie Bay, Newfoundland, Nov. 1873",Henry Lee,1883,2084,2784,marine-biology,ok
the-paper-nautilus-argonauta-argo-sailing__3c9067ff.jpg,3c9067ff-95ea-45f8-a2bb-b85fb7a0c5a9,The Paper Nautilus (Argonauta argo) Sailing.,Henry Lee,1883,1736,1724,"marine-biology,octopuses",ok
young-starfish-magnified-25-times__b04d3b7b.jpg,b04d3b7b-d079-4bd4-b7ff-a08d91751d8b,"Young starfish, magnified 25 times",Marinus Pieter Filbri,1887–88,1439,1390,"marine-biology,starfish",ok
plate-30-echinidea__a02d751e.jpeg,a02d751e-7812-4b18-9856-c7de374c0434,"Plate 30, Echinidea",Ernst Haeckel,1904,720,1024,marine-biology,ok
young-shellfish-magnified-50-times__3e31180b.jpg,3e31180b-b2f6-4546-bc8d-d318bc6e2d64,"Young shellfish, magnified 50 times",Marinus Pieter Filbri,1887–88,1190,1449,"sea-life,shellfish",ok
untitled__727b2b83.jpg,727b2b83-b1f1-4d50-aafc-620fa1db6928,,Anton Seder,1896,2492,1968,"crustaceans,sea-life",ok
untitled__82a27294.jpg,82a27294-8113-40d9-a4e6-aabb66bc03b3,,Anton Seder,1896,1674,2212,"jellyfish,sea-creatures,sea-life,starfish",ok
water-sting-magnified-25-times__399226fc.jpg,399226fc-56bf-472b-bbf7-4c82022fb95d,"Water sting, magnified 25 times",Marinus Pieter Filbri,1887–88,1422,1316,jellyfish,ok
the-sea-serpent-and-sperm-whale-as-seen-from-the-pauline__20c84c72.jpg,20c84c72-cc16-4861-bea2-e006b13ca82f,The Sea Serpent and Sperm Whale as Seen from the Pauline,Henry Lee,1883,3402,2051,whales,ok
sun-and-moon-and-bing-the-boatman-and-the-whales__cbe63c18.jpeg,cbe63c18-0053-4eec-9737-6990c3b5545e,Sun-and-Moon and Bing / The Boatman and the Whales,Jean de Bosschère,1921,3699,1986,whales,ok
volume-5-pg-14__0745e946.jpg,0745e946-b281-4c3f-a687-e199d6e8a2b6,"(Volume 5, pg. 14)",,1913,1400,1018,whales,ok
ambergris-bought-by-the-dutch-east-india-company__16e393f6.jpg,16e393f6-36c4-43fe-9613-a9b09c2d86fb,Ambergris Bought by the Dutch East India Company,,1705,1200,909,whales,ok
beached-whale-at-beverwijk__1595b752.jpg,1595b752-c479-41f2-a9a5-37dc9bc2df11,Beached Whale at Beverwijk,Jan Saenredam,1602,1200,830,whales,ok
the-old-town-hall-of-amsterdam__e231c9ca.jpg,e231c9ca-3137-45a4-aa28-d3a864293b4b,The Old Town Hall of Amsterdam,Pieter Jansz. Saenredam,1657,1400,1081,"horses,whales",ok
endpaper-doodles-in-the-log-of-the-ship-nantucket__1fa74087.jpg,1fa74087-a259-4d7d-a5b4-f9bb7e3b361b,Endpaper Doodles in the Log of the Ship *Nantucket*,Richard C. Gibbs Jr,1855,1400,1196,whales,ok
whale-stamps-in-the-opening-endpapers-of-the-log-of-the-ship__606229d2.jpg,606229d2-a15b-47b0-b2d6-bcffc4a4df89,Whale Stamps in the Opening Endpapers of the Log of the Ship <i>Alabama</i>,Barker B. Marshall,1846–50,1400,1151,whales,ok
drawings-of-whales-in-the-log-of-the-ship-indian-chief__6d2ba1f4.jpg,6d2ba1f4-e8ef-4085-8090-0cd89135051a,Drawings of Whales in the Log of the Ship *Indian Chief*,Thomas R. Bloomfield,1842–44,5072,4040,whales,ok
a-whale-chase-depicted-in-the-log-of-the-ship-washington__8290b82d.jpg,8290b82d-a072-4414-80d2-c3513d306e1a,A Whale Chase Depicted in the Log of the Ship *Washington*,James G. Coffin,1842–4,2320,1459,whales,ok
title-page-of-susan-c-austin-veeder-s-whaling-journal__9f080027.jpg,9f080027-f0bf-4f1d-8d21-223c567f1617,Title Page of Susan C. Austin Veeder’s Whaling Journal,Susan C. Austin Veeder,1848,800,1027,whales,ok
drawings-of-whales-in-the-log-of-the-ship-indian-chief__9d132713.jpg,9d132713-ebc4-4422-8899-3a9927bffae2,Drawings of Whales in the Log of the Ship *Indian Chief*,Thomas R. Bloomfield,1842–4,1400,815,whales,ok
the-nantucket-sleigh-ride-pictured-in-the-log-of-the-ship-su__038e5df3.jpg,038e5df3-efdb-4812-8181-b03197119e40,The “Nantucket Sleigh Ride” Pictured in the Log of the Ship *Susan*,Reuben Russell,1841–6,1400,861,whales,ok
pages-from-susan-c-austin-veeder-s-whaling-journal__fed9e13a.jpg,fed9e13a-65fa-4d18-9ffe-f1e3be27439a,Pages from Susan C. Austin Veeder’s Whaling Journal,Susan C. Austin Veeder,1848,1585,1013,whales,ok
the-whale-car-wash-oklahoma-city-oklahoma__b7f59732.jpg,b7f59732-bcfc-4a39-b19c-bacabb29c7d0,"The Whale Car Wash, Oklahoma City, Oklahoma.",John Margolies,1979,1024,691,whales,ok
the-whale-oil-refinery-near-the-village-of-smerenburg-detail__3e41055f.jpg,3e41055f-eb04-456a-bb5f-f277a9984fdd,The Whale-Oil Refinery near the Village of Smerenburg (Detail),Cornelis de Man,1639,800,733,whales,ok
the-whale-oil-refinery-near-the-village-of-smerenburg-detail__685fc695.jpg,685fc695-f072-4ed7-bd4f-c912e97bd668,The Whale-Oil Refinery near the Village of Smerenburg (Detail),Cornelis de Man,1639,800,687,whales,ok
tahitian-series-worship__4f175241.jpg,4f175241-b9f3-436f-927e-eee5b927a407,Tahitian Series: Worship,Paul Gauguin,1893–4,1122,712,whales,ok
number-four-of-the-tokaido__5bbf823a.jpg,5bbf823a-cfd9-4c04-b224-cb94f07f60d5,Number Four of the Tokaido,Utagawa Hiroshige,1850,600,890,whales,ok
a-whale-and-three-fish-sitting-down-to-a-formal-dinner-of-ru__88c10dfb.jpg,88c10dfb-e2d4-46b6-b4cb-a07963744b46,A whale and three fish sitting down to a formal dinner of Russian sailors.,Kobayashi Kiyochika,1904–5,500,734,whales,ok
glooskap-looking-at-the-whale-smoking-his-pipe__1d50e065.jpg,1d50e065-6442-4dc3-9d81-d41a9b97dc6e,Glooskap Looking at the Whale Smoking His Pipe,Charels G. Leland,1884,560,597,whales,ok
visboek-folio-38v-and-39r__27b2049b.jpg,27b2049b-0942-4379-a28b-62ce2e87d712,Visboek: Folio 38v and 39r,Adriaen Coenen,1580,900,661,whales,ok
visboek-folio-53v-and-54r__4ff5e656.jpg,4ff5e656-96b2-4d4c-b6ba-33643248e285,Visboek: Folio 53v and 54r,Adriaen Coenen,1580,900,661,whales,ok
visboek-folio-52v-and-53r__9004c795.jpg,9004c795-240d-4da4-9694-9e56d4fbe88a,Visboek: Folio 52v and 53r,Adriaen Coenen,1580,900,661,whales,ok
the-animal-which-edge-probably-saw__44f60827.jpg,44f60827-69f6-403c-b7c4-d4a9fe6b68bc,The Animal Which Edge Probably Saw,,1883,540,877,whales,ok
fascimile-of-de-montfort-s-poulpe-colossal__5472449e.jpg,5472449e-e582-4ff6-9c56-cd50af9a9d4d,Fascimile of De Montfort's Poulpe colossal,Henry Lee,1883,1956,2968,octopuses,ok
figure-of-an-octopus-on-a-gold-ornament-found-by-dr-schliema__f878f76e.jpg,f878f76e-caac-4f88-97d4-1cc9448b5a05,"Figure of an Octopus on a Gold Ornament, Found by Dr. Schliemann at Mycenae.",Henry Lee,1883,1796,1848,octopuses,ok
golden-ornament-in-form-of-an-octopus-found-by-dr-schliemann__318461e7.jpg,318461e7-6560-4a68-a5c9-6a64eb4efcfd,"Golden Ornament in Form of an Octopus, Found by Dr. Schliemann at Mycenae.",Henry Lee,1883,1848,1284,octopuses,ok
the-octopus-of-graft__c1a57e6d.jpeg,c1a57e6d-b7f9-4ef5-bc18-2fe61c2b306c,The Octopus of Graft,Paul Krafft,1907,3148,2334,octopuses,ok
an-octopus-devours-a-ship__225c8a26.jpg,225c8a26-3e66-49a2-9e29-a10ce8090bfd,An Octopus Devours a Ship,Orra White Hitchcock,1828-40,1033,1400,octopuses,ok
man-and-octopus__e3b42fcb.jpg,e3b42fcb-9996-4917-b1d9-77f2cb47603a,Man and Octopus,Ogawa Kazumasa,1897,700,909,octopuses,ok
untitled__8a58eaa2.jpg,8a58eaa2-2dd2-4d35-a7e1-225e3056b931,,Henrique Alvim Corrêa,1906,1285,1622,octopuses,ok
the-russian-octopus__7f19114f.jpg,7f19114f-43ab-4b2e-a60a-cf94a31a4437,The Russian Octopus,Augusto Grossi,1878,1200,783,octopuses,ok
octopus-car-wash-minneapolis-minnesota__31174502.jpg,31174502-9125-4dfd-bff1-67f779320b7d,"Octopus Car Wash, Minneapolis, Minnesota.",John Margolies,1981,552,800,octopuses,ok
japanese-officer-sitting-on-the-head-of-an-octopus-which-has__ad7ccb3b.jpg,ad7ccb3b-b702-49b9-8d21-ce3bb9f7b8ed,Japanese officer sitting on the head of an octopus which has captured ships disguised as fish in its tentacles.,Kobayashi Kiyochika,1904–5,500,738,octopuses,ok
the-calavera-of-the-morbid-cholera__149e2870.jpg,149e2870-ed63-4901-8842-7ca165dfb2b4,“The Calavera of the Morbid Cholera”,José Guadalupe Posada,1910,644,485,octopuses,ok
a-collector-s-cabinet__48c11af2.jpg,48c11af2-862f-4e0b-968d-62bd5965d18b,A Collector’s Cabinet,Frans Francken the Younger,1619,6966,4623,"seahorses,shells",ok
untitled__e9665a3d.jpg,e9665a3d-0d45-4e84-adcf-fc85c10f88eb,,Anton Seder,1896,1981,2482,"crabs,crustaceans",ok
build-your-own-world-so-fast-will-disappearable-things-swine__041600e3.jpg,041600e3-7f3d-478e-a6b4-b8e9b6f72e65,"“Build your own world. So fast will disappearable things, swine, spiders, snakes, pests, mad house & prisons vanish”",C. P. Cranch,ca. 1837–9,2400,1125,crabs,ok
leo-and-virgo__ed364958.jpg,ed364958-9c19-460f-b085-e476ef32246c,Leo and Virgo,,1829,1067,1546,"crabs,lions",ok
untitled__8d23af4c.jpeg,8d23af4c-8f8a-4727-af7a-3663bb0eab42,,,1921,901,555,crabs,ok
development-of-barnacles-into-geese-after-aldrovandus__1f15acac.jpg,1f15acac-cd30-454d-9cea-7259797c402f,Development of Barnacles Into Geese. After Aldrovandus.,Aldrovandus (after); Henry Lee,1883,1950,1737,crustaceans,ok
a-ship-s-figure-head-with-barnacles-attached-to-it__48dab29b.jpg,48dab29b-24bf-4d3c-9e76-7605572b33e7,A Ship's Figure-Head with Barnacles Attached to it.,Henry Lee,1883,1872,1400,crustaceans,ok
untitled__32bb5a6a.jpg,32bb5a6a-e7a8-45fe-9161-cefd2731b6c1,,Anton Seder,1896,2532,1987,crustaceans,ok
untitled__698ed929.jpg,698ed929-edde-4234-b108-20d35f51dc3a,,Anton Seder,1896,1626,2144,crustaceans,ok
coral-reef-near-point-de-galle__74cf322a.jpg,74cf322a-4906-482e-a5f6-d6b5e2ce4214,Coral Reef Near Point De Galle,Eugen Ransonnet-Villez,1867,1200,949,corals,ok
untitled__bcb2908f.jpg,bcb2908f-6908-404d-a078-173018eebd2b,,Christoph Jamnitzer,1610,5880,4752,shells,ok
untitled__5c5487f4.jpg,5c5487f4-4471-4768-98ca-caaee8ff9e69,,Christoph Jamnitzer,1610,4241,3431,shells,ok
globeflower__1f4dbac1.jpg,1f4dbac1-72c3-4060-b733-62d7a575bd93,Globeflower,Karl Blossfeldt,1928,1153,1500,shells,ok
shells-and-sea-plants__d0f76d28.jpg,d0f76d28-558a-423a-b92a-509316269503,Shells and Sea Plants,Henricus Franciscus Wiertz,1809,977,1200,shells,ok
untitled__4838195d.jpg,4838195d-525b-4d54-a3f0-ef2c2a6cfc83,,Thomas Smillie,1890–1913,2048,1664,shells,ok
untitled__f9bb203e.jpg,f9bb203e-9d4d-40cb-b694-dc80d447c46e,,Thomas Smillie,1890–1913,1651,2048,shells,ok
vanitas-still-life__a64decca.jpg,a64decca-a730-4c3b-8766-494af411391f,Vanitas Still Life,Jacques de Gheyn (II),1603,916,1400,shells,ok
calcedony-or-agate-silex-achates__8ffd68c4.jpeg,8ffd68c4-d9d0-4b6c-9969-5a18c6b4d0e6,Calcedony or Agate (*Silex Achates*),James Sowerby,1802–17,789,882,shells,ok
crystallized-carbonite-of-lime-lenticular-equiaxed-calx-carb__87dd8451.jpeg,87dd8451-b4b0-4d75-92ec-8b00f6139734,"Crystallized Carbonite of Lime, lenticular-equiaxed (*Calx carbonata*)",James Sowerby,1802–17,924,1296,shells,ok
assorted-gemstones__51d84d5b.jpg,51d84d5b-d12e-4de8-ae81-0c7ab69b2baf,Assorted Gemstones,Max Bauer,1909,801,1200,shells,ok
daisho-tsuba-made-of-iron-with-openwork-round-mussels-gold-i__08ec0489.jpg,08ec0489-e8fe-4717-ba16-05ee6cb87673,"Daisho tsuba made of iron, with openwork round mussels. Gold inlaid details.",Georg Oeder,1916,600,615,shells,ok
daisho-tsuba-made-of-iron-with-openwork-round-mussels-gold-i__f2928a86.jpg,f2928a86-21f4-43b8-b423-9ae135d6c40b,"Daisho tsuba made of iron, with openwork round mussels. Gold inlaid details.",Georg Oeder,1916,600,624,shells,ok
11-inch-shells-for-the-osaka-babies__85cdae7f.jpg,85cdae7f-85b7-42ef-84b6-09ed584aef50,"11-Inch Shells for the ""Osaka Babies""",T.W. Ingersoll,1905,1024,517,shells,ok
charity-trapped-in-a-shell-like-shape__652eb9e4.jpg,652eb9e4-2b6d-4d9c-b641-f35c8c8ee8fe,Charity Trapped in a Shell-Like Shape,Cornelis Floris II; Hieronymus Cock; Johannes or Lucas van Doetecum,1556,800,1191,shells,ok
untitled__68141e1a.jpg,68141e1a-7b00-48e8-b183-166a76aeaaed,,Friedrich Lehmann; Ludwig Heinrich Bojanus,1821,850,539,shells,ok
untitled__d33fd9c7.jpg,d33fd9c7-9aff-42d2-926f-0db72fa70787,,,1894–1920,1050,757,shells,ok
untitled__655d29af.jpg,655d29af-1334-4b42-ad4c-683be211ce56,,Anton Seder,1896,1642,2150,seashells,ok
i-have-said-to-the-worm-thou-art-my-mother-and-my-sister__747aeab3.jpg,747aeab3-a8fe-4090-9151-021ddadcd323,"I Have Said to the Worm, Thou Art My Mother and My Sister",William Blake,1793,1796,2317,worms,ok
pushball-at-the-fort-meyer-horse-show-in-florida__87fb5a68.jpg,87fb5a68-432e-4307-9321-94d202d11e6f,Pushball at the Fort Meyer Horse Show in Florida,,1920,5322,4292,horses,ok
pushball-at-the-fort-meyer-horse-show-in-florida__8a8d5a8a.jpg,8a8d5a8a-0359-446c-8287-0fb96581fd90,Pushball at the Fort Meyer Horse Show in Florida,,1920,5364,4350,horses,ok
a-young-virgin-who-was-riding-on-horseback-struck-by-a-thund__e4adddf1.jpg,e4adddf1-318c-477d-a026-8172f8ad2857,"A young virgin, who was riding on horseback, struck by a thunderbolt",,1559,2793,2998,horses,ok
story-of-an-echo-that-nearly-drowned-a-counsellor__93c8d712.jpg,93c8d712-5531-40b1-a67e-c456183e4a38,Story of an echo that nearly drowned a counsellor,,1559,2580,2651,horses,ok
a-carload-of-grapes-from-california__10dd03e2.jpg,10dd03e2-57b4-4cec-bbb2-0f6fbd15e236,A Carload of Grapes from California,Edward H. Mitchell,1909,4532,2920,horses,ok
untitled__74612300.jpg,74612300-4bb7-4abf-ab94-3bab806966bf,,Wilhelm Dilich,1598,6228,4689,horses,ok
untitled__3570c3bc.jpg,3570c3bc-f144-4539-8d1a-dfb3802dfa3d,,Wilhelm Dilich,1598,6234,4692,horses,ok
untitled__1a725b06.jpg,1a725b06-7bdc-4d10-9e36-3e8898857ae3,,Wilhelm Dilich,1598,6220,4688,horses,ok
untitled__c1e9ee3a.jpg,c1e9ee3a-838f-4926-a9b7-2722f3d4ac76,,Wilhelm Dilich,1598,6183,4683,horses,ok
untitled__61bd4bb7.jpg,61bd4bb7-c012-4385-bf9f-2b4cf8acd1e8,,Wilhelm Dilich,1598,6211,4686,horses,ok
untitled__abf6c4e9.jpg,abf6c4e9-658b-45ed-b13f-edc82e9a2858,,Wilhelm Dilich,1598,6206,4674,horses,ok
untitled__547251f6.jpg,547251f6-afd4-4729-9ff5-d512713eae04,,Wilhelm Dilich,1598,6184,4694,horses,ok
untitled__021137b1.jpg,021137b1-8bde-4447-b21a-5d3e41a329ac,,Wilhelm Dilich,1598,3130,4702,horses,ok
sun-and-moon__d9634348.jpg,d9634348-31f6-41a2-87f2-e9b934f56476,Sun and Moon,,1600,4076,2712,horses,ok
magnetic-exercise__25077536.jpg,25077536-6ce9-4fbf-aabb-c3c8bf67623a,Magnetic Exercise,,1896,2502,2689,horses,ok
october-1904-cover-for-hototogisu__2284319b.jpg,2284319b-e94e-49c2-a8fc-c06d0f1cface,October 1904 cover for *Hototogisu*,Anonymous,1905,1022,1500,horses,ok
man-on-a-ladder-with-disected-horse-s-leg__9e95d13e.jpg,9e95d13e-d0fa-4e27-80ce-e96b5fd5827e,Man on a Ladder with Disected Horse's Leg,Thomas Eakins,ca. 1885,3054,3444,horses,ok
celestial-apparition-from-1586-over-the-north-bohemian-town-__365867a3.jpeg,365867a3-f260-4a19-92b9-2b6deab1c5ea,Celestial apparition from 1586 over the North Bohemian town of Tachau.,,1586,4563,6500,"horses,lions",ok
melted-away-like-a-snow-man__28cc2f69.jpeg,28cc2f69-6a32-406f-ae80-eeab85a8670d,Melted Away Like a Snow Man,Jean de Bosschère,1921,870,1437,horses,ok
darkened-the-chain-of-islands-with-its-shadow__42c469e1.jpeg,42c469e1-f10a-4724-9f7d-6bfe0b86fea5,Darkened the Chain of Islands With Its Shadow,Jean de Bosschère,1921,3861,2704,horses,ok
his-saw-passed-through-the-hoof-without-leaving-a-trace__6fe16e39.jpeg,6fe16e39-1247-4eda-ae53-02d4e102145b,His Saw Passed Through the Hoof Without Leaving a Trace,Jean de Bosschère,1921,1704,2464,horses,ok
untitled__066d0ca8.jpeg,066d0ca8-96b9-48c6-a522-f487e65bf6b8,,Jean de Bosschère,1921,1689,2070,horses,ok
christ-carrying-the-cross__4f678d4b.jpg,4f678d4b-2a15-40b6-8534-01af814f15e3,Christ Carrying the Cross,Marcus Gheeraerts,ca. 1580,3372,4804,horses,ok
the-music-of-the-rich-is-always-pleasant-even-if-played-on-a__8e2d7765.jpg,8e2d7765-24cf-4065-90a0-e79d9a62f346,"“The music of the rich is always pleasant, even if played on a jawbone”",Jan Wierix,ca. 1568,4900,4884,horses,ok
view-of-a-landscape-on-the-dieng-plateau__9317f263.jpg,9317f263-d241-4c57-9e25-a60c34cdb9c5,View of a landscape on the Dieng Plateau,Franz Wilhelm Junghuhn,1854,5538,4081,horses,ok
upper-part-of-vestre-okstindbreen__3a2d1cbf.jpg,3a2d1cbf-bf19-4aa4-922e-025e84a81496,Upper part of Vestre Okstindbreen,Charles Rabot,ca. 1881,3196,2350,horses,ok
untitled__4b94801d.jpeg,4b94801d-9ae1-4dc9-be0f-e642cd5256c7,,Madame B,ca. 1870s,3000,2116,horses,ok
untitled__773aeaf1.jpg,773aeaf1-777d-44e0-b13d-d6d805672240,,Madame B,ca. 1870s,2819,1981,horses,ok
untitled__7f243022.jpg,7f243022-bd49-4b40-98ec-29e30214cad4,,Katsushika Hokusai,1836,3224,2292,horses,ok
olli-and-the-troll-s-horse__8cae31b5.jpg,8cae31b5-164b-4abc-a918-3e02bfe2f14c,“Olli and the Troll's horse”,Jay Van Everen,1922,989,1400,horses,ok
white-hawk-left-hand-bear-fredireck-c-cummins-chief-black-he__f960509d.jpg,f960509d-8db0-4f24-85d6-1c39fd45a603,"White Hawk, Left Hand Bear, Fredireck C. Cummins, Chief Black Heart",,1901,1400,1068,horses,ok
a-colossal-bronze-horse-upon-a-pedestal__65827bcd.jpeg,65827bcd-69e7-4513-be7d-0a6bf0c2bac1,A colossal bronze horse upon a pedestal,,1499,1636,1340,horses,ok
entrance-of-the-grotto-at-posillipo-called-piedigrotta-reput__13ad5373.jpg,13ad5373-4472-448c-a25e-6e83ad5509cd,"Entrance of the grotto at Posillipo, called Piedigrotta, reputed to be Virgil's tomb",Peter Fabris,1776–9,1400,761,horses,ok
a-quarry-from-which-stones-were-cut-to-make-the-pavements-of__2e24636b.jpg,2e24636b-0f15-4e61-9e38-a510ea5abeda,A quarry from which stones were cut to make the pavements of Naples,Peter Fabris,1776–9,1400,760,horses,ok
the-road-leading-from-the-grotto-of-posillipo-inland-to-pian__47de9acf.jpg,47de9acf-c19f-4016-91ac-5944655a58e4,The road leading from the Grotto of Posillipo inland to Pianura,Peter Fabris,1776–9,1400,741,"dogs,horses",ok
the-lake-of-agnano__73e3f51e.jpg,73e3f51e-3b22-41af-830d-c8e6efd33670,The lake of Agnano,Peter Fabris,1776–9,1400,750,horses,ok
lake-avernus-lago-d-averno-and-environs__fc61d014.jpg,fc61d014-0f10-4a60-bfe8-16be2df57021,Lake Avernus (Lago d'Averno) and environs,Peter Fabris,1776–9,1400,754,horses,ok
effect-painting__d5a97958.jpg,d5a97958-0dbf-4bd4-b261-f50ed24019dd,Effect Painting,,1867,2208,2808,horses,ok
volume-5-pg-19__07d974e6.jpg,07d974e6-a4e3-40f8-863f-b4827817bf00,"(Volume 5, pg. 19)",,1913,1400,1006,horses,ok
miharu-goma-colt-of-miharu-from-oshu-north-japan-shimizu-tol__aeb09ba7.jpg,aeb09ba7-fcde-483d-9da9-8ace4b11c9cb,"*Miharu goma* (colt of Miharu), from Oshu, North Japan. Shimizu told Culin that it was also called *kosodate uma*, or “child-raising horse”, suggesting it may have been a charm for protecting children. (Volume 1, pg. 37)",,1891,1400,1007,horses,ok
untitled__99be85a6.jpg,99be85a6-4862-4a39-a9ed-412c060b2928,,Philipp Hainhofer,1596–1633,1021,1400,horses,ok
e-landis-equine-velocipede-or-bone-shaker__790c6c6d.jpg,790c6c6d-a23c-4a65-b662-d2962f28f49f,"E. Landis' equine velocipede, or, *bone-shaker*.",Robert Pittis Scott,1889,1336,1400,horses,ok
battles-prophesied__f80e5bfb.jpeg,f80e5bfb-c31b-4394-9dfc-657cf629621d,Battles prophesied,,ca. 1330,977,1269,horses,ok
the-flight-into-egypt-joseph-and-mary-are-robbed__fc1b94c3.jpeg,fc1b94c3-4f6b-4a85-a5e3-9dda2d119de5,The Flight into Egypt; Joseph and Mary are robbed,,ca. 1330,911,1211,horses,ok
color-woodblock-print-by-utagawa-kunisada-i-ca-1825__1203d144.jpg,1203d144-de36-4be7-82b9-1cbf59063ae3,"Color woodblock print by Utagawa Kunisada (I), ca. 1825",Utagawa Kunisada,ca. 1825,1400,648,horses,ok
the-snowball-battle-near-dalton-georgia-march-22-1862-a-gran__a91e30a5.jpg,a91e30a5-dd4f-477a-a119-815056e1bf32,"The Snowball Battle near Dalton, Georgia, March 22, 1862. A Grand Mock Battle between Several Divisions of Confederate Soldiers",Alfred R. Waud,1864,1400,1054,horses,ok
triumph-of-the-pox__77518827.jpg,77518827-03fe-47ff-b515-5bdde66c2f01,Triumph of the Pox,,ca. 1800,1400,924,horses,ok
untitled__28378321.jpg,28378321-3bd1-4617-a4b4-e9851808449e,,Agostino Ramelli,1588,1400,1052,horses,ok
untitled__d3571ed3.jpg,d3571ed3-d7dc-4e3c-801f-0f2430239ce5,,Agostino Ramelli,1588,775,1200,horses,ok
sun-chariot__b6c3f268.jpg,b6c3f268-7148-413b-a322-f3a31584918e,Sun Chariot,Anonymous,ca. 1820,712,1000,horses,ok
doctor-syntax-at-covent-garden-theatre__4a4b99cb.jpg,4a4b99cb-0806-4380-aabf-d49d65f88f79,Doctor Syntax At Covent Garden Theatre,Thomas Rowlandson,1813,1400,814,horses,ok
doctor-syntax-among-the-tomb-stones__4d390bba.jpg,4d390bba-7d0d-4f43-9f75-e471d04dcf43,Doctor Syntax Among the Tomb Stones,Thomas Rowlandson,1813,1400,867,horses,ok
doctor-syntax-sketching-the-lake__5d55bf61.jpg,5d55bf61-e5f1-4d48-870f-9d1771143eec,Doctor Syntax Sketching the Lake,Thomas Rowlandson,1813,1400,835,"dogs,horses",ok
doctor-syntax-losing-his-way__6f187eeb.jpg,6f187eeb-6aef-49f9-9fc8-3ace0e1ce82c,Doctor Syntax Losing His Way,Thomas Rowlandson,1813,1400,869,horses,ok
doctor-syntax-bound-to-a-tree-by-highwaymen__cae61bb5.jpg,cae61bb5-62c0-478b-ad37-277375012981,Doctor Syntax Bound to a Tree by Highwaymen,Thomas Rowlandson,1813,1400,857,"dogs,horses",ok
doctor-syntax-tumbling-into-the-water__e7e60626.jpg,e7e60626-7d2c-4662-917f-0b0a1de5ff9d,Doctor Syntax Tumbling Into the Water,Thomas Rowlandson,1813,1400,848,horses,ok
group-of-women-and-men-in-a-decorated-carriage-during-junete__5c33c4e3.jpg,5c33c4e3-9d87-48f3-a721-b3d63c4cc0a3,"Group of women and men in a decorated carriage, during Juneteenth celebrations in Corpus Christi, Texas",George McCuistion,1913,2392,1872,horses,ok
juneteenth-celebrations-in-corpus-christi-texas__9cf6ad6d.jpg,9cf6ad6d-784a-4d87-a2f7-1e80b02b0cb5,"Juneteenth celebrations in Corpus Christi, Texas",,1855,1500,1106,horses,ok
two-women-and-a-man-in-a-decorated-carriage-juneteenth-celeb__a0fcbca4.jpg,a0fcbca4-8dd0-4031-9aa6-24a810e33db5,"Two women and a man in a decorated carriage, Juneteenth celebrations in Corpus Christi, Texas",George McCuistion,1913,1500,1169,horses,ok
vignettes-of-rome-during-the-plague-of-1656__5a16f410.jpg,5a16f410-61ed-49bb-a5f2-398d25c75e88,Vignettes of Rome during the Plague of 1656,Giorgio Lambuzzi; Michelangelo Marinari,1656,1400,1022,horses,ok
fashionable-battle-of-frogs-ii__20632e4f.jpg,20632e4f-a6ac-4717-8370-c63862b9e958,Fashionable Battle of Frogs: II,Kawanabe Kyōsai,1864,813,1200,horses,ok
tsuba-made-of-iron-openwork-jumping-horse-within-plain-hoop__5ce3741f.jpg,5ce3741f-f6fe-43b9-b7b4-d22d73fce9fd,"Tsuba made of iron, openwork. Jumping horse within plain hoop",Georg Oeder,1916,600,611,horses,ok
pity__9153b47a.jpg,9153b47a-a201-4a21-89f7-3a5446f5639a,Pity,William Blake,ca. 1825,1200,960,horses,ok
the-bewitched-groom__363352c0.jpg,363352c0-489e-48ad-a42c-ebcd024eda4f,The Bewitched Groom,Hans Baldung,1544–45,696,1122,horses,ok
and-flitted-away-as-far-as-they-could-from-the-castle-that-l__2c81b64f.jpg,2c81b64f-a7f2-4316-9e8a-77c0f58450e0,"""And flitted away as far as they could from the Castle that lay East of the Sun and West of the Moon.""",Kay Nielsen,1922,567,800,horses,ok
untitled__359f43c0.jpg,359f43c0-48d8-4086-a464-2c4c0ba5ee62,,Kay Nielsen,1922,586,800,horses,ok
neapolitanus__5458eaca.jpg,5458eaca-b6a8-4142-8fa9-2069dca86c7b,Neapolitanus,Workshop of Philips Galle,ca. 1624,1000,785,"elephants,horses",ok
grids-for-a-horse__56b34d7e.jpg,56b34d7e-0c20-4cb6-a572-dbfbab319848,Grids for a Horse,,1643,1024,760,"elephants,horses",ok
fore-edge-for-a-copy-of-a-tour-through-the-isle-of-man__8fbec6f5.jpg,8fbec6f5-865e-43c2-998d-3b9862ddaec2,Fore-edge for a copy of *A Tour through the Isle of Man*,,1794,1024,239,horses,ok
fore-edge-for-a-copy-of-songs-of-the-chace__eacb87ed.jpg,eacb87ed-d6ee-4edb-a531-eeefb2535f95,Fore-edge for a copy of *Songs of the Chace*,,1811,1023,272,horses,ok
the-ploughman__ff74e7ae.jpg,ff74e7ae-cc8f-468c-b77e-43c119df5290,The Ploughman,Hans Holbein,1523–5,550,720,horses,ok
untitled__81f5426f.jpg,81f5426f-95b0-4c5b-93a9-af363625492f,,Robert Seaver,1782,800,493,horses,ok
untitled__bb640680.jpg,bb640680-c3b7-4623-b3b1-676e12956a4b,,Robert Seaver,1782,799,490,horses,ok
untitled__ff0b234f.jpg,ff0b234f-2b58-489f-928b-bfc12aa2b6a0,,Robert Seaver,1782,800,500,"dogs,horses",ok
untitled__f4f3c2b7.jpg,f4f3c2b7-a39f-4579-bdf6-5ef57c8c1467,,Robert Seaver,1782,800,498,horses,ok
amduscias__c5209967.jpg,c5209967-9573-4e74-8184-d10e099d40d5,Amduscias,Louis le Breton,1863,723,800,horses,ok
untitled__64c86b7f.jpg,64c86b7f-84e0-4250-94b6-c219de8f4548,,Adolph Metzner,1861–4,1024,769,horses,ok
untitled__8a7c8474.jpg,8a7c8474-0b1b-4fde-b646-4ac4717c3069,,Adolph Metzner,1861–4,1024,799,horses,ok
untitled__123e7944.jpg,123e7944-7b9d-475c-98e5-f4b82e006810,,,ca. 1410,712,860,horses,ok
untitled__2d455c15.jpg,2d455c15-906f-4eab-b481-4031f711559a,,,ca. 1410,712,863,horses,ok
untitled__326f02fa.jpg,326f02fa-08c6-4cde-9528-2861f59511c9,,,ca. 1410,712,852,horses,ok
untitled__44ff5f15.jpg,44ff5f15-506f-48e6-b5ac-7da1a0e584ad,,,ca. 1410,712,863,horses,ok
untitled__4653f8c7.jpg,4653f8c7-cc51-462d-b735-65d5a7dff055,,,ca. 1410,712,794,horses,ok
untitled__542d2672.jpg,542d2672-d1f5-466a-bca7-905fac15829f,,,ca. 1410,712,869,horses,ok
untitled__5e7f0abd.jpg,5e7f0abd-64c5-40bc-ae69-c19363e1a377,,,ca. 1410,712,853,horses,ok
untitled__6bbcce15.jpg,6bbcce15-20d4-497d-a5e3-3bb139741c1e,,,ca. 1410,712,862,horses,ok
untitled__09c532c9.jpg,09c532c9-9b7f-4f65-89d6-60079583cb64,,,ca. 1410,712,836,horses,ok
untitled__07d55909.jpg,07d55909-c13d-42a1-8783-157740cd6d95,,,ca. 1410,712,847,horses,ok
untitled__a3d055d6.jpg,a3d055d6-4ba4-4cf7-8966-26c1566518c9,,,ca. 1410,712,847,horses,ok
untitled__c22de438.jpg,c22de438-e9cd-4a79-abc4-9b8e1b2c7c3a,,,ca. 1410,712,878,horses,ok
untitled__e5ef238e.jpg,e5ef238e-a7dd-4257-b33d-a10b8fd23efc,,,ca. 1410,712,862,horses,ok
untitled__ec223bb3.jpg,ec223bb3-7cf7-4751-b56a-a0a14f865646,,,ca. 1410,712,867,horses,ok
untitled__e4b3738c.jpg,e4b3738c-a914-4b0b-ac79-3c0032741ced,,,ca. 1410,712,872,horses,ok
iron-and-son-shoes-for-men-and-beasts__e05c462f.jpg,e05c462f-b2c7-4d3f-8e3b-99abc13579a0,"Iron and Son, Shoes for Men And Beasts",J. J. Grandville,1877,596,723,horses,ok
photograph-of-a-horse__7d1f5e5f.jpg,7d1f5e5f-353e-41d4-ae6a-dd23a735c8b7,Photograph Of A Horse,Ottomar Anschütz,1884,1000,754,horses,ok
a-paradice-sic-for-fools-a-nocturnal-trip-or-the-disciple-of__a14f6d3b.jpg,a14f6d3b-cf5b-4a8a-9a88-18451417b947,A Paradice [Sic] For Fools–A Nocturnal Trip–Or–The Disciple Of Johanna Benighted–Vided Scourge No. XXXVI,Charles Williams,1814,1000,420,horses,ok
phenakistoscope__1dab3711.gif,1dab3711-c639-437c-8219-971767c0be65,Phenakistoscope,,1833,480,480,horses,ok
phenakistoscope__51bafafd.jpg,51bafafd-e073-4a18-9128-e6fcd2238951,Phenakistoscope,,1833,669,658,horses,ok
prospero-miranda-and-ariel-from-the-tempest__4a5dbde4.jpg,4a5dbde4-7dd1-41dd-85c1-f4287cd1e0d6,"Prospero, Miranda and Ariel, from ""The Tempest""",,ca. 1780,1023,781,horses,ok
untitled__b53feecc.jpg,b53feecc-ab7a-4e59-b805-b9f6dabecce5,,Peter Rollos,ca. 1687,800,686,horses,ok
a-london-fog__a0e79fb4.jpg,a0e79fb4-6ed5-42ae-857a-fae210d0e652,A London Fog,,ca. 1862,845,1024,horses,ok
roadside-view-papandayang-java__76757aa1.jpg,76757aa1-b75b-407a-9162-010236d08632,"Roadside View Papandayang, Java",Tempest Anderson,1913,1035,1024,horses,ok
japanese-depictions-of-north-americans__c049b682.jpg,c049b682-9fb9-4af7-99c9-c4fdc34b1a6e,Japanese Depictions of North Americans,,1860s,613,870,horses,ok
the-jockey-s-dream__10bb41a5.jpg,10bb41a5-5a51-48bf-b64b-dcc318a034ec,The Jockey’s Dream,Currier and Ives,ca. 1880,800,620,horses,ok
cavalryman__811050c5.jpg,811050c5-93f1-4c5d-82e0-48336fb313c5,Cavalryman,Mary Browne,1821,657,800,horses,ok
the-horse__b0b09f41.jpg,b0b09f41-2ce8-4e52-8fd7-8b7edba0be2d,The Horse,William Blake,1805,1000,1564,horses,ok
scene-from-macbeth-at-the-lyceum-theatre-london__43c5e526.jpg,43c5e526-5ac0-46ea-be58-6d6a92d570b2,"Scene from 'Macbeth' at the Lyceum Theatre, London",,1875,1024,705,horses,ok
mr-ducrow-as-the-brigand-chief__0df67e0c.jpg,0df67e0c-b565-4751-a937-bd7d0ebc6b92,Mr. Ducrow as the Brigand Chief,,1837–40,1024,823,horses,ok
those-dervishes-who-have-toiled-and-been-abused-and-have-not__b5043549.jpg,b5043549-46a8-4004-a752-f5e6c576fefb,"“Those dervishes who have toiled and been abused, and have not known comfort in this world, they too [like the prophet] will ride Baraq [to heaven]”",,19th century,620,759,horses,ok
a-tree-and-an-animal-castrating-itself__30c8d47d.jpg,30c8d47d-e91d-4742-9f95-160fd86d0c1d,A tree and an animal castrating itself.,,ca.1440,570,850,horses,ok
untitled__86d025b7.jpg,86d025b7-a680-4762-9f3b-bdb91780ca6c,,,,491,250,horses,ok
untitled__7286e45a.jpg,7286e45a-83e1-43b3-a4b6-27f19d7e46ff,,Jacques-Louis David,1770s,502,747,"horses,lions",ok
untitled__75485599.jpg,75485599-7abe-4645-8399-772dd59937ad,,Jacques-Louis David,1770s,988,672,horses,ok
the-belly-of-a-horse__755e3752.jpg,755e3752-5fc1-480e-a787-123d281ec1e3,The Belly of a Horse,William Carver,1820,716,1234,horses,ok
homesteaders-trekking-from-moose-jaw-saskatchewan__ce52212a.jpg,ce52212a-6162-4466-8dd3-c2d6afae812f,"Homesteaders Trekking from Moose Jaw, Saskatchewan",,1909,800,638,horses,ok
the-people-of-the-moon-and-the-people-of-the-sun-at-war__37b9f38e.jpg,37b9f38e-dd16-4c8c-b973-0e18f782627a,The People of the Moon and the People of the Sun at war,,1647,540,415,horses,ok
the-archangel-helping-hezekiah-of-judah-defeat-sennacherib-o__c0abe514.jpg,c0abe514-c483-4139-98fb-5c008b49c8e5,The Archangel Helping Hezekiah of Judah Defeat Sennacherib of Assyria,,Late 17th century,550,605,horses,ok
the-horse-turned-groom__f3e2b5dd.jpg,f3e2b5dd-624c-4aac-9c21-81c014fd3856,The horse turned groom,,18th century,795,546,horses,ok
pursue-thy-workes-without-delay__9dac95e4.jpg,9dac95e4-60c3-420e-8fc2-af5a690bfce6,"Pursue thy Workes, Without Delay",George Wither,1635,500,563,horses,ok
untitled__68198bc1.jpg,68198bc1-d631-464b-8591-2189edb4f4f7,,,1882,449,284,horses,ok
untitled__acbaef19.jpg,acbaef19-2115-4f38-af1c-8ddc54fb5757,,,1882,480,538,horses,ok
untitled__5b7080b2.jpg,5b7080b2-d4c8-40a7-94f5-47dc2c382803,,,1912,700,1093,horses,ok
untitled__9271d3de.jpg,9271d3de-2c5d-4c8f-a031-8d4b438fa8a3,,,1912,700,1093,horses,ok
untitled__b15d6cfb.jpg,b15d6cfb-caea-41b3-b3c4-cc4a313577a7,,,1912,700,1093,horses,ok
untitled__4a24f066.jpg,4a24f066-a58d-4306-aac4-c5f43cfb86df,,Leonhard Zubler,1607,722,599,horses,ok
hansom-cab__71c4b564.jpg,71c4b564-456a-41d7-9f84-8608e22ae048,Hansom cab,,ca. 1890,502,640,horses,ok
untitled__7e28b6be.jpg,7e28b6be-9c34-4757-bd93-e76f1dff3650,,Giambattista della Porta,1586,384,600,horses,ok
girl-with-kite-and-dog__18317344.jpg,18317344-6d6d-4b42-a35b-0b38ff4d9378,Girl with Kite and Dog,Ethel M'Clellan Plummer,ca. 1917,5126,6523,dogs,ok
cruel-persecutions-and-massacres-of-christians__5823d54a.jpg,5823d54a-08a2-48b7-bf84-72de993f6a22,Cruel persecutions and massacres of Christians,,1559,2761,3047,dogs,ok
the-roots-of-the-baara__af9a9c99.jpg,af9a9c99-a326-4ad8-8b08-0ce044ce2669,The roots of the Baara,,1559,2618,2855,dogs,ok
from-the-pont-de-grenelle__ba2c3d29.jpg,ba2c3d29-6029-40af-b992-8697d180e580,From the Pont de Grenelle,Henri Rivière,1888–1902,2904,2424,dogs,ok
the-corinthian-maid__1897b500.jpg,1897b500-3d44-40fb-88a8-e5c28df1c660,The Corinthian Maid,Joseph Wright,1782–84,10775,8744,dogs,ok
marie-h-eg-and-her-dog-tuss__7cd0afd5.jpg,7cd0afd5-105c-413d-90c8-b7ff4a6d3480,Marie Høeg and her dog Tuss,,ca. 1895–1903,1140,1681,dogs,ok
cat-s-meat-man__a9561829.jpg,a9561829-3e35-4b8d-86e6-8af027fc9e10,Cat’s meat man,Horace William Petherick,1875,1086,1816,"cats,dogs",ok
the-cat-s-meat-man__76c95be8.jpg,76c95be8-55f5-469e-b470-ba70378ff5e6,The Cat’s-Meat Man,Thomas Crane; Ellen Houghton,1883,1324,1600,"cats,dogs",ok
next-morning-the-princess-peeped-out-and-saw-the-shepherd__4db909bd.jpg,4db909bd-1239-40fd-8ef8-37c847eedd09,Next Morning the Princess Peeped Out and Saw the Shepherd,Jay Van Everen,1921,1818,2751,dogs,ok
oversize-ljs-419-erbario-university-of-pennsylvania-ca-1400-__13746682.jpg,13746682-5d91-43c7-994d-e81b7fb4d354,"Oversize LJS 419 Erbario (University of Pennsylvania), ca. 1400–1500, f. 39v.",,ca. 15th century,2700,3396,dogs,ok
antonius-musa-herbal-ms-573-wellcome-ca-1225-1275-f-35v__27e3f74a.jpeg,27e3f74a-59de-429d-ab57-2d343959d713,"Antonius Musa, *Herbal*, MS.573 (Wellcome), ca. 1225–1275, f. 35v.",,ca. 1225-1275,3180,3003,dogs,ok
herbarium-apuleii-ms-18-yale-medical-library-ca-1400-p-83__6a2bcaff.jpeg,6a2bcaff-2346-4773-a2b2-b5abf4f55b9c,"*Herbarium Apuleii*, Ms. 18 (Yale Medical Library), ca. 1400, p. 83.",,ca. 1400,2129,1995,dogs,ok
oversize-ljs-419-erbario-university-of-pennsylvania-ca-1400-__73f94376.jpg,73f94376-dbf4-4f9f-b00d-862cff23dba6,"Oversize LJS 419 Erbario (University of Pennsylvania), ca. 1400–1500, f. 38v.",,ca. 15th century,2744,3024,dogs,ok
johannes-hartlieb-s-kr-uterbuch-2021667734-loc-1462-image-22__a235530e.jpeg,a235530e-9f14-4bf1-9764-080f7bad6a41,"Johannes Hartlieb’s *Kräuterbuch*, 2021667734 (LoC), 1462, image 220.",,1472,3648,4552,dogs,ok
sloane-ms-1975-bl-ca-1175-1200-f-49r__cbf35082.jpeg,cbf35082-035e-4c53-8ddb-4f984ea0fe7c,"Sloane MS 1975 (BL), ca. 1175–1200, f. 49r.",,ca. 1175-1200,995,1749,dogs,ok
harley-ms-3736-bl-ca-16th-century-f-59r__d35e8600.jpg,d35e8600-2930-42b3-a270-64f073015c0b,"Harley MS 3736 (BL), ca. 16th century, f. 59r.",,ca. 16th century,1212,1708,dogs,ok
cod-5264-sterreich-nationalbibliothek-ca-1450-f-58v__f2ca51e1.jpg,f2ca51e1-420a-4637-b1d5-8e881821f1ef,"Cod. 5264 (Österreich Nationalbibliothek), ca. 1450, f. 58v.",,ca. 1450,2332,2977,dogs,ok
johannes-hartlieb-kr-uterbuch-in-cod-pal-germ-311-universit-__f0a2fb76.jpg,f0a2fb76-d520-4f51-91d8-2bee780e7626,"Johannes Hartlieb, *Kräuterbuch*, in Cod. Pal. germ. 311 (Universitätsbibliothek Heidelberg), ca. 1455–1460, f. 289v.",,ca. 1455–60,1088,1528,dogs,ok
guntur-volcano-in-west-java__9c65f6ec.jpg,9c65f6ec-a6b8-47c5-a35d-3a8d815d50da,Guntur volcano in West Java,Franz Wilhelm Junghuhn,1854,4738,3682,dogs,ok
dog-and-cat__fe8766ef.jpg,fe8766ef-d11a-4c4f-b3e2-db208e5bbcde,Dog and Cat,Printed by Monogrammist GVL,1767–1793,1200,925,"cats,dogs",ok
melencolia-i__0aacf25a.jpeg,0aacf25a-7967-4c04-bd01-f29ae3f908ad,Melencolia I,Albrecht Dürer,1514,940,1200,"bats,dogs",ok
untitled__62f7a649.jpg,62f7a649-6797-4129-9f1c-2028e703b563,,Madame B,ca. 1870s,2882,2069,dogs,ok
interrogative-point__c6edce51.jpg,c6edce51-f828-4d38-a30b-e8da6141aab8,Interrogative Point,Mr. Stops,1824,2357,2122,dogs,ok
a-mad-dog-in-a-coffee-house__a987cb3e.jpg,a987cb3e-13f0-4560-a593-dc27b089a920,A Mad Dog in a Coffee House,Thomas Rowlandson,ca. 1800,1400,1007,dogs,ok
a-black-couple-and-their-dog-in-their-apartment-in-south-sid__996abbda.jpg,996abbda-bf9e-473d-9835-9c68045a9ca3,“A Black couple and their dog in their apartment in south side Chicago. From 1960...”,John H. White,1973–4,1014,1500,dogs,ok
the-secession-bubble-it-must-burst__852e6d55.jpg,852e6d55-84fb-4d31-90fb-176cf5006396,The Secession Bubble. “It Must Burst”,J. H. Bufford,ca. 1862,1072,1400,dogs,ok
tufa-at-the-bottom-of-the-crater-of-monte-nuovo-near-pozzuol__16f605f1.jpg,16f605f1-e2bd-4842-ade7-73b64323d368,Tufa at the bottom of the crater of Monte Nuovo near Pozzuol,Peter Fabris,1776–9,1400,748,dogs,ok
the-pisciarelli-a-hot-spring-issuing-from-the-cone-of-the-so__95ec2885.jpg,95ec2885-254b-437f-9f27-0e9a43f1252b,"The Pisciarelli (a hot spring) issuing from the cone of the Solfatara, and a man bathing in the hot waters",Peter Fabris,1776–9,1400,753,dogs,ok
an-unusually-distinct-paraselena-that-appeared-on-11th-decem__fce17328.jpg,fce17328-d391-441d-9c3a-0fbfe729fd06,"“An unusually distinct Paraselena that appeared on 11th December, 1875.”",Edward L. Moss,1875,1400,1028,dogs,ok
f-h-c-mey-s-velocipede__6fbc6d32.jpg,6fbc6d32-f1cc-4399-83a1-4352698159da,F. H. C. Mey's velocipede.,Robert Pittis Scott,1889,1400,1179,dogs,ok
lillie-and-grace-in-the-hammock-september-1900__154e940a.jpg,154e940a-2eb8-4d79-adbb-b1f44eeb72dd,"Lillie and Grace in the hammock, September 1900",Theresa Babb,1900,1351,1400,dogs,ok
two-unidentified-women-seated-near-beauchamp-point-october-1__363b7000.jpg,363b7000-a04b-480c-a9e4-bc07b03cf881,"Two unidentified women seated near Beauchamp Point, October 1900.",Theresa Babb,1900,1455,1400,dogs,ok
lillie-jessica-lewis-in-boat-also-picture-of-sailboat-octobe__32e2f5aa.jpg,32e2f5aa-aae0-404a-b799-5ca7121f3c70,“Lillie & Jessica Lewis in boat. Also picture of sailboat. October 1900.”,Theresa Babb,1900,1410,1400,dogs,ok
walking-couple-by-moonlight__bda9b10e.jpg,bda9b10e-4cc1-456f-9669-811a2d164238,Walking Couple by Moonlight,Gesina ter Borch,1654,1200,1200,dogs,ok
sylvia-and-her-wounded-deer-on-the-roof-allecto-the-battle-b__adf46e9f.jpeg,adf46e9f-e8ef-4a2c-b7b6-1fd079214518,"Sylvia and Her Wounded Deer; on the Roof, Allecto; the Battle Between Latins and Trojans",,1835,1421,908,dogs,ok
untitled__54ae65cd.jpg,54ae65cd-e683-42d9-852e-c46be7e24959,,Lewis Carroll,1864,855,1400,dogs,ok
satire-on-false-perspective__83fe0e12.jpg,83fe0e12-c07b-4801-8007-57e4efe7d675,Satire on False Perspective,William Hogarth; Luke Sullivan,1754,1139,1400,"dogs,sheep",ok
grotesque-head-with-helmet-in-the-style-of-arcimboldo__117a9d04.jpg,117a9d04-a76f-4d26-bd02-d81fbe88e435,Grotesque Head with Helmet in the Style of Arcimboldo,Dominicus Custos,1594,1200,1017,dogs,ok
doctor-syntax-rural-sport__44099387.jpg,44099387-37e7-480f-a4cc-ff430bce94bb,"Doctor Syntax, Rural Sport",Thomas Rowlandson,1813,1400,864,dogs,ok
doctor-syntax-pursued-by-a-bull__534fcf59.jpg,534fcf59-0d11-4f62-9e49-b8490064d2b4,Doctor Syntax Pursued by a Bull,Thomas Rowlandson,1813,1400,868,dogs,ok
dr-syntax-with-my-lord__ce48b703.jpg,ce48b703-31b8-4134-a93a-848cd323eb36,Dr Syntax With My Lord,Thomas Rowlandson,1813,1400,837,dogs,ok
dr-syntax-mistakes-a-gentleman-s-house-for-an-inn__c101d2ac.jpg,c101d2ac-1311-425e-88db-346b71f85c8c,Dr Syntax Mistakes a Gentleman's House for an Inn,Thomas Rowlandson,1813,1400,885,dogs,ok
doctor-syntax-returned-from-his-tour__da32d966.jpg,da32d966-a6df-41a2-9940-5b111d9d57b1,Doctor Syntax Returned From His Tour,Thomas Rowlandson,1813,1400,853,dogs,ok
she-caught-toto-by-the-ear__e059e4eb.jpg,e059e4eb-41c1-47e4-9603-eaa1010ffefc,"""She caught Toto by the ear""",W. W. Denslow,1900,900,1200,dogs,ok
untitled__5a79a44c.jpg,5a79a44c-447e-4e5b-8fef-89826f31f5cb,,W. W. Denslow,1900,900,1200,dogs,ok
you-must-be-a-great-sorceress__687f6c4d.jpg,687f6c4d-a1f1-4836-a120-5e867cd09d46,"""You Must Be a Great Sorceress.""",W. W. Denslow,1900,904,1200,dogs,ok
exactly-so-i-am-a-humbug__76af869f.jpg,76af869f-ad59-48d1-af7a-3e6534950c2a,"""Exactly So! I Am a Humbug.""",W. W. Denslow,1900,908,1200,"dogs,lions",ok
the-lion-ate-some-of-the-porridge__8c2dcc39.jpg,8c2dcc39-1c54-4333-a760-85b36b59c23e,"""The Lion Ate Some of the Porridge.""",W. W. Denslow,1900,922,1200,"dogs,lions",ok
she-caught-toto-by-the-ear__9cfe5e01.jpg,9cfe5e01-4cf6-4fc8-9e48-aa0570ad2e11,"""She Caught Toto by the Ear.""",W. W. Denslow,1900,888,1200,"bears,dogs",ok
you-ought-to-be-ashamed-of-yourself__b386390b.jpg,b386390b-5107-4310-8e33-1c9563b9b756,"""You Ought to Be Ashamed of Yourself!""",W. W. Denslow,1900,912,1200,"dogs,lions",ok
the-scarecrow-sat-on-the-big-throne__d44df661.jpg,d44df661-9c83-42a2-86a5-4e1c6227c7e2,"""The Scarecrow Sat on the Big Throne.""",W. W. Denslow,1900,895,1200,"dogs,lions",ok
chapter-viii-the-deadly-poppy-field__d4ace984.jpg,d4ace984-ec81-46cd-a0b7-2d5cbdb54531,Chapter VIII. The Deadly Poppy Field,W. W. Denslow,1900,914,1200,dogs,ok
i-am-the-witch-of-the-north__d22f21d6.jpg,d22f21d6-5ede-499c-bd44-1315122473a0,"""I Am the Witch of the North.""",W. W. Denslow,1900,897,1200,dogs,ok
the-monkeys-caught-dorothy-in-their-arms-and-flew-away-with-__f53e6645.jpg,f53e6645-76fb-4a2d-b837-5102ca17918c,"""The Monkeys Caught Dorothy in Their Arms and Flew Away With Her.""",W. W. Denslow,1900,896,1200,"dogs,monkeys",ok
the-unicorn-canis-minor__53e3e55c.jpg,53e3e55c-92b3-4111-973d-08b18cc16125,"The Unicorn, Canis Minor",Sidney Hall,1824-5,1200,842,dogs,ok
an-inland-dweller-half-dog-half-human-pointing-out-a-settlem__11c2c4a3.jpg,11c2c4a3-7b69-4433-ac40-c2897f9ec275,"An ""inland-dweller,"" half dog, half human, pointing out a settlement for destruction",Knud Rasmussen,1913,1421,1049,dogs,ok
how-sweet-is-love__08780d70.jpg,08780d70-f5b2-4f3f-bfb2-6adad689123d,How Sweet is Love,Adriaen Pietersz van de Venne,ca. 1615,1200,845,"cats,dogs",ok
portrait-of-a-girl-and-her-dog__dadaaa06.jpg,dadaaa06-0474-4534-b89b-3d849ae27c6e,Portrait of a Girl and her Dog,Jean Jacques Lequeu,ca. 1796,869,1200,dogs,ok
the-hunters-enter-the-woods__196a07ce.jpg,196a07ce-74cb-4b3a-a00a-e0ec4a48b11a,The Hunters Enter the Woods,,1495–1505,716,800,dogs,ok
the-unicorn-crosses-a-stream__5dc50b38.jpg,5dc50b38-ffe3-4a50-b864-d6f32e956e8f,The Unicorn Crosses a Stream,,1495–1505,1024,881,dogs,ok
barkia-howlaloudia__9da0293a.jpg,9da0293a-bae6-421b-915d-35ff3123d59f,"Barkia  
Howlaloudia",Edward Lear,1888,508,800,dogs,ok
wait-till-you-ve-been-anointed__380d78cb.jpg,380d78cb-08db-4328-a2dc-7b9163c82eb4,Wait Till You've Been Anointed,Francisco de Goya,1797-1799,527,768,"dogs,goats",ok
melencolia-i__c341bbfa.jpg,c341bbfa-8e8f-459c-92cc-e4e8b66af856,Melencolia I,Albrecht Dürer,1514,940,1200,dogs,ok
the-triumphal-arch-of-emperor-maximilian-i-detail__9db7a0c1.jpg,9db7a0c1-e671-41ed-8162-eccd11b86031,The Triumphal Arch of Emperor Maximilian I (Detail),Albrecht Dürer,1515,1024,787,dogs,ok
the-danger-of-mispending-time__a2f9d2d7.jpg,a2f9d2d7-e668-4b69-a2c0-504ec206c7cd,The Danger of Mispending Time,,ca. 18th century,750,588,dogs,ok
the-duchess__958f7691.jpg,958f7691-484a-4b27-85f7-4bed2a36ebff,The Duchess,Hans Holbein,1523–5,550,713,dogs,ok
wait-till-you-ve-been-anointed__218a29f4.jpg,218a29f4-c9e9-4c07-bb3a-2b5b5e8198bb,Wait Till You’ve Been Anointed,Francisco de Goya,1797–99,680,991,dogs,ok
untitled__64dc51e6.jpg,64dc51e6-164a-481d-9b22-b3f5d08897a7,,Adolph Metzner,1861–4,1024,728,dogs,ok
untitled__85b727da.jpg,85b727da-19c0-410d-b437-b74e43d07ba5,,J. J. Grandville,1877,593,738,dogs,ok
untitled__b1106b18.jpg,b1106b18-bb18-41fc-8890-1218b33abeed,,J. J. Grandville,1877,550,711,"cats,dogs",ok
now-sir-you-r-a-compleat-macaroni__c6f1bce0.jpg,c6f1bce0-9807-4bde-aee2-ca2dc2a5dede,Now Sir You'r a Compleat Macaroni,Michel Vincent Brandoin; James Caldwell,1772,755,1024,dogs,ok
untitled__b06986dc.jpg,b06986dc-689e-4efa-be4b-cac305d991d6,,,1190–1200,633,640,dogs,ok
untitled__d96d0866.jpg,d96d0866-e8eb-466f-bb08-875a89cff5eb,,,1190–1200,687,800,dogs,ok
untitled__ee2b2fe7.jpg,ee2b2fe7-acae-463c-a7bd-929f1b11605e,,,1190–1200,666,800,"dogs,snakes",ok
embryos-in-different-animals__1e3ed764.jpg,1e3ed764-6507-41df-a1e3-aea576f919c3,Embryos in Different Animals,,1873,644,391,dogs,ok
untitled__4e7ac83e.jpg,4e7ac83e-6a9a-459a-a0ec-30b2d695d6b4,,Peter Rollos,ca. 1687,800,673,dogs,ok
an-early-lesson-of-dancing__4bd89d1a.jpg,4bd89d1a-9ca7-497a-ab0d-14c49ee4c4ca,An Early lesson of Dancing,,ca. 1818,629,800,dogs,ok
a-man-being-brought-in-by-boat-apparently-drowned__dd461d97.jpg,dd461d97-1448-4523-91d4-d9d5fd533949,A Man Being Brought in by Boat Apparently Drowned,Robert Smirke,1787,1000,740,dogs,ok
untitled__9059b2aa.jpg,9059b2aa-facb-43a9-81ba-4409e101fd03,,Giuseppe Maria Mitelli,1718,563,800,dogs,ok
japanese-depictions-of-north-americans__15c301c5.jpg,15c301c5-e28f-4e23-85ff-72169de2896f,Japanese Depictions of North Americans,,1860s,510,746,"dogs,lions",ok
untitled__f9a8810f.jpg,f9a8810f-4a1d-4204-89f4-2cef10e25a07,,,ca. 1775,620,793,"dogs,snakes",ok
japanese-water-guard-protecting-camp-supply__98b18e73.jpg,98b18e73-de76-459a-be71-fad5274da865,Japanese Water Guard Protecting Camp Supply,T.W. Ingersoll,1905,1024,515,dogs,ok
untitled__f1badf48.jpg,f1badf48-2e75-4e60-9f0e-b525abd1792b,,Hugo Simberg,1909,1024,741,"dogs,snakes",ok
the-englishman-heathcoat-wanted-to-make-a-lace-making-machin__a96c16a1.jpg,a96c16a1-80b2-4141-8f7c-92ee7d7d74cc,“The Englishman Heathcoat wanted to make a lace-making machine.”,Japanese Department of Education,1873,1000,1412,dogs,ok
a-dog-knocked-over-the-lamp-on-the-table-which-held-carlyle-__bc45db58.jpg,bc45db58-26a6-4d32-8a04-65653614b457,“A dog knocked over the lamp on the table which held Carlyle's important papers.”,Japanese Department of Education,1873,1000,1397,dogs,ok
untitled__1366d994.jpg,1366d994-bb54-4eb0-b7fb-a15cf059f4da,,Master of San Miniato,15th century,600,840,dogs,ok
untitled__2fc49344.jpg,2fc49344-3074-4012-bdce-dbf932451709,,,ca. 1495,488,494,dogs,ok
untitled__50fea56f.jpg,50fea56f-0967-408f-9f9d-a9d4fdd41c20,,,,461,560,dogs,ok
salome-with-the-head-of-john-the-baptist__613fe94d.jpg,613fe94d-3ddb-441a-837d-c31593192235,Salome with the Head of John the Baptist,Lucas van Leyden,ca. 1550–1600,500,947,dogs,ok
herodias-and-salome-with-the-head-of-john-the-baptist__cd0d2e4b.jpg,cd0d2e4b-71ec-4ba4-aa9e-85292e4baec7,Herodias and Salome with the Head of John the Baptist,,1630–56,950,693,dogs,ok
facsimile-of-a-composite-photograph-a-decapitation__f5c018a3.jpg,f5c018a3-c54e-4b76-bb43-ec018ba1d1f0,Facsimile of a Composite Photograph / A Decapitation,,1897,1624,3060,dogs,ok
women-s-committee-ca-1920__ddc3cc4b.jpg,ddc3cc4b-7959-49b4-a760-d8516a0fa251,Women's Committee (ca.1920),,ca. 1920,800,642,dogs,ok
marshmallow__bd66d8bc.jpg,bd66d8bc-4784-46e2-a2b4-4e05f7f6adb3,Marshmallow,J. J. Grandville,1849,1065,1500,"dogs,frogs",ok
untitled__2541c935.jpg,2541c935-2d76-4c20-89f5-2e122a9f8cb1,,Leonhard Zubler,1607,683,599,dogs,ok
untitled__d7eae73f.jpg,d7eae73f-966b-4cf8-9dda-b70ed835dc5c,,Leonhard Zubler,1607,717,600,dogs,ok
untitled__fa22e42e.jpg,fa22e42e-d716-4ca9-8529-657bff0eb4fc,,Leonhard Zubler,1607,693,599,"cattle,dogs",ok
in-the-absence-of-lady-partners-r-nne-takes-a-turn-with-the-__68184199.jpg,68184199-cb15-4e3f-99e2-d1787399e407,"In the Absence of Lady Partners, Rönne Takes a Turn With the Dogs",Hjalmar Johansen,1913,450,626,dogs,ok
deep-in-thought__aa32013e.jpg,aa32013e-11e9-4fc8-a9ee-8285b594f081,Deep in Thought,Hjalmar Johansen,1913,792,534,dogs,ok
inside-a-dog-tent__f58fd49f.jpg,f58fd49f-28e9-451b-b1bc-4dbbb97bb669,Inside a Dog-Tent,Hjalmar Johansen,1913,700,576,dogs,ok
happy-hallowe-en__4a44d282.jpg,4a44d282-b59d-410a-964c-90dfb9fa69ac,Happy Hallowe'en,,1909,2332,1500,dogs,ok
atalanta__b74fa923.jpg,b74fa923-5696-4a14-830e-0e2688a5caf4,Atalanta,Aubrey Beardsley,1896,1808,3262,dog,ok
marie-h-eg-and-ingeborg-berg-in-a-rowing-boat__9abe6c78.jpg,9abe6c78-0f75-4df2-af93-a8eb4bc1afc0,Marie Høeg and Ingeborg Berg in a rowing boat,,ca. 1895–1903,4632,3122,dog,ok
composite-photograph-marie-h-eg-sitting-on-a-swing__e9d23098.jpg,e9d23098-5f03-467d-94af-0bff56c51fdc,"Composite photograph, Marie Høeg sitting on a swing",,ca. 1895–1903,3028,4579,dog,ok
marie-h-eg-and-her-dog-tuss__a9f92bf9.jpg,a9f92bf9-df12-4ed8-a3ed-5f5e2bc7b4a0,Marie Høeg and her dog Tuss,,ca. 1895–1903,1140,1729,dog,ok
making-the-kite__1cd84b60.jpg,1cd84b60-2aaf-4ae9-959c-0f060def0533,Making the Kite,William F. Cogswell; Louis Kurz,1869,6012,7436,cats,ok
on-the-rooftops__e5510d32.jpg,e5510d32-e840-465c-b097-e24b86011aef,On the Rooftops,Henri Rivière,1888–1902,2924,2448,cats,ok
puss-in-boots-costume-worn-by-heinrich-lang__8d2529c4.jpg,8d2529c4-77bc-4bcd-9abe-3f652a12392a,Puss in Boots costume worn by Heinrich Lang,Joseph Albert,1862,1547,2000,cats,ok
puss-in-boots-and-other-costumes-worn-by-heinrich-eduard-and__437f6aff.jpg,437f6aff-15d0-4180-ba50-a99015cbae1c,"Puss in Boots and other costumes worn by Heinrich, Eduard, and Clara Lang",Joseph Albert,1862,2000,1537,cats,ok
the-invention-of-drawing__016e0ed2.jpg,016e0ed2-e1e3-438f-8136-99d0cd775687,The Invention of Drawing,Johann Erdmann Hummel,ca. 1834,2632,2332,cats,ok
untitled__30b10a59.jpg,30b10a59-5ae8-4d2e-b215-2a4147df0627,,,19th Century,6514,4330,cats,ok
untitled__f49bf10c.jpg,f49bf10c-255b-47d7-b867-6544235ce0e5,,,19th Century,6514,4330,cats,ok
untitled__868746c7.jpg,868746c7-1172-4ff5-b392-3a171fa198a1,,,19th Century,6514,4330,cats,ok
untitled__b8d14245.jpg,b8d14245-a0e4-4b48-8c05-28632611706d,,,19th Century,6514,4330,cats,ok
untitled__448400ce.jpg,448400ce-2279-4fb6-aa31-ca2b2bdfc143,,,19th Century,6514,4330,cats,ok
untitled__2fe34cc7.jpg,2fe34cc7-c24d-4f6f-95ce-0cc9e0a30895,,,19th Century,6514,4330,cats,ok
untitled__f51bf898.jpg,f51bf898-81a8-4792-b427-98296cbd4888,,,19th Century,6514,4330,cats,ok
untitled__bd8ef2f0.jpg,bd8ef2f0-d463-493e-a57e-41fc95423d39,,,19th Century,6514,4330,cats,ok
untitled__f6f32747.jpg,f6f32747-6709-415c-8e5d-fe227cfaa39d,,,19th Century,6514,4330,cats,ok
untitled__08bbae10.jpg,08bbae10-db3b-47d9-ac20-3e14a13ff36a,,,19th Century,6514,4330,cats,ok
untitled__47221e9c.jpg,47221e9c-1170-48ab-bdb9-f6204f3b7fa3,,,19th Century,6514,4330,cats,ok
cat-gouache-in-gothic-style__8b9ee267.jpg,8b9ee267-4882-40e8-a4ab-e5f353bfe90d,Cat gouache in “gothic” style,Louis Wain,ca. 1925–1939,2774,4004,cats,ok
cat-gouache-in-early-greek-style__2833dd61.jpg,2833dd61-c12b-43d9-b8a8-d7c0104832cc,Cat gouache in “early Greek” style,Louis Wain,ca. 1925–1939,2740,3965,cats,ok
cat__42ceda7e.jpg,42ceda7e-0991-497f-be31-7a12aa10be6d,Cat,Henri van der Stok,ca. 1926,1500,1147,cats,ok
untitled__49b11f79.jpg,49b11f79-4b68-45fb-962d-3f431be58858,,Wanda Gág,1928,1200,825,cats,ok
untitled__57198a3c.jpg,57198a3c-83f4-4500-811d-5bd3e2e509cf,,Wanda Gág,1928,1200,860,cats,ok
untitled__821dcb95.jpeg,821dcb95-5e94-4f3a-ae64-ec9546f07365,,Wanda Gág,,2565,1860,cats,ok
untitled__dd6f228a.jpg,dd6f228a-8d0b-4683-a95e-31210f640736,,Wanda Gág,1928,1200,879,cats,ok
cat__d9543df1.jpg,d9543df1-2438-4223-9c1f-0f50dd55565c,Cat,Anonymous,ca. 1800–1833,970,1200,cats,ok
the-cat__a15bd4fb.jpg,a15bd4fb-f5ce-41df-b270-27245ce3db83,The Cat,Charles H. Bennett,1856,988,1113,cats,ok
untitled__a7386a38.jpg,a7386a38-e137-40c7-8b73-79e63c5ecfcd,,Madame B,ca. 1870s,2980,2084,cats,ok
white-fox__d67f1fb6.jpeg,d67f1fb6-e6c6-4eaa-a4f8-6f55e46e33cd,White Fox,Sergei Prokudin-Gorsky,ca. 1910,800,795,cats,ok
advertisement-for-chiozza-e-turchi-soap-makers__3498b94c.jpg,3498b94c-415c-41d6-a523-ecf79ff40fca,Advertisement for Chiozza e Turchi Soap Makers,,1899,802,1400,cats,ok
louise-jakie-june-1-1898__57ba9912.jpg,57ba9912-7f14-40f5-bd02-cda28e6328d3,"“Louise & Jakie, June 1, 1898.”",Theresa Babb,1898,1449,1400,cats,ok
theresa-and-black-beauty-the-cat-july-2-1898__94301aa5.jpg,94301aa5-2c75-4664-bfcb-eb6ea8ece74c,"Theresa and “Black Beauty” the cat, July 2 1898",Theresa Babb,1898,1229,1400,cats,ok
the-convalescent__364c5cfc.jpg,364c5cfc-01eb-4be7-8522-6bb913e9d7ea,The Convalescent,Myles Birket Foster; C. Cousen,ca. 1877,1400,967,cats,ok
procession-to-the-torinomachi-festival-in-the-rice-fields-of__8298326e.jpg,8298326e-4d69-4089-8980-05e5204369cf,Procession to the Torinomachi Festival in the Rice Fields of Asakusa,Utagawa Hiroshige,1857,683,1000,cats,ok
the-revd-doctor-syntax__f2cd9341.jpg,f2cd9341-39f2-4da5-a199-d5f13b783224,The Revd Doctor Syntax,Thomas Rowlandson,1813,659,1125,cats,ok
these-people-were-all-made-of-china__ce810b07.jpg,ce810b07-804e-4af0-8ac5-40a5b9443f9f,"""These People Were All Made of China.""",W. W. Denslow,1900,894,1200,cats,ok
big-cat__2630112d.jpg,2630112d-f70c-4c90-af24-ae3190d95362,Big Cat,D. A. Rovinskii,1881,845,1024,cats,ok
cat__b333071b.jpg,b333071b-8f79-4f60-940f-15db861e6e5e,Cat,D. A. Rovinskii,1881,827,1024,cats,ok
monkey-music-teacher__d2b13b02.jpg,d2b13b02-d255-4087-a0fb-6fb5f79c6575,Monkey Music Teacher [?],D. A. Rovinskii,1881,1024,895,cats,ok
the-mice-are-burying-the-cat__d4a0f0cf.jpg,d4a0f0cf-49d3-4afc-afc5-61f41c23e780,The Mice Are Burying the Cat,D. A. Rovinskii,1881,1024,633,cats,ok
the-black-cat__34e62439.jpg,34e62439-1a2d-4060-8c5e-b3be46e44e0e,The Black Cat,Aubrey Beardsley,1901,773,1200,cats,ok
la-m-re-michel__3cb1a213.jpg,3cb1a213-82c8-4345-bd76-3ffb624fdd9a,La Mère Michel,Charles-Marie Widor,1910,799,746,cats,ok
ode-on-the-death-of-a-favourite-cat__501adaf2.jpeg,501adaf2-c2b8-472d-8273-15388e061526,"""Ode on the Death of a Favourite Cat""",William Blake,ca. 1797,780,1024,cats,ok
upon-a-little-girl-s-playing-with-a-painted-baby__6725a5ce.jpg,6725a5ce-8535-412d-ae41-3819e6dfd0d1,Upon a Little Girl's Playing With a Painted Baby,,ca. 18th century,750,585,cats,ok
william-a-donan-a-26-year-old-sergeant-wounded-on-june-3rd-1__421c4361.jpg,421c4361-9b85-4f24-a8df-7d34abd618ec,"William A Donan , a 26-year-old sergeant, wounded on June 3rd, 1864, at the battle of Coal Harbor",Reed Bontecou,1865,661,800,cats,ok
untitled__04882894.jpg,04882894-77b9-41f8-a422-fec49ed11aa0,,Anne Wagner,1795-1834,1000,645,cats,ok
steam-concert__2e7bdf92.jpg,2e7bdf92-5318-4bf2-a292-8a5b81008baf,Steam Concert,J. J. Grandville,1844,730,1024,cats,ok
temple-of-music__40bb7bcf.jpg,40bb7bcf-b60c-46eb-ada1-03bf323fdcfa,Temple of Music,Robert Fludd,1617,753,1024,cats,ok
the-stereograph-as-an-educator__d1ce5e0c.jpg,d1ce5e0c-df8f-4c3f-a33d-6cb75d582e33,The Stereograph as an Educator,Underwood & Underwood,1901,800,399,cats,ok
plants-a-rat-a-cat-and-a-human-corpse__aafccf64.jpg,aafccf64-3ed1-4926-ab9b-2bbea5af94eb,"Plants, a rat, a cat, and a human corpse.",,ca. 1440,570,845,cats,ok
untitled__6f723be3.jpg,6f723be3-6adc-43df-bc75-70766692a428,,Issachar Ber Ryback,1922,950,656,cats,ok
untitled__6f3895e7.jpg,6f3895e7-38c3-4e44-9604-97dd3dbb0842,,Arent van Bolten,ca. 1610,850,612,cats,ok
untitled__e1993724.jpg,e1993724-d258-4a36-a669-300263a17b24,,,,452,360,cats,ok
hallowe-en__1436e868.jpg,1436e868-5206-441d-82dd-c4dd592ebc58,Hallowe'en,,ca. 1910,3972,6369,"bats,cats",ok
hallowe-en__305ee578.jpg,305ee578-56b3-4001-abb0-924384566606,Hallowe'en,,ca. 1908,1920,1212,"bats,cats",ok
happy-hallowe-en-is-this-your-pussy__443ddff8.jpg,443ddff8-d73d-4a12-a5d6-971d413c8818,Happy Hallowe'en: Is This Your Pussy,,ca. 1909,1231,1920,cats,ok
a-merry-hallowe-en__6b1faddb.jpg,6b1faddb-bdb6-4de3-a046-5685f7a9cde1,A Merry Hallowe'en,Ellen H. Clapsaddle,1909,2312,1500,cats,ok
hallowe-en-greetings__657bb713.jpg,657bb713-e32e-4581-8243-dca7c0175f31,Hallowe'en Greetings,,1928,2351,1500,cats,ok
hallowe-en__7fe76c60.jpg,7fe76c60-f219-4295-a51f-6d34f2109bc8,Hallowe'en,Bernhardt Wall,1903,951,1500,cats,ok
halloween__7e5bab10.jpg,7e5bab10-3786-4729-abc4-163ebad78ff4,Halloween,,ca. 1910,1240,1920,cats,ok
hallowe-en__7a086a2f.jpg,7a086a2f-4724-469f-955b-ed1350a319bc,Hallowe'en,,ca. 1908,1679,1066,cats,ok
jolly-hallowe-en__9e4f004b.jpg,9e4f004b-48ff-4159-bdcd-9b9d7d423e75,Jolly Hallowe'en,,ca. 1910,760,488,cats,ok
untitled__9487e498.jpg,9487e498-3be4-477e-bfd5-97c02d67c9b2,,,ca. 1913,1688,1118,cats,ok
may-luck-and-love-meet-you-on-all-hallowe-en__0ad537d7.jpg,0ad537d7-0d8b-4e97-aa4d-bef51b792d52,May Luck and Love Meet you on All Hallowe'en,,ca. 1912,1229,1920,"bats,cats",ok
hallowe-en__d2907d3d.jpg,d2907d3d-2206-46d6-b21c-46ab0182aa1d,Hallowe'en,,1910,760,496,cats,ok
jolly-halloween__d01786cf.jpg,d01786cf-47e3-4816-9288-8306b7bac218,Jolly Halloween,,1907,949,1500,cats,ok
hallowe-en-greetings__df25358d.jpg,df25358d-0a35-4225-8392-806e07730d1c,Hallowe'en Greetings,,1913,2346,1500,cats,ok
hallowe-en-greeting__d0394f23.jpg,d0394f23-ab27-42d4-ae34-d13bbe75e98c,Hallowe'en greeting,,1912,932,1500,cats,ok
she-threw-her-arms-around-the-neck-of-bonne-biche__d4531b4e.jpg,d4531b4e-61fc-49e7-99ac-de33ed334936,She threw her arms around the neck of Bonne-Biche,Virginia Frances Sterrett,1920,620,824,"cats,deer",ok
adam-and-eve__2be6cd73.jpg,2be6cd73-c084-438b-8443-6f27ed1e9486,Adam and Eve,Johann Theodor de Bry,1590,2028,2580,lions,ok
depiction-of-a-celestial-apparition-with-rain-of-blood-and-a__70e9f25a.jpeg,70e9f25a-4f50-4a2e-a7ea-233edbb39743,Depiction of a celestial apparition with rain of blood and a heraldic eagle missing part of its lower body.,,1550,4832,6475,lions,ok
the-lion-was-showing-his-teeth-but-the-chimera-had-longer-cl__fe9cd9f3.jpeg,fe9cd9f3-1d4a-4263-9f67-5bb63bad2728,"The Lion Was Showing His Teeth, but the Chimera Had Longer Claws",Jean de Bosschère,1921,1766,2480,lions,ok
september__295372e8.jpeg,295372e8-ce0d-4dc3-9791-bd399dc8d3c3,September,Elias Holl,ca. 1635–50,911,1024,lions,ok
january__916cb1d3.jpeg,916cb1d3-6b97-4571-a284-52415c87abcc,January,Elias Holl; II,ca. 1635–50,917,1024,lions,ok
may__d2f66ecd.jpeg,d2f66ecd-72aa-46ee-85e7-05189c572cf8,May,Elias Holl,ca. 1635–50,924,1024,lions,ok
blackwork-print-of-jewellery-design-with-lion-s-head__e3a569c7.jpg,e3a569c7-f090-47a2-be5e-c23a1f1a12b2,Blackwork print of jewellery design with lion's head,Jean Toutin,1619,2799,3538,lions,ok
poliphilo-surrounded-by-remains-of-classical-antiquity__6e7cde61.jpeg,6e7cde61-6360-41b2-929e-19e88015023e,Poliphilo surrounded by remains of classical antiquity,,1499,1616,1320,lions,ok
untitled__67167381.jpeg,67167381-5fbd-4e9d-a523-a999f1abc058,,Philipp Hainhofer,1596–1633,1594,1099,lions,ok
beginning-exaltation__64c3e9e0.jpg,64c3e9e0-d281-4084-ba33-b2826805432d,Beginning: Exaltation,Raphael Custos,1615,1583,1872,lions,ok
sun-of-justice__a2286a86.jpg,a2286a86-8f25-43b1-9271-fc2d982ec643,Sun of Justice,Albrecht Dürer (after),1566,696,1000,lions,ok
the-soldier-with-the-green-whiskers-led-them-through-the-str__33c739a9.jpg,33c739a9-3a54-4d88-b7ae-7a02c6ee5791,"""The Soldier With the Green Whiskers Led Them Through the Streets.""",W. W. Denslow,1900,888,1200,lions,ok
you-must-give-me-the-golden-cap__6a290b8d.jpg,6a290b8d-9dac-43e1-a9e3-229045429b4e,"""You Must Give Me the Golden Cap""",W. W. Denslow,1900,886,1200,lions,ok
the-monkeys-wound-many-coils-about-his-body__7dbd5ccc.jpg,7dbd5ccc-344d-449a-bd89-ddd17c191695,“The Monkeys Wound Many Coils About His Body.”,W. W. Denslow,1900,914,1200,"lions,monkeys",ok
untitled__8f7350ed.jpg,8f7350ed-707f-4c63-8fd8-81e1d4ec159e,,W. W. Denslow,1900,904,1200,lions,ok
the-wonderful-wizard-of-oz__03409a0c.jpg,03409a0c-aa38-4741-b250-db965a8901d1,The Wonderful Wizard of Oz,W. W. Denslow,1900,968,1200,lions,ok
i-feel-wise-indeed-said-the-scarecrow__dce55bbc.jpg,dce55bbc-88fc-4837-8bc6-a095554e5e40,"""'I Feel Wise, Indeed,' Said the Scarecrow.""",W. W. Denslow,1900,891,1200,lions,ok
leo-major-and-the-leo-minor__df4e43ff.jpg,df4e43ff-6607-46b1-9cbb-5f1f0d9e4c98,Leo Major and the Leo Minor,Sidney Hall,ca. 1825,834,1200,lions,ok
lynx-and-telescopium-herschilii__39b9f22c.jpg,39b9f22c-0b74-4189-9a48-a6c7c44d2cbc,Lynx and Telescopium Herschilii,Sidney Hall,1824-5,1200,828,lions,ok
leo-major-and-leo-minor__82b6bfaf.jpg,82b6bfaf-1b20-484a-b06a-2e6839a879cf,Leo Major and Leo Minor,Sidney Hall,1824-5,834,1200,lions,ok
and-there-was-darkness__0e8f9cfa.jpg,0e8f9cfa-dfc4-4aab-a3e3-5f2d6396fa55,And there was darkness,Anonymous,ca. 1725,947,1200,lions,ok
untitled__123e1817.jpeg,123e1817-b7e6-4982-a607-6f06417bb4e2,,,1921,903,558,lions,ok
grids-for-a-perfect-elephant__fa3d8861.jpg,fa3d8861-cc08-441a-b093-4be18ae848ec,Grids for a Perfect Elephant,,1643,660,1024,"elephants,lions",ok
asmodeus__25ae3c08.jpg,25ae3c08-d6b4-4817-ad32-c61c952d6e36,Asmodeus,Louis le Breton,1863,720,800,"goats,lions",ok
and-there-was-darkness__8a62186b.jpg,8a62186b-308f-41dd-83f1-c97fbaeab773,And there was darkness,,ca. 1725,631,800,lions,ok
battle__83d5d661.jpg,83d5d661-8e70-47cb-9e3a-92bc97dcdc5d,Battle,Claudine Bouzonnet-Stella; Jacques Stella,1657,800,612,lions,ok
untitled__e738e535.jpg,e738e535-3b6c-4b69-9057-e93431fce931,,,ca. 1775,620,786,"goats,lions",ok
figures-trapped-in-a-shell-like-ornament-with-a-man-and-woma__7ba18bf2.jpg,7ba18bf2-6f2a-45ec-9d56-f9ff1a59233d,Figures Trapped in a Shell-Like Ornament With a Man and Woman Clamped in Shells,Cornelis Floris II; Hieronymus Cock,1556,800,1159,lions,ok
untitled__4ed175e1.jpg,4ed175e1-7eb6-4d38-8067-84454ecc53ba,,Master of San Miniato,15th century,600,822,lions,ok
untitled__a74ee979.jpg,a74ee979-f14d-4395-a47e-1c63c4e7e38c,,,ca. 1495,638,640,lions,ok
the-lion-s-head-at-button-s-coffee-house__fd6757ba.jpeg,fd6757ba-f601-4bab-96a8-fb8136ad8541,The Lion’s Head at Button’s Coffee-House,,1922,2096,2728,lions,ok
untitled__313c53f9.jpg,313c53f9-3c90-4f49-9b4e-324cdef882d3,,,1882,438,278,lions,ok
untitled__246eafb6.jpg,246eafb6-a77e-41a0-ab40-cdd2a0970c5c,,Charles Mavelot,1695,800,564,lions,ok
untitled__30778c6e.jpg,30778c6e-9e20-40c8-a4ea-c432c89927fb,,Charles Mavelot,1695,800,564,lions,ok
untitled__4fd2e50a.jpg,4fd2e50a-3cfd-4be5-bc96-166ad9416d48,,Charles Mavelot,1695,800,564,lions,ok
untitled__9144e05b.jpg,9144e05b-e38a-45a6-9805-10ccb2c9f610,,Charles Mavelot,1695,800,564,lions,ok
untitled__eac9dcd2.jpg,eac9dcd2-1be2-4d8a-9fc1-89e27d1cea31,,Charles Mavelot,1695,800,564,lions,ok
the-lion__e8a01962.jpg,e8a01962-6b13-4bc9-9be3-5d55729bc39f,The Lion,John Flamsteed,1795,850,680,lions,ok
untitled__921ff85b.jpg,921ff85b-0127-439d-aa4e-21172e3e6e43,,Katsushika Hokusai,1836,3236,2260,tigers,ok
toy-tigers-are-popular-during-the-boy-s-festival-because-of-__64312db0.jpg,64312db0-4891-461c-b644-777d19fd7c59,"Toy tigers are popular during the Boy’s Festival because of their association with a famous military hero who vanquished a tiger in Korea. (Volume 3, pg. 23)",,1911,1400,1026,tigers,ok
chapter-vii-the-journey-to-the-great-oz__ec455d99.jpg,ec455d99-8a8d-44eb-943b-500740a40893,Chapter VII. The Journey to The Great Oz,W. W. Denslow,1900,905,1200,tigers,ok
tigerlillia-terribilis__30b29769.jpg,30b29769-669a-4728-874f-d8c4138a6352,"Tigerlillia  
Terribilis",Edward Lear,1888,508,800,tigers,ok
firing__2cba78e5.jpg,2cba78e5-3657-4350-9a68-ec76c927ddf0,Firing,,1902,820,577,tigers,ok
sitting-down-on-a-small-mound__45e87239.jpg,45e87239-2cf6-4f82-964a-1e950d11811b,Sitting Down on a Small Mound,,1902,820,601,tigers,ok
tiger-tumbling-over-the-pogah__40e0385e.jpg,40e0385e-87f9-4d36-a073-c4a2f6a1385b,Tiger Tumbling Over the Pogah,,1902,820,578,tigers,ok
tiger-on-the-top-of-me__5e085680.jpg,5e085680-5fea-42ac-a4bb-ccbaf86a5809,Tiger on the Top of Me,,1902,820,587,tigers,ok
giving-instructions-to-bring-in-the-tiger__992b84cd.jpg,992b84cd-15ef-478a-b9bc-52cef367a795,Giving Instructions to Bring in the Tiger,,1902,820,588,tigers,ok
tiger-mauling-my-left-shoulder__04b31a5f.jpg,04b31a5f-a53a-4b3f-889c-b91f2ba7a623,Tiger Mauling My Left Shoulder,,1902,820,583,tigers,ok
priming-the-nipples__082d549f.jpg,082d549f-3c9d-436a-b466-92ebae16119b,Priming the Nipples,,1902,820,598,tigers,ok
both-caps-missed-fire__0cba085a.jpg,0cba085a-7dab-49d5-ae88-90dda2fec699,Both Caps Missed Fire,,1902,820,590,tigers,ok
native-with-a-bowl-of-water__aec04c6f.jpg,aec04c6f-1598-45a4-b172-0b07c606887d,Native With a Bowl of Water,,1902,820,588,tigers,ok
bringing-in-the-tiger__bbac3bdc.jpg,bbac3bdc-b022-4af0-bc4a-77822e96a01a,Bringing in the Tiger,,1902,820,611,tigers,ok
will-you-shoot-a-tiger__ba1a4dc2.jpg,ba1a4dc2-7f02-4916-9f78-d0c5079cf9bc,Will You Shoot a Tiger?,,1902,820,589,tigers,ok
going-up-again__fb24e9b1.jpg,fb24e9b1-220d-4f61-8947-1cdf1fd63b03,Going Up Again,,1902,820,600,tigers,ok
untitled__1e303a58.jpeg,1e303a58-35a3-4d13-b9b4-03ea36fbf989,,,1902,1586,2225,"goats,tigers",ok
cover-art-for-a-1903-issue-of-puck__0e1261b3.jpg,0e1261b3-7e9e-473b-9310-55d669a7da3c,Cover art for a 1903 issue of *Puck*,Udo Keppler,1903,1249,1400,bears,ok
illustration-from-brownies-and-roseleaves__05465adb.jpg,05465adb-6b22-4e1b-a28c-86c82efc34ae,Illustration from “Brownies and Roseleaves”,Roma White,1892,1006,1400,bears,ok
russia__f6b5c0d3.jpg,f6b5c0d3-eb86-4011-8c5d-60b7b134772a,Russia,,1868,665,803,bears,ok
nane-qagyuhl-man-dressed-in-a-full-body-bear-costume__2f3499da.jpg,2f3499da-2a4f-4c20-90d1-9462a940aa54,"Nane, Qagyuhl — Man dressed in a full-body bear costume.",Edward Curtis,ca. 1914,481,640,bears,ok
the-fart-and-mouth-game__6e5f7b8b.jpg,6e5f7b8b-ac2f-4604-aec3-5c681bf9721d,The Fart and Mouth Game,Claudine Bouzonnet-Stella; Jacques Stella,1657,800,601,bears,ok
untitled__a9927b4f.jpg,a9927b4f-e512-47d2-8fea-91295b716492,,Master of San Miniato,15th century,600,778,bears,ok
untitled__466a67df.jpg,466a67df-3412-4dc5-962b-c616459b7777,,Charles Mavelot,1695,800,564,bears,ok
trial-of-a-sow-and-pigs-at-lavegny__560d09b3.jpg,560d09b3-1cb9-49c7-9519-7361eb541af7,Trial of a Sow and Pigs at Lavegny,,1863,772,555,bears,ok
take-your-seats-gentleman-matters-become-serious__4b54cb43.jpeg,4b54cb43-2402-474c-9962-f4b3e3318a50,“Take Your Seats Gentleman” / Matters Become Serious,,1881,1916,1404,elephants,ok
publisher-s-binding-for-frances-trego-montgomery-s-i-on-a-la__08c01435.jpeg,08c01435-ed6f-4a49-91b5-307dca57b95b,"Publisher’s binding for Frances Trego Montgomery’s <i>On a Lark to the Planets</i> (1904), the sequel to <i>The Wonderful Electric Elephant</i>.",,1904,548,680,elephants,ok
the-colossal-elephant-of-coney-island__cc3ee3de.jpeg,cc3ee3de-0ad9-4201-b67f-aa22f40c73c3,The Colossal Elephant of Coney Island,,1885,1468,1600,elephants,ok
lucy-the-elephant__c2bcfbe6.jpg,c2bcfbe6-e8d1-4b37-84d6-4d164ab0757b,Lucy the Elephant,,after 1933,1400,997,elephants,ok
great-jumbo-s-skeleton__ebb6715b.jpg,ebb6715b-bc2e-470e-83cf-3da20749c88a,Great Jumbo’s Skeleton,,ca. 1885–90,1024,783,elephants,ok
grids-for-a-horse-s-head__77de06ec.jpg,77de06ec-67a0-428b-8573-b208aead0a1c,Grids for a Horse's Head,,1643,718,343,elephants,ok
matchless-for-the-complexion-pears-soap-advertisement__f72fb10b.jpg,f72fb10b-b131-4f85-a2e5-cc8d21183e37,"“Matchless for the Complexion”, Pears’ Soap Advertisement",,1880s,1055,1600,elephants,ok
untitled__755b3052.jpg,755b3052-b8e6-42b5-8003-a3186561f6bc,,,1894–1920,1050,826,elephants,ok
battle-between-monkey-and-rat__f503ab7b.jpg,f503ab7b-4060-4f96-81a9-c8836095bc92,Battle Between Monkey and Rat,Christoph Jamnitzer,1610,1500,1201,"monkeys,rats",ok
facsimile-of-the-codex-r-os-ca-after-1566__c5bf2271.jpg,c5bf2271-eca7-4f5f-9c64-a1e304646874,"Facsimile of the Codex Ríos, ca. after 1566",Agostino Aglio,1831–48,3386,3073,monkeys,ok
the-standing-monkey__4df92516.jpg,4df92516-8a36-4527-a882-16b7252810a2,The Standing Monkey,François Desprez,1562,2976,4918,monkeys,ok
beef__302fb8c8.jpg,302fb8c8-f058-42dc-8206-e240fd2d86c1,Beef,Charles H. Bennett,1856,1018,1128,monkeys,ok
a-young-monkey__d85cacc6.jpg,d85cacc6-93fa-4bf1-af08-f650d7ea54dd,A Young Monkey,Charles H. Bennett,1856,1037,1154,monkeys,ok
untitled__56ef8a6d.jpg,56ef8a6d-08e8-4512-968f-7f67e4102160,,Katsushika Hokusai,1836,3224,2220,monkeys,ok
napoleon-as-bubble-blower__e63f7569.jpg,e63f7569-a360-4e71-b67c-2c1f0b6723ae,Napoleon as Bubble-Blower,Wijnand Esser,1815,1102,1400,monkeys,ok
volume-10-pg-19__e5892328.jpg,e5892328-a85a-4dcc-ba50-0d6e39d1d4d1,"(Volume 10, pg. 19)",,1924,1400,1140,monkeys,ok
guide-for-constructing-the-letters-c-and-d__a1d26df5.jpg,a1d26df5-4405-452c-baf0-1f5f42eede4a,Guide for Constructing the Letters c and d,Joris Hoefnagel,ca. 1595,858,1200,monkeys,ok
no-more-and-no-less__a591f697.jpg,a591f697-b255-4f1c-bb7f-fb80e7478e9c,No More and No Less,Francisco de Goya,1797–9,680,948,monkeys,ok
bravo__b18dc55d.jpg,b18dc55d-1363-40e5-a6a2-5dcf61cae641,Bravo,Francisco de Goya,1797–9,680,980,monkeys,ok
honor-to-mckinley__ddb49f87.jpg,ddb49f87-c8a9-4d15-82d7-ac0043bbb1b7,Honor to McKinley!,Udo Keppler,1898,1200,649,monkeys,ok
phenakistoscope__4e859e38.gif,4e859e38-9a1e-4d29-b8ab-48266bcbd482,Phenakistoscope,,1833,480,480,monkeys,ok
phenakistoscope__66b57c7a.jpg,66b57c7a-371f-4773-8524-a25f5f6b96a9,Phenakistoscope,,1833,669,661,monkeys,ok
japanese-depictions-of-north-americans__286d207c.jpg,286d207c-f9ee-4357-a0ba-5a7f0f52316b,Japanese Depictions of North Americans,,1860s,566,849,monkeys,ok
detail-from-the-frontispiece-of-i-the-hermit-i__a429091b.jpg,a429091b-4db1-4a17-a81c-d45cc6a77594,Detail from the frontispiece of <i>The Hermit</i>,,1814,591,681,monkeys,ok
untitled__115e43e6.jpg,115e43e6-2ea9-4b49-8028-824fb00ce8cd,,Giambattista della Porta,1586,389,599,monkeys,ok
a-commentary__f277c0bb.jpg,f277c0bb-5e4d-4615-bbb4-926ef1c8d7b1,A Commentary,Charles H. Bennett,1856,1042,1152,apes,ok
man-descending-towards-the-brute__a1a4b402.jpg,a1a4b402-9094-4002-aad8-48ee083f04d6,Man Descending towards the Brute,,1843,799,363,apes,ok
untitled__0ba2f754.jpg,0ba2f754-1337-4bf2-a970-d8325d457e7a,,Arent van Bolten,ca. 1610,850,619,apes,ok
the-fearmaker-furchtmaker-a-bilen-fairy-tale__1c676160.jpg,1c676160-6694-44ee-b25a-4347e1b8f56e,"“The Fearmaker [Furchtmaker]”, a Bilen fairy tale.",Tom Seidmann-Freud,1924,1774,1420,rabbits,ok
the-hare-s-bride-a-fairy-tale-from-buckow-in-mecklenburg__4a522d8b.jpg,4a522d8b-9688-4f0b-bf15-fc333a75ae52,"“The Hare's Bride”, a fairy tale from Buckow in Mecklenburg.",Tom Seidmann-Freud,1924,1774,1420,rabbits,ok
the-hare-who-was-married-a-norwegian-fairy-tale__4af87329.jpg,4af87329-c2eb-44f9-84ef-44440bc8d369,"“The Hare Who Was Married”, a Norwegian fairy tale.",Tom Seidmann-Freud,1924,1774,1420,rabbits,ok
the-hare-and-the-weasel-a-swahili-fairy-tale__5f721b96.jpg,5f721b96-84e6-404e-9087-af77abaa5bc3,"“The Hare and the Weasel”, a Swahili fairy tale.",Tom Seidmann-Freud,1924,1774,1420,rabbits,ok
fable-of-the-hares-and-the-frogs-a-fable-from-aesop__7ec56501.jpg,7ec56501-b0b9-4b4d-8f8b-fddc0f198edb,"“Fable of the Hares and the Frogs”, a fable from Aesop.",Tom Seidmann-Freud,1924,1774,1420,rabbits,ok
untitled__c96c075c.jpg,c96c075c-ba12-43a3-812c-51142871dfef,,Tom Seidmann-Freud,1924,8415,6545,rabbits,ok
the-feint-with-the-moon-a-fable-from-hitopadesa__c67da513.jpg,c67da513-9e14-4729-ad3f-48a30fb0b9ab,"“The Feint with the Moon”, a fable from Hitopadesa.",Tom Seidmann-Freud,1924,1774,1420,rabbits,ok
cottontail-rabbit__0e3c8c05.jpg,0e3c8c05-7596-4d1b-b2bb-d66dcf5742db,Cottontail Rabbit,Gerald H. Thayer,1909,1500,1445,rabbits,ok
volume-10-pg-11__8c059447.jpg,8c059447-20a9-4a5e-bc76-281c1599cf04,"(Volume 10, pg. 11)",,1924,1400,1026,rabbits,ok
middle-conjunction__a9f3b3b6.jpg,a9f3b3b6-a059-4760-a8f4-873c4bcfff4f,Middle: Conjunction,Raphael Custos,1615,1566,2082,rabbits,ok
untitled__27daa483.jpg,27daa483-fe33-41df-937b-301d8e781b6e,,Lewis Carroll,1864,878,1400,rabbits,ok
untitled__3d9eff63.jpg,3d9eff63-5b78-4bad-9bcd-90278c8fafed,,Lewis Carroll,1864,860,1400,rabbits,ok
untitled__08f71320.jpg,08f71320-7e63-4bcb-afc6-40ec2135eec4,,Lewis Carroll,1864,862,1400,rabbits,ok
world-axis-and-rabbit-pencil__8d96bd54.jpg,8d96bd54-e66e-47a6-9864-a00c22d2e744,“World Axis and Rabbit” (Pencil),August Neter,1922,799,658,rabbits,ok
untitled__22b50a24.jpg,22b50a24-4af1-43a0-8758-800917c0f247,,Lewis Carroll,1919,952,665,rabbits,ok
mr-william-bell-scott-wondering-what-it-is-those-fellows-see__97cf5eee.jpg,97cf5eee-994b-4166-aa0a-24c42314da4a,Mr William Bell Scott Wondering What It Is Those Fellows Seem to See in Gabriel,Max Beerbohm,1922,1174,876,"rabbits,wombats",ok
untitled__4d41bf02.jpg,4d41bf02-c7d9-4182-8549-5dafc62e6751,,,ca. 1775,620,810,rabbits,ok
the-rabbit-magician__48d00d11.jpg,48d00d11-61da-4560-81b4-0dc1504fe3e1,The Rabbit Magician,Charels G. Leland,1884,560,591,rabbits,ok
the-honest-ass-and-miller__8e5e5351.jpg,8e5e5351-e7fb-44e9-b91d-a64a12eef52a,The honest ass and miller,,18th century,765,546,rabbits,ok
untitled__4f0ac263.jpg,4f0ac263-df35-4697-a520-e576fe7c327d,,Ernst Schneidler,1919,368,374,rabbits,ok
what-the-boys-did-to-the-cow__9367c337.jpg,9367c337-7103-4906-a7e8-e790445ca9c3,What the Boys did to the Cow,,1908,760,488,rabbits,ok
untitled__5a9840fa.jpg,5a9840fa-0b05-4d86-88d4-9261d4791b85,,Lewis Carroll,1864,1400,866,rats,ok
a-new-device-to-cleave-wild-beasts-from-head-to-tail__cc7ec694.jpg,cc7ec694-7ad0-4426-80a1-5ce7b5381d1c,A new device to cleave wild beasts from Head to Tail.,Filippo Morghen,1776,1919,1418,rats,ok
a-savage-mounted-on-a-winged-serpent-battling-with-a-wild-be__e1745bcb.jpg,e1745bcb-4f13-4992-b764-b77278c304b7,A Savage mounted on a winged Serpent battling with a wild beast resembling a Porcupine.,Filippo Morghen,1776,1893,1407,rats,ok
ball-team-at-irwinville-farms-georgia__34c22e76.jpeg,34c22e76-d5a7-4f9f-81b7-d67be1c8aece,"Ball Team at Irwinville Farms, Georgia",John Vachon,1938,1024,755,bats,ok
colophon-from-em-the-matsuyama-mirror-em__3170ea1d.jpg,3170ea1d-f84d-418f-916a-086c639fd1c0,Colophon from <em>The Matsuyama Mirror</em>,,1911,693,1023,bats,ok
a-way-of-flying__b06f51fc.jpg,b06f51fc-8cef-48d6-9281-54423c81a5ad,A Way of Flying,Francisco de Goya,1797–9,1000,712,bats,ok
kellar__aaebf4e7.jpg,aaebf4e7-83f0-4794-9b24-63bc409ab1f8,Kellar,Strobridge & Co.,1894,799,403,bats,ok
untitled__1d4b3311.jpg,1d4b3311-bf93-483c-b821-2132ab517cb1,,,ca. 1880,433,640,bats,ok
untitled__210d02b5.jpg,210d02b5-f9e3-4e91-b0aa-876d3bb6c274,,,ca. 1880,441,640,bats,ok
untitled__35a92367.jpg,35a92367-0385-461c-92c5-6cf51e1029d3,,,ca. 1880,435,639,bats,ok
untitled__3fb0b895.jpg,3fb0b895-0222-4c15-abf2-5be656e50921,,,ca. 1880,433,640,bats,ok
untitled__3e077dec.jpg,3e077dec-87d7-4c43-8533-061eb1859c5a,,,ca. 1880,434,640,bats,ok
untitled__44a35a2f.jpg,44a35a2f-9106-436a-aa66-d89d1751b685,,,ca. 1880,431,640,bats,ok
untitled__792896b6.jpg,792896b6-f3eb-421e-909b-f9bac932321e,,,ca. 1880,430,640,bats,ok
untitled__7c807ba1.jpg,7c807ba1-4b93-4ac8-969e-ab537446f7b1,,,ca. 1880,423,640,bats,ok
untitled__7cca913c.jpg,7cca913c-1a02-40ee-8c93-730bbf11ae62,,,ca. 1880,437,640,bats,ok
untitled__7a6b9feb.jpg,7a6b9feb-6ba0-4be7-9070-db21774c114f,,,ca. 1880,442,640,bats,ok
untitled__0505bc45.jpg,0505bc45-d1dd-43e8-b587-0f3995479330,,,ca. 1880,440,640,bats,ok
untitled__0ee3b51e.jpg,0ee3b51e-ab10-49f2-bcfe-b97b01065feb,,,ca. 1880,429,639,bats,ok
untitled__01037f13.jpg,01037f13-7d8e-48b9-ab87-174b4c7590bc,,,ca. 1880,431,640,bats,ok
untitled__ae67cdb9.jpg,ae67cdb9-f36a-4aec-a68f-16985936c451,,,ca. 1880,422,640,bats,ok
untitled__b9f8288d.jpg,b9f8288d-6a5c-4bf7-a828-ebd8d9abcc47,,,ca. 1880,435,639,bats,ok
untitled__b15bde04.jpg,b15bde04-f411-4d41-9e95-d9d0507597a4,,,ca. 1880,440,639,bats,ok
untitled__c7098662.jpg,c7098662-b183-4220-8d26-bdfb31973587,,,ca. 1880,431,640,bats,ok
untitled__ed07d70a.jpg,ed07d70a-d62f-478b-9466-47b0a0e0a67c,,,ca. 1880,435,639,bats,ok
untitled__eb5fd96f.jpg,eb5fd96f-8506-45d4-a13e-ce571e8221f6,,,ca. 1880,440,640,bats,ok
on-hallowe-en__235bc0b1.jpg,235bc0b1-7c2e-4aa3-b693-14a319708339,On Hallowe'en,,ca. 1910,760,492,bats,ok
all-hallowe-en-greetings__33cc9da1.jpg,33cc9da1-372e-4a16-9cfe-5c7beda4771a,All Hallowe'en Greetings,,1908,760,489,bats,ok
all-hallowe-en-greetings__0cda6251.jpg,0cda6251-6469-44d2-82cc-3976a07339f4,All Hallowe'en Greetings,,1908,760,489,bats,ok
blemmyes-and-other-monsters__49ad4a35.jpg,49ad4a35-7735-4d4a-a72c-264b22fcb80d,Blemmyes and other “monsters”,,ca. 1277 or after,2321,3080,deer,ok
untitled__39fc2aaf.jpg,39fc2aaf-853d-45e0-97a8-1681e7a82bb5,,Thomas Smillie,1890–1913,2047,1688,deer,ok
a-woman-riding-a-deer-leads-a-procession__6726e883.jpg,6726e883-43db-4db1-b680-97adc8f8e4d8,A Woman Riding a Deer Leads a Procession,Cornelis Floris II; Hieronymus Cock,ca. 1550,1000,320,deer,ok
untitled__3eef509f.jpg,3eef509f-1340-4b35-b0e9-070d76f9e23c,,Master of San Miniato,15th century,600,790,deer,ok
the-descent__a232ea04.jpg,a232ea04-de62-4796-81d4-c8e3bb69f4db,The descent.,Adrien Marie,1871,1641,1077,sheep,ok
sheep-wholesome-to-the-eye-and-wholesome-to-the-stomach__45d9081f.jpg,45d9081f-251c-431c-a4b9-83762d3efd43,Sheep—Wholesome to the Eye and Wholesome to the Stomach,,1896,2431,2393,sheep,ok
untitled__d6641a6f.jpeg,d6641a6f-f8ff-4901-9976-ec932db28936,,Raffaele Mainella,1907,4516,6209,sheep,ok
untitled__e1956d98.jpeg,e1956d98-0b98-4314-a370-188fd5a6459a,,Raffaele Mainella,1907,4363,3020,sheep,ok
bazaar-in-bethlehem__12721a78.jpg,12721a78-833c-4a06-81d9-f8532ba780cb,Bazaar in Bethlehem,,ca. 1906,5868,3071,"livestock,sheep",ok
washing-sheep-in-the-ein-farah-spring__80c4b6f5.jpg,80c4b6f5-8e17-48e9-801d-e0d3b01d7834,Washing sheep in the Ein Farah spring,,ca. 1910,5754,4241,sheep,ok
shepherds-at-night__f52cc942.jpg,f52cc942-ddbb-49c8-8165-b9703424383e,Shepherds at night,,ca. 1910,5735,4197,sheep,ok
landscape-with-cattle__a8fbdebf.jpg,a8fbdebf-9fb1-4834-a7da-8f16ea3bda93,Landscape with Cattle,Maria Catharina Prestel; Georg Wagner,1783,2836,2384,"livestock,sheep",ok
bull-in-handstand__91083384.jpg,91083384-4ccf-4c6e-a6e4-efb9a4b59964,Bull in Handstand,Jean Toutin,1619,933,1200,"goats,sheep",ok
the-pastorals-of-virgil__7626005f.jpeg,7626005f-f243-4a6d-a96c-75e4965830e3,The Pastorals of Virgil,William Blake,1821,4865,3521,sheep,ok
untitled__61972a81.jpeg,61972a81-f627-4633-a3ff-f7ac36296db5,,,1921,904,556,sheep,ok
untitled__0c4479fa.jpg,0c4479fa-2b19-49c6-9552-81bb797de23e,,Giovanni Battista Bracelli,1624,1000,754,sheep,ok
fore-edge-for-a-copy-of-select-british-poets-vol-i-the-poeti__ed3b1d55.jpg,ed3b1d55-7964-4ff2-96d5-f4a436eac050,"Fore-edge for a copy of *Select British Poets. Vol. I, The Poetical Works of John Milton*",,1825,1024,360,sheep,ok
the-bishop__f2ea1049.jpg,f2ea1049-bb1b-49c6-9a8f-7a908bc3fdc8,The Bishop,Hans Holbein,1523–5,550,733,sheep,ok
asarum-europaeum__a3b1035b.jpg,a3b1035b-bacd-41c5-bdb9-545872c987c4,Asarum europaeum,Gherardo Cibo,,600,821,sheep,ok
plantago-maior__a85cda78.jpg,a85cda78-1194-4266-b368-74d5e2c4356e,Plantago maior,Gherardo Cibo,,600,827,sheep,ok
the-monster-that-appeared-by-chance-to-st-anthony__b03e79d4.jpg,b03e79d4-86a3-4cda-be7e-31acd94ca3ba,The monster that appeared by chance to St. Anthony,,1559,2601,2987,goats,ok
untitled__98ce427b.jpg,98ce427b-60d4-439a-afe2-4def1752c609,,,1926,2262,3333,goats,ok
untitled__098c32a2.jpg,098c32a2-7f51-428a-8ff4-45e294e71a5d,,,1928,3000,2177,goats,ok
untitled__a064e529.jpg,a064e529-f18d-4c1b-9bcc-f6e4a58ca534,,,1928,3000,2100,goats,ok
untitled__ab5e7e11.jpg,ab5e7e11-3c05-4f43-b5c8-fbc7e0700001,,,1928,3000,2147,goats,ok
untitled__b5d9e77c.jpg,b5d9e77c-95ff-4e81-9d21-cc03eb59b17d,,,1928,3000,2083,goats,ok
untitled__cede0610.jpg,cede0610-a1b3-48a5-8f14-4dde74d29bc3,,,1928,3000,2138,goats,ok
untitled__ddc2cad5.jpg,ddc2cad5-49e7-4630-a205-5bb4003db26f,,,1928,3000,2100,goats,ok
pride__3264ae82.jpg,3264ae82-9410-41ba-994b-6cb0478b2a63,Pride,James Ensor,ca. 1904,1500,1045,goats,ok
the-charioteer__c4165213.jpg,c4165213-c4b9-4daf-9920-fc8b1c1f75ea,The Charioteer,Sidney Hall,1824-5,831,1200,goats,ok
untitled__12ad48c9.jpg,12ad48c9-b19c-440f-90f3-c7bbd602f468,,Pierre d'Hancarville,ca. 1771,1338,1360,goats,ok
untitled__1928fabd.jpg,1928fabd-4c25-40b1-b70c-d89bf8677a81,,,ca. 1775,620,790,goats,ok
a-chariot-pulled-by-two-men-and-a-goat__b209c2aa.jpg,b209c2aa-985c-4da9-8cdf-4921dbba0a0c,A Chariot Pulled by Two Men and a Goat,Cornelis Floris II; Hieronymus Cock,1552,1000,336,goats,ok
the-ox-turned-farmer__70caba67.jpg,70caba67-f178-4267-8ba5-0958cb1d719b,The ox turned farmer,,18th century,773,543,goats,ok
honeysuckle__2f480bd7.jpg,2f480bd7-63c7-4b8c-858b-dd7101858d73,Honeysuckle,J. J. Grandville,1849,1107,1500,goats,ok
untitled__7c025237.jpg,7c025237-6a36-4df2-8894-28481d727482,,Giambattista della Porta,1586,393,599,goats,ok
the-unhealthy-pair__5e52fc8d.jpg,5e52fc8d-70bb-41a8-bbb4-d3e0642d581b,The Unhealthy Pair,,1896,2365,1342,pigs,ok
a-pig-with-the-face-of-a-man__1febe1d1.jpg,1febe1d1-b82a-44d4-ab1b-8f291d5a5487,A Pig with the Face of a Man,José Guadalupe Posada,ca. 1899,2124,3112,pigs,ok
a-greedy-pig__e78fbfa2.jpg,e78fbfa2-8938-4d9b-9900-fe082e71d70d,A Greedy Pig,Charles H. Bennett,1856,1026,1143,pigs,ok
baba-yaga-fights-a-crocodile__6a4e1315.jpg,6a4e1315-37a9-4d2f-900f-7ae090782a00,Baba Yaga fights a crocodile,D. A. Rovinskii,1881,1024,833,pigs,ok
untitled__b60c8abb.jpg,b60c8abb-7332-4662-8f66-60391f7c0e4b,,Augustus Jansson,1903–7,580,799,pigs,ok
piggiwiggia-pyramidalis__1891691e.jpg,1891691e-030b-4223-9d85-55540ce34b99,Piggiwiggia Pyramidalis,Edward Lear,1888,508,800,pigs,ok
this-porcineograph__54bfa338.jpeg,54bfa338-289d-49e6-8d11-e777b19f9384,This Porcineograph,Forbes Lithograph Manufacturing Company,ca. 1875,895,1200,pigs,ok
cattle-to-provide-beef-to-an-ocean-liner-anchored-in-port-sa__c6780a20.jpg,c6780a20-e0c3-4b40-a0bf-0c1d626fac52,Cattle to Provide Beef to an Ocean Liner Anchored in Port Said,,ca. 1900,540,585,cattle,ok
report-on-the-blood-red-colored-water-in-the-ditch-around-th__0b39ab64.jpeg,0b39ab64-1205-4c84-abbc-7c0d0405e175,Report on the blood-red colored water in the ditch around the town of Beilstein (Württemberg) in August 1583.,,1583,4776,5616,livestock,ok
north-coast-near-semarang__83f90a22.jpg,83f90a22-a599-4fd2-81ef-2253769ed023,North coast near Semarang,Franz Wilhelm Junghuhn,1854,4862,3647,livestock,ok
mount-vesuvius-in-winter-covered-with-snow__3ab0410c.jpg,3ab0410c-0793-400d-a7a0-15e475bd0ee3,"Mount Vesuvius in winter, covered with snow",Peter Fabris,1776–9,1400,748,livestock,ok
tibetan-yaks__7a8b0160.jpg,7a8b0160-7e5d-47c6-a8d0-359cf12d7772,Tibetan Yaks,Yvette Borup Andrews,1921,1024,669,livestock,ok
image-depicting-the-story-of-noah-with-the-rainbow-of-the-co__d7503db9.jpg,d7503db9-3082-4d9c-915d-8defddf241f5,"Image depicting the Story of Noah, with the rainbow of the covenant.",,1608,805,654,livestock,ok
view-of-a-street-in-sterbro-outside-copenhagen-morning-light__07eab757.jpg,07eab757-a5b9-43fd-88a2-b6ad1426e13f,View of a Street in Østerbro Outside Copenhagen. Morning Light,Christen Købke,1836,800,526,livestock,ok
wombat-sketch__445ce92a.jpg,445ce92a-a0e8-4d6a-b560-1cdbb3f8ce88,Wombat Sketch,Edward Burne-Jones,1904,800,410,wombats,ok
fore-edge-for-a-copy-of-the-world-before-the-flood-a-poem__1444c5f4.jpg,1444c5f4-3511-4ed1-a299-84aa3819820c,"Fore-edge for a copy of *The World before the Flood, a Poem*",,1819,1024,285,mammoths,ok
behind-fremiet-s-elk-trocad-ro__551f767e.jpg,551f767e-ed45-4afa-ac02-e12f17e04c33,Behind Fremiet’s Elk (Trocadéro),Henri Rivière,1888–1902,2392,2856,snakes,ok
aradia-or-the-gospel-of-the-witches__aff445c3.jpg,aff445c3-57c6-40f9-b136-616ab4cf25b4,Aradia or the Gospel of the Witches,,1899,2006,3096,snakes,ok
untitled__950ef21e.jpg,950ef21e-c772-428b-832d-13297c0ca048,,Anton Seder,1896,1610,2121,"reptiles,snakes",ok
untitled__18c54bb5.jpeg,18c54bb5-187e-41eb-bca6-6407bfd814ff,,Raffaele Mainella,1907,4216,4960,snakes,ok
untitled__4392e9aa.jpeg,4392e9aa-e55b-4cdc-ab1d-b946c70568cb,,Raffaele Mainella,1907,4439,6408,snakes,ok
untitled__07991ff5.jpeg,07991ff5-2497-4be3-b0f6-fe014c6b99c2,,Raffaele Mainella,1907,4280,2952,snakes,ok
untitled__f989dbb4.jpeg,f989dbb4-bc8d-4d0b-ab76-aee14676cebe,,Raffaele Mainella,1907,4390,5880,snakes,ok
untitled__ca83b241.jpeg,ca83b241-e7a7-475f-9f27-b71653b7242e,,,ca. 1790–1810,1365,1080,snakes,ok
copperhead-snake-on-dead-leaves__affcda1a.jpg,affcda1a-147c-40af-8ce4-1f06b4477291,Copperhead Snake on Dead Leaves,Gerald H. Thayer,1909,1142,1500,snakes,ok
untitled__565dd9e7.jpg,565dd9e7-2d08-490d-8595-b1f5b4e6c70e,,John Bingley Garland,ca. 1850–60,1826,1382,snakes,ok
untitled__697a7512.jpg,697a7512-5a24-425a-bc37-10f2dc495ef7,,John Bingley Garland,ca. 1850–60,1866,1478,snakes,ok
untitled__7882c139.jpg,7882c139-9329-4160-8c2b-93b3bc633968,,John Bingley Garland,ca. 1850–60,1837,1470,snakes,ok
untitled__95b47045.jpg,95b47045-df55-41f7-be7e-36a49ce2d697,,John Bingley Garland,ca. 1850–60,1861,1554,snakes,ok
untitled__b61d578a.jpg,b61d578a-0eab-4376-8a77-66a9f33ac3dd,,John Bingley Garland,ca. 1850–60,1806,1448,snakes,ok
untitled__ca9f3df0.jpg,ca9f3df0-d196-4ca0-a89e-6fb8ad0d2c96,,John Bingley Garland,ca. 1850–60,1836,1499,snakes,ok
untitled__cd50a3ec.jpg,cd50a3ec-ce85-4ce5-ae35-460945d43d5a,,John Bingley Garland,ca. 1850–60,1850,1348,snakes,ok
untitled__f8018cab.jpeg,f8018cab-a891-4ae8-a2d4-e6f46eb6c74d,,John Bingley Garland,ca. 1850–60,1852,1376,snakes,ok
paradise-lost-book-12-line-641__ef4e1e7a.jpg,ef4e1e7a-9458-43ee-a615-c7a7dc61f2f6,"Paradise Lost: Book 12, Line 641",John Martin,1827,1024,711,snakes,ok
untitled__119a8be0.jpg,119a8be0-bfdd-49bf-9078-2d0e8269f7cb,,Giovanni Battista Bracelli,1624,1000,747,snakes,ok
untitled__e0efd202.jpg,e0efd202-8ba5-4526-920d-5a07a76d4e62,,Katsushika Hokusai,,571,799,snakes,ok
view-of-the-bronze-hand-pantea-a-sacred-symbol-of-the-god-sa__398e7897.jpg,398e7897-f499-49cf-ba96-254dc6354296,"View of the bronze hand “Pantea”, a sacred symbol of the god Sabazius.",Filippo Palizzi,1778,650,917,snakes,ok
untitled__8d487ea2.jpg,8d487ea2-9d81-4a15-820b-b9637c3ff947,,,1190–1200,618,799,snakes,ok
untitled__730fb058.jpg,730fb058-94fc-468d-b376-fcd6ee714296,,Pierre d'Hancarville,ca. 1771,1342,1344,snakes,ok
dante-and-virgil-witnessing-vanno-fucci-the-pillager-of-a-ch__61b7f38c.jpg,61b7f38c-1f4d-47de-9a70-c7c1d5bc3987,"Dante and Virgil witnessing Vanno Fucci, the pillager of a church in Pistoia, being attacked by the monster Cacus",,1444–1450,1024,563,"lizards,snakes",ok
the-young-hercules-strangling-a-snake__3427a0cf.jpg,3427a0cf-b024-4454-909e-d4ae6c6f41be,The Young Hercules Strangling a Snake,Cornelis Bos,1516–56,800,1168,snakes,ok
untitled__2ea0b531.jpg,2ea0b531-7b87-4979-80cd-23bc7776ebb9,,Hugo Simberg,ca. 1908,1024,670,snakes,ok
a-view-of-the-controversial-centrepiece-of-the-ceiling-fresc__22f6718d.jpg,22f6718d-458c-4df0-a7e5-e13ce5362684,A view of the controversial centrepiece of the ceiling fresco at Tampere,Hugo Simberg,1905,1024,762,snakes,ok
untitled__4b709241.jpg,4b709241-60c8-4d24-afa0-3d5274178a23,,Hugo Simberg,1907,1024,688,snakes,ok
simberg-and-assistants-at-work-on-the-garland-bearers-1906-f__49c6d8a4.jpg,49c6d8a4-3b9a-4bd0-a46e-23590fee0d31,Simberg and assistants at work on *The Garland Bearers* (1906) fresco,Hugo Simberg,ca. 1906,1024,767,snakes,ok
simberg-and-assistant-in-front-of-the-fresco-version-of-em-t__47b9ea3a.jpg,47b9ea3a-3ac0-4402-b891-2d669a69eee3,Simberg and assistant in front of the fresco version of <em>The Garden of Death</em>,Hugo Simberg,1906,587,800,snakes,ok
untitled__563b8a72.jpg,563b8a72-d379-464b-b58d-b15b150a883c,,Hugo Simberg,ca. 1908,468,639,snakes,ok
untitled__68e99974.jpg,68e99974-59d8-4a2e-ae5c-e0aa99c9e833,,Hugo Simberg,ca. 1908,458,639,snakes,ok
untitled__89df915e.jpg,89df915e-543d-4672-8944-659a6313efda,,Hugo Simberg,ca. 1908,1024,753,snakes,ok
untitled__a808cae2.jpg,a808cae2-01b1-4756-8bbc-a45f5f0ab979,,Hugo Simberg,ca. 1908,469,640,snakes,ok
untitled__b54c8000.jpg,b54c8000-14c0-40e7-bcaf-ddcb7be33401,,Hugo Simberg,,1024,767,snakes,ok
untitled__bf6e5d6c.jpg,bf6e5d6c-a69a-4f8a-9615-c3afef465a41,,Hugo Simberg,ca. 1908,1024,612,snakes,ok
model-in-the-studio-for-em-the-wounded-angel-em-1903__b9b57758.jpg,b9b57758-2a43-4745-ac79-c2f81752ee1f,Model in the studio for <em>The Wounded Angel</em> (1903),Hugo Simberg,1902,1024,691,snakes,ok
untitled__cd2a8a93.jpg,cd2a8a93-967a-4811-88af-7637b6d2260d,,Hugo Simberg,ca. 1908,1024,336,snakes,ok
untitled__c34fd6aa.jpg,c34fd6aa-b377-4bd5-a050-cb0ced2202de,,Hugo Simberg,ca. 1908,467,640,snakes,ok
untitled__cd61f4e1.jpg,cd61f4e1-2fde-43f5-909b-04e08e275b04,,Hugo Simberg,1907,1023,726,snakes,ok
view-of-the-ceiling-fresco-at-tampere-fresco-from-below__c220e9ad.jpg,c220e9ad-274b-4c85-83b4-268cfbacfdaf,View of the ceiling fresco at Tampere fresco from below,Hugo Simberg,1905,1023,616,snakes,ok
untitled__eb1cd7f6.jpg,eb1cd7f6-7770-48ac-bed9-d58615afdbc9,,Hugo Simberg,ca. 1908,1024,753,snakes,ok
untitled__fcef4203.jpg,fcef4203-cf9e-4854-8e95-3e7654cb5e6d,,Hugo Simberg,ca. 1908,1023,765,snakes,ok
night-the-third-narcissa__86946aae.jpg,86946aae-91bb-4606-8929-a4cd83f02ccd,"Night the Third, Narcissa",William Blake,1797,1000,1277,snakes,ok
crystal-palace-dinosaurs__39b57e2c.jpg,39b57e2c-3813-4ee9-b546-b34145784444,Crystal Palace Dinosaurs,George Baxter,ca. 1854,3536,2439,reptiles,ok
untitled__d2f9d8e4.jpg,d2f9d8e4-ece7-46ba-8b46-d6c57d8e1cd6,,Anton Seder,1896,1620,2134,"frogs,lizards,reptiles",ok
we-passed-through-caverns-filled-with-creeping-reptiles__39cbcd01.jpg,39cbcd01-4576-43cf-8f62-00c165091835,We Passed Through Caverns Filled With Creeping Reptiles.,John Augustus Knapp,1895,947,1400,reptiles,ok
essay-towards-a-natural-history-of-serpents-plate-iii__2d3287b4.jpg,2d3287b4-31e0-43f9-ae24-2eda1c410555,"Essay Towards a Natural History of Serpents, Plate III",Charles Owen,1742,873,1200,reptiles,ok
untitled__3e1b957e.jpg,3e1b957e-287a-45c4-855e-c3928f7a6a73,,Christoph Jamnitzer,1610,4571,3713,frogs,ok
battle-between-frog-and-lobster__21f51a23.jpg,21f51a23-7fda-4b9f-86de-0aa66e990cb1,Battle Between Frog and Lobster,Christoph Jamnitzer,1610,1500,1201,frogs,ok
march-1905-cover-for-hototogisu__d250e3fe.jpg,d250e3fe-a0e9-4be8-81b2-89c2a5104005,March 1905 cover for *Hototogisu*,Anonymous,1905,1050,1500,frogs,ok
they-are-content-to-be-brushed-like-flies-from-the-path-of-a__236220c4.jpg,236220c4-b1ba-45d9-b141-cd2a95ea28b4,“They are content to be brushed like flies from the path of a great man.”,C. P. Cranch,ca. 1837–9,2397,1515,frogs,ok
untitled__1b8c24ec.jpeg,1b8c24ec-8590-42f7-9a0e-1b710e069b88,,Christian von Mechel,ca. 1785,1030,1522,frogs,ok
untitled__2f294b37.jpeg,2f294b37-8180-45c5-b775-02f5773a2a11,,Christian von Mechel,ca. 1785,1019,1513,frogs,ok
untitled__3a580d27.jpeg,3a580d27-d55a-4074-a78b-e9b33313235c,,Christian von Mechel,ca. 1785,1026,1509,frogs,ok
untitled__40a1300b.jpeg,40a1300b-f058-45c7-9971-76666d42d3de,,Christian von Mechel,ca. 1785,1008,1486,frogs,ok
untitled__8a6dc383.jpeg,8a6dc383-5a1c-4e10-aecc-d683ce062987,,Christian von Mechel,ca. 1785,1018,1511,frogs,ok
untitled__8389ed82.jpeg,8389ed82-f724-4ffb-a7d3-683d546cfa3d,,Christian von Mechel,ca. 1785,1021,1515,frogs,ok
untitled__9a32b5e7.jpeg,9a32b5e7-ec00-4153-a09d-8ccd4f713c88,,Christian von Mechel,ca. 1785,1003,1483,frogs,ok
untitled__9deaa6f2.jpeg,9deaa6f2-0803-4400-b83a-92b8340a9a80,,Christian von Mechel,ca. 1785,1020,1508,frogs,ok
untitled__b4b95507.jpeg,b4b95507-1b9a-4c17-9f01-9fb70294c1dd,,Christian von Mechel,ca. 1785,1022,1510,frogs,ok
untitled__e6cdee83.jpeg,e6cdee83-de0b-4918-bb60-e9a181c5dbde,,Christian von Mechel,ca. 1785,1022,1504,frogs,ok
untitled__e33cf57f.jpeg,e33cf57f-d5bb-4bac-a057-0dd8a01302ce,,Christian von Mechel,ca. 1785,996,1472,frogs,ok
kimono-design__2f8d9bd6.jpeg,2f8d9bd6-bb2e-4699-bf11-59562c0370a3,Kimono design,Ueno Seikō,ca. 1902,710,957,frogs,ok
fashionable-battle-of-frogs-i__6b730971.jpg,6b730971-9d5f-4cd2-aea4-96dd4e3a6e52,Fashionable Battle of Frogs: I,Kawanabe Kyōsai,1864,803,1200,frogs,ok
natural-history-of-carolina-florida-and-the-bahama-islands-v__7b62e841.jpg,7b62e841-1308-4fbd-a1aa-e6bfb3dd1afb,"Natural History of Carolina, Florida and the Bahama Islands, v2. Tab 72",Mark Catesby,1743,580,768,frogs,ok
portraits-compared__57cfcf1b.jpg,57cfcf1b-cb7d-43a2-b788-bf48b39e4c4c,Portraits Compared,,1844,800,374,"amphibians,frogs",ok
phenakistoscope__25f032f4.jpg,25f032f4-9746-4d47-a22b-88fc21081269,Phenakistoscope,,1833,669,665,frogs,ok
phenakistoscope__a9f39955.gif,a9f39955-771a-4d46-9630-6f554820b872,Phenakistoscope,,1833,480,480,frogs,ok
untitled__545bf44e.jpg,545bf44e-6837-4c81-87a1-5bf5c0f992d6,,,ca.1870,800,502,frogs,ok
untitled__9a25aff3.jpg,9a25aff3-5ab3-40be-ac8c-4ff3c181b43b,,,ca.1870,799,493,frogs,ok
untitled__06dc91b1.jpg,06dc91b1-ed69-4f46-a817-b70174f2058c,,,ca.1870,800,507,frogs,ok
untitled__0d055e46.jpg,0d055e46-692a-4563-85fa-cac7a6335874,,,ca.1870,800,511,frogs,ok
mark-twain__026387ab.jpg,026387ab-a3dd-4d48-9951-7814b83e4bc3,Mark Twain,Frederick Watty,1873,518,731,frogs,ok
plate-comparing-vertebrate-embryos__bcc61483.jpg,bcc61483-0ca4-4128-9ca3-25c350436598,Plate Comparing Vertebrate Embryos,Ernst Haeckel,1879,724,488,vertebrates,ok
untitled__8edd2c7a.jpg,8edd2c7a-794b-42de-b22d-062b6761a7da,,William Cheselden,1733,495,640,vertebrates,ok
untitled__03a507a9.jpg,03a507a9-5016-480e-9f35-e22d409bb595,,Friedrich Lehmann; Ludwig Heinrich Bojanus,1821,550,790,vertebrates,ok
