uuid,title,artist,date,src,w,h,restriction,tags
0cc9c353-1f2d-4a44-bfc9-3a91184407ae,The Kite and The Attached Birds,Jacques Bacheley; Joseph Antoine Cochet,ca. mid-18th century,/collections/art-of-kite-flying/kite-flying-00057.jpg,2256,1616,,"animals,birds"
3e3e41e6-f12e-4807-bea9-a032083e5dc1,"The Cruelty of the Bull, 1647",,ca. 1756–91,/collections/art-of-kite-flying/kite-flying-00051.jpg,3811,3267,,animals
cdcbefb5-0e8e-4443-9a65-4a89c47ece51,Divisions of the Head,,1886,/collections/delsarte-system/delsartesystemof00stebuoft_0156-edit.jpg,1113,1752,,animals
07affc7e-ea07-4366-bc31-35ac5cdcb244,Vegetable lamb,,1481,/essays/animal-vegetable-lamb/02-vegetable-lamb-mandeville.jpg,1260,1266,,"animals,sheep,zoology"
f2f156eb-2c9f-454d-80ce-4480df9f8db9,Vegetable lamb,,1725,/essays/animal-vegetable-lamb/03-voiagetravayleof00mand_0302-edit.jpg,1167,1194,,"animals,sheep,zoology"
403c5d67-0b8e-4678-b697-af7b2d56d13b,Vegetable lamb,,1605,/essays/animal-vegetable-lamb/04-vegetable-lamb-duret.jpg,1429,1032,,"animals,sheep,zoology"
a586101b-4a05-4379-9d11-6f0cb259b23c,Illustration featuring 'Planta Tartarica Boromez' and other vegetal creatures,,1696,/essays/animal-vegetable-lamb/05-speculaphysicoma00zahn_0935-edit.jpg,1627,2612,,"animals,sheep,zoology"
e33ccbc2-398e-4fc1-89cd-745a1c07a34e,Frontispiece depicting the Garden of Eden,Christopher Switzer,1629,/essays/animal-vegetable-lamb/07-Paradisi-in-sole-Paradisius-Terrestris.jpg,2695,4307,,"animals,sheep,zoology"
367e46ab-8136-4a6a-9117-8f48d25d9312,"Rhizome of a fern, shaped by the Chinese to represent a tan-coloured dog",,1887,/essays/animal-vegetable-lamb/09-vegetablelamboft00leehrich_0041-edit.jpg,3536,1984,,"animals,dogs,sheep,zoology"
fe235f57-bf33-49f0-b579-11e065d7748f,Barometz or Agnus Scythycus,William Hibbart,1791,/essays/animal-vegetable-lamb/10-b28760086_0008-edit.jpg,3792,2388,,"animals,sheep,zoology"
fa48236d-f2e5-4126-ae48-1a76f776e0ae,Agnus scythycus borometz,Elizabeth Blackwell,1750–1773,/essays/animal-vegetable-lamb/11-mobot31753000818994_0524-edit.jpg,2998,2954,,"animals,sheep,zoology"
200877e8-385c-4637-b456-08a890589252,"Mythical animals, including a vegetable lamb",,1801,/essays/animal-vegetable-lamb/12-bertuch1801bd1_0189-edit.jpg,2196,1764,,"animals,birds,sheep,zoology"
46cac279-210d-4e46-9bbf-8d522b61dffe,,Zhao Mengfu,ca. 1300,/collections/eight-horses/DP202744-edit.jpg,3087,2199,,"animals,horses"
eaa4f9e9-22f3-4e67-9a19-ccbe82924c82,,Zhao Mengfu,ca. 1300,/collections/eight-horses/DP202745-edit.jpg,2380,2187,,"animals,horses"
3c117223-ba88-4bd9-a67b-7b75ebb8ba42,,Zhao Mengfu,ca. 1300,/collections/eight-horses/DP202746-edit.jpg,3007,2199,,"animals,horses"
d59b56e0-dbcf-41e7-a62f-3130e558a60d,,Zhao Mengfu,ca. 1300,/collections/eight-horses/DP202747-edit.jpg,3004,2192,,"animals,horses"
aa028a7a-a7ec-4f05-85d2-39ef8aa27ddf,,Zhao Mengfu,ca. 1300,/collections/eight-horses/DP202748-edit.jpg,3132,2092,,"animals,horses"
ea9a777d-96f3-4d46-be95-fcec33e5a47d,The Sick Goose and the Council of Health,George Cruikshank,1830s,/essays/the-old-old-very-old-man/07-sick-goose-edit.jpg,3378,2115,,animals
62858081-a815-4903-bdbc-c131db8ca9b2,Spring,Michalina Janoszanka,1926,/shop/Spring-shop.jpg,1500,1393,,"animals,frogs"
6b4310b5-5e96-4270-8824-52bb7a817a07,A Woman Who Gave Birth to Three Children and Four Animals,José Guadalupe Posada,ca. 1894,/collections/posada-monstrous-births/posada-DP868000.jpg,1759,1181,,animals
c86274c6-643e-41e3-957a-21cba1f7df8a,The Angler as seen from under the Water,Francis Ward,1920,/collections/fish-eye-view-photography/animallifeunderw00ward_0247-edit.jpg,3080,1754,,"animals,fish"
465beb37-7ca3-4ece-9e34-cdeb836d586f,As the Fish Sees the Angler,Edward Ringwood Hewitt,1922,/collections/fish-eye-view-photography/secretsofsalmon00hewi_0121-edit.jpg,1419,1921,,"animals,fish"
6d9ed189-e554-44e7-b734-83bdee3de1b9,Fingers in Water as Seen from Below,Edward Ringwood Hewitt,1922,/collections/fish-eye-view-photography/secretsofsalmon00hewi_0115-edit.jpg,1344,2200,,"animals,fish"
052ac55c-ad83-484a-9ca7-c41395f5a991,Dry Fly as seen by a Trout,Francis Ward,1920,/collections/fish-eye-view-photography/animallifeunderw00ward_0241-edit.jpg,2001,3501,,"animals,fish"
de214713-0e7a-4e78-ae7f-9c5038f9165a,The Angler as seen from below the Water,Francis Ward,1920,/collections/fish-eye-view-photography/animallifeunderw00ward_0251-edit.jpg,1706,3381,,"animals,fish"
26b90d43-2a83-4723-8f8f-6b2f3edc2342,The Fish and the Fowl,Paul Nash,1924,/collections/paul-nash-s-genesis/9-The-Fish-and-the-Fowl.jpg,2894,3720,,"animals,birds,fish"
406193db-10d3-4951-87f6-eec3f18ed28e,,Anton Seder,1896,/collections/das-thier-in-der-decorativen-kunst/gri_33125013920190_0032-double.jpg,3168,2166,,"animals,sea-life"
b47de780-a1ee-4f2b-a881-215a157a06be,A cat and her kittens,Gottfried Mind,ca. 1800,/essays/gottfried-mind-the-raphael-of-cats/02-CH-NB_-_Katzen_-_Collection_Gugelmann_-_GS-GUGE-MIND-F-9-edit.jpg,4513,3319,,"animals,cats"
fbce2056-379a-4317-8f1f-d6c86c243525,A cat and her kittens,Gottfried Mind,ca. 1800,/essays/gottfried-mind-the-raphael-of-cats/03-CH-NB_-_Katzen_-_Collection_Gugelmann_-_GS-GUGE-MIND-E-13.jpg,5138,3303,,"animals,cats"
7f7c19c6-3e5f-4d36-983c-551aede881d6,A cat and her kittens,Joseph Brodtmann; Gottfried Mind,ca. 1820–60,"/essays/gottfried-mind-the-raphael-of-cats/04-Domestic_cat_with_three_kittens,_playing)_-_Brodtmann_nach_Mind_LCCN2012645538-edit.jpg",4015,2981,,"animals,cats"
c791e9bc-1bae-48af-993e-7dc6e943d1bb,A cat and dog,Joseph Brodtmann; Gottfried Mind,ca. 1820–60,/essays/gottfried-mind-the-raphael-of-cats/10-Domestic_cat_standing_on_a_block_and_a_puppy_with_its_front_paws_on_the_block_LCCN2012645549-edit.jpg,4219,3226,,"animals,cats,dog"
292c88af-6fb7-4ac2-b2fc-e926c9946704,"Facsimile of the Codex Mendoza, ca. 1541–1650",Agostino Aglio,1831–48,/collections/antiquities-of-mexico/antiquities-of-mexico-00003.jpg,2637,3629,,"animals,cats"
d18ba8ca-9083-43ed-8c54-53222d05c732,"Facsimile of the Codex Telleriano-Remensis, mid 16th century",Agostino Aglio,1831–48,/collections/antiquities-of-mexico/antiquities-of-mexico-00006.jpg,2436,2595,,"animals,cats"
c62be999-06d0-4eab-ab2b-33f8845091ab,"Facsimile of the Codex Telleriano-Remensis, mid 16th century",Agostino Aglio,1831–48,/collections/antiquities-of-mexico/antiquities-of-mexico-00007.jpg,2469,2524,,"animals,cats"
333e48e7-4966-4cab-974d-b233ba3e3a95,"Facsimile of the Codex Telleriano-Remensis, mid 16th century",Agostino Aglio,1831–48,/collections/antiquities-of-mexico/antiquities-of-mexico-00008.jpg,2770,2917,,"animals,rabbits"
786b6d9c-4ed1-4f1b-9d4c-8721b66cb1fa,"Facsimile of the Codex Bodley, ca. before 1521",Agostino Aglio,1831–48,/collections/antiquities-of-mexico/antiquities-of-mexico-00014.jpg,3361,3094,,animals
1ec94a56-aef6-4408-9114-e6effccbee85,"Facsimile of the Codex Bodley, ca. before 1521",Agostino Aglio,1831–48,/collections/antiquities-of-mexico/antiquities-of-mexico-00015.jpg,3438,3113,,animals
b737d283-5e81-427a-9c2a-c43dd32c361a,"Facsimile of the Codex Ríos, ca. after 1566",Agostino Aglio,1831–48,/collections/antiquities-of-mexico/antiquities-of-mexico-00022.jpg,3276,3248,,animals
e18998d7-0f45-4050-bd67-0537371496bd,"Facsimile of the Codex Ríos, ca. after 1566",Agostino Aglio,1831–48,/collections/antiquities-of-mexico/antiquities-of-mexico-00024.jpg,3261,3342,,animals
068f115b-977b-4089-9cc6-26d228049b59,"Facsimile of the Codex Ríos, ca. after 1566",Agostino Aglio,1831–48,/collections/antiquities-of-mexico/antiquities-of-mexico-00031.jpg,3335,2725,,animals
dce18621-840b-4c94-913f-1a261530f573,"Facsimile of the Codex Vindobonensis, ca. late 15th or early 16th century",Agostino Aglio,1831–48,/collections/antiquities-of-mexico/antiquities-of-mexico-00036.jpg,3331,2927,,animals
8a96d5a6-f8f5-4d86-af94-66515689f5eb,"Facsimile of the Codex Vindobonensis, ca. late 15th or early 16th century",Agostino Aglio,1831–48,/collections/antiquities-of-mexico/antiquities-of-mexico-00037.jpg,3243,2944,,animals
3e7ec028-0841-4362-907e-c73c10b3272a,"Facsimile of the Codex Vindobonensis, ca. late 15th or early 16th century",Agostino Aglio,1831–48,/collections/antiquities-of-mexico/antiquities-of-mexico-00038.jpg,3361,2992,,animals
60deb0bf-afea-491d-8d71-0d525e34b651,"Facsimile of the Codex Vindobonensis, ca. late 15th or early 16th century",Agostino Aglio,1831–48,/collections/antiquities-of-mexico/antiquities-of-mexico-00039.jpg,3386,3006,,animals
f3e715a2-9a4a-49d6-bec2-c5a930d1985b,"Facsimile of the Codex Vindobonensis, ca. late 15th or early 16th century",Agostino Aglio,1831–48,/collections/antiquities-of-mexico/antiquities-of-mexico-00040.jpg,3402,2926,,animals
7b5a52c3-9e9a-4e4c-a547-f1b0366b9c91,"Facsimile of the Codex Vindobonensis, ca. late 15th or early 16th century",Agostino Aglio,1831–48,/collections/antiquities-of-mexico/antiquities-of-mexico-00041.jpg,3503,2996,,animals
98aa178e-fda4-4143-8fb2-4dd6dc96c7c5,"Facsimile of the Codex Vindobonensis, ca. late 15th or early 16th century",Agostino Aglio,1831–48,/collections/antiquities-of-mexico/antiquities-of-mexico-00042.jpg,3565,3021,,animals
10c14492-2f39-4263-b7b7-26c702837f04,"Facsimile of the Codex Vindobonensis, ca. late 15th or early 16th century",Agostino Aglio,1831–48,/collections/antiquities-of-mexico/antiquities-of-mexico-00043.jpg,3470,2899,,"animals,insects"
14bc8b6a-44e7-497d-af30-07de0dc9cc5e,"Facsimile of the Codex Vindobonensis, ca. late 15th or early 16th century",Agostino Aglio,1831–48,/collections/antiquities-of-mexico/antiquities-of-mexico-00045.jpg,3395,2885,,animals
33477b28-bdaf-4ab0-acf6-a92ab59e41b9,"Facsimile of the Codex Fejérváry-Mayer, ca. before 1521",Agostino Aglio,1831–48,/collections/antiquities-of-mexico/antiquities-of-mexico-00072.jpg,2241,2159,,animals
7a51490a-15b4-4280-ac1c-a219fbbf9602,"Facsimile of the Codex Fejérváry-Mayer, ca. before 1521",Agostino Aglio,1831–48,/collections/antiquities-of-mexico/antiquities-of-mexico-00073.jpg,2158,2119,,animals
883260a2-2358-4ecd-9b27-46949b494c03,"Facsimile of the Codex Vaticanus B, ca. before 1596",Agostino Aglio,1831–48,/collections/antiquities-of-mexico/antiquities-of-mexico-00074.jpg,3775,3692,,animals
e8064e54-1e82-4a00-979b-3b9c7b69f8a3,"Facsimile of the Codex Vaticanus B, ca. before 1596",Agostino Aglio,1831–48,/collections/antiquities-of-mexico/antiquities-of-mexico-00075.jpg,3710,3715,,"animals,monkeys"
00483263-dc86-4308-856e-1531fb9454dd,"Facsimile of the Codex Vaticanus B, ca. before 1596",Agostino Aglio,1831–48,/collections/antiquities-of-mexico/antiquities-of-mexico-00076.jpg,3764,3660,,animals
3e740863-dbe5-4ecc-8493-63fd802c2be1,"Facsimile of the Codex Vaticanus B, ca. before 1596",Agostino Aglio,1831–48,/collections/antiquities-of-mexico/antiquities-of-mexico-00077.jpg,3813,3640,,animals
f0569289-fd31-4ecb-a4a4-acce0516c70b,"Facsimile of the Codex Vaticanus B, ca. before 1596",Agostino Aglio,1831–48,/collections/antiquities-of-mexico/antiquities-of-mexico-00078.jpg,3746,3743,,animals
c8579456-f539-4a53-94d5-dbb6ff634ce9,"Facsimile of the Codex Vaticanus B, ca. before 1596",Agostino Aglio,1831–48,/collections/antiquities-of-mexico/antiquities-of-mexico-00079.jpg,3739,3685,,animals
23a97293-fc1c-4034-87cb-49cf98380b21,"Facsimile of the Codex Vaticanus B, ca. before 1596",Agostino Aglio,1831–48,/collections/antiquities-of-mexico/antiquities-of-mexico-00080.jpg,3876,3783,,"animals,birds"
4b99efcb-52c9-44be-ab63-da791cc7102f,,Agostino Aglio,1831–48,/collections/antiquities-of-mexico/AntiquitiesMexiv3King_thumb.jpg,848,850,,animals
488c0e48-edfc-491f-a198-dc0e31f943f2,,Agostino Aglio,1831–48,/collections/antiquities-of-mexico/AntiquitiesMexiv2King_thumb-3.jpg,960,850,,animals
17d2b982-e08b-4b13-8c8a-1f76651b7131,,Anne Allen; Jean-Baptiste Pillement,ca. 1790s,/collections/chinese-arabesques/40092_0df19a8f49d45b59_o-edit.jpeg,3256,4412,,animals
211230ef-441e-4ac3-815d-06cacc798cae,,Anne Allen; Jean-Baptiste Pillement,ca. 1790s,/collections/chinese-arabesques/40094_40ba245f38b9a1b3_o-edit.jpeg,3344,4532,,animals
4e3b5132-65d5-4d5b-97a9-6b86f7c96926,,Anne Allen; Jean-Baptiste Pillement,ca. 1790s,/collections/chinese-arabesques/40093_0c5e46ede85ba22d_o-edit.jpeg,3319,4471,,animals
a51e82eb-be3f-4499-b0cd-8d300e9fc685,Nazareth,,ca. 1900,/collections/photographs-of-palestinian-life/palestine-00124.jpg,4456,2235,,animals
e2db41ad-ac3a-4440-a179-013caa6cd370,Beersheba,,ca. 1910,/collections/photographs-of-palestinian-life/palestine-00095.jpg,6015,4450,,animals
6f204c6a-d6f7-4478-934d-1e6a0fae3c40,Peasant Company with Wife Disrobing Husband,Maria Catharina Prestel; Isaac van Ostade,1783,/collections/maria-catharina-prestel/maria-catharina-prestel-00017.jpg,2968,2472,,animals
854beff3-3cfb-4481-8add-cd1b1b0f31a1,Landscape with Cattle,Maria Catharina Prestel; Georg Wagner,1783,/collections/maria-catharina-prestel/maria-catharina-prestel-00014.jpg,2870,2373,,"animals,livestock,sheep"
65c039f6-e3ef-4622-a274-b1126c79e212,"“The Hare and the Well”, a Creole fairy tale from Louisiana.",Tom Seidmann-Freud,1924,/collections/rabbit-tales/dbbs_derivate_00000176-4.jpg,1774,1420,,"animals,rabbits"
bfb9c099-b4f3-41b2-8b4a-99773d86d7ba,"“Why the Hare Has No Tail”, a Zulu fairy tale.",Tom Seidmann-Freud,1924,/collections/rabbit-tales/dbbs_derivate_00000176-edit-11.jpg,1774,1420,,"animals,birds,cats,rabbits"
b5f9d5d3-7819-4eb7-a82f-ad92d4d6248b,"“The Hare”, a Hudson Bay Inuit fairy tale.",Tom Seidmann-Freud,1924,/collections/rabbit-tales/dbbs_derivate_00000176-2.jpg,1774,1420,,"animals,rabbits"
500ce79f-c9bc-4df2-93c7-7e943abf97bb,View of Lake Patenggang in Java,Franz Wilhelm Junghuhn,1854,/collections/junghuhn-java-album/08-RP-P-2018-1023-edit.jpg,4432,3324,,animals
1196a4be-8eaf-4759-8d67-2f4b2e4a3465,Blackwork print of Apollo sitting with his lyre against a leafless tree,Esaias van Hulsen,1617,/collections/blackwork/blackwork-02.jpg,4084,3914,,"animals,birds"
5ad72413-a919-46f9-9282-639ec281c0e4,Blackwork design for goldsmith work featuring a hunter and a fisherman,Mathais Beitler,1612,/collections/blackwork/blackwork-13.jpeg,3066,2631,,animals
53376b3f-0c1e-44c5-a585-fb7ed084b9a7,Blackwork print with a jug in the middle,Esaias van Hulsen,1617,/collections/blackwork/blackwork-03.jpg,4448,4512,,animals
e3e468c1-d111-4a15-abba-328732be89fb,Blackwork print with animals,Esaias van Hulsen,1617,/collections/blackwork/blackwork-01.jpg,4368,4416,,animals
f8d5f7b9-ea68-426e-8761-b94530047c6f,Blackwork design for goldsmith work with satyrs and maenads,Andreas Gentzsch after Mathais Beitler,1616,/collections/blackwork/blackwork-15.jpeg,2752,2434,,animals
02a091b5-285c-4a47-8799-4b151ab2afe5,Fox (*Vulpes vulpes*),Jacob Goethals (possibly),ca. 1800,/shop/nov-2023-prints-00052.jpg,929,1200,,animals
877ba52b-0105-47e8-bf9e-f0718a6417c5,Sowing Man,Bernard Essers,1927,/shop/nov-2023-prints-00023.jpg,1212,1200,,animals
c2802a80-d0b6-492e-861f-561171ad5e29,The Gin Shop,George Cruikshank,1829,/essays/liquid-bewitchment/16-cruikshank george gin M00029 45-edit.jpeg,1686,1410,,animals
2a7e28b4-a946-4061-acc3-3beb72fb7af6,,Madame B,ca. 1870s,/collections/madame-b-album/madame-b-album-00053.jpeg,3000,2089,,animals
72e06df2-d511-4203-81e2-3f3a1bc8d932,,Madame B,ca. 1870s,/collections/madame-b-album/madame-b-album-00012.jpg,3000,2111,,"animals,bats"
eb277b94-0b02-4294-a457-74523e43491d,,Madame B,ca. 1870s,/collections/madame-b-album/madame-b-album-00018.jpg,3000,2099,,"animals,dogs"
45d1795b-c5af-4e1d-9585-393194c65c26,Three Folios from a Persian Manuscript of <i>Kalīlah wa-Dimnah</i>,,ca. 1010,/essays/travelling-tales/k-and-d-triple.jpg,1819,1203,,"animals,birds"
5e2a7b16-5568-4149-85bf-41ef0d4d264e,The Greedy Dog,,ca. 1310,/essays/travelling-tales/14-iiif-service_gdc_gdcwdl_wd_l__08_93_3_wdl_08933_bsb00045958_00078-full-pct_100-0-default-edit.jpeg,2175,1740,,"animals,deer,lions"
53283bc4-893f-44e0-8926-ec87a4f30bf1,Mouse Gnawing at a Net Imprisoning Doves,,ca. 1525–50,/essays/travelling-tales/13-DP300753-edit.jpeg,2430,2662,,"animals,birds"
62685dfd-20bb-42e8-bafd-f8f3a85b6af6,Turtle Ferrying a Monkey,,ca. 1525–50,/essays/travelling-tales/11-DP300774-edit.jpeg,2548,2100,,"animals,lions"
60efd3e6-20d7-4384-8f4f-a36602b3f6d4,Kalīlah Reprimanding Dimnah,,ca. 1525–50,/essays/travelling-tales/01-DP300745-edit.jpeg,2435,2516,,"animals,dogs"
74fecb60-823e-4361-8fbe-d4ba6f1d58a1,Monkey Attempting Carpentry and Inadvertently Catching His Testicles in the Split,,ca. 1525–50,/essays/travelling-tales/09-DP300728-edit.jpeg,2569,3279,,animals
709718d6-0fb7-44c6-b9c1-bed7d3db0316,"The Ascetic, His Guest, and a Mouse Eating Their Rations",,ca. 1525–50,/essays/travelling-tales/07-DP300754-edit.jpeg,2403,2440,,"animals,monkeys"
90d206b9-668c-4960-bbbd-a0340e7957a3,The Tale of the Ducks and the Turtle,,1310,/essays/travelling-tales/10-iiif-service_gdc_gdcwdl_wd_l__08_93_3_wdl_08933_bsb00045958_00122-full-pct_100-0-default-edit.jpeg,2124,1652,,animals
94a78c0b-a233-40b0-adfb-99b5e03fc0ba,Kalīlah and Dimnah Discussing the Latter’s Scheme to Insert Himself into the Confidence of the King,,ca. 1525–50,/essays/travelling-tales/04-DP300729-edit.jpeg,2555,1616,,"animals,deer,dogs,wildlife"
cc04af54-1d1c-4c27-b5f6-9ea559cbf30b,Rabbit Using the Reflection of a Lion to Trick Him into Drowning,,1310,/essays/travelling-tales/12-iiif-service_gdc_gdcwdl_wd_l__08_93_3_wdl_08933_bsb00045958_00107-full-pct_100-0-default-edit.jpeg,2056,1556,,"animals,lions"
ea0d1eec-0a67-402a-b7fa-6dec3c994e55,Dimnah in Jail for Trickin the Lion,,1310,/essays/travelling-tales/02-iiif-service_gdc_gdcwdl_wd_l__08_93_3_wdl_08933_bsb00045958_00142-full-pct_100-0-default-edit.jpeg,2132,1852,,animals
cfece78b-752d-4ba1-89ab-e39ce280bd24,,Thomas Smillie,1890–1913,/collections/smillie-smithsonian/smillie-smithsonian-50.jpg,2048,1590,,"animals,birds"
14e6b862-e24e-457e-9868-6feeca78b880,Vampyre,Henry L. Stephens,1851,/collections/comic-natural-history/stephens-natural-history-23.jpeg,3368,2113,,"animals,bats,birds"
19ffd8c9-d20c-4ed5-9683-3b0e36d5a5c1,Butcher Birds,Henry L. Stephens,1851,/collections/comic-natural-history/stephens-natural-history-2.jpeg,2272,3388,,"animals,birds"
289e1645-60b8-48f6-a96c-7fac7b37db59,Wharf Rat,Henry L. Stephens,1851,/collections/comic-natural-history/stephens-natural-history-24.jpeg,3320,2300,,"animals,rats"
47714ebd-fd58-4a76-87b2-3bc2302b93ce,Same Old Coon,Henry L. Stephens,1851,/collections/comic-natural-history/stephens-natural-history-19.jpeg,2344,3460,,animals
4f1e37d1-3ab6-43e8-94bc-e7861415277e,Son Fish / Sucker,Henry L. Stephens,1851,/collections/comic-natural-history/stephens-natural-history-20.jpeg,2992,2220,,"animals,fish"
5d70be4a-24b7-4434-8601-bc441c9f552e,Gold Fish,Henry L. Stephens,1851,/collections/comic-natural-history/stephens-natural-history-6.jpg,3174,2174,,"animals,fish,goldfish"
534d2a96-bc4f-40c7-a6e5-364ece96aea7,Gallows Bird,Henry L. Stephens,1851,/collections/comic-natural-history/stephens-natural-history-4.jpeg,2217,2920,,"animals,birds"
6e304d78-c7c9-4081-87b5-5e8381aaff59,Humming Bird,Henry L. Stephens,1851,/collections/comic-natural-history/stephens-natural-history-9.jpg,2261,3049,,"animals,birds,hummingbirds"
6cc51b6d-5603-462a-b580-ecfd010f349b,Milliner Bird,Henry L. Stephens,1851,/collections/comic-natural-history/stephens-natural-history-15.jpeg,2248,2948,,"animals,birds"
776fad3b-56c0-4752-a5a7-d48d219986f7,Little Dear,Henry L. Stephens,1851,/collections/comic-natural-history/stephens-natural-history-13.jpeg,2084,3132,,"animals,deer"
752aaddb-dd01-4a77-a838-6d94e42f135d,Jail Bird,Henry L. Stephens,1851,/collections/comic-natural-history/stephens-natural-history-10.jpeg,2124,2652,,"animals,birds"
71da26f6-38b3-4981-941c-68c3aebdab58,Gudgeon Shark,Henry L. Stephens,1851,/collections/comic-natural-history/stephens-natural-history-7.jpeg,3003,1977,,"animals,fish"
890a652b-866c-4413-ab72-5da803d4fe92,Widow Bird,Henry L. Stephens,1851,/collections/comic-natural-history/stephens-natural-history-25.jpeg,2204,3040,,"animals,birds"
9db9f5aa-39ee-4c87-86a0-5121c6ff5ea2,One of the Rats,Henry L. Stephens,1851,/collections/comic-natural-history/stephens-natural-history-18.jpeg,2919,2078,,"animals,rats"
9bb6bb58-ce4d-4ce6-98b6-699ef42d4cb2,Lark,Henry L. Stephens,1851,/collections/comic-natural-history/stephens-natural-history-12.jpeg,2368,3184,,"animals,birds"
9a140eea-5c97-467f-8602-914d6a7a352f,Hum-Bug,Henry L. Stephens,1851,/collections/comic-natural-history/stephens-natural-history-8.jpg,2092,3072,,"animals,beetles"
02f79a99-05bf-4c2c-b48a-b62328458502,Woodpecker,Henry L. Stephens,1851,/collections/comic-natural-history/stephens-natural-history-26.jpg,2326,3234,,"animals,birds"
0166d794-9bec-482c-a9ed-eacfb394f595,Giraffe,Henry L. Stephens,1851,/collections/comic-natural-history/stephens-natural-history-5.jpg,2160,3200,,animals
afc169d0-94b1-4ed7-acc0-1d30e6e608f5,King Bird,Henry L. Stephens,1851,/collections/comic-natural-history/stephens-natural-history-11.jpg,2292,3456,,"animals,bees,birds"
ab8f07f0-69a9-4d66-acc0-ed8cfd329c96,Alms House Bird,Henry L. Stephens,1851,/collections/comic-natural-history/stephens-natural-history-1.jpeg,2243,3312,,"animals,birds"
a870aa6c-d273-4ef1-9910-33e75b6a599c,The Comic Natural History,Henry L. Stephens,1851,/collections/comic-natural-history/stephens-natural-history-22.jpg,2562,3996,,"animals,birds"
b6243058-9f84-4cec-91f0-95a17afd7194,Night Hawk,Henry L. Stephens,1851,/collections/comic-natural-history/stephens-natural-history-16.jpeg,2296,3172,,"animals,birds"
be7e0cf7-6b5c-43aa-b91b-a90c1b9808f7,Mac-Arel,Henry L. Stephens,1851,/collections/comic-natural-history/stephens-natural-history-14.jpeg,2856,1896,,"animals,birds,fish"
d54c3df7-2929-48a7-8bc0-6ffd2d62212d,Old Shad & Young,Henry L. Stephens,1851,/collections/comic-natural-history/stephens-natural-history-17.jpeg,3356,2120,,"animals,fish"
f85acb95-f0a6-4921-b4b3-a8c57d1a5d07,Sun Bird,Henry L. Stephens,1851,/collections/comic-natural-history/stephens-natural-history-21.jpg,2360,3312,,"animals,birds"
f061bbad-3285-41f2-926b-60db1fca37c4,Catamaran Speel's Owl,Henry L. Stephens,1851,/collections/comic-natural-history/stephens-natural-history-3.jpg,2272,3260,,"animals,birds,lions,owls"
1ecc1781-575d-4b5e-b4a3-4c156580b408,Alligator and spectators during feeding time,,ca. 1907,/collections/los-angeles-alligator-farm/alligator-farm-7.jpg,5100,4088,,"animals,reptiles"
2d6539c8-372c-456f-bddb-0edca00f219c,Four-year old alligators sunning,,ca. 1907,/collections/los-angeles-alligator-farm/alligator-farm-3.jpg,5100,4082,,"animals,reptiles"
399b68a1-5b04-41d2-abf4-381ce0eb3814,Young alligators,,ca. 1907,/collections/los-angeles-alligator-farm/alligator-farm-18.jpg,6300,5000,,"animals,reptiles"
3070ffd3-952e-4d45-88ba-2709697fa400,Mother alligator with her congregation,,ca. 1907,/collections/los-angeles-alligator-farm/alligator-farm-10.jpg,5100,4081,,"animals,reptiles"
3673c327-2bd3-47ae-bc82-b272b6a23316,Alligator named Big Mug,,ca. 1907,/collections/los-angeles-alligator-farm/alligator-farm-8.jpg,5100,4058,,"animals,reptiles"
459ef335-598e-4d20-8669-6df59b5c649e,Hypnotising an alligator,,ca. 1907,/collections/los-angeles-alligator-farm/alligator-farm-15.jpg,6143,4867,,"animals,reptiles"
4a443cc5-82da-47a3-a950-f6d2e68751f2,Walking an alligator on lead,,ca. 1907,/collections/los-angeles-alligator-farm/alligator-farm-13.jpg,5100,4047,,"animals,reptiles"
4280382d-d2c5-4bce-ac52-5f45d4901c3d,Young alligators in a pen,,ca. 1907,/collections/los-angeles-alligator-farm/alligator-farm-1.jpg,5100,4102,,"animals,reptiles"
782824fa-4187-44ed-b7a2-b1c9ee6b05d8,Alligator sunning,,ca. 1907,/collections/los-angeles-alligator-farm/alligator-farm-17.jpg,6300,5000,,"animals,reptiles"
7602e604-90af-4810-b6c3-2c014b882f99,Tickling an alligator,,ca. 1907,/collections/los-angeles-alligator-farm/alligator-farm-9.jpg,5100,4105,,"animals,reptiles"
880f47e2-2600-4266-a9e7-50455edb253c,Alligators and their pond,,ca. 1907,/collections/los-angeles-alligator-farm/alligator-farm-2.jpg,6418,4988,,"animals,reptiles"
ba435f7f-839c-4a28-8e92-26993d9ceb6b,Hypnotising an alligator,,ca. 1907,/collections/los-angeles-alligator-farm/alligator-farm-12.jpg,5100,4082,,"animals,reptiles"
bed24ade-66f2-4171-ab08-24b0e34b7c5c,Alligators going down a toboggan slide,,ca. 1907,/collections/los-angeles-alligator-farm/alligator-farm-11.jpg,5100,4075,,"animals,reptiles"
bba07760-7633-4358-b254-14059abbc130,Feeding the alligators,,ca. 1907,/collections/los-angeles-alligator-farm/alligator-farm-6.jpg,5100,4117,,"animals,reptiles"
c6a86782-1c8b-44f6-8fdc-8b6c7eb38cd8,Alligator named Okeechobee,,ca. 1907,/collections/los-angeles-alligator-farm/alligator-farm-4.jpg,5100,4096,,"animals,reptiles"
c461cea6-2e14-47e9-ba60-a7633b02d464,Alligator purse above incubator,,ca. 1907,/collections/los-angeles-alligator-farm/alligator-farm-5.jpg,5100,4079,,"animals,reptiles"
c17bfece-0a85-4f58-882b-d3ccda541bad,Child playing with young alligators,,ca. 1907,/collections/los-angeles-alligator-farm/alligator-farm-16.jpg,5100,4086,,"animals,reptiles"
f8070bc9-ed63-41a2-a6ad-6b56222af82d,Keeper feeding what looks to be a chicken to an alligator,,ca. 1907,/collections/los-angeles-alligator-farm/alligator-farm-14.jpg,5100,4082,,"animals,reptiles"
1d080ed5-34a8-4255-9d6a-8bc550b7959b,Early Xenotransfusion from Lamb to Man,Matthias Gottfried Purmann,1705,/essays/beast-in-the-blood/01-early-blood-transfusion-m-edit.jpeg,787,992,,animals
52dfec39-ddcc-44e0-b334-0a7c7fcec23d,Everything as a Precaution,Nicolas Guerard,17th century,/essays/beast-in-the-blood/04-nlm_nlmuid-101393195-img-edit.jpg,2384,3220,,animals
6f4592ba-acd6-47c6-b457-04e70c67a160,The Fox and the Crow,Jacques Bailly; Sébastien Leclerc,1675,/essays/beast-in-the-blood/fox-crow-versailles.jpeg,1574,1077,,animals
68bc5b8c-cb88-4add-a8ed-678cc0afd6bd,Engravings of blood transfusion and intravenous injection from Johann Sigismund Elsholtz’s <i>Clysmatica Nova</i> (1667).,,1667,/essays/beast-in-the-blood/06-Clysmatica-nova-triple.jpeg,3232,1734,,"animals,bears"
066bb908-4148-44a4-b224-b90482fae773,Jean Denis Performing a Xenotransfusion from Dog to Man,,1693,/essays/beast-in-the-blood/08-denis-transfusion-edit.jpeg,2665,2102,,animals
6b56ba8b-abb0-41c4-b0e9-dfd11f40172d,Bhadrakali with Companions,,ca. 1660-70,/collections/basohli-beetle-paintings/basohli-beetles-1.jpg,1500,1388,,"animals,beetles"
74fce66e-f103-417b-a327-bac0ded44e91,"Roseate Spoonbills, Sunrise or Sunset, and Red Flamingoes",Gerald H. Thayer,1909,/collections/concealing-coloration/concealing-coloration-9.jpg,978,1500,,"animals,zoology"
d04f88a9-2c39-4a61-8922-ae0fac89d057,Spoonbills camouflage at sunrise and sunset.,Gerald H. Thayer,1909,/collections/concealing-coloration/concealing-coloration-8.jpg,978,1500,,"animals,birds,zoology"
104f14c8-17dd-4ffa-af87-2ce35318c603,Balamut. Batum,Sergei Prokudin-Gorsky,ca. 1910,/shop/master-pnp-prokc-21500-21503u.jpeg,800,797,,"animals,fish"
dadb5583-615d-41a0-8a37-d6246bb8548e,White Fox. Stuffed Animals from the Collection of N. P. Alin in Cherdyn,Sergei Prokudin-Gorsky,1910,/essays/in-search-of-true-color/05-service-pnp-prokc-20600-20699v.jpeg,1024,1018,,"animals,cats"
038bd2b1-27e1-44fa-9de6-f5f76b4a6eb7,“She beckoned to Veikko”,Jay Van Everen,1922,/collections/mighty-mikko/mikko-7.jpg,983,1400,,animals
ab3521f2-f62e-42e9-9c7b-2311f3d5d09f,“The old king snake has wound himself around Osmo's arm”,Jay Van Everen,1922,/collections/mighty-mikko/mikko-2.jpg,983,1400,,animals
19a42bd9-45bb-4a74-b85e-c034e9f83a77,,John Bingley Garland,ca. 1850–60,/collections/garland-blood-collages/blood-book-28.jpg,1854,1502,,"animals,butterflies"
24a61bb3-6be5-4506-a306-b4b584f57c66,,John Bingley Garland,ca. 1850–60,/collections/garland-blood-collages/blood-book-23.jpg,1814,1364,,animals
451e3dcb-443c-454c-8044-aa497e0f7fb4,,John Bingley Garland,ca. 1850–60,/collections/garland-blood-collages/blood-book-33.jpg,1836,1358,,animals
60f84a4e-1bfb-4d51-9b76-45a723c80e72,,John Bingley Garland,ca. 1850–60,/collections/garland-blood-collages/blood-book-40.jpg,1848,1519,,animals
810301ba-b7e3-48d9-ab53-c06a1e8c964b,,John Bingley Garland,ca. 1850–60,/collections/garland-blood-collages/blood-book-10.jpg,1846,1436,,animals
905035aa-a85f-4cf0-be33-a7bb167044bd,,John Bingley Garland,ca. 1850–60,/collections/garland-blood-collages/blood-book-19.jpg,1818,1386,,animals
087bfab4-57f2-4eb6-8839-6a7ae97e64da,,John Bingley Garland,ca. 1850–60,/collections/garland-blood-collages/blood-book-26.jpg,1849,1478,,"animals,horses,snakes"
b95e17d5-4891-4ce7-b2f1-fb42239af1c2,,John Bingley Garland,ca. 1850–60,/collections/garland-blood-collages/blood-book-21.jpg,1790,1368,,"animals,snakes"
c1977e2f-6946-4ec9-9502-7c0c1563fc89,,John Bingley Garland,ca. 1850–60,/collections/garland-blood-collages/blood-book-27.jpg,1816,1372,,"animals,butterflies,snakes"
c0aef57e-5b3f-4cee-848f-8672fe2544ab,The Origins of Russia Are Lost in the Darkness of Antiquity,Gustave Doré,1854,/essays/before-black-square/19-gpl_2713895_0015-edit-bigger-crop.jpeg,2706,2654,,animals
7aeafbcb-03d4-4221-a619-706320308870,Alexander's Diving Trip,,ca. 1325,/collections/alexander-bathysphere/alexander-bathysphere-1.jpg,842,1068,,"animals,marine,whales"
6d883b76-54e6-4d75-9d4d-358e5c12ce07,The Fontana dell’Aquilone in the Vatican Gardens,Giovanni Franceso Venturini,1675,/essays/petrified-waters/03-Falda-grotto-style-fountain.jpeg,1220,875,,animals
cc8fe06e-a69b-47d2-b54d-89bf9e0f5663,Frontispiece for *Osteologia*,Jan Luyken,1680,/collections/luyken-osteologia/luyken-frontispiece.jpg,852,1400,,animals
88743437-295b-4a28-aaf9-28702df40b97,,Philipp Hainhofer,1596–1633,/collections/hainhofer-stammbuch/hainhofer-stammbuch-151.jpg,1059,1400,,animals
cb97f3cb-ea89-489f-a5f9-a6913afcda9f,,Philipp Hainhofer,1596–1633,/collections/hainhofer-stammbuch/hainhofer-stammbuch-056.jpeg,806,1068,,"animals,lions"
dfb3226c-9671-4ff9-8250-e80bb2afd58a,,Philipp Hainhofer,1596–1633,/collections/hainhofer-stammbuch/hainhofer-stammbuch-181.jpg,1127,1400,,"animals,dogs"
249950a7-f3e5-4b03-b990-dcfec48d317e,Creation,,ca. 1330,/collections/holkham-bible/holkham-bible-2.jpeg,920,1247,,animals
30cd1563-1363-4b79-b17b-edb1f5dd9fee,The Harrowing of Hell,,ca. 1330,/collections/holkham-bible/holkham-bible-33.jpeg,898,1204,,animals
308cd424-a42d-4698-88f4-50397d8e4185,The Crucifixion,,ca. 1330,/collections/holkham-bible/holkham-bible-29.jpeg,919,1233,,"animals,horses"
054b5a75-b1a3-404a-90c4-a4d611d5b52f,After the fall,,ca. 1330,/collections/holkham-bible/holkham-bible-6.jpeg,850,1169,,animals
eccb6cbd-72ea-4a30-abf6-b9fd83f68ceb,Christ scourged; Peter's denial,,ca. 1330,/collections/holkham-bible/holkham-bible-25.jpeg,884,1201,,animals
347e2e00-38d9-4276-8f31-87e7cefe42fb,,William Baillie-Grohman,1913,/collections/sport-in-art/sportinart_0123.jpg,840,1200,,"animals,dogs,horses"
43e5c99c-b4d3-437e-a789-52ccbe3cbc8f,,William Baillie-Grohman,1913,/collections/sport-in-art/sportinart_0216.jpg,1400,1222,,"animals,dogs,lions"
5ace34e6-551c-4cfe-b15a-70de3f92b7e6,,William Baillie-Grohman,1913,/collections/sport-in-art/sportinart_0169.jpg,1400,1207,,animals
5c031705-cb5a-4ff6-ba29-ad134f3e07d3,,William Baillie-Grohman,1913,/collections/sport-in-art/sportinart_0121.jpg,1400,1239,,animals
5db35dbc-a581-47b4-b59a-8b318edb378e,,William Baillie-Grohman,1913,/collections/sport-in-art/sportinart_0075.jpg,878,1200,,"animals,birds"
70e766dc-31a6-4ccf-b839-2f4a4ede766a,,William Baillie-Grohman,1913,/collections/sport-in-art/sportinart_0201.jpg,1400,1108,,"animals,deer,wildlife"
7aed1dd5-b266-4266-b1fe-53c6fe0d7d8f,,William Baillie-Grohman,1913,/collections/sport-in-art/sportinart_0131.jpg,1400,1117,,"animals,deer"
7c3b4a46-5337-494b-b0ce-9a2087cc96c0,,William Baillie-Grohman,1913,/collections/sport-in-art/sportinart_0055.jpg,1400,1262,,"animals,deer"
870fbf6d-7fb6-4779-b331-c7e0bb6ed67a,,William Baillie-Grohman,1913,/collections/sport-in-art/sportinart_0313.jpg,940,1200,,"animals,horses"
8bd57579-1f87-42a2-a4d3-866046cda8e8,,William Baillie-Grohman,1913,/collections/sport-in-art/sportinart_0287.jpg,1400,1303,,animals
89fd399d-3aac-4ae6-9b5f-7e2f3de9b7ca,,William Baillie-Grohman,1913,/collections/sport-in-art/sportinart_0204.jpg,1400,1113,,"animals,wildlife"
95a2d4b7-ae95-4f68-b4ee-e17743719782,,William Baillie-Grohman,1913,/collections/sport-in-art/sportinart_0387.jpg,1400,1169,,animals
94cf0e5d-2632-46ef-a8f5-a0810a63bb7c,,William Baillie-Grohman,1913,/collections/sport-in-art/sportinart_0375.jpg,1400,1147,,"animals,wildlife"
9c2a54ee-ea6b-4b05-adef-6ecb7c4dd86d,,William Baillie-Grohman,1913,/collections/sport-in-art/sportinart_0089.jpg,772,1200,,animals
92bffd22-7ccd-4da2-8526-8244ccfe9598,,William Baillie-Grohman,1913,/collections/sport-in-art/sportinart_0010.jpg,806,1200,,"animals,wildlife"
03f24110-5621-4245-8643-1bc70b1a6c2a,,William Baillie-Grohman,1913,/collections/sport-in-art/sportinart_0129.jpg,866,1200,,animals
bbdfab1e-8ef3-4c10-bc8a-013db1b0b8cc,,William Baillie-Grohman,1913,/collections/sport-in-art/sportinart_0053.jpg,1400,1317,,animals
c82e4521-5942-4660-baff-23e736bed0a2,,William Baillie-Grohman,1913,/collections/sport-in-art/sportinart_0067.jpg,817,1200,,"animals,dogs"
d2cbc699-9208-4ebf-bddb-3a1fac7995a2,,William Baillie-Grohman,1913,/collections/sport-in-art/sportinart_0286.jpg,1400,1225,,animals
de0d0536-363b-4468-ad63-22edda918fef,,William Baillie-Grohman,1913,/collections/sport-in-art/sportinart_0161.jpg,1400,993,,animals
dfa08740-67b6-48de-96b0-60ae04e3af72,,William Baillie-Grohman,1913,/collections/sport-in-art/sportinart_0040.jpg,1400,1338,,"animals,dogs"
f56d258c-9793-44bb-9e8f-589779349cdf,,William Baillie-Grohman,1913,/collections/sport-in-art/sportinart_0057.jpg,1400,1326,,"animals,dogs"
aedef28c-4a2a-494d-88a6-af0f66d6974c,Siren Lacertina and Siren Bartholini,,1789,/essays/mermaids-and-tritons/siren-linnaeus.jpg,1161,584,,animals
2b28a73c-072c-4a0f-a82a-cd59128c33b2,,Martin Gerlach,1897,/collections/martin-gerlach-festons/RP-F-2002-21-4-27.jpg,1034,1400,,"animals,birds,wildlife"
23eae6c8-97b8-4577-a4a6-c58068277175,,Martin Gerlach,1897,/collections/martin-gerlach-festons/RP-F-2002-21-2-3.jpg,1037,1400,,"animals,birds,fauna"
39fc95c6-f54f-4e47-91d4-643ff70da27c,,Martin Gerlach,1897,/collections/martin-gerlach-festons/RP-F-2002-21-4-22.jpg,1036,1400,,"animals,birds"
3abd6a6a-f928-41f2-8e55-52467063cc59,,Martin Gerlach,1897,/collections/martin-gerlach-festons/RP-F-2002-21-3-25.jpg,1031,1400,,"animals,birds,lizards,moths"
49963a97-c9ec-4715-83fc-9326d51ceb22,,Martin Gerlach,1897,/collections/martin-gerlach-festons/RP-F-2002-21-3-30.jpg,1031,1400,,"animals,birds,ornithology,wildlife"
4da52d51-632d-4bb0-bda4-0d1706ab9e44,,Martin Gerlach,1897,/collections/martin-gerlach-festons/RP-F-2002-21-3-17.jpg,1036,1400,,"animals,birds"
4a569767-27a1-4f7d-96d2-be7eba8c40cb,,Martin Gerlach,1897,/collections/martin-gerlach-festons/RP-F-2002-21-2-23.jpg,1400,1043,,"animals,birds,ornithology"
4ccc9345-9b7f-4efc-bd26-be6847dfa3b1,,Martin Gerlach,1897,/collections/martin-gerlach-festons/RP-F-2002-21-2-11.jpg,1400,1037,,"animals,birds,fauna,wildlife"
448be463-ef81-4ac2-9b18-abddecd06123,,Martin Gerlach,1897,/collections/martin-gerlach-festons/RP-F-2002-21-1-30.jpg,1039,1400,,"animals,birds"
49bc82f8-e1af-4f0d-97b9-060c1411aa86,,Martin Gerlach,1897,/collections/martin-gerlach-festons/RP-F-2002-21-1-5.jpg,1400,1015,,"animals,birds"
67a3fe22-56bd-4e28-a231-275dc3df3247,,Martin Gerlach,1897,/collections/martin-gerlach-festons/RP-F-2002-21-2-18.jpg,1400,1035,,"animals,birds,marine,shells"
6630d5fa-8720-440f-8ad1-df0491e05456,,Martin Gerlach,1897,/collections/martin-gerlach-festons/RP-F-2002-21-2-16.jpg,1023,1400,,"animals,birds,owls"
6ef80f1e-3662-4152-a4bf-b7a0903be5a0,,Martin Gerlach,1897,/collections/martin-gerlach-festons/RP-F-2002-21-2-6.jpg,1400,1046,,"animals,birds"
6242c9f3-6267-40c5-a1b4-889045472b21,,Martin Gerlach,1897,/collections/martin-gerlach-festons/RP-F-2002-21-1-6.jpg,1047,1400,,"animals,birds"
8ab0257f-fb5b-45e9-a8f2-237ea923380e,,Martin Gerlach,1897,/collections/martin-gerlach-festons/RP-F-2002-21-2-24.jpg,1030,1400,,"animals,birds"
84876897-aea6-47c6-bbbd-a3509849e4aa,,Martin Gerlach,1897,/collections/martin-gerlach-festons/RP-F-2002-21-2-7.jpg,1040,1400,,"animals,birds,fauna"
92072e6b-ed02-4262-b1e0-a9918b8aeb60,,Martin Gerlach,1897,/collections/martin-gerlach-festons/RP-F-2002-21-1-22.jpg,1040,1400,,"animals,birds,wildlife"
0dcea6ba-a5cc-4ded-8e53-9bf13c3895fb,,Martin Gerlach,1897,/collections/martin-gerlach-festons/RP-F-2002-21-3-2.jpg,1042,1400,,"animals,birds,deer"
09a72e6c-2f68-4b59-a57b-6aa59f5dd30d,,Martin Gerlach,1897,/collections/martin-gerlach-festons/RP-F-2002-21-2-20.jpg,1400,1045,,"animals,birds"
0ff2e483-ee33-4fd4-91c0-617c08bf2126,,Martin Gerlach,1897,/collections/martin-gerlach-festons/RP-F-2002-21-2-19.jpg,1043,1400,,"animals,birds,butterflies,lizards,wildlife"
0559aa51-81cf-49ba-aca0-2994c27214ba,,Martin Gerlach,1897,/collections/martin-gerlach-festons/RP-F-2002-21-2-17.jpg,1400,1033,,"animals,birds,fauna"
afded7a3-24b3-473f-bef4-9d0d750ba016,,Martin Gerlach,1897,/collections/martin-gerlach-festons/RP-F-2002-21-1-7.jpg,1044,1400,,"animals,birds,fauna,rabbits"
b9e2335e-60da-4396-88fd-ca6c3caf4a62,,Martin Gerlach,1897,/collections/martin-gerlach-festons/RP-F-2002-21-3-12.jpg,1038,1400,,"animals,birds,wildlife"
c91e4a94-3acb-4196-8c0e-2fa7914c039d,,Martin Gerlach,1897,/collections/martin-gerlach-festons/RP-F-2002-21-3-29.jpg,1400,1037,,"animals,birds"
c965780c-dad5-410e-8b3f-d9240d921c10,,Martin Gerlach,1897,/collections/martin-gerlach-festons/RP-F-2002-21-2-27.jpg,1025,1400,,"animals,birds,fauna,lions"
d2dd3c1b-a6ad-4355-9e5a-12c723895ca5,,Martin Gerlach,1897,/collections/martin-gerlach-festons/RP-F-2002-21-3-7.jpg,1041,1400,,"animals,birds"
d6532070-2f97-435e-a4d7-a159694f2e70,,Martin Gerlach,1897,/collections/martin-gerlach-festons/RP-F-2002-21-2-5.jpg,1041,1400,,"animals,birds"
e1e93b1e-4117-478d-8be8-b958366fa57c,,Martin Gerlach,1897,/collections/martin-gerlach-festons/RP-F-2002-21-4-12.jpg,1032,1400,,"animals,birds"
eb2f2191-f4ae-436b-ae7f-d0981c7b6923,,Martin Gerlach,1897,/collections/martin-gerlach-festons/RP-F-2002-21-3-23.jpg,1040,1400,,"animals,birds"
eb043f0e-c111-4382-834f-73135cd41eda,,Martin Gerlach,1897,/collections/martin-gerlach-festons/RP-F-2002-21-2-2.jpg,1039,1400,,"animals,birds,fauna,wildlife"
e4ffcfa2-8e79-4a51-a12f-4fb05f504f5f,,Martin Gerlach,1897,/collections/martin-gerlach-festons/RP-F-2002-21-2-1.jpg,1044,1400,,"animals,birds,butterflies,fauna,insects,moths"
f0dfcff6-6472-4cfd-b7fe-3cc2d7b9d7da,,Martin Gerlach,1897,/collections/martin-gerlach-festons/RP-F-2002-21-4-16.jpg,1400,1036,,"animals,birds,fauna,monkeys,wildlife"
f7f95689-4826-45a0-b88b-ed0e12f22c3d,,Martin Gerlach,1897,/collections/martin-gerlach-festons/RP-F-2002-21-3-19.jpg,1038,1400,,"animals,birds,ducks,wildlife"
8e86e367-b1eb-4c8d-9faa-2fee17e91b3c,"Spiral structures as seen in shells, horns, tusks, teeth, feathers, proboscides, tentacles.",James Bell Pettigrew,1908,/essays/the-spiralist/pettigrew-2.jpg,1728,2256,,"animals,shells,snakes"
d285865a-6a80-4264-9fd1-860fc9224210,"Spiral formation of human bones as seen in the arm, leg, vertebral column, clavicle, scapula, and pelvis.",James Bell Pettigrew,1908,/essays/the-spiralist/pettigrew-5.jpg,1184,1614,,animals
9a232caf-6ac5-442f-8c65-0cdf444f8c2e,,Lewis Carroll,1864,/collections/carroll-illustrations-for-alice-undergound/Lewis-Carroll-Alice-Under-Ground-20.jpg,1400,781,,animals
69cb01b8-c1f3-4a14-afbe-b3dc557ce2cf,Cats for the Stations of the Tokaido Road,Utagawa Kuniyoshi,ca. 1847,/shop/nov-2020-prints-new-00041.jpeg,808,1200,,"animals,cats"
6b46caa8-941c-405e-b1ce-37a7e99bd2fa,A Whale and Three Fish Sitting Down to a Formal Dinner of Russian Sailors,Kobayashi Kiyochika,1904,/shop/nov-2020-prints-new-00040.jpg,796,1200,,animals
218103c8-7fe9-498b-a387-ec0c163c5213,White Horse,Joris Hoefnagel,late 17th century,/shop/nov-2020-prints-new-00026.jpg,1200,947,,"animals,horses"
aeb559e0-e3f7-4cfd-becb-cef3db01b5d5,Two Goats as Leaf Ornament,Anthonie de Winter,1698,/shop/nov-2020-prints-new-00009.jpg,1200,831,,"animals,lions"
fd9ef8cc-7be7-48f2-ab3d-faee25f6e721,Sulphur-crested Cockatoo,Anonymous,ca. 1600,/shop/nov-2020-prints-new-00029.jpg,747,1000,,"animals,birds"
4187f725-5dd7-4eb9-8ac3-c8c772f78f0e,Doctor Syntax Drawing After Nature,Thomas Rowlandson,1813,/collections/dr-syntax/dr-syntax-00051.jpg,1400,827,,animals
83d09476-0215-4f37-a3ee-4dabf1f5db10,Doctor Syntax Loses His Money on the Race Ground at York,Thomas Rowlandson,1813,/collections/dr-syntax/dr-syntax-00033.jpg,1400,854,,"animals,horses"
08929c5f-56cc-4874-8331-44f2170ca7e8,,William Elliot Griffis,1922,/collections/korean-fairy-tales/koreanfairytales00grif_0097.jpg,644,1000,,"animals,birds,cats"
183d9acc-acee-47c5-b8a0-247f75da6b70,,,ca. 1350,/collections/jacob-van-maerlant-der-naturen-bloeme/der-naturen-bloeme-00011.jpeg,803,513,,animals
14ddbde5-514b-4efa-bc9b-c4a77718e596,,,ca. 1350,/collections/jacob-van-maerlant-der-naturen-bloeme/der-naturen-bloeme-00010.jpeg,746,550,,animals
1240536b-8a10-439f-b28d-8107acf9b7a6,,,ca. 1350,/collections/jacob-van-maerlant-der-naturen-bloeme/der-naturen-bloeme-00006.jpeg,792,515,,animals
148a9fe0-a9ab-44dc-91c9-190d56a87127,,,ca. 1350,/collections/jacob-van-maerlant-der-naturen-bloeme/der-naturen-bloeme-00005.jpeg,735,702,,animals
2610007b-8d8c-456e-892f-f6e14209cdee,,,ca. 1350,/collections/jacob-van-maerlant-der-naturen-bloeme/der-naturen-bloeme-00054.jpeg,796,498,,animals
26f51d2b-df57-4184-acf9-8b1522b7882b,,,ca. 1350,/collections/jacob-van-maerlant-der-naturen-bloeme/der-naturen-bloeme-00050.jpeg,871,768,,"animals,fish"
225b2d79-45a1-49ef-b02b-1221ef462195,,,ca. 1350,/collections/jacob-van-maerlant-der-naturen-bloeme/der-naturen-bloeme-00035.jpeg,737,717,,"animals,fish"
29354f54-0eb0-4d68-990b-440d292043fa,,,ca. 1350,/collections/jacob-van-maerlant-der-naturen-bloeme/der-naturen-bloeme-00022.jpeg,801,694,,animals
23f06c07-3468-407e-99d3-d3ee58c8b5d1,,,ca. 1350,/collections/jacob-van-maerlant-der-naturen-bloeme/der-naturen-bloeme-00016.jpeg,776,583,,animals
2e1a8943-7bda-4733-8fe3-3a1dc94a6760,,,ca. 1350,/collections/jacob-van-maerlant-der-naturen-bloeme/der-naturen-bloeme-00013.jpeg,738,475,,"animals,rabbits"
2c912149-1580-40ef-89d7-2fd09fdfdaa0,,,ca. 1350,/collections/jacob-van-maerlant-der-naturen-bloeme/der-naturen-bloeme-00008.jpeg,748,619,,animals
387772a0-51f6-44c7-bcd9-662f0550cc42,,,ca. 1350,/collections/jacob-van-maerlant-der-naturen-bloeme/der-naturen-bloeme-00062.jpeg,755,454,,"animals,worms"
30e0c57f-bcf7-4035-bdde-c5868ca45b9a,,,ca. 1350,/collections/jacob-van-maerlant-der-naturen-bloeme/der-naturen-bloeme-00061.jpeg,744,454,,animals
37389348-f644-4061-8790-775d16affbc5,,,ca. 1350,/collections/jacob-van-maerlant-der-naturen-bloeme/der-naturen-bloeme-00039.jpeg,791,638,,"animals,fish"
35c5c10b-4829-489c-864f-a427d7a2fa21,,,ca. 1350,/collections/jacob-van-maerlant-der-naturen-bloeme/der-naturen-bloeme-00024.jpeg,735,640,,"animals,birds"
30d968a8-e874-4912-8db8-1b9baeb8f4cf,,,ca. 1350,/collections/jacob-van-maerlant-der-naturen-bloeme/der-naturen-bloeme-00014.jpeg,817,673,,"animals,elephants"
34a296b3-2e5b-4f5b-9137-be815a549451,,,ca. 1350,/collections/jacob-van-maerlant-der-naturen-bloeme/der-naturen-bloeme-00009.jpeg,795,690,,animals
42e1803f-62bf-40fe-9cc5-fddeac77f1e1,,,ca. 1350,/collections/jacob-van-maerlant-der-naturen-bloeme/der-naturen-bloeme-00058.jpeg,756,504,,animals
468152b2-ad2b-4d03-987c-e0ed772bf856,,,ca. 1350,/collections/jacob-van-maerlant-der-naturen-bloeme/der-naturen-bloeme-00051.jpeg,747,508,,animals
52b88da7-d0c9-4b5e-9f5e-e7bc760d9914,,,ca. 1350,/collections/jacob-van-maerlant-der-naturen-bloeme/der-naturen-bloeme-00056.jpeg,766,426,,"animals,bees"
5fbe2a77-0876-456a-9d8e-c4ff4ee3d3de,,,ca. 1350,/collections/jacob-van-maerlant-der-naturen-bloeme/der-naturen-bloeme-00029.jpeg,779,643,,"animals,ducks"
51780418-0c8f-4ebb-a88e-aa392c87d900,,,ca. 1350,/collections/jacob-van-maerlant-der-naturen-bloeme/der-naturen-bloeme-00012.jpeg,768,503,,"animals,goats"
67fbfd9f-73a5-4fc1-9281-c07a6cd23530,,,ca. 1350,/collections/jacob-van-maerlant-der-naturen-bloeme/der-naturen-bloeme-00055.jpeg,741,512,,"animals,beetles,insects"
6b4c2044-6f6e-4063-9a3d-1fd7b11e58e5,,,ca. 1350,/collections/jacob-van-maerlant-der-naturen-bloeme/der-naturen-bloeme-00046.jpeg,812,527,,animals
6e3bae01-f570-4d8c-9b51-838646da2be3,,,ca. 1350,/collections/jacob-van-maerlant-der-naturen-bloeme/der-naturen-bloeme-00045.jpeg,807,647,,"animals,fish"
6f3c3152-453c-4c0b-ada2-7dce33ff5309,,,ca. 1350,/collections/jacob-van-maerlant-der-naturen-bloeme/der-naturen-bloeme-00044.jpeg,772,512,,animals
767314c8-7b02-46f7-a831-ac91980718eb,,,ca. 1350,/collections/jacob-van-maerlant-der-naturen-bloeme/der-naturen-bloeme-00036.jpeg,804,516,,"animals,fish"
88b8ebbe-d0bb-48e6-9a1c-ccac0ad49446,,,ca. 1350,/collections/jacob-van-maerlant-der-naturen-bloeme/der-naturen-bloeme-00057.jpeg,729,520,,"animals,bees"
8ed37afd-8277-4040-bf1f-0d35cd0d2865,,,ca. 1350,/collections/jacob-van-maerlant-der-naturen-bloeme/der-naturen-bloeme-00041.jpeg,847,631,,"animals,fish"
8f6f9aca-b63a-4bc6-9320-5a0a09ca7649,,,ca. 1350,/collections/jacob-van-maerlant-der-naturen-bloeme/der-naturen-bloeme-00031.jpeg,731,702,,"animals,birds,owls"
8c77895c-5429-4246-bdab-246512c5f5e5,,,ca. 1350,/collections/jacob-van-maerlant-der-naturen-bloeme/der-naturen-bloeme-00027.jpeg,792,787,,"animals,birds"
84da8220-6431-4dc2-b0a8-02c0ed6b685b,,,ca. 1350,/collections/jacob-van-maerlant-der-naturen-bloeme/der-naturen-bloeme-00026.jpeg,834,477,,"animals,birds"
88d0b3e7-3dae-45f3-aa58-b820e724a0aa,,,ca. 1350,/collections/jacob-van-maerlant-der-naturen-bloeme/der-naturen-bloeme-00023.jpeg,764,690,,"animals,birds"
9a67b01b-05c1-458f-8e62-7d22183e6d1b,,,ca. 1350,/collections/jacob-van-maerlant-der-naturen-bloeme/flower-of-nature-thumb.jpg,1178,857,,"animals,fish"
953a75bc-85e3-4bcc-91d2-f31191e0ab5c,,,ca. 1350,/collections/jacob-van-maerlant-der-naturen-bloeme/der-naturen-bloeme-00059.jpeg,701,429,,"animals,fish"
98988741-7512-4470-865e-2cbed564103b,,,ca. 1350,/collections/jacob-van-maerlant-der-naturen-bloeme/der-naturen-bloeme-00047.jpeg,754,574,,animals
9aaeb966-920d-443f-9799-aa284734f0ce,,,ca. 1350,/collections/jacob-van-maerlant-der-naturen-bloeme/der-naturen-bloeme-00021.jpeg,796,496,,animals
068cdaa4-ce54-46bd-b033-f28acec6bba8,,,ca. 1350,/collections/jacob-van-maerlant-der-naturen-bloeme/der-naturen-bloeme-00043.jpeg,731,656,,"animals,fish"
09bc662b-9cdc-416f-abd5-ec3cfe38c279,,,ca. 1350,/collections/jacob-van-maerlant-der-naturen-bloeme/der-naturen-bloeme-00007.jpeg,750,657,,"animals,rabbits"
a5e2fed8-3665-404b-a8ff-a8c18de039f7,,,ca. 1350,/collections/jacob-van-maerlant-der-naturen-bloeme/der-naturen-bloeme-00030.jpeg,847,904,,animals
a20b6960-ae44-4bb7-86ea-741138bc53c0,,,ca. 1350,/collections/jacob-van-maerlant-der-naturen-bloeme/der-naturen-bloeme-00018.jpeg,764,395,,animals
ad21c763-1cba-4497-a1b3-fe5883d4affe,,,ca. 1350,/collections/jacob-van-maerlant-der-naturen-bloeme/der-naturen-bloeme-00003.jpeg,791,558,,animals
b8873d57-fa1a-45dd-b586-64b97cb0e9ca,,,ca. 1350,/collections/jacob-van-maerlant-der-naturen-bloeme/der-naturen-bloeme-00049.jpeg,743,759,,animals
b7029fba-6951-41b1-9239-9ad8a021f324,,,ca. 1350,/collections/jacob-van-maerlant-der-naturen-bloeme/der-naturen-bloeme-00048.jpeg,832,668,,"animals,fish"
b02e6a28-ca00-447e-901c-9b9887c4e434,,,ca. 1350,/collections/jacob-van-maerlant-der-naturen-bloeme/der-naturen-bloeme-00025.jpeg,752,565,,"animals,birds,owls"
b96dc2c0-ab9f-4fe4-b8bc-d0fa66d80acd,,,ca. 1350,/collections/jacob-van-maerlant-der-naturen-bloeme/der-naturen-bloeme-00020.jpeg,725,556,,"animals,primates"
bb74c27b-65c6-4357-b3cf-22332188a273,,,ca. 1350,/collections/jacob-van-maerlant-der-naturen-bloeme/der-naturen-bloeme-00004.jpeg,795,561,,animals
c1bc1c46-ebe7-4db1-8fbe-6ee895c189ae,,,ca. 1350,/collections/jacob-van-maerlant-der-naturen-bloeme/der-naturen-bloeme-00060.jpeg,727,461,,animals
c0e0a3f4-b41f-4ccc-87b3-d850caa8acb6,,,ca. 1350,/collections/jacob-van-maerlant-der-naturen-bloeme/der-naturen-bloeme-00019.jpeg,766,766,,animals
c791a37d-24a4-4c35-8616-4f3a8e93190d,,,ca. 1350,/collections/jacob-van-maerlant-der-naturen-bloeme/der-naturen-bloeme-00017.jpeg,768,562,,animals
d05cc7da-edc4-4d4a-91e3-f08008b7a413,,,ca. 1350,/collections/jacob-van-maerlant-der-naturen-bloeme/der-naturen-bloeme-00042.jpeg,774,597,,"animals,fish"
d0396005-335d-4b7d-a293-991c46197997,,,ca. 1350,/collections/jacob-van-maerlant-der-naturen-bloeme/der-naturen-bloeme-00038.jpeg,779,570,,"animals,fish"
dd47834d-58e0-4426-bf92-d975598edd80,,,ca. 1350,/collections/jacob-van-maerlant-der-naturen-bloeme/der-naturen-bloeme-00037.jpeg,1374,810,,"animals,fish"
d503cbe8-89a5-43c7-a62b-e9cd3b6cf475,,,ca. 1350,/collections/jacob-van-maerlant-der-naturen-bloeme/der-naturen-bloeme-00033.jpeg,764,488,,"animals,birds"
e06d4652-dc7f-4132-bb99-c63539bdb5d7,,,ca. 1350,/collections/jacob-van-maerlant-der-naturen-bloeme/der-naturen-bloeme-00053.jpeg,751,512,,animals
ebf52cfd-95b0-4def-a6a8-22f8c458cfd5,,,ca. 1350,/collections/jacob-van-maerlant-der-naturen-bloeme/der-naturen-bloeme-00034.jpeg,737,437,,"animals,bats"
fe001c0d-2c26-4f61-87e3-5063e343a7a8,,,ca. 1350,/collections/jacob-van-maerlant-der-naturen-bloeme/der-naturen-bloeme-00052.jpeg,737,561,,animals
f17a45e7-d549-4c3a-8125-16daff621e52,,,ca. 1350,/collections/jacob-van-maerlant-der-naturen-bloeme/der-naturen-bloeme-00040.jpeg,820,569,,"animals,fish"
faa252cd-2254-4463-a52e-2f3e7f3820a3,,,ca. 1350,/collections/jacob-van-maerlant-der-naturen-bloeme/der-naturen-bloeme-00032.jpeg,814,648,,"animals,birds"
fba334fd-9637-4172-b7e9-5d099f4b2d74,,,ca. 1350,/collections/jacob-van-maerlant-der-naturen-bloeme/der-naturen-bloeme-00028.jpeg,813,500,,"animals,birds"
ff4e658e-a998-4a7a-99e4-e9bc7d4deb73,,,ca. 1350,/collections/jacob-van-maerlant-der-naturen-bloeme/der-naturen-bloeme-00015.jpeg,735,574,,animals
3df95ee1-fe24-4da8-96a4-e6e1b0d54266,,Elias Ashmole,1652,/collections/theatrum-chemicum/theatrumchemicum00ashm_0075.jpg,884,1200,,animals
44916560-e19b-4b4f-8697-9c86c28bd73c,,Elias Ashmole,1652,/collections/theatrum-chemicum/theatrumchemicum00ashm_0236.jpg,941,1200,,animals
62df1b85-aa61-4d89-a656-02003889d095,,Elias Ashmole,1652,/collections/theatrum-chemicum/theatrumchemicum00ashm_0376.jpg,1019,1200,,animals
fc364b09-e5a1-4572-a023-93eb3d36061f,Earth,Maerten de Vos; Adriaen Collaert,1580-4,/collections/elements-and-temperaments-maerten-de-vos/earth.jpg,2448,2004,,animals
170df026-6380-4deb-8762-4db3079c97fd,,Edouard Joseph d’Alton,1821–1838,/collections/comparative-osteology/vergleichendeOs00Pand_0197.jpg,1754,1281,,"animals,zoology"
194b754c-e452-420a-84e8-d09d30c9c27a,,Edouard Joseph d’Alton,1821–1838,/collections/comparative-osteology/vergleichendeOs00Pand_0075.jpg,1791,1296,,"animals,zoology"
23b86ba4-efba-4d14-a41c-9ab06d8ae770,,Edouard Joseph d’Alton,1821–38,/collections/comparative-osteology/vergleichendeOs00Pand_0277.jpg,1744,1270,,"animals,zoology"
2320de75-7020-46be-994b-ce52ba446fe6,,Edouard Joseph d’Alton,1821–38,/collections/comparative-osteology/vergleichendeOs00Pand_0209.jpg,1754,1281,,"animals,zoology"
272352ed-7ca7-47ed-92d3-ce70bf5217e9,,Edouard Joseph d’Alton,1821–38,/collections/comparative-osteology/vergleichendeOs00Pand_0173.jpg,1748,1288,,"animals,zoology"
39eb185d-74a9-4840-9940-0b0b9acd8a1b,,Edouard Joseph d’Alton,1821–1838,/collections/comparative-osteology/vergleichendeOs00Pand_0175.jpg,1748,1288,,"animals,zoology"
449270d0-7ca7-4c42-b488-ba792ae55a70,,Edouard Joseph d’Alton,1821–38,/collections/comparative-osteology/vergleichendeOs00Pand_0475.jpg,1255,1719,,"animals,birds,zoology"
49648129-e4ac-401e-920c-eb1c6ba74323,,Edouard Joseph d’Alton,1821–38,/collections/comparative-osteology/vergleichendeOs00Pand_0403.jpg,3435,2509,,"animals,bats,zoology"
422384d6-4fdd-4639-9f0f-acd04b5a22c3,,Edouard Joseph d’Alton,1821–38,/collections/comparative-osteology/vergleichendeOs00Pand_0101.jpg,1770,1290,,"animals,lions,zoology"
5931c603-fde9-4647-9929-55fbca608208,,Edouard Joseph d’Alton,1821–38,/collections/comparative-osteology/vergleichendeOs00Pand_0347.jpg,3431,2530,,"animals,zoology"
5390e0e1-8dd8-4349-b1ba-ecac56077dac,,Edouard Joseph d’Alton,1821–38,/collections/comparative-osteology/vergleichendeOs00Pand_0323.jpg,1741,1274,,"animals,whales,zoology"
50e64b95-a12b-44a1-ac0d-9ac709a1d24a,,Edouard Joseph d’Alton,1821–38,/collections/comparative-osteology/vergleichendeOs00Pand_0297.jpg,3499,2550,,"animals,zoology"
58262115-ab6b-4509-ae4a-5d2887b2be66,,Edouard Joseph d’Alton,1821–38,/collections/comparative-osteology/vergleichendeOs00Pand_0267.jpg,1762,1270,,"animals,zoology"
56e71a08-9d72-4631-b878-577ab053efe6,,Edouard Joseph d’Alton,1821–38,/collections/comparative-osteology/vergleichendeOs00Pand_0069.jpg,1779,1305,,"animals,zoology"
6a2a8336-e5a4-4d93-8a7a-1bb12350e3cd,,Edouard Joseph d’Alton,1821–38,/collections/comparative-osteology/vergleichendeOs00Pand_0403-featured.jpg,1600,1134,,"animals,bats,zoology"
62aa90ca-f0d1-4919-bc3c-8d0c33512c04,,Edouard Joseph d’Alton,1821–38,/collections/comparative-osteology/vergleichendeOs00Pand_0405.jpg,3435,2509,,"animals,bats,zoology"
670e5aa4-f2f2-4056-8b38-1b7f718972a4,,Edouard Joseph d’Alton,1821–38,/collections/comparative-osteology/vergleichendeOs00Pand_0241.jpg,1740,1268,,"animals,monkeys,primates,zoology"
7e0d7d89-ac33-4af2-be5b-e234f5a64e47,,Edouard Joseph d’Alton,1821–38,/collections/comparative-osteology/vergleichendeOs00Pand_0477.jpg,1255,1719,,"animals,birds,zoology"
7bdbbc6d-b986-4cb3-9122-26e85540e2a9,,Edouard Joseph d’Alton,1821–38,/collections/comparative-osteology/vergleichendeOs00Pand_0345.jpg,1265,1716,,"animals,zoology"
75b07a38-568e-41eb-9083-f48437f94a62,,Edouard Joseph d’Alton,1821–38,/collections/comparative-osteology/vergleichendeOs00Pand_0201.jpg,1754,1281,,"animals,zoology"
853b9cf9-c327-42ac-affc-1e2141c53f25,,Edouard Joseph d’Alton,1821–38,/collections/comparative-osteology/vergleichendeOs00Pand_0167.jpg,1748,1288,,"animals,zoology"
8433beb7-bc94-47f2-9c23-fe966dc7ae42,,Edouard Joseph d’Alton,1821–38,/collections/comparative-osteology/vergleichendeOs00Pand_0141.jpg,3507,2571,,"animals,zoology"
968437c7-7fca-48a0-ad2e-244ab669b6b8,,Edouard Joseph d’Alton,1821–1838,/collections/comparative-osteology/vergleichendeOs00Pand_0349.jpg,3431,2530,,"animals,zoology"
94631fc7-e4f9-4043-849e-dfc54fb46be5,,Edouard Joseph d’Alton,1821–1838,/collections/comparative-osteology/vergleichendeOs00Pand_0079.jpg,1772,1296,,"animals,zoology"
00d9c42e-bafd-49aa-a8d9-df5d7cfea11c,,Edouard Joseph d’Alton,1821–1838,/collections/comparative-osteology/vergleichendeOs00Pand_0401.jpg,3435,2509,,"animals,zoology"
0ff1fd09-c2c3-470a-8af8-5d700dbed19b,,Edouard Joseph d’Alton,1821–1838,/collections/comparative-osteology/vergleichendeOs00Pand_0321.jpg,1741,1274,,"animals,whales,zoology"
0ed63594-fe6c-42b2-9173-a3a8d5584d53,,Edouard Joseph d’Alton,1821–1838,/collections/comparative-osteology/vergleichendeOs00Pand_0293.jpg,3499,2550,,"animals,zoology"
0575bdad-0282-433d-9e26-bb45b17238de,,Edouard Joseph d’Alton,1821–1838,/collections/comparative-osteology/vergleichendeOs00Pand_0243.jpg,1740,1268,,"animals,monkeys,primates,zoology"
0a010d81-2c8a-4dcf-bb16-7ea3cdac0e3b,,Edouard Joseph d’Alton,1821–1838,/collections/comparative-osteology/vergleichendeOs00Pand_0239.jpg,1740,1268,,"animals,monkeys,primates,zoology"
0866fc32-685a-4cd1-8e2d-2dbff2ecbcb3,,Edouard Joseph d’Alton,1821–1838,/collections/comparative-osteology/vergleichendeOs00Pand_0139.jpg,3507,2571,,"animals,zoology"
aeb73435-e802-46c4-92d4-8d598f8873d8,,Edouard Joseph d’Alton,1821–38,/collections/comparative-osteology/vergleichendeOs00Pand_0263.jpg,1762,1270,,"animals,zoology"
ad18b93a-6857-4b6a-94f6-e54d8b02e431,,Edouard Joseph d’Alton,1821–38,/collections/comparative-osteology/vergleichendeOs00Pand_0171.jpg,1748,1288,,"animals,rabbits,zoology"
addce8aa-f277-4c6e-98cb-1d5bd0264599,,Edouard Joseph d’Alton,1821–38,/collections/comparative-osteology/vergleichendeOs00Pand_0147.jpg,3507,2571,,"animals,zoology"
ac61390d-63a0-421b-be3d-974c45f82a30,,Edouard Joseph d’Alton,1821–38,/collections/comparative-osteology/vergleichendeOs00Pand_0135.jpg,1288,1756,,"animals,zoology"
a4963046-970a-47c3-b0ac-b1ddce847436,,Edouard Joseph d’Alton,1821–38,/collections/comparative-osteology/vergleichendeOs00Pand_0081.jpg,1772,1296,,"animals,pigs,zoology"
b7e96661-86e3-47f0-b99a-054c2a83ba23,,Edouard Joseph d’Alton,1821–38,/collections/comparative-osteology/vergleichendeOs00Pand_0301.jpg,3499,2550,,"animals,zoology"
b9546753-7d64-4a82-ab62-59a0edb45e48,,Edouard Joseph d’Alton,1821–38,/collections/comparative-osteology/vergleichendeOs00Pand_0233.jpg,1740,1262,,"animals,monkeys,primates,zoology"
b088ae67-772b-4176-995c-1d1dd7e197b7,,Edouard Joseph d’Alton,1821–38,/collections/comparative-osteology/vergleichendeOs00Pand_0169.jpg,1748,1288,,"animals,zoology"
bb6d0ed3-e953-4e10-8b36-c6642578f4c7,,Edouard Joseph d’Alton,1821–38,/collections/comparative-osteology/vergleichendeOs00Pand_0109.jpg,1770,1290,,"animals,zoology"
cf36149a-68f6-43ce-87eb-5e40fa25c04e,,Edouard Joseph d’Alton,1821–38,/collections/comparative-osteology/vergleichendeOs00Pand_0473.jpg,1255,1719,,"animals,birds,zoology"
c02bbaab-1190-4e56-9ecd-b2710be0cfab,,Edouard Joseph d’Alton,1821–38,/collections/comparative-osteology/vergleichendeOs00Pand_0395.jpg,3435,2509,,"animals,zoology"
c80f1817-3e9c-4ef1-98f9-9ae770159a6a,,Edouard Joseph d’Alton,1821–38,/collections/comparative-osteology/vergleichendeOs00Pand_0351.jpg,3431,2530,,"animals,zoology"
c2173b68-6350-4304-8f44-bbd3f9881daa,,Edouard Joseph d’Alton,1821–38,/collections/comparative-osteology/vergleichendeOs00Pand_0275.jpg,1744,1270,,"animals,zoology"
ca92d5e9-d19d-439d-91d8-593d3f9f98d1,,Edouard Joseph d’Alton,1821–38,/collections/comparative-osteology/vergleichendeOs00Pand_0271.jpg,1750,1270,,"animals,zoology"
cb797165-a7a2-42a4-ae6c-b5c0a97f1f35,,Edouard Joseph d’Alton,1821–38,/collections/comparative-osteology/vergleichendeOs00Pand_0235.jpg,1740,1272,,"animals,monkeys,primates,zoology"
c3a80e81-f157-4009-8279-ce32601bf550,,Edouard Joseph d’Alton,1821–38,/collections/comparative-osteology/vergleichendeOs00Pand_0205.jpg,1754,1281,,"animals,zoology"
d8273ba1-2f01-45e9-84d5-878266e9e2c6,,Edouard Joseph d’Alton,1821–38,/collections/comparative-osteology/vergleichendeOs00Pand_0435.jpg,1255,1728,,"animals,birds,zoology"
d658a1d8-0149-4bd0-8c13-29107f152eff,,Edouard Joseph d’Alton,1821–38,/collections/comparative-osteology/vergleichendeOs00Pand_0429.jpg,1250,1726,,"animals,birds,zoology"
d62ffd75-9e07-40eb-9897-9043ce81196a,,Edouard Joseph d’Alton,1821–38,/collections/comparative-osteology/vergleichendeOs00Pand_0265.jpg,1762,1270,,"animals,zoology"
dc57dfa3-b64f-4afb-91a7-3f69779813c2,,Edouard Joseph d’Alton,1821–38,/collections/comparative-osteology/vergleichendeOs00Pand_0177.jpg,1748,1288,,"animals,zoology"
da3844f2-17f3-4507-8f06-f5647c7a3732,,Edouard Joseph d’Alton,1821–38,/collections/comparative-osteology/vergleichendeOs00Pand_0107.jpg,1770,1290,,"animals,zoology"
e6dbc834-3942-435e-b070-089fc53b6427,,Edouard Joseph d’Alton,1821–38,/collections/comparative-osteology/vergleichendeOs00Pand_0231.jpg,1740,1279,,"animals,monkeys,primates,zoology"
e00f3951-f88a-48b9-a66d-3cd5a92cae8e,,Edouard Joseph d’Alton,1821–38,/collections/comparative-osteology/vergleichendeOs00Pand_0103.jpg,1770,1290,,"animals,zoology"
f83aa4af-46ee-4b34-84cc-3a574ef4fafd,,Edouard Joseph d’Alton,1821–38,/collections/comparative-osteology/vergleichendeOs00Pand_0399.jpg,3435,2509,,"animals,zoology"
f6fa3cdb-0c81-4735-bfe5-aecd1ccd467a,,Edouard Joseph d’Alton,1821–38,/collections/comparative-osteology/vergleichendeOs00Pand_0299.jpg,3499,2550,,"animals,zoology"
fe6287de-2749-4c96-ac22-921e4e639fb1,,Edouard Joseph d’Alton,1821–38,/collections/comparative-osteology/vergleichendeOs00Pand_0207.jpg,1754,1281,,"animals,zoology"
f1c80238-6839-4f12-a28e-8605f5976cbb,,Edouard Joseph d’Alton,1821–38,/collections/comparative-osteology/vergleichendeOs00Pand_0111.jpg,1770,1290,,"animals,zoology"
fe38c242-3af2-499b-87f4-4c99a5644901,,Edouard Joseph d’Alton,1821–38,/collections/comparative-osteology/vergleichendeOs00Pand_0061.jpg,1756,1305,,"animals,mammoths,zoology"
137bb45b-b026-4f5d-b040-df1cac6b6922,"*Dasyurus maculatus*, Tiger Quoll",John Gould,1863,/collections/john-gould-mammals-of-australia/26680296093_8ee9a5b29f_k.jpg,1434,929,,animals
20df6e55-bfb0-479f-9d57-504f3a67bd69,"*Hydromys chrysogaster*, Water Rat",John Gould,1863,/collections/john-gould-mammals-of-australia/36816324261_a072f8faed_k.jpg,1434,924,,"animals,rats"
21266dd2-2057-45b4-b783-303e28865403,"*Phascolomys lasiorhinus*, Hairy-nosed Wombat",John Gould,1863,/collections/john-gould-mammals-of-australia/27216426781_a22d0a830b_k.jpg,1434,935,,"animals,wombats"
377cd57a-daf2-44ab-b57c-ca6811d05d59,"*Macropus major*, Grey Kangaroo",John Gould,1863,/collections/john-gould-mammals-of-australia/36767874506_91ab668767_k.jpg,925,1434,,animals
3c36afdb-a75e-4b1e-9662-0de6ec6a8433,"*Belideus flaviventer*, Yellow-bellied Glider",John Gould,1863,/collections/john-gould-mammals-of-australia/27252820576_636bab97d4_k.jpg,922,1434,,animals
55a8c3fb-64f6-4b51-9242-3930539b489b,"*Osphranter antilopinus*, Antilopine Kangaroo",John Gould,1863,/collections/john-gould-mammals-of-australia/36955463925_0b9fdf702d_k.jpg,1434,937,,animals
58f123d6-1d21-4743-ac1c-43e9694d15c9,"*Halmaturus derbianus*, Tammar Wallaby",John Gould,1863,/collections/john-gould-mammals-of-australia/36815797361_a8d8985a28_k.jpg,1434,933,,animals
55175ce0-1803-40a7-bdee-93209b176fde,"*Phascolomys wombat*, Common Wombat",John Gould,1863,/collections/john-gould-mammals-of-australia/27286405845_b826a3d106_k.jpg,1434,918,,"animals,wombats"
50410427-5938-42b2-8a42-a2a12f2f7a64,"*Perameles myosurus*, Western-barred Bandicoot",John Gould,1863,/collections/john-gould-mammals-of-australia/26679107724_283310a4f8_k.jpg,1434,925,,animals
60634a62-a8ee-4c53-828a-59bc9da5deb8,"*Mus cervinipes*, Fawn-footed Mosaic Rat",John Gould,1863,/collections/john-gould-mammals-of-australia/36816294341_4196ad12e6_k.jpg,1434,927,,"animals,rats"
62058073-1d5d-4f0a-a7be-861cebc6c2dc,"*Bettongia graii*, Mainland Boodie (presumed extinct)",John Gould,1863,/collections/john-gould-mammals-of-australia/36784351762_69ddac006c_k.jpg,1434,923,,animals
602dd123-3e74-40ec-b311-6f67c4727a1a,"*Petrogale penicillata*, Brush-tailed Rock Wallaby",John Gould,1863,/collections/john-gould-mammals-of-australia/36784309922_68069289d4_k.jpg,1434,931,,"animals,wildlife"
796dd7c3-6cb0-4cc4-a409-2b0c82b5a26d,"*Peragalea lagotis*, Macrotis",John Gould,1863,/collections/john-gould-mammals-of-australia/27286205675_d68dc053aa_k.jpg,1434,926,,animals
739e2085-d534-40a1-9b68-c76a8aed8c34,"*Myrmecobius fasciatus*, Numbat",John Gould,1863,/collections/john-gould-mammals-of-australia/27286190085_afa29da269_k.jpg,1434,932,,animals
7c0cddea-541b-43e5-82dc-471b0ba82434,"*Petaurista taguanoïdes*, Flying Squirrel",John Gould,1863,/collections/john-gould-mammals-of-australia/26679158314_437ebc0cfb_k.jpg,918,1434,,animals
799c9175-4fa6-4336-be4b-a86b52ce892d,*Phalancista fuliginosa*,John Gould,1863,/collections/john-gould-mammals-of-australia/26679133254_8e83718497_k.jpg,1434,925,,animals
80820efc-a172-4bf6-af30-c7580845627d,"*Molossus australis*, White-striped Free-tailed Bat",John Gould,1863,/collections/john-gould-mammals-of-australia/36147511593_fc00a0b87c_k.jpg,912,1434,,"animals,bats"
860e1cca-7b4e-421f-858e-e56b8e6cf7c9,"*Sarcophilus ursinus*, Tasmanian Devil",John Gould,1863,/collections/john-gould-mammals-of-australia/26680290093_55aca4bad5_k.jpg,1433,912,,animals
93745786-b451-4eb5-9991-5f33d9f4e17c,"*Phascolarctos cinereus*, Koala",John Gould,1863,/collections/john-gould-mammals-of-australia/27010892590_54306c4765_k.jpg,920,1434,,animals
93fb72fc-f531-4627-87c5-7bf188faf093,"*Echidna setosa*, The Bristly Echidna",John Gould,1863,/collections/john-gould-mammals-of-australia/26679075804_7cd6ca8317_k.jpg,1433,933,,animals
0ac83de4-efba-42ee-a853-184c89dcf821,"*Pteropus poliocephalus*, Fruit Bat",John Gould,1863,/collections/john-gould-mammals-of-australia/36147506603_f48028c89d_k.jpg,912,1434,,"animals,bats"
b9260752-cbbd-4b66-8c21-3f26b0029b2e,"*Nyctophilus timoriensis*, Long-eared Bat",John Gould,1863,/collections/john-gould-mammals-of-australia/36147526883_7af0e47c02_k.jpg,912,1434,,"animals,bats"
b0ed0ef2-7de9-4d90-834e-099fa12d8e2f,"*Thylacinus cynocephalus*, Thylacine (now extinct)",John Gould,1863,/collections/john-gould-mammals-of-australia/27011087510_8681578b0e_k.jpg,1434,918,,animals
bb4c9e58-ef77-401f-885a-e919326dc296,"*Phascolarctos cinereus*, Koalas",John Gould,1863,/collections/john-gould-mammals-of-australia/27010897990_5ada4fda66_k.jpg,916,1434,,animals
c2bf8776-6093-4875-afd5-6381189f530d,"*Hapalotis? hirsutus*, Black-footed Tree Rat",John Gould,1863,/collections/john-gould-mammals-of-australia/36768427776_9d1f89f161_k.jpg,1434,944,,"animals,rats"
c858c072-2dc8-4f2a-9614-135f73d7f53b,"*Petrogale xanthopus*, Yellow-footed Rock Wallaby",John Gould,1863,/collections/john-gould-mammals-of-australia/36120963464_fee23665dd_k.jpg,929,1434,,animals
daa4b019-997d-49d1-bcb5-3df9092084fd,"*Canis dingo*, Dingo",John Gould,1863,/collections/john-gould-mammals-of-australia/36147546413_1a1952cd34_k.jpg,1434,912,,animals
d51e3bd5-a9f0-469f-b39c-f1edcf660523,"*Dasyurus viverrinus*, Eastern Quoll",John Gould,1863,/collections/john-gould-mammals-of-australia/27011067570_37db86b8fe_k.jpg,1433,912,,animals
ea69dec4-6c2b-4ffe-ac60-2c22ba0a56e6,"*Ornithorhynchus anatinus*, Platypus",John Gould,1863,/collections/john-gould-mammals-of-australia/27252719046_3e163e7c5a_k.jpg,1434,928,,animals
fcaf176a-c95e-405e-9672-89d90b5b5c0a,"*Lagorchestes fasciatus*, Banded Hare-Wallaby",John Gould,1863,/collections/john-gould-mammals-of-australia/36767997256_ebbe492800_k.jpg,1434,921,,animals
f40b74c0-0285-4c62-b835-3e6924ba2aa0,"*Stenorhynchus leptonyx*, Sea-leopard Seal",John Gould,1863,/collections/john-gould-mammals-of-australia/36147542983_28533a6257_k.jpg,1434,918,,animals
f75dcb74-f629-421a-b471-7d9b3a0340de,"*Phascolomys latifrons*, Southern Hairy-nosed Wombat",John Gould,1863,/collections/john-gould-mammals-of-australia/27216419371_2cb0a22d24_k.jpg,918,1434,,"animals,wombats"
6f3e9ed2-de79-4621-9d2f-1f014abfa37e,"""The Tree Fell With a Crash Into the Gulf""",W. W. Denslow,1900,/collections/w-w-denslow-illustrations-wonderful-wizard-of-oz-1900/0139v.jpg,918,1200,,"animals,tigers"
f981c0db-b329-458c-9ee4-9a33ec25d89d,The Sentient Beings According to the Burmese,Anonymous,1906,/shop/dec2019-33.jpg,1200,935,,animals
7fe2da53-312e-4599-9ea7-405773976e2b,Map of Europe for 1870,Paul Hadol,1870,/shop/dec2019-28.jpg,1200,781,,animals
703a08d3-0a03-4efd-895a-5a8ddc833ed8,"The Lizard, Swan, Lyre, Fox and Anser",Sidney Hall,1824-5,/collections/uranias-mirror-or-a-view-of-the-heavens/dec2019-18.jpg,1200,833,,animals
a2816eee-7809-4727-b1b8-03cbb31fa699,"The Great Dog, Hare, Dove, Noachi, and Sculptor",Sidney Hall,1824-25,/collections/uranias-mirror-or-a-view-of-the-heavens/dec2019-7.jpg,1200,828,,"animals,dogs,rabbits"
c7828e53-0d8a-48b2-9113-8f9c7fcd9efb,"The Owl, Crow, Cup, Sextant, Hydra, Cat",Sidney Hall,1824-5,/collections/uranias-mirror-or-a-view-of-the-heavens/dec2019-13.jpg,1200,832,,animals
3c6eec11-9ae0-4d80-b672-ec7069b665af,Prophecies of apocalypse,,ca. 1827–61,/collections/various-apocalyptic-scenes-from-the-prophetic-messenger-ca-1827-61/s3_V0024000_V0024785.jpg,1200,865,,animals
3c3ed78a-bc83-4c05-91f1-d1cbeacb4260,Prophecies of apocalypse,,ca. 1827–61,/collections/various-apocalyptic-scenes-from-the-prophetic-messenger-ca-1827-61/s3_V0024000_V0024797.jpg,1200,878,,animals
b5fa5338-6fdf-4910-9f32-4afca9372a85,Prophecies of apocalypse,,ca. 1827–61,/collections/various-apocalyptic-scenes-from-the-prophetic-messenger-ca-1827-61/s3_V0024000_V0024807.jpg,1200,875,,animals
f2ebcee6-4cdc-4031-a5c7-c45491b53d6b,Prophecies of apocalypse,,ca. 1827–61,/collections/various-apocalyptic-scenes-from-the-prophetic-messenger-ca-1827-61/s3_V0024000_V0024820.jpg,1200,872,,animals
1efc2e30-7f19-4e52-a8cb-d6b06f70eb48,,Augustus Jansson,1903–7,/collections/augustus-janssons-queen-city-ink-adverts-1903-1907/48819508393_cdf2171145_c.jpg,587,799,,"animals,lions"
44214dc5-14b6-42e0-a1aa-50a4e9b52499,,Augustus Jansson,1903–7,/collections/augustus-janssons-queen-city-ink-adverts-1903-1907/48819508198_be66231e19_c.jpg,583,799,,animals
432eab0a-9b3c-4b6b-929b-025d7d224789,,Augustus Jansson,1903–7,/collections/augustus-janssons-queen-city-ink-adverts-1903-1907/48820020507_152c8ddc74_c.jpg,577,800,,animals
5e24feb5-d166-4e8f-bce8-a24c8d7d81da,,Augustus Jansson,1903–7,/collections/augustus-janssons-queen-city-ink-adverts-1903-1907/48820020567_1e3cb11c82_c.jpg,577,800,,animals
8c593d5d-2f93-4ac5-ab34-9b508402cf99,,Augustus Jansson,1903–7,/collections/augustus-janssons-queen-city-ink-adverts-1903-1907/48820020462_e5337c452a_c.jpg,579,800,,animals
892bbc20-7d57-4d06-b903-3718639ac6d8,,Augustus Jansson,1903–7,/collections/augustus-janssons-queen-city-ink-adverts-1903-1907/48819867936_8e97a4cef6_c.jpg,577,800,,"animals,horses"
a07ed26f-0a3e-4375-95f9-aa38b305e87c,,Augustus Jansson,1903–7,/collections/augustus-janssons-queen-city-ink-adverts-1903-1907/48819508293_ffb530328b_c.jpg,583,799,,animals
bd8fbad1-309b-439f-887f-22038e1129ff,,Augustus Jansson,1903–7,/collections/augustus-janssons-queen-city-ink-adverts-1903-1907/48819867981_ffbdf53eeb_c.jpg,580,800,,"animals,elephants"
ca934a50-9aa4-4125-b09d-527c53f71b24,,Augustus Jansson,1903–7,/collections/augustus-janssons-queen-city-ink-adverts-1903-1907/48820020362_672151f7fb_c.jpg,583,799,,"animals,tigers"
dfc8cb9d-d73f-49de-a795-e944c2db92d7,,Augustus Jansson,1903–7,/collections/augustus-janssons-queen-city-ink-adverts-1903-1907/48820020417_9fed354777_c.jpg,577,800,,"animals,bears"
d6bc0da8-b803-4e5e-957a-35c56d7292e5,,Augustus Jansson,1903–7,/collections/augustus-janssons-queen-city-ink-adverts-1903-1907/48819508478_53e486eb08_c.jpg,587,799,,animals
71cd4c17-e8e3-471e-b6fb-03b24b2ba864,Ole Worm's Cabinet of Curiosities,,1655,/essays/greenland-unicorns-and-the-magical-alicorn/48753802206_67252573cd_b.jpg,1024,917,,animals
a96a627b-bb19-421c-9be7-ae43c43f5b29,Symbols of Saints Matthew and Mark with Ornamental Page (7th century),John O. Westwood,1868,/collections/john-o-westwoods-facsimiles-of-anglo-saxon-and-irish-manuscripts-1868/facsimilesofmini00west_0203-edit.jpg,1200,683,,animals
e12d5fde-ae21-44f9-9d51-440cbdb5227d,Symbols of Saints Luke and John with Ornamental Page (7th century),John O. Westwood,1868,/collections/john-o-westwoods-facsimiles-of-anglo-saxon-and-irish-manuscripts-1868/facsimilesofmini00west_0207-edit.jpg,1200,683,,"animals,birds"
f37ae19b-5f3b-42eb-bc0f-a3307d0c48b0,"Commencement of the Psalms, with the Exploits of David (About AD 1000)",John O. Westwood,1868,/collections/john-o-westwoods-facsimiles-of-anglo-saxon-and-irish-manuscripts-1868/facsimilesofmini00west_0339-edit.jpg,800,914,,animals
e24184a4-e8c8-4744-a182-33f9470a0033,"A Rice-Mortar, Pounder, Bee, and Egg Join the Crabs in Their Council of War",,1911,/essays/woodblocks-in-wonderland-the-japanese-fairy-tale-series/48660190932_d67b46c8c8_c.jpg,763,800,,animals
110d452f-4477-4316-9bc2-1d004cffb5ca,The Unicorn Defends Himself,,1495–1505,/collections/the-unicorn-tapestries-1495-1505/48350371487_46236a3944_b.jpg,1024,960,,"animals,dogs,horses"
641e6895-11ba-4543-8001-7c3484c0bf6a,The Unicorn Purifies Water,,1495–1505,/collections/the-unicorn-tapestries-1495-1505/48350236531_9f1dba6146_b.jpg,1024,998,,animals
78bd2b5e-9999-401d-803c-9da044aee6ed,The Hunters Return to the Castle,,1495–1505,/collections/the-unicorn-tapestries-1495-1505/48350371247_742f5edba6_b.jpg,1024,981,,"animals,dogs,horses"
10e6b5c4-94b0-4fd2-afa1-f980dd4e3022,Common Wasps,E. J. Detmold,1921,/collections/fabres-book-of-insects-1921/48189612722_4678c3cd2a_c.jpg,675,800,,"animals,insects,wildlife"
4e0d8797-281d-4a29-b676-8c5de41e07cd,The Spanish Copris,E. J. Detmold,1921,/collections/fabres-book-of-insects-1921/48189556356_59df00048b_c.jpg,792,800,,"animals,beetles,insects"
6221ec6d-bf8a-43e5-a8e8-63601b4a0f72,The Sisyphus,E. J. Detmold,1921,/collections/fabres-book-of-insects-1921/48189612622_c8d3c91639_c.jpg,755,800,,"animals,entomology,insects"
73487ca3-0669-499f-9757-54e838a42028,The Cicada,E. J. Detmold,1921,/collections/fabres-book-of-insects-1921/48189613122_72bbda82f3_c.jpg,604,799,,"animals,insects,wildlife"
85319a51-64d8-443e-b4b2-6f51f6d41835,The White-Faced Decticus,E. J. Detmold,1921,/collections/fabres-book-of-insects-1921/48189612762_d58384de19_b.jpg,1024,780,,"animals,fauna,insects"
806ff165-88cf-4444-89e3-8b2264681fb6,The Anthrax Fly,E. J. Detmold,1921,/collections/fabres-book-of-insects-1921/48189555966_bb252dd974_c.jpg,659,800,,"animals,insects,wildlife"
958bbc2e-cd18-49e7-b829-ee02e1a7db73,Pelopaeus Sprifex,E. J. Detmold,1921,/collections/fabres-book-of-insects-1921/48189613022_43c0b608c9_c.jpg,732,800,,"animals,insects"
9fb93d68-d13c-4a32-8083-c809902d57da,The Sacred Beetle,E. J. Detmold,1921,/collections/fabres-book-of-insects-1921/48189555961_410b02c13e_c.jpg,738,800,,"animals,beetles,fauna,insects"
09005bb5-1228-42a4-969d-8866289d6c4e,The Praying Mantis,E. J. Detmold,1921,/collections/fabres-book-of-insects-1921/48189612567_bc8885cd47_c.jpg,693,799,,"animals,insects,wildlife"
b89542db-ab6f-4966-9ae6-b166c82602ac,The Field Cricket,E. J. Detmold,1921,/collections/fabres-book-of-insects-1921/48189612687_053441844c_c.jpg,660,800,,"animals,fauna,insects"
e3a7e68e-aaa5-42a7-b6a9-3c76c016788e,Italian Locusts,E. J. Detmold,1921,/collections/fabres-book-of-insects-1921/48189555866_94abb0863a_c.jpg,635,800,,"animals,insects,wildlife"
814d3fcf-57e0-4b1e-b3b8-b56a4f37bceb,Penguins on a Sea-Worn Iceberg Resembling a Whale,Frederick Albert Cook,1900,/collections/through-the-first-antarctic-night-1900/48103687567_dd165362e6_c.jpg,800,589,,"animals,wildlife"
ceab17b0-32c0-498a-847b-7d9f71d73531,Penguin Tracks,Frederick Albert Cook,1900,/collections/through-the-first-antarctic-night-1900/48103576411_79a020f024_c.jpg,638,800,,animals
d526ff08-72e3-4ebf-a858-ffc50becbd56,Operateur Cephalique,Campion,1663,/essays/lustucru-from-severed-heads-to-ready-made-meals/48042318501_62ea517010_b.jpg,1024,774,,animals
8e67a215-b8bb-4f4a-84d2-fc9ea92e0993,A Monumental Portrait of a Monkey,"""Stipple Master""",ca. 1705,/shop/edit-A-Monumental-Portrait-of-a-Monkey.jpg,900,748,,"animals,fauna,monkeys"
607a5880-6ea4-4770-9707-1fcd66319fa9,Dog's Head,Julie de Graag,1920,/shop/image-from-rawpixel-id-466876-jpeg-copy.jpg,800,862,,"animals,dogs"
7c2b1cf8-e206-4811-9646-0c0cc74ca446,Green Lizard,Josef Maria Eder and Eduard Valenta,1896,/shop/edit-DP262478.jpg,1200,778,,"animals,fauna,lizards,wildlife"
ae848be4-072c-4505-b591-b5a18e1a61d2,A Sloth,Joris Hoefnagel,ca. 1595,/shop/edit-00267201-1.jpg,501,768,,animals
5dc62cd3-32c1-4c9e-9d25-c2c8aa839349,The Constellations,Elijah Hinsdale Burritt,1856,/shop/edit-1856_Burritt_-_Huntington_Map_of_the_Constellations_or_Stars_in_June_May_and_April_-_Geographicus_-_AprMayJun2-burritt-1856-1.jpg,1128,1200,,animals
0cfeb726-6355-4476-9289-76f5df312f29,Guide for Constructing the Letters h and i,Joris Hoefnagel,ca. 1595,/shop/edit-00272701-1.jpg,827,1200,,animals
a7a0a5fc-c890-45e2-96f3-78d9bc868e29,The Tyger,William Blake,ca. 1825,/shop/DP816703-edit-1.jpg,797,1200,,"animals,tigers"
c57684b9-da32-43fb-8cf2-6aabf0607d3b,"Louis Renard's Fish, Plate XIII",Louis Renard (after Samuel Fallours),1754,/shop/edit-PoissonsecrevisIRena_0133-1.jpg,864,1200,,"animals,fauna,fish"
0d474e8f-c338-413f-a77c-ff72f87fea1b,Lotería Game,José Guadalupe Posada,ca. 1910,/shop/03449u-edit-1.jpeg,1280,836,,animals
8df1ad55-c8e0-433c-ba0b-1b94cd7f1623,Game of Goose,José Guadalupe Posada,ca. 1900,/shop/03447u-edit-2.jpeg,1280,980,,animals
8cffccfc-cf88-4b48-8d6d-cf2aad610415,American Flamingo,John James Audubon,1827,/essays/audubons-haiti/46524519664_01a487a572_b.jpg,701,1023,,"animals,birds,wildlife"
47ac9ebb-e4dd-465c-95e1-982d0a9b474e,Cover for <em>Mr. Sweet Potatoes and Other Stories</em>,,1899,/collections/the-art-of-book-covers-1820-1914/46348542094_20d30c5b48_o.jpg,429,680,,animals
880f374d-85d3-42d5-b962-b69ac7321446,Hunting near Hartenfels Castle,Lucas Cranach,1540,/collections/highlights-from-the-cleveland-museum-of-art-s-release-of-more-than-30k-images-of-public-domain-works/46887555182_a93ed0145d_o.jpg,1122,770,,animals
b686abbe-90df-4ebc-aeb3-b20dd934ac57,Helmet Mask,,late 1800s–early 1900s,/collections/highlights-from-the-cleveland-museum-of-art-s-release-of-more-than-30k-images-of-public-domain-works/46939712791_b436c81134_b.jpg,711,1024,,animals
4cf022eb-7b61-4536-822d-ae192836eb54,Arithmetic characters,Robert Fludd,1617,/collections/robert-fludd-s-memory-tricks-1617/31835446997_f316a6c346_b.jpg,603,1024,,animals
7fea8aa8-0a23-4f27-bf74-46a0cd401563,“Buy From Us With a Golden Curl”,Dante Gabriel Rossetti,1862,/essays/o-uommibatto-how-the-pre-raphaelites-became-obsessed-with-the-wombat/46679785051_0689904e0f_o.jpg,876,1050,,"animals,wombats"
63583671-58ab-4503-b294-105e22d38eac,The Entry of the Animals into Noah's Ark (Detail),Jan Brueghel the Elder,1613,/essays/elephants-horses-and-the-proportions-of-paradise/43913700170_584e2c4d87_b.jpg,1024,929,,"animals,birds,elephants"
8dd6a3f3-9460-4202-b434-e8d3be27f97a,Noah's Ark (Detail),Roelant Savery,1628,/essays/elephants-horses-and-the-proportions-of-paradise/44816297405_0b86efb71c_b.jpg,989,1024,,"animals,birds,elephants"
b9dabcf2-a934-44fd-811c-480cc33a092f,Adam and Eve,Albrecht Dürer,1504,/essays/elephants-horses-and-the-proportions-of-paradise/44816298625_8de28b8aae_b.jpg,799,1023,,"animals,elephants"
3128e3e9-b018-4a63-a7d7-7a6656a41bb7,Frogs in belly and back position,Eduard Valenta; Josef Maria Eder,1896,/collections/early-experiments-with-x-rays-1896/edit-DP262483.jpg,897,1200,,"amphibians,animals,frogs"
5e3e735e-e7ac-4b2c-b72a-469f7fc2d896,,Eduard Valenta; Josef Maria Eder,1896,/collections/early-experiments-with-x-rays-1896/edit-DP262479.jpg,1016,633,,"animals,lizards,vertebrates"
51a46f9c-dd02-4f6d-a2ae-ac089ec75aa2,Experiments with X-rays,Eduard Valenta; Josef Maria Eder,1896,/collections/early-experiments-with-x-rays-1896/DP262476.jpg,800,1016,,animals
5d2ec756-43ab-43a1-950f-9d1483068bb1,Green Lizard,Eduard Valenta; Josef Maria Eder,1896,/collections/early-experiments-with-x-rays-1896/edit-DP262478.jpg,1200,778,,"amphibians,animals,fauna,lizards,wildlife"
6e800069-8437-458a-84f2-fe74a713604b,Newborn Rabbit,Eduard Valenta; Josef Maria Eder,1896,/collections/early-experiments-with-x-rays-1896/DP262485.jpg,1200,746,,"animals,rabbits"
6730158c-e377-476d-bccd-b8603de92e7e,Hand of an 8-year-old girl,Eduard Valenta; Josef Maria Eder,1896,/collections/early-experiments-with-x-rays-1896/DP262473.jpg,600,1195,,animals
6bccf45f-787d-488c-a37a-db49d858add9,Aesculapian snake,Eduard Valenta; Josef Maria Eder,1896,/collections/early-experiments-with-x-rays-1896/edit-DP262486.jpg,984,1200,,"animals,fauna,snakes,vertebrates"
7d330276-c0a2-495f-8b05-b302e01d76ae,Two Goldfish and a Seafish (Christiceps argentatus),Eduard Valenta; Josef Maria Eder,1896,/collections/early-experiments-with-x-rays-1896/edit-DP262481-2.jpg,1200,922,,"animals,fish,goldfish"
82ac44ca-ccea-4f7c-95cb-35a87457801d,Cameos in gold setting,Eduard Valenta; Josef Maria Eder,1896,/collections/early-experiments-with-x-rays-1896/DP262477.jpg,1200,938,,animals
823b215b-5958-448a-8c09-94b12d499c40,Horned shark / Black surgeonfish,Eduard Valenta; Josef Maria Eder,1896,/collections/early-experiments-with-x-rays-1896/DP262480.jpg,800,980,,"animals,fish"
8cc8e7ac-36ed-4249-b4f8-1c7a77f519a8,Foot of a 17-year-old youth,Eduard Valenta; Josef Maria Eder,1896,/collections/early-experiments-with-x-rays-1896/DP262475.jpg,600,759,,animals
a7d25f56-5b5b-4016-aff1-74a7a1d1ab49,Rat,Eduard Valenta; Josef Maria Eder,1896,/collections/early-experiments-with-x-rays-1896/DP262484.jpg,1200,732,,"animals,lizards"
d967e994-49ac-4702-8cbc-3f22f70fde93,Sole fish (Pleuronectes solea),Eduard Valenta; Josef Maria Eder,1896,/collections/early-experiments-with-x-rays-1896/edit-DP262482.jpg,1200,649,,"animals,fish"
eab4c6f3-58d2-4e42-9390-db3ba4a89b17,A Promenade Through the Sky,J. J. Grandville,1847,/essays/grandville-visions-and-dreams/44013006465_cef1147af4_b.jpg,683,1023,,animals
b5dd9ca9-95ac-4f7d-8f27-94a854e9a9cb,Barrier Reef Fishes,William Saville-Kent,1893,/collections/images-from-william-saville-kent-s-the-great-barrier-reef-of-australia-1893/greatbarrierreef00kent_0511.jpg,800,593,,"animals,fish,marine"
3eba831a-eac6-4105-8afc-8fc1396df92f,"The Burning of the Steamer Royal Tar, on Board of Which was a Valuable Menagerie of Wild Beasts",Charles Ellms,1841,/collections/the-tragedy-of-the-seas-1841/43688139725_a02624244e_b.jpg,1024,599,,animals
aeeef3c5-4451-4110-8359-21a4f5618b11,The Triumphal Arch of Emperor Maximilian I (Detail),Albrecht Dürer,1515,/collections/the-triumphal-arch-of-emperor-maximilian-i-1515/43604217515_71f8b4fcc2_b.jpg,1024,808,,"animals,cats"
ab211401-99bc-4bb9-8035-4a92766e1cef,Diagram of the Zodiac,,late 12th century,/collections/cosmography-manuscript-12th-century/43585954812_2f921ebc89_o.jpg,851,856,,animals
6d74aae7-9bf7-4b17-a65f-78b80418c886,Fore-edge for a copy of *The Holy Bible*,,1795,/collections/fore-edge-book-paintings-from-the-boston-public-library/42646877091_4b61eba0e2_b.jpg,1023,388,,"animals,deer"
7a26054b-8404-41dc-bfb9-ffc62290e76a,Fore-edge for a copy of *Letters of Lady Rachel Russell ... and the Trial of Lord William Russell for High Treason*,,1801,/collections/fore-edge-book-paintings-from-the-boston-public-library/40838744310_c93b63f44f_b.jpg,1023,330,,animals
c94d16ed-df39-4d02-953d-f5e66b01f6a4,Detail from an intarsia piece by Fra Damiano da Bergamo,Fra Damiano da Bergamo,early 16th century,/essays/exquisite-rot-spalted-wood-and-the-lost-art-of-intarsia/42147958981_7ef1b09269_b.jpg,835,960,,animals
cbef4d7d-8dcf-435b-b9f4-4d1566bad9ac,Eight Shadow Figures,Utagawa Hiroshige,ca. 1842,/shop/dec2019-25.jpg,814,1200,,animals
457d2390-e5e9-4456-8821-b73ad8f97c4c,,Joseph Drayton; Alfred Agate,ca. 1838–42,/collections/drawings-of-tetradons-and-diodons-ca-1838-42/39946685674_1d50c0ecd5_b.jpg,702,1024,,"animals,balloonfish,fish,pufferfish,zoology"
88b62000-b3dc-47d1-b6ef-bafb87c10810,,Joseph Drayton; Alfred Agate,ca. 1838–42,/collections/drawings-of-tetradons-and-diodons-ca-1838-42/40614477872_01d4c5777a_b.jpg,1024,711,,"animals,balloonfish,fish,marine,pufferfish,wildlife"
0169de2b-94d7-499e-a0ad-db80a7bc5973,,Joseph Drayton; Alfred Agate,ca. 1838–42,/collections/drawings-of-tetradons-and-diodons-ca-1838-42/39946686974_21ef0e5758_b.jpg,1024,550,,"animals,balloonfish,fish,marine,pufferfish,wildlife"
b514ee22-5fdd-4495-b263-eb5d0b271be2,,Joseph Drayton; Alfred Agate,ca. 1838–42,/collections/drawings-of-tetradons-and-diodons-ca-1838-42/39760990595_5516999fce_b.jpg,1024,699,,"animals,balloonfish,fish,marine,pufferfish"
c10a3f7b-74f8-4b3e-aca1-5fbe0943d743,,Joseph Drayton; Alfred Agate,ca. 1838–42,/collections/drawings-of-tetradons-and-diodons-ca-1838-42/40656124971_939162243f_b.jpg,1024,648,,"animals,balloonfish,fish,marine,pufferfish,wildlife,zoology"
8afbe5e5-8896-46cc-b13d-73b21588ee52,Polar Bear,N. Maréchal; S. C. Miger,ca. 1808,/essays/darwin-s-polar-bear/27947438819_5e7fd65e2f_b.jpg,864,649,,"animals,bears,wildlife"
195d87fb-afcb-41be-ad84-519793dc4885,Painted clay pots that were used in bacchanalian sacrifices.,Filippo Palizzi,1778,/collections/curiosities-from-the-museum-of-giovanni-carafa-1778/26098544328_db4a6340fb_b.jpg,1000,665,,"animals,deer,pigs,sheep"
b4569e7d-ae0e-4f06-b7d0-d09a9329780c,"Carved Agate Corniola depicting Prometheus as a sculptor, fashioning the human form from clay.",Filippo Palizzi,1778,/collections/curiosities-from-the-museum-of-giovanni-carafa-1778/39260606214_6b05c71b8f_b.jpg,1000,704,,"animals,horses"
e472ab91-902e-46ee-9561-c417e8763d6e,Painted clay pots that were used in bacchanalian sacrifices.,Filippo Palizzi,1778,/collections/curiosities-from-the-museum-of-giovanni-carafa-1778/26098543028_2822407e55_b.jpg,1000,681,,"animals,horses"
612e2946-ab2f-4ea6-a389-ffa52503920b,"Yvette Borup Andrews, Photographer of the Expedition",,1921,/essays/yvette-borup-andrews-photographing-central-asia/24669472447_4c12fc9e0a_b.jpg,1024,772,,animals
2bf419e7-b5a5-4a04-8b38-b6653df1cf59,We're Feeling Quite Empty,Eulalie Osgood Grover,,/collections/kittens-and-cats-a-first-reader-1911-cats-and-captions-before-the-internet-age/37989307465_c72374b692_b.jpg,1000,725,,"animals,cats"
3c95e175-0a50-46e7-8d2a-ee0fb1265123,The Hero,Eulalie Osgood Grover,,/collections/kittens-and-cats-a-first-reader-1911-cats-and-captions-before-the-internet-age/27099226139_1cfa2bed46_b.jpg,680,963,,"animals,cats"
54cf4cf9-ba79-48cf-9255-74160765c597,I Know a Secret,Eulalie Osgood Grover,,/collections/kittens-and-cats-a-first-reader-1911-cats-and-captions-before-the-internet-age/24011083947_d1949da8d1_b.jpg,680,964,,"animals,cats"
5e255c86-a77f-4425-b1ef-d1a416f82fec,It Is My Party,Eulalie Osgood Grover,,/collections/kittens-and-cats-a-first-reader-1911-cats-and-captions-before-the-internet-age/24011088907_6c5c049316_b.jpg,680,956,,"animals,cats"
627c70ef-a231-4d82-a91a-4067ac37bffc,I Am the Queen,Eulalie Osgood Grover,,/collections/kittens-and-cats-a-first-reader-1911-cats-and-captions-before-the-internet-age/24011090777_8bedfa95bc_b.jpg,680,966,,"animals,cats"
8af27d59-e65e-490c-890c-739f6022e5a5,In My Automobile,Eulalie Osgood Grover,,/collections/kittens-and-cats-a-first-reader-1911-cats-and-captions-before-the-internet-age/24011088377_7d4ccc7644_b.jpg,680,966,,"animals,cats"
89364a96-a3ec-426f-9b2b-6806a9020a8a,I Have a Sick Head,Eulalie Osgood Grover,,/collections/kittens-and-cats-a-first-reader-1911-cats-and-captions-before-the-internet-age/24011088607_67a87546c6_b.jpg,680,958,,"animals,cats"
076153b8-231d-45c5-a646-238f713c1714,The Mouse Trap,Eulalie Osgood Grover,,/collections/kittens-and-cats-a-first-reader-1911-cats-and-captions-before-the-internet-age/24011087867_640a7a55ed_b.jpg,680,960,,"animals,cats"
ad16e241-2dc3-450d-97a2-c308ffda7c7e,A Hungry Cat,Eulalie Osgood Grover,,/collections/kittens-and-cats-a-first-reader-1911-cats-and-captions-before-the-internet-age/37989302875_4c664fbd9a_b.jpg,1000,723,,"animals,cats"
a2039f54-87de-43fb-96f1-86dc49efdce8,My Pussy's in the Well,Eulalie Osgood Grover,,/collections/kittens-and-cats-a-first-reader-1911-cats-and-captions-before-the-internet-age/27099220579_13987a55f0_b.jpg,680,967,,"animals,cats"
b8ca25cd-2681-42c7-9118-885b428a4df7,"Hey! Diddle, Diddle",Eulalie Osgood Grover,,/collections/kittens-and-cats-a-first-reader-1911-cats-and-captions-before-the-internet-age/27099223939_9c445aa294_b.jpg,680,964,,"animals,cats"
dd36f52c-1ca9-4d99-bd0b-57643a1661df,"Yes, I Am a Dunce",Eulalie Osgood Grover,,/collections/kittens-and-cats-a-first-reader-1911-cats-and-captions-before-the-internet-age/27099226479_5038c0060c_b.jpg,680,956,,"animals,cats"
fe9e9229-bfed-4883-8601-5badf7f77d18,"Ding, Dong, Bell",Eulalie Osgood Grover,,/collections/kittens-and-cats-a-first-reader-1911-cats-and-captions-before-the-internet-age/27099215969_ef2d218f9f_b.jpg,680,960,,"animals,cats"
e4025d79-85e7-4b31-bf1c-089d9a99d588,Foolishness of the Little Bulls,Francisco de Goya,1815-1820,/collections/the-whims-1799-and-the-follies-1815-23-of-francisco-goya/37815221155_0a915f6c52_b.jpg,1000,698,,animals
495a8d73-d9ea-4b2f-8d47-8f5e1039f8d7,Bael,Louis le Breton,1863,/essays/defining-the-demonic/26131109689_79e150ec0f_c.jpg,761,800,,"animals,birds,dogs"
11cf5a7e-0f48-4323-a5eb-5e39227b2412,,,1847,/collections/illustrations-from-the-lights-of-canopus-1847/19.jpg,1548,740,,"animals,birds,cats,wildlife"
3a85a52d-7aca-430b-a29a-d930733a6071,,,1847,/collections/illustrations-from-the-lights-of-canopus-1847/13.jpg,630,709,,"animals,lions,wildlife"
5d8923dd-2e08-4fa4-9426-7154d7566d4d,,,1847,/collections/illustrations-from-the-lights-of-canopus-1847/5.jpg,631,612,,"animals,monkeys"
6cfd3411-0b83-485c-9a05-1435e9b88bea,,,1847,/collections/illustrations-from-the-lights-of-canopus-1847/LoC-1024x479.jpg,1024,479,,"animals,fauna,monkeys"
671c0f8c-6a31-4b58-b9a3-9b7d21501107,,,1847,/collections/illustrations-from-the-lights-of-canopus-1847/22.jpg,626,550,,"animals,bears,fauna,monkeys"
685e5c7a-a5dd-4146-aaae-862bbc74c094,,,1847,/collections/illustrations-from-the-lights-of-canopus-1847/14.jpg,626,445,,"animals,fauna"
6bc9e5cb-86b5-4124-93a1-8a2b63f7df48,,,1847,/collections/illustrations-from-the-lights-of-canopus-1847/16.jpg,627,561,,"animals,snakes"
7e249b11-52d7-42c3-b502-9ee7096517db,,,1847,/collections/illustrations-from-the-lights-of-canopus-1847/2-1.jpg,645,831,,"animals,birds,fauna"
7f889d6a-e511-4c6f-869e-430f3ea01150,,,1847,/collections/illustrations-from-the-lights-of-canopus-1847/21.jpg,625,401,,animals
7fba3093-842a-479d-8ab6-a535dbda66d7,,,1847,/collections/illustrations-from-the-lights-of-canopus-1847/3.jpg,642,782,,"animals,cats"
76364279-8129-4931-bc3b-616babcd551f,,,1847,/collections/illustrations-from-the-lights-of-canopus-1847/8.jpg,642,670,,"animals,lions,rabbits"
875536f8-ef07-4166-bfe0-33a88088bd80,,,1847,/collections/illustrations-from-the-lights-of-canopus-1847/18.jpg,1525,836,,"animals,birds,cats"
0e12d58a-2d4d-45d2-8ea8-8714b561d2f1,,,1847,/collections/illustrations-from-the-lights-of-canopus-1847/9.jpg,1119,710,,animals
adc717d4-b7c2-4ec0-bfe5-5ea918cbdaa4,,,1847,/collections/illustrations-from-the-lights-of-canopus-1847/12.jpg,634,604,,"animals,birds,ducks"
add09bc7-52c1-4182-a4a6-2f38e60576df,,,1847,/collections/illustrations-from-the-lights-of-canopus-1847/6.jpg,1558,976,,"animals,birds,dogs"
a34438fa-4cec-4ade-9b03-d3b80a3c3be2,,,1847,/collections/illustrations-from-the-lights-of-canopus-1847/25.jpg,623,600,,"animals,birds,cats"
bbaa9c12-f2ec-4587-8c1f-67f1769905ba,,,1847,/collections/illustrations-from-the-lights-of-canopus-1847/10.jpg,1085,746,,"animals,ducks,wildlife"
b96c0e30-542f-4951-aa75-16c266ef83f0,,,1847,/collections/illustrations-from-the-lights-of-canopus-1847/4.jpg,637,660,,animals
b8bda4de-5dd0-4a3d-95e8-eeb7c0859567,,,1847,/collections/illustrations-from-the-lights-of-canopus-1847/23.jpg,630,465,,"animals,monkeys"
bc877e59-33fd-4caa-8211-6991453429af,,,1847,/collections/illustrations-from-the-lights-of-canopus-1847/15.jpg,1538,825,,"animals,birds,fauna,wildlife"
c98477be-8cd0-42be-b740-d3565174ad48,,,1847,/collections/illustrations-from-the-lights-of-canopus-1847/11.jpg,641,727,,animals
c8c77123-da64-42ae-b125-1320d543d121,,,1847,/collections/illustrations-from-the-lights-of-canopus-1847/20.jpg,630,558,,animals
cc558a5c-825d-48ca-8eff-da1ce5937b96,,,1847,/collections/illustrations-from-the-lights-of-canopus-1847/7.jpg,639,616,,"animals,birds"
df4d46cf-d915-4058-88b1-e33ec36feb17,,,1847,/collections/illustrations-from-the-lights-of-canopus-1847/24.jpg,631,466,,animals
db286abd-3da8-41c9-a9ee-bf7fd2a6cf93,,,1847,/collections/illustrations-from-the-lights-of-canopus-1847/1.jpg,643,917,,"animals,horses,wildlife"
f6952992-8e1d-4da4-a28a-58de249d6db6,,,1847,/collections/illustrations-from-the-lights-of-canopus-1847/17.jpg,616,481,,"animals,birds,fauna"
f11127f9-d2c9-48ac-8c38-84397136b02e,,,1847,/collections/illustrations-from-the-lights-of-canopus-1847/26.jpg,703,1344,,animals
3716d378-ccb3-4250-893d-b36cc7de09d2,Arthur's Awkward “White Elephant”,Bernhard Gillam,1882,/essays/race-and-the-white-elephant-war-of-1884/37275352720_215b0703b7_b.jpg,678,953,,"animals,elephants"
85d946b2-4fd0-47f9-a862-c5f705d802bb,White Elephant,,1849,/essays/race-and-the-white-elephant-war-of-1884/37516938401_24c538fb45_b.jpg,760,722,,"animals,elephants"
3830dbd8-f252-4387-9710-99010370d4df,"Representation of the Inner State of a Sinner, Who Repents and Begins to Fly From Sin",Johannes Gossner,1851,/collections/the-heart-of-man-either-a-temple-of-god-or-a-habitation-of-satan-represented-in-ten-emblematical-figures-1851/35348985023_5d8f419d35_b.jpg,690,1024,,animals
50212b4f-8112-4fab-b621-c23ec7816f74,"Representation of a Person's Inward State, Who Being Reconciled With God, Will Know Nothing More Than the Crucified Jesus.",Johannes Gossner,1851,/collections/the-heart-of-man-either-a-temple-of-god-or-a-habitation-of-satan-represented-in-ten-emblematical-figures-1851/36023045631_404bdd9bb3_b.jpg,667,1024,,animals
0e659897-ce0f-413b-81ae-4cff148f679f,"The Inner Condition of a Sinner, Who Believes in Christ And the Gospel, and Is Filled With the Holy Ghost.",Johannes Gossner,1851,/collections/the-heart-of-man-either-a-temple-of-god-or-a-habitation-of-satan-represented-in-ten-emblematical-figures-1851/36023044331_b5fcac4b87_b.jpg,679,1024,,animals
ae47597f-bc44-4c7f-9d7c-f429968b8234,"The Heart of Man Who After His Conversion Has Fallen Again Into Former Sins, And Is Now Entirely In the Power of Satan",Johannes Gossner,1851,/collections/the-heart-of-man-either-a-temple-of-god-or-a-habitation-of-satan-represented-in-ten-emblematical-figures-1851/36023044971_d00ff7ae68_b.jpg,682,1024,,"animals,birds"
a79d72ef-cd33-4e64-80f0-640ccde54e91,"State of a Person's Heart, Whose Zeal Has Grown Cold, And Who Has Returned to the Love of the World.",Johannes Gossner,1851,/collections/the-heart-of-man-either-a-temple-of-god-or-a-habitation-of-satan-represented-in-ten-emblematical-figures-1851/36023044751_229a2c745f_b.jpg,678,1024,,animals
ead2fc1f-c68e-4eaf-985e-ed2f638e67c1,"Representation of the Inner State of a Man, Who Is a Servant of Sin, and Suffers the Devil to Reign Within Him.",Johannes Gossner,1851,/collections/the-heart-of-man-either-a-temple-of-god-or-a-habitation-of-satan-represented-in-ten-emblematical-figures-1851/36155625025_6939390662_b.jpg,684,1023,,animals
22c139fb-c445-4eb4-9641-94e8bb15f25e,Bear blowing a horn,,13th century,/collections/music-in-the-margins-the-funeral-of-reynard-the-fox-13th-century/35057412724_20a639e5e5_o.jpg,322,420,,"animals,dogs"
2c8add3d-a79a-4385-ba2b-536b3c7536c2,Chanticleer the Cock swinging a censer,,13th century,/collections/music-in-the-margins-the-funeral-of-reynard-the-fox-13th-century/35509225380_f162673810_o.jpg,404,358,,animals
4043c239-738f-401a-a984-a7adb28432e0,Rabbit tolling church bells,,13th century,/collections/music-in-the-margins-the-funeral-of-reynard-the-fox-13th-century/35057412434_5c35ed2e79_o.jpg,579,492,,"animals,rabbits"
4d870b03-4a48-489f-9c25-3f3bbefc2452,Goat carrying a crucifix,,13th century,/collections/music-in-the-margins-the-funeral-of-reynard-the-fox-13th-century/35057412784_78efe94290_o.jpg,371,490,,"animals,goats"
575ffd54-236b-4e89-80f8-52cc9d000fa3,"Ram, with situla, sprinkling holy water with an aspergillum",,13th century,/collections/music-in-the-margins-the-funeral-of-reynard-the-fox-13th-century/35057412654_2a5fa4553f_o.jpg,535,499,,"animals,sheep"
5a599078-56ce-49a0-b375-e2453c64620c,Horse playing a flute and drum,,13th century,/collections/music-in-the-margins-the-funeral-of-reynard-the-fox-13th-century/35897180625_74c08433b2_o.jpg,409,494,,"animals,horses"
520d0d09-f0b7-4b3f-bfa4-c96a75292a28,Bull blowing a horn,,13th century,/collections/music-in-the-margins-the-funeral-of-reynard-the-fox-13th-century/35897180745_cb960d8ec9_o.jpg,518,495,,animals
6a499813-e1fc-4cb2-b841-3261d285ea7e,Elephant as a pilgrim,,13th century,/collections/music-in-the-margins-the-funeral-of-reynard-the-fox-13th-century/35856324636_69710d95e9_o.jpg,455,490,,"animals,elephants"
7365eac2-b06a-4621-9cb7-0455eef13210,Ysengrin the Wolf (arch enemy of Reynard) as a bishop,,13th century,/collections/music-in-the-margins-the-funeral-of-reynard-the-fox-13th-century/35057412914_bc746d662b_o.jpg,443,491,,"animals,dogs"
7c49884e-14e0-4910-b1fc-d73a1dc25fad,Ape family (mocking of human funerals?),,13th century,/collections/music-in-the-margins-the-funeral-of-reynard-the-fox-13th-century/35897180195_863b2b6200_o.jpg,406,397,,"animals,monkeys"
7fa926d4-b4c0-4001-844d-cfed00a3c806,Ass playing a recorder and bell,,13th century,/collections/music-in-the-margins-the-funeral-of-reynard-the-fox-13th-century/35856324506_af4745e6f5_o.jpg,481,493,,animals
909cf14f-3f9c-4432-9e0a-f042c4267c03,Cat beating a cymbal,,13th century,/collections/music-in-the-margins-the-funeral-of-reynard-the-fox-13th-century/35509225180_4af2eba55d_o.jpg,411,488,,"animals,cats"
959547f9-20d5-4ee3-b578-ad538f100330,Dog playing bagpipes,,13th century,/collections/music-in-the-margins-the-funeral-of-reynard-the-fox-13th-century/35897180425_32d1d1d19e_o.jpg,503,487,,"animals,cats,dogs"
9b519162-4659-401c-bbb5-724b5ce38f1a,Sheep ringing bells,,13th century,/collections/music-in-the-margins-the-funeral-of-reynard-the-fox-13th-century/35509226080_38496808bd_o.jpg,472,506,,"animals,sheep"
a365c099-d72d-4504-b163-fa384a0a1cab,Boar digging a grave,,13th century,/collections/music-in-the-margins-the-funeral-of-reynard-the-fox-13th-century/35057412554_a82555238e_o.jpg,440,313,,"animals,bears"
e7007f4d-1ac5-437d-8500-4a6ea35b5c44,Brechimer the Stag and Tibert the Cat carrying Reynard the Fox's bier,,13th century,/collections/music-in-the-margins-the-funeral-of-reynard-the-fox-13th-century/35509225640_966a10002a_o.jpg,1001,502,,"animals,cats,deer"
eea47d18-aa14-4442-8b0c-aa70ebb21465,,,ca. 1410,/collections/the-flower-of-battle-italian-fighting-manual-ca-1410/34870299002_0a39ea0f8a_o.jpg,712,707,,"animals,horses"
50a318e1-1bda-4f58-ae8e-dc6e925fd8b5,Bois De Boulogne,J. J. Grandville,1877,/collections/public-and-private-life-of-animals-1877/34461706160_2820955eca_o.jpg,568,654,,animals
641e7451-18b9-4713-bf3d-cb1ff16dbb9a,,J. J. Grandville,1877,/collections/public-and-private-life-of-animals-1877/34847776505_1ffa4d2f42_o.jpg,596,717,,animals
0cb2894d-9e45-407a-99cb-a7a60a9dd2f4,,J. J. Grandville,1877,/collections/public-and-private-life-of-animals-1877/34461705680_504156cc13_o.jpg,596,813,,animals
d09bc0ea-c33a-41eb-a055-4f0bbae76e34,,J. J. Grandville,1877,/collections/public-and-private-life-of-animals-1877/34461707700_d4effa7e03_o.jpg,551,796,,"animals,lions"
e0c360b6-48ef-42e4-b7eb-41b1caa0330b,,J. J. Grandville,1877,/collections/public-and-private-life-of-animals-1877/34847776805_738e571c0a_o.jpg,541,657,,animals
8bef7642-88f5-440d-8997-2c181c9fa6af,Stuffed Sheep,Richard Kearton,1909,/essays/stuffed-ox-dummy-tree-artificial-rock-deception-in-the-work-of-richard-and-cherry-kearton/34551737812_27f12ba834_o.jpg,866,694,,"animals,birds,sheep"
5344e64c-bea2-410b-8e7a-59935564c6ea,Witches Feasting,,1720,/essays/woodcuts-and-witches/34267945782_993aa2e592_c.jpg,799,711,,animals
a3fcb0a8-085d-439f-8b2a-d62aed7bd9e1,Pigs spinning,,1674,/collections/the-spinning-sow-1673/33198749443_27df5ee9d6_b.jpg,700,932,,animals
20e83c7d-555a-42d8-bf4a-3cd9aaea40cd,,,ca. 820,/collections/aratea-making-pictures-with-words-in-the-9th-century/32597287414_95b97616dc_c.jpg,686,800,,animals
2df9ad10-0f9a-4d52-b960-4319ddeaf695,,,ca. 820,/collections/aratea-making-pictures-with-words-in-the-9th-century/33057422510_7a86f2b98f_c.jpg,667,800,,"animals,rabbits"
53b838b5-41c9-440b-b062-4da5cc1bbd9f,,,ca. 820,/collections/aratea-making-pictures-with-words-in-the-9th-century/33284735882_88699fea33_c.jpg,800,752,,animals
67cdca0f-4dd8-4c27-a883-3d8515ccec42,,,ca. 820,/collections/aratea-making-pictures-with-words-in-the-9th-century/aratrea-banner.jpg,922,358,,animals
807cdbfb-774a-4d4e-b5da-f6a98795130b,,,ca. 820,/collections/aratea-making-pictures-with-words-in-the-9th-century/32597286874_9a8ae94e84_b.jpg,764,1024,,animals
8d6529ab-657f-4290-9aee-d94c46940468,,,ca. 820,/collections/aratea-making-pictures-with-words-in-the-9th-century/33057100260_765eafe64a_c.jpg,681,800,,animals
00d2f96b-460d-4274-8e12-dbc90dcf1182,,,ca. 820,/collections/aratea-making-pictures-with-words-in-the-9th-century/32597289794_fcea84ba30_c.jpg,709,800,,"animals,rabbits"
0dd34fee-3fbc-4146-92ab-19296941964f,,,ca. 820,/collections/aratea-making-pictures-with-words-in-the-9th-century/32597288994_e16ae42913_b.jpg,886,1024,,animals
b496e0bc-3bb5-4da3-98b4-fc647009d641,,,ca. 820,/collections/aratea-making-pictures-with-words-in-the-9th-century/33440201285_f163630d66_c.jpg,800,798,,"animals,eagles"
d738b552-f277-4708-be97-49c6b0ae5a9a,,,ca. 820,/collections/aratea-making-pictures-with-words-in-the-9th-century/32597287174_cd07d1f319_c.jpg,800,783,,"animals,fish"
da8f9e4c-b889-4978-850c-8a41cb26518d,,,ca. 820,/collections/aratea-making-pictures-with-words-in-the-9th-century/33057103530_972cac9a15_c.jpg,647,799,,"animals,dogs"
e1278180-a82f-49b4-a81c-5552af853762,,,ca. 820,/collections/aratea-making-pictures-with-words-in-the-9th-century/33057102670_a82feacc6d_c.jpg,762,799,,"animals,sheep"
01c46f04-3137-4f93-af78-3819aa18b5a4,Otters Swimming,Seki Shūkō,ca. 1890–2,/collections/a-selection-from-the-met-s-public-domain-collection-now-free-from-all-restrictions/32554749040_a74610f750_b.jpg,650,795,,animals
bfee1849-c8c7-4357-9f5e-aceba7d33ff9,A Woman Who Gave Birth To Three Children And Four Animals,José Guadalupe Posada,ca. 1900–10,/collections/a-selection-from-the-met-s-public-domain-collection-now-free-from-all-restrictions/32554701170_fe494a4824_b.jpg,1000,671,,animals
34aeeb5d-024b-433a-b9c0-fbfd5fd10013,,Théodore Marcile,1609,/collections/the-city-of-truth-or-ethics-1609/31837351143_1b7facfca3_o.jpg,693,1268,,animals
c71753a0-8c40-4e41-b6fd-a5af3bb28f50,"[Jack London, With Pig, Six Days Before He Died]",Charmian London,1921,/essays/astral-travels-with-jack-london/31033336202_3e5fdc846e_c.jpg,800,567,,"animals,goats"
444f343d-9af6-4744-abe5-e1e37c5ed9b2,Heroic Landscape with Rainbow,Joseph Anton Koch,1824,/collections/rainbows-in-art/30701707540_6fd8994312_c.jpg,712,800,,animals
e1dac150-7f0d-42fc-83bd-e012b3236201,,,ca. 1919,/collections/pages-from-an-illustrated-catalogue-of-period-ornaments-ca-1919/29379383493_0c59ceb713_b.jpg,600,801,,animals
73b298ea-9e7d-4510-8eef-8a1309287236,The Buraq Worshipped by Two Princes,,19th century,/essays/out-of-their-love-they-made-it-a-visual-history-of-buraq/29750413786_1bb6a41ab1_b.jpg,1023,635,,animals
9f5416ef-14c4-42cf-860f-f14536c7ff97,Buraq,,1717,/essays/out-of-their-love-they-made-it-a-visual-history-of-buraq/29405338080_5f733fc7e8_z.jpg,636,432,,animals
46cbce8c-44ef-41cc-9a90-38149e89a701,The Travelled Monkey,B. P. Gibbon; E. H. Landseer,ca. 1828,/collections/the-singerie-monkeys-acting-as-humans-in-art/28395517825_0eb2efdce7_o.jpg,829,768,,"animals,monkeys"
6a7d4cc3-fcab-473c-aa91-aec6bc0066d3,Flea-ology,,ca. 1840,/collections/the-singerie-monkeys-acting-as-humans-in-art/28362089356_c065094e22_c.jpg,800,593,,"animals,cats,monkeys"
64f6e9fb-b38a-46f7-972e-1554d0588f5b,"<em>Aap op zijn ziekbed</em> [Monkey on his Sickbed], Leonard Schenk, 1720",,1720,/collections/the-singerie-monkeys-acting-as-humans-in-art/28316505641_b08f27cf7a_c.jpg,800,657,,"animals,monkeys"
75f89eeb-571f-4f85-b59f-33684ada449d,The Sleeping Pedlar Robbed by Monkeys,Bruegel the Elder; Pieter van der Heyden,1562,/collections/the-singerie-monkeys-acting-as-humans-in-art/28395515225_6f05fdf860_b.jpg,1024,750,,"animals,monkeys"
0fe49769-9313-4248-b1dd-ba8ef2afe363,Quack,Pieter van der Borcht the Elder,late 16th century,/collections/the-singerie-monkeys-acting-as-humans-in-art/28362086996_9c9fcf7f1f_o.jpg,1200,804,,"animals,monkeys"
a2b0240a-a942-47fb-83e3-c5a4f11ae07a,Monkey wearing human clothes with fan,,late 19th century,/collections/the-singerie-monkeys-acting-as-humans-in-art/28362090376_46454263bb_b.jpg,583,768,,"animals,monkeys"
a5ff6eae-ecdf-4180-ac21-b17557a4ed15,The Sleeping Pedlar Robbed by Monkeys,Bruegel the Elder; Pieter Feddes Harlingen,early 17th century,/collections/the-singerie-monkeys-acting-as-humans-in-art/27797553914_ce8445ee17_b.jpg,1000,781,,"animals,apes,monkeys"
de21d9be-27c4-4878-9e25-83345834f8f8,Singerie of a Barbershop,Pieter van der Borcht the Elder,16th century,/collections/the-singerie-monkeys-acting-as-humans-in-art/28317709791_c4ab66bb79_b.jpg,700,1024,,"animals,monkeys"
dda48c95-4900-49a8-9e3c-94770b3629fa,Dobbins' Electric Soap: Seven Ages of Man,,1881,/collections/the-steps-of-life/27276884652_657772f37e_b.jpg,1024,867,,animals
18ea246c-7904-42a3-9eab-ebd34f56200e,Comparative Embryological Plates,Ernst Haeckel,1910,/essays/copying-pictures-evidencing-evolution/26470128123_6c6edb7d78_c.jpg,800,709,,animals
5fae0e3e-46ec-4ddd-91d0-180cd5bc9d6c,,Cyprianus,,/collections/the-key-of-hell-an-18th-century-manual-on-black-magic/20138252892_0dec595567_b.jpg,989,733,,animals
59cc8062-cd38-47b3-b2cf-daf556ac9617,"Fig. 9 represents the carving of a pig, which is realistic in the results attained.",,1910,/collections/the-art-of-ornamental-orange-peeling-1910/22146620400_d1212663ab_z.jpg,453,639,,"animals,pigs"
6e5865fe-89ff-4eda-a86a-d5df60690c79,Olea europaea,Gherardo Cibo,,/collections/watercolours-from-a-16th-century-de-materia-medica/20249775144_7dd69968fb_o.jpg,600,834,,animals
78798306-7626-4608-9538-ddf30aa0038f,,Charles DeKay,1898,/collections/bird-gods-1898/19862820776_ef38fd9994_z.jpg,639,589,,"animals,birds"
34e09537-cc8c-4ecc-9f48-95ba3db6b3f9,Whale Washed up on the Shore of Berckhey near Scheveningen in Holland in 1598,Hendrick Goltzius; Jacob Matham,1598,/essays/a-bestiary-of-sir-thomas-browne/18117552224_24d8366de6_o.jpg,800,597,,"animals,whales"
3bdeb312-c106-4412-94e8-cc8225a9bab3,Of the Unicorn,Edward Topsell,1658,/essays/a-bestiary-of-sir-thomas-browne/18740195145_9c69a43b80_o.png,645,500,,animals
506e3186-1f0c-438a-8dcb-249af62f2991,Of the Badger,Edward Topsell,1658,/essays/a-bestiary-of-sir-thomas-browne/18552421968_f3d99e7d01_o.png,639,389,,"animals,fauna,wildlife"
8b363634-e202-46df-ae87-3d366b2d75b4,Manticore,,13th century,/essays/a-bestiary-of-sir-thomas-browne/18703957409_9715232332_c.jpg,800,798,,"animals,birds,lions"
04cbe61a-e838-4320-9324-b4444017039e,"The “quincunx” pattern, with accompanying Latin inscription.",Thomas Browne,1658,/essays/a-bestiary-of-sir-thomas-browne/18740188685_43becfc1c4_o.jpg,702,993,,animals
1ee31d66-be1e-43d0-80f3-67c803ea06c2,Beatrice explaining to Dante that the universe is a hierarchy of being,,1444–1450,/collections/14th-century-illuminations-for-dante-s-divine-comedy/17504476553_65188bb184_b.jpg,1024,518,,animals
da96dca5-a456-42bc-84a6-a7ea393026c5,Man Surrounded by Birds and Various Creatures,Cornelis Floris II; Hieronymus Cock; Johannes or Lucas van Doetecum,1557,/collections/16th-century-ornament-prints/17057950583_e04b0a5487_o.jpg,800,1193,,"animals,birds"
eff9b8d1-ab03-4ddd-95ec-54161783bba8,Cabriolet,Mary Browne,1821,/collections/illustrations-from-a-teenage-holiday-journal-1821/16626148033_247cf40bb0_c.jpg,800,604,,"animals,horses"
1de168b2-f079-4155-8bf8-a502e1e92cd9,Copies of figures on the face of the Fetiche Rock,,1818,/essays/forgotten-failures-of-african-exploration/17045992259_2b9c622a5a_b.jpg,752,1024,,animals
6b210f56-47fc-4425-9287-30d0571837a5,Ideal English Rabbit,,1915,/collections/in-search-of-the-impossible-the-perfect-english-rabbit/16801973347_21f9b74858_o.jpg,944,558,,"animals,rabbits"
640b0483-cdaf-44ef-8def-37b0790cbf18,English Rabbit,George A. Townsend,1915,/collections/in-search-of-the-impossible-the-perfect-english-rabbit/17010103115_3f92eceb9d_c.jpg,800,568,,"animals,rabbits"
9540c8b2-6535-4074-abf5-eec759ff217c,Basics of Mongolian Astrology,,19th century,/essays/a-mongolian-manual-of-astrology-and-divination/15807125014_e7e4bc2500_c.jpg,800,654,,animals
4be0dee3-a1e1-41ed-9652-cf24c07e28c8,,Joris Hoefnagel; Georg Bocskay,ca. 1595,/collections/hoefnagel-s-guide-to-constructing-the-letters-ca-1595/16342033551_1624cf667a_b.jpg,706,1024,,animals
bb97e227-edb6-4b6a-8ba1-73778f38af45,Glooskap Setting His Dogs on the Witches,Charels G. Leland,1884,/collections/the-algonquin-legends-of-new-england-1884/15092059519_2fccefb77f_o.jpg,560,587,,animals
b18bb6bf-ea5e-4780-910b-c89f41734bee,Chimpanzee Disappointed and Sulky,T. Wood,1872,/essays/the-naturalist-and-the-neurologist-on-charles-darwin-and-james-crichton-browne/14289666925_5a7490c050_b.jpg,800,789,,animals
604076aa-231f-405d-8d79-cddadf05ab17,"Plants, sheep, and a dragon.",,ca.1440,/collections/tractatus-de-herbis-ca-1440/13968947305_9798c35b8b_b.jpg,570,836,,animals
db44d409-fc66-4e3d-a2b2-011507b59be4,"A lion, a leopard, a rabbit, and an elephant.",,ca.1440,/collections/tractatus-de-herbis-ca-1440/13969389384_6c695a74a7_b.jpg,570,848,,"animals,lions"
e7bb25d8-8262-4de3-a275-b2e2eee0bb72,"Plants, a turtle, a man, and another animal.",,ca.1440,/collections/tractatus-de-herbis-ca-1440/13945843986_fa72dc530a_b.jpg,570,868,,animals
736175f8-e766-4e8d-ae12-86ebcf8a0ea4,,Issachar Ber Ryback,1922,/collections/shtetl-my-destroyed-home-a-remembrance-1922/13910969215_855e6c0b0e_b.jpg,950,712,,"animals,birds"
78b1f5f1-2c20-4aae-a383-0bf075d47622,Hospice for the Incurable,,ca. 1764,/collections/selection-from-wellcome-library-s-release-of-100k-openly-licensed-images/12051548286_d02e2d638d_b.jpg,786,550,,animals
b468f979-dd91-43a7-8449-07344f3749cb,,,,/collections/the-british-library-s-mechanical-curator-million/11448822585_cd7aca0331_o.jpg,190,250,,"animals,horses"
32dff087-03b2-4a28-a1c1-7621e6966f3d,,Frederick Whitney,1909,/collections/blackboard-sketching-1909/blackboard-sketching-54.jpg,1151,1500,,"animals,fish,rabbits"
8020c6b9-561a-4f01-89f1-ef9bec60d62c,"Title page illustration for *Mad Fashions, Od Fashions, All Out Fashions*",,1642,/collections/a-little-wander-down-the-catwalk-of-time/9715836003_2fc39dd460_o.jpg,736,540,,"animals,cats,fish,horses,rabbits"
118ae278-e7a2-4ba7-af3c-d08a0d23845b,A Sloth,Joris Hoefnagel; Georg Bocskay,1591-96,/collections/a-selection-from-the-getty-s-open-content-program/9510945084_6bf9cb492a_o.jpg,552,800,,animals
300e477d-54d1-4123-a6b6-3fadcff126e0,Landscape with Orpheus,,ca. 1570,/collections/a-selection-from-the-getty-s-open-content-program/9510944702_d1a137ee48_o.jpg,800,602,,animals
9a6d7346-a6f3-4922-9e5f-6f0f9f3f8493,"Cats, A Mouse",,ca. 1250–60,/collections/a-selection-from-the-getty-s-open-content-program/9510945474_fb3789e24d_o.jpg,621,600,,"animals,cats"
d65095fc-fad7-45bf-acf2-54ca7d9d5db7,"Part of a photographic series on performing animals, deposited by John A. Brown in 1920",,1920,/essays/canada-through-a-lens/800px-Performing_animals_No_1_HS85-10-37609.jpg,800,531,,"animals,horses"
fe53cf12-2b69-4cf7-8a0c-baea29dc5de4,The Wrestlers’,,1905,/essays/canada-through-a-lens/9159544900_5b8a9bb3e7_o.jpg,800,594,,"animals,bears"
757fa24e-6cee-449a-a1a6-3502c439aa95,,,1590,/collections/radical-fashion-from-the-schembart-carnival-1590/8639590967_8cc983b07f_o.png,397,620,,animals
1fb6b4a4-28a6-4451-8010-183720816476,The Mole or Want,Edward Topsell,1658,/collections/the-history-of-four-footed-beasts-and-serpents-1658/8616382882_56d197f984_o.jpg,599,342,,"animals,wildlife"
20bf9787-a9f5-42c9-8cec-f1db4ca43b30,Satyre,Edward Topsell,1658,/collections/the-history-of-four-footed-beasts-and-serpents-1658/8615277273_f843048aa2_o.jpg,367,500,,animals
4e2b5465-478f-427f-974a-600ce73216ec,Porcuspine or Porcupine,Edward Topsell,1658,/collections/the-history-of-four-footed-beasts-and-serpents-1658/8616383146_cc5765d00e_o.jpg,599,403,,"animals,wildlife"
4ccc6826-ef97-4c0f-8e49-303e534b1eab,Arabian or Egyptian Land Crocodile,Edward Topsell,1658,/collections/the-history-of-four-footed-beasts-and-serpents-1658/8615277171_2c31912b5f_o.jpg,599,390,,"animals,fauna,wildlife"
44a84eb3-7cf1-4c96-9933-8f71da89d304,Winged Dragon,Edward Topsell,1658,/collections/the-history-of-four-footed-beasts-and-serpents-1658/8615277045_6d8f815e77_o.jpg,599,429,,animals
47616ee7-63b4-4caa-ae46-1e91ddfa70de,Beaver,Edward Topsell,1658,/collections/the-history-of-four-footed-beasts-and-serpents-1658/8615276823_a40746584e_o.jpg,600,376,,animals
53948f9f-9cca-4872-8747-402832ba7680,Cepus or Martime monkey,Edward Topsell,1658,/collections/the-history-of-four-footed-beasts-and-serpents-1658/8615277403_a6f7819ec3_o.jpg,370,500,,animals
5dd2c625-ce43-497a-b42c-feea4c8b728e,Lamia,Edward Topsell,1658,/collections/the-history-of-four-footed-beasts-and-serpents-1658/8616382946_05f0f67635_o.jpg,575,500,,"animals,lions"
5ac9b651-8d4b-415d-ab01-bf62662c4698,Squirrel,Edward Topsell,1658,/collections/the-history-of-four-footed-beasts-and-serpents-1658/8615277217_304e403b66_o.jpg,599,348,,"animals,fauna"
693146e4-bcd1-49f5-83b7-e6bd28f5a2a8,Badger,Edward Topsell,1658,/collections/the-history-of-four-footed-beasts-and-serpents-1658/8616382468_56ae1fb6b2_o.jpg,599,368,,"animals,fauna,wildlife"
7ef39680-7b2f-4df5-883e-86d22dd2ca5c,Aegopithecus,Edward Topsell,1658,/collections/the-history-of-four-footed-beasts-and-serpents-1658/8616383088_27e5d410de_o.jpg,364,500,,"animals,goats"
7105331a-48c1-482b-8843-67636f9ffcbd,"Sagoin, called Galeopithecus",Edward Topsell,1658,/collections/the-history-of-four-footed-beasts-and-serpents-1658/8615277151_4d94c8f2ec_o.jpg,598,336,,animals
88b3fc9d-8bd0-41be-8de6-de3e691c6ee2,Cat,Edward Topsell,1658,/collections/the-history-of-four-footed-beasts-and-serpents-1658/8616383182_5740fa7851_o.jpg,310,500,,"animals,cats"
8acb847a-99ad-4ebe-b920-ed96fc34c0e1,A Wilde Beaste in the New Found World Called SU,Edward Topsell,1658,/collections/the-history-of-four-footed-beasts-and-serpents-1658/8616382764_4390d0ba2b_o.jpg,514,500,,animals
a4e3615c-4094-40d3-b014-6d33524ad7e0,Another Monster,Edward Topsell,1658,/collections/the-history-of-four-footed-beasts-and-serpents-1658/8616383206_ce7eb669b4_o.jpg,599,491,,animals
ba8d4fa2-27da-435c-aea5-e069be9b2d06,Man Ape,Edward Topsell,1658,/collections/the-history-of-four-footed-beasts-and-serpents-1658/8615277491_a7a4cf4898_o.jpg,222,500,,"animals,lions"
b06b38e3-294b-4043-a10f-7b807c1dc5fa,Lion,Edward Topsell,1658,/collections/the-history-of-four-footed-beasts-and-serpents-1658/8615277329_4dcfdbcdb9_o.jpg,598,369,,"animals,fauna,lions,wildlife"
b7730cc2-1b2d-4bb8-a647-28473ccde229,Dormouse,Edward Topsell,1658,/collections/the-history-of-four-footed-beasts-and-serpents-1658/8616382828_f55261315e_o.jpg,598,245,,animals
ce1e97de-54ab-45bc-8086-52148a5b8c1a,Camelopardals,Edward Topsell,1658,/collections/the-history-of-four-footed-beasts-and-serpents-1658/8616383168_0afb579ea6_o.jpg,554,500,,animals
c2f19a26-8ea9-4bd2-b20a-90f64320d436,Mantichora,Edward Topsell,1658,/collections/the-history-of-four-footed-beasts-and-serpents-1658/8615277353_141cf1b455_o.jpg,598,354,,"animals,lions"
d277ea9a-c537-47bb-8aad-cb7042d427b9,Spinga or Sphinx,Edward Topsell,1658,/collections/the-history-of-four-footed-beasts-and-serpents-1658/8616382840_535e6b4836_o.jpg,397,500,,animals
d3769b80-948f-4844-85ab-be60f19335ef,Boa,Edward Topsell,1658,/collections/the-history-of-four-footed-beasts-and-serpents-1658/8616382704_9edce5d57d_o.jpg,599,383,,animals
d5367168-4e0a-484a-8717-2b326ef90a12,Bear Ape Arctopithecus,Edward Topsell,1658,/collections/the-history-of-four-footed-beasts-and-serpents-1658/8616382600_84dc5a0c31_o.jpg,599,411,,animals
d97c5e27-b364-459b-b765-58d47f0fa2d0,Hydra,Edward Topsell,1658,/collections/the-history-of-four-footed-beasts-and-serpents-1658/8615276969_1249b979bb_o.jpg,597,461,,animals
dc935197-7a6d-44ee-9a8c-a7ee87fd8174,Bear,Edward Topsell,1658,/collections/the-history-of-four-footed-beasts-and-serpents-1658/8616382548_ddc30428de_o.jpg,599,412,,"animals,bears"
ebf18de7-f36e-4ccd-9a6b-f8323af2b239,Ichneumon,Edward Topsell,1658,/collections/the-history-of-four-footed-beasts-and-serpents-1658/8616382942_7152a5dff5_o.jpg,599,286,,"animals,fauna"
e44cb425-b009-4952-99c5-cf5d12d95a78,Unicorn,Edward Topsell,1658,/collections/the-history-of-four-footed-beasts-and-serpents-1658/8616382712_fd21b9d947_o.jpg,598,454,,animals
e0137a8b-8ea4-4cf2-ab2d-6b52bdf43aae,Ape,Edward Topsell,1658,/collections/the-history-of-four-footed-beasts-and-serpents-1658/8615276837_e09e6eae3a_o.jpg,373,500,,"animals,apes,primates"
fefcbacc-f8bf-417f-aa2c-ec928c62728e,Prasyan Apes,Edward Topsell,1658,/collections/the-history-of-four-footed-beasts-and-serpents-1658/8616383190_41906d70f4_o.jpg,355,500,,"animals,monkeys"
f53152a9-d401-42d9-90b8-66aaf59d7204,Scythian Wolf,Edward Topsell,1658,/collections/the-history-of-four-footed-beasts-and-serpents-1658/8616382494_09fea19d49_o.jpg,512,500,,"animals,lions"
469e8a05-1e7e-4e69-b80f-e8e9f89e924b,The ox turned butcher,,18th century,/collections/the-world-turned-upside-down-18th-century/8597011979_c7e7108a4a_o.jpg,765,522,,animals
55f10087-ea44-4c0e-951f-324fe076a977,The duel of the palfries,,18th century,/collections/the-world-turned-upside-down-18th-century/8598115168_21549a9062_o.jpg,752,524,,animals
e772529d-fd9c-46a3-9493-2ae12406e6c1,The reward of roguery - or the roasted cook,,18th century,/collections/the-world-turned-upside-down-18th-century/8597011769_fee66302a6_o.jpg,752,520,,"animals,rabbits"
39e92fe3-30a6-4bbc-800d-cca19af18b54,,Daniel de La Feuille,1699,/collections/emblems-ancient-and-modern-1699/devisesetembleme00lafeu_0035.jpg,2032,2592,,animals
364ab41d-3c59-4007-8fb0-3c54a6744196,,Daniel de La Feuille,1699,/collections/emblems-ancient-and-modern-1699/devisesetembleme00lafeu_0025.jpg,2021,2727,,animals
5b8d2ce7-0743-4e9f-b573-64b9f10642bd,,Daniel de La Feuille,1699,/collections/emblems-ancient-and-modern-1699/devisesetembleme00lafeu_0019.jpg,2036,2613,,animals
566f7780-27bb-40b8-9222-ffef39bb622c,,Daniel de La Feuille,1699,/collections/emblems-ancient-and-modern-1699/devisesetembleme00lafeu_0013.jpg,2012,2710,,animals
55d7653b-8b09-4aee-a6dd-1cd6ff868561,,Daniel de La Feuille,1699,/collections/emblems-ancient-and-modern-1699/devisesetembleme00lafeu_0011.jpg,2007,2610,,animals
68749c3d-3cec-4645-a7c4-667a4ff5c008,,Daniel de La Feuille,1699,/collections/emblems-ancient-and-modern-1699/devisesetembleme00lafeu_0023.jpg,2009,2709,,animals
f7e59cac-10f7-4bb4-aa71-dad793b124ca,,Daniel de La Feuille,1699,/collections/emblems-ancient-and-modern-1699/devisesetembleme00lafeu_0017.jpg,1988,2722,,animals
185fef88-8ae8-462b-8306-05dfaaf83334,,Oliver Goldsmith,1825,/collections/engravings-from-oliver-goldsmith-s-history-of-the-earth-and-animated-nature-1825/8314837480_625fa8aca8_o.jpg,500,687,,"animals,fauna"
115b2fb7-3a91-4287-a24d-2eeb18396d53,,Oliver Goldsmith,1825,/collections/engravings-from-oliver-goldsmith-s-history-of-the-earth-and-animated-nature-1825/8314833670_4d8a276673_o.jpg,500,673,,"animals,fauna,wildlife"
39a39af4-50d0-44ea-8e1d-00a910b87a79,,Oliver Goldsmith,1825,/collections/engravings-from-oliver-goldsmith-s-history-of-the-earth-and-animated-nature-1825/8314837908_95363c55d0_o.jpg,500,682,,"animals,fauna,marine,whales"
3ac1e789-105b-4f15-a04e-cf0aa2057db2,,Oliver Goldsmith,1825,/collections/engravings-from-oliver-goldsmith-s-history-of-the-earth-and-animated-nature-1825/8313789311_8fcde005fc_o.jpg,500,663,,"animals,birds,wildlife"
3577d6f3-51f5-4d7c-bf31-773224689e4a,,Oliver Goldsmith,1825,/collections/engravings-from-oliver-goldsmith-s-history-of-the-earth-and-animated-nature-1825/8313784165_9becf9b83b_o.jpg,500,697,,"animals,livestock,sheep"
4c513410-2107-4f09-812d-f5c781167fbb,,Oliver Goldsmith,1825,/collections/engravings-from-oliver-goldsmith-s-history-of-the-earth-and-animated-nature-1825/8314833966_2f2d93e3de_o.jpg,500,689,,"animals,fauna,wildlife"
4194e2b9-2602-43dd-b6fc-916b0310db7e,,Oliver Goldsmith,1825,/collections/engravings-from-oliver-goldsmith-s-history-of-the-earth-and-animated-nature-1825/8314832704_5cef6f6914_o.jpg,500,670,,"animals,lions,wildlife"
5b9d09a0-3a27-42d9-a6f3-5a267f68d9e2,,Oliver Goldsmith,1825,/collections/engravings-from-oliver-goldsmith-s-history-of-the-earth-and-animated-nature-1825/8313789793_2176c6218d_o.jpg,500,686,,"animals,fauna,fish,marine"
96127c5a-5201-428e-8127-1b91b2a03b6a,,Oliver Goldsmith,1825,/collections/engravings-from-oliver-goldsmith-s-history-of-the-earth-and-animated-nature-1825/8313789165_2affccaabf_o.jpg,500,681,,"animals,birds,wildlife"
0e081db7-02d2-41ad-af24-059bf97cfc03,,Oliver Goldsmith,1825,/collections/engravings-from-oliver-goldsmith-s-history-of-the-earth-and-animated-nature-1825/8314838334_d66fe2ba28_o.jpg,500,657,,"animals,reptiles,snakes,wildlife"
a67b6e7a-d5f6-499e-8acc-fc5abc04525b,,Oliver Goldsmith,1825,/collections/engravings-from-oliver-goldsmith-s-history-of-the-earth-and-animated-nature-1825/8313784859_a9630623f3_o.jpg,500,673,,"animals,wildlife"
bda27f72-aa7c-42dc-b492-14a9b2ac55c6,,Oliver Goldsmith,1825,/collections/engravings-from-oliver-goldsmith-s-history-of-the-earth-and-animated-nature-1825/8314833478_5ee76bdf39_o.jpg,500,656,,"animals,birds,wildlife"
ba230987-9207-4678-8194-4b6dc3573da6,,Oliver Goldsmith,1825,/collections/engravings-from-oliver-goldsmith-s-history-of-the-earth-and-animated-nature-1825/8313784483_d192045f54_o.jpg,500,697,,"animals,fauna,tigers,wildlife"
c21539ae-9b99-4b4a-a8e4-4824a248ba0d,,Oliver Goldsmith,1825,/collections/engravings-from-oliver-goldsmith-s-history-of-the-earth-and-animated-nature-1825/8314838062_053fb166fc_o.jpg,500,670,,"animals,dolphins,marine,whales,wildlife"
d929821c-290d-4969-8abe-607a9c516d62,,Oliver Goldsmith,1825,/collections/engravings-from-oliver-goldsmith-s-history-of-the-earth-and-animated-nature-1825/8314834104_7c88477e28_o.jpg,500,689,,"animals,deer,fauna,wildlife"
49858ba9-f47b-4d18-b99a-0573e5969d74,,Charles Mavelot,1695,/collections/17th-century-heraldry-designs-1695/7590453878_4317ff4e9d_c.jpg,800,564,,"animals,cats,dogs"
6d8e6b2f-6150-48e0-b072-5de1a52673c2,,Charles Mavelot,1695,/collections/17th-century-heraldry-designs-1695/7590457680_7735da5553_c.jpg,800,564,,"animals,bears"
94d9aedf-6b13-459c-a646-c8da4bae8248,,Charles Mavelot,1695,/collections/17th-century-heraldry-designs-1695/7590450032_43660ba78e_c.jpg,800,564,,"animals,dogs"
592812aa-1ed0-4ae4-9d69-4a3edc70c87c,,Leonhard Zubler,1607,/collections/novum-instrumentum-geometricum-1607/700px-Fotothek_df_tg_0001494_Geometrie_5E_Vermessung_5E_Entfernung_HC3B6he_5E_Winkelinstrument_5E_Berg.jpg,700,599,,animals
9943ecf5-c9de-4739-bad4-96849a652004,,Leonhard Zubler,1607,/collections/novum-instrumentum-geometricum-1607/690px-Fotothek_df_tg_0001490_Geometrie_5E_Vermessung_5E_HC3B6he_5E_Winkelinstrument_5E_Turm.jpg,690,599,,animals
e92f552a-8e48-40e5-aa56-8387d29e5b63,,Leonhard Zubler,1607,/collections/novum-instrumentum-geometricum-1607/672px-Fotothek_df_tg_0001500_Geometrie_5E_Vermessung_5E_Winkelinstrument.jpg,672,600,,"animals,birds"
427f1eda-1825-4618-9e2d-a0075721dfe3,,William Cheselden,1733,/collections/william-cheselden-s-osteographia-1733/6069052869_91ef68ac18_z.jpg,469,640,,animals
5d37a572-d78b-4e78-9029-fe8b9f83268e,,William Cheselden,1733,/collections/william-cheselden-s-osteographia-1733/6069048343_1b8b25e62b_o.jpg,724,379,,animals
0c0b600f-643c-4f2e-811d-1308e3388855,,William Cheselden,1733,/collections/william-cheselden-s-osteographia-1733/6069042863_f106085cb6_o.jpg,771,414,,animals
b2ec3661-0d0b-4a38-9b96-120a3c1c483e,,William Cheselden,1733,/collections/william-cheselden-s-osteographia-1733/6068918533_cf3b806911_o.jpg,540,754,,"animals,birds"
b1c9172f-4322-4953-b6de-34f06edf8d26,,Friedrich Lehmann; Ludwig Heinrich Bojanus,1821,/collections/turtle-anatomy-1821/7255521776_5b54d22202_o.jpg,550,793,,"animals,vertebrates"
fe468c60-451c-415d-aa76-efd501a3d9b0,,Friedrich Lehmann; Ludwig Heinrich Bojanus,1821,/collections/turtle-anatomy-1821/7255521442_6e9c665ed2_o.jpg,850,512,,animals
42b323eb-4de8-494b-9074-3ebb37f69d23,Embalming Jar,Frederic Ruysch,1710,/collections/the-embalming-jars-of-frederik-ruysch/6754179321_c9a2db3ba8_o.jpg,500,800,,animals
4f5bed82-7f4a-4aa6-9aaf-1ff297cc4723,Baby elephant at the zoo,,ca. 1890,/collections/kodak-no-1-circular-snapshots/2781021952_8ffc07e0ab_z.jpg?zz=1,640,631,,"animals,wildlife"
ee4230f7-ada9-450d-860c-6207bf0480f6,Woman riding a donkey,,ca. 1890,/collections/kodak-no-1-circular-snapshots/2781022782_d911b7c448_z.jpg?zz=1,493,640,,animals
2e8d5368-f385-4edd-9671-72fd63bab025,Hallowe-'en Greeting,,ca. 1913,/collections/halloween-postcards/4055670275_15ddf44b65_o.jpg,760,488,,animals
1feaea61-1cc2-43e3-9c1d-e445f08d283a,,Arnoldus Montanus,1671,/collections/arnoldus-montanus-new-and-unknown-world-1671/26469876564_a753e6c2ab_b.jpg,667,505,,"animals,reptiles,snakes"
146e0981-6ea0-4a9c-987b-bed10ff9c659,,Arnoldus Montanus,1671,/collections/arnoldus-montanus-new-and-unknown-world-1671/27042216576_acd397126b_b.jpg,674,521,,"animals,fish"
8585d608-a687-4b1b-ae21-bbd584142f27,,Arnoldus Montanus,1671,/collections/arnoldus-montanus-new-and-unknown-world-1671/27042222316_cc43efc96a_b.jpg,705,540,,animals
0217ff8b-c7ed-4f7c-9064-fc2b105c38e5,,Arnoldus Montanus,1671,/collections/arnoldus-montanus-new-and-unknown-world-1671/26980868832_307cf61113_b.jpg,675,533,,"animals,primates"
0bf322f0-a992-43ce-9f01-7a7e2c554dbb,,Arnoldus Montanus,1671,/collections/arnoldus-montanus-new-and-unknown-world-1671/27006842921_b8c41c9520_b.jpg,689,564,,"animals,fish"
a5a4c27a-71e6-4a4b-9321-c66f07507bdc,,Arnoldus Montanus,1671,/collections/arnoldus-montanus-new-and-unknown-world-1671/26469879654_cfd4895341_b.jpg,726,590,,animals
c3818539-6bd0-4f32-8edf-94957c4c2e9c,,Arnoldus Montanus,1671,/collections/arnoldus-montanus-new-and-unknown-world-1671/27042169776_5b42762053_b.jpg,669,523,,animals
c2ddf7ab-e6d1-4f67-9221-c17e94772597,,Arnoldus Montanus,1671,/collections/arnoldus-montanus-new-and-unknown-world-1671/26800923760_0a20c4b170_b.jpg,689,543,,"animals,birds,deer"
556ae957-90ec-47eb-b56a-74ce0812ff13,Africa,Victor Levasseur,ca. 1847,/collections/maps-from-geographicus/800px-1847_Levasseur_Map_of_Africa_-_Geographicus_-_Africa-levasseur-1847.jpg,800,577,,animals
b9eccb2e-1b99-41f6-b1d5-aa57c34c6dba,A New Map of the Whole World,A. J. Bormeester,1684,/collections/maps-from-geographicus/705px-1685_Bormeester_Map_of_the_World_-_Geographicus_-_TerrarumOrbis-bormeester-1685.jpg,705,599,,animals
fc411551-f042-408f-9cbc-c545fbf31590,The Constellations (December November October),W. G. Evan,1856,/collections/maps-from-geographicus/542px-1856_Burritt_-_Huntington_Map_of_the_Constellations_or_Stars_in_October2C_November_and_December_-_Geographicus_-_DecNovOct-burritt-1856.jpg,542,600,,animals
42efc0aa-2d56-4ad7-8d38-ab86db95a215,,,1894–1920,/collections/field-columbian-museum-1894-1920/3348871691_e464d5b886_o.jpg,1050,841,,"animals,deer,zoology"
7069f038-6ccf-42e9-8bcb-782bc93986dd,,,1894–1920,/collections/field-columbian-museum-1894-1920/3371421126_2bc67fe8df_o.jpg,1050,833,,animals
ed633686-ac84-4790-9bde-0d4734ce9073,Session for the Blind at Sunderland Museum,,ca. 1913,/collections/sessions-for-the-blind-at-sunderland-museum/5863136174_8fb2329c51_b.jpg,686,468,,"animals,lions"
e42c38b0-7413-4789-8832-97aee1d7540e,Image from the title page of <em>The Criminal Prosecution and Capital Punishment of Animals</em>.,,1906,/essays/bugs-and-beasts-before-the-law/43024066415_9767dd4264_b.jpg,723,844,,"animals,livestock"
fc236137-0fc0-42fb-9063-47e28542aa61,"“The Calabash”, a Wolof fairy tale.",Tom Seidmann-Freud,1924,/collections/rabbit-tales/dbbs_derivate_00000176-12.jpg,1774,1420,,"birds,rabbits,wildlife"
62a1b824-c85a-4847-a363-c57f6cd462c8,,Maria Sibylla Merian,1705,/collections/merian-metamorphosis/Merian_Metamorphosis_00005.jpg,3902,4952,,"butterflies,caterpillars,insects,moths,snakes,wildlife"
ab0d27e0-8217-4e81-8afd-9bf02b3ffe7c,,Maria Sibylla Merian,1705,/collections/merian-metamorphosis/Merian_Metamorphosis_00032.jpg,3472,4688,,"butterflies,caterpillars,insects,wildlife"
bc50421e-5689-4211-b117-c2428427f67b,,Maria Sibylla Merian,1705,/collections/merian-metamorphosis/Merian_Metamorphosis_00042.jpg,3360,4488,,"butterflies,caterpillars,insects,moths,wildlife"
c057489b-4af9-4560-a867-48b8633966dc,A Trapped Tiger,Eugène Delacroix,1854,/essays/cliche-verre-and-friendship-in-19th-century-france/13-DAC_1963-16-1-36_001_OA-edit.jpg,4096,3431,,"tigers,wildlife"
a0e04ed7-2cea-4323-959d-b4b3d456e0f6,Barn Owl,Anonymous,ca. 1570,/shop/nov-2023-prints-00049.jpg,1007,1200,,"birds,owls,wildlife"
6d80850f-425f-42fb-a314-d7cd6d791c81,Owl with Two Owlets Sitting on Branch,Henri De Groux,1895,/shop/nov-2023-prints-00026.jpg,893,1200,,"birds,owls,wildlife"
f42b10a2-fc4d-4a54-8a2c-f5095d020806,Crowned Cockatoo,Samuel Jessurun de Mesquita,1924,/shop/nov-2023-prints-00022.jpg,685,1200,,"owls,wildlife"
b55bf25a-93d2-4743-82c1-6e8bf76da24d,,Thomas Smillie,1890–1913,/collections/smillie-smithsonian/smillie-smithsonian-38.jpg,1706,2048,,"deer,wildlife"
c3a9fe73-1af2-45bf-83e8-0430fc5eeedc,,John Bingley Garland,ca. 1850–60,/collections/garland-blood-collages/blood-book-25.jpg,1818,1372,,wildlife
e10f1c58-e9c4-4052-ae55-d7b7c9a9fdd0,,Philipp Hainhofer,1596–1633,/collections/hainhofer-stammbuch/hainhofer-stammbuch-091.jpeg,786,1022,,wildlife
a303c31b-7e84-46b5-b53f-ba0814e7e3cb,Cattleya Orchid and Three Hummingbirds,Martin Johnson Heade,1871,/shop/nov-2020-prints-new-00038.jpg,1200,911,,"fauna,hummingbirds,wildlife"
b8f36e29-e101-4d95-b571-d54e37702adc,Two Hummingbirds with Their Young,Martin Johnson Heade,ca. 1865,/shop/nov-2020-prints-new-00036.jpg,989,1200,,"hummingbirds,wildlife"
a53a0f4b-6ceb-43db-a288-1377afc58367,Full Moon with White Rabbit,Ohara Koson,ca. 1920,/shop/nov-2020-prints-new-00014.jpg,551,1000,,"rabbits,wildlife"
a7a38175-f131-44f7-ade8-61249803095a,,William Elliot Griffis,1922,/collections/korean-fairy-tales/koreanfairytales00grif_0008.jpg,634,1000,,"tigers,wildlife"
0ec846a9-78b2-4f7d-ba01-6319925c2a1d,Yellow-Throated Vireo (*Vireo Flavifrons*),,1897,/essays/titiba-and-the-invention-of-the-unknown/Birds_-_illustrated_by_color_photography_-_a_monthly_serial_(1897)_(14563789359)-edit.jpg,1400,909,,"birds,fauna,wildlife"
409779fe-e237-4b1f-8fdb-1a567fefe8b1,Insects and Fish with Island Background,Maria Sibylla Merian,ca. 1719,/shop/oct_19_new_prints_00062.jpg,902,1200,,"birds,butterflies,reptiles,wildlife"
8ff58721-0a5a-422e-8771-2004a45ee542,Horned Owl,Samuel Jessurun de Mesquita,1915,/shop/oct_19_new_prints_00087.jpg,759,1200,,"fauna,owls,wildlife"
88ced1e4-aacd-4682-a5f3-5fe53712a129,The Ross Seal With Trachea Inflated,Frederick Albert Cook,1900,/collections/through-the-first-antarctic-night-1900/48103576346_4ff0a8ef5e_c.jpg,800,575,,wildlife
8a0ad7b8-8463-4bbd-8af4-fa63c9b69e03,Penguin Interviews,Frederick Albert Cook,1900,/collections/through-the-first-antarctic-night-1900/48103624793_10c104e430_c.jpg,504,800,,"birds,wildlife"
2a3ab7c8-1b06-400c-8ac0-b48686722bb0,Surinam Caiman biting South American False Coral Snake,Maria Sibylla Merian,1719,/shop/edit-grioc0000114-D.jpg,1200,784,,wildlife
35b8f36d-9af7-4f34-84bf-2028448d1159,A Perch of Birds,Hector Giacomelli,1880,/shop/pd35-01006-id-431441-jpeg.jpg,1200,423,,"birds,wildlife"
287506d0-4e7e-4a93-8fa3-c15925abcb80,American White Pelican,John James Audubon,1827–38,/shop/edit-pd17-311-ae-pelecanus-erythrorhynchos-american-white-pelican-id-277168-jpeg.jpg,803,1200,,"birds,fauna,wildlife"
4d4f11ba-34fb-47a4-8429-09e52ee08d1c,Great White Heron,John James Audubon,1827–38,/shop/edit-pd17-281-rob-ardea-herodias-great-white-heron-id-277232-jpeg.jpg,1200,803,,"birds,fish,wildlife"
b0bc4c8a-fc4d-4ffa-84dd-f538a4dd9351,American Flamingo,John James Audubon,1827–38,/shop/edit-pd17-431-rob-phoenicopterus-ruber-american-flamingo-id-277495-jpeg.jpg,822,1200,,"birds,fauna,wildlife"
0ac2c21d-5b1e-44da-8493-eb3b238940fd,Three Fishes and a Branch,Seki Shūkō,ca. 1890–92,/shop/edit-DP211888.jpg,965,1200,,"fish,wildlife"
3ae42a3f-0ca1-4222-a50e-7a50618736e9,Red Tailed Hawk,John James Audubon,1827–38,/shop/edit-pd17-051-num-buteo-jamaicensis-red-tailed-hawk-id-277542-jpeg.jpg,813,1200,,"birds,fauna,wildlife"
01c1132d-543b-4900-9b08-62a22d877ae1,Blue Crane or Heron,John James Audubon,1827–38,/shop/edit-pd17-307-rob-egretta-caerulea-blue-crane-or-heron-id-277568-jpeg.jpg,1200,861,,"birds,wildlife"
9cc6cdb3-12b3-42ed-b532-1d1f59bc3d39,White Heron,John James Audubon,1827–38,/shop/edit-pd17-386-num-ardea-alba-white-heron-id-277401-jpeg.jpg,1200,822,,"birds,wildlife"
b82d4b9b-37b1-4a8d-b638-fc356254e4a3,Snowy Owl,John James Audubon,1827–38,/shop/edit-pd17-121-rob-bubo-scandiacus-snowy-owl.jpg,770,1200,,"birds,wildlife"
0711b9c1-8df2-4925-9572-ffe847de0591,Falcon,John James Audubon,1827–38,/shop/edit-pd17-366-num-falco-rusticolus-iceland-or-jer-falcon-id-277200-jpeg.jpg,801,1200,,"birds,wildlife"
08a0596d-71d4-45ff-83f8-40cf553e4743,Octopus,Ewald Rübsamen,1910,/shop/edit-cephalopoda.jpg,911,1200,,"octopuses,wildlife"
74795ab2-a3da-4de0-a66b-bc9f458c4aa4,"Essay Towards a Natural History of Serpents, Plate I",Charles Owen,1742,/shop/edit-essaytowardsnatu00owen_0085.jpg,844,1200,,"reptiles,snakes,wildlife"
5653d2e9-5d13-448f-821f-4668a648b9db,"Natural History of Carolina, Florida and the Bahama Islands, v1. Tab 97",Mark Catesby,1731,/shop/edit-naturalhistoryCIc2Cate_0306-1.jpg,1024,732,,"birds,ducks,wildlife"
866e4549-c410-4844-89ad-fe786a2accc3,"Natural History of Carolina, Florida and the Bahama Islands, v1. Tab 95",Mark Catesby,1731,/shop/edit-naturalhistoryCIc2Cate_0300-1.jpg,1024,758,,"birds,ducks,fauna,wildlife"
aa204abc-1ed7-4b77-a5f9-9a05553878f0,"Natural History of Carolina, Florida and the Bahama Islands, v1. Tab 50",Mark Catesby,1731,/shop/edit-naturalhistoryCIc2Cate_0165-1.jpg,583,768,,"birds,fauna,wildlife"
f12b0c92-b32e-4760-997c-4e0d47fbfccb,"Natural History of Carolina, Florida and the Bahama Islands, v1. Tab 38",Mark Catesby,1731,/shop/edit-naturalhistoryCIc2Cate_0129-1.jpg,574,768,,"birds,wildlife"
0335a604-29be-4b58-bb28-38009bef5155,"Natural History of Carolina, Florida and the Bahama Islands, v1. Tab 30",Mark Catesby,1731,/shop/edit-naturalhistoryCIc2Cate_0105-1.jpg,1024,737,,"birds,fauna,wildlife"
9fa84202-529f-4d6d-b456-eee904c8c2f4,"Natural History of Carolina, Florida and the Bahama Islands, v1. Tab 8",Mark Catesby,1731,/shop/edit-naturalhistoryCIc2Cate_0041-1.jpg,1024,750,,"birds,wildlife"
07ef2cf1-02d1-462e-a038-d79362587feb,"Natural History of Carolina, Florida and the Bahama Islands, v2. app. Tab 20",Mark Catesby,1743,/shop/edit-naturalhistoryCc1v2Cate_0369-1.jpg,590,768,,"fauna,wildlife"
6aed70a9-9c23-4e19-abeb-24c748118383,"Natural History of Carolina, Florida and the Bahama Islands, v2. Tab 77",Mark Catesby,1743,/shop/edit-naturalhistoryCc1v2Cate_0240-1.jpg,584,768,,wildlife
e63db0ad-6cc7-45f3-b9a5-b0432f752b53,"Natural History of Carolina, Florida and the Bahama Islands, v2. Tab 58",Mark Catesby,1743,/shop/edit-naturalhistoryCc1v2Cate_0183-1.jpg,1024,757,,"snakes,wildlife"
995db26e-6324-44b9-84bf-b470715fe8bd,"Natural History of Carolina, Florida and the Bahama Islands, v2. Tab 39",Mark Catesby,1743,/shop/edit-naturalhistoryCc1v2Cate_0126-1.jpg,1011,768,,wildlife
2cf22cb2-a988-47ed-b7e3-2978952ae1df,"Natural History of Carolina, Florida and the Bahama Islands, v2. Tab 35",Mark Catesby,1743,/shop/edit-naturalhistoryCc1v2Cate_0114-1.jpg,571,768,,"crabs,fauna,wildlife"
0b0fed9b-ce87-4c27-b65a-1e8d4a44e29b,"Natural History of Carolina, Florida and the Bahama Islands, v2. Tab 10",Mark Catesby,1743,/shop/edit-naturalhistoryCc1v2Cate_0039-1.jpg,1024,759,,"fish,marine,wildlife"
c4b92112-bda6-459e-9caa-2838880a6e52,Portrait of a Man with Lions and Tigers,Unknown,1870s,/shop/edit-22482301-1.jpg,926,768,,"lions,wildlife"
592718e4-2ce1-42b8-8cd7-402d6aaf1679,"America, a Personification","Adriaen Collaert, Marten de Vos",ca. 1590,/shop/edit-RP-P-BI-6060-1.jpg,1200,975,,wildlife
fb7d1a74-1b4e-4548-9c56-38d421bf33c2,"Louis Renard's Fish, Plate XLVIII",Louis Renard (after Samuel Fallours),1754,/shop/edit-PoissonsecrevisIRena_0203-1.jpg,864,1200,,"crustaceans,fauna,fish,marine,wildlife"
04a6392b-4778-4d41-9aaa-0a5e134e20b5,"Louis Renard's Fish, Plate XIV",Louis Renard (after Samuel Fallours),1754,/shop/edit-PoissonsecrevisIRena_0135-1.jpg,1200,848,,"fauna,fish,marine,wildlife"
2e36a25b-3cf9-4329-9791-c4204aad018c,"Plate 99, Trochilidae",Ernst Haeckel,1904,/shop/99-Trochilidae-07627u-1.jpeg,711,1024,,"birds,fauna,hummingbirds,wildlife"
63b83e4e-d28e-4562-b60e-b53e61ce087d,"Plate 89, Chelonia",Ernst Haeckel,1904,/shop/89-chelonia-07619u-1.jpeg,717,1024,,"reptiles,shells,wildlife"
5cf94882-4466-4843-8647-4cadf3461eed,"Plate 79, Lacertilia",Ernst Haeckel,1904,/shop/79-Lacertilia-07610u-1.jpeg,724,1024,,"lizards,reptiles,wildlife"
cb0ccb5b-91cc-454a-833b-2833844696be,"Plate 68, Batrachia",Ernst Haeckel,1904,/shop/68-Batrachia-07600u-1.jpeg,716,1024,,"amphibians,fauna,frogs,wildlife"
bf14fe77-e72f-4f6c-abe0-5f489e8fcdae,"Plate 58, Tineida",Ernst Haeckel,1904,/shop/58-Tineida-07590u-1.jpeg,727,1024,,"entomology,insects,moths,wildlife"
3976064c-a9f5-4659-9b99-ccc22604fc29,Cover for <em>Sketch-Book of British Birds</em>,,1898,/collections/the-art-of-book-covers-1820-1914/47020120642_f34291064d_o.jpg,486,680,,"birds,ornithology,wildlife"
5ef68ae5-4453-494c-bbe0-54d4efb19543,Two pages from <em>The Young Artist's Coloring Guide. No. 12</em> (ca. 1850).,,ca. 1850,/essays/filling-in-the-blanks-a-prehistory-of-the-adult-coloring-craze/46983702501_8a5ba19cf8_h.jpg,855,1599,,"tigers,wildlife"
f0968fd9-3a48-40d5-bf74-db0442b2cb8e,Perfect Elephant,,1643,/essays/elephants-horses-and-the-proportions-of-paradise/43913273420_3035d9c205_b.jpg,651,1023,,"elephants,fauna,wildlife"
4f49651e-5049-49e6-a3fa-a62249cb53b8,"Bêche-De-Mer, Small Lolly-Fish / Bêche-De-Mer, Spotted-Fish / Teat-Fish",William Saville-Kent,1893,/collections/images-from-william-saville-kent-s-the-great-barrier-reef-of-australia-1893/greatbarrierreef00kent_0389.jpg,600,841,,"fish,wildlife,zoology"
aa48095e-4778-4df4-925c-54c1509c6f1f,Great Barrier Reef Fishes,William Saville-Kent,1893,/collections/images-from-william-saville-kent-s-the-great-barrier-reef-of-australia-1893/image-from-rawpixel-id-414419-jpeg.jpg,650,864,,"fish,marine,wildlife"
c10d0629-9b09-40d9-b7e4-a339491747cf,Barrier Reef Fishes,William Saville-Kent,1893,/collections/images-from-william-saville-kent-s-the-great-barrier-reef-of-australia-1893/greatbarrierreef00kent_0543.jpg,800,575,,"fish,marine,wildlife"
5a7684ed-19d6-45b2-ba3a-358b8bfe27ef,A Design for an Aquarium Mounted in Handsome Rustic-Work,Philip Henry Gosse,1857,/essays/bringing-the-ocean-home/42002520235_483f34204f_b.jpg,938,761,,"fish,marine,wildlife"
a0eee16a-252d-44e2-a18f-b7c7d772686d,Fore-edge for a copy of *A General History of the Quadrupeds; The Figures Engraved on Wood*,,1811,/collections/fore-edge-book-paintings-from-the-boston-public-library/41746959125_2eaeb58bf7_b.jpg,1023,375,,wildlife
17516964-6f84-44aa-9ea6-97d7ac9927d9,Carp Swimming Against a Waterfall,Utagawa Hiroshige,1852,/collections/utagawa-hiroshige-last-great-master-of-ukiyo-e/40962681534_356c9daaef_b.jpg,491,1000,,"fish,wildlife"
69d63ac4-0a65-4f7a-a695-57f1dc30fa1f,Jumansubo Plain in Susaki near Fukagawa,Utagawa Hiroshige,1857,/collections/utagawa-hiroshige-last-great-master-of-ukiyo-e/41672258341_c0c8bdf71b_b.jpg,600,884,,"birds,wildlife"
c72c71a4-2e32-48d8-8f06-d2660d8a4d0f,,Joseph Drayton; Alfred Agate,ca. 1838–42,/collections/drawings-of-tetradons-and-diodons-ca-1838-42/25785672417_b7797ffaa2_b.jpg,1024,655,,"balloonfish,fish,marine,pufferfish,wildlife"
df959301-f036-4eb5-8074-4442c6dd1dad,,Joseph Drayton; Alfred Agate,ca. 1838–42,/collections/drawings-of-tetradons-and-diodons-ca-1838-42/39760991825_2a1d7dcfd0_b.jpg,1024,660,,"balloonfish,fish,marine,pufferfish,wildlife,zoology"
e9e76441-6e3a-4258-b439-699a6a515a00,,Joseph Drayton; Alfred Agate,ca. 1838–42,/collections/drawings-of-tetradons-and-diodons-ca-1838-42/38846070690_933f1ea34d_b.jpg,1024,732,,"balloonfish,fish,marine,pufferfish,wildlife"
676aa83d-6baf-4dd9-b331-b2c351524220,Polar Bear,,ca. 1870s,/essays/darwin-s-polar-bear/26424139858_4308f81570_b.jpg,885,658,,"bears,wildlife"
a5809fc0-c7e2-46be-8df5-25cf769793f5,,,1837,/collections/images-from-german-caterpillar-calendar-1837/27948596489_5f0f00f4a4_b.jpg,1023,363,,"butterflies,caterpillars,entomology,insects,invertebrates,wildlife"
fbd04285-ec18-4036-8550-f1ad5bccd744,The Descent Began at 1:25,Émile-Antoine Bayard,1870,/collections/emile-antoine-bayard-s-illustrations-for-around-the-moon-by-jules-verne-1870/20-1.jpg,544,800,,"fish,marine,wildlife"
ada613cb-25f1-4afe-92d6-69015423cb63,Head of Walrus,,1910,/essays/decoding-the-morse-the-history-of-16th-century-narcoleptic-walruses/35262627266_10579971f7_b.jpg,695,838,,wildlife
2ed54e1d-bb34-4fa3-a715-ce59dd4b869d,Oyster-Catcher Approaching Her Eggs,Richard Kearton,1909,/essays/stuffed-ox-dummy-tree-artificial-rock-deception-in-the-work-of-richard-and-cherry-kearton/33906201193_e1fbf28d46_b.jpg,883,801,,"birds,wildlife"
0b66aba9-1fb8-47fd-a182-5c5d67d42fdd,Male Golden Plover Covering Chick,Richard Kearton,1909,/essays/stuffed-ox-dummy-tree-artificial-rock-deception-in-the-work-of-richard-and-cherry-kearton/33875417384_5f97d178b1_b.jpg,888,658,,"birds,wildlife"
f6f1f4a6-5d04-4c16-b1cb-a024b33515c4,"Plate 67, Chiroptera",Ernst Haeckel,1904,/shop/67-Chiroptera-07599u-1.jpeg,711,1024,,"bats,wildlife"
30a8ec1b-780d-4629-b13b-756befac1524,,Peter Rollos,ca. 1687,/collections/le-centre-de-l-amour-ca-1687/24622896230_19d0aae421_b.jpg,800,639,,wildlife
1c3b24bc-bfb6-4f75-8c9c-0b2272f853ae,"Fig. 14 shows another table decoration in a manner similar to the preceding design, but massed in greater form.",,1910,/collections/the-art-of-ornamental-orange-peeling-1910/21713568293_6fa07afe68_z.jpg,640,592,,"crabs,fauna,invertebrates,shellfish,wildlife"
e18ca8c6-4d5b-4ec2-a52c-f78e451c0c4d,"""The snare havin' caught her about the head, had not strangled her to death, but had pulled her head aloft an' held it there for many days.""",Arthur Heming,1925,/essays/tribal-life-in-old-lyme-canadas-colorblind-chronicler-and-his-connecticut-exile/20895767290_32c4525fdb_c.jpg,734,800,,"bears,wildlife"
ffd76cae-09ed-4317-9e4f-d9fb36d347c6,Romulus and Remus,John Leech,1850,/essays/the-eternal-guffaw-john-leech-and-the-comic-history-of-rome/16451065439_1865c8e29d_o.jpg,597,447,,"birds,monkeys,wildlife"
d5b4bdfb-a6f4-46f0-b4fe-43c2ac2faeed,,,ca. 1467,/collections/journey-from-venice-to-palestine-mount-sinai-and-egypt-ca-1467/16626533085_b7ff1e8bbe_o.jpg,600,879,,wildlife
5dd5f75e-e8b4-4fea-bd1e-3139b2ac5d2d,"The Indian Boy and the Musk-Rat. Seeps, the Duck",Charels G. Leland,1884,/collections/the-algonquin-legends-of-new-england-1884/15278812345_ebb03a05d5_o.jpg,560,762,,"ducks,wildlife"
1abab1c8-219d-4f0f-b081-95705c2d128e,,Frederick Whitney,1909,/collections/blackboard-sketching-1909/blackboard-sketching-56.jpg,1159,1500,,"birds,fauna,wildlife"
a9296d3d-b16a-40eb-9c77-8cbc1c32e70c,,Frederick Whitney,1909,/collections/blackboard-sketching-1909/blackboard-sketching-50.jpg,1157,1500,,"fauna,marine,shells,wildlife"
e253e525-a10b-4967-b657-187b65d87154,,Frederick Whitney,1909,/collections/blackboard-sketching-1909/blackboard-sketching-48.jpg,1117,1500,,wildlife
5d77f6d5-6993-4bc4-9dcc-14fb9f0a88cb,Portrait of a Man with Lions,,1870s,/collections/a-selection-from-the-getty-s-open-content-program/9508153427_819718890d_o.jpg,750,622,,"lions,wildlife"
25548a6a-4362-4655-9dd8-39c6ec997343,Tiger Again Coming to the Charge,,1902,/collections/illustrative-plates-from-how-i-killed-the-tiger-1902/8740515347_0f363d60b6_o.jpg,820,582,,"tigers,wildlife"
5f79b9c1-c53c-429e-939e-b52bc868260d,Measuring the Tiger,,1902,/collections/illustrative-plates-from-how-i-killed-the-tiger-1902/8741632732_3c6dc455f5_o.jpg,820,600,,"tigers,wildlife"
08e3e762-9264-455d-8259-dbd9c2ebf9ec,Tiger Charging,,1902,/collections/illustrative-plates-from-how-i-killed-the-tiger-1902/8741633368_a124123936_o.jpg,820,570,,"tigers,wildlife"
185a2a2a-d7a5-45d6-b875-158fa9358115,,Mark Catesby,1754,/collections/birds-from-the-natural-history-of-carolina-florida-and-the-bahama-islands-1754/8074057429_8e7baf9ff9_c.jpg,584,800,,"birds,wildlife"
1c2cad73-e52f-43a9-98f9-061cf80e86a0,,Mark Catesby,1754,/collections/birds-from-the-natural-history-of-carolina-florida-and-the-bahama-islands-1754/8074056616_484af82bed_o.jpg,859,612,,"birds,wildlife"
21551e25-57c0-46a4-a6c0-560e4e00f256,,Mark Catesby,1754,/collections/birds-from-the-natural-history-of-carolina-florida-and-the-bahama-islands-1754/8074056819_b7f5dc362a_c.jpg,564,800,,"birds,wildlife"
207dcc0a-f534-447c-97ae-cb63d998fdea,,Mark Catesby,1754,/collections/birds-from-the-natural-history-of-carolina-florida-and-the-bahama-islands-1754/8074059415_63aac2e27c_b.jpg,596,792,,"birds,wildlife"
2159a745-55df-4164-ac9e-c22310c686af,,Mark Catesby,1754,/collections/birds-from-the-natural-history-of-carolina-florida-and-the-bahama-islands-1754/8074058126_0e30dfb1de_c.jpg,584,800,,"birds,wildlife"
38d0ea21-0d77-4da8-ab58-5551d74a68e3,,Mark Catesby,1754,/collections/birds-from-the-natural-history-of-carolina-florida-and-the-bahama-islands-1754/8074056331_b4838d36ce_o.jpg,845,596,,"birds,ducks,wildlife"
3979ad00-c631-4d2d-ba93-7cadfacde4c8,,Mark Catesby,1754,/collections/birds-from-the-natural-history-of-carolina-florida-and-the-bahama-islands-1754/8074056697_d1b57ac42d_c.jpg,564,800,,"birds,wildlife"
4df571e5-2c7d-4ef5-a9f0-fd26a4c31917,,Mark Catesby,1754,/collections/birds-from-the-natural-history-of-carolina-florida-and-the-bahama-islands-1754/8074051274_de38df814b_c.jpg,584,800,,"birds,wildlife"
48aa96fd-b0c1-4257-89d6-f73bfe19257a,,Mark Catesby,1754,/collections/birds-from-the-natural-history-of-carolina-florida-and-the-bahama-islands-1754/8074059285_761dd5dcfd_o.jpg,596,792,,"birds,wildlife"
55c4913f-6f37-4bc4-999f-6d510a761cbf,,Mark Catesby,1754,/collections/birds-from-the-natural-history-of-carolina-florida-and-the-bahama-islands-1754/8074050514_1452fcacae_c.jpg,564,800,,"birds,ducks,wildlife"
573d84d7-579c-4d68-a0f5-17912af86ace,,Mark Catesby,1754,/collections/birds-from-the-natural-history-of-carolina-florida-and-the-bahama-islands-1754/8074051608_870e229500_c.jpg,584,800,,"birds,wildlife"
587d9dd6-9dcc-46d0-8aa8-7a5eb0a9547f,,Mark Catesby,1754,/collections/birds-from-the-natural-history-of-carolina-florida-and-the-bahama-islands-1754/8074054988_540ae2b0c7_o.jpg,768,585,,"birds,wildlife"
5153f1df-594f-47c9-8986-a0a21753ed5d,,Mark Catesby,1754,/collections/birds-from-the-natural-history-of-carolina-florida-and-the-bahama-islands-1754/8074061651_010dca0662_o.jpg,773,599,,"birds,wildlife"
6ef1e37d-f61e-45fd-890c-95617a1cee8f,,Mark Catesby,1754,/collections/birds-from-the-natural-history-of-carolina-florida-and-the-bahama-islands-1754/8074056055_8aefc8df45_o.jpg,845,604,,"birds,ducks,wildlife"
641fc568-370e-4f1c-acd2-d526b65538d3,,Mark Catesby,1754,/collections/birds-from-the-natural-history-of-carolina-florida-and-the-bahama-islands-1754/8074060435_8795039295_z.jpg,489,639,,"birds,wildlife"
71a5d676-20ac-435f-b13e-a90a81705051,,Mark Catesby,1754,/collections/birds-from-the-natural-history-of-carolina-florida-and-the-bahama-islands-1754/8074057027_bfc85f3c34_c.jpg,584,800,,"birds,wildlife"
78c0df45-8bb6-40dc-a491-d758904e1c1d,,Mark Catesby,1754,/collections/birds-from-the-natural-history-of-carolina-florida-and-the-bahama-islands-1754/8074057191_6aa698d3eb_c.jpg,584,800,,"birds,wildlife"
7946abe8-3f0a-42dc-95f7-1644731114cc,,Mark Catesby,1754,/collections/birds-from-the-natural-history-of-carolina-florida-and-the-bahama-islands-1754/8074051860_89f62a0828_c.jpg,584,800,,"birds,wildlife"
7084cd5d-00f0-4873-8662-b8e9c44007a1,,Mark Catesby,1754,/collections/birds-from-the-natural-history-of-carolina-florida-and-the-bahama-islands-1754/8074059531_87a8157ebb_o.jpg,588,800,,"birds,wildlife"
8f427651-acbb-4b0f-bf14-e27201fe1f32,,Mark Catesby,1754,/collections/birds-from-the-natural-history-of-carolina-florida-and-the-bahama-islands-1754/8074056559_b7349f37e4_c.jpg,800,564,,"birds,wildlife"
836337fc-0ffd-4e55-be09-8a6182929fac,,Mark Catesby,1754,/collections/birds-from-the-natural-history-of-carolina-florida-and-the-bahama-islands-1754/8074061907_4654d34f8e_o.jpg,592,750,,"birds,wildlife"
8b5354ac-5264-484e-bc22-dcc404a40c80,,Mark Catesby,1754,/collections/birds-from-the-natural-history-of-carolina-florida-and-the-bahama-islands-1754/8074056392_6d93151a19_o.jpg,773,565,,"birds,wildlife"
94630d59-86cb-4581-a4b9-725ba9c123a1,,Mark Catesby,1754,/collections/birds-from-the-natural-history-of-carolina-florida-and-the-bahama-islands-1754/8074056457_43abaaf558_o.jpg,845,596,,"birds,ducks,wildlife"
9da070e0-68f1-4f34-a693-86b9d3fed425,,Mark Catesby,1754,/collections/birds-from-the-natural-history-of-carolina-florida-and-the-bahama-islands-1754/8074055580_bfae6d71cb_c.jpg,569,800,,"birds,wildlife"
0ae8b0f6-37e1-4285-b95b-2dc314d6ec4a,,Mark Catesby,1754,/collections/birds-from-the-natural-history-of-carolina-florida-and-the-bahama-islands-1754/8074059651_33401794a8_o.jpg,800,596,,"birds,wildlife"
039aa95e-9c50-4ec2-9e83-e73f4637df96,,Mark Catesby,1754,/collections/birds-from-the-natural-history-of-carolina-florida-and-the-bahama-islands-1754/8074061793_1122142acb_o.jpg,750,592,,"birds,wildlife"
a6bd2583-bd18-420e-8696-2aa475bbd40f,,Mark Catesby,1754,/collections/birds-from-the-natural-history-of-carolina-florida-and-the-bahama-islands-1754/8074055782_5742586864_o.jpg,809,572,,"birds,wildlife"
b6f07d96-68c5-4a0d-b8d8-ab8691a30153,,Mark Catesby,1754,/collections/birds-from-the-natural-history-of-carolina-florida-and-the-bahama-islands-1754/8074056962_146f486e49_o.jpg,782,625,,"birds,wildlife"
c6b26b7a-bc60-4fa2-97b6-a21c5c6b7e78,,Mark Catesby,1754,/collections/birds-from-the-natural-history-of-carolina-florida-and-the-bahama-islands-1754/8074059855_0425d629d6_c.jpg,596,800,,"birds,wildlife"
c2247272-411e-4312-b49b-d72c2fce91ef,,Mark Catesby,1754,/collections/birds-from-the-natural-history-of-carolina-florida-and-the-bahama-islands-1754/8074061049_18375a6ce7_o.jpg,778,595,,"birds,wildlife"
d4e6bace-b855-490d-b7f4-2ad9c99f70a2,,Mark Catesby,1754,/collections/birds-from-the-natural-history-of-carolina-florida-and-the-bahama-islands-1754/8074057731_d138d80ddb_c.jpg,548,800,,"birds,wildlife"
e2b1edc8-ce59-4856-b1b3-c496aa73422c,,Mark Catesby,1754,/collections/birds-from-the-natural-history-of-carolina-florida-and-the-bahama-islands-1754/8074057184_0a57153593_o.jpg,827,581,,"birds,eagles,fish,wildlife"
af95c888-2d1b-40de-b2f5-472a104f6c87,,Friedrich Lehmann; Ludwig Heinrich Bojanus,1821,/collections/turtle-anatomy-1821/7255627068_aec09213c0_o.jpg,550,816,,"shells,wildlife"
69950ce2-41dd-4c7a-88de-bd04728eab98,Killing Seals for the Depot,Hjalmar Johansen,1913,/collections/amundsen-s-south-pole-expedition/6504420895_87eba622da_o.jpg,600,815,,wildlife
93417296-09fc-4b06-bdbc-83f53389fb58,Penguins,Hjalmar Johansen,1913,/collections/amundsen-s-south-pole-expedition/6504420251_dcbda2804b_o.jpg,700,590,,wildlife
99a17626-73ef-48c8-a379-7e55a98afb8a,An Albatross,Hjalmar Johansen,1913,/collections/amundsen-s-south-pole-expedition/6504424493_c976bdb784_o.jpg,700,592,,"birds,wildlife"
36521c95-b001-4468-9680-a3e97d3fe9da,,,1894–1920,/collections/field-columbian-museum-1894-1920/3370599225_4f41a5b897_z.jpg?zz=1,514,640,,wildlife
55973356-339d-47f0-86ec-d0eb526b4c4c,"[Whaling scenes at Skaaro. The ""Nancy Grey"" with a whale, ...",,ca. 1890,/collections/landscape-and-marine-views-of-norway/3174207625_c7eba5a91a_z.jpg?zz=1,640,463,,"whales,wildlife"
c31e7fea-2cef-4b1a-be7c-5d6977338bab,Session for the Blind at Sunderland Museum,,ca. 1913,/collections/sessions-for-the-blind-at-sunderland-museum/5863211238_d83926c007_o.jpg,689,447,,"fish,wildlife"
35c4e107-fe6f-40c6-abd6-926d9f84e26a,They were three months passing through the forest,Virginia Frances Sterrett,1920,/collections/old-french-fairytales-illustrated-by-virginia-frances-sterrett-1920/27049793008_11511169cd_b.jpg,620,831,,wildlife
141baa94-f1ff-4617-a77c-039b51f5cf99,Eledon Aldrovandi,Jean Baptiste Vérany,1851,/collections/verany-cephalopods/mollusques-0159.jpg,2056,2676,,"octopuses,zoology"
1b45d1f0-4488-4b74-bd9b-e6d828144624,Eledon Genei,Jean Baptiste Vérany,1851,/collections/verany-cephalopods/mollusques-0155.jpg,2052,2688,,"octopuses,zoology"
27923587-75ae-40e9-942f-c51835eac55a,Octopus Cocco,Jean Baptiste Vérany,1851,/collections/verany-cephalopods/mollusques-0183.jpg,2056,2672,,"octopuses,zoology"
36a0a6ba-8725-4c7e-a9e6-cb747f72bdb9,Octopus macropus,Jean Baptiste Vérany,1851,/collections/verany-cephalopods/mollusques-0175.jpg,2060,2672,,"octopuses,zoology"
4eab67b4-9820-4435-9d03-806e687bc585,Argonauta Argo,Jean Baptiste Vérany,1851,/collections/verany-cephalopods/mollusques-0195.jpg,2068,2696,,zoology
4ac5999d-3a63-448f-a609-9dd14f12d6a1,Argonauta Argo,Jean Baptiste Vérany,1851,/collections/verany-cephalopods/mollusques-0193.jpg,2052,2684,,zoology
58ded418-b20c-4d57-b551-7fbfddc7ceb2,Eledon Aldrovandi,Jean Baptiste Vérany,1851,/collections/verany-cephalopods/mollusques-0157.jpg,2052,2676,,"octopuses,zoology"
6168c664-28dc-40d3-bace-171ca18b0dfd,Loligo Todarus,Jean Baptiste Vérany,1851,/collections/verany-cephalopods/mollusques-0225.jpg,2032,2696,,zoology
60dc0b5e-2980-4d86-a26c-59e05cffb0c7,Histioteuthis bonelliana,Jean Baptiste Vérany,1851,/collections/verany-cephalopods/mollusques-0197.jpg,2064,2688,,zoology
6adcfa1a-a982-4e19-9c4f-0b9d9d3bf4ac,Octopus velifer,Jean Baptiste Vérany,1851,/collections/verany-cephalopods/mollusques-0187.jpg,2060,2672,,"octopuses,zoology"
81c37d69-4292-4458-9ca0-c2ad47c6977a,Loligo Vulgaris,Jean Baptiste Vérany,1851,/collections/verany-cephalopods/mollusques-0227.jpg,2064,2656,,zoology
90386b67-d60b-40e0-b451-41dc8933f095,Tremoctopus Violaceus,Jean Baptiste Vérany,1851,/collections/verany-cephalopods/mollusques-0189.jpg,2064,2676,,"octopuses,zoology"
9a9d208a-6f7d-4bd0-9e91-7e0d1a973a2f,Octopus Salutii,Jean Baptiste Vérany,1851,/collections/verany-cephalopods/mollusques-0173.jpg,2056,2680,,"octopuses,zoology"
014e61fa-42e7-48de-a48d-970001b870bd,Tremoctopus Violaceus,Jean Baptiste Vérany,1851,/collections/verany-cephalopods/mollusques-0191.jpg,2056,2692,,"octopuses,zoology"
abd7250f-9a31-49e2-a021-ee1d2db4f839,Loligo Sagittata,Jean Baptiste Vérany,1851,/collections/verany-cephalopods/mollusques-0221.jpg,2048,2680,,zoology
cd89c19f-8e2d-43c0-ba32-0669d361b85e,Octopus Vulgaris,Jean Baptiste Vérany,1851,/collections/verany-cephalopods/mollusques-0171.jpg,2076,2684,,"octopuses,zoology"
da371c81-f3b5-423e-8ff3-f942e866166d,Loligopsis Veranii,Jean Baptiste Vérany,1851,/collections/verany-cephalopods/mollusques-0235.jpg,2036,2648,,zoology
dd0f723d-bb79-4b50-aa4f-5bce2e3cde03,Eledon Moschatus,Jean Baptiste Vérany,1851,/collections/verany-cephalopods/mollusques-0163.jpg,2044,2676,,"octopuses,zoology"
e55cbaeb-ddb4-466a-950d-303fd98deda6,Octopus Tetracirrhus,Jean Baptiste Vérany,1851,/collections/verany-cephalopods/mollusques-0169.jpg,2060,2676,,"octopuses,zoology"
e17d5d28-a3da-4dab-a464-36e27cd69b45,Eledon Moschata,Jean Baptiste Vérany,1851,/collections/verany-cephalopods/mollusques-0165.jpg,2064,2676,,"octopuses,zoology"
f051ed9a-9221-4434-87cb-b097abeb4edc,Histioteuthis Ruppelli,Jean Baptiste Vérany,1851,/collections/verany-cephalopods/mollusques-0201.jpg,2040,2672,,zoology
f0f0299e-3497-4dd4-9f8f-c624dc8a6daa,Octopus Catenulatus,Jean Baptiste Vérany,1851,/collections/verany-cephalopods/mollusques-0179.jpg,2052,2672,,"octopuses,zoology"
f69d03ba-c0f4-48cf-ad88-7ccd2dae3292,Octopus Tetracirrhus,Jean Baptiste Vérany,1851,/collections/verany-cephalopods/mollusques-0167.jpg,2048,2680,,"octopuses,zoology"
f58c591f-dbe9-42bc-a1d8-fceacadac06a,Eledon moschatus,Jean Baptiste Vérany,1851,/collections/verany-cephalopods/mollusques-0161.jpg,2056,2684,,"octopuses,zoology"
110a50d8-1652-45b8-b4fc-0e94acea8e39,"Medusae of the World: Plate 64, Volume 3",A. G. Mayer,1910,/collections/mayer-medusae/medusae03-0131.jpg,1052,1400,,"jellyfish,marine,zoology"
1d2db1d4-7edf-4339-85fd-19ec599fd570,"Medusae of the World: Plate 29, Volume 1",A. G. Mayer,1910,/collections/mayer-medusae/medusae01-0353.jpg,1061,1400,,"jellyfish,marine,zoology"
1e46b29f-edeb-41eb-a4ef-1bb3e41eb031,"Medusae of the World: Plate 15, Volume 1",A. G. Mayer,1910,/collections/mayer-medusae/medusae01-0207.jpg,1055,1400,,"jellyfish,marine,zoology"
1f450702-531e-43a0-87c0-6830f33201bd,"Medusae of the World: Plate 14, Volume 1",A. G. Mayer,1910,/collections/mayer-medusae/medusae01-0201.jpg,1059,1400,,"jellyfish,marine,zoology"
28bde498-b8e4-4c76-a5c6-e1e5fb2cbee9,"Medusae of the World: Plate 9, Volume 1",A. G. Mayer,1910,/collections/mayer-medusae/medusae01-0127.jpg,1044,1400,,"jellyfish,marine,zoology"
3f2aeb71-e525-43dc-adc7-f1ec5cdcee73,"Medusae of the World: Plate 60, Volume 3",A. G. Mayer,1910,/collections/mayer-medusae/medusae03-0101.jpg,1047,1400,,"jellyfish,marine,zoology"
35a54e10-b5af-4183-b4df-5ac5d850cec4,"Medusae of the World: Plate 26, Volume 1",A. G. Mayer,1910,/collections/mayer-medusae/medusae01-0331.jpg,1046,1400,,"jellyfish,marine,zoology"
46649ab0-54e0-4986-87b7-78d069622d8b,"Medusae of the World: Plate 68, Volume 3",A. G. Mayer,1910,/collections/mayer-medusae/medusae03-0189.jpg,1044,1400,,"jellyfish,marine,zoology"
44fa33c6-818f-48f4-bc45-3dde21223526,"Medusae of the World: Plate 53, Volume 2",A. G. Mayer,1910,/collections/mayer-medusae/medusae02-0297.jpg,1041,1400,,"jellyfish,marine,zoology"
415ef016-08be-4fec-8360-72227e1e0485,"Medusae of the World: Plate 8, Volume 1",A. G. Mayer,1910,/collections/mayer-medusae/medusae01-0121.jpg,1060,1400,,"jellyfish,marine,zoology"
5e8e1689-fb7d-4098-8f50-95f7a6539bde,"Medusae of the World: Plate 45, Volume 2",A. G. Mayer,1910,/collections/mayer-medusae/medusae02-0185.jpg,1050,1400,,"jellyfish,marine,zoology"
60b3eaa9-8ac4-457e-95a6-c31bab047078,"Medusae of the World: Plate 42, Volume 2",A. G. Mayer,1910,/collections/mayer-medusae/medusae02-0155.jpg,1046,1400,,"jellyfish,marine,zoology"
8b0584e1-11af-4d76-a332-ae4d73ca8c4a,"Medusae of the World: Plate 69, Volume 3",A. G. Mayer,1910,/collections/mayer-medusae/medusae03-0211.jpg,1051,1400,,"jellyfish,marine,zoology"
807ef1f5-a5dc-4a4c-a205-c8f7883edac1,"Medusae of the World: Plate 27, Volume 1",A. G. Mayer,1910,/collections/mayer-medusae/medusae01-0343.jpg,1047,1400,,"jellyfish,marine,zoology"
8cdf6988-a454-43a4-b344-505b462713a8,"Medusae of the World: Plate 5, Volume 1",A. G. Mayer,1910,/collections/mayer-medusae/medusae01-0085.jpg,1047,1400,,"jellyfish,marine,zoology"
94781b2d-ef1a-430d-98f1-a1860c09b959,"Medusae of the World: Plate 73, Volume 3",A. G. Mayer,1910,/collections/mayer-medusae/medusae03-0285.jpg,1049,1400,,"jellyfish,marine,zoology"
991480ed-203b-4755-b8c5-84ca70c308e7,"Medusae of the World: Plate 18, Volume 1",A. G. Mayer,1910,/collections/mayer-medusae/medusae01-0247.jpg,1050,1400,,"jellyfish,marine,zoology"
97e2c927-a1be-4747-b66d-011396e61f8b,"Medusae of the World: Plate 6, Volume 1",A. G. Mayer,1910,/collections/mayer-medusae/medusae01-0093.jpg,1055,1400,,"jellyfish,marine,zoology"
00641842-d4f7-41ac-90f4-f993efba7cef,"Medusae of the World: Plate 75, Volume 3",A. G. Mayer,1910,/collections/mayer-medusae/medusae03-0305.jpg,1050,1400,,"jellyfish,marine,zoology"
0c84b11e-6b70-45cf-9a8d-915ff1575421,"Medusae of the World: Plate 28, Volume 1",A. G. Mayer,1910,/collections/mayer-medusae/medusae01-0349.jpg,1056,1400,,"jellyfish,marine,zoology"
039a8ec2-c7e0-4b8c-97ae-d7440a5d916c,"Medusae of the World: Plate 21, Volume 1",A. G. Mayer,1910,/collections/mayer-medusae/medusae01-0285.jpg,1055,1400,,"jellyfish,marine,zoology"
aeec2cc3-b749-4e0c-b97b-b90f39e69377,"Medusae of the World: Plate 65, Volume 3",A. G. Mayer,1910,/collections/mayer-medusae/medusae03-0151.jpg,1044,1400,,"jellyfish,marine,zoology"
a865f954-5c9c-41d7-b713-6856874eea5b,"Medusae of the World: Plate 49, Volume 2",A. G. Mayer,1910,/collections/mayer-medusae/medusae02-0209.jpg,1045,1400,,"jellyfish,marine,zoology"
a2377c8d-79da-424a-bc34-6dc986109650,"Medusae of the World: Plate 44, Volume 2",A. G. Mayer,1910,/collections/mayer-medusae/medusae02-0173.jpg,1046,1400,,"jellyfish,marine,zoology"
a3091b0e-8178-4d59-8f4c-c699cad635cb,"Medusae of the World: Plate 41, Volume 2",A. G. Mayer,1910,/collections/mayer-medusae/medusae02-0131.jpg,1048,1400,,"jellyfish,marine,zoology"
af4edd80-8da1-42be-b7d3-dc2f2d0c0a04,"Medusae of the World: Plate 10, Volume 1",A. G. Mayer,1910,/collections/mayer-medusae/medusae01-0157.jpg,1048,1400,,"jellyfish,marine,zoology"
b815a295-0f2b-4ed2-be05-c3f57f703079,"Medusae of the World: Plate 55, Volume 2",A. G. Mayer,1910,/collections/mayer-medusae/medusae02-0343.jpg,1011,1400,,"jellyfish,marine,zoology"
b2af53fc-5e63-4a30-b6ed-e595434ef37d,"Medusae of the World: Plate 12, Volume 1",A. G. Mayer,1910,/collections/mayer-medusae/medusae01-0175.jpg,1051,1400,,"jellyfish,marine,zoology"
c5f0ffbe-67f3-443c-8052-a87eee1a152e,"Medusae of the World: Plate 22, Volume 1",A. G. Mayer,1910,/collections/mayer-medusae/medusae01-0297.jpg,1054,1400,,"jellyfish,marine,zoology"
c12c2b99-56a3-45c8-a2cb-9a3e1af11d07,"Medusae of the World: Plate 13, Volume 1",A. G. Mayer,1910,/collections/mayer-medusae/medusae01-0183.jpg,1046,1400,,"jellyfish,marine,zoology"
c014777e-cf19-4e0e-809a-6fee9c03020e,"Medusae of the World: Plate 7, Volume 1",A. G. Mayer,1910,/collections/mayer-medusae/medusae01-0113.jpg,1047,1400,,"jellyfish,marine,zoology"
d62701a5-6656-4f31-bc35-8ea733374d1c,"Medusae of the World: Plate 52, Volume 2",A. G. Mayer,1910,/collections/mayer-medusae/medusae02-0287.jpg,1033,1400,,"jellyfish,marine,zoology"
d2a2bf83-d3fc-4d8a-a417-ef7c9e745ebc,"Medusae of the World: Plate 23, Volume 1",A. G. Mayer,1910,/collections/mayer-medusae/medusae01-0303.jpg,1057,1400,,"jellyfish,marine,zoology"
d448bfcc-6c2c-4708-9aea-08900d8f1cdd,"Medusae of the World: Plate 17, Volume 1",A. G. Mayer,1910,/collections/mayer-medusae/medusae01-0237.jpg,1037,1400,,"jellyfish,marine,zoology"
d655feae-ff16-475a-8f4e-8612282d5edb,"Medusae of the World: Plate 16, Volume 1",A. G. Mayer,1910,/collections/mayer-medusae/medusae01-0213.jpg,1041,1400,,"jellyfish,marine,zoology"
fc3ff1b5-7b11-4b49-b3e1-61245070c311,"Medusae of the World: Plate 59, Volume 3",A. G. Mayer,1910,/collections/mayer-medusae/medusae03-0085.jpg,1039,1400,,"jellyfish,marine,zoology"
bf7865b6-f0a9-402d-a9fa-2f7371b214c2,*Elephas primigenius* (Woolly Mammoth),Orra White Hitchcock,1828–40,/collections/hitchcock-illustrations/hitchcock-illustration-24.jpg,1400,906,,"mammoths,zoology"
a84b7841-7798-4d30-8ddf-4f54f02c80a2,"Quartz, or Agate (*Silex Quartzum*)",James Sowerby,1802–17,/collections/sowerby-mineralogy/sowerby-mineral-33.jpeg,796,812,,"shells,zoology"
b2db60eb-73a9-4a8a-9764-988aeca54c27,Long-Tsing-Yu I,François-Nicolas Martinet,1780,/shop/edit-histoirenaturell00bill_0089-2.jpg,989,1200,,"fish,zoology"
05542ed1-1d8d-4a81-914d-dfbd786610ce,Tongue of Honey Bee,Arthur E Smith,1909,/shop/edit-naturethroughmic00kerrrich_0133.jpg,721,1200,,"bees,entomology,zoology"
5e4ab8f5-a1ce-4639-aa98-423341aac70d,"Plate 96, Chaetopoda",Ernst Haeckel,1904,/shop/96-Chaetopoda-05324u-1.jpeg,700,1024,,"invertebrates,marine,worms,zoology"
dbf06242-f9f9-44a3-bf6a-9eb8e8e876ec,"Plate 57, cirripedia",Ernst Haeckel,1904,/shop/57-cirripedia-07589u-1.jpeg,716,1024,,"marine,zoology"
1ec9b289-365a-4404-9b51-7a055c55bcb2,"Plate 56, Copepoda",Ernst Haeckel,1904,/shop/56-Copepoda-05321u-1.jpeg,694,1024,,"crustaceans,fauna,marine,zoology"
ac3dd556-86a9-4b3d-888c-c3e4b13dde28,Great Barrier Reef Corals,William Saville-Kent,1893,/collections/images-from-william-saville-kent-s-the-great-barrier-reef-of-australia-1893/image-from-rawpixel-id-414410-jpeg.jpg,650,863,,"corals,fish,invertebrates,marine,zoology"
bab007df-de35-4f52-b21b-0aea8823f97c,Foot-Jaw of Broad-Claw,Philip Henry Gosse,1856,/essays/bringing-the-ocean-home/29062353248_e6102e24b8_c.jpg,787,800,,"crustaceans,fish,zoology"
19918d76-b9d6-4b81-af03-711c524d508b,Pectanthis Asteroides,Ernst Haeckel,1879,/collections/ernst-haeckels-jellyfish/42473587861_93304ed931_b.jpg,650,827,,"jellyfish,marine,zoology"
112f7311-b232-435b-ad41-6d1b8336512f,Thamnostylus Dinema,Ernst Haeckel,1879,/collections/ernst-haeckels-jellyfish/42473587981_1ba132bae4_b.jpg,650,829,,"jellyfish,marine,zoology"
1370e7ca-82ec-4034-8df8-4cd5276a14fc,Leptomedusae,Ernst Haeckel,1879,/collections/ernst-haeckels-jellyfish/42473586961_257fb034db_b.jpg,650,875,,"jellyfish,marine,zoology"
37751d82-ba44-4b24-90de-e0196be2188d,Cubomedusae,Ernst Haeckel,1904,/collections/ernst-haeckels-jellyfish/42471967711_abd7b02740_b.jpg,650,936,,"jellyfish,marine,zoology"
49ddafee-7ecc-4f8e-92fa-b8b8572b56b4,Stauromedusae,Ernst Haeckel,1879,/collections/ernst-haeckels-jellyfish/42473588311_50ed522934_b.jpg,650,885,,"jellyfish,marine,zoology"
589b4bdd-cb38-4398-b4b5-49ef80c99de1,Periphylla Mirabilis,Ernst Haeckel,1879,/collections/ernst-haeckels-jellyfish/41571127295_2562caf50e_b.jpg,650,832,,"jellyfish,marine,zoology"
56674e37-9557-46a5-bc16-a687227feca8,Discomedusae,Ernst Haeckel,1904,/collections/ernst-haeckels-jellyfish/41569553435_aba1f3540b_b.jpg,650,937,,"jellyfish,marine,zoology"
6a930c63-c8b8-4406-b69e-b1af93ace2bd,Nauphanta Challengeri,Ernst Haeckel,1879,/collections/ernst-haeckels-jellyfish/41571126965_0714b58611_b.jpg,650,831,,"jellyfish,marine,zoology"
6e6dcc0c-677c-4fcd-911a-aff77d23a55a,Anthomedusae,Ernst Haeckel,1879,/collections/ernst-haeckels-jellyfish/42473587061_bb7f9d2cbe_b.jpg,650,868,,"jellyfish,marine,zoology"
8056779f-df08-4037-b2ec-549187014617,Peromedusae,Ernst Haeckel,1904,/collections/ernst-haeckels-jellyfish/42471967661_78692de2fd_b.jpg,650,935,,"jellyfish,marine,zoology"
81c10b1d-b6ed-46bf-9813-8aff381bb424,Discomedusae,Ernst Haeckel,1904,/collections/ernst-haeckels-jellyfish/42421213172_83205edde2_b.jpg,650,926,,"jellyfish,marine,zoology"
9521927f-89f1-45e6-947d-33ccd7a8674d,Periphylla Mirabilis,Ernst Haeckel,1879,/collections/ernst-haeckels-jellyfish/42473587721_659a466a57_b.jpg,650,830,,"jellyfish,marine,zoology"
9dd62ff0-8383-48a0-ada7-948b2e17286e,Narcomedusae,Ernst Haeckel,1879,/collections/ernst-haeckels-jellyfish/27602851507_b7156c0fb8_b.jpg,650,891,,"jellyfish,marine,zoology"
0256c9e0-6647-4e02-92c4-5f34a592804a,"Discomedusae: 1-8 Cannorhiza, 9-12 Versura",Ernst Haeckel,1879,/collections/ernst-haeckels-jellyfish/42473588061_2b4eae82bb_b.jpg,650,877,,"jellyfish,marine,zoology"
0a9e9ba2-600d-4f50-a63b-d11636a661bd,Leptomedusae: Mitrocoma,Ernst Haeckel,1879,/collections/ernst-haeckels-jellyfish/28597983088_573b6a0ccb_b.jpg,754,1024,,"jellyfish,marine,zoology"
b1be99b7-9bf1-4754-a334-781338931d99,Leptomedusae,Ernst Haeckel,1879,/collections/ernst-haeckels-jellyfish/42471967871_6091b9afda_b.jpg,650,930,,"jellyfish,marine,zoology"
c58b9ece-2a0e-4d86-af6b-42e6b5550c36,Discomedusae,Ernst Haeckel,1904,/collections/ernst-haeckels-jellyfish/42471967821_36b619c63d_b.jpg,650,923,,"jellyfish,marine,zoology"
d72cf740-c85b-4a87-b174-83d0e9eaa210,Anthomedusae,Ernst Haeckel,1879,/collections/ernst-haeckels-jellyfish/42473587151_bf1e1c2b15_b.jpg,650,871,,"jellyfish,marine,zoology"
de5c628a-96fa-412c-9d00-f3f881c40b3f,Discomedusae,Ernst Haeckel,1904,/collections/ernst-haeckels-jellyfish/42471967511_48ccf6fa88_b.jpg,650,927,,"jellyfish,marine,zoology"
e86749cf-0c3e-4f04-9a70-fbbe63694068,Nauphanta Challengeri,Ernst Haeckel,1879,/collections/ernst-haeckels-jellyfish/41571127045_5304707b86_b.jpg,650,834,,"jellyfish,marine,zoology"
cd1feced-949c-4fd2-b99f-0a1522e79858,Polar Bear Skeletal System,,1866,/essays/darwin-s-polar-bear/39017182144_7ebee75b4e_b.jpg,1024,643,,"bears,zoology"
e8547bbe-3a0a-4650-a44f-50ca0735a6f3,Tree of Evolution,Ernst Haeckel,1874,/essays/human-forms-in-nature-ernst-haeckel-s-trip-to-south-asia-and-its-aftermath/36289993674_d8d9b71fcf_b.jpg,620,1024,,"primates,zoology"
c1306a29-041d-48c2-ab63-ed2a22ac8bd2,Echinus Spine Section,Arthur E Smith,1909,/collections/nature-through-microscope-and-camera-1909/14803817667_f06d4eb223_o.jpg,600,985,,zoology
e774cefd-5b3b-41b8-b2f3-7a7751b1601d,Butterfly’s Tongue,Arthur E Smith,1909,/collections/nature-through-microscope-and-camera-1909/14990008642_4a2132e697_o.jpg,1016,1324,,"butterflies,zoology"
d8a37300-68c9-4761-86d7-e24de7904666,,Johann Remmelin,1667,/collections/remmelin-s-anatomical-flap-book-1667/9017086930_a860217658_o.jpg,782,984,,zoology
564f9d97-9986-4f22-9bec-fe438babe877,,Friedrich Lehmann; Ludwig Heinrich Bojanus,1821,/collections/turtle-anatomy-1821/7255519468_a46234ccb9_o.jpg,550,808,,zoology
ead44139-cb99-4eb5-a27b-17dd6f5ec807,,Friedrich Lehmann; Ludwig Heinrich Bojanus,1821,/collections/turtle-anatomy-1821/7255520644_1af7092385_o.jpg,850,584,,zoology
18e95d33-e700-4e1f-8308-2558f3ca68f4,,Maria Sibylla Merian,1705,/collections/merian-metamorphosis/Merian_Metamorphosis_00035.jpg,3568,4624,,"butterflies,caterpillars,fauna,insects"
1df73c22-7da4-4082-8c67-9f9065cb4b5b,,Maria Sibylla Merian,1705,/collections/merian-metamorphosis/Merian_Metamorphosis_00026.jpg,3600,4760,,"butterflies,caterpillars,fauna,insects"
4ae6bfe6-a778-4fe6-861d-40f968592ff0,,Maria Sibylla Merian,1705,/collections/merian-metamorphosis/Merian_Metamorphosis_00040.jpg,3632,4712,,"butterflies,caterpillars,fauna,insects,moths"
7a96d0bd-214a-4a59-b515-9c3d3bc07036,,Maria Sibylla Merian,1705,/collections/merian-metamorphosis/Merian_Metamorphosis_00014.jpg,3648,4912,,"butterflies,caterpillars,fauna,insects"
732d8780-0a06-4150-942e-49966ba3020f,,Maria Sibylla Merian,1705,/collections/merian-metamorphosis/Merian_Metamorphosis_00009.jpg,3808,5272,,"butterflies,caterpillars,fauna,insects"
83fb52ac-e075-413e-830a-841bd46b05e7,,Maria Sibylla Merian,1705,/collections/merian-metamorphosis/Merian_Metamorphosis_00001.jpg,4125,6007,,"butterflies,caterpillars,fauna,insects"
0b96d3ac-8cf3-4ffd-865f-f906a2fd7962,,Maria Sibylla Merian,1705,/collections/merian-metamorphosis/Merian_Metamorphosis_00007.jpg,3561,4728,,"butterflies,caterpillars,fauna,insects"
dc25c758-a61c-47d0-844a-706ab63836d3,,Maria Sibylla Merian,1705,/collections/merian-metamorphosis/Metamorphosisin00Meri_0144-edit.jpeg,3585,4856,,"butterflies,caterpillars,fauna,insects"
d884441d-a012-490f-8d36-1c8a7d1a1920,,Maria Sibylla Merian,1705,/collections/merian-metamorphosis/Merian_Metamorphosis_00041.jpg,3577,4904,,"butterflies,caterpillars,fauna,fish,insects,shells"
72aeb591-ceb4-41a7-baec-ae8299a0e73f,Mythological Bird,Anonymous,1750,/shop/nov-2023-prints-00051.jpg,707,1200,,"birds,fauna"
2c5e7a56-160f-4589-b237-cb77a06c6324,Squirrel on a Tree Branch,Anonymous,ca. 1700,/shop/nov-2023-prints-00017.jpg,935,1200,,fauna
ecfb76dd-e9cd-4bba-8168-5ddcb25bdc8e,Peruvian Harpy,Anonymous,18th century,/shop/nov-2023-prints-00013.jpeg,1200,866,,fauna
97163b62-a310-4456-862a-b3eb519465d7,,Thomas Smillie,1890–1913,/collections/smillie-smithsonian/smillie-smithsonian-44.jpg,2047,1682,,"fauna,parrots"
1887109c-be91-4a75-8ae5-961cd8ca3c10,,John Bingley Garland,ca. 1850–60,/collections/garland-blood-collages/blood-book-13.jpg,1824,1380,,fauna
06444668-cc70-4421-be3f-dab5d9e146b2,,John Bingley Garland,ca. 1850–60,/collections/garland-blood-collages/blood-book-12.jpg,1818,1448,,"butterflies,fauna,horses"
5bd38e01-6e48-4cf3-8773-00e31b306c50,,Philipp Hainhofer,1596–1633,/collections/hainhofer-stammbuch/hainhofer-stammbuch-202.jpeg,798,1050,,"birds,fauna"
d50430b6-f800-456b-94bc-38943d846b3d,Blistered Sulphuret of Copper (*Cuprum sulphureum*),James Sowerby,1802–17,/collections/sowerby-mineralogy/sowerby-mineral-63.jpeg,687,795,,"fauna,marine"
82d88c9b-ced0-4008-baaa-5626883b93a9,"Spiral formations in feathers and teeth, in the muscular arrangements of the heart, and in the cast of the ventricular cavities of the heart.",James Bell Pettigrew,1908,/essays/the-spiralist/pettigrew-0.jpg,1695,1666,,"fauna,marine"
bc313216-4185-4e01-b0fc-adec827b1452,"Excrement of an East Indian Bird, Once Believed to Be Ambergris, Is Collected in a Bowl",,1666,/essays/picturing-scent/7. Justus Fidus Klobius Ambrae historiam-edit.jpg,1002,793,,"birds,fauna,lizards,whales"
487f08a5-6ec2-4ba9-b628-e39f0322a468,Advertisement for Franklin Barrett's Fish,,1913,/essays/propagating-propaganda/aquarium271913phil_0002-edit.jpg,2448,3576,,"fauna,fish"
9467fa91-72e0-4810-af7b-56534568a025,Queen Lil,,1917,/essays/propagating-propaganda/aquaticlife219161917baus_0114-edit.jpg,2004,1744,,"fauna,fish"
e50588a3-3cc4-4d80-bd77-547db9987f31,Blue Calico Telescope Fish,,1917,/essays/propagating-propaganda/aquaticlife219161917baus_0195-edit.jpg,1984,1528,,"fauna,fish"
ccb53d7d-506d-41ce-b609-18b99b4ddb1f,Jungle Orchids and Hummingbirds,Martin Johnson Heade,1872,/shop/nov-2020-prints-new-00037.jpg,1200,930,,"fauna,hummingbirds"
fae6bda0-11e6-4fa0-bb12-99ea9747c9de,Mole-Rat,,1884,/essays/the-skeptical-pilgrim-melvilles-clarel/surveyofwesternp00tris_0055-edit.jpg,1316,984,,fauna
26d99f3f-a582-4bf4-b3bd-7f4fe569cca1,Various snakes,Athanasius Kircher,1675,/essays/athanasius-kircher-study-of-the-plague/RMC2007_1006-edit.jpg,800,1259,,"fauna,reptiles,snakes"
9f0bb047-382e-428e-8210-dd72f5452e60,"“With the Aurora Borealis Flaming Coldly Overhead""",Philip R. Goodwin,1904,/collections/aurora-borealis-in-art/thecallofthewild00lond_0089.jpg,766,1102,,fauna
00699830-57ec-4d04-b0d7-795f62050c6a,Greenfinch,Barbara Regina Dietzsch,ca. 1750,/shop/oct_19_new_prints_00061.jpg,862,1200,,"birds,fauna"
3b72f4d2-b3db-4b44-a5f5-8d56ceff2272,Unicorn and Narwhal Side by Side,,1704,/essays/greenland-unicorns-and-the-magical-alicorn/48754194331_3b9ae0ca19_b.jpg,1023,702,,"fauna,fish"
916a4600-c7ed-4fbc-9270-a1e7aaccebe1,Narwhal-Like Creature,,1678,/essays/greenland-unicorns-and-the-magical-alicorn/48753991937_b6a8da4516_h.jpg,847,1600,,"fauna,fish"
ce15e1c4-1a4a-4db1-ba69-e51cec4b8b8c,The Unicorn Rests in a Garden,,1495–1505,/collections/the-unicorn-tapestries-1495-1505/48350236866_1244b97304_c.jpg,564,799,,fauna
49b50189-9ede-49cd-9fc8-05637a30c955,Two Owls,Julie de Graag,1921,/shop/small-image-from-rawpixel-id-466925-jpeg-copy.jpg,650,884,,"fauna,owls"
86585fa7-6261-4bc4-8996-10af0857a8fe,Banana Tree Flower with Io Moth,Maria Sibylla Merian,1719,/shop/edit-grioc0004372-D.jpg,899,1200,,"caterpillars,fauna,moths"
039e2edc-1336-4744-b371-06f96013826b,Pineapple with Australian and German Cockroaches,Maria Sibylla Merian,1719,/shop/edit-grioc0004373-D.jpg,858,1200,,"fauna,insects"
230c4c42-e911-40f8-affe-1f9d31043fa2,"Actinologia Britannica, Plate VI",Philip Henry Gosse,1860,/shop/gosse-4-cut.jpg,734,1200,,"fauna,marine,starfish"
143b50ae-4b49-4846-bffa-3ffb5dddf4a2,Long-Tsing-Yu IV,François-Nicolas Martinet,1780,/shop/edit-histoirenaturell00bill_0205-1.jpg,1016,1200,,"fauna,fish"
3d8181bc-5d6e-4104-b4f0-47c27104302f,Long-Tsing-Yu III,François-Nicolas Martinet,1780,/shop/edit-histoirenaturell00bill_0177.jpg,1008,1200,,"fauna,fish"
97c5bad0-ae10-4936-92ce-11e4f3dfa2f7,Long-Tsing-Yu II,François-Nicolas Martinet,1780,/shop/edit-histoirenaturell00bill_0133.jpg,1026,1200,,"fauna,fish,marine"
ee366f5a-5093-4ebe-b334-6aec62b7ca60,"Natural History of Carolina, Florida and the Bahama Islands, v1. Tab 45",Mark Catesby,1731,/shop/edit-naturalhistoryCIc2Cate_0150-1.jpg,545,768,,"birds,fauna"
5c5827be-1743-4658-ae4d-04d14b76bf46,"Natural History of Carolina, Florida and the Bahama Islands, v1. Tab 11",Mark Catesby,1731,/shop/edit-naturalhistoryCIc2Cate_0050-1.jpg,1024,748,,"birds,fauna,parrots"
3fff456d-1a53-41bd-a357-67ab21f6354c,"Natural History of Carolina, Florida and the Bahama Islands, v2. app. Tab 8",Mark Catesby,1743,/shop/edit-naturalhistoryCc1v2Cate_0333-1.jpg,1004,768,,"birds,fauna"
3eeae9a7-1758-4a68-bcc6-4e4fcac0e536,"Natural History of Carolina, Florida and the Bahama Islands, v2. Tab 46",Mark Catesby,1743,/shop/edit-naturalhistoryCc1v2Cate_0147-1.jpg,1002,768,,fauna
725a3798-4bfe-4411-97c5-b5d1b26436e0,"Natural History of Carolina, Florida and the Bahama Islands, v2. Tab 52",Mark Catesby,1743,/shop/edit-naturalhistoryCc1v2Cate_0165-1.jpg,974,768,,"fauna,snakes"
a807f172-89d5-44e7-8308-add24752e286,"Natural History of Carolina, Florida and the Bahama Islands, v2. Tab 45",Mark Catesby,1743,/shop/edit-naturalhistoryCc1v2Cate_0144-1.jpg,1019,768,,"fauna,snakes"
e7c0a635-7bde-4094-9542-c35a4b2978fc,"Natural History of Carolina, Florida and the Bahama Islands, v2. Tab 24",Mark Catesby,1743,/shop/edit-naturalhistoryCc1v2Cate_0081-1.jpg,570,768,,"fauna,fish"
10e08eb2-fa7f-42f3-a72d-1b0c4060c782,"Natural History of Carolina, Florida and the Bahama Islands, v2. Tab 18",Mark Catesby,1743,/shop/edit-naturalhistoryCc1v2Cate_0063-1.jpg,1024,638,,"fauna,fish,marine"
a4368e7b-c3f4-4bd0-a43d-203778bc212a,"Natural History of Carolina, Florida and the Bahama Islands, v2. Tab 15",Mark Catesby,1743,/shop/edit-naturalhistoryCc1v2Cate_0054-1.jpg,1024,752,,"fauna,fish"
f9bb174f-4d59-4d4e-add0-68f2a0897442,"Natural History of Carolina, Florida and the Bahama Islands, v2. Tab 13",Mark Catesby,1743,/shop/edit-naturalhistoryCc1v2Cate_0048-1.jpg,1024,694,,"fauna,fish,marine"
eeb320ab-c6a4-49c4-a6b9-301c379be212,Guide for Constructing the Letters k and l,Joris Hoefnagel,ca. 1595,/shop/edit-00272801-1.jpg,827,1200,,"birds,fauna,monkeys"
10a51d8f-fdc3-4e22-88ff-94ac569ff1f1,"Louis Renard's Fish, Plate LV",Louis Renard (after Samuel Fallours),1754,/shop/edit-PoissonsecrevisIRena_0217-1.jpg,859,1200,,fauna
408c62af-589e-4766-be4f-9c0329ea976e,"Louis Renard's Fish, Plate XLIII",Louis Renard (after Samuel Fallours),1754,/shop/edit-PoissonsecrevisIRena_0193-1.jpg,858,1200,,"fauna,fish"
0f30ef9b-33b5-48f4-8f31-21334e7fa350,"Louis Renard's Fish, Plate XXV",Louis Renard (after Samuel Fallours),1754,/shop/edit-PoissonsecrevisIRena_0157-1.jpg,856,1200,,"fauna,fish"
1a8a27fd-7c27-4b32-9350-8cfc45008510,"Louis Renard's Fish, Plate XXII",Louis Renard (after Samuel Fallours),1754,/shop/edit-PoissonsecrevisIRena_0151-1.jpg,835,1200,,"fauna,fish"
3c35a2d8-2abf-4ca5-981f-10360a8db5b0,"Louis Renard's Fish, Plate XX",Louis Renard (after Samuel Fallours),1754,/shop/edit-PoissonsecrevisIRena_0147-1.jpg,841,1200,,"fauna,fish"
e56c17d3-078a-451a-9130-83b3818f4d96,"Louis Renard's Fish, Folio 4",Louis Renard (after Samuel Fallours),1754,/shop/edit-PoissonsecrevisIRena_0027-1.jpg,863,1200,,"fauna,fish,marine"
fc07db04-1888-4046-828f-d75ad6d6a44d,"Louis Renard's Fish, Folio 3",Louis Renard (after Samuel Fallours),1754,/shop/edit-PoissonsecrevisIRena_0025-1.jpg,863,1200,,"fauna,fish"
bbec1d4f-1d6e-4ac6-99e0-84d40955ce61,"Plate 87, Teleostei",Ernst Haeckel,1904,/shop/87-Teleostei-07617u-1.jpeg,715,1024,,"fauna,fish,marine"
d21b3e90-561e-490b-8012-3bcab6161589,Eagle Map of the United States,Joseph Churchman,1832,/shop/np000151-edit-1.jpeg,1279,1024,,"birds,fauna"
793faae1-8e15-4736-9509-535a4b4e500d,Yellow-Crowned Heron,John James Audubon,1827,/essays/audubons-haiti/47196135232_373eaaa66f_b.jpg,681,1024,,"birds,fauna"
c133e6a8-c55d-495f-869e-fd9d2c739b22,The Ani,John James Audubon,1780,/essays/audubons-haiti/47248166021_fa54df9944_b.jpg,603,1023,,"birds,fauna"
7ec8e5fd-168f-4a59-a832-ce4767870577,Fight between a Tiger and a Buffalo,Henri Rousseau,1908,/collections/highlights-from-the-cleveland-museum-of-art-s-release-of-more-than-30k-images-of-public-domain-works/46887555322_3797cda43e_c.jpg,800,716,,"fauna,tigers"
20420ba0-6e56-4f91-b153-1ed0bd4f8b7c,The Ancient Wrasse,Philip Henry Gosse,1856,/essays/bringing-the-ocean-home/28033498187_000ab44005_o.jpg,561,403,,"fauna,fish"
be5b700c-7841-4c01-b075-70c61bde7b06,,Joseph Drayton; Alfred Agate,ca. 1838–42,/collections/drawings-of-tetradons-and-diodons-ca-1838-42/39946687954_d9af5da314_b.jpg,1024,666,,"balloonfish,fauna,fish,pufferfish"
abb53879-883a-493d-bda5-3090b4a21015,"Tulips, Fly, Kidney Bean, and Bean.",Joris Hoefnagel; Georg Bocskay,1561–1596,/collections/the-model-book-of-calligraphy-1561-1596/37528199364_3129e1852d_o.jpg,680,986,,"fauna,insects,shells"
6fc6dc65-be06-41ee-bf3c-7feee897855a,,,ca. 1919,/collections/pages-from-an-illustrated-catalogue-of-period-ornaments-ca-1919/29711916820_a36ce1f853_b.jpg,932,648,,"birds,fauna,ornithology"
2eaab0ee-637c-406f-8c70-90df32a897c9,The Fabulous Creature Buraq,,ca. 1660–80,/essays/out-of-their-love-they-made-it-a-visual-history-of-buraq/29703964031_7a3d8332cf_b.jpg,1000,736,,fauna
a06ce563-4370-4d88-bf8d-d18e5b76888c,"Plate VI from Samuel L. Mitchill’s “The Fishes of New York, Described and Arranged”",Samuel L. Mitchill,1815,/essays/dr-mitchill-and-the-mathematical-tetrodon/fishesofnewyork.jpg,1200,1623,,"fauna,fish"
72b9449f-8119-45ff-b192-8b46121edc26,,Charles DeKay,1898,/collections/bird-gods-1898/19701030328_bde175e490_z.jpg,640,508,,"birds,fauna"
9f7e3a1b-2202-46d2-8e90-34dabeed6add,America,Maerten de Vos; Adriaen Collaert,ca. 1590,/collections/america-a-personification-ca-1590/16749975516_0de8eaf7db_b.jpg,1023,835,,fauna
103d2b95-c452-4f65-ab5d-85b9df9e0d91,,,ca. 1467,/collections/journey-from-venice-to-palestine-mount-sinai-and-egypt-ca-1467/16440744479_243c5e24c4_o.jpg,600,901,,"birds,fauna"
052eabea-c5ee-4e8f-94e3-bbcfe2be8c91,Fireworks in Hamburg to Celebrate the Coronation of Emperor Franz I. Stephan in 1745 (Detail),,1745,/essays/picturing-pyrotechnics/14504355655_a853a2d216_c.jpg,771,800,,fauna
c3ba1727-657f-417a-a9b0-55062fef74e5,Large Flowering Sensitive Plant,Robert John Thornton,1807,/collections/plates-from-robert-thornton-s-temple-of-flora-1807/8166830859_1ac42e04eb_o.jpg,590,761,,"fauna,hummingbirds,ornithology"
97a7cb5c-b91a-426b-88d0-471a9932c2b2,The Two Children in the Wood,,1882,/collections/woodcuts-from-18th-century-chapbooks/8067340387_c4ed40736d_o.jpg,792,500,,fauna
26971c31-5bef-4d62-a74e-bdb12a518f86,Hawthorne,J. J. Grandville,1849,/collections/the-flowers-personified-1847/lesfleursanimees-0424.jpg,1127,1500,,fauna
53626458-1396-4405-a7e3-a9d25abbe6c9,Water lily,J. J. Grandville,1849,/collections/the-flowers-personified-1847/lesfleursanimees-0162.jpg,1128,1500,,"fauna,moths"
891c2b4e-4d9a-45f7-bf2a-6b978f532b3e,Embalming Jar,Frederic Ruysch,1710,/collections/the-embalming-jars-of-frederik-ruysch/6754178373_77f215abc0_o.jpg,650,895,,fauna
f009642f-788b-4f46-b9c4-3beac72eaa08,Embalming Jar,Frederic Ruysch,1710,/collections/the-embalming-jars-of-frederik-ruysch/6754179027_9b2bdc4237_o.jpg,650,882,,"fauna,fish,marine,seahorses"
c0c1f51e-dc21-4115-9ca4-e32cd9cfdb0f,The Wholeness of Nature Reflected in the Mirror of Art,Robert Fludd,1617,/essays/robert-fludd-and-his-images-of-the-divine/utriusque_cosmi_maioris_fvm4tyd_0_e1qus37_download_full-edit.jpeg,8061,8206,,fauna
e2d6eb51-1905-4b4e-aa95-43f73942ec02,A kite scene,Jean-Baptiste Pillement,ca. 1759,/collections/art-of-kite-flying/kite-flying-00001.jpg,4092,2841,,birds
5b01dbc5-8cd9-489b-b10f-70fa1a05365c,A woman holding a kite,Katsushika Hokusai,ca. 1825,/collections/art-of-kite-flying/kite-flying-00028.jpg,4912,5488,,birds
75d896b1-6120-4a05-8004-ca3f9d329f9a,Barbagianni (barn owl),Jacques de Fornazeris,1594,/collections/fornazeris-birds/RP-P-1981-165-edit.jpg,2076,2757,,"birds,butterflies,owls"
811da0df-468c-4b8d-a627-6312b9630208,Gallo (rooster),Jacques de Fornazeris,1594,/collections/fornazeris-birds/RP-P-1981-168-edit.jpg,2073,2781,,birds
66269439-5f3a-4412-9fbe-5ad3fdd8590c,Pernice (partridge),Jacques de Fornazeris,1594,/collections/fornazeris-birds/RP-P-1981-173-edit.jpg,2079,2721,,"birds,caterpillars"
57bb3f7e-d21e-49f0-a4f9-3aa8846678f5,Fagiano (pheasant),Jacques de Fornazeris,1594,/collections/fornazeris-birds/RP-P-1981-170-edit.jpg,2100,2715,,"birds,snakes"
19514aaf-6ff3-4029-82d2-abbbedde6aa2,Sacco Marino (pelican),Jacques de Fornazeris,1594,/collections/fornazeris-birds/RP-P-1981-171-edit.jpg,2106,2757,,"birds,crabs,fish,snakes"
b815407b-b88c-4dc3-b76c-5d0b4af9a935,Anatra saluatica (duck),Jacques de Fornazeris,1594,/collections/fornazeris-birds/RP-P-1981-172-edit.jpg,2106,2754,,"birds,ducks,frogs"
d2c8b9ab-1a8b-403e-84a1-da66f4bfb3b5,Aquila de corona (crowned eagle),Jacques de Fornazeris,1594,/collections/fornazeris-birds/RP-P-1981-166-edit.jpg,2124,2763,,birds
312ea94f-29ac-4765-b461-606c5f4235d9,Pavone (peacock),Jacques de Fornazeris,1594,/collections/fornazeris-birds/RP-P-1981-169-edit.jpg,2121,2808,,birds
629ea8b3-9385-4e5d-9b0b-33ebbfb9622d,Civetta (little owl),Jacques de Fornazeris,1594,/collections/fornazeris-birds/RP-P-1981-167-edit.jpg,2076,2769,,birds
f2be43ec-f98a-4b08-bc5b-b4bb72c3eeaf,From the Bois de Boulogne,Henri Rivière,1888–1902,/collections/36-views-of-the-eiffel-tower/22-image_riviere_henri_du_bois_de_boul_g.22392-22_2023171.jpg,2824,2364,,"birds,ducks"
bd71a947-17fb-4b9e-ab8b-c27d3b593148,Engraving of a collector’s cabinet,,1599,/essays/art-in-art/3-ferranto.jpg,4915,3625,,"birds,dogs,fish,marine-life,sea-creatures,seashells,shells"
cfafee22-0192-48b9-bcc5-b97d7379ba9f,Unpublished design,Aubrey Beardsley,1894,/collections/aubrey-beardsley/beardsley-illustration-00018.jpg,2227,2047,,birds
514aac67-b211-4e78-88ae-5db6e7953142,The Peacock Skirt,Aubrey Beardsley,1894,/collections/aubrey-beardsley/beardsley-illustration-00024.jpg,2230,3026,,birds
d44c59fe-08c8-47bf-8b25-08d6a4a364fe,Cover design,Aubrey Beardsley,1896,/collections/aubrey-beardsley/beardsley-later-works-00030.jpg,1675,2414,,birds
f98a40c5-ea5c-4ba8-ab25-68fb7974fedb,Diorama of an indigenous scene,Gerrit Schouten,ca. 1825,/collections/gerrit-schouten-suriname-dioramas/tm-a-6371e.jpg,1500,1180,,"birds,dogs"
c4b8578a-960c-4a11-8ab2-becaad1ac77c,Diorama of an indigenous scene,Gerrit Schouten,1819,/collections/gerrit-schouten-suriname-dioramas/tm-a-6371d.jpg,1500,1219,,birds
0d39f5bf-d7ad-419d-b4ef-27b51e8227e8,Diorama of a Surinamese native village with ritual specialist,Gerrit Schouten,ca. before 1816,/collections/gerrit-schouten-suriname-dioramas/tm-5754-1.jpg,1500,1174,,birds
104fa438-bc9e-482f-8b0b-281acd13ce7b,Diorama of a Caribbean camp,Gerrit Schouten,1827,/collections/gerrit-schouten-suriname-dioramas/rv-360-5139b.jpg,7506,4871,,birds
5ed63068-9b64-468b-ab51-1915d1a1df1e,Diorama of a Caribbean scene,Gerrit Schouten,1827,/collections/gerrit-schouten-suriname-dioramas/rv-360-5139d-ed.jpg,3952,2588,,birds
984a12d5-669e-4c69-98c6-f85ec4bb112c,Wiosna (Spring),Michalina Janoszanka,ca. 1920s,/collections/michalina-janoszanka/Michalina_Janoszanka_-_Wiosna-edit.jpg,3267,3033,,"birds,frogs"
d7c2c1d4-6b75-4428-bb4f-2a9c2716e5a3,Zima (Winter),Michalina Janoszanka,ca. 1920s,/collections/michalina-janoszanka/Michalina_Janoszanka_-_Zima-edit.jpg,3263,3012,,birds
a925ad59-4fef-4552-999a-6de0e88da270,"Ostrich Egg-Shell Cup From Grave at Kish, Mesopotamia, about 3000 B.C.",,1926,/collections/ostrich-egg-shell-cups-of-mesopotamia/ostricheggshellc24lauf_0004-edit.jpg,1790,2766,,birds
3c6c9544-887d-4497-a6dc-c09d6bdf9ab6,"Ostrich Egg-Shell Cup From Grave at Kish, Mesopotamia, about 3000 B.C.",,1926,/collections/ostrich-egg-shell-cups-of-mesopotamia/ostricheggshellc24lauf_0012-edit.jpg,1798,2738,,birds
2f419c19-be53-49a4-8a67-5d3e0b4f2fd5,"Ostrich Egg-Shell Fragments Painted with Bitumen, From Grave at Kish, Mesopotamia",,1926,/collections/ostrich-egg-shell-cups-of-mesopotamia/ostricheggshellc24lauf_0018-edit.jpg,2586,1840,,birds
398a497b-d33b-464f-a810-9c4b270cd1c4,Egg of Domesticated Ostrich from Ostrich Farm in California,,1926,/collections/ostrich-egg-shell-cups-of-mesopotamia/ostricheggshellc24lauf_0028-edit.jpg,1796,2744,,birds
4381a63d-7680-472d-a578-973dff93697b,"Bushman Painting in a Cave of the Herschel District, Cape Colony, Showing Bushman Disguised as Ostrich Hunting Ostriches",,1926,/collections/ostrich-egg-shell-cups-of-mesopotamia/ostricheggshellc24lauf_0034-edit.jpg,2640,1882,,birds
c6eb8431-3434-4888-a1a5-5ca201a2f121,Egyptian Scene Showing a Captured Ostrich and Man with Ostrich Feathers and Eggs,O. Keller,1926,/collections/ostrich-egg-shell-cups-of-mesopotamia/ostricheggshellc24lauf_0025-edit-2.jpg,1572,1128,,birds
399f4542-5087-42e0-a5b5-a375e8597503,Chorus of Comedy with Spear-men astride Ostriches. Painting on a Greek Vase.,Daremberg and Saglio,1926,/collections/ostrich-egg-shell-cups-of-mesopotamia/ostricheggshellc24lauf_0026-edit.jpg,2548,1476,,birds
d8502136-6676-4701-abe2-6200f8e99980,"Chinese Stone Sculpture of Ostrich on the Tomb of the Emperor Kao Tsung. T'ang Period, Seventh Century A.D.",E. Chavannes,1926,/collections/ostrich-egg-shell-cups-of-mesopotamia/ostricheggshellc24lauf_0043-edit.jpg,1798,2758,,birds
8f7b29d4-5a30-48ff-9be9-4350a4959bd3,"Chinese Stone Sculpture of Ostrich from the Tomb of the Emperor Jui Tsung. T'ang Period, Eighth Century.",E. Chavannes,1926,/collections/ostrich-egg-shell-cups-of-mesopotamia/ostricheggshellc24lauf_0045-edit.jpg,1416,1592,,birds
80e22c74-0623-459f-a3ad-f4158c54fb57,"Chinese Stone Sculpture of Ostrich on the Tomb of the Emperor Kao Tsung. T'ang Period, Seventh Century A.D.",E. Chavannes,1926,/collections/ostrich-egg-shell-cups-of-mesopotamia/ostricheggshellc24lauf_0049-edit.jpg,1804,2758,,birds
26d501e9-44b9-4050-bfb2-d691aa05f943,Bushmen Rock Carvings of Ostriches.,M. Helen Tongue,1926,/collections/ostrich-egg-shell-cups-of-mesopotamia/ostricheggshellc24lauf_0054-edit.jpg,1334,1522,,birds
6aa266a2-0e56-492d-8277-738505d58612,Egyptian Scene Showing a Captured Ostrich and Man with Ostrich Feathers and Eggs,O. Keller,1926,/collections/ostrich-egg-shell-cups-of-mesopotamia/ostricheggshellc24lauf_0025-edit-2.jpg,1572,1128,,birds
d9a62b64-edae-4dc0-9ad2-9c7eb1e2e062,"Blackberry, unripe fruits and flower (Rubus sectio rubus)",Master of Claude de France,ca. 1510–1515,/collections/book-of-flower-studies/DP-18128-001.jpg,2631,3957,,birds
444ddf84-34cc-4782-8e67-d606f6e8e8b8,Hen and Chicks (Sempervivum tectorum),Master of Claude de France,ca. 1510–1515,/collections/book-of-flower-studies/DP-18128-007.jpg,2643,3935,,"birds,owls"
d393d62d-c1a5-4ce9-87ea-774cfa8399c5,Hazelnut (Corylus avellane),Master of Claude de France,ca. 1510–1515,/collections/book-of-flower-studies/DP-18128-011.jpg,2607,3883,,birds
c6657d2e-fd7a-4c83-8644-3d88e82df017,Bare-eyed pigeon,Pauline Knip,1811,/collections/les-pigeons/les-pigeons-00001.jpg,3036,4250,,"birds,pigeons"
3b7a4767-d02c-43e1-b0e7-2b87858a7c4b,Western crowned pigeon,Pauline Knip,1811,/collections/les-pigeons/les-pigeons-00011.jpg,3008,4084,,"birds,pigeons"
0f80aece-3dae-455f-aa4c-173c12266b7a,Pink-necked green pigeon,Pauline Knip,1811,/collections/les-pigeons/les-pigeons-00010.jpg,3207,4240,,"birds,pigeons"
4f99e28d-8160-4a5a-94c9-b1f51605f69c,African green pigeon,Pauline Knip,1811,/collections/les-pigeons/les-pigeons-00009.jpg,2870,4114,,"birds,pigeons"
a37cb850-3866-46b2-b8ff-3782d5dcfa6f,Mauritius blue pigeon,Pauline Knip,1811,/collections/les-pigeons/les-pigeons-00002.jpg,3107,4488,,"birds,pigeons"
d65eb863-06ac-4823-b981-0b3f4df71f10,Jambu fruit dove,Pauline Knip,1811,/collections/les-pigeons/les-pigeons-00003.jpg,2788,3932,,"birds,pigeons"
06a8cafe-c091-4c30-a2cd-4aee81bd3b10,Sunda collared dove,Pauline Knip,1811,/collections/les-pigeons/les-pigeons-00004.jpg,3076,4317,,"birds,pigeons"
c07e5480-862c-4331-876c-e057128abee4,Namaqua dove,Pauline Knip,1811,/collections/les-pigeons/les-pigeons-00007.jpg,3030,4036,,"birds,pigeons"
7f7fdb44-1a2c-44dc-aec0-106ffb771fd6,Buru green pigeon,Pauline Knip,1811,/collections/les-pigeons/les-pigeons-00008.jpg,2777,3981,,"birds,pigeons"
c14baa8c-7abd-407a-ab67-18a2b370ea24,Mexican blue dove (considered fictitious),Pauline Knip,1811,/collections/les-pigeons/les-pigeons-00005.jpg,3267,4378,,"birds,pigeons"
87a9bab4-a467-46c8-8af2-895dbc6e74a0,Nicobar pigeon,Pauline Knip,1811,/collections/les-pigeons/les-pigeons-00013.jpg,3267,4187,,"birds,pigeons"
adc2a381-a9e3-4f80-af5a-5ba21df1984a,Bruce's green pigeon,Pauline Knip,1811,/collections/les-pigeons/les-pigeons-00012.jpg,2914,4103,,"birds,pigeons"
1a0fb28e-0901-45cf-bb3f-8d06228debcf,African olive pigeon,Pauline Knip,1811,/collections/les-pigeons/les-pigeons-00014.jpg,2832,3867,,"birds,pigeons"
b591e2d2-8c1f-4d99-9ac8-a54f7de69f59,Common bronzewing,Pauline Knip,1811,/collections/les-pigeons/les-pigeons-00015.jpg,3013,4113,,"birds,pigeons"
1c98b105-5a94-481d-b5b7-1b6dbd5879f1,White-crowned pigeon,Pauline Knip,1811,/collections/les-pigeons/les-pigeons-00016.jpg,3057,4223,,"birds,pigeons"
2c4778aa-d815-4058-91dc-9a796581ef4c,Madagascar blue pigeon,Pauline Knip,1811,/collections/les-pigeons/les-pigeons-00017.jpg,3019,4267,,"birds,pigeons"
4f9349df-cced-4667-aa24-e27585e9ce0e,Gloger's dove (considered fictitious),Pauline Knip,1811,/collections/les-pigeons/les-pigeons-00018.jpg,2777,4070,,"birds,pigeons"
de2f136f-9a8e-4887-8570-2cdbb21706eb,Red-crowned pigeon,Pauline Knip,1811,/collections/les-pigeons/les-pigeons-00019.jpg,2898,4207,,"birds,pigeons"
aec0acf5-a489-4d42-8514-5134107b607c,Brush bronzewing,Pauline Knip,1811,/collections/les-pigeons/les-pigeons-00020.jpg,2976,4267,,"birds,pigeons"
92c97ead-c245-46f4-a15f-1c2fe0b01e7b,Madagascar green pigeon,Pauline Knip,1811,/collections/les-pigeons/les-pigeons-00021.jpg,3130,4317,,"birds,pigeons"
2138ed8a-06c1-451b-9261-b1e947f6b970,Belted pigeon,Pauline Knip,1811,/collections/les-pigeons/les-pigeons-00022.jpg,2975,4293,,"birds,pigeons"
0bed7adf-3188-44b6-96d9-ab985d91f30d,Violaceous quail-dove,Pauline Knip,1811,/collections/les-pigeons/les-pigeons-00023.jpg,2865,4180,,"birds,pigeons"
e08a9a52-36bf-40de-84c4-4f66832935f1,Black-capped pigeon,Pauline Knip,1811,/collections/les-pigeons/les-pigeons-00024.jpg,2772,4091,,"birds,pigeons"
b32392c6-362a-4b2d-abac-e31ff29dde77,Superb fruit dove,Pauline Knip,1811,/collections/les-pigeons/les-pigeons-00025.jpg,2958,4002,,"birds,pigeons"
8fd280d9-375c-48d0-b31f-9283a33c08a1,The Princess Kissed Its Coral Beak,Jay Van Everen,1921,/collections/fillmore-the-laughing-prince/laughingprincebo00fill_0085.jpg,1818,2706,,birds
9a9f473c-29b5-40e8-a285-71f7dc437fe2,,Christoph Jamnitzer,1610,/collections/christoph-jamnitzer-neuw-grotesken-buch/RP-P-1973-157.jpg,5979,4708,,birds
a641d081-0506-430f-b81c-ae3e23386470,,Anton Seder,1896,/collections/das-thier-in-der-decorativen-kunst/gri_33125013920190_0036.jpg,1712,2244,,"birds,pigeons"
01ec6237-5a2f-42c5-b623-035db3791bd4,,Anton Seder,1896,/collections/das-thier-in-der-decorativen-kunst/gri_33125013920190_0038.jpg,1648,2170,,birds
90c0e282-0923-4a4a-abda-03b43ef5d9dd,,Anton Seder,1896,/collections/das-thier-in-der-decorativen-kunst/gri_33125013920190_0040.jpg,2327,1807,,"birds,ducks"
a515fc27-8277-4a9b-9a51-701d4cd8c3bf,,Anton Seder,1896,/collections/das-thier-in-der-decorativen-kunst/gri_33125013920190_0042.jpg,2124,1602,,"birds,ducks"
938d6b8e-8265-4893-a280-57c7b7d1e910,,Anton Seder,1896,/collections/das-thier-in-der-decorativen-kunst/gri_33125013920190_0046.jpg,1606,2132,,"birds,eagles"
57db1164-1a48-4779-b35c-61ffedb88049,,Anton Seder,1896,/collections/das-thier-in-der-decorativen-kunst/gri_33125013920190_0048.jpg,2152,1614,,birds
ccccc63a-ca15-4191-ad7e-b5a55687077e,,Anton Seder,1896,/collections/das-thier-in-der-decorativen-kunst/gri_33125013920190_0050.jpg,1620,2146,,birds
c8bbcce4-1fa4-4334-b528-e3e7d35c2b91,,Anton Seder,1896,/collections/das-thier-in-der-decorativen-kunst/gri_33125013920190_0054.jpg,1606,2128,,birds
554df9b9-834e-4292-9687-cc16fd155349,,Anton Seder,1896,/collections/das-thier-in-der-decorativen-kunst/gri_33125013920190_0056.jpg,1817,2357,,"birds,parrots"
1878c2db-17d4-4003-be57-82e3bb116c6d,,Anton Seder,1896,/collections/das-thier-in-der-decorativen-kunst/gri_33125013920190_0058.jpg,1632,2172,,birds
ab835e5a-c0ea-4ce4-b81e-394c6da30507,,Anton Seder,1896,/collections/das-thier-in-der-decorativen-kunst/gri_33125013920190_0060.jpg,1638,2166,,birds
52b56606-d9e1-44a4-8d61-42de1c5d4890,,Anton Seder,1896,/collections/das-thier-in-der-decorativen-kunst/gri_33125013920190_0052.jpg,2218,1638,,birds
ad33a542-76ac-4450-a6fa-7cc7ec14ff98,The conjurer,Johann Theodor de Bry,1590,/collections/briefe-and-true-report-de-bry-engravings/477644630.jpg,2276,1676,,birds
57556a55-eba3-48bc-b562-0df85f0ec01a,"Facsimile of the Codex Ríos, ca. after 1566",Agostino Aglio,1831–48,/collections/antiquities-of-mexico/antiquities-of-mexico-00020.jpg,3509,3135,,birds
ff5863bc-ed7b-4ff7-9cec-d1534e4a80ca,,Raffaele Mainella,1907,/collections/nos-invisibles/BSG_FOLRSUP15RES_0350.jpeg,4060,6156,,birds
a12b1e66-e6bc-4c7f-ae36-1ab4bc46fd24,,Anne Allen; Jean-Baptiste Pillement,ca. 1790s,/collections/chinese-arabesques/40091_282260_f8f9c80bf9020a48_x-edit.jpeg,1740,2354,,birds
2c1f03ad-e3c0-43c2-8087-d787869c679d,"Big Pelican, Whose Head Was Almost Human",Jean de Bosschère,1921,/collections/weird-islands/weird-islands-00010.jpeg,1770,1776,,birds
3bad409e-4bc2-4f40-95fe-f88583c20638,They Were Followed by a Cloud Of Cubic and Spherical Birds,Jean de Bosschère,1921,/collections/weird-islands/weird-islands-00019.jpeg,3501,1146,,birds
5848c4e5-f7ee-413b-a28e-88772888ae11,Little Hats Made of Pastry,Jean de Bosschère,1921,/collections/weird-islands/weird-islands-00033.jpeg,1149,2067,,birds
6bd16cdd-5555-40d7-a40b-fb8d24d18125,The Arrows Return to Their Owners With Their Prey,Jean de Bosschère,1921,/collections/weird-islands/weird-islands-00012.jpeg,3840,2720,,"birds,pigs"
f8a4c577-1310-48bf-bb2d-064b47ae6a51,To Throw Stones at Them,Jean de Bosschère,1921,/collections/weird-islands/weird-islands-00011.jpeg,1800,2492,,birds
335504cd-044a-4f1e-980a-c60365042b4e,"“How Intelligence Was Distributed Among the Animals”, a tale from Bornu.",Tom Seidmann-Freud,1924,/collections/rabbit-tales/dbbs_derivate_00000176-1.jpg,1774,1420,,"birds,rabbits"
c87c3f73-c676-498a-860c-8cbba225d6bb,"“The Hare Who Laughed Until His Lip Burst”, a fairy tale from the parish of Waiwara.",Tom Seidmann-Freud,1924,/collections/rabbit-tales/dbbs_derivate_00000176-8.jpg,1774,1420,,"birds,rabbits"
e14b0e77-e8fd-432f-965b-29e6562787f0,“The World is Enlivened by the People of Ansei”,,1855,/collections/earthquakes-in-japanese-woodblock-prints/NDL-DC-40.jpg,4874,3241,,"birds,catfish,fish"
ab51c6fb-afb7-41c4-aed0-ecad82b869dd,"R. C. McPherson (Cecil Mack) and Jas T. Brymn, “Build a Nest for Birdie”",,1906,/collections/gotham-attucks/gotham-attucks-9.jpg,1268,1650,,birds
9b98ed64-a250-44ad-a410-7df7506569b4,,,ca. 1615–20,/collections/blackwork/blackwork-05.jpeg,1694,1426,,birds
0a0754e7-3cef-463f-8ce8-53983bac8a5e,"Blackwork print with birds, insects, and fruits",Claes Jansz. Visscher after Hertzog von Brin,ca. 1620,/collections/blackwork/blackwork-17.jpeg,2720,3075,,birds
d41ae2d2-822d-497a-8df4-19f90581f775,"Blackwork design for goldsmith work with a putto, birds, and insects",Andreas Gentzsch after Mathais Beitler,1616,/collections/blackwork/blackwork-14.jpeg,2402,2822,,birds
a78b027f-60a2-4430-b6ce-8c34a204a4de,Eagle,Jacques de Fornazeris,1594,/shop/nov-2023-prints-00028.jpg,930,1200,,"birds,eagles"
2d52e59c-9a6a-4fb9-aa7f-f1eda8b32767,The Hare Hunter,Johann Theodor de Bry,1596,/shop/nov-2023-prints-00012.jpg,1002,1200,,birds
2c8eb5c1-a99f-4fce-9c4a-948c20ece9b2,Peacock-shaped Hand Washing Device,Anonymous,1315,/shop/nov-2023-prints-00001.jpg,840,1200,,birds
735c3fc5-4dc2-4248-a672-038814cd4cb0,,Madame B,ca. 1870s,/collections/madame-b-album/madame-b-album-00013.jpg,3000,2053,,birds
413e374d-ed09-4997-a46a-81c61d49942a,Exclamation Point or Note of Admiration,Mr. Stops,1824,/collections/punctuation-personified/punctuation-personified-19.jpg,2348,2072,,birds
ac819a37-d424-494d-add0-40899317ecf2,Blue Jays in Winter and Birds of Paradise in the Forest,Gerald H. Thayer,1909,/collections/concealing-coloration/concealing-coloration-6.jpg,1500,1026,,birds
d83857de-7add-45c5-ae0c-d86b87f6b875,Peacock in the Woods,Gerald H. Thayer,1909,/collections/concealing-coloration/concealing-coloration-1.jpg,1225,1500,,birds
cd90f8cc-3c77-41b1-93a5-7fa79d6b7dbf,Diogenes,Giovanni Jacopo Caraglio,1527,/essays/melancholy-polyhedra/08-DP851666-edit.jpeg,2716,3520,,birds
13c862a1-1713-4c8f-9233-e89c672b0624,,John Bingley Garland,ca. 1850–60,/collections/garland-blood-collages/blood-book-24.jpg,1858,1467,,"birds,snakes"
7fdca472-48e7-4e96-880a-82e45b6f1ff1,,John Bingley Garland,ca. 1850–60,/collections/garland-blood-collages/blood-book-36.jpg,1864,1527,,birds
897905ba-ab5c-45ad-a9aa-175e1e1e4467,,John Bingley Garland,ca. 1850–60,/collections/garland-blood-collages/blood-book-9.jpg,1848,1412,,birds
ccb44725-2160-4639-9490-0fa291ba5fb2,,John Bingley Garland,ca. 1850–60,/collections/garland-blood-collages/blood-book-41.jpg,1872,1382,,birds
e906e8e8-279a-4505-a890-60e8006b199e,,John Bingley Garland,ca. 1850–60,/collections/garland-blood-collages/blood-book-7.jpg,1852,1387,,birds
6f73e3f6-7106-4af2-90c2-aa4c41d3f5b7,Soap Bubbles,Jean Jacques de Boissieu,1799,/collections/visualising-bubbles/soap-bubble-31.jpg,1400,1032,,birds
8a896c8f-577f-4cdd-bb02-d43d80c15bcd,,Philipp Hainhofer,1596–1633,/collections/hainhofer-stammbuch/hainhofer-stammbuch-157.jpeg,812,1062,,birds
16fe6231-86c6-47a4-9a36-593370b2825e,,Anton Schöner,1906,/collections/schachtzabel-pigeons/schachtzabel-0205.jpg,1400,964,,"birds,pigeons"
191e615d-e257-4d37-a39e-262a25b42347,,Anton Schöner,1906,/collections/schachtzabel-pigeons/schachtzabel-0157.jpg,1400,980,,"birds,pigeons"
13abfc91-1464-48b5-bedb-803cddc6d114,,Anton Schöner,1906,/collections/schachtzabel-pigeons/schachtzabel-0105.jpg,1400,978,,"birds,pigeons"
18f38b55-bf9f-4323-954d-3a5786ca0fdd,,Anton Schöner,1906,/collections/schachtzabel-pigeons/schachtzabel-0061.jpg,1400,969,,"birds,pigeons"
2ad218d8-5fa4-4c09-b9aa-d61d729b3953,,Anton Schöner,1906,/collections/schachtzabel-pigeons/schachtzabel-0071.jpg,1400,988,,"birds,pigeons"
2ade07a4-0bae-448f-889f-b7d72a27a19a,,Anton Schöner,1906,/collections/schachtzabel-pigeons/schachtzabel-0039.jpg,1400,977,,"birds,pigeons"
3fc14407-49cd-4612-b9c0-89a0cbf51149,,Anton Schöner,1906,/collections/schachtzabel-pigeons/schachtzabel-0189.jpg,1400,983,,"birds,pigeons"
3020b270-ceeb-496b-87d2-8469e1d230f8,,Anton Schöner,1906,/collections/schachtzabel-pigeons/schachtzabel-0079.jpg,1400,974,,"birds,pigeons"
36fdf4b6-d64a-4b6e-afb2-36bf1850b688,,Anton Schöner,1906,/collections/schachtzabel-pigeons/schachtzabel-0069.jpg,1400,977,,"birds,pigeons"
44aeaa71-963c-4d17-a8d4-f4adcaa73508,,Anton Schöner,1906,/collections/schachtzabel-pigeons/schachtzabel-0127.jpg,1400,980,,"birds,pigeons"
41c0b3d6-25c5-4fc8-8793-3b32d9d3af35,,Anton Schöner,1906,/collections/schachtzabel-pigeons/schachtzabel-0123.jpg,1400,974,,"birds,pigeons"
44bf3ed8-46d2-49f3-9da7-9303cbc77efa,,Anton Schöner,1906,/collections/schachtzabel-pigeons/schachtzabel-0111.jpg,1400,980,,"birds,pigeons"
4e2d1976-d0e5-45b0-8f1b-1ad393213f31,,Anton Schöner,1906,/collections/schachtzabel-pigeons/schachtzabel-0089.jpg,1400,975,,"birds,pigeons"
43184cc6-a4c7-4f0b-95bb-e46f647920cc,,Anton Schöner,1906,/collections/schachtzabel-pigeons/schachtzabel-0077.jpg,1400,982,,"birds,pigeons"
4bf374ad-5859-4396-9ed9-71f55ffe4dc4,,Anton Schöner,1906,/collections/schachtzabel-pigeons/schachtzabel-0031.jpg,1400,969,,"birds,pigeons"
52dce6bc-bc5c-4796-adfe-46ec4deb256e,,Anton Schöner,1906,/collections/schachtzabel-pigeons/schachtzabel-0193.jpg,1400,973,,"birds,pigeons"
56b0473f-a6e9-4284-a847-cca3c177c418,,Anton Schöner,1906,/collections/schachtzabel-pigeons/schachtzabel-0145.jpg,1400,980,,"birds,pigeons"
665ff4a3-d8a4-4774-b58c-0ed4e1884d88,,Anton Schöner,1906,/collections/schachtzabel-pigeons/schachtzabel-0141.jpg,1400,986,,"birds,pigeons"
668f7be1-0d69-42c4-b8f2-639f17014958,,Anton Schöner,1906,/collections/schachtzabel-pigeons/schachtzabel-0073.jpg,1400,971,,"birds,pigeons"
608d684e-f331-48a1-bdeb-d679884e0350,,Anton Schöner,1906,/collections/schachtzabel-pigeons/schachtzabel-0023.jpg,1400,998,,"birds,pigeons"
7acdf756-c709-46a4-aba3-9c30d6b25a50,,Anton Schöner,1906,/collections/schachtzabel-pigeons/schachtzabel-0125.jpg,1400,975,,"birds,pigeons"
7a61c8a2-afc8-4999-8288-c1c6d7e514a7,,Anton Schöner,1906,/collections/schachtzabel-pigeons/schachtzabel-0045.jpg,1400,972,,"birds,pigeons"
78bcc09f-70fe-4fc0-a321-5d31a4c3abd2,,Anton Schöner,1906,/collections/schachtzabel-pigeons/schachtzabel-0041.jpg,1400,974,,"birds,pigeons"
8112a782-68f1-493f-b139-41e652dcdaf1,,Anton Schöner,1906,/collections/schachtzabel-pigeons/schachtzabel-0135.jpg,1400,973,,"birds,pigeons"
9ca62353-200d-42b8-b1af-6194e32aea35,,Anton Schöner,1906,/collections/schachtzabel-pigeons/schachtzabel-0145.jpg,1400,980,,"birds,pigeons"
9a1ce8b8-ab1e-496b-83c1-9e8004ae4f0c,,Anton Schöner,1906,/collections/schachtzabel-pigeons/schachtzabel-0087.jpg,1400,977,,"birds,pigeons"
93594a53-dcf8-44a1-9409-7b22233a3312,,Anton Schöner,1906,/collections/schachtzabel-pigeons/schachtzabel-0027.jpg,1400,974,,"birds,pigeons"
0baa427f-eb38-4812-ac12-891cdd13959c,,Anton Schöner,1906,/collections/schachtzabel-pigeons/schachtzabel-0035.jpg,1400,971,,"birds,pigeons"
015221c2-69f7-4128-84d4-255a63d40a45,,Anton Schöner,1906,/collections/schachtzabel-pigeons/schachtzabel-0025.jpg,1400,973,,"birds,pigeons"
a49881d4-3d12-47da-8629-e7f7371def27,,Anton Schöner,1906,/collections/schachtzabel-pigeons/schachtzabel-0063.jpg,1400,980,,"birds,pigeons"
b7cc7461-4d74-41ae-9953-20848dc21516,,Anton Schöner,1906,/collections/schachtzabel-pigeons/schachtzabel-0131.jpg,1400,971,,"birds,pigeons"
b84bdce0-61c8-4a37-80e6-de87bfc5869c,,Anton Schöner,1906,/collections/schachtzabel-pigeons/schachtzabel-0109.jpg,1400,984,,"birds,pigeons"
b934bacb-ca8d-4ad0-85f1-77fddc05571b,,Anton Schöner,1906,/collections/schachtzabel-pigeons/schachtzabel-0067.jpg,1400,970,,"birds,pigeons"
c960ddcb-4780-4b9e-82ca-649f394ba6f1,,Anton Schöner,1906,/collections/schachtzabel-pigeons/schachtzabel-0185.jpg,1400,982,,"birds,pigeons"
cda99695-8872-48eb-bb43-efe550a43ad5,,Anton Schöner,1906,/collections/schachtzabel-pigeons/schachtzabel-0129.jpg,1400,976,,"birds,pigeons"
d5779427-d70b-4cca-a34b-5f010bfc362c,,Anton Schöner,1906,/collections/schachtzabel-pigeons/schachtzabel-0143.jpg,1400,988,,"birds,pigeons"
d7782684-022c-4b0b-a645-6a8c3f6920eb,,Anton Schöner,1906,/collections/schachtzabel-pigeons/schachtzabel-0181.jpg,1400,969,,"birds,pigeons"
dc0bfc05-7ca8-4ace-ae09-5c85ba66f99d,,Anton Schöner,1906,/collections/schachtzabel-pigeons/schachtzabel-0163.jpg,1400,983,,"birds,pigeons"
dc8cbcea-f27e-4e2e-a7d0-36468c7af17b,,Anton Schöner,1906,/collections/schachtzabel-pigeons/schachtzabel-0147.jpg,1400,977,,"birds,pigeons"
e1320318-3119-48d2-91d9-4a19fa963f7b,,Anton Schöner,1906,/collections/schachtzabel-pigeons/schachtzabel-0065.jpg,1400,974,,"birds,pigeons"
e46fef38-eab4-4be0-b58a-ed111a409870,,Anton Schöner,1906,/collections/schachtzabel-pigeons/schachtzabel-0059.jpg,1400,976,,"birds,pigeons"
ef2c5c18-5fe0-4dfc-b745-7d231ec30da8,,Anton Schöner,1906,/collections/schachtzabel-pigeons/schachtzabel-0021.jpg,1400,988,,"birds,pigeons"
f3d68b7b-f44a-4b73-8750-3c64da7876d6,,Anton Schöner,1906,/collections/schachtzabel-pigeons/schachtzabel-0133.jpg,1400,973,,"birds,pigeons"
6d627f2b-d5ae-4a9b-aee6-227c8dd02be7,Tree of Jesse,,ca. 1330,/collections/holkham-bible/holkham-bible-10.jpeg,923,1294,,birds
f581cffb-3555-45fa-888e-232c14f30bb4,The Raven,Gustave Doré,1884,/shop/nov-21-prints-00009.jpeg,822,1200,,birds
68a2ac25-5bdc-4c76-849d-091d7ce0ca3f,Kimono design,Ueno Seikō,ca. 1902,/collections/unkindo-kimono-designs/yachigusav14ueno_0019.jpeg,706,950,,birds
7d0859a1-8b1e-4718-b138-0eb57e8a5b24,Kimono design,Ueno Seikō,ca. 1902,/collections/unkindo-kimono-designs/yachigusav14ueno_0030.jpeg,700,960,,birds
aa9eae19-67ad-4f3e-834e-38c11c5ce11e,Kimono design,Ueno Seikō,ca. 1902,/collections/unkindo-kimono-designs/yachigusav15ueno_0020.jpeg,705,962,,birds
dcd04b69-5518-4ddf-adc8-63d0f61768dd,Kimono design,Ueno Seikō,ca. 1902,/collections/unkindo-kimono-designs/yachigusav8ueno_0025.jpeg,696,966,,birds
2ba3c714-27b6-4a72-aecb-caf6529e1f19,,,16th century,/collections/solid-objects/geometrischer-00045.jpg,708,1014,,birds
35ca59c5-88d1-462c-814d-3e4d41bd6087,,,16th century,/collections/solid-objects/geometrischer-00021.jpg,915,1248,,"birds,owls"
405b677e-2724-4459-b26c-68b00d472c06,,,16th century,/collections/solid-objects/geometrischer-00043.jpg,716,999,,birds
464fd15c-f763-49af-8ba0-dbedea5a014c,,,16th century,/collections/solid-objects/geometrischer-00031.jpg,897,1254,,birds
5fc28574-8015-4aab-8a30-efd08783a846,,,16th century,/collections/solid-objects/geometrischer-00083.jpg,866,761,,birds
6c8f0b04-cc94-4029-aabc-8639fb7285e3,,,16th century,/collections/solid-objects/geometrischer-00081.jpg,973,927,,birds
6645973b-93b1-4eac-aeea-bcbb722254fe,,,16th century,/collections/solid-objects/geometrischer-00051.jpg,717,987,,birds
6d68ac06-3730-4fac-b930-760270be2e00,,,16th century,/collections/solid-objects/geometrischer-00049.jpg,709,973,,birds
62e13d70-5d2d-4c0d-9227-3836696944d0,,,16th century,/collections/solid-objects/geometrischer-00047.jpg,712,977,,birds
8fc8885c-7cae-4710-bf4c-1fdbbc44ce75,,,16th century,/collections/solid-objects/geometrischer-00055.jpg,723,993,,birds
a4573915-d185-470e-bd83-76f47fa74071,,,16th century,/collections/solid-objects/geometrischer-00059.jpg,756,1041,,birds
abe68c4f-386b-4f49-8b30-d7af2c726c8c,,,16th century,/collections/solid-objects/geometrischer-00013.jpg,933,1269,,birds
d17a2d1e-e685-42d0-99e3-8f96fb6f741c,,,16th century,/collections/solid-objects/geometrischer-00029.jpg,864,1227,,birds
e8becc76-9b6d-4310-b470-6b13c147b7af,,,16th century,/collections/solid-objects/geometrischer-00053.jpg,747,1008,,"birds,shells"
f2b34793-3e72-48c0-a605-2cc0a2149761,,,16th century,/collections/solid-objects/geometrischer-00077.jpg,888,1071,,birds
f2c78a31-707e-4421-9b44-7bbb7c331e7b,,,16th century,/collections/solid-objects/geometrischer-00075.jpg,945,1596,,birds
30a1abaf-0d88-4b5e-8378-3acec7982e53,,Lewis Carroll,1864,/collections/carroll-illustrations-for-alice-undergound/Lewis-Carroll-Alice-Under-Ground-29.jpg,848,1400,,birds
4d736a47-5064-4a1e-a973-ef088a6ac28b,,Lewis Carroll,1864,/collections/carroll-illustrations-for-alice-undergound/Lewis-Carroll-Alice-Under-Ground-13.jpg,1400,831,,birds
95f86993-6e9a-4962-8188-a7d4737fc717,,Lewis Carroll,1864,/collections/carroll-illustrations-for-alice-undergound/Lewis-Carroll-Alice-Under-Ground-11.jpg,863,1400,,birds
2ced97c7-4cfd-47c7-85a3-aa03d14124dc,A Boat that has for sails the wings of a huge Bird.,Filippo Morghen,1776,/collections/filippo-morghen-fantastical-visions-of-lunar-life/ag-obj-175969-001-pub-large-edit.jpg,1900,1407,,birds
12d44633-c0a0-4020-85d2-107e702e6134,,William Elliot Griffis,1922,/collections/korean-fairy-tales/koreanfairytales00grif_0185.jpg,614,1000,,birds
feca02c4-0758-423e-8e27-daa7889b6520,,William Elliot Griffis,1922,/collections/korean-fairy-tales/koreanfairytales00grif_0133.jpg,637,1000,,birds
a5be33ae-5f5f-4de0-bb73-338851bf86d6,Air,Maerten de Vos; Adriaen Collaert,1580-84,/collections/elements-and-temperaments-maerten-de-vos/air.jpg,2466,2025,,"birds,lizards"
3b3759a1-8cd6-49f5-a567-cdc85f6c40d6,Bird of paradise Sirin,D. A. Rovinskii,1881,/collections/d-a-rovinskiis-collection-of-russian-lubki-18th-19th-century/oct_19_new_prints_00005-848x1024.jpg,848,1024,,"bird-of-paradise,birds"
8b9fb8a9-06b8-42e7-952f-6ce96d24aebf,,Lorenz Stoer,1567,/collections/the-geometric-landscapes-of-lorenz-stoer-1567/49017829486_40aee408d1_c.jpg,577,800,,birds
4f2ec414-03b4-4bf5-a0db-add0873f1821,The Holy Wound,Jean Le Noir,ca. 14th century,/shop/oct_19_new_prints_00046.jpg,779,1200,,birds
be27b15d-4167-4436-b592-658e823de91e,Figure Riding a Pheasant on the Beach,Bernard Essers,ca. 1920,/shop/oct_19_new_prints_00069.jpg,807,1200,,birds
c09f247c-2792-4949-aa19-64a868bf5246,Bird of Paradise,Samuel Jessurun de Mesquita,1914,/shop/oct_19_new_prints_00050.jpg,487,1200,,birds
20fb5067-763e-4e49-b58e-d3e0e4baf9ee,"Tsuba made of iron, openwork, shaped like a heraldic crane (so-called chrysanthemum crane).",Georg Oeder,1916,/collections/photographs-of-japanese-sword-guards-1916//48782591617_809377aa2d_o.jpg,600,601,,birds
6a4b05a5-d9de-4a05-9032-2f2b02a217c8,"Tsuba made of iron, openwork, with silhouetted cranes, reeds, and water.",Georg Oeder,1916,/collections/photographs-of-japanese-sword-guards-1916//48782059488_2a7f613b3f_o.jpg,600,605,,birds
7226d0d9-a430-4fdc-8a80-d2cea8d00c63,Tsuba made from shakudō. Shallow inlays of bicoloured gold and silver with migrating plovers over stylized waves.,Georg Oeder,1916,/collections/photographs-of-japanese-sword-guards-1916//48782420606_6697ed5893_o.jpg,600,613,,birds
7e7e111f-08e1-4686-b7bc-21904c449a81,"Tsuba made of iron. Eagle in high relief on yellow metal sitting in a pine tree, holding a monkey in its talons.",Georg Oeder,1916,/collections/photographs-of-japanese-sword-guards-1916//48782059723_eff5807a7d_o.jpg,600,626,,"birds,eagles"
73352d27-9754-4613-ae21-6d59b4196295,"Tsuba made of iron, openwork, shaped like a heraldic crane. Eyes made of yellow metal.",Georg Oeder,1916,/collections/photographs-of-japanese-sword-guards-1916//48782421606_4e1122aa18_o.jpg,600,623,,birds
ec98f8db-82e5-4b5e-9ef1-e44dbbd47b76,"Tsuba made of yellow bronze. In relief and inlaid with gold, silver, and shibuichi, plovers above waves.",Georg Oeder,1916,/collections/photographs-of-japanese-sword-guards-1916//48782590607_b066c1e4fb_o.jpg,600,621,,birds
c7d160ca-7e5f-48de-b7b1-698d444ea248,Uni-Horned Creatures,,1678,/essays/greenland-unicorns-and-the-magical-alicorn/48753802596_c3039f12b6_b.jpg,1024,593,,birds
2f54ba07-49aa-4435-a749-c0b648c69b61,Saint Mark and Evangelical Symbols (8th or 9th century),John O. Westwood,1868,/collections/john-o-westwoods-facsimiles-of-anglo-saxon-and-irish-manuscripts-1868/facsimilesofmini00west_0279-edit.jpg,1200,763,,birds
ada503ee-5767-404f-a2d5-6cec8716a6ee,Saint Mark (7th century),John O. Westwood,1868,/collections/john-o-westwoods-facsimiles-of-anglo-saxon-and-irish-manuscripts-1868/facsimilesofmini00west_0247-edit.jpg,700,961,,birds
da2e69a3-cbd7-47c3-8b0b-eb0102190568,Pollybirdia Singularis,Edward Lear,1888,/collections/edward-lears-nonsense-botany-1871-77/48299227957_7ef2381be2_c.jpg,508,800,,"birds,parrots"
ca652634-508b-4aea-9ecf-8e8e6db7b732,The Small Pack Penguin / The Royal Penguin,Frederick Albert Cook,1900,/collections/through-the-first-antarctic-night-1900/48103687272_beb7230403_c.jpg,421,798,,birds
cb285df3-1dd8-4339-884b-3ace6fb689dd,Notre-Dame de Paris,Luc-Olivier Merson,ca. 1881,/collections/the-notre-dame-cathedral-in-art-1460-1921/32680264167_c2134cccd3_c.jpg,539,800,,birds
c7a82f3c-8cfe-45e4-98e8-20267f03686b,The Pursuit,J. J. Grandville,1844,/shop/edit-unautremondetran00gran_0_0143.jpg,855,1200,,"birds,cats"
cacb60fb-cd08-4f6b-b0aa-ef16e4746964,"Natural History of Carolina, Florida and the Bahama Islands, v1. Tab 74",Mark Catesby,1731,/shop/edit-naturalhistoryCIc2Cate_0237-1.jpg,562,768,,birds
5c2f5124-eaae-482b-9b10-cdd41269204e,"Natural History of Carolina, Florida and the Bahama Islands, v1. Tab 10",Mark Catesby,1731,/shop/edit-naturalhistoryCIc2Cate_0047-1.jpg,553,768,,"birds,parrots"
6fd8a3d4-fd4a-43a6-b907-7ff1940d4edc,"Natural History of Carolina, Florida and the Bahama Islands, v1. Tab 6",Mark Catesby,1731,/shop/edit-naturalhistoryCIc2Cate_0035-1.jpg,1024,735,,birds
51c0a2fe-c9c3-47bb-ac57-87c8c63e368b,"Natural History of Carolina, Florida and the Bahama Islands, v2. app. Tab 10",Mark Catesby,1743,/shop/edit-naturalhistoryCc1v2Cate_0339-1.jpg,1005,768,,"beetles,birds,entomology,insects"
f6976737-c681-4615-8a1d-3c7d0ef758d3,Guide for Constructing the Tironian con and Orum,Joris Hoefnagel,ca. 1595,/shop/edit-00273701-1.jpg,827,1200,,birds
77cef72d-bd3b-4e18-8ba8-5443e3b040ef,Guide for Constructing the Letters Ç and Tironian et,Joris Hoefnagel,ca. 1595,/shop/edit-00273601-1.jpg,827,1200,,"bats,birds,lions"
bb309e24-46b9-4c2a-91b0-2b397aff8bc8,Guide for Constructing the Letters a and b,Joris Hoefnagel,ca. 1595,/shop/edit-00272301-1.jpg,844,1200,,birds
f1f85546-76ae-49b8-abf0-1116912f6088,Guide for Constructing the Letter E,Joris Hoefnagel,ca. 1595,/shop/edit-00270401.jpg,827,1200,,birds
2d62e88b-7e27-4827-9dca-7a5bd52e3b1b,Guide for Constructing the Letter C,Joris Hoefnagel,ca. 1595,/shop/edit-00270201.jpg,814,1200,,birds
6e24dd2e-6bfa-4c30-9f82-7234a266d9d0,Night,William Blake,ca. 1825,/shop/DP816661-edit-1.jpg,833,1200,,birds
72fe3ec3-5106-4511-b9c2-4dc4cc0bc0a7,,Giovanni Battista Bracelli,1624,/collections/bracelli-s-bizzarie-di-varie-figure-1624/R-20110930-0010-edit.jpg,1000,752,,birds
8930ef42-ad52-46f9-aa3e-dcd7fc5cdac9,Two different colourings of the same image in <em>The “Little Folks” Painting Book</em> (1879),,1879,/essays/filling-in-the-blanks-a-prehistory-of-the-adult-coloring-craze/46273848844_925e3dfba9_o.jpg,674,1374,,birds
094e8557-1284-48db-8e07-4d0ef4223ff9,Peacock-shaped Hand Washing Device,Unknown (Illustration by Ibn al-Razzaz al-Jazari),1315,/collections/highlights-from-the-cleveland-museum-of-art-s-release-of-more-than-30k-images-of-public-domain-works/46887555512_aed9f6b5f2_c.jpg,566,799,,birds
cc4d1eda-bef8-4799-b87c-8a59f320fa42,Portrait of Juan Maria Osorio,Agustín Esteve y Marques,ca. 1786,/collections/highlights-from-the-cleveland-museum-of-art-s-release-of-more-than-30k-images-of-public-domain-works/46887555432_aed9f6b5f2_c.jpg,559,799,,birds
1679dcfd-d3d8-4ecc-a19a-21beced97f05,Parrot on the Branch of a Flowering Rose Bush,Itō Jakuchū,ca. 1900,/collections/polychrome-woodblocks-of-ito-jakuchu-birds/45144310225_7f9e38eaa8_b.jpg,1024,751,,"birds,parrots"
67d0fedc-eff1-4362-9d63-9b7036415ad0,Swallow and Camellia,Itō Jakuchū,ca. 1900,/collections/polychrome-woodblocks-of-ito-jakuchu-birds/46056169371_d95b228d82_c.jpg,715,799,,birds
799ce6f0-9ffb-41c0-99c8-6ac2b890de81,Red Parrot on the Branch of a Tree,Itō Jakuchū,ca. 1900,/collections/polychrome-woodblocks-of-ito-jakuchu-birds/32184907648_593f580c69_b.jpg,1024,753,,"birds,parrots"
e854f242-f756-4e77-9ee6-515a3b08b209,A White Mackaw,Itō Jakuchū,ca. 1900,/collections/polychrome-woodblocks-of-ito-jakuchu-birds/46057783931_836d3517e2_c.jpg,799,785,,"birds,parrots"
e2c297d3-b70f-4639-af62-abca28aa971b,The Paroquet,Itō Jakuchū,ca. 1900,/collections/polychrome-woodblocks-of-ito-jakuchu-birds/46056165591_ec11951631_c.jpg,713,800,,"birds,parrots"
f88ee31d-3088-4b29-8e72-f3d5263de2eb,Golden Pheasant in the Snow,Itō Jakuchū,ca. 1900,/collections/polychrome-woodblocks-of-ito-jakuchu-birds/45144302675_d9be470dbf_o.jpg,1173,820,,birds
54e86ac5-7fd8-408b-b3b4-d340c342349d,"""No sooner had he whistled than he heard a whizzing and a whirring from all quarters, and such a large flock of birds swept down that they blackened all the field in which they settled.""",Kay Nielsen,1922,/collections/east-of-the-sun-and-west-of-the-moon-illustrated-by-kay-nielsen-1922-edition/31880051608_33afd6208a_c.jpg,557,800,,birds
45b8893d-001e-4da1-8ef3-4387918c30ec,18th Century,Albert Racinet,1869–73,/collections/albert-racinet-s-l-ornement-polychrome-1869-73/41404980740_25f0084935_b.jpg,678,1024,,birds
8ec1c2e7-92f2-4ec0-bf33-8e2ec7c7f62e,Chinese (Detail),Albert Racinet,1869–73,/collections/albert-racinet-s-l-ornement-polychrome-1869-73/43216769341_fa071b31f9_c.jpg,800,797,,birds
9b81149a-76a8-4e19-a237-c3e7050af2c5,Chinese,Albert Racinet,1869–73,/collections/albert-racinet-s-l-ornement-polychrome-1869-73/42310897715_f64c0f5b4c_b.jpg,695,1024,,birds
bd0f93c2-4878-4b9d-9e92-a6667dcdf419,Fore-edge for a copy of *The Modern History of Hindostan*,,1802,/collections/fore-edge-book-paintings-from-the-boston-public-library/27777895437_aed2847c4d_b.jpg,1024,315,,birds
0add1d08-aa67-454f-8805-a3b5d3259921,“Fox Fires” on New Year’s Eve at the Shozoku Nettle Tree in Oji,Utagawa Hiroshige,1857,/collections/utagawa-hiroshige-last-great-master-of-ukiyo-e/40962685844_b3f13bc1b6_b.jpg,600,894,,birds
f15a7f88-0c84-4086-824b-8bb2a2536b9a,Cuckoo and Pine,Utagawa Hiroshige,1840,/collections/utagawa-hiroshige-last-great-master-of-ukiyo-e/41672249971_dd152560c3_b.jpg,1000,782,,birds
573e3ea0-deda-4ba7-994d-6ae29dbf8081,Adam Tills the Soil,Hans Holbein,1523–5,/collections/hans-holbeins-dance-of-death-1523-5/40606051085_82e3d4db7e_o.jpg,550,696,,birds
5df401a2-1f65-4cee-b868-5abf8c0815a8,Bird of Paradise in Emblem,Joachim Camerarius,1596,/essays/fallen-angels-birds-of-paradise-in-early-modern-europe/26340884647_e319def932_b.jpg,870,1024,,"birds,ducks"
020845c6-997b-4f39-bbbc-66e368e9ad10,Bird of Paradise,Conrad Gessner,1551–8,/essays/fallen-angels-birds-of-paradise-in-early-modern-europe/27339844828_9e20f7b28c_b.jpg,658,1024,,"birds,ornithology"
a98020eb-6b5f-4ca8-909b-5a2d9be546c8,Bird of Paradise Drinking Rain,Ulisse Aldrovandi,1599,/essays/fallen-angels-birds-of-paradise-in-early-modern-europe/40499690224_57d7853ee5_o.jpg,800,1269,,birds
624f5d4c-e1f3-4a05-b6bd-1b81976e2be6,"Representation of a Person's Inward State Who Being Reconciled With God, Will Know Nothing More Than the Crucified Jesus",Johannes Gossner,1851,/collections/the-heart-of-man-either-a-temple-of-god-or-a-habitation-of-satan-represented-in-ten-emblematical-figures-1851/35348985553_f8ffc3ef42_b.jpg,671,1024,,birds
3b2645ee-1fe9-4c79-b960-00f620998f8f,Going to the Banquet,J. J. Grandville,1877,/collections/public-and-private-life-of-animals-1877/34808637916_4255daf2c2_o.jpg,446,712,,birds
94a5a0ef-c4b3-4e82-831b-009025230d00,,J. J. Grandville,1877,/collections/public-and-private-life-of-animals-1877/34847776885_064d460d70_o.jpg,565,740,,birds
0c9862c2-a358-4ca1-98c4-23612f39a37d,,J. J. Grandville,1877,/collections/public-and-private-life-of-animals-1877/34461707320_8338d24764_o.jpg,566,604,,birds
383f6f88-2d0c-463c-9a3b-f19cc1844392,The Stuffed Ox in Operation,Richard Kearton,1909,/essays/stuffed-ox-dummy-tree-artificial-rock-deception-in-the-work-of-richard-and-cherry-kearton/34673233376_99d778d1e2_c.jpg,800,610,,birds
33f226e3-3c6c-418e-ae7f-6f62513eafb3,Author With Wooden Mask Off,Richard Kearton,1909,/essays/stuffed-ox-dummy-tree-artificial-rock-deception-in-the-work-of-richard-and-cherry-kearton/33871440234_ba0916e1f6_o.jpg,652,754,,birds
441bd59d-38c3-45a3-92b4-0b2b71dfd13a,Artificial Tree-Trunk Open,Richard Kearton,1898,/essays/stuffed-ox-dummy-tree-artificial-rock-deception-in-the-work-of-richard-and-cherry-kearton/34673253956_885f078352_b.jpg,699,1023,,birds
4ab3d76a-4d45-417b-92a0-88ef32b5e0ef,Author Hidden Under Wooden Mask,Richard Kearton,1909,/essays/stuffed-ox-dummy-tree-artificial-rock-deception-in-the-work-of-richard-and-cherry-kearton/34582843561_ee8030cae1_o.jpg,653,759,,birds
71df77d8-18b9-4971-b32e-f0de6b8dabb2,Sod House for Photographing Golden Plover,Richard Kearton,1909,/essays/stuffed-ox-dummy-tree-artificial-rock-deception-in-the-work-of-richard-and-cherry-kearton/34331259890_e7e2e56e4a_b.jpg,895,578,,birds
7442d2ea-1d71-4bce-bb68-13e9ee02d59c,Shouldering the Imitation Ox,Richard Kearton,1909,/essays/stuffed-ox-dummy-tree-artificial-rock-deception-in-the-work-of-richard-and-cherry-kearton/carrying-ox.jpg,963,1052,,"birds,horses"
84a8b38f-721c-4471-a41c-5df92b418adf,Photographing in a Cart-Shed,Richard Kearton,1909,/essays/stuffed-ox-dummy-tree-artificial-rock-deception-in-the-work-of-richard-and-cherry-kearton/33873608924_797e1ff147_b.jpg,752,1024,,birds
84385f57-c8d7-4079-adec-df2bbe906090,Mounted on the Imitation Ox,Richard Kearton,1909,/essays/stuffed-ox-dummy-tree-artificial-rock-deception-in-the-work-of-richard-and-cherry-kearton/34553358622_a7d707f1a3_c.jpg,755,800,,"birds,livestock"
0890bdbb-3c7c-45bc-a7b1-499db65c4e40,Artificial Tree-Trunk Closed,Richard Kearton,1898,/essays/stuffed-ox-dummy-tree-artificial-rock-deception-in-the-work-of-richard-and-cherry-kearton/33906475323_0c6d0a0f57_b.jpg,710,1024,,birds
0f9c1d82-6d6e-4637-bbdf-3c3eab603516,Stone House for Photographing Oyster-Catcher,Richard Kearton,1909,/essays/stuffed-ox-dummy-tree-artificial-rock-deception-in-the-work-of-richard-and-cherry-kearton/34331259120_ef0df96353_b.jpg,859,628,,birds
cb80e8e7-4536-4aeb-9b45-ce8a6705ec44,Artificial Rubbish-Heap,Richard Kearton,1898,/essays/stuffed-ox-dummy-tree-artificial-rock-deception-in-the-work-of-richard-and-cherry-kearton/34715244055_b01aa7cb4d_c.jpg,800,676,,birds
f270c529-c285-432a-95b0-fcabe9e90131,Artificial Rock,Richard Kearton,1909,/essays/stuffed-ox-dummy-tree-artificial-rock-deception-in-the-work-of-richard-and-cherry-kearton/33904055873_6f81a7186a_c.jpg,800,616,,birds
3e40fe19-e65a-4f8b-b02b-3d16a427ea76,Witches Presenting Wax Dolls to the Devil,,1720,/essays/woodcuts-and-witches/34427876715_0e59110873_b.jpg,1000,863,,birds
52a65de8-5446-4953-9c5e-8fef1f9416ce,"Group of Winter Dancers, Qagyuhl — Ceremonial dancers, in a circle during the Winter Dance ceremony.",Edward Curtis,ca. 1914,/collections/edward-curtis-photographs-of-kwakwaka-wakw-ceremonial-dress-and-masks-ca-1914/33573032221_efe60081f6_o.jpg,640,470,,birds
efcdc281-b3d9-4f13-a2dd-1d8a4546f9f8,"Kwahwumhl, Koskimo — Dancer wearing raven mask with coat of cormorant skins.",Edward Curtis,ca. 1914,/collections/edward-curtis-photographs-of-kwakwaka-wakw-ceremonial-dress-and-masks-ca-1914/33702253205_96af988856_o.jpg,476,640,,birds
cd7c3f17-932e-47db-a316-522803a98859,A Monkey Holding A Bound Putto Standing On A Garland In Front Of Which Are Two Winged Putti,Master of the Die,mid-16h century,/collections/a-selection-from-the-met-s-public-domain-collection-now-free-from-all-restrictions/32781680192_d07a7d662b_b.jpg,1000,742,,"bears,birds"
5eae1ba9-2902-4c70-9af9-63b1c3d9d382,The Washington Coat of Arms,,1879,/essays/george-washington-a-descendant-of-odin/31936813474_d4fe0de2bb_b.jpg,633,834,,"birds,lions"
6918c0fa-b90b-430a-a1c6-c39171fc5d28,,,1190–1200,/collections/miniatures-from-a-12th-century-medical-and-herbal-collection/31694048034_c95e647a60_c.jpg,653,800,,"birds,dogs"
fb624e7b-61ac-4958-a284-4917db64a7b2,Image from an alchemical manuscript by an unknown author.,,ca. 1725,/collections/rainbows-in-art/30888601462_8d6f31410e_b.jpg,1000,787,,birds
146d68c7-eb62-4a7f-9b58-0d044cc25144,"Raja Yoga Academy, Point Loma",Bain News Service,1915,/essays/in-search-of-the-third-bird-kenneth-morris-and-the-three-unusual-arts/29360008935_224fc04d91_b.jpg,1024,748,,birds
8c1b3369-5845-445b-841b-46be8fffcfa1,"Children at Raja Yoga Academy, Point Loma",Bain News Service,1915,/essays/in-search-of-the-third-bird-kenneth-morris-and-the-three-unusual-arts/29360008695_f223ff5b13_b.jpg,1024,748,,birds
33664f85-a019-4c18-84b7-bf711e045196,Phenakistoscope,,1833,/collections/phenakistoscopes-1833/29262438261_3c73867edd_b.jpg,669,671,,birds
58488f1f-46d2-432e-a157-4475c4283ddd,Phenakistoscope,,1833,/collections/phenakistoscopes-1833/480px-Afraid_of_nobody.gif,480,480,,birds
8b17b4da-1184-4c1a-8868-7ffdd5b63a73,Phenakistoscope,,1833,/collections/phenakistoscopes-1833/29307581586_b5813a1aa3_b.jpg,669,664,,"birds,butterflies"
e2e38ef0-7f8e-493e-ba15-f23dbb5aeff6,Phenakistoscope,,1833,/collections/phenakistoscopes-1833/480px-Optical_illusion_disc_with_birds2C_butterflies2C_and_a_man_jumping.gif,480,480,,"birds,butterflies"
844369ca-1fb1-4b79-8c3f-1fc1513be1c5,Black Sun,,1582,/collections/the-surreal-art-of-alchemical-diagrams/28722135905_493c3cba87_c.jpg,530,800,,birds
6a3341a2-294d-4bfa-8824-c61f4adabec3,Vaucanson’s Automata,,1902,/essays/frolicsome-engines-the-long-prehistory-of-artificial-intelligence/26809385105_e8c2ebc79d_o.jpg,1001,661,,birds
d87bbef4-9308-4dff-8f37-ecfc18bf3565,Hydraulic Fountain by Hero,,1851,/essays/frolicsome-engines-the-long-prehistory-of-artificial-intelligence/26768908656_4aa6fd60f9_o.jpg,1420,1500,,birds
bff4681f-6bc2-4488-92cc-57d8c36d3453,,Anne Wagner,1795-1834,/collections/the-friendship-book-of-anne-wagner-1795-1834/24165701653_88a5e1bbf2_o.jpg,1000,656,,birds
80e7813f-0ba5-4e82-bb98-0757c2d5ba4c,The stabbed dove and the fountain,Guillaume Apollinaire,1918,/collections/apollinaire-s-calligrammes-1918/calligrammespo00apol_0073.jpg,1004,1609,,birds
3c629637-d6af-4e96-9581-bf8433be834c,,Giuseppe Maria Mitelli,1718,/collections/illustrations-from-an-italian-book-of-proverbs-1718/20070694959_4127606c0e_c.jpg,563,800,,birds
73a704c3-d56e-4944-b4ec-f7c89e2c4beb,,Giuseppe Maria Mitelli,1718,/collections/illustrations-from-an-italian-book-of-proverbs-1718/20070695309_516e322121_c.jpg,563,800,,birds
443fd7d7-7ab5-456c-b7be-3464d1c496df,Galanthus and Ipheion,Gherardo Cibo,,/collections/watercolours-from-a-16th-century-de-materia-medica/20684313750_c2b1798065_o.jpg,600,826,,birds
006df5f7-275c-436e-a181-09016b3c43b9,Helleboris viridis,Gherardo Cibo,,/collections/watercolours-from-a-16th-century-de-materia-medica/20879595101_be37994770_o.jpg,600,841,,birds
63d9a44e-3b67-4902-9517-52347ab77279,"""But the mother came with such a rush that he had to hurl himself into the lake to escape her fury.""",Arthur Heming,1925,/essays/tribal-life-in-old-lyme-canadas-colorblind-chronicler-and-his-connecticut-exile/21057642016_886c408e16_b.jpg,885,960,,"bears,birds"
2acf9f03-4399-4171-b99a-24b39cf1a2c8,,,ca. 1775,/collections/compendium-of-demonology-and-magic-ca-1775/18644366743_43b9d8b3f3_o.jpg,620,471,,birds
1fac5747-7648-4312-b7ea-4af743cf9318,Dante and Beatrice ascending to the Heaven of Jupiter,,1444–1450,/collections/14th-century-illuminations-for-dante-s-divine-comedy/18125019455_3975fd0b6b_b.jpg,1024,497,,birds
febe7472-fa27-4f4c-9e2f-4bc7cbcf3624,"Dante and Virgil at the gates of Purgatory, and the Proud carrying heavy stones",,1444–1450,/collections/14th-century-illuminations-for-dante-s-divine-comedy/17938810139_8b8202c5bf_b.jpg,1024,507,,birds
952cba91-691e-4394-8335-849efb7927e0,A Fountain in the Shape of a Cage,Cornelis Floris II; Hieronymus Cock,1557,/collections/16th-century-ornament-prints/17058174073_160e2d65ef_o.jpg,800,1150,,birds
a97c8935-ade7-4114-8197-28cd4bd92573,A Woman and Two Satyrs by a Fountain,Cornelis Floris II; Hieronymus Cock; Johannes or Lucas van Doetecum,1556,/collections/16th-century-ornament-prints/17491991539_5ebded7cfd_o.jpg,800,1089,,birds
324983fb-1abf-4658-91ee-b55888a7b8d1,Allegory for the Sense of Touch,N. de Bruyn; Maerten de Vos,ca. 1560,/essays/scurvy-and-the-terra-incognita/17365716911_c72a17a805_o.jpg,690,534,,birds
e5e92583-25b6-40e3-9041-ceaf657a38de,A Eunuch's Dream,Jean Lecomte du Nouÿ,1874,/collections/the-art-of-dreams/1991_173_full.jpg,2500,1498,,birds
b33e9125-7f76-4010-a1f3-f9a34986df04,,Utagawa Yoshishige,1848,/collections/53-stations-of-the-tokaido-as-potted-landscapes-1848/16934826291_27f6436e96_o.jpg,500,701,,birds
dcf2b32e-899c-499d-8f56-1fc19b5215cd,,Utagawa Yoshishige,1848,/collections/53-stations-of-the-tokaido-as-potted-landscapes-1848/16313407414_02aeaf21b3_o.jpg,500,692,,birds
0234b455-a18d-4c7f-8f6c-33775f277ac8,,,ca. 1467,/collections/journey-from-venice-to-palestine-mount-sinai-and-egypt-ca-1467/16439365398_2b82215c2f_o.jpg,600,901,,birds
9b1b9f4a-50e3-43f4-8b69-ed4b4b6dd638,,Master of San Miniato,15th century,/collections/the-prophecy-of-the-popes-15th-century/14272407689_8d1a0ee6b9_o.jpg,600,886,,"birds,goats"
2e7163f2-506c-4c65-b0c4-fc64d69c5f49,“The Crow Crieth…”,,1705,/essays/in-the-image-of-god-john-comenius-and-the-first-children-s-picture-book/14153650976_49fd51c6cc_b.jpg,605,1024,,birds
f6dc1d9f-5b7a-4ea9-b0c7-81f0fcb98351,"A tree, a spider web, and an eagle.",,ca. 1440,/collections/tractatus-de-herbis-ca-1440/13968949015_e3de758180_b.jpg,570,841,,birds
febf233d-8b5f-4823-96a3-b7e295a717a9,"Plants, and a bird of prey killing a duck.",,ca. 1440,/collections/tractatus-de-herbis-ca-1440/13965766711_32829637a8_b.jpg,570,834,,birds
bc588339-cce0-4274-84e8-a4ce02316cb9,,Arent van Bolten,ca. 1610,/collections/arent-van-bolten-s-grotesques/12460659685_4fd7377f8c_b.jpg,850,724,,birds
dce1d284-111c-4e72-a74e-8a51d8e9b06f,,Arent van Bolten,ca. 1610,/collections/arent-van-bolten-s-grotesques/12460990783_9eebcea603_b.jpg,850,640,,"birds,cats"
f20e629f-cee8-48fd-b758-648f36edbd08,,Arent van Bolten,ca. 1610,/collections/arent-van-bolten-s-grotesques/12461189514_aee9e4e429_b.jpg,850,626,,birds
77ebf496-1ad3-450b-a46b-36e0bfe3fca2,,,,/collections/the-british-library-s-mechanical-curator-million/11448690624_d3ced8489c_o.jpg,487,240,,"birds,fish"
df1ead0f-5732-4a88-93fc-50d73e9b3cf8,,,,/collections/the-british-library-s-mechanical-curator-million/11448991903_8fd07dd6dc_o.jpg,243,250,,birds
1db10029-ffbb-434b-950f-4f151e66b7d0,"L. & the geese being tired, rest superficially on the branch of an oak tree.",Edward Lear,1860,/collections/edward-lear-s-walk-on-a-windy-day-1860/11338758414_e8aa6059b0_b.jpg,840,587,,birds
35a0f402-799b-48a6-b20a-0e5bcd6123a3,B.H.H. remonstrates with E.L. on his determination to get out of doors on a windy day.,Edward Lear,1860,/collections/edward-lear-s-walk-on-a-windy-day-1860/11338731356_01ac8be4b8_b.jpg,840,588,,birds
5d665f44-2be6-4b44-b016-c0158f4df277,L. is gradually blown away farther & farther & farther & fluff.,Edward Lear,1860,/collections/edward-lear-s-walk-on-a-windy-day-1860/11338758364_a48c94c672_b.jpg,840,587,,birds
937f78cd-d3c5-4626-ace6-2f8a276c2f1f,December 26. 1860,Edward Lear,1860,/collections/edward-lear-s-walk-on-a-windy-day-1860/11338731456_5e1172b2f7_b.jpg,840,588,,birds
036ac77b-2ef7-423d-8cf8-18f49239b095,Last view of E. L. before he was teetotallaciously blown away.,Edward Lear,1860,/collections/edward-lear-s-walk-on-a-windy-day-1860/11338664065_f56d69c138_b.jpg,840,587,,birds
01701190-0ff6-4194-a16c-b51d71f281c3,"L. continues to fly on, & is joined by some friendly geese.",Edward Lear,1860,/collections/edward-lear-s-walk-on-a-windy-day-1860/11338758474_f78517418d_b.jpg,840,587,,birds
a40fb83e-5f8e-410c-9b07-96eb52fe1c7f,L. continues to fly straight forward.,Edward Lear,1860,/collections/edward-lear-s-walk-on-a-windy-day-1860/11338798843_15b3be3f31_b.jpg,840,587,,birds
aeb6c54f-b7c6-4443-bede-63d339ba5323,"L. goes out, but finds the wind inconveniently high.",Edward Lear,1860,/collections/edward-lear-s-walk-on-a-windy-day-1860/11338664385_81bcbb085b_b.jpg,840,587,,birds
d20a2b8a-d7a7-4cc8-afe1-6dbc5794b445,"The last view but one of E. L. as he appeared on the windy day of June 2, 1860.",Edward Lear,1860,/collections/edward-lear-s-walk-on-a-windy-day-1860/11338664075_a0b0383236_b.jpg,840,587,,birds
de6d9d8c-2c26-4c10-9045-7e0b880ff2c1,L. is carried off his legs into the hair [sic] all among the birds.,Edward Lear,1860,/collections/edward-lear-s-walk-on-a-windy-day-1860/11338731246_cdbe1a6e91_b.jpg,840,585,,birds
c2935cb6-a612-4e4e-88d1-d8043a722a31,,Frederick Whitney,1909,/collections/blackboard-sketching-1909/blackboard-sketching-44.jpg,1160,1500,,birds
8047d041-9725-45f6-99e5-c14969ce43b8,Canon Table Page,T'oros Roslin,1256,/collections/a-selection-from-the-getty-s-open-content-program/9510945996_36bfacf4dd_o.jpg,555,700,,birds
c8152d48-c8d2-4f80-a400-5f864fc9c975,The Dancing Fairy,Frances Griffiths; Elsie Wright,1922,/essays/sir-arthur-and-the-fairies/8970056399_d8bd49a90c_o.jpg,540,735,,birds
38f3b756-ebeb-4d51-81e6-abeeb778793f,The Sawed-Off Head / The Reduction,,1897,/collections/illustrations-from-a-victorian-book-on-magic-1897/8657231617_07b3005a9f_o.jpg,312,790,,birds
74ed4f4b-d1bb-46bf-aa2f-46f78aa42163,The Sawed-Off Head / The Reduction,,1897,/collections/magic-stage-illusions-and-scientific-diversions-including-trick-photography-1897/magic-illus-23.jpg,1306,3200,,birds
84771dd8-80d4-4222-9fbd-ba53aa8f511f,Another Decapitation,,1897,/collections/magic-stage-illusions-and-scientific-diversions-including-trick-photography-1897/magic-illus-21.jpg,1306,1712,,birds
3c5b06d9-2fc4-47ad-8c08-e5b3bbe7a796,The water wonder or the fishes lords of the creation,,18th century,/collections/the-world-turned-upside-down-18th-century/8597012377_86425612be_o.jpg,786,558,,birds
f1f682ca-587a-4081-8569-b97b48a7d083,Gallantry - a la mode - or the lovers catched by the bird,,18th century,/collections/the-world-turned-upside-down-18th-century/8597012117_5f3b7a3c6e_o.jpg,771,540,,birds
ee553d0f-7c63-487e-b034-8fd57c1e9d43,Magic Toys,,1883,/collections/popular-scientific-recreations/popular-scientific-recreations-00014.jpeg,2984,2197,,birds
9eb6c14b-ea47-4577-bd24-51e1451e0411,,Augustin Hirschvogel,1543,/collections/hirschvogel-s-geometria-1543/geom_267905858.jpg,4166,5880,,"birds,owls"
d5f20ef5-4fb8-4a45-9407-23fb6241c963,,Ernst Schneidler,1919,/collections/illustrated-initials-from-a-german-fairytale-book-1919-edition/8006008012_720fecaf36_o.jpg,370,368,,"birds,deer"
14e6c45d-578d-4717-80dd-eb7016de817e,Hemlock,J. J. Grandville,1849,/collections/the-flowers-personified-1847/lesfleursanimees-0277.jpg,1073,1500,,"birds,frogs,rabbits"
3eb291e5-9e66-40e0-84d5-9c1a43d0dcd8,Poppy,J. J. Grandville,1849,/collections/the-flowers-personified-1847/lesfleursanimees-0338.jpg,1067,1500,,"birds,insects"
b61cd150-782c-40f8-8224-10cd1b133a47,Gillyflower,J. J. Grandville,1849,/collections/the-flowers-personified-1847/lesfleursanimees-0526.jpeg,1208,1500,,birds
b55bedad-fd02-4a80-b444-23cf3b4d5583,Pansy,J. J. Grandville,1849,/collections/the-flowers-personified-1847/lesfleursanimees-0058.jpg,1094,1500,,birds
ed0602b9-a9d7-489d-a734-97343372b3bf,Hortensia and crown imperial,J. J. Grandville,1849,/collections/the-flowers-personified-1847/lesfleursanimees-0494.jpg,1129,1500,,"birds,insects"
7b15cdda-3c23-47cb-b049-a7e7bae081e1,,Charles Mavelot,1695,/collections/17th-century-heraldry-designs-1695/7590450298_e6cfd21b99_c.jpg,800,564,,birds
a46f2695-3a97-4758-afc0-b5db3ada0de4,,Charles Mavelot,1695,/collections/17th-century-heraldry-designs-1695/7590451192_45b4e03128_c.jpg,800,564,,birds
a05160d8-450f-48e6-a9f9-df830d266b4f,,Charles Mavelot,1695,/collections/17th-century-heraldry-designs-1695/7590451628_97736d1902_c.jpg,800,564,,birds
f0c9ae60-61d1-40fc-9a4e-1bde080390b6,,Charles Mavelot,1695,/collections/17th-century-heraldry-designs-1695/7590451854_3feb33a773_c.jpg,800,564,,birds
cc546013-8916-48ce-b371-6885366fa5fa,,,1678-1693,/collections/hortus-malabaricus-1678-1693/7561714638_b65d0a9c45_o.jpg,800,632,,birds
5ad4e263-f33f-4069-98cd-f3e41261ff64,,,ca. 17th century,/collections/arabic-machine-manuscript/arabic-machines-00003.jpg,2040,1980,,birds
133dff13-83fb-4e4b-a4c2-53cf2dc5a715,,,1902,/collections/shin-bijutsukai/shin-bijutsukai-0334.jpeg,1494,2120,,birds
7ad07964-3a7d-428a-99b5-c0a4b7a67719,,,1902,/collections/shin-bijutsukai/shin-bijutsukai-0148.jpeg,1624,2288,,birds
5671021c-abb5-4700-b01d-37640a5430b2,Embalming Jar,Frederic Ruysch,1710,/collections/the-embalming-jars-of-frederik-ruysch/6754178677_22fbd00159_o.jpg,650,878,,birds
1c87a8f9-ed9a-40f5-a283-d9ec673d93b1,Entrance to the Hut,Hjalmar Johansen,1913,/collections/amundsen-s-south-pole-expedition/6504423955_cb43cb70b0_o.jpg,700,705,,birds
8b472e03-1e8b-4365-b2d6-977a6053e615,,Giambattista della Porta,1586,/collections/giambattista-della-porta-s-de-humana-physiognomonia-libri-iiii-1586/383px-De_humana_physiognomonia_libri_IIII_-_NLM_NIH_-_page_74.jpg,383,600,,birds
ea8f2c60-9071-4e07-9471-d3e899267f9f,,Giambattista della Porta,1586,/collections/giambattista-della-porta-s-de-humana-physiognomonia-libri-iiii-1586/387px-De_humana_physiognomonia_libri_IIII_-_NLM_NIH_-_page_73.jpg,387,599,,birds
d8ca0f1e-bab0-4c06-9883-764af1bc426c,Bronze Eagle at the Musée Alexandre III,Clare Sheridan,1921,/collections/russian-portraits-1921/25279872747_3b176dc5d0_c.jpg,620,800,,"eagles,ornithology"
bf073eeb-d1ac-49d4-af4c-02a94e932316,Mr. Glaisher insensible at the height of seven miles.,Émile-Antoine Bayard; Charles Laplante,1871,/collections/travels-in-the-air/travelsinair00flam_0105-edit.jpg,1764,2637,,pigeons
d294acdf-9363-435e-8cef-f002d429f630,,Anton Seder,1896,/collections/das-thier-in-der-decorativen-kunst/gri_33125013920190_0034.jpg,1644,2178,,owls
e646d028-0d10-4b8f-8271-55c96f6cecb5,"Left: A toy owl sold at the shrine of Kishimojin in Tokyo. The fox, dressed as an actor, is a kind of jumping jack. Right: various noisemakers — clamshell rattles, seed “bells”, and a popgun type “firecracker”. (Volume 1, pg. 39)",,1891,/collections/unai-no-tomo/unai-no-tomo-1.39.jpg,1400,983,,owls
a9635843-3486-4125-9f6d-baf14d63aedc,"Hoot Owl Cafe, horizontal view, 8711 Long Beach Boulevard, Southgate, Los Angeles, California.",John Margolies,1977,/collections/john-margolies-photographs-of-roadside-america/48636306607_bd25249ce7_b.jpg,1024,691,,owls
b84b0960-94c5-49c5-9da5-5b2c16db65ce,Skating Owls,Adriaen van de Venne,1660,/shop/edit-RP-P-OB-23.183-1.jpg,1200,830,,"monkeys,owls"
528ab1ce-9d37-4696-8a03-96772aff7b3c,What a Golden Beak!,Francisco de Goya,1797–99,/collections/the-whims-1799-and-the-follies-1815-23-of-francisco-goya/38703256551_1918e590fa_b.jpg,680,962,,owls
04c9bc1e-948b-4c39-8c30-970f8f820e66,The Sleep of Reason Produces Monsters,Francisco de Goya,1797–9,/collections/the-whims-1799-and-the-follies-1815-23-of-francisco-goya/38670794862_19069c63ba_b.jpg,680,995,,owls
90a44be2-cd79-4c7e-9f85-3c8ad4468d7a,Amon,Louis le Breton,1863,/essays/defining-the-demonic/37876366882_ac9b88b5f1_c.jpg,704,800,,owls
577d8478-e396-433f-bb5b-d5ea7ebab92b,No Injury to the Willing,Marcus Eugenius Bonacina,ca. 1790,/collections/the-surreal-art-of-alchemical-diagrams/28644498311_34d556cf4c_z.jpg,419,583,,owls
0845ff90-02d2-4e8e-a6c6-c147f1c28000,,Anne Wagner,1795-1834,/collections/the-friendship-book-of-anne-wagner-1795-1834/24699060781_c8ed3d32a4_o.jpg,1000,641,,owls
04f5b34b-eabf-4c2f-907d-a047c7e8d7f8,The Sleep of Reason Produces Monsters,Francisco Goya,ca. 1799,/collections/the-art-of-dreams/DP816992.jpeg,1857,2600,,"bats,owls"
843485f7-7a76-4bbc-bdf4-34b57eea0f91,The Joys of Hallowe'en,,ca. 1910,/collections/halloween-postcards/halloween-card-35.jpg,1198,1920,,"cats,owls"
f3180d90-d9eb-4af4-9f1e-4ecde4e2e699,Hallowe'en Morning,,ca. 1912,/collections/halloween-postcards/halloween-card-24.jpg,2366,1500,,"cats,owls"
ffd13ed3-773b-4d77-8ff5-e3434e45d1c5,,Giambattista della Porta,1586,/collections/giambattista-della-porta-s-de-humana-physiognomonia-libri-iiii-1586/389px-De_humana_physiognomonia_libri_IIII_-_NLM_NIH_-_page_29.jpg,389,599,,owls
ffabe6c1-cbd6-449b-85a2-b0ba97550445,Zeus on His Throne,Maria Catharina Prestel; Giulio Romano,1781,/collections/maria-catharina-prestel/maria-catharina-prestel-00009.jpg,2620,3420,,eagles
db7d5e00-8a0e-4800-ae1e-5011450bd7d3,Flag of the Union,P.A.M.,1920,/collections/unionization-of-central-europe/PJM_2104-flag.jpg,1280,890,,eagles
9ec172ba-a36d-4ddd-8f9e-555993e5d093,The temple of the sun,,1499,/essays/hypnerotomachia-poliphili/06-rbsc_hypnerotomachia-poliphili_foliolncun1499Colonna_0031-edit.jpeg,1640,2720,,eagles
3b3cd423-7b63-43b1-a921-b89a47251ace,,Philipp Hainhofer,1596–1633,/collections/hainhofer-stammbuch/hainhofer-stammbuch-040.jpeg,812,1068,,eagles
68dbc12c-3158-40ad-a902-707832f12481,,Philipp Hainhofer,1596–1633,/collections/hainhofer-stammbuch/hainhofer-stammbuch-123.jpeg,850,1077,,eagles
baf879cc-03dd-43d9-b636-72f3b5d0fe8a,,Philipp Hainhofer,1596–1633,/collections/hainhofer-stammbuch/hainhofer-stammbuch-173.jpeg,718,1068,,eagles
5e155b18-f706-448b-9c76-020d5043e20b,Prophecies of apocalypse,,ca. 1827–61,/collections/various-apocalyptic-scenes-from-the-prophetic-messenger-ca-1827-61/s3_V0024000_V0024788.jpg,1200,867,,eagles
d19feba2-4add-4455-a399-85cd0dc7917f,Beginning of the Gospel of Saint Luke (7th century),John O. Westwood,1868,/collections/john-o-westwoods-facsimiles-of-anglo-saxon-and-irish-manuscripts-1868/facsimilesofmini00west_0243-edit.jpg,700,956,,eagles
69e84d62-3af3-47df-8ad8-7d0fd41c31ae,The Triumphal Arch of Emperor Maximilian I (Detail),Albrecht Dürer,1515,/collections/the-triumphal-arch-of-emperor-maximilian-i-1515/43603944315_a6624c2ea2_o.jpg,896,469,,"eagles,lions"
9b5045eb-3adc-47c4-9288-eb3ea81de9ad,Rosmarus,Conrad Gesner,1560,/essays/decoding-the-morse-the-history-of-16th-century-narcoleptic-walruses/35262269866_4075a2b711_b.jpg,775,534,,"eagles,lions"
28eb48c4-700d-47ae-8a9c-c2821c80b1ab,"Machine Gun Insignia; Machine Gun Training Center; 22500 officers and men, 600 machine guns; Camp Hancock, Augusta, Georgia.",Arthur Mole; John Thomas,ca. 1918,/collections/the-living-photographs-of-mole-and-thomas/32126278345_1a0a721c5e_o.jpg,640,502,,eagles
20130562-9b52-4e36-b082-ccb0dd0644c5,"The Human American eagle; 12,500 officers, nurses and men; Camp Gordon, Atlanta, Georgia.",Arthur Mole; John Thomas,ca. 1918,/collections/the-living-photographs-of-mole-and-thomas/31316290733_792cdeb4f0_o.jpg,640,501,,eagles
3d963766-bd15-4e46-9fbf-db1ea16b9d2d,"Five Just Princes, atop the eagle of Justice",,1444–1450,/collections/14th-century-illuminations-for-dante-s-divine-comedy/17937331630_b4cc0eb6f0_b.jpg,1023,558,,eagles
d9f8f8a0-5702-4f91-ace0-2925012d634e,Dante and Beatrice before the eagle of Justice,,1444–1450,/collections/14th-century-illuminations-for-dante-s-divine-comedy/18126107961_4fa85d8e2b_b.jpg,1024,580,,eagles
a348afae-7cdd-4428-a5eb-6c8d16a65931,,Charles Mavelot,1695,/collections/17th-century-heraldry-designs-1695/7590454114_f278d02b99_c.jpg,800,564,,eagles
3083aecd-ff2f-429a-a456-178c045d2a68,A Little Duck,Charles H. Bennett,1856,/collections/shadows/42630572-edit.jpg,1009,1130,,ducks
59340c23-6b03-41db-9946-7e737e05e38e,Male Wood Duck on Shallow Water,Gerald H. Thayer,1909,/collections/concealing-coloration/concealing-coloration-3.jpg,1032,1500,,ducks
9cda407e-ad1f-4460-bf5e-ac5da0fc53ae,Male Wood Ducks,Gerald H. Thayer,1909,/collections/concealing-coloration/concealing-coloration-4.jpg,1146,1500,,ducks
7ff135a4-3240-42ea-961c-456b057faa57,Merry Whales in the Log of the Ship Susan,Reuben Russell,1841,/essays/the-art-of-whaling/MS220_Log368_0098-edit-strip-3-in-1.jpg,1400,1129,,"ducks,whales"
34421cea-2b46-42b3-999c-858bd8e509e7,,Joris Hoefnagel; Georg Bocskay,ca. 1595,/collections/hoefnagel-s-guide-to-constructing-the-letters-ca-1595/16156409080_432ce82817_b.jpg,706,1024,,ducks
faf6473c-4d90-46d1-a3a5-2c6e9506aa47,Pronkstilleven,Adriaen van Utrecht,1644,/collections/dutch-banquet-scenes/pronkstilleven-5b.jpg,3566,2722,,"dog,monkeys,parrots"
488137c9-6514-4cad-8e00-92c46eeb34d3,A Parrot,Charles H. Bennett,1856,/collections/shadows/42630554-edit.jpg,1004,1130,,parrots
3c365e6d-d75c-42eb-9339-bfc31e59e202,Coocou Gotam,,1882,/collections/woodcuts-from-18th-century-chapbooks/8067335860_dde886f46b_o.jpg,516,503,,parrots
12c92374-87d1-4c91-b2db-5267b1b387f4,,Harold A. Taylor,early 20th century,/collections/harold-taylor-flowers/cacdoha_000160_access.jpg,6300,5100,,bird-of-paradise
33443a62-149e-49f0-b191-290c6364f2c8,Still Life with Rayfish,Chaïm Soutine,ca. 1923,/collections/chaim-soutine-still-lifes/1951.357_print-edit.jpg,2726,3400,,fish
57f47168-8638-43af-ad62-bcce28583f99,,,19th Century,/collections/tamra-maew/iiif-service_gdc_gdcwdl_wd_l__14_29_1_wdl_14291_or_16797_f005v-full-pct_100-0-default.jpg,6514,4330,,"cats,fish"
d591620d-e6ab-4c90-bf6a-9aeb6bca3e7e,"Le Souci, La Capucine",François-Nicolas Martinet,1780,/collections/chinese-fishes/histoirenaturell00bill_0049.jpg,2599,3068,,"fish,goldfish"
1a3ec556-1a68-4451-9f87-8b26216322d2,"Le Mouche, Le Marbré",François-Nicolas Martinet,1780,/collections/chinese-fishes/histoirenaturell00bill_0053.jpg,2540,3044,,"fish,goldfish"
01abb915-b1ca-43ad-b73a-b3d1f3258543,Le Superbe,François-Nicolas Martinet,1780,/collections/chinese-fishes/histoirenaturell00bill_0057.jpg,2564,3028,,"fish,goldfish"
35e9ccd1-1c4b-4e81-8e56-5c0f98026f30,Le Mauricot,François-Nicolas Martinet,1780,/collections/chinese-fishes/histoirenaturell00bill_0073.jpg,2552,3240,,"fish,goldfish"
009e4244-9e6c-42e8-b7f9-3c20698e05b6,Le Télescope,François-Nicolas Martinet,1780,/collections/chinese-fishes/histoirenaturell00bill_0089.jpg,2659,3213,,"fish,goldfish"
49730a56-df7b-4bfc-923d-dd08315c3aa0,"Le Rubis-mouche, Le Nuageux",François-Nicolas Martinet,1780,/collections/chinese-fishes/histoirenaturell00bill_0093.jpg,2532,3044,,"fish,goldfish"
967435bb-3961-4bd1-8e50-5c9fa45da3ad,"Le Quintebande, Le Norimembre",François-Nicolas Martinet,1780,/collections/chinese-fishes/histoirenaturell00bill_0101.jpg,2552,3040,,"fish,goldfish"
fef56106-943b-4548-8864-12cb98982af7,"Le Ferrugineux, Le Tettard, Le Frangirouge",François-Nicolas Martinet,1780,/collections/chinese-fishes/histoirenaturell00bill_0105.jpg,2544,3008,,"fish,goldfish"
f031ca76-8a5e-4103-91bb-664912023652,"Le Nigricant, L'aurore",François-Nicolas Martinet,1780,/collections/chinese-fishes/histoirenaturell00bill_0109.jpg,2544,3020,,"fish,goldfish"
94deb40a-5347-45fa-9673-a7ad5d6b4795,"Le Rubis, Le Taches-mine",François-Nicolas Martinet,1780,/collections/chinese-fishes/histoirenaturell00bill_0117.jpg,2524,3032,,"fish,goldfish"
65813248-b77b-40b9-9c25-81eaede0c47a,"Le Rouillé, Le Cerise, Le Léopard",François-Nicolas Martinet,1780,/collections/chinese-fishes/histoirenaturell00bill_0133.jpg,2564,3056,,"fish,goldfish"
0d585ef1-1f27-4a0b-a9b1-7d308a863649,Le'Agréable,François-Nicolas Martinet,1780,/collections/chinese-fishes/histoirenaturell00bill_0141.jpg,2552,3016,,"fish,goldfish"
40cf05dd-40d2-4750-b458-77d1b6f404ac,"La Turquoise, L'agathe",François-Nicolas Martinet,1780,/collections/chinese-fishes/histoirenaturell00bill_0149.jpg,2532,3028,,"fish,goldfish"
d89e194d-be2c-43c7-96b4-458afb30d811,Le Rougissant,François-Nicolas Martinet,1780,/collections/chinese-fishes/histoirenaturell00bill_0169.jpg,2700,3262,,"fish,goldfish"
6fab84f0-dbb1-4f9c-bf9c-dffe71d61763,"Le Créole, Le Frangimine",François-Nicolas Martinet,1780,/collections/chinese-fishes/histoirenaturell00bill_0177.jpg,2528,3000,,"fish,goldfish"
c00b7d3d-e2df-4f7b-8c06-fa737bff8abe,"Le Rouge-lys, Le Varié",François-Nicolas Martinet,1780,/collections/chinese-fishes/histoirenaturell00bill_0185.jpg,2544,3012,,"fish,goldfish"
ec846a03-17f4-4c2c-a098-b4e32d913e6d,L'arlequin,François-Nicolas Martinet,1780,/collections/chinese-fishes/histoirenaturell00bill_0193.jpg,2636,3400,,"fish,goldfish"
77664157-b125-40f5-abbe-e71a74fc46a8,"Le Bleuissant, Le semiblanc",François-Nicolas Martinet,1780,/collections/chinese-fishes/histoirenaturell00bill_0201.jpg,2528,2988,,"fish,goldfish"
d9c60f3e-37b7-4bbd-8747-0100347665f4,"Le Robino, Le Sombrun",François-Nicolas Martinet,1780,/collections/chinese-fishes/histoirenaturell00bill_0205.jpg,2532,3008,,"fish,goldfish"
e01ec359-abbb-4e5b-872f-64289f0973f6,"L'albatre, La Roussette, Le Mulâtre",François-Nicolas Martinet,1780,/collections/chinese-fishes/histoirenaturell00bill_0209.jpg,2524,2988,,"fish,goldfish"
3f9db6ce-a85a-4478-92b3-3277c554a3d6,Le Bilieu,François-Nicolas Martinet,1780,/collections/chinese-fishes/histoirenaturell00bill_0237.jpg,2516,3160,,"fish,goldfish"
21055e9d-cc5f-4d4b-b8a3-8bf9cc11b525,,François-Nicolas Martinet,1780,/collections/chinese-fishes/histoirenaturell00bill_0133.jpg,2564,3056,,"fish,goldfish"
d2389fea-25f8-4993-92c7-dd5b8cdcf342,Christian Symbol. From the Catacombs at Rome.,Henry Lee,1883,/collections/sea-monsters-sea-fables/seafablesexplain00leeh_0_0021-edit.jpg,1860,720,,fish
abe2c360-9961-41dd-b2d9-2e4d1d85b894,Mermaid and fishes of Amboyna.,Henry Lee; Valentyn (after),1883,/collections/sea-monsters-sea-fables/seafablesexplain00leeh_0_0025-edit.jpg,1908,1386,,fish
62a74b89-6301-4ddf-bf60-a29b62143cb4,Resolv’d on proclaiming a submarine feast.,,1809,/collections/mermaid-at-home/mermaid-1.jpeg,1000,794,,"fish,whales"
4c0ea009-0566-43ad-8417-d2face5df9b3,"The Sword and the Pike, the Sabre and Lance, were bravely employ’d against the legions of France.",,1809,/collections/mermaid-at-home/mermaid-2.jpeg,1000,817,,"fish,sea-life"
65187f0b-b6c7-467c-9678-8986ce89716b,"And now to get ready, each fish was in motion.",,1809,/collections/mermaid-at-home/mermaid-3.jpeg,1000,814,,"fish,sea-life"
c97b97d8-34bb-4b44-9d28-de6628198365,"The Cod-fish from newfoundland bank, found its way.",,1809,/collections/mermaid-at-home/mermaid-4.jpeg,1000,821,,"fish,sea-life"
0e067d93-749a-4bf8-a5a8-9dffa69b76ae,"Old Wife, mostly high provok’d, that by the tobacco-pipe-fish, she’d been smok’d.",,1809,/collections/mermaid-at-home/mermaid-5.jpeg,1000,855,,"fish,sea-life"
76725327-4ea3-4a46-b1da-5fbdab6e4397,"That notable gambler, the Shark.",,1809,/collections/mermaid-at-home/mermaid-6.jpeg,1000,815,,"fish,sea-life"
fc791349-e5e9-4bff-8720-359693e2cf8e,"And the dignified dolphin, the pattern of fashion.",,1809,/collections/mermaid-at-home/mermaid-7.jpeg,1000,821,,"dolphins,fish,sea-life"
6c544346-ae0a-4b75-b750-4a70afaf11a1,His Majesty spouted.,,1809,/collections/mermaid-at-home/mermaid-8.jpeg,1000,818,,"fish,whales"
a8428ddf-3c87-46c2-b20b-1aa85005750e,"The Cod-fish from newfoundland bank, found its way",,1809,/collections/mermaid-at-home/mermaid-4.jpeg,1000,821,,"fish,sea-life"
433b0de9-109f-4499-a704-34fadda8108a,"Scale of a perch, magnified 25 times",Marinus Pieter Filbri,1887–88,/collections/marinus-pieter-filbri-microscopy/RP-F-F01133-AN.jpg,1299,1333,,"fish,sea-life"
d116224e-0331-4826-80f3-699850dd1fd6,"Scale of a sole, magnified 25 times",Marinus Pieter Filbri,1887–88,/collections/marinus-pieter-filbri-microscopy/RP-F-F01133-BX.jpg,1051,1061,,"fish,marine-biology"
7e4bf712-c681-461b-ab33-4e7f59e10299,"Sole scale, magnified 25 times",Marinus Pieter Filbri,1887–88,/collections/marinus-pieter-filbri-microscopy/RP-F-F01133-BZ.jpg,1004,1055,,"fish,marine-biology"
078333aa-bfb4-4c96-9710-f0b4648d3899,"Scale of a perch, magnified 40 times",Marinus Pieter Filbri,1887–88,/collections/marinus-pieter-filbri-microscopy/RP-F-F01133-CJ.jpg,1474,1592,,"fish,marine-biology"
9394e22c-4d2b-4425-9a6e-d3b175270c29,,Anton Seder,1896,/collections/das-thier-in-der-decorativen-kunst/gri_33125013920190_0010.jpg,1640,2170,,"fish,sea-life"
750b74da-0d18-4d40-966c-c2179e8103fb,,Anton Seder,1896,/collections/das-thier-in-der-decorativen-kunst/gri_33125013920190_0018.jpg,1670,2206,,fish
ea74c03a-7c8b-4d1b-b7c9-7642600041df,Their manner of fishing in Virginia,Johann Theodor de Bry,1590,/collections/briefe-and-true-report-de-bry-engravings/477644635.jpg,1440,1740,,"crustaceans,fish,sea-life"
3732d4a5-c563-4bb6-bdfa-8385f868918e,The broiling of their fish over the flame,Johann Theodor de Bry,1590,/collections/briefe-and-true-report-de-bry-engravings/477644637.jpg,2224,1496,,fish
ac6075f9-5912-451e-abca-c2e6dbd0ee50,"Facsimile of the Codex Ríos, ca. after 1566",Agostino Aglio,1831–48,/collections/antiquities-of-mexico/antiquities-of-mexico-00028.jpg,3290,4838,,fish
66f101d4-47f5-4bf0-908f-aa610401226e,"Flute Began to Play / Cod, the Captain",Jean de Bosschère,1921,/collections/weird-islands/weird-islands-00020.jpeg,3678,1952,,fish
827cf1c5-6d8b-4103-927c-71665a0c0187,Cod,Jean de Bosschère,1921,/collections/weird-islands/weird-islands-00008.jpeg,1860,2091,,fish
9a3a7640-dcad-449e-8de6-6a5c6bca55bc,"""Shark""",Jean de Bosschère,1921,/collections/weird-islands/weird-islands-00007.jpeg,1776,855,,fish
c4b03453-4240-4c5c-9a70-0f44effdeac6,"Peter, The Fiddler / The Friend and Drum",Jean de Bosschère,1921,/collections/weird-islands/weird-islands-00021.jpeg,3672,1986,,fish
208d1c84-dc28-401a-a3fe-a90a90e59f52,“It’s Been a While”,,1855,/collections/earthquakes-in-japanese-woodblock-prints/NDL-DC-42.jpg,4736,3170,,"catfish,fish"
2300d5d9-26a4-4a4f-8d12-c583e5f2c3ac,“The Cause of Peace and Safety”,,1855,/collections/earthquakes-in-japanese-woodblock-prints/NDL-DC-34.jpg,4831,3259,,"catfish,fish"
2de77253-37a6-4741-a2e1-498cd8a51e79,“The Elegant Dance of the Catfish”,,1855,/collections/earthquakes-in-japanese-woodblock-prints/NDL-DC-14.jpg,4714,3205,,"catfish,fish"
32657f17-8631-4d0d-a452-cbcb3e34952c,"“The Earthquake and Lightning Incident, Father”",,1855,/collections/earthquakes-in-japanese-woodblock-prints/NDL-DC-37.jpg,4811,3224,,"catfish,fish"
31fa2ce9-a615-4f10-8905-6f2caec66e0f,“The Affliction of Wealthy Gold”,,1855,/collections/earthquakes-in-japanese-woodblock-prints/NDL-DC-8.jpg,4786,3219,,"catfish,fish"
39737d69-e578-4f71-b2a9-d52fce042205,“Three Great Earthquakes Caught Alive”,,1855,/collections/earthquakes-in-japanese-woodblock-prints/NDL-DC-4.jpg,4768,3209,,"catfish,fish"
49438e30-d189-4d31-8d90-d786e085f08b,“Endless Metropolis”,,1855,/collections/earthquakes-in-japanese-woodblock-prints/NDL-DC-17.jpg,4876,3159,,"catfish,fish"
6308733f-84d7-477f-9952-e57f05745c62,“Catfish’s Flowing Things”,,1855,/collections/earthquakes-in-japanese-woodblock-prints/NDL-DC-38.jpg,4723,3204,,"catfish,fish"
65330839-1b3c-40af-8781-d3aea54d63c7,“Gourd Catfish”,,1855,/collections/earthquakes-in-japanese-woodblock-prints/NDL-DC-11.jpg,4742,3234,,"catfish,fish"
72b2df33-a7df-4d3a-b046-be9fe947ef77,“A Story of One Earthquake”,,1855,/collections/earthquakes-in-japanese-woodblock-prints/NDL-DC-30.jpg,4772,3215,,"catfish,fish"
72d0f365-92f8-4cce-a152-76c2fef6fe8f,“Record of Earthquake and Peace”,,1855,/collections/earthquakes-in-japanese-woodblock-prints/NDL-DC-28.jpg,4804,3203,,"catfish,fish"
732ac299-79cd-421f-94ef-21c65c5ed7a4,“The Regret of the Catfish in the Ten Thousand Year Festival”,,1855,/collections/earthquakes-in-japanese-woodblock-prints/NDL-DC-22.jpg,4866,3246,,"catfish,fish,horses"
74e06b5e-f634-48d4-9ad3-e6b3bdbc2591,“Large House Destroyed by a Catfish”,,1855,/collections/earthquakes-in-japanese-woodblock-prints/NDL-DC-21.jpg,4833,3248,,"catfish,fish"
74176e80-27a8-437e-bf4a-29108462f0f7,,,1855,/collections/earthquakes-in-japanese-woodblock-prints/NDL-DC-10.jpg,4793,3260,,"catfish,fish"
71b2270a-c2da-4eef-ab52-70ff5855a6df,“The Story of Ebisu-Tenjin's Apology”,,1855,/collections/earthquakes-in-japanese-woodblock-prints/NDL-DC-6.jpg,4750,3209,,"catfish,fish"
8a260242-76b9-4781-9eee-54cebe190608,“Catfish’s Liquidation”,,1855,/collections/earthquakes-in-japanese-woodblock-prints/NDL-DC-26.jpg,4903,3235,,"catfish,fish"
85056a15-dd80-49ef-9728-f85b8f4fdf71,“Staged Great Earthquake and Sumo Wrestling Contest”,,1855,/collections/earthquakes-in-japanese-woodblock-prints/NDL-DC-25.jpg,4792,3211,,"catfish,fish"
80a63996-5044-4916-b812-a4e8f7772d9f,“The Transformation of Otsu into an Earthquake Temple”,,1855,/collections/earthquakes-in-japanese-woodblock-prints/NDL-DC-19.jpg,4852,3233,,"catfish,fish"
8d660f94-178d-4a6a-b17e-ded67b308a7c,“Investigation of the Earthquake Catfish”,,1855,/collections/earthquakes-in-japanese-woodblock-prints/NDL-DC-18.jpg,4810,3213,,"catfish,fish"
97d44e93-4544-4bac-9d96-1a796f4a0889,“Stone”,,1855,/collections/earthquakes-in-japanese-woodblock-prints/NDL-DC-31.jpg,4759,3225,,"catfish,fish"
9b29eef7-d5ef-4f33-9ac0-b6cc3236cfb9,"“Demon, Stone, Monkey, Catfish”",,1855,/collections/earthquakes-in-japanese-woodblock-prints/NDL-DC-16.jpg,4873,3210,,"catfish,fish"
95af22b5-ebbb-4cda-ad48-9ed93576f794,“The Earth of Daikoku”,,1855,/collections/earthquakes-in-japanese-woodblock-prints/NDL-DC-2.jpg,4759,3180,,"catfish,fish"
0ac8eec2-e637-40cc-be43-e14f0b217086,“Catfish’s Greetings”,,1855,/collections/earthquakes-in-japanese-woodblock-prints/NDL-DC-33.jpg,4868,3225,,"catfish,fish"
ce047e84-e325-4ca1-b21c-9a6f7a4500f1,“Fearful Impression of the Stone”,,1855,/collections/earthquakes-in-japanese-woodblock-prints/NDL-DC-27.jpg,4772,3225,,"catfish,fish"
cf9efb04-755a-4030-806d-1cf9747f482a,“Divine Horse”,,1855,/collections/earthquakes-in-japanese-woodblock-prints/NDL-DC-12.jpg,4872,3214,,"catfish,fish"
c4c18547-0e91-4961-b0dd-1398361bcbbe,“Stones to Attach an Amulet to a Catfish”,,1855,/collections/earthquakes-in-japanese-woodblock-prints/NDL-DC-13.jpg,4786,3209,,"catfish,fish"
d7f92607-b800-4817-82d4-c012270fce89,“Ebisu Suppressing the Catfish”,,1855,/collections/earthquakes-in-japanese-woodblock-prints/NDL-DC-39.jpg,4836,3267,,"catfish,fish"
de3243f3-d9c5-4fc7-8186-a82307cd6bdf,“Catfish That Came for Extortion”,,1855,/collections/earthquakes-in-japanese-woodblock-prints/NDL-DC-36.jpg,4749,3233,,"catfish,fish"
d9a3cc56-0512-4e15-9d66-ed4226279b83,“Questions and Answers of the Catfish on the Night of October 2nd in the Second Year of Ansei's Earthquake”,,1855,/collections/earthquakes-in-japanese-woodblock-prints/NDL-DC-35.jpg,4773,3212,,"catfish,fish"
d279347c-42e3-4023-817f-80d3b67b8b66,“Staged Great Earthquake and Sumo Wrestling Contest”,,1855,/collections/earthquakes-in-japanese-woodblock-prints/NDL-DC-24.jpg,4901,3217,,"catfish,fish"
d2aba30a-d8ee-4321-afb3-04e7d6465a4b,“Divine Horse”,,1855,/collections/earthquakes-in-japanese-woodblock-prints/NDL-DC-9.jpg,4790,3232,,"catfish,fish,horses"
dffc1cd5-2269-4152-aa87-d541e8c51992,“A Competition of Catfish Strength”,,1855,/collections/earthquakes-in-japanese-woodblock-prints/NDL-DC-3.jpg,4745,3236,,"catfish,fish"
dd6b9c3f-9bd5-4b97-9c80-39a0d77f8ed3,“Catfish Extermination”,,1855,/collections/earthquakes-in-japanese-woodblock-prints/NDL-DC-1.jpg,4884,3189,,"catfish,fish,whales"
ecaa754e-df62-4a65-b54c-9ba97205ff2b,“Gourd Pair”,,1855,/collections/earthquakes-in-japanese-woodblock-prints/NDL-DC-12.jpg,4872,3214,,"catfish,fish"
eacfbdb6-f50f-4aa5-9572-86f847efe4a5,“A World That Quickly Turns”,,1855,/collections/earthquakes-in-japanese-woodblock-prints/NDL-DC-7.jpg,4756,3194,,"catfish,fish"
ef74994b-b8aa-4f8c-bc11-240002db51b3,“The Catfish Trembles with a Brush”,,1855,/collections/earthquakes-in-japanese-woodblock-prints/NDL-DC-5.jpg,4749,3209,,"catfish,fish"
f2980fd5-ca20-468a-83b5-1a8284b24243,“Catfish’s Enjoyable Pastime”,,1855,/collections/earthquakes-in-japanese-woodblock-prints/NDL-DC-41.jpg,4753,3215,,"catfish,fish"
fd6734c3-abdb-4dfb-817e-be87ab23b868,“Temporary Residence for Comfort and Rest”,,1855,/collections/earthquakes-in-japanese-woodblock-prints/NDL-DC-32.jpg,4820,3223,,"catfish,fish"
f3ab1a0c-93bb-4031-a131-d9698532eccd,“Large-scale Grilled Catfish Banquet”,,1855,/collections/earthquakes-in-japanese-woodblock-prints/NDL-DC-29.jpg,4864,3181,,"catfish,fish"
f7d921bb-32ee-4d37-8e2b-3e15b4879a4f,“Staged Great Earthquake and Sumo Wrestling Contest”,,1855,/collections/earthquakes-in-japanese-woodblock-prints/NDL-DC-23.jpg,4867,3249,,"catfish,fish"
fc60806b-0e38-4bcd-b98d-518c424760f7,“Untitled”,,1855,/collections/earthquakes-in-japanese-woodblock-prints/NDL-DC-15.jpg,4864,3230,,"catfish,fish"
ba74342d-d341-4d33-9785-e438367ded25,“The great man angles with himself. He needs no other bait.”,C. P. Cranch,ca. 1837–9,/collections/cranch-new-philosophy/cranch-philosophy-4.jpg,2400,2542,,fish
3474c315-704d-4717-9c63-65bb443f38c1,Carp egg,Martin Frobenius Ledermüller,1764–8,/collections/microscopic-delights/2lede-0051.jpg,1123,1500,,"entomology,fish,insects"
6731a04d-c4f0-4ce0-8e3b-643f72829a43,Small hake scale,Martin Frobenius Ledermüller,1764–8,/collections/microscopic-delights/2lede-0045.jpg,1176,1500,,"entomology,fish,insects"
dc3fe877-bdbc-4d72-99c5-7c7fe0eccf0b,Scale of fish,Martin Frobenius Ledermüller,1764–8,/collections/microscopic-delights/1lede-0147.jpg,1114,1500,,"entomology,fish,insects"
145538a1-b20d-4c3a-a40b-895a65382512,"Friend February, Mr March, and Friends",Walter Crane,1871,/collections/crane-months/crane-luckieboy.jpg,1093,1400,,fish
d598b68e-a62b-48e0-b0d9-1d7cf92e5f50,Balamut. Batum,Sergei Prokudin-Gorsky,ca. 1910,/essays/in-search-of-true-color/03-service-pnp-prokc-21500-21503v.jpeg,1024,1020,,fish
b14aec52-70c2-49f6-a330-a7bc390983be,“Ilona came floating up through the waves”,Jay Van Everen,1922,/collections/mighty-mikko/mikko-1.jpg,936,1400,,fish
9454183f-0d80-4383-b2d9-f65ac7a19586,"Left: yo-yos. Right: clay figurine of Sumo wrestler with giant fish. (Volume 5, pg. 22)",,1913,/collections/unai-no-tomo/unai-no-tomo-5.22.jpg,1400,1006,,fish
0cf4e952-bb06-40fc-856b-1da5c32899b8,"Wheeled fish in foreground, right, with sliding toy *tai* fish strung on a cord, with bow, behind. (Volume 3, pg. 20)",,1911,/collections/unai-no-tomo/unai-no-tomo-3.20.jpg,1400,1023,,fish
110507ac-f071-4d45-bd84-bc4e2974a343,"Miniature by an unknown artist for Jansen Enikel's contribution to the *World Chronicle*, ca. 1400",,ca. 1400,/collections/alexander-bathysphere/alexander-bathysphere-14.jpg,1161,1400,,fish
92557afe-6b78-4878-962b-239b1d2b19b4,Alexander's Diving Trip,,ca. 1420,/collections/alexander-bathysphere/alexander-bathysphere-3.jpg,1012,464,,fish
a0b6fb1c-ea6b-4f2b-9ddc-a9c2cbaa3411,Alexander Is Lowered into the Sea,Mukunda,ca. 1597,/collections/alexander-bathysphere/alexander-bathysphere-12.jpg,947,1400,,fish
a2666533-76ee-4fee-b163-00eddfc4f1d2,"Miniature from the “Talbot Shrewsbury Book”, ca. 1444, f. 20v",,ca. 1444,/collections/alexander-bathysphere/alexander-bathysphere-2.jpg,3158,2694,,fish
ecf414e6-f53d-44e6-8246-10f9acdc09cb,"Miniature from *Le Livre et le vraye hystoire du bon roy Alixandre*, ca. 1420, f. 77v",,ca. 1420,/collections/alexander-bathysphere/alexander-bathysphere-6.jpg,1400,824,,fish
03ed0692-a716-4698-b584-8011d5f041a7,,Philipp Hainhofer,1596–1633,/collections/hainhofer-stammbuch/hainhofer-stammbuch-183.jpg,1400,1111,,fish
f00d6c19-b57a-48fb-98bc-50d07e811d37,Big Fish Eat Little Fish,Bruegel the Elder; Pieter van der Heyden,1556,/collections/bruegel-big-fish-little-fish/DP818314-edit.jpeg,1400,1061,,"fish,whales"
f8c9a0f2-e4f5-4ec4-93eb-826e39ffd36c,Big Fish Eat Little Fish,Bruegel the Elder,1619,/collections/bruegel-big-fish-little-fish/RP-P-OB-77.302-edit.jpg,1200,905,,fish
41825016-908a-4c1d-9a48-2742a6cc1639,,Martin Gerlach,1897,/collections/martin-gerlach-festons/RP-F-2002-21-2-12.jpg,1033,1400,,fish
38387cbb-dca7-4ce0-9306-127e2fe231ab,The Liberty Bond Potato,,1919,/essays/propagating-propaganda/CAT31302286_0008-edit.jpg,1846,1564,,fish
34cf1cf0-976e-4c05-9b07-fb838a883a1e,"Franklin Barrett’s Red, White, and Blue Liberty Bond Fish",,1918,/essays/propagating-propaganda/aquaticlife319171918baus_0155-edit.jpg,1400,1008,,fish
99ddd2b7-dc3b-4e33-9ad1-3fbb2453186f,Submarine Rocks With Green Corals,Eugen Ransonnet-Villez,1867,/collections/underwater-landscapes-of-eugen-von-ransonnet-villez/Ransonnet-edit-2.jpg,1200,888,,"fish,marine"
bc1f1658-8e57-49af-8cf4-90ea1344db3b,Group of Corals,Eugen Ransonnet-Villez,1867,/collections/underwater-landscapes-of-eugen-von-ransonnet-villez/mobotpga_typ_822_67_7308_0026.jpg,1200,1003,,fish
f9a2a9ec-c374-44d5-a652-22654e85787d,,William Elliot Griffis,1922,/collections/korean-fairy-tales/koreanfairytales00grif_0029.jpg,630,1000,,fish
2d1e72bf-98aa-4bae-b796-23f9ebbf6308,Capricorn,Sidney Hall,1824-5,/collections/uranias-mirror-or-a-view-of-the-heavens/dec2019-14.jpg,1200,830,,"fish,goats"
7f14efaf-5f9b-4f6d-b24a-75d75f6aeef6,Pisces,Sidney Hall,1824-5,/collections/uranias-mirror-or-a-view-of-the-heavens/dec2019-16.jpg,1200,835,,fish
deb35f10-8175-4f02-82d4-de030c2f5cc6,Fish in a Whirlpool,Kawanabe Kyōsai,ca. 1887,/shop/oct_19_new_prints_00081.jpg,902,1200,,fish
341b82cb-2c38-4561-94ac-8611ecac6b30,,,1921,/collections/persian-demons-from-a-book-of-magic-and-astrology-1921/persian_astrology_00012.jpeg,900,563,,fish
a7bd577a-8c95-4f01-93ab-a4f0b7385a7b,"Tsuba made of iron, openwork, with a tai fish, a fishing rod, and a fish basket in a plain hoop.",Georg Oeder,1916,/collections/photographs-of-japanese-sword-guards-1916//48782058498_3ec9116267_o.jpg,600,641,,fish
5b7f7f07-0f19-4f09-adb7-3976d2b4fe8d,Monocheros,,1350,/essays/greenland-unicorns-and-the-magical-alicorn/48754862101_a5f17127d3_o.jpg,600,350,,fish
51eae134-cfda-49b3-8b65-51008b5e6b49,Fishia Marina,Edward Lear,1888,/collections/edward-lears-nonsense-botany-1871-77/48299228127_b0269f52ff_c.jpg,508,800,,fish
2b4eee33-c17b-45fc-b684-a83be88d93fd,April Fools (Fish of April),J. J. Grandville,1844,/shop/edit-unautremondetran00gran_0_0094.jpg,869,1200,,fish
bd565cbc-b623-4948-8470-5839363f6c60,"Actinologia Britannica, Plate X",Philip Henry Gosse,1860,/shop/gosse-5-cut.jpg,729,1200,,fish
939f1007-f4b3-419b-b961-8f996f1b9a69,"Louis Renard's Fish, Plate XLVII",Louis Renard (after Samuel Fallours),1754,/shop/edit-PoissonsecrevisIRena_0201-1.jpg,849,1200,,"crustaceans,fish"
2a14c350-43eb-4f46-be42-8052224b26a9,Authors’ Methods of Photographing Submerged Corals and Bêche-De-Mer,William Saville-Kent,1893,/collections/images-from-william-saville-kent-s-the-great-barrier-reef-of-australia-1893/greatbarrierreef00kent_0315.jpg,600,919,,"corals,fish"
37099e23-bdec-40b1-aea8-b0ed1d727313,Barrier Reef Anemones,William Saville-Kent,1893,/collections/images-from-william-saville-kent-s-the-great-barrier-reef-of-australia-1893/image-from-rawpixel-id-414420-jpeg.jpg,650,878,,"fish,marine"
4d19a47a-462b-456e-a9d1-ee9da3f50b7b,Queensland Pearls,William Saville-Kent,1893,/collections/images-from-william-saville-kent-s-the-great-barrier-reef-of-australia-1893/greatbarrierreef00kent_0423.jpg,600,778,,"fish,marine"
428f575e-11cb-4a05-bfe2-290383474ad8,Great Barrier Reef Corals,William Saville-Kent,1893,/collections/images-from-william-saville-kent-s-the-great-barrier-reef-of-australia-1893/image-from-rawpixel-id-414409-jpeg.jpg,650,868,,"corals,fish,invertebrates,marine"
499a9576-6b43-4246-905b-ba4e6c9a0897,Barrier Reef Anemones,William Saville-Kent,1893,/collections/images-from-william-saville-kent-s-the-great-barrier-reef-of-australia-1893/image-from-rawpixel-id-414416-jpeg.jpg,650,878,,"fish,marine"
56ae3da2-99e1-4e82-b675-822c7bd3b6c7,Albany Pass,William Saville-Kent,1893,/collections/images-from-william-saville-kent-s-the-great-barrier-reef-of-australia-1893/greatbarrierreef00kent_0551.jpg,800,675,,fish
5d14f28e-79f6-4809-9d38-36012f90dd9c,Great Barrier Reef Echinoderms,William Saville-Kent,1893,/collections/images-from-william-saville-kent-s-the-great-barrier-reef-of-australia-1893/image-from-rawpixel-id-414424-jpeg.jpg,650,868,,"corals,fish,invertebrates"
5483ca86-bd1a-4cba-99bf-6d3a8e388cf1,Great Barrier Reef Corals,William Saville-Kent,1893,/collections/images-from-william-saville-kent-s-the-great-barrier-reef-of-australia-1893/image-from-rawpixel-id-414413-jpeg.jpg,650,888,,"corals,fish,invertebrates,marine"
65dc1a4b-426a-449e-8120-288517281cc7,Giant Anemone Discosoma,William Saville-Kent,1893,/collections/images-from-william-saville-kent-s-the-great-barrier-reef-of-australia-1893/greatbarrierreef00kent_0249.jpg,800,700,,"fish,invertebrates"
67d007a2-ab8e-49ad-9177-c63137ab21e9,Barrier Reef Fishes,William Saville-Kent,1893,/collections/images-from-william-saville-kent-s-the-great-barrier-reef-of-australia-1893/greatbarrierreef00kent_0533.jpg,800,582,,fish
7f56dbbf-0408-46e7-b5f2-f78f0fe6afea,Snake-Like Bêche-De-Mer / Prickly-Fish,William Saville-Kent,1893,/collections/images-from-william-saville-kent-s-the-great-barrier-reef-of-australia-1893/greatbarrierreef00kent_0401.jpg,600,850,,fish
78f1aeca-04bc-4d5b-b19d-23002d815552,"Crescent Reef, Outer Barrier Series",William Saville-Kent,1893,/collections/images-from-william-saville-kent-s-the-great-barrier-reef-of-australia-1893/greatbarrierreef00kent_0205.jpg,800,680,,"fish,marine"
8e2ab3d4-52ed-4564-a3c4-4bc8f9ae0616,"Isolated Coral Growths, Charted Reef, Thursday Island",William Saville-Kent,1893,/collections/images-from-william-saville-kent-s-the-great-barrier-reef-of-australia-1893/greatbarrierreef00kent_0053.jpg,800,679,,"fish,marine"
8414abde-c971-4982-8ca9-f64585810019,Great Barrier Reef Alcyonaria,William Saville-Kent,1893,/collections/images-from-william-saville-kent-s-the-great-barrier-reef-of-australia-1893/image-from-rawpixel-id-414423-jpeg.jpg,650,870,,"fish,invertebrates,marine"
0f3894e8-19f3-4a9b-b732-c88075cdf874,Mushroom Corals,William Saville-Kent,1893,/collections/images-from-william-saville-kent-s-the-great-barrier-reef-of-australia-1893/greatbarrierreef00kent_0271.jpg,800,578,,fish
00175daf-648c-424c-a518-8136631a121c,Great Barrier Reef Fishes,William Saville-Kent,1893,/collections/images-from-william-saville-kent-s-the-great-barrier-reef-of-australia-1893/image-from-rawpixel-id-414412-jpeg.jpg,650,889,,"corals,fish"
a937c79a-87cc-4fd7-8ee1-cda6c47fadad,Barrier Reef Shells Artistically Utilised,William Saville-Kent,1893,/collections/images-from-william-saville-kent-s-the-great-barrier-reef-of-australia-1893/greatbarrierreef00kent_0477.jpg,600,846,,"fish,marine,shells"
bc423f5d-d594-4300-8ff5-1407338bc3d8,Living Corals With Expanded Polyps,William Saville-Kent,1893,/collections/images-from-william-saville-kent-s-the-great-barrier-reef-of-australia-1893/greatbarrierreef00kent_0293.jpg,600,815,,"corals,fish,invertebrates,marine"
cacdfbba-fb28-43c8-a01d-0a0cd47653fa,"Skull Reef, Outer Barrier Series",William Saville-Kent,1893,/collections/images-from-william-saville-kent-s-the-great-barrier-reef-of-australia-1893/greatbarrierreef00kent_0173.jpg,800,673,,"fish,marine"
cb31c75a-4597-4175-aaa3-bb1e925bb3e0,Great Barrier Reef Anemones,William Saville-Kent,1893,/collections/images-from-william-saville-kent-s-the-great-barrier-reef-of-australia-1893/image-from-rawpixel-id-414417-jpeg.jpg,650,882,,"fish,invertebrates"
cc503573-cd17-4a5c-8f22-1b209dcad02a,Barrett Reef Trepang or  Béche-De-Mer,William Saville-Kent,1893,/collections/images-from-william-saville-kent-s-the-great-barrier-reef-of-australia-1893/image-from-rawpixel-id-414411-jpeg.jpg,650,881,,"corals,fish,starfish"
dfc89b45-f77a-4fc7-9628-66fab26731ed,Bleached Coral Specimens From the Great Barrier Reef,William Saville-Kent,1893,/collections/images-from-william-saville-kent-s-the-great-barrier-reef-of-australia-1893/greatbarrierreef00kent_0014.jpg,800,668,,"fish,marine"
e9e08c9f-05ea-498c-a4b1-2050e46a14ce,Great Barrier Reef Corals,William Saville-Kent,1893,/collections/images-from-william-saville-kent-s-the-great-barrier-reef-of-australia-1893/image-from-rawpixel-id-414418-jpeg.jpg,650,878,,"fish,invertebrates,marine"
1968eada-8de6-479a-bb9e-9ce44c001827,"Plate 4 — Views of specimen no. 2: <em>a</em>, on dark mixed sand, partly covered with this material (after two days); <em>b</em>, on white glass plate, shortly after transfer to this following sojourn on dark sand; <em>c</em>, on coarse gravel (after two days); <em>d</em>, on white glass plate, shortly after transfer to this, following sojourn on coarse gravel. (Compare this with <em>b</em>. In <em>d</em>, the gravel pattern has persisted to some degree, despite an immediate partial disappearance of this).",Francis Bertody Sumner,1911,/collections/flatfish-camouflage-experiments-1911/29428785748_736f91bfce_o.jpg,720,1116,,"fish,flatfish"
2380f44b-5f47-4f24-a2fe-63a84c045801,"Plate 5 — Views of specimen no. 2: <em>e</em>, upon fine gravel (after two or three days); <em>f</em>, upon dark, mixed sand after two days). Views of specimen no. 3: <em>a</em>, after one day on present ground; <em>b</em>, taken on the day when first placed on this sand. (Note the inferior power of adaptation shown by this fish, as compared with the last. The harmony with the backgrounds increased little if any beyond the condition shown in the photographs).",Francis Bertody Sumner,1911,/collections/flatfish-camouflage-experiments-1911/43298562451_efbf427222_o.jpg,720,1109,,"fish,flatfish"
2b7d8cb7-1a77-4110-b5e0-8851690c5a9d,"Plate 2 — Views of specimen no. 1: <em>f</em>, on painted squares, 2 cm. sq. (after four days); <em>g</em>, do., 1 cm. sq. (after seven days); <em>h</em>, do., 1 cm. sq. (after four days); <em>i</em>, do., 2 mm. sq. (after one day).",Francis Bertody Sumner,1911,/collections/flatfish-camouflage-experiments-1911/29428785998_32b8f50ece_o.jpg,720,1032,,"fish,flatfish"
68592248-af55-4896-9d53-54a84dada99c,"Plate 3 — Views of specimen no. 1: <em>j</em>, after three days on background figured; <em>k</em>, after fourteen days on white marble bottom (the fish was in reality much paler than the photograph would seem to indicate); <em>l</em>, after three days on the background figured; <em>m</em>, after six days on the background figured.",Francis Bertody Sumner,1911,/collections/flatfish-camouflage-experiments-1911/43248677452_14c8d75de9_o.jpg,720,1026,,"fish,flatfish"
7ce19ab7-19a3-439e-87af-9efa4919eed9,"Plate 7 — Views of specimen no. 4: <em>a</em>, after six days on pattern shown; <em>b</em>, after three days on pattern shown (compare minutely with last); <em>c</em>, after nine days on the dark sand; <em>d</em>, after three days on the pattern shown; <em>e</em>, after three days on the pattern shown.",Francis Bertody Sumner,1911,/collections/flatfish-camouflage-experiments-1911/43248677032_b97d9e1987_o.jpg,720,1102,,"fish,flatfish"
e3f495b3-1dde-4f7b-b7a0-33bf3d75e569,"Plate 8 — Views of specimen no. 4: <em>f</em>, after seven days on present background condition of rest); <em>g</em>, same, when preparing to swim;<em> h</em>, after one day on present background; <em>i</em>, after three days on a background of gray, of a shade approximately matching that produced on a color-wheel by the use of two parts of black and one of white. (The harmony between the fish and the bottom was really much greater than would seem to be the case from this photograph, which has made the fish seem darker). Specimen no. 5: view inserted to show a particularly striking gravel pattern (taken after eight days). (There are in reality a few particles of gravel on the back of the fish).",Francis Bertody Sumner,1911,/collections/flatfish-camouflage-experiments-1911/43248677112_816e78307a_o.jpg,720,1123,,"fish,flatfish"
fb38cf3d-bc87-4e1d-958a-9514dd9f1312,"Plate 6 — Views of specimen no. 3, in the 'sand' and 'gravel' phases. Unfortunately, the capacity of this specimen for such adaptations proved to be comparatively small.",Francis Bertody Sumner,1911,/collections/flatfish-camouflage-experiments-1911/29428785538_714fc2f22b_o.jpg,720,1001,,"fish,flatfish"
47fabffa-74ae-42ca-8050-5ce84070ecbd,Parasitic Anemone,Philip Henry Gosse,1856,/essays/bringing-the-ocean-home/29029767708_5ff8f8f76a_b.jpg,631,1024,,"corals,fish"
7edbdd28-0036-405e-901b-eb755361da5a,Actinoloba,Philip Henry Gosse,1860,/essays/bringing-the-ocean-home/41092048860_e9f63605ea_z.jpg,640,389,,fish
8d568e35-74dd-4576-ad97-a0d129acbebf,Philip Henry Gosse,,1896,/essays/bringing-the-ocean-home/42184098494_f16b907c6b_b.jpg,680,1023,,fish
0dfb070d-d162-4120-bbbb-c443712fc518,Starfish,Philip Henry Gosse,1856,/essays/bringing-the-ocean-home/41091829150_5e5a7e7406_b.jpg,633,1024,,"fish,marine,starfish"
07052617-d25f-4c17-8ec9-95ec7049407e,Collecting Under Byng Cliff,Philip Henry Gosse,1856,/essays/bringing-the-ocean-home/29062352478_cabaed3e34_c.jpg,800,558,,fish
0aff6d7a-10db-4281-86c1-426ad0cfa122,Tealia,Philip Henry Gosse; William Dickes,1860,/essays/bringing-the-ocean-home/29029941718_9876eb0839_b.jpg,627,1024,,"fish,marine,starfish"
eed14b31-f33d-4e0e-9a4e-1bf532dd3200,The Aesop Prawn,Philip Henry Gosse,1856,/essays/bringing-the-ocean-home/29029769678_63ec0087be_b.jpg,640,1024,,"fish,marine,starfish"
fe50f598-ba0a-4e1a-bc9d-fa7f9f1e8d3f,The Fountain Aquarium,Philip Henry Gosse,1856,/essays/bringing-the-ocean-home/29029770798_89c21b24a8_b.jpg,852,1023,,fish
f3e2adfd-58e7-4e93-99f7-d4e511435538,Plumose Anemone,Philip Henry Gosse,1856,/essays/bringing-the-ocean-home/28033497117_a07611578b_b.jpg,641,1024,,fish
dd9b9b98-6eda-4908-abb0-e91b0a4239bc,Trout,Utagawa Hiroshige,ca. 1835,/collections/utagawa-hiroshige-last-great-master-of-ukiyo-e/26805200977_ac407011fa_b.jpg,1000,674,,fish
d19e1906-e046-42a5-97da-1bc5080d7e54,They brought along with them a great many beautiful shells,Nathaniel Hawthorne,1921,/collections/nathaniel-hawthorne-s-tanglewood-tales-illustrated-by-virginia-frances-sterrett-1921/40212264554_13f5c7b34c_b.jpg,620,804,,fish
524d06b7-8c73-40f4-8ee3-3b715ea39796,,Joseph Drayton; Alfred Agate,ca. 1838–42,/collections/drawings-of-tetradons-and-diodons-ca-1838-42/40656124321_99cebd85f4_b.jpg,961,1024,,"balloonfish,fish,marine,pufferfish"
68a66472-61da-4004-bf99-37344d91cf07,,Joseph Drayton; Alfred Agate,ca. 1838–42,/collections/drawings-of-tetradons-and-diodons-ca-1838-42/38846071900_10caa47222_b.jpg,1024,633,,"balloonfish,fish,marine,pufferfish"
0a2f2c81-2841-40ff-9208-869593ee2a9a,,Joseph Drayton; Alfred Agate,ca. 1838–42,/collections/drawings-of-tetradons-and-diodons-ca-1838-42/39946686154_78d4d1ff49_b.jpg,1024,710,,"balloonfish,fish,marine,pufferfish"
0a2a1062-ba99-4298-99b1-b431d276125b,,Joseph Drayton; Alfred Agate,ca. 1838–42,/collections/drawings-of-tetradons-and-diodons-ca-1838-42/39946687754_7efcfe4e64_b.jpg,1024,858,,"balloonfish,fish,pufferfish"
f85a19ef-7251-49f6-a197-b4d4c977723d,,Joseph Drayton; Alfred Agate,ca. 1838–42,/collections/drawings-of-tetradons-and-diodons-ca-1838-42/39760990035_669d62655b_b.jpg,1024,701,,"balloonfish,fish,marine,pufferfish"
13018fe3-36fa-4fcb-90f6-c7ab6d6e12e2,,Samuel Fallours; Louis Renard,1754,/collections/images-from-the-first-colour-publication-on-fish-1754/33681503042_265fc2ebc1_o.jpg,720,936,,"fish,pescatology"
2fcbcb9d-b858-4d8e-87fa-cfb963a035b6,,Samuel Fallours; Louis Renard,1754,/collections/images-from-the-first-colour-publication-on-fish-1754/33681501402_1e0dcc5de0_o.jpg,720,951,,"fish,pescatology"
2a93b26f-477c-4790-ba84-69a2b360a1b8,,Samuel Fallours; Louis Renard,1754,/collections/images-from-the-first-colour-publication-on-fish-1754/32993998364_daee5888c6_o.jpg,947,720,,"fish,pescatology"
23f56c3f-d2c6-4de6-8c07-d960eb4c75f1,,Samuel Fallours; Louis Renard,1754,/collections/images-from-the-first-colour-publication-on-fish-1754/33681502252_364024af8f_o.jpg,974,720,,"fish,pescatology"
207091db-606e-43ef-b040-8cba9f93f1b7,,Samuel Fallours; Louis Renard,1754,/collections/images-from-the-first-colour-publication-on-fish-1754/33681502592_440f007746_b.jpg,720,935,,"fish,pescatology"
49959594-26ff-44a7-a5cc-0083fd3e130a,,Samuel Fallours; Louis Renard,1754,/collections/images-from-the-first-colour-publication-on-fish-1754/33681501552_9abc741064_o.jpg,720,935,,"fish,pescatology"
42ba3c30-794a-464f-bd95-3103a155a529,,Samuel Fallours; Louis Renard,1754,/collections/images-from-the-first-colour-publication-on-fish-1754/32993998634_e6febcd691_o.jpg,954,720,,"fish,pescatology"
4ccb2c0f-b40c-4be5-afb0-7d5b585eacee,,Samuel Fallours; Louis Renard,1754,/collections/images-from-the-first-colour-publication-on-fish-1754/32993999174_1800282dd1_o.jpg,720,935,,"fish,pescatology"
59d9631c-ab60-41b9-887c-2a1ce8043389,,Samuel Fallours; Louis Renard,1754,/collections/images-from-the-first-colour-publication-on-fish-1754/32993998744_7520641071_o.jpg,715,958,,"fish,pescatology"
59c8d29b-6d6a-4a4a-af6f-9145dbdd43a3,,Samuel Fallours; Louis Renard,1754,/collections/images-from-the-first-colour-publication-on-fish-1754/33681502372_c4a0514ce1_o.jpg,706,952,,"fish,pescatology"
682f05f1-bed3-47f7-a45b-6fd0be16d595,,Samuel Fallours; Louis Renard,1754,/collections/images-from-the-first-colour-publication-on-fish-1754/32993997454_65163cf0ba_o.jpg,1440,987,,"fish,pescatology"
64677055-dae4-4740-aab9-42a6b30851ed,,Samuel Fallours; Louis Renard,1754,/collections/images-from-the-first-colour-publication-on-fish-1754/32993997894_d193d28afd_o.jpg,964,720,,"fish,pescatology"
62799a3f-61c4-41bf-8c83-8784c3dbe209,,Samuel Fallours; Louis Renard,1754,/collections/images-from-the-first-colour-publication-on-fish-1754/32993998154_39328941be_o.jpg,720,955,,"fish,pescatology"
7c318b53-052e-4e31-90e2-7f6401d427b6,,Samuel Fallours; Louis Renard,1754,/collections/images-from-the-first-colour-publication-on-fish-1754/33452759320_cb7c5fe392_o.jpg,964,720,,"fish,pescatology"
8bc94a9d-1521-4446-9c64-4b24058d2519,,Samuel Fallours; Louis Renard,1754,/collections/images-from-the-first-colour-publication-on-fish-1754/33681501232_cd244bf069_o.jpg,952,712,,"fish,pescatology"
8ccbc6d3-15fa-4c51-9454-690fe277b172,,Samuel Fallours; Louis Renard,1754,/collections/images-from-the-first-colour-publication-on-fish-1754/33681502062_964cea14c8_o.jpg,952,720,,"fish,pescatology"
8c46cece-a7aa-4a0e-abee-a4b651aed78f,,Samuel Fallours; Louis Renard,1754,/collections/images-from-the-first-colour-publication-on-fish-1754/32993999304_b6e64fcac9_o.jpg,720,943,,"fish,pescatology"
91fd9562-754b-458c-81d0-8b16aa90ba2c,,Samuel Fallours; Louis Renard,1754,/collections/images-from-the-first-colour-publication-on-fish-1754/33681502822_c5e048b2c5_b.jpg,771,1024,,"fish,pescatology"
0a7a6697-9684-4a99-903d-eff20dadf32e,,Samuel Fallours; Louis Renard,1754,/collections/images-from-the-first-colour-publication-on-fish-1754/32993997574_6a3185c53e_o.jpg,720,941,,"fish,pescatology"
05181d0d-7a79-4f53-a493-e96a7f17c810,,Samuel Fallours; Louis Renard,1754,/collections/images-from-the-first-colour-publication-on-fish-1754/33681502922_11582c7b5d_o.jpg,720,941,,"fish,pescatology"
a25879ef-6a28-4ac0-91ec-3b251cf6f5ab,,Samuel Fallours; Louis Renard,1754,/collections/images-from-the-first-colour-publication-on-fish-1754/32993998514_382d4b74b7_o.jpg,958,720,,"fish,pescatology"
a310efe8-13a1-4e71-823d-756c549ca817,,Samuel Fallours; Louis Renard,1754,/collections/images-from-the-first-colour-publication-on-fish-1754/33681502432_1c14efe38d_o.jpg,712,947,,"fish,pescatology"
c5c3bc5c-2127-48b1-bb29-75411dec22b9,,Samuel Fallours; Louis Renard,1754,/collections/images-from-the-first-colour-publication-on-fish-1754/funnyfish.jpg,1541,498,,"fish,pescatology"
e777f583-cfa4-45dd-8812-b1d6fd532949,,Samuel Fallours; Louis Renard,1754,/collections/images-from-the-first-colour-publication-on-fish-1754/33681503412_0cb655a242_o.jpg,720,930,,"fish,pescatology"
fb19d83d-b7bf-493c-9f32-e98edc9089d8,,Samuel Fallours; Louis Renard,1754,/collections/images-from-the-first-colour-publication-on-fish-1754/33452759080_9794cc06b8_o.jpg,720,951,,"fish,pescatology"
f0f0789c-6df7-4533-9f5c-a2a51f6404f7,,Samuel Fallours; Louis Renard,1754,/collections/images-from-the-first-colour-publication-on-fish-1754/33681501072_08fa2f6733_o.jpg,962,694,,"fish,pescatology"
f716835b-22e7-4bbf-97d8-5910ea263f75,,Samuel Fallours; Louis Renard,1754,/collections/images-from-the-first-colour-publication-on-fish-1754/32993997724_bac9b71697_o.jpg,720,953,,"fish,pescatology"
fd9eb9fa-962a-4432-8f4e-3d1bbb5ba3d7,,Samuel Fallours; Louis Renard,1754,/collections/images-from-the-first-colour-publication-on-fish-1754/33681501792_c2e314d2c1_o.jpg,720,955,,"fish,pescatology"
fc688ad1-a59a-4634-b605-985c4a9d14ed,,Samuel Fallours; Louis Renard,1754,/collections/images-from-the-first-colour-publication-on-fish-1754/33681502532_82176272f1_o.jpg,706,957,,"fish,pescatology"
f79df3c6-9a31-4ad1-abe5-522a87426b65,,,ca. 820,/collections/aratea-making-pictures-with-words-in-the-9th-century/32597288384_b3b5db9f2a_b.jpg,879,1024,,fish
df5c845c-0824-4ab2-b6cf-d821123105a3,,Marcus Selmer,ca. 1870,/collections/marcus-selmer-s-photographs-of-19th-century-norwegians/33062670741_c1b3b5d48c_b.jpg,622,1024,,fish
4e17d9c2-739a-4789-99d8-229303b06749,Two Goldfish and a Sea Fish (Christiceps Argentatus),Josef Maria Eder and Eduard Valenta,1896,/collections/a-selection-from-the-met-s-public-domain-collection-now-free-from-all-restrictions/32120753513_024a6bb4a6_b.jpg,1000,772,,"fish,goldfish,seahorses"
15538507-1680-4734-a08c-bb84f460d192,Embryos after Romanes as “Evidences from Comparative Embryology”,George Romanes,1952,/essays/copying-pictures-evidencing-evolution/26982025672_5f6de3ddae_c.jpg,800,617,,"fish,rabbits,vertebrates"
4513d177-e2db-4b59-bcf4-73d087783d24,"Jaws, Tusks, and Grinders of the Mastodon",,1818,/essays/dr-mitchill-and-the-mathematical-tetrodon/21259300130_1f7c732f63_c.jpg,800,496,,fish
233ef5b2-b43a-4cf4-847a-5c5538360bd6,Visboek: Folio 308v and 309r,Adriaen Coenen,1580,/collections/adriaen-coenen-s-fish-book-1580/14582228538_9ff08a7bb5_o.jpg,900,661,,"fish,whales"
2e97be3b-f435-41fd-82cd-b40e37acf81a,Visboek: Folio 62v and 63r,Adriaen Coenen,1580,/collections/adriaen-coenen-s-fish-book-1580/14582392737_129cfa4fe1_o.jpg,900,661,,"fish,jellyfish"
3380d0f4-fc7d-4f71-9a98-dc67fc2ff20e,Visboek: Folio 243v and 244r,Adriaen Coenen,1580,/collections/adriaen-coenen-s-fish-book-1580/14582219359_7242a48537_o.jpg,900,661,,"fish,whales"
37849baf-97e6-4bc3-9429-417281851b4b,Visboek: Folio 201v and 202r,Adriaen Coenen,1580,/collections/adriaen-coenen-s-fish-book-1580/14768857875_c599ddf712_o.jpg,900,661,,"fish,whales"
3c6c359a-f648-4c9e-8116-1ad941b5782d,Visboek: Folio 160v and 161r,Adriaen Coenen,1580,/collections/adriaen-coenen-s-fish-book-1580/14788729333_cbe5de43d1_o.jpg,900,661,,"fish,whales"
4b4d8c68-1522-45fa-8864-5b931307f119,Visboek: Folio 265v and 266r,Adriaen Coenen,1580,/collections/adriaen-coenen-s-fish-book-1580/14765693211_05f110ee1d_o.jpg,900,661,,"fish,whales"
4fd6e9d6-ac04-444d-a10d-71e84d0ab056,Visboek: Folio 238v and 239r,Adriaen Coenen,1580,/collections/adriaen-coenen-s-fish-book-1580/14766501264_585564ed0b_o.jpg,900,661,,"fish,whales"
4fce0c6c-188d-41eb-9e9d-29eb717c0cb7,Visboek: Folio 75v and 76r,Adriaen Coenen,1580,/collections/adriaen-coenen-s-fish-book-1580/14582226768_bdc9c23f84_o.jpg,900,661,,"fish,whales"
5c8d328d-058e-4340-89fa-ae4171a02e8c,Visboek: Folio 49v and 50r,Adriaen Coenen,1580,/collections/adriaen-coenen-s-fish-book-1580/14768855505_28cd9b48c1_o.jpg,900,661,,fish
72bb8a3f-5f7e-4fe5-8f2b-928762befbeb,Visboek: Folio 259v and 260r,Adriaen Coenen,1580,/collections/adriaen-coenen-s-fish-book-1580/14768534192_f659b964ca_o.jpg,900,661,,"fish,whales"
79c0cb64-b315-4c4e-a8b5-845f777189bb,Visboek: Folio 52v and 53r,Adriaen Coenen,1580,/collections/adriaen-coenen-s-fish-book-1580/14766498994_925a3969b9_o.jpg,900,661,,fish
7b788999-e9c9-4fec-8cb9-d8a40ee494cf,Visboek: Folio 51v and 52r,Adriaen Coenen,1580,/collections/adriaen-coenen-s-fish-book-1580/14788727343_9479e69868_o.jpg,900,661,,"fish,whales"
92583307-0991-4c24-b6ec-152eda8e22d7,Visboek: Folio 326v and 327r,Adriaen Coenen,1580,/collections/adriaen-coenen-s-fish-book-1580/14582228868_e08f1d8b31_o.jpg,900,661,,fish
9470d7f4-1eb7-4b9a-96ca-d0b872eeda4f,Visboek: Folio 87v and 88r,Adriaen Coenen,1580,/collections/adriaen-coenen-s-fish-book-1580/14768533272_80f3803782_o.jpg,900,661,,"fish,whales"
9546ddbb-6e78-4155-8b88-fb643df29c46,Visboek: Folio 50v and 51r,Adriaen Coenen,1580,/collections/adriaen-coenen-s-fish-book-1580/14745849686_b6f8dde3c4_o.jpg,900,661,,fish
002fbe1d-273c-49d9-b124-2d29bbcf838e,Visboek: Folio 77v and 78r,Adriaen Coenen,1580,/collections/adriaen-coenen-s-fish-book-1580/14788728663_c656f8c613_o.jpg,900,662,,"fish,whales"
aa4eb625-ed7f-4324-aaa2-2585c87de6e8,Visboek: Folio 380v and 381r,Adriaen Coenen,1580,/collections/adriaen-coenen-s-fish-book-1580/14582220399_82fcefd004_o.jpg,900,662,,"fish,marine,seahorses"
bd13b5c9-f716-4067-9d39-61f670cecda2,Visboek: Folio 157v and 158r,Adriaen Coenen,1580,/collections/adriaen-coenen-s-fish-book-1580/14582151710_1542bee4d4_o.jpg,900,661,,"fish,whales"
bec6e586-185c-44d4-96b6-29ba5b076abf,Visboek: Folio 145v and 146r,Adriaen Coenen,1580,/collections/adriaen-coenen-s-fish-book-1580/14745851576_ced846f045_o.jpg,900,662,,"fish,whales"
d8e92193-f345-4689-be52-aab4ab4c6389,Visboek: Folio 293v and 294r,Adriaen Coenen,1580,/collections/adriaen-coenen-s-fish-book-1580/14768534532_888861bb5c_o.jpg,900,661,,"fish,whales"
f97208c1-704e-42c3-bca3-dbdf91efe56a,Visboek: Folio 309v and 310r,Adriaen Coenen,1580,/collections/adriaen-coenen-s-fish-book-1580/14582228688_612865cb67_o.jpg,900,662,,"fish,whales"
f5d7f697-c1cd-4e3f-82e8-859c35bd456e,Visboek: Folio 79v and 80r,Adriaen Coenen,1580,/collections/adriaen-coenen-s-fish-book-1580/14582151240_d5ae11b717_o.jpg,900,661,,"fish,whales"
f6b387ef-e225-4f15-96bf-73c3818e0ae0,Visboek: Folio 69v and 70r,Adriaen Coenen,1580,/collections/adriaen-coenen-s-fish-book-1580/14765691031_60fbaf066f_o.jpg,900,661,,"fish,whales"
f33fab17-c838-40c8-8cf7-aa548ae5ddcb,Visboek: Folio 48v and 49r,Adriaen Coenen,1580,/collections/adriaen-coenen-s-fish-book-1580/14768855265_db959747d5_o.jpg,900,661,,"fish,jellyfish,octopuses"
e8dfce7c-554a-4f62-a271-e1af04f0fc15,A plant and a fish.,,ca.1440,/collections/tractatus-de-herbis-ca-1440/13965772032_1614bf6752_b.jpg,570,863,,fish
9e1d2a24-29ae-467a-b1f4-0d91fab98e3c,Alexander the Great in the Air,,ca. 1400–10,/collections/a-selection-from-the-getty-s-open-content-program/9508152467_75d216ab42_o.jpg,600,606,,fish
dad7c0b9-178c-4c5f-9465-2a7d980a81e0,A Good Haul,,1917,/essays/canada-through-a-lens/9157320057_9e6facf144_o.jpg,800,511,,fish
fa0a4807-bc04-4b6d-a074-81ec46df7b4a,The mad squire and his fatal hunting,,18th century,/collections/the-world-turned-upside-down-18th-century/8597011945_3bba1eacf8_o.jpg,762,524,,"dogs,fish,horses"
180583e8-ba8c-4227-aa2c-591caa8446ca,Kintarō Riding the Carp,Tsukioka Yoshitoshi,1882,/collections/sketches-by-yoshitoshi-1882/8577909576_45b8a7a103_c.jpg,800,604,,fish
2c01965b-4039-4cf7-9d1d-68ae1d2157ea,Shiei Riding a Carp over the Sea,Tsukioka Yoshitoshi,1882,/collections/sketches-by-yoshitoshi-1882/8577903512_b97e2fd41d_c.jpg,800,606,,fish
9fff5135-539d-435c-a790-52c2e38ae793,Shōki Creeping Up on a Sleeping Demon,Tsukioka Yoshitoshi,1882,/collections/sketches-by-yoshitoshi-1882/8576803177_100fd3bd77_c.jpg,800,605,,fish
a6520a80-0a1b-41f2-9256-8d05dce9462c,Capricorn,,1482,/collections/the-hyginus-star-atlas-1482/7948977126_ae9b1cf1b3_o.jpg,450,674,,"fish,goats"
29aab129-fa21-4b73-b7aa-4d1a4ea2589f,Arrowhead,J. J. Grandville,1849,/collections/the-flowers-personified-1847/lesfleursanimees-0474.jpg,1035,1500,,fish
71a53fc2-9db3-4de6-88f1-d266c29f1cc3,Embalming Jar,Frederic Ruysch,1710,/collections/the-embalming-jars-of-frederik-ruysch/6754179639_8a2982e8a9_o.jpg,500,811,,"fish,marine,shells"
64ddc742-9625-42dd-a8e5-e66c15f87fe6,Title-page Design,Aubrey Beardsley,1894,/collections/aubrey-beardsley/beardsley-illustration-00021.jpg,2334,2990,,insects
30af5d6f-988c-41a5-bf0a-dcfed676b3b9,Contents-page Design,Aubrey Beardsley,1894,/collections/aubrey-beardsley/beardsley-illustration-00022.jpg,2450,2976,,insects
24bf7886-4928-4379-b871-8ec8becff4fa,Illustration concerning the arrangement of hives,Charles Butler,1623,/collections/history-of-bees/2023-1081_0049-edit.jpg,967,976,,"bees,insects"
7167bb62-f509-4e39-93ae-f2897312eded,Forget-me-not (Myosotis sylvatica),Master of Claude de France,ca. 1510–1515,/collections/book-of-flower-studies/DP-18128-002.jpg,2619,3940,,"butterflies,insects"
7d2cc71e-7721-445c-8d6d-d6fc0f299459,Marigold (Calendula arvensis),Master of Claude de France,ca. 1510–1515,/collections/book-of-flower-studies/DP-18128-003.jpg,2626,3958,,"butterflies,insects"
0beae2a6-8c4c-4131-9e56-a4ab10cd6c5f,Chicory (Cichorium intybus),Master of Claude de France,ca. 1510–1515,/collections/book-of-flower-studies/DP-18128-004.jpg,2633,3970,,insects
45762e3e-f354-4264-8f77-f3aeda5e3ecd,Snow in Summer (Cerastium tomentosum),Master of Claude de France,ca. 1510–1515,/collections/book-of-flower-studies/DP-18128-005.jpg,2638,3966,,"butterflies,insects"
31dec399-cbdd-4b80-9542-6162111c679e,Dark Mullein (Verbascum nigrum),Master of Claude de France,ca. 1510–1515,/collections/book-of-flower-studies/DP-18128-006.jpg,2648,3974,,insects
35bb459e-194b-4ea4-813c-0dd079490b60,Scottish Thistle (Onopordium acanthium),Master of Claude de France,ca. 1510–1515,/collections/book-of-flower-studies/DP-18128-008.jpg,2633,3955,,insects
1b116855-8e36-4303-8b61-c459b06cd0d5,Grapevine (Vitis vinifera),Master of Claude de France,ca. 1510–1515,/collections/book-of-flower-studies/DP-18128-009.jpg,2647,3953,,insects
70d2a36a-d52d-47db-9444-5d012925f582,Blue Pimpernel (Anagallis foemina),Master of Claude de France,ca. 1510–1515,/collections/book-of-flower-studies/DP-18128-010.jpg,2613,3904,,insects
921f5d11-a31b-433c-9b79-4a283ab2dc42,Red Carnation (Dianthus sp.),Master of Claude de France,ca. 1510–1515,/collections/book-of-flower-studies/DP-18128-012.jpg,2639,3918,,"butterflies,insects"
c1130b23-b2f7-4a0b-b71b-b81c8f9c7b2f,Sweet Violet (Viola odorata),Master of Claude de France,ca. 1510–1515,/collections/book-of-flower-studies/DP-18128-013.jpg,2616,3953,,insects
f7574fe8-838b-4c50-b662-d2ba926dae59,Saffron Crocus (Crocus sativus),Master of Claude de France,ca. 1510–1515,/collections/book-of-flower-studies/DP-18128-014.jpg,2657,3985,,insects
12a888ea-12d2-45db-9f8d-e5d7ab9ba11b,St. Peter's Keys (Primula veris),Master of Claude de France,ca. 1510–1515,/collections/book-of-flower-studies/DP-18128-015.jpg,2652,3980,,"butterflies,insects"
3ed986ba-59fd-4358-8b27-d88bf24c87c5,Wild Strawberry (Fragaria vesca),Master of Claude de France,ca. 1510–1515,/collections/book-of-flower-studies/DP-18128-016.jpg,2599,3960,,"caterpillars,insects"
1a61fb07-1f26-4bd2-8f85-440af6a99df7,Primrose (Primula vulgaris),Master of Claude de France,ca. 1510–1515,/collections/book-of-flower-studies/DP-18128-018.jpg,2619,3973,,"beetles,insects"
177ceae4-107d-4cd2-aec2-fde3eba1ccc3,Common Daisy (Bellis perennis),Master of Claude de France,ca. 1510–1515,/collections/book-of-flower-studies/DP-18128-019.jpg,2619,3967,,insects
cf913671-716b-457f-ae18-ac5aeb5c86b7,White Lily (Lilium candidum),Master of Claude de France,ca. 1510–1515,/collections/book-of-flower-studies/DP-18128-020.jpg,2611,3960,,insects
86d60d89-bb53-469d-b1dc-f8d0df6656a0,Heart's Ease Violet (Viola tricolor),Master of Claude de France,ca. 1510–1515,/collections/book-of-flower-studies/DP-18128-021.jpg,2618,3962,,insects
e4f005b1-f7bc-456d-bc9a-e86bb071b5ec,Corn Poppy (Papaver rhoeas),Master of Claude de France,ca. 1510–1515,/collections/book-of-flower-studies/DP-18128-022.jpg,2621,3990,,insects
b27e1efb-204e-440e-b847-a81591a275eb,Cornflower (Centaurea cyanus),Master of Claude de France,ca. 1510–1515,/collections/book-of-flower-studies/DP-18128-023.jpg,2626,4000,,"butterflies,insects"
6fae42ce-3d38-45f1-9992-17cbb1b760ce,Red Catchfly (Silene dioica),Master of Claude de France,ca. 1510–1515,/collections/book-of-flower-studies/DP-18128-024.jpg,2629,4000,,insects
79efcafb-dcbd-41bb-bd60-ee0451a4cdb3,Iris (Iris versicolor),Master of Claude de France,ca. 1510–1515,/collections/book-of-flower-studies/DP-18128-025.jpg,2639,4000,,insects
3fb905fa-e884-4189-aed0-61a819a02c2e,Borage (Borago officinalis),Master of Claude de France,ca. 1510–1515,/collections/book-of-flower-studies/DP-18128-026.jpg,2620,3997,,"beetles,insects"
4ad37903-1814-4ddf-bba0-6fb34dee9e80,Snowdrop (Galanthus nivalis),Master of Claude de France,ca. 1510–1515,/collections/book-of-flower-studies/DP-18128-027.jpg,2641,4000,,insects
1236147c-1361-4ae8-ab50-2112130c9dff,Dandelion (Taraxacum officinale),Master of Claude de France,ca. 1510–1515,/collections/book-of-flower-studies/DP-18128-028.jpg,2625,4000,,"caterpillars,insects"
96841d30-b76d-4bb0-932e-cfc8aba437d6,Foxglove (Digitalis purpurea),Master of Claude de France,ca. 1510–1515,/collections/book-of-flower-studies/DP-18128-029.jpg,2577,3995,,"butterflies,insects"
a8ebc286-ca41-4dbb-8695-fdef65937731,Autumn Buttercup (Ranunculus bullatus),Master of Claude de France,ca. 1510–1515,/collections/book-of-flower-studies/DP-18128-030.jpg,2642,4000,,"butterflies,insects"
205db2db-97ec-472a-9279-806525f8fb5a,St. Bernard's Lily (Anthericum liliago),Master of Claude de France,ca. 1510–1515,/collections/book-of-flower-studies/DP-18128-031.jpg,2567,4000,,"beetles,insects"
e6cc917e-e04c-4229-a879-0e72963934f2,Wild Pea (Pisum sativum),Master of Claude de France,ca. 1510–1515,/collections/book-of-flower-studies/DP-18128-032.jpg,2633,4000,,insects
970642d8-9b35-4f7c-9df8-a598577ac00c,Cultivated Daisy (Bellis perennis),Master of Claude de France,ca. 1510–1515,/collections/book-of-flower-studies/DP-18128-033.jpg,2563,3965,,insects
7f59dff9-c13e-4289-ba51-2e14cec3517b,Columbine (Aquilegia vulgaris),Master of Claude de France,ca. 1510–1515,/collections/book-of-flower-studies/DP-18128-034.jpg,2557,4000,,"butterflies,insects"
fa7443df-ebdd-40d7-8985-768a0b1146a9,White Rose of York (Rosa alba),Master of Claude de France,ca. 1510–1515,/collections/book-of-flower-studies/DP-18128-038.jpg,2677,4000,,"beetles,insects"
265b8200-dd7d-4c82-89eb-ece55f2636b0,"Fava Bean, fruits and flowers (Vicia faba)",Master of Claude de France,ca. 1510–1515,/collections/book-of-flower-studies/DP-18128-040.jpg,2667,4000,,"caterpillars,insects"
b8f04981-1cee-4f0f-a695-bd6d9a0ab66d,Snow-in-Summer (Cerastium tomentosum),Master of Claude de France,ca. 1510–1515,/collections/book-of-flower-studies/DP-18128-041.jpg,2654,4000,,insects
80014668-8b31-46ca-8d57-e6a2301dcdc6,"Stinger of a honey bee, magnified 25 times",Marinus Pieter Filbri,1887–88,/collections/marinus-pieter-filbri-microscopy/RP-F-F01133-AI.jpg,1400,1569,,"bees,insects"
72fbf91a-5d93-435d-828c-afc0a9c81b81,"Head of a mosquito, magnified 25 times",Marinus Pieter Filbri,1887–88,/collections/marinus-pieter-filbri-microscopy/RP-F-F01133-AJ.jpg,1415,1581,,insects
b4d903e8-0be8-4441-bed5-caab019a901a,"Swim leg of a backswimmer, magnified 25 times",Marinus Pieter Filbri,1887–88,/collections/marinus-pieter-filbri-microscopy/RP-F-F01133-AL.jpg,1451,1351,,insects
f21d9e84-f2a2-43cc-aa16-2f267ef624da,"Head of a moth, magnified 90 times",Marinus Pieter Filbri,1887–88,/collections/marinus-pieter-filbri-microscopy/RP-F-F01133-AO.jpg,1345,1422,,"insects,moths"
6c5cad74-15ab-4d4c-ae03-7f0d97307cb5,"Antenna of a moth, magnified 30 times",Marinus Pieter Filbri,1887–88,/collections/marinus-pieter-filbri-microscopy/RP-F-F01133-AP.jpg,1405,1361,,"insects,moths"
29f1cae8-db3b-460b-8579-2a00cf57bcaa,"Antenna of a June beetle, magnified 25 times",Marinus Pieter Filbri,1887–88,/collections/marinus-pieter-filbri-microscopy/RP-F-F01133-AR.jpg,1383,1442,,"beetles,insects"
b9873a3f-2959-44d2-8534-18415a3a6038,"Wing of a fly, magnified 30 times",Marinus Pieter Filbri,1887–88,/collections/marinus-pieter-filbri-microscopy/RP-F-F01133-AV.jpg,1325,1315,,insects
0ee9e896-5043-4dc3-ba5d-a81ecb42c359,"Wing of a mosquito, magnified 25 times",Marinus Pieter Filbri,1887–88,/collections/marinus-pieter-filbri-microscopy/RP-F-F01133-AZ.jpg,1329,1326,,insects
db71b3b7-d3a7-4db8-a9b8-405d06a4bd59,"Shell of an insect, magnified 25 times",Marinus Pieter Filbri,1887–88,/collections/marinus-pieter-filbri-microscopy/RP-F-F01133-BA.jpg,1365,1462,,insects
54176991-fe95-4bfc-bf09-3d9489555c62,"Leg of an insect, magnified 25 times",Marinus Pieter Filbri,1887–88,/collections/marinus-pieter-filbri-microscopy/RP-F-F01133-BB.jpg,1396,1438,,insects
e9b58869-4f03-4879-acc4-1a9477844641,"Fly’s eye, magnified 170 times",Marinus Pieter Filbri,1887–88,/collections/marinus-pieter-filbri-microscopy/RP-F-F01133-BS.jpg,1321,1326,,insects
5201eb50-b16f-495a-bf2b-83e677cb1429,"Flies eye, magnified 60 times",Marinus Pieter Filbri,1887–88,/collections/marinus-pieter-filbri-microscopy/RP-F-F01133-CD.jpg,1148,1170,,insects
ae02c82e-be0f-449f-9ad3-468e7f96e087,"Head of a fly, magnified 25 times",Marinus Pieter Filbri,1887–88,/collections/marinus-pieter-filbri-microscopy/RP-F-F01133-CF.jpg,1113,1083,,insects
c835256e-c105-4cf2-88db-770c0b5c0986,Cattle and Creeping Thing,Paul Nash,1924,/collections/paul-nash-s-genesis/10-Cattle-and-Creeping-Thing.jpg,2894,3678,,"cattle,insects"
3050b551-34bd-463f-9ce0-c1513bea083d,"Facsimile of the Codex Ríos, ca. after 1566",Agostino Aglio,1831–48,/collections/antiquities-of-mexico/antiquities-of-mexico-00032.jpg,3260,4223,,insects
10368c9f-620f-422d-9d9e-2208e6ecf9e9,“A strange-shaped bug”.,David Fairchild; Marian Fairchild,1914,/collections/book-of-monsters/bookofmonsters00smfair_0094.jpeg,2382,1484,,insects
17a24e15-e518-498c-9d15-504160fdbc00,“An American scarab”.,David Fairchild; Marian Fairchild,1914,/collections/book-of-monsters/bookofmonsters00smfair_0136.jpeg,2348,1494,,"beetles,insects"
27cc51bd-ff5b-4cd7-af4a-2d4025039bbc,“The cast off outer skeleton of a wolf-spider”.,David Fairchild; Marian Fairchild,1914,/collections/book-of-monsters/bookofmonsters00smfair_0030.jpeg,2388,1552,,"insects,spiders"
243ae8f0-da45-4f9d-8ba6-cefa0b1a4556,“The male grass spider”.,David Fairchild; Marian Fairchild,1914,/collections/book-of-monsters/bookofmonsters00smfair_0046.jpeg,2380,1464,,"insects,spiders"
22c4fe98-aa23-48ba-82fb-9ff27d559980,“A hippopotamus among the insects”.,David Fairchild; Marian Fairchild,1914,/collections/book-of-monsters/bookofmonsters00smfair_0132.jpeg,2386,1414,,"beetles,insects"
21408ea7-49e4-4ee5-9f4d-6c5f66550712,“A hairy spectacle”.,David Fairchild; Marian Fairchild,1914,/collections/book-of-monsters/bookofmonsters00smfair_0188.jpeg,2384,1344,,"caterpillars,insects"
26321e39-1e78-40d0-bb67-3a13ee30bf22,“The lace-winged fly”.,David Fairchild; Marian Fairchild,1914,/collections/book-of-monsters/bookofmonsters00smfair_0208.jpeg,2382,1478,,insects
3de43fdb-1d1c-4a4a-a7ce-497e735867c5,“The wolf-spider”.,David Fairchild; Marian Fairchild,1914,/collections/book-of-monsters/bookofmonsters00smfair_0028.jpeg,2390,1478,,"insects,spiders"
37650704-7a12-494c-bce3-30971cad4204,“The orb-weaving spider”.,David Fairchild; Marian Fairchild,1914,/collections/book-of-monsters/bookofmonsters00smfair_0038.jpeg,2382,1456,,"insects,spiders"
3c3e31e2-1040-49b2-84fb-73b49ca37f50,“A mature male spider”.,David Fairchild; Marian Fairchild,1914,/collections/book-of-monsters/bookofmonsters00smfair_0050.jpeg,2392,1490,,"insects,spiders"
342138ef-2c2b-4585-a91b-e1222cb4e209,“The robber fly”.,David Fairchild; Marian Fairchild,1914,/collections/book-of-monsters/bookofmonsters00smfair_0154.jpeg,2106,1490,,insects
37dadb5e-8cad-4ee9-b565-4cfc331afd02,“The larva of the skipper butterfly”.,David Fairchild; Marian Fairchild,1914,/collections/book-of-monsters/bookofmonsters00smfair_0180.jpeg,2388,1336,,"butterflies,insects"
3f719c41-51a7-41ef-9843-ae9fcb26fab3,“The worker bumble-bee”.,David Fairchild; Marian Fairchild,1914,/collections/book-of-monsters/bookofmonsters00smfair_0234.jpeg,2402,1510,,"bees,insects"
3f4d7979-c482-4797-a79d-8ae4c21442e0,The Long Camera with which the Monsters were Taken,David Fairchild; Marian Fairchild,1914,/collections/book-of-monsters/bookofmonsters00smfair_0014-camera-2.jpeg,1581,1320,,insects
4a1307c8-487d-42ef-9371-bd293a9b5710,“A butterfly’s mummy case”.,David Fairchild; Marian Fairchild,1914,/collections/book-of-monsters/bookofmonsters00smfair_0182.jpeg,2412,1394,,"butterflies,insects"
5578a992-0b59-4b76-8250-dd04f94caa93,“The jumping spider”.,David Fairchild; Marian Fairchild,1914,/collections/book-of-monsters/bookofmonsters00smfair_0024.jpeg,2384,1462,,"insects,spiders"
51c744a5-1f5a-4c47-9b89-2794b6ff2c7c,“A caterpillar devoured by a fungus”.,David Fairchild; Marian Fairchild,1914,/collections/book-of-monsters/bookofmonsters00smfair_0192.jpeg,2384,1310,,"caterpillars,insects"
6f5033bc-bfd1-4eb9-b372-95192921fdd2,“The larva of the swallow-tail butterfly”.,David Fairchild; Marian Fairchild,1914,/collections/book-of-monsters/bookofmonsters00smfair_0174.jpeg,1962,1378,,"butterflies,insects"
6f68eed8-e507-4479-af13-8f99a3d973f1,“The bald-faced hornet”.,David Fairchild; Marian Fairchild,1914,/collections/book-of-monsters/bookofmonsters00smfair_0218.jpeg,2082,1490,,insects
779c3694-663c-45f1-89c0-d56dfa33d19d,“The king grasshopper”.,David Fairchild; Marian Fairchild,1914,/collections/book-of-monsters/bookofmonsters00smfair_0058.jpeg,2404,1498,,insects
7f25e32f-4e3d-4651-ac44-be198fd26e31,“A centipede”.,David Fairchild; Marian Fairchild,1914,/collections/book-of-monsters/bookofmonsters00smfair_0262.jpeg,2284,1472,,insects
899d480d-566e-4e22-979b-015c67b7fa6c,“The praying mantis”.,David Fairchild; Marian Fairchild,1914,/collections/book-of-monsters/bookofmonsters00smfair_0088.jpeg,2370,1572,,insects
896ac044-0ca8-40b7-b4d6-b82f3cac28c4,“The June beetle larva”.,David Fairchild; Marian Fairchild,1914,/collections/book-of-monsters/bookofmonsters00smfair_0118.jpeg,2388,1456,,insects
8b087544-24de-4a74-a6f5-7a97864b884b,“The spotted vine chafer”.,David Fairchild; Marian Fairchild,1914,/collections/book-of-monsters/bookofmonsters00smfair_0128.jpeg,2296,1496,,insects
8d446b22-1137-49a7-a4c6-61d830ce5e33,“The blister beetle”.,David Fairchild; Marian Fairchild,1914,/collections/book-of-monsters/bookofmonsters00smfair_0130.jpeg,2392,1478,,"beetles,insects"
8f05cdd4-129f-478e-b01f-41f683f2cde7,“An unknown caterpillar”.,David Fairchild; Marian Fairchild,1914,/collections/book-of-monsters/bookofmonsters00smfair_0190.jpeg,2396,1302,,"caterpillars,insects"
8c658c7a-16da-4b8a-8c84-d9daa3806c23,“The queen hornet”.,David Fairchild; Marian Fairchild,1914,/collections/book-of-monsters/bookofmonsters00smfair_0220.jpeg,2380,1440,,insects
97eb414f-7ddc-4e07-99f3-ffa918a72cef,“The orb-weaving spider”.,David Fairchild; Marian Fairchild,1914,/collections/book-of-monsters/bookofmonsters00smfair_0036.jpeg,2388,1446,,"insects,spiders"
0c4eeabf-c5c3-4316-8543-57a46797a9d0,“A young grasshopper’s skeleton”.,David Fairchild; Marian Fairchild,1914,/collections/book-of-monsters/bookofmonsters00smfair_0062.jpeg,2396,1406,,insects
00d90f12-f281-4169-a4cd-96c32dc695c0,“The grasshopper’s hearing organ”.,David Fairchild; Marian Fairchild,1914,/collections/book-of-monsters/bookofmonsters00smfair_0068.jpeg,2216,1478,,insects
0acfe1cf-72c1-47fe-a10d-886550256ba2,“The short-winged green locust”.,David Fairchild; Marian Fairchild,1914,/collections/book-of-monsters/bookofmonsters00smfair_0070.jpeg,2392,1548,,insects
0d6db57c-f1d5-40e6-b553-f4288bcd83a1,“The mole cricket”.,David Fairchild; Marian Fairchild,1914,/collections/book-of-monsters/bookofmonsters00smfair_0084.jpeg,2342,1486,,insects
0c5c1eb5-1344-4505-a302-02bc1ffa5b29,“The squash bug”.,David Fairchild; Marian Fairchild,1914,/collections/book-of-monsters/bookofmonsters00smfair_0092.jpeg,2394,1074,,insects
0e541970-9637-4e05-9a53-051b690dff4e,“An assassination”.,David Fairchild; Marian Fairchild,1914,/collections/book-of-monsters/bookofmonsters00smfair_0102.jpeg,2276,1486,,insects
0bf16af4-6b3d-42cb-becc-c112fab241bc,“The sawyer“.,David Fairchild; Marian Fairchild,1914,/collections/book-of-monsters/bookofmonsters00smfair_0140.jpeg,2396,1492,,insects
ac3a82fb-2a79-4f3d-b053-34675063bb1a,“A baby grasshopper”.,David Fairchild; Marian Fairchild,1914,/collections/book-of-monsters/bookofmonsters00smfair_0060.jpeg,2392,1408,,insects
a224cca4-7abd-4f0a-b46f-04f1b2571b32,“The ground cricket”.,David Fairchild; Marian Fairchild,1914,/collections/book-of-monsters/bookofmonsters00smfair_0080.jpeg,2270,1500,,insects
a4489773-a786-4444-bcc2-984a82fab7e6,“A millipede”.,David Fairchild; Marian Fairchild,1914,/collections/book-of-monsters/bookofmonsters00smfair_0260.jpeg,2370,1466,,insects
b77b5ae3-0f78-4c11-8643-912b63c7d338,“The thread-legged bug”.,David Fairchild; Marian Fairchild,1914,/collections/book-of-monsters/bookofmonsters00smfair_0098.jpeg,2134,1492,,insects
b0ba1fa8-9278-4a5e-98a4-0205e42da37d,“The twig pruner”.,David Fairchild; Marian Fairchild,1914,/collections/book-of-monsters/bookofmonsters00smfair_0122.jpeg,2390,1532,,insects
c7cc66a4-ef9d-422f-a94a-2d015aa2519c,“The katydid”.,David Fairchild; Marian Fairchild,1914,/collections/book-of-monsters/bookofmonsters00smfair_0072.jpeg,2148,1478,,insects
c421ba7e-a5ae-4f8c-923f-c49d4f85b7f0,“The June bug”.,David Fairchild; Marian Fairchild,1914,/collections/book-of-monsters/bookofmonsters00smfair_0120.jpeg,2388,1504,,insects
cafcc558-19ef-4f4d-b91f-25c233845cad,“The large syrphid fly”.,David Fairchild; Marian Fairchild,1914,/collections/book-of-monsters/bookofmonsters00smfair_0164.jpeg,2372,1464,,insects
cd32fea8-c497-4709-b409-cf1fd26e7d54,“The dragon-fly and its victim”.,David Fairchild; Marian Fairchild,1914,/collections/book-of-monsters/bookofmonsters00smfair_0198.jpeg,2126,1498,,insects
c8d6b0c1-3e61-44c8-9d85-a3ed64acf4c8,“A solitary leaf-cutting bee”.,David Fairchild; Marian Fairchild,1914,/collections/book-of-monsters/bookofmonsters00smfair_0244.jpeg,2394,1498,,"bees,insects"
ce38a10f-fd58-443f-b234-0446907d83fc,“The black ant”.,David Fairchild; Marian Fairchild,1914,/collections/book-of-monsters/bookofmonsters00smfair_0250.jpeg,2284,1488,,insects
d786d062-24c8-4548-bf9a-6a6d7b5c1669,“A spider from a fly’s point of view”.,David Fairchild; Marian Fairchild,1914,/collections/book-of-monsters/bookofmonsters00smfair_0040.jpeg,2392,1422,,"insects,spiders"
d7d37deb-b131-4de9-8049-ec265b4c8a87,“A grasshopper”.,David Fairchild; Marian Fairchild,1914,/collections/book-of-monsters/bookofmonsters00smfair_0066.jpeg,2228,1466,,insects
d163e560-7726-47f6-acc3-e95c56aeb73a,“The cricket of the hearth”.,David Fairchild; Marian Fairchild,1914,/collections/book-of-monsters/bookofmonsters00smfair_0078.jpeg,2384,1320,,insects
d6f46b89-9fe5-4a04-93d3-eda3ba6c4b25,“The longhorn beetle”.,David Fairchild; Marian Fairchild,1914,/collections/book-of-monsters/bookofmonsters00smfair_0134.jpeg,2404,1438,,"beetles,insects"
d3ead350-7ceb-4663-ac2f-2b3fecb6b3a0,“The green-headed horse fly”.,David Fairchild; Marian Fairchild,1914,/collections/book-of-monsters/bookofmonsters00smfair_0170.jpeg,2386,1428,,insects
d9df8c75-ff13-4fd6-b00f-bceffb85adf4,“Not good to eat”.,David Fairchild; Marian Fairchild,1914,/collections/book-of-monsters/bookofmonsters00smfair_0186.jpeg,2392,1432,,"caterpillars,insects"
d1d91aed-5825-4047-ba34-adffdd492db0,“One of the social wasps”.,David Fairchild; Marian Fairchild,1914,/collections/book-of-monsters/bookofmonsters00smfair_0224.jpeg,2370,1486,,insects
d32d81f3-01d2-40fd-9926-41ed23ff2fcb,“The cow killer or velvet ant”.,David Fairchild; Marian Fairchild,1914,/collections/book-of-monsters/bookofmonsters00smfair_0232.jpeg,2386,1136,,insects
ef99ca79-aef1-4201-97df-276538e7b265,“A jumping spider ready to spring from a leaf”.,David Fairchild; Marian Fairchild,1914,/collections/book-of-monsters/bookofmonsters00smfair_0026.jpeg,2366,1478,,"insects,spiders"
ed5cdda5-6d11-4139-93c4-bdadb4b5f205,“The cicada”.,David Fairchild; Marian Fairchild,1914,/collections/book-of-monsters/bookofmonsters00smfair_0104.jpeg,2392,1474,,insects
ebb06ca2-a488-4270-92df-bf09241e9098,“The robber fly”.,David Fairchild; Marian Fairchild,1914,/collections/book-of-monsters/bookofmonsters00smfair_0148.jpeg,2336,1474,,insects
e7875aed-e384-4711-af17-e8b9b7284b8b,“The bee fly”.,David Fairchild; Marian Fairchild,1914,/collections/book-of-monsters/bookofmonsters00smfair_0160.jpeg,2114,1492,,insects
e07830a7-9906-4376-b12c-b7b1862f678e,“The damsel fly”.,David Fairchild; Marian Fairchild,1914,/collections/book-of-monsters/bookofmonsters00smfair_0206.jpeg,2214,1492,,insects
f9f6da50-7edd-41c6-80dd-52839189ca0f,“The brown butterfly”.,David Fairchild; Marian Fairchild,1914,/collections/book-of-monsters/bookofmonsters00smfair_0176.jpeg,2254,1500,,"butterflies,insects"
f8c59f3e-78c0-4752-a0ff-35b5a4118228,“A mud dauber wasp”.,David Fairchild; Marian Fairchild,1914,/collections/book-of-monsters/bookofmonsters00smfair_0226.jpeg,2396,1344,,insects
1444ec59-7cb9-4799-8377-6c52064bdc30,,Maria Sibylla Merian,1705,/collections/merian-metamorphosis/Merian_Metamorphosis_00019.jpg,3664,5048,,"beetles,butterflies,caterpillars,insects"
2ea651ee-4c2b-42c2-8907-22db1440f992,,Maria Sibylla Merian,1705,/collections/merian-metamorphosis/Merian_Metamorphosis_00012.jpg,3608,4656,,"butterflies,caterpillars,insects"
39c67357-3281-41ed-976c-dcbad5ffd210,,Maria Sibylla Merian,1705,/collections/merian-metamorphosis/Merian_Metamorphosis_00022.jpg,3601,4696,,"butterflies,caterpillars,entomology,insects"
331031ee-5a8e-48ee-b037-1dfe2ac3dda2,,Maria Sibylla Merian,1705,/collections/merian-metamorphosis/Merian_Metamorphosis_00006.jpg,3840,4872,,"butterflies,caterpillars,insects,moths"
3ab0733b-c95c-4e37-abae-a31657524aa2,,Maria Sibylla Merian,1705,/collections/merian-metamorphosis/Merian_Metamorphosis_00002.jpg,3729,5751,,"butterflies,caterpillars,insects"
5d565a65-6470-47f9-8551-7c281adf6686,,Maria Sibylla Merian,1705,/collections/merian-metamorphosis/Merian_Metamorphosis_00028.jpg,3848,5136,,"butterflies,caterpillars,insects"
597bd332-e39f-4307-b6e1-46672014a4c4,,Maria Sibylla Merian,1705,/collections/merian-metamorphosis/Merian_Metamorphosis_00023.jpg,3608,5288,,"butterflies,caterpillars,insects,moths"
5ef2f729-b5b0-4526-b75a-9178da9d74b3,,Maria Sibylla Merian,1705,/collections/merian-metamorphosis/Merian_Metamorphosis_00013.jpg,4016,5240,,"butterflies,caterpillars,insects,spiders"
5a90f382-ae7a-41fc-8aec-f2544382b8b6,,Maria Sibylla Merian,1705,/collections/merian-metamorphosis/Merian_Metamorphosis_00003.jpg,3806,4656,,"butterflies,caterpillars,insects"
67bf8b2e-08a1-40e6-b751-a230b6ce726c,,Maria Sibylla Merian,1705,/collections/merian-metamorphosis/Merian_Metamorphosis_00021.jpg,3560,4808,,"butterflies,caterpillars,insects"
7bf94a69-714f-4db9-99ea-c411c802b333,,Maria Sibylla Merian,1705,/collections/merian-metamorphosis/Merian_Metamorphosis_00034.jpg,3552,4632,,"beetles,butterflies,caterpillars,entomology,insects"
7bf7b38d-36ce-4d70-b6fa-ea9b751975f5,,Maria Sibylla Merian,1705,/collections/merian-metamorphosis/Merian_Metamorphosis_00025.jpg,3689,4904,,"butterflies,caterpillars,entomology,insects,moths"
8f464ad3-bafa-46ff-a9f4-48fb9632290b,,Maria Sibylla Merian,1705,/collections/merian-metamorphosis/Merian_Metamorphosis_00024.jpg,3312,4136,,"butterflies,caterpillars,insects"
970804cd-a593-4165-8cc0-ef4257298f5f,,Maria Sibylla Merian,1705,/collections/merian-metamorphosis/Merian_Metamorphosis_00036.jpg,3648,5312,,"butterflies,caterpillars,insects,moths"
9c85b969-24ac-4e2e-8e3e-bcc3dc37f66b,,Maria Sibylla Merian,1705,/collections/merian-metamorphosis/Merian_Metamorphosis_00031.jpg,3344,4112,,"butterflies,caterpillars,insects,moths"
991b4fe5-639e-41ff-b074-330054f64288,,Maria Sibylla Merian,1705,/collections/merian-metamorphosis/Merian_Metamorphosis_00029.jpg,3849,4920,,"butterflies,caterpillars,insects"
0f8cfbb4-9625-4ebe-ba88-7f906e0c17ff,,Maria Sibylla Merian,1705,/collections/merian-metamorphosis/Merian_Metamorphosis_00027.jpg,3432,4424,,"butterflies,caterpillars,insects,moths"
a2e530a5-a211-4463-bd51-6a508ef0d80e,,Maria Sibylla Merian,1705,/collections/merian-metamorphosis/Merian_Metamorphosis_00018.jpg,3481,4496,,"butterflies,caterpillars,entomology,insects"
a4604f29-c388-45a7-ae47-34b465b86947,,Maria Sibylla Merian,1705,/collections/merian-metamorphosis/Merian_Metamorphosis_00015.jpg,3744,5176,,"butterflies,caterpillars,entomology,insects,moths"
b2a42051-1e02-4059-9759-34d655d75543,,Maria Sibylla Merian,1705,/collections/merian-metamorphosis/Merian_Metamorphosis_00017.jpg,3672,5072,,"butterflies,caterpillars,insects"
b304a5cd-df14-4d09-8fba-0143397ac0d4,,Maria Sibylla Merian,1705,/collections/merian-metamorphosis/Merian_Metamorphosis_00016.jpg,3729,5120,,"butterflies,caterpillars,insects"
c92dab18-645f-4172-9a0e-4a11d9bfd50e,,Maria Sibylla Merian,1705,/collections/merian-metamorphosis/Merian_Metamorphosis_00020.jpg,3600,4552,,"butterflies,caterpillars,insects"
d0276d72-b754-417c-bdf5-5bdec81a111b,,Maria Sibylla Merian,1705,/collections/merian-metamorphosis/Merian_Metamorphosis_00033.jpg,3665,4800,,"butterflies,caterpillars,insects,moths"
dec5c65c-2218-446f-94eb-2d9d7b88a23b,,Maria Sibylla Merian,1705,/collections/merian-metamorphosis/Merian_Metamorphosis_00011.jpg,3534,4928,,"butterflies,caterpillars,insects"
e67d0923-1ff9-44f5-8f7b-0d6c61526079,,Maria Sibylla Merian,1705,/collections/merian-metamorphosis/Merian_Metamorphosis_00039.jpg,3640,5104,,"amphibians,butterflies,caterpillars,frogs,insects"
e0a6ee43-cee5-4c56-8fc7-608126d3b5e4,,Maria Sibylla Merian,1705,/collections/merian-metamorphosis/Merian_Metamorphosis_00037.jpg,3696,5296,,"butterflies,caterpillars,insects"
e9a970df-cf9b-4df5-af08-5c1fec6dba9d,,Maria Sibylla Merian,1705,/collections/merian-metamorphosis/Merian_Metamorphosis_00004.jpg,3848,5048,,"butterflies,caterpillars,insects,lizards,moths"
fed49f64-66c6-4a52-9e76-e0800592cd7b,,Maria Sibylla Merian,1705,/collections/merian-metamorphosis/Merian_Metamorphosis_00038.jpg,3272,4672,,"butterflies,caterpillars,insects,moths"
f136c620-68af-489d-b067-e342f7de1e45,,Maria Sibylla Merian,1705,/collections/merian-metamorphosis/Merian_Metamorphosis_00030.jpg,3497,4424,,"butterflies,caterpillars,insects"
f9456bdc-be58-4726-85b0-4c176f499410,,Maria Sibylla Merian,1705,/collections/merian-metamorphosis/Merian_Metamorphosis_00010.jpg,3553,4944,,"butterflies,caterpillars,insects"
f8733955-3c18-47f6-b45c-f15bec383ccd,,Maria Sibylla Merian,1705,/collections/merian-metamorphosis/Merian_Metamorphosis_00008.jpg,3785,5104,,"butterflies,caterpillars,insects,moths"
301d6c50-df19-4b6b-9b79-e368fcaf7f89,Blackwork print of design for a beetle-shaped pendant,Jean Toutin,1619,/collections/blackwork/blackwork-23.jpg,2800,3781,,insects
aedc5e54-4e23-4ca8-8914-d9c37ea7f3ce,“Death is the line that marks the end of all”,Joris Hoefnagel,1592,/shop/nov-2023-prints-00002.jpg,1200,904,,"caterpillars,insects,moths"
a851fe25-ee4a-4e44-adeb-78f36f5015d5,“Men in the world of today are bugs.”,C. P. Cranch,ca. 1837–39,/collections/cranch-new-philosophy/cranch-philosophy-6.jpg,2397,777,,insects
166491c7-95b3-43df-b10d-853cdcbc0a79,Willow mallow seed,Martin Frobenius Ledermüller,1764–8,/collections/microscopic-delights/3lede-0035.jpg,1227,1500,,"entomology,insects"
1b88b9e6-82fd-4d67-95bb-97d052166e47,String and spiders web,Martin Frobenius Ledermüller,1764–8,/collections/microscopic-delights/2lede-0021.jpg,1117,1500,,"entomology,insects,spiders"
1b38d011-d320-4873-8a6b-34eeb5808434,Coral salt,Martin Frobenius Ledermüller,1764–8,/collections/microscopic-delights/lede_0177_4.jpg,1116,1500,,"entomology,insects"
19c3ff5e-120c-432a-9623-38e14be38428,Flea,Martin Frobenius Ledermüller,1764–8,/collections/microscopic-delights/1lede-0103.jpg,1070,1500,,"entomology,insects"
2c793994-a796-4cf3-8cb9-9ebf6df828e5,Moth mouth parts,Martin Frobenius Ledermüller,1764–8,/collections/microscopic-delights/3lede-0129.jpg,1065,1500,,"entomology,insects,moths"
359f00be-61fd-4a37-b84e-5dd53dd914e5,Frog mesentery,Martin Frobenius Ledermüller,1764–8,/collections/microscopic-delights/1lede-0015.jpg,1046,1500,,"entomology,frogs,insects"
470557f4-ca56-463b-a968-1ca027be0900,Hydras,Martin Frobenius Ledermüller,1764–8,/collections/microscopic-delights/2lede-0171.jpg,1171,1500,,"entomology,insects"
6f36c62f-c58b-482f-92cc-f6de6ebf2cff,Moss,Martin Frobenius Ledermüller,1764–8,/collections/microscopic-delights/1lede-0075.jpg,1053,1500,,"entomology,insects"
7564de5a-cb67-466b-8b91-76578b1e743c,Tongue,Martin Frobenius Ledermüller,1764–8,/collections/microscopic-delights/2lede-0213.jpg,1164,1500,,"entomology,insects"
7fcebef4-29a8-4a7b-88b7-f84e4d8f60b6,Hydras,Martin Frobenius Ledermüller,1764–8,/collections/microscopic-delights/2lede-0145.jpg,1158,1500,,"entomology,insects"
7ba3a24f-0714-4ac2-bba4-ad103630b4bd,Butterfly eggs,Martin Frobenius Ledermüller,1764–8,/collections/microscopic-delights/1lede-0081.jpg,1038,1500,,"butterflies,entomology,insects"
86149c62-2124-44fd-822a-2b2574133a4c,Ovipositor of female fly,Martin Frobenius Ledermüller,1764–8,/collections/microscopic-delights/3lede-0157.jpg,1118,1500,,"entomology,insects"
81e976b9-88e8-4222-af42-4d159669b951,Cornea of cockchafer,Martin Frobenius Ledermüller,1764–8,/collections/microscopic-delights/2lede-0031.jpg,1212,1500,,"entomology,insects"
80985c8b-564a-4171-84b3-89010c80fc79,Taffeta,Martin Frobenius Ledermüller,1764–8,/collections/microscopic-delights/1lede-0123.jpg,1028,1500,,"entomology,insects"
9df85c91-0d5b-4d02-8764-e1c7960ca2ca,Butterfly wing eyespot,Martin Frobenius Ledermüller,1764–8,/collections/microscopic-delights/2lede-0141.jpg,1085,1500,,"butterflies,entomology,insects"
96086265-79ee-4537-a94b-006e287cf9ba,Butterfly wing scales,Martin Frobenius Ledermüller,1764–8,/collections/microscopic-delights/1lede_0057_2.jpg,1036,1500,,"butterflies,entomology,insects"
04378321-2fe3-4f60-92b2-2ff7879c1b0c,Globules from Arimini sea,Martin Frobenius Ledermüller,1764–8,/collections/microscopic-delights/2lede-0167.jpg,1104,1500,,"entomology,insects"
0bfbeea3-6e46-43b5-b4a4-7a0ad7dbe8d4,Tip of needle and stinger of bee,Martin Frobenius Ledermüller,1764–8,/collections/microscopic-delights/1lede-0195.jpg,1048,1500,,"bees,entomology,insects"
02d31ba1-1653-4915-a7d9-f84021d91e4b,Piece of sponge,Martin Frobenius Ledermüller,1764–8,/collections/microscopic-delights/1lede-0063.jpg,1046,1500,,"entomology,insects"
0335bd93-04e6-41a7-bfe6-15f5aa5cda90,Mold of red grapes,Martin Frobenius Ledermüller,1764–8,/collections/microscopic-delights/1lede-0021.jpg,1041,1500,,"entomology,insects"
ac8ce3de-9517-4322-a55a-0c7faa947935,Fly wing,Martin Frobenius Ledermüller,1764–8,/collections/microscopic-delights/2lede-0019.jpg,1151,1500,,"entomology,insects"
b68ac074-5f64-46eb-80e9-5e375494e5ab,Bug,Martin Frobenius Ledermüller,1764–8,/collections/microscopic-delights/2lede-0015.jpg,1128,1500,,"entomology,insects"
c873172b-71bd-400c-8e8f-fb6b0d145b84,Fly,Martin Frobenius Ledermüller,1764–8,/collections/microscopic-delights/3lede-0255.jpg,1500,1222,,"entomology,insects"
c1c52fed-f75a-4179-bf47-462ae3e1c74c,Harlequin or Monocle insects,Martin Frobenius Ledermüller,1764–8,/collections/microscopic-delights/2lede-0117.jpg,1088,1500,,"entomology,insects"
c8573f0b-825b-43aa-96f0-3c47c595bd59,Antlion pincers,Martin Frobenius Ledermüller,1764–8,/collections/microscopic-delights/1lede-0213.jpg,1153,1500,,"entomology,insects"
c2d6f684-81e3-48e8-850d-8b3c79628725,Tongue and stinger of bee,Martin Frobenius Ledermüller,1764–8,/collections/microscopic-delights/1lede-0199.jpg,1118,1500,,"bees,entomology,insects"
c991520c-d7bf-4157-9293-8cd89c3f219d,Saltpeter,Martin Frobenius Ledermüller,1764–8,/collections/microscopic-delights/1lede-0157.jpg,1141,1500,,"entomology,insects"
c846704d-e127-498a-8012-745726db1f67,Drop of urine,Martin Frobenius Ledermüller,1764–8,/collections/microscopic-delights/1lede-0077.jpg,1058,1500,,"entomology,insects"
d226e64c-97a0-491f-a0a4-c91e2fd89313,Small aquatic insect,Martin Frobenius Ledermüller,1764–8,/collections/microscopic-delights/1lede-0187.jpg,1130,1500,,"entomology,insects"
e6c81ef2-4583-4997-8847-05545e619ecf,Head of fly,Martin Frobenius Ledermüller,1764–8,/collections/microscopic-delights/3lede-0167.jpg,1054,1500,,"entomology,insects"
e458e204-8913-4b45-ad07-c739d1391d3c,Wing scales of the Night Owl moth,Martin Frobenius Ledermüller,1764–8,/collections/microscopic-delights/2lede-0071.jpg,1146,1500,,"entomology,insects,moths"
e75435ae-9b8e-4f2a-9497-d3b5687da352,Mollusc shells,Martin Frobenius Ledermüller,1764–8,/collections/microscopic-delights/1lede-0029.jpg,1031,1500,,"entomology,insects,shells"
f9073963-b172-455e-8118-79b6c823e440,Underwing of the Cabbage butterfly,Martin Frobenius Ledermüller,1764–8,/collections/microscopic-delights/1lede-0071.jpg,1069,1500,,"butterflies,entomology,insects"
66e534ea-3a5c-4609-a64c-698c8a820367,Pine-Tuft Caterpillar and Porcelain-White Spider,Gerald H. Thayer,1909,/collections/concealing-coloration/concealing-coloration-16.jpg,1192,1500,,"caterpillars,insects,spiders"
a95d4dbb-d98a-46e2-bfe9-46345ddf8968,"Various caterpillars, some passing for the leaves on which they are feeding",Gerald H. Thayer,1909,/collections/concealing-coloration/concealing-coloration-13.jpg,1164,1500,,"caterpillars,insects"
c94d802f-9b09-49a3-8686-8f73107954b8,Luna Caterpillar and Sphinx Caterpillar,Gerald H. Thayer,1909,/collections/concealing-coloration/concealing-coloration-12.jpg,1217,1500,,"caterpillars,insects"
d37020b7-3aeb-4837-b60d-737f123ddd90,"Unspotted Beach-Leaf-Edge , Oak-Leaf-Edge, and Crumpled-and-Withered-Leaf-Edge-Mimicking Caterpillars.",Gerald H. Thayer,1909,/collections/concealing-coloration/concealing-coloration-14.jpg,1127,1500,,"caterpillars,insects"
e1d6fd35-4dec-4296-a0b7-491040470854,"Crumped-Leaf Caterpillar and Curled-Dead-Leaf-Mimicking Sphinx Caterpillar, in Position",Gerald H. Thayer,1909,/collections/concealing-coloration/concealing-coloration-15.jpg,1299,1500,,"caterpillars,insects"
6040b74f-d8e4-4885-bb2d-4336dbdfcc68,The Combat of the Dragons,Daniel Carter Beard,1894,/essays/colonizing-the-cosmos/01-astor-dragons-frame.jpeg,1472,903,,insects
0cd1dad6-54a8-4a1b-b484-67c179c82dc5,,Philipp Hainhofer,1596–1633,/collections/hainhofer-stammbuch/hainhofer-stammbuch-158.jpg,1400,924,,"insects,marine,shells"
2091e91e-a684-4750-95ce-68159830b671,"Flowers And Structures Beautiful, Insects Gorgeous.",John Augustus Knapp,1895,/collections/etidorhpa/etidorhpaorendof00lloy_0329.jpg,1000,1400,,insects
a71a89e7-fcea-4400-baaa-a21a43f6033e,Vase of Flowers,Jan Davidsz de Heem,ca. 1660,/shop/oct_19_new_prints_00113.jpg,974,1200,,"butterflies,insects"
2d2b07c9-72ef-410f-a6f0-d2ccbf48220f,Tsuba made from yellow bronze with silver inlaid grid pattern and a large butterfly in high shakudō relief.,Georg Oeder,1916,/collections/photographs-of-japanese-sword-guards-1916//48782420551_5701824508_o.jpg,600,615,,insects
e778c8f0-e3b2-488c-bb96-1313d7b52cdc,Tsuba made from yellow bronze. Raised inlays of various metals with a fire salamander and two small bugs.,Georg Oeder,1916,/collections/photographs-of-japanese-sword-guards-1916//48782058563_73965aacfe_o.jpg,600,636,,"insects,lizards"
db44a7b0-4300-4bd8-84e4-b1875f0e4093,"Ring shaped gem depicting a hybrid figure, a mix of a butterfly and a male youth.",Filippo Palizzi,1778,/collections/curiosities-from-the-museum-of-giovanni-carafa-1778/39073185565_c6a132fe72_b.jpg,650,915,,"butterflies,insects"
10d59228-3aa5-440e-b9aa-41fc4c405244,,,1837,/collections/images-from-german-caterpillar-calendar-1837/39727180051_661bac3a57_o.jpg,700,1280,,"caterpillars,entomology,insects"
29c5a628-3ef5-46d6-87d9-199e1c5fd55b,,,1837,/collections/images-from-german-caterpillar-calendar-1837/39727181061_10e8579994_o.jpg,700,1268,,"caterpillars,entomology,insects"
52f7cf6e-d666-4fe3-98d7-b9666714c124,,,1837,/collections/images-from-german-caterpillar-calendar-1837/39727179921_8559e57ae6_o.jpg,700,1282,,"caterpillars,entomology,insects"
532ff42a-0f06-4575-8739-7e70ffc89a7c,,,1837,/collections/images-from-german-caterpillar-calendar-1837/39727182011_591f2c672a_o.jpg,700,1287,,"caterpillars,entomology,insects"
6dcbaf6f-9286-4650-8271-05699569d65d,,,1837,/collections/images-from-german-caterpillar-calendar-1837/25855316708_5fefdde78b_o.jpg,700,1243,,"caterpillars,entomology,insects"
7373ca0e-1e1e-4429-947e-c093bf11d877,,,1837,/collections/images-from-german-caterpillar-calendar-1837/39727179781_d9ae681af7_o.jpg,700,1264,,"caterpillars,entomology,insects"
943bb646-c46a-4e9a-ad26-d693143574d8,,,1837,/collections/images-from-german-caterpillar-calendar-1837/39727183241_5d951a96a9_o.jpg,700,1257,,"caterpillars,entomology,insects"
9c30f2b8-8e20-46f2-8f80-bf311cc26052,,,1837,/collections/images-from-german-caterpillar-calendar-1837/25855318418_3bb80253e4_o.jpg,700,1093,,"butterflies,caterpillars,entomology,insects"
057e4932-e0fc-4b9a-894d-164a07a9ec73,,,1837,/collections/images-from-german-caterpillar-calendar-1837/39727181781_e3f5853bd1_o.jpg,700,1302,,"caterpillars,entomology,insects"
00669086-8759-4b8f-a6f3-7d0638644a7a,,,1837,/collections/images-from-german-caterpillar-calendar-1837/25855317678_1fa4fd5a50_o.jpg,700,1258,,"caterpillars,entomology,insects"
ac67cfac-f906-4189-b21b-40c65a29d18d,,,1837,/collections/images-from-german-caterpillar-calendar-1837/39727178521_328875563d_o.jpg,700,1311,,"caterpillars,entomology,insects"
b74ff154-dd20-4cd4-bb8c-2c70764a2730,,,1837,/collections/images-from-german-caterpillar-calendar-1837/25855316048_3d6a6a891f_o.jpg,700,1346,,"caterpillars,entomology,insects"
c7ece508-b6a1-4f0d-b2d5-e6bb92b2497a,,,1837,/collections/images-from-german-caterpillar-calendar-1837/39727179181_420178f51d_o.jpg,700,1284,,"caterpillars,entomology,insects"
da99ddf8-58d2-4fec-899c-b5690efd256e,,,1837,/collections/images-from-german-caterpillar-calendar-1837/38828920645_9257ca4777_o.jpg,700,1272,,"caterpillars,entomology,insects"
d5154cc3-49a7-4b49-b699-a991b915a972,,,1837,/collections/images-from-german-caterpillar-calendar-1837/25855317548_bb89721a25_o.jpg,700,1288,,"caterpillars,entomology,insects"
e182e09d-d666-4a42-a730-c70c8a62484e,,,1837,/collections/images-from-german-caterpillar-calendar-1837/39727182161_fe74e49301_o.jpg,700,1294,,"caterpillars,entomology,insects"
efdeffd3-0d04-475b-b040-ad317e32aa90,,,1837,/collections/images-from-german-caterpillar-calendar-1837/25855317998_8816c2800b_o.jpg,700,1279,,"caterpillars,entomology,insects"
fdf2bd5c-7d42-4dce-84bc-b261b185ceed,,,1837,/collections/images-from-german-caterpillar-calendar-1837/25855317068_900c01b87d_o.jpg,700,1269,,"caterpillars,entomology,insects"
20913f7f-c824-4bea-bd80-d560a9d98f05,"Spider, Love-in-a-Mist, Potter Wasp, and Red Currant.",Joris Hoefnagel; Georg Bocskay,1561–1596,/collections/the-model-book-of-calligraphy-1561-1596/38207281692_e23f20eae1_o.jpg,680,986,,insects
59278115-bdef-4b07-baf2-89794743ebc4,"Water Gnat, Martagon Lily, Yellow-Bellied Toad, and European Screw Shell.",Joris Hoefnagel; Georg Bocskay,1561–1596,/collections/the-model-book-of-calligraphy-1561-1596/38207287852_ee0e8d2371_o.jpg,680,986,,insects
739cda6d-5418-415b-9837-521e921aba10,"Opium Poppy, Bladder Campion, and Broad Bean",Joris Hoefnagel; Georg Bocskay,1561–1596,/collections/the-model-book-of-calligraphy-1561-1596/38207263222_2f07a68364_o.jpg,680,986,,insects
86123a96-de74-419b-9060-7c943c7c7b2b,"Caterpillar, Pear, Tulip, and Purple Snail.",Joris Hoefnagel; Georg Bocskay,1561–1596,/collections/the-model-book-of-calligraphy-1561-1596/37528186614_8d87141d1b_o.jpg,680,986,,insects
035a0703-7d21-46ce-8c2e-8b0c107e0bcd,European Columbines and Sweet Cherry.,Joris Hoefnagel; Georg Bocskay,1561–1596,/collections/the-model-book-of-calligraphy-1561-1596/37528196074_45a2d99986_o.jpg,680,1011,,insects
06eeafe5-d44d-4e5b-8862-161c62562001,"Basil Thyme, Poppy Anemone, and Myrtle.",Joris Hoefnagel; Georg Bocskay,1561–1596,/collections/the-model-book-of-calligraphy-1561-1596/37528193034_4d5e6fe624_o.jpg,680,1000,,insects
a870edd8-996c-4ed3-8c24-e538a42a44e2,"Dragonfly, Pear, Carnation, and Insect.",Joris Hoefnagel; Georg Bocskay,1561–1596,/collections/the-model-book-of-calligraphy-1561-1596/26462886089_c018229544_o.jpg,680,986,,"entomology,insects"
d0cf61a6-2d5f-4cbd-b156-10a880156cf2,"Medlar, Poppy Anemone, and Pear.",Joris Hoefnagel; Georg Bocskay,1561–1596,/collections/the-model-book-of-calligraphy-1561-1596/26462919449_cb2d1c0a44_o.jpg,680,978,,insects
dec9372f-f473-443e-80da-340e64afec55,Dianthus and Almond.,Joris Hoefnagel; Georg Bocskay,1561–1596,/collections/the-model-book-of-calligraphy-1561-1596/26462916159_b7de5acc9f_o.jpg,680,986,,insects
ec5abf5a-287d-43d1-8f5a-8b3e927e30b2,"Fly, Caterpillar, Pear, and Centipede.",Joris Hoefnagel; Georg Bocskay,1561–96,/collections/the-model-book-of-calligraphy-1561-1596/38207285022_4dfff2407b_o.jpg,680,986,,"butterflies,insects"
e9eb0cb2-4c85-4fe6-9b96-232be15547bb,"Poppy Anemones, Caterpillar, Fig, and Quince.",Joris Hoefnagel; Georg Bocskay,1561–96,/collections/the-model-book-of-calligraphy-1561-1596/38184350186_6bfc46979e_o.jpg,680,964,,insects
4832a15c-2b6b-455d-8a98-628d91a2288f,“Flying Vermin”,,1705,/essays/in-the-image-of-god-john-comenius-and-the-first-children-s-picture-book/14176814115_ec292b5e44_c.jpg,799,562,,insects
7aa1f321-e17e-414d-bb1d-e6e96893930f,,Frederick Whitney,1909,/collections/blackboard-sketching-1909/blackboard-sketching-52.jpg,1175,1500,,"butterflies,entomology,insects,moths"
56a1e9f3-9ae7-4dd3-a12f-bdcea74a865c,Narcissus,J. J. Grandville,1849,/collections/the-flowers-personified-1847/lesfleursanimees-0132.jpg,1035,1500,,insects
72ce62b2-0b1f-4303-aa21-d29ad900b784,Return of the flowers,J. J. Grandville,1849,/collections/the-flowers-personified-1847/lesfleursanimees-0560.jpg,1202,1500,,insects
a8688f0e-9b8a-40d6-bcf9-8b56c9328902,Frontispiece to Volume I,J. J. Grandville,1849,/collections/the-flowers-personified-1847/lesfleursanimees-0010.jpg,1063,1500,,insects
370397c6-5190-46da-9cad-e5663ed1f924,Optical demonstrations with solar microscope,Martin Frobenius Ledermüller,1764–8,/collections/microscopic-delights/3lede-0023.jpg,1163,1500,,entomology
8b287c18-c6ff-4c3a-8241-e8e996ab0afb,Special drawing box for solar microscope,Martin Frobenius Ledermüller,1764–8,/collections/microscopic-delights/3lede-0105.jpg,1125,1500,,entomology
b8f01fc9-ae26-4a92-a10c-3a7d5c267c8f,Cuff's solar microscope in camera obscura room,Martin Frobenius Ledermüller,1764–8,/collections/microscopic-delights/3lede-0019.jpg,1188,1500,,entomology
2d84bee7-0dca-4c62-983e-2eb468574888,A Flea,Robert Hooke,1665,/essays/more-lively-counterfaits/hooke-flea.jpg,1400,709,,entomology
52b5ccde-9cf2-4f1c-add5-c792e570f68c,Illustrating showing how a fly is born from a maggot found in a cherry,Francesco Redi,1668,/essays/athanasius-kircher-study-of-the-plague/esperienzeintor00redi_0167-edit.jpg,810,1047,,entomology
888f3c82-462e-4645-8e87-236bef13b02b,Stag Beetle,Albrecht Dürer,1505,/shop/oct_19_new_prints_00064.jpg,979,1200,,entomology
791c0641-3b06-4f2e-a99b-01c50c418704,Rhyngia,Arthur E Smith,1909,/shop/edit-naturethroughmic00kerrrich_0153.jpg,766,1200,,entomology
c78aaf42-f7b6-435a-9545-5cbc9e16d56c,Mideopsis Orbicularis,Arthur E Smith,1909,/shop/edit-naturethroughmic00kerrrich_0302.jpg,1200,938,,"entomology,spiders"
42879c71-06d5-4502-b340-c89fcfb41d46,Butterfly's Tongue,Arthur E Smith,1909,/shop/edit-naturethroughmic00kerrrich_0121.jpg,872,1200,,"butterflies,entomology"
395de3d0-9e1e-4462-a189-55e52e776fe1,Larva of Ant-Lion,Arthur E Smith,1909,/shop/edit-naturethroughmic00kerrrich_0149.jpg,787,1200,,"ant-lion,entomology"
67b6ad12-e04b-4624-92e4-f3453477c772,A Dragonfly,Nicolaas Struyk,early-mid 18th-century,/collections/a-selection-from-the-met-s-public-domain-collection-now-free-from-all-restrictions/32554720730_7218ae6584_b.jpg,650,914,,entomology
87a4df9b-19cc-45e1-bfae-04a93eb0e07f,Larva of Ant-Lion,Arthur E Smith,1909,/collections/nature-through-microscope-and-camera-1909/14803818837_fd97ceb611_b.jpg,600,973,,"ant-lion,entomology"
bfd64762-1c81-404d-a62a-a9a7e1c25a3c,Antenna of Cockchafer,Arthur E Smith,1909,/collections/nature-through-microscope-and-camera-1909/14990364805_63eab5d8f2_b.jpg,600,732,,entomology
f728c035-9747-4baa-85b5-401b93c24068,Rhyngia,Arthur E Smith,1909,/collections/nature-through-microscope-and-camera-1909/14990364635_66ebddbf62_b.jpg,600,982,,entomology
1f4deafd-6242-4131-a6f4-be04330fc512,Caricature of Jules Didier,Claude Monet,ca. 1858,/collections/claude-monet-caricatures/claude-monet-caricature-00002.jpg,1545,2175,,"butterflies,dogs"
227b41d0-7a27-49cb-b446-280b0ff0649d,,Alfred G. Mayer,1897,/collections/mayer-color-patterns/CUbiodiversity1227729_0126-edit.jpg,1664,2715,,"butterflies,moths"
77cd4461-8f69-437b-9617-3f903c79dfba,,Alfred G. Mayer,1897,/collections/mayer-color-patterns/CUbiodiversity1227729_0114-edit.jpg,1666,2689,,"butterflies,moths"
ea49bfea-cb70-4b19-9957-c8cf702fcebb,,Alfred G. Mayer,1897,/collections/mayer-color-patterns/CUbiodiversity1227729_0118-edit.jpg,1669,2711,,"butterflies,moths"
b838f210-4e17-4b02-99df-941ff61d9497,,Alfred G. Mayer,1897,/collections/mayer-color-patterns/CUbiodiversity1227729_0122-edit.jpg,1665,2724,,"butterflies,moths"
fcfe61d1-ef20-4692-9046-9a7104c5d003,"Scale of a butterfly wing, magnified 350 times",Marinus Pieter Filbri,1887–88,/collections/marinus-pieter-filbri-microscopy/RP-F-F01133-BU.jpg,1333,1335,,butterflies
6bcb162e-6797-4a2c-8750-ce209c8b74cd,,Raffaele Mainella,1907,/collections/nos-invisibles/BSG_FOLRSUP15RES_0052.jpeg,4401,6205,,butterflies
2479cfdf-248a-44e6-844d-ad6319baae91,“Madame B” Butterly Collage,Madame B,ca. 1870,/shop/nov-2023-prints-00011.jpg,1200,812,,butterflies
f6fb81a0-f137-442d-b0a5-1d06c4302248,,Madame B,ca. 1870s,/collections/madame-b-album/madame-b-album-00002.jpg,3000,2053,,butterflies
4d8c35de-3ab2-4c2a-b68d-dd6dc15f3376,,John Bingley Garland,ca. 1850–60,/collections/garland-blood-collages/blood-book-17.jpg,1830,1390,,butterflies
8204365b-34a7-4c55-882a-c86f61d61686,,John Bingley Garland,ca. 1850–60,/collections/garland-blood-collages/blood-book-22.jpg,1831,1471,,"butterflies,snakes"
ccdb0558-f833-4093-ba12-e4669c206e5b,,John Bingley Garland,,/collections/garland-blood-collages/blood-book-feature-1.jpg,1368,1023,,butterflies
2371d3a3-249c-4969-8af8-345ca6db3e58,Kimono design,Ueno Seikō,ca. 1902,/collections/unkindo-kimono-designs/yachigusav8ueno_0027.jpeg,698,978,,butterflies
54e3d7fd-e95a-4c0b-ab05-945783598b8d,,,16th century,/collections/solid-objects/geometrischer-00063.jpg,897,1518,,butterflies
7ee246ac-ec7c-4de1-ad08-9f5abb7cbd23,"Tsuba made of iron. In high relief, inlays of different metals with a cat sleeping under a peony and butterfly.",Georg Oeder,1916,/collections/photographs-of-japanese-sword-guards-1916//48782591872_87c0c2791b_o.jpg,600,634,,"butterflies,cats"
81330d41-7cb1-4453-a374-49bf61ca3223,Tsuba made from shakudō. Two butterflies in relief.,Georg Oeder,1916,/collections/photographs-of-japanese-sword-guards-1916//48782420456_1cecc3b3af_o.jpg,600,628,,butterflies
e4152fc1-3f18-4899-a00b-8761107d4e9b,Color Analysis From a Butterfly,Emily Noyes Vanderpoel,1902,/collections/colour-analysis-charts-by-emily-noyes-vanderpoel-1902/25813027795_1f4b401768_o.jpg,500,827,,butterflies
33b9b5c6-924c-4c54-a6ec-9ade2724c14f,"Fly, Caterpillar, Pear, and Centipede",Joris Hoefnagel; Georg Bocskay,1542–1600,/collections/a-selection-from-the-getty-s-open-content-program/9508151103_42bc53b54f_o.jpg,552,800,,butterflies
ccff9ecf-fb7a-46fb-933f-92554e867311,Robert Baden-Powell,,ca. 1900,/essays/robert-baden-powells-entomological-intrigues/9124882719_f4299ee4f6_o.jpg,540,758,,butterflies
43032def-b2cd-4438-8d9f-546c1087fcec,Carnation,J. J. Grandville,1849,/collections/the-flowers-personified-1847/lesfleursanimees-0248.jpg,1057,1500,,"butterflies,caterpillars"
19a7ecbf-38d6-45e3-b610-72e7f46bb045,Group of Sun Spots and Veiled Spots,Étienne Léopold Trouvelot,1882,/collections/the-trouvelot-astronomical-drawings-1882/31528830681_e09c700a12_b.jpg,975,794,,moths
1265e8c2-c941-4523-8145-9a435584070f,Aurora Borealis,Étienne Léopold Trouvelot,1882,/collections/the-trouvelot-astronomical-drawings-1882/30834319103_7bd5fa7b18_o.png,972,788,,moths
24f8932b-6a98-4c48-b6e0-582eda84aa92,The Planet Jupiter,Étienne Léopold Trouvelot,1882,/collections/the-trouvelot-astronomical-drawings-1882/30802987684_b58b43bee5_o.png,944,769,,moths
3cbd006a-1f34-4b17-b781-887fe16ad420,The Zodiacal Light,Étienne Léopold Trouvelot,1882,/collections/the-trouvelot-astronomical-drawings-1882/31528824221_9af60ea3ba_c.jpg,586,800,,moths
3754eb04-fb80-4389-8952-64d413a6c8db,Star Cluster in Hercules,Étienne Léopold Trouvelot,1882,/collections/the-trouvelot-astronomical-drawings-1882/30834315613_7dd7cf25c7_b.jpg,952,773,,moths
4903d204-6442-427e-a7aa-08a36a95ad31,Part of the Milky Way,Étienne Léopold Trouvelot,1882,/collections/the-trouvelot-astronomical-drawings-1882/31644526715_cfbfbef103_c.jpg,586,800,,moths
5513e804-7e76-40ea-bfd6-f3f198897439,Solar Protuberances,Étienne Léopold Trouvelot,1882,/collections/the-trouvelot-astronomical-drawings-1882/31498246562_9ec1a39581_c.jpg,597,800,,moths
8893e6ab-b388-4c23-9824-5a242670afb3,Partial Eclipse of the Moon,Étienne Léopold Trouvelot,1882,/collections/the-trouvelot-astronomical-drawings-1882/31528817091_b91190527d_c.jpg,586,799,,moths
9df7008f-34eb-4c6d-98cb-3a65f51db2f5,The GREAT NEBULA in ORION,Étienne Léopold Trouvelot,1882,/collections/the-trouvelot-astronomical-drawings-1882/30834316763_835938f75e_b.jpg,972,787,,moths
aefb5005-9564-4cb2-ace2-a28c79470525,The Planet Mars,Étienne Léopold Trouvelot,1882,/collections/the-trouvelot-astronomical-drawings-1882/30834320743_1b773fe3a4_b.jpg,962,777,,moths
cdcdb749-a0ba-4fbc-a552-99e5eaac789b,The Planet Saturn,Étienne Léopold Trouvelot,1882,/collections/the-trouvelot-astronomical-drawings-1882/31528821821_fecea78c4c_b.jpg,950,786,,moths
d69f353c-59c6-4f49-990d-8c96547a72c5,The Great Comet of 1881,Étienne Léopold Trouvelot,1882,/collections/the-trouvelot-astronomical-drawings-1882/31498233502_190d20e6b7_c.jpg,591,800,,moths
e932689c-2a0b-4252-b708-3416144cb7ab,Mare Humorum,Étienne Léopold Trouvelot,1882,/collections/the-trouvelot-astronomical-drawings-1882/30834323293_a096810dd6_b.jpg,969,793,,moths
e08f7f90-a250-4b7d-9afe-f3b8a754fb38,Total Eclipse of the Sun,Étienne Léopold Trouvelot,1882,/collections/the-trouvelot-astronomical-drawings-1882/30834308763_9392083746_o.png,985,803,,moths
faed5931-c014-49c3-9337-6147d5a6f0a2,The November Meteors,Étienne Léopold Trouvelot,1882,/collections/the-trouvelot-astronomical-drawings-1882/31528823311_b74bb3dbd9_c.jpg,591,800,,moths
3bad3729-a702-4dea-8efa-27dc9de94ee7,Mirabilis,J. J. Grandville,1849,/collections/the-flowers-personified-1847/lesfleursanimees-0228.jpg,1077,1500,,moths
423b98df-2dd2-483d-93f2-c5216a2f52de,,Lewis Carroll,1864,/collections/carroll-illustrations-for-alice-undergound/Lewis-Carroll-Alice-Under-Ground-22.jpg,865,1400,,caterpillars
2521b2b3-729f-4ae1-bc72-3f442c352ab7,O What Is Man!,William Blake,1793,/collections/william-blakes-the-gates-of-paradise/blake-gates-of-paradise-2.jpg,2220,3276,,caterpillars
632c3fd5-8b42-4248-b378-e073af2e52f9,"Tsuba made of iron. Inlaid in silver and gold with a large millipede, on other side the Seta Bridge.",Georg Oeder,1916,/collections/photographs-of-japanese-sword-guards-1916/48782059983_c85c5bf978_o.jpg,600,655,,caterpillars
1fe96d55-b5b8-4156-821d-757ba1834dd3,"Kalki Avatar, the Future Incarnation of Vishnu",,ca. 1700,/collections/basohli-beetle-paintings/basohli-beetles-3.jpg,1500,1037,,"beetles,horses"
33a2be8f-3abe-4766-a0dd-d9c6cda97746,The Pampered Princess,,ca. 1680-90,/collections/basohli-beetle-paintings/basohli-beetles-8.jpg,1500,1188,,beetles
32afa8be-3715-4dbd-a45b-ae36962b7235,Sadashiva Worshipped by Parvati,Devidasa,ca. 1690,/collections/basohli-beetle-paintings/basohli-beetles-2.jpg,1500,1521,,beetles
49158e13-9bf9-465b-b12c-7b9365886b74,The Goddess Bhadrakali Manifests in a Sunlike Orb,,ca. 1660-70,/collections/basohli-beetle-paintings/basohli-beetles-7.jpg,1500,1558,,beetles
46823ca5-f929-4eb0-8b95-d5510c2710b8,The Goddess Durga as Bhadrakali,,ca. 1675,/collections/basohli-beetle-paintings/basohli-beetles-5.jpg,1500,1236,,beetles
59607be1-cda7-4bde-bd37-a197071a0e5c,Battling Elephants,,ca. 1700,/collections/basohli-beetle-paintings/basohli-beetles-4.jpg,1500,1011,,"beetles,dogs"
92517193-582c-49f0-a2d2-94199b71f796,The Goddess Bhadrakali Manifests in a Sunlike Orb,,ca. 1660-70,/collections/basohli-beetle-paintings/basohli-beetles-7.jpg,1500,1558,,beetles
0048da59-4d49-4b79-ac93-0e5dd3798a4b,Siddha Lakshmi with Kali,,ca. 1660-70,/collections/basohli-beetle-paintings/basohli-beetles-6.jpg,1500,1549,,beetles
cb78a0d1-5fa4-4f9e-b37b-7abbe3f83301,Foot of Water Beetle,Arthur E Smith,1909,/shop/edit-naturethroughmic00kerrrich_0128.jpg,756,1200,,beetles
db158d58-689f-4b2e-ab27-b7845811343b,Portion of Beetle's Eye,Arthur E Smith,1909,/collections/nature-through-microscope-and-camera-1909/14803818467_7dd0f1d178_b.jpg,628,1024,,beetles
4d470656-8592-4fb0-ab5b-dbd3f06199d0,Rose,J. J. Grandville,1849,/collections/the-flowers-personified-1847/lesfleursanimees-0108.jpg,1042,1500,,"beetles,spiders"
cf9513ba-c6a3-4afe-9d70-f2d7d8522eab,Sensitive,J. J. Grandville,1849,/collections/the-flowers-personified-1847/lesfleursanimees-0410.jpg,1071,1500,,beetles
aa85078c-8fa4-4977-86f1-ff8df228dc23,The Tale of Shiranui,Utagawa Kunisada,1853,/shop/newprints-nov24-00004.jpg,1500,1019,,spiders
ab87cd0c-5e11-4535-8cd8-032f5690512c,,Katsushika Hokusai,1836,/collections/hokusai-warriors/hokusai-c14.jpg,3220,2232,,spiders
fe71058d-6176-4948-ad32-f1d9c5845b63,Spider's Foot and Part of Leg,Arthur E Smith,1909,/shop/edit-naturethroughmic00kerrrich_0306.jpg,838,1200,,spiders
06665f72-4776-4438-97d5-08cd2f5f4aae,Mideopsis Orbicularis,Arthur E Smith,1909,/collections/nature-through-microscope-and-camera-1909/14987276771_d3960ba944_o.jpg,1000,785,,spiders
727ffc32-df14-4c02-8bad-311f351a0057,,Curuppumullage Jinarajadasa,1908,/collections/occult-chemistry/b24884029_0043.jpeg,1776,2202,,"invertebrates,marine,starfish"
8a57ad38-6f9b-4762-b70d-42cc5f203bfd,Shells,Anna Atkins,1823,/essays/anna-atkins-cyanotypes/57484312-edit.jpeg,2334,1722,,"marine,shells"
7c3af191-25a7-4312-9e82-ffad57322ffb,Nautilus Shell,Orra White Hitchcock,1828–40,/collections/hitchcock-illustrations/hitchcock-illustration-1.jpg,1400,1054,,"marine,shells"
ac007f5c-f2d1-4906-b0f7-3df440c5f2b1,Various Seaweed,Charles F. Durant,1850,/essays/love-and-longing-in-the-seaweed-album/alogology-pair-3.jpeg,2331,1647,,marine
10938582-d22c-4164-a129-cb66f0271885,Argillaceous Oxide of Iron (*Ferrum argillaceum*),James Sowerby,1802–17,/collections/sowerby-mineralogy/sowerby-mineral-24.jpeg,820,932,,marine
340712b9-a8b4-41b0-b2bd-e08d6114952b,Red oxyde of Iron (*Ferrum oxygenizatum*),James Sowerby,1802–17,/collections/sowerby-mineralogy/sowerby-mineral-68.jpeg,764,896,,marine
88f215c0-077c-41fc-b76a-578d0cf9d6d0,Argilla Marga (*Argillaceous Marle*),James Sowerby,1802–17,/collections/sowerby-mineralogy/sowerby-mineral-5.jpeg,902,848,,"marine,shells"
a10fa68b-cb5c-4a2d-a8f0-a4cb129004b4,Sulphate of Barytes (*Barytes sulphata*),James Sowerby,1802–17,/collections/sowerby-mineralogy/sowerby-mineral-50.jpeg,854,866,,marine
ba1debec-9077-455b-a71c-0750e1d8736e,Hard Carbonate of Lime (*Calx carbonata dura*),James Sowerby,1802–17,/collections/sowerby-mineralogy/sowerby-mineral-48.jpeg,984,952,,"invertebrates,marine"
e2f6991d-c89e-490d-a6f2-787dd5d51707,Kimono design,Ueno Seikō,ca. 1902,/collections/unkindo-kimono-designs/yachigusav15ueno_0010.jpeg,705,982,,marine
d7c99c3f-1c58-4825-8252-4c46c47bdba5,"Mermaids Exhibited Successively in the Years 1758, 1775, & 1795",John Paas,1817,/essays/mermaids-and-tritons/master-pnp-cph-3g00000-3g08000-3g08200-3g08271u-edit-2.jpg,1000,1207,,marine
04f9032a-8a43-4cf3-96d8-218bbd817d8e,The “Nantucket Sleigh Ride” Pictured in the Log of the Ship *Susan*,Reuben Russell,1841–6,/essays/the-art-of-whaling/MS220_Log368_0370-edit.jpg,1400,817,,"marine,whales"
59cc255f-aed3-4a08-9127-eedafbb3609b,Group of Alcyonidae,Eugen Ransonnet-Villez,1867,/collections/underwater-landscapes-of-eugen-von-ransonnet-villez/underwater-pic.jpg,2664,2920,,marine
032492c9-0ce6-4a91-b1bc-32f955845fbe,Submarine Rocks With Green Corals,Eugen Ransonnet-Villez,1867,/collections/underwater-landscapes-of-eugen-von-ransonnet-villez/mobotpga_typ_822_67_7308_0024.jpg,1200,889,,marine
e6bd090e-5448-4a5d-a322-ce91ad24db55,Water,Maerten de Vos; Adriaen Collaert,1580-84,/collections/elements-and-temperaments-maerten-de-vos/water.jpg,2448,1992,,"marine,shells"
93ef4b46-cba3-4d00-a448-4de870acd7a9,The Narwhal and Horn,,1655,/essays/greenland-unicorns-and-the-magical-alicorn/48753801911_48e713dfab_b.jpg,680,555,,marine
399b6e86-2e82-4d6a-acfa-21b4390759e5,"A Tabular Iceberg, Seen at the Pack-Edge in the South Pacific",Frederick Albert Cook,1900,/collections/through-the-first-antarctic-night-1900/48103624963_32ec491012_b.jpg,1024,666,,marine
e93180ec-3f35-4d66-9acb-9cb176aa35cd,"Actinologia Britannica, Plate III",Philip Henry Gosse,1860,/shop/gosse-3-cut.jpg,719,1200,,"marine,starfish"
4e02aec7-2662-4349-9ad4-1b9f0ff962bf,"Actinologia Britannica, Plate II",Philip Henry Gosse,1860,/shop/gosse-2-cut.jpg,727,1200,,"invertebrates,marine,shellfish"
80411192-6ff9-44fb-9ee5-4b93e0f435f7,"Plate 9, Hexacoralla",Ernst Haeckel,1904,/shop/9-Hexacoralla-07546u-1.jpeg,730,1024,,marine
2abef5e9-5ebd-48d0-889c-cb61d83bc730,"Plate 85, Ascidiae",Ernst Haeckel,1904,/shop/85-Ascidiae-05323u-1.jpeg,716,1024,,marine
09d29d46-16a5-4ea7-99de-1cfff9de0e32,"Plate 70, Ophiodea",Ernst Haeckel,1904,/shop/70-Ophiodea-05322u-1.jpeg,710,1024,,marine
d1d96e8e-bd76-43ad-914c-aec424eea6c2,"Plate 69, Hexacoralla",Ernst Haeckel,1904,/shop/69-Hexacoralla-07601u-1.jpeg,722,1024,,marine
3440ac94-f9b6-4fb3-83f0-89723f73acc7,"Plate 65, Florideae",Ernst Haeckel,1904,/shop/65-Florideae-07597u-1.jpeg,730,1024,,marine
ba5584ef-25b8-454d-aa0f-4f70194ba8aa,"Plate 59, Siphonophorae",Ernst Haeckel,1904,/shop/59-Siphonophorae-07591u-1.jpeg,714,1024,,marine
183e24fb-4e2b-4dde-8ef3-bac1df9b1b4d,"Plate 53, Prosobranchia",Ernst Haeckel,1904,/shop/53-Prosobranchia-07587u-1.jpeg,714,1024,,marine
580308dc-435d-4d5e-9ffc-84f0510ebb7f,"Plate 50, Thuroidea",Ernst Haeckel,1904,/shop/50-Thuroidea-05319u-1.jpeg,700,1024,,marine
2571ad9f-7ade-48e2-a681-2da7c35c1cad,,,1917,/collections/photographs-of-sea-stars-1917/34481319270_2e2a6fb581_o.jpg,655,834,,"marine,starfish"
6efdffce-981e-4824-97ff-67d7b23f791a,,,1917,/collections/photographs-of-sea-stars-1917/34828033136_d1ce5ec908_o.jpg,656,833,,"marine,starfish"
6cdf75a7-dccf-49c9-ab98-8194eed88265,,,1917,/collections/photographs-of-sea-stars-1917/34736241781_12278bf357_o.jpg,645,836,,"marine,starfish"
8d1a31cf-04df-4be2-9687-fd1e10b0b292,,,1917,/collections/photographs-of-sea-stars-1917/34736241211_71ec4aa900_o.jpg,653,834,,"marine,starfish"
917f0e27-3097-46ac-855b-3e01070c1fe6,,,1917,/collections/photographs-of-sea-stars-1917/34828032746_82bc73a11a_o.jpg,618,790,,"marine,starfish"
9e4ca2d0-775c-42c5-8150-b320c55932f6,,,1917,/collections/photographs-of-sea-stars-1917/34828033996_8495f46350_o.jpg,651,834,,"marine,starfish"
a88fd627-82d0-4ee5-9c8b-29b058beb821,,,1917,/collections/photographs-of-sea-stars-1917/34828033746_b396ebe79c_o.jpg,648,838,,"marine,starfish"
a45aa309-a1a5-4bcc-b078-b765d0672304,,,1917,/collections/photographs-of-sea-stars-1917/34828034206_d806c9a2e2_o.jpg,650,838,,"marine,starfish"
b06bb79d-94ba-4271-a535-7741c9ba7c1a,,,1917,/collections/photographs-of-sea-stars-1917/34828033446_63ee1fb668_o.jpg,654,831,,"marine,starfish"
c73b6ba8-4c54-4564-bd29-ef1ca21a9d9a,,,1917,/collections/photographs-of-sea-stars-1917/34481320130_f868b2dfdd_o.jpg,654,832,,"marine,starfish"
c9add8db-3cf3-436c-a69a-844779eb8f90,,,1917,/collections/photographs-of-sea-stars-1917/34736241551_444cd9c104_o.jpg,651,836,,"marine,starfish"
fef047cc-1b2d-40fd-97c6-21d7cbff16b6,,,1917,/collections/photographs-of-sea-stars-1917/34736240291_bb265387b4_o.jpg,619,794,,"marine,starfish"
db83498d-2cf9-4528-b0dd-45eb3f526d50,Man before a rainbow,,ca. 1700,/collections/rainbows-in-art/25367360299_5eb42efb4c_c.jpg,800,724,,marine
695384ed-e653-453d-b7cc-bb9677343f18,,,ca. 1919,/collections/pages-from-an-illustrated-catalogue-of-period-ornaments-ca-1919/29892237732_8b4716fa62_b.jpg,600,861,,"marine,shells"
2aab8038-980b-4ed6-bb7f-99639f4bd49d,,Eliza A. Jordson,1848,/collections/album-of-seaweed-pictures-1848/20686651339_2e97defe91_o.jpg,600,759,,marine
319aadc6-676a-4558-a84a-d16ef78376d7,,Eliza A. Jordson,1848,/collections/album-of-seaweed-pictures-1848/20685412168_8e60374423_o.jpg,600,753,,marine
458b7c77-5970-4b05-be2c-a4b2a21837e8,,Eliza A. Jordson,1848,/collections/album-of-seaweed-pictures-1848/20252387443_d668871d2d_o.jpg,600,750,,marine
5e9f3df1-e43c-4d7c-8340-d17383e37cab,,Eliza A. Jordson,1848,/collections/album-of-seaweed-pictures-1848/20685331620_7b4ebef8a9_o.jpg,600,763,,marine
5ddd27b2-8f5c-4a79-b191-e2f226e76799,,Eliza A. Jordson,1848,/collections/album-of-seaweed-pictures-1848/20252386393_6231f4081e_o.jpg,600,764,,marine
6a1da573-1056-4221-8a50-788690987307,,Eliza A. Jordson,1848,/collections/album-of-seaweed-pictures-1848/20250805924_42a1b97144_o.jpg,600,733,,marine
728e3271-fd7b-4a24-9a02-3ba6957d569c,,Eliza A. Jordson,1848,/collections/album-of-seaweed-pictures-1848/20252387313_dfd7ac48a4_o.jpg,600,736,,marine
815305e0-b6b6-4784-b515-6f8e5eef0a31,,Eliza A. Jordson,1848,/collections/album-of-seaweed-pictures-1848/20250801984_8d1fbce447_o.jpg,600,743,,marine
8fd45612-bf5a-4f02-8593-7945acefbf56,,Eliza A. Jordson,1848,/collections/album-of-seaweed-pictures-1848/20686650089_51a8c3c533_o.jpg,600,743,,marine
8d614c69-0631-4c46-b13d-4f1bdccc2907,,Eliza A. Jordson,1848,/collections/album-of-seaweed-pictures-1848/20685333070_241a8f2b2e_o.jpg,600,734,,marine
00b93b92-d554-4fd3-8f68-08144bea7172,,Eliza A. Jordson,1848,/collections/album-of-seaweed-pictures-1848/QK567_Se1_Sea_Weeds_p022_PS4.jpg,768,608,,marine
0a91fea1-054b-43b3-a4e7-9baf6c228b04,,Eliza A. Jordson,1848,/collections/album-of-seaweed-pictures-1848/20686650319_4b1581b9b4_o.jpg,600,760,,marine
bd202d85-2bdc-46e8-80a4-cdbe506c5ccf,,Eliza A. Jordson,1848,/collections/album-of-seaweed-pictures-1848/20685409438_3e256c41e9_o.jpg,600,764,,marine
e65ff348-61fc-4b27-9c31-3b7f5b5429f0,,Eliza A. Jordson,1848,/collections/album-of-seaweed-pictures-1848/20686649529_38b804f067_o.jpg,600,752,,marine
e2179747-e4aa-4d20-aa42-44328202b466,,Eliza A. Jordson,1848,/collections/album-of-seaweed-pictures-1848/20873402465_578484b0b1_o.jpg,600,730,,marine
fa8a8100-5a67-4321-b33d-117b60054f98,,Eliza A. Jordson,1848,/collections/album-of-seaweed-pictures-1848/20863748642_786eb4a077_o.jpg,600,740,,marine
f8a32c65-e5bd-4211-8ff4-21ec7aeca951,,Eliza A. Jordson,1848,/collections/album-of-seaweed-pictures-1848/20873399575_339a6190d8_o.jpg,600,747,,marine
c29d9292-fc6e-493f-bb6f-f73f63ca4780,,Anne Wagner,1795-1834,/collections/the-friendship-book-of-anne-wagner-1795-1834/24424897199_97c78e587d_o.jpg,1000,609,,marine
c0728035-1563-48be-a6f5-21784530c617,Fig. 15 shows the third picture of the pyramid and its progress.,,1910,/collections/the-art-of-ornamental-orange-peeling-1910/22146623940_021af4229d_z.jpg,483,640,,"marine,shells"
5369c3df-6d57-41aa-883e-3eee2edeb638,Pyrosoma and Diver,Charles Frederick Holder,1887,/collections/living-lights-a-popular-account-of-phosphorescent-animals-and-vegetables-1887/14002386072_7f0a26ed56_o.jpg,528,790,,marine
f6e6a5d4-4852-4539-aaa9-e3e86903f231,,Charles Mavelot,1695,/collections/17th-century-heraldry-designs-1695/7590457236_787ca9f60f_c.jpg,800,564,,marine
f59542f9-4a6e-4033-a475-83665e0e3f4c,,,1678-93,/collections/hortus-malabaricus-1678-1693/7561711638_9ba0b61be9_o.jpg,800,665,,marine
b4419dd7-6e60-4dd6-a1ad-c7c517525770,In Warmer Regions,Hjalmar Johansen,1913,/collections/amundsen-s-south-pole-expedition/6504424735_85d7144cc6_o.jpg,700,574,,marine
cb7eea6a-cc5c-4667-a97c-b8640f1babb1,Illustrative plate from Nehemiah Grew’s <em>The Anatomy of Plants</em> (1682).,Nehemiah Grew,1682,/essays/the-life-and-work-of-nehemiah-grew/5485971806_12cea135ac_z.jpg,640,452,,marine
1f8fee53-a61f-4f3a-b308-d5aa78284d09,"The Goose Tree. Copied from Gerard's Herball, 1st edition.",Henry Lee,1883,/collections/sea-monsters-sea-fables/seafablesexplain00leeh_0_0108-edit.jpg,1920,2612,,"crustaceans,marine-life"
19fd309c-fe37-406b-8423-de49a10abcd7,,,1773,/collections/tardigrade/7549243-maximum-edit-2.jpeg,650,507,,"bears,marine-biology,marine-life"
4a27bb45-72c1-4ffb-a324-bfa17fa85ef4,,,1773,/collections/tardigrade/7549243-maximum-full.jpeg,2112,2010,,"bears,marine-biology,marine-life"
2bda5e89-88c1-409a-9e77-e1498cae080c,The Octopus (Octopus vulgaris),Henry Lee,1883,/collections/sea-monsters-sea-fables/seamonstersunmas00leeh_0034-edit.jpg,3036,2259,,"marine-biology,octopuses"
1c86a4da-3775-4405-8625-e22085710d04,"Head and Tentacles of a Great Calamary (Architeuthis princeps) Taken in Logie Bay, Newfoundland, Nov. 1873",Henry Lee,1883,/collections/sea-monsters-sea-fables/seamonstersunmas00leeh_0060-edit.jpg,2084,2784,,marine-biology
3c9067ff-95ea-45f8-a2bb-b85fb7a0c5a9,The Paper Nautilus (Argonauta argo) Sailing.,Henry Lee,1883,/collections/sea-monsters-sea-fables/seafablesexplain00leeh_0_0080-edit.jpg,1736,1724,,"marine-biology,octopuses"
b04d3b7b-d079-4bd4-b7ff-a08d91751d8b,"Young starfish, magnified 25 times",Marinus Pieter Filbri,1887–88,/collections/marinus-pieter-filbri-microscopy/RP-F-F01133-BV.jpg,1439,1390,,"marine-biology,starfish"
a02d751e-7812-4b18-9856-c7de374c0434,"Plate 30, Echinidea",Ernst Haeckel,1904,/shop/30-Echinidea-07566u-1.jpeg,720,1024,,marine-biology
3e31180b-b2f6-4546-bc8d-d318bc6e2d64,"Young shellfish, magnified 50 times",Marinus Pieter Filbri,1887–88,/collections/marinus-pieter-filbri-microscopy/RP-F-F01133-BR.jpg,1190,1449,,"sea-life,shellfish"
727b2b83-b1f1-4d50-aafc-620fa1db6928,,Anton Seder,1896,/collections/das-thier-in-der-decorativen-kunst/gri_33125013920190_0008.jpg,2492,1968,,"crustaceans,sea-life"
82a27294-8113-40d9-a4e6-aabb66bc03b3,,Anton Seder,1896,/collections/das-thier-in-der-decorativen-kunst/gri_33125013920190_0014.jpg,1674,2212,,"jellyfish,sea-creatures,sea-life,starfish"
399226fc-56bf-472b-bbf7-4c82022fb95d,"Water sting, magnified 25 times",Marinus Pieter Filbri,1887–88,/collections/marinus-pieter-filbri-microscopy/RP-F-F01133-BK.jpg,1422,1316,,jellyfish
20c84c72-cc16-4861-bea2-e006b13ca82f,The Sea Serpent and Sperm Whale as Seen from the Pauline,Henry Lee,1883,/collections/sea-monsters-sea-fables/seamonstersunmas00leeh_0107-edit.jpg,3402,2051,,whales
cbe63c18-0053-4eec-9737-6990c3b5545e,Sun-and-Moon and Bing / The Boatman and the Whales,Jean de Bosschère,1921,/collections/weird-islands/weird-islands-00022.jpeg,3699,1986,,whales
0745e946-b281-4c3f-a687-e199d6e8a2b6,"(Volume 5, pg. 14)",,1913,/collections/unai-no-tomo/unai-no-tomo-5.14.jpg,1400,1018,,whales
16e393f6-36c4-43fe-9613-a9b09c2d86fb,Ambergris Bought by the Dutch East India Company,,1705,/essays/picturing-scent/ambergris-composite.jpg,1200,909,,whales
1595b752-c479-41f2-a9a5-37dc9bc2df11,Beached Whale at Beverwijk,Jan Saenredam,1602,/essays/picturing-scent/intro-image-downscaled.jpg,1200,830,,whales
e231c9ca-3137-45a4-aa28-d3a864293b4b,The Old Town Hall of Amsterdam,Pieter Jansz. Saenredam,1657,/essays/picturing-scent/15. Pieter Jansz. Saenredam The Old Town Hall of Amsterdam-edit.jpg,1400,1081,,"horses,whales"
1fa74087-a259-4d7d-a5b4-f9bb7e3b361b,Endpaper Doodles in the Log of the Ship *Nantucket*,Richard C. Gibbs Jr,1855,/essays/the-art-of-whaling/MS220_Log339_0001-edit-spread.jpg,1400,1196,,whales
606229d2-a15b-47b0-b2d6-bcffc4a4df89,Whale Stamps in the Opening Endpapers of the Log of the Ship <i>Alabama</i>,Barker B. Marshall,1846–50,/essays/the-art-of-whaling/MS220_Log13_0001-edit-spread.jpg,1400,1151,,whales
6d2ba1f4-e8ef-4085-8090-0cd89135051a,Drawings of Whales in the Log of the Ship *Indian Chief*,Thomas R. Bloomfield,1842–44,/essays/the-art-of-whaling/MS220_Log119_0003-edit-spread.jpg,5072,4040,,whales
8290b82d-a072-4414-80d2-c3513d306e1a,A Whale Chase Depicted in the Log of the Ship *Washington*,James G. Coffin,1842–4,/essays/the-art-of-whaling/MS220_Log252_0001-edit.jpg,2320,1459,,whales
9f080027-f0bf-4f1d-8d21-223c567f1617,Title Page of Susan C. Austin Veeder’s Whaling Journal,Susan C. Austin Veeder,1848,/essays/the-art-of-whaling/MS220_Log347_0004-edit.jpg,800,1027,,whales
9d132713-ebc4-4422-8899-3a9927bffae2,Drawings of Whales in the Log of the Ship *Indian Chief*,Thomas R. Bloomfield,1842–4,/essays/the-art-of-whaling/MS220_Log119_0033-edit.jpg,1400,815,,whales
038e5df3-efdb-4812-8181-b03197119e40,The “Nantucket Sleigh Ride” Pictured in the Log of the Ship *Susan*,Reuben Russell,1841–6,/essays/the-art-of-whaling/MS220_Log368_0369-edit.jpg,1400,861,,whales
fed9e13a-65fa-4d18-9ffe-f1e3be27439a,Pages from Susan C. Austin Veeder’s Whaling Journal,Susan C. Austin Veeder,1848,/essays/the-art-of-whaling/MS220_Log347-edit-two-pages.jpg,1585,1013,,whales
b7f59732-bcfc-4a39-b19c-bacabb29c7d0,"The Whale Car Wash, Oklahoma City, Oklahoma.",John Margolies,1979,/collections/john-margolies-photographs-of-roadside-america/48635804233_067501c976_b.jpg,1024,691,,whales
3e41055f-eb04-456a-bb5f-f277a9984fdd,The Whale-Oil Refinery near the Village of Smerenburg (Detail),Cornelis de Man,1639,/essays/the-myth-of-blubber-town-an-arctic-metropolis/48247872636_abe897862d_c.jpg,800,733,,whales
685fc695-f072-4ed7-bd4f-c912e97bd668,The Whale-Oil Refinery near the Village of Smerenburg (Detail),Cornelis de Man,1639,/essays/the-myth-of-blubber-town-an-arctic-metropolis/48247961982_9f264b4d6d_c.jpg,800,687,,whales
4f175241-b9f3-436f-927e-eee5b927a407,Tahitian Series: Worship,Paul Gauguin,1893–4,/collections/highlights-from-the-cleveland-museum-of-art-s-release-of-more-than-30k-images-of-public-domain-works/39975287653_77bed1775c_o.jpg,1122,712,,whales
5bbf823a-cfd9-4c04-b224-cb94f07f60d5,Number Four of the Tokaido,Utagawa Hiroshige,1850,/collections/utagawa-hiroshige-last-great-master-of-ukiyo-e/40962675044_67baa45665_b.jpg,600,890,,whales
88c10dfb-e2d4-46b6-b4cb-a07963744b46,A whale and three fish sitting down to a formal dinner of Russian sailors.,Kobayashi Kiyochika,1904–5,/collections/kobayashi-kiyochika-s-cartoons-of-the-russo-japanese-war-1904-5/28739789640_5b0e9f67aa_b.jpg,500,734,,whales
1d50e065-6442-4dc3-9d81-d41a9b97dc6e,Glooskap Looking at the Whale Smoking His Pipe,Charels G. Leland,1884,/collections/the-algonquin-legends-of-new-england-1884/15092262787_a48e2bf0d9_o.jpg,560,597,,whales
27b2049b-0942-4379-a28b-62ce2e87d712,Visboek: Folio 38v and 39r,Adriaen Coenen,1580,/collections/adriaen-coenen-s-fish-book-1580/14765689171_8c6c3ffdda_o.jpg,900,661,,whales
4ff5e656-96b2-4d4c-b6ba-33643248e285,Visboek: Folio 53v and 54r,Adriaen Coenen,1580,/collections/adriaen-coenen-s-fish-book-1580/14582392377_e45621eb45_o.jpg,900,661,,whales
9004c795-240d-4da4-9694-9e56d4fbe88a,Visboek: Folio 52v and 53r,Adriaen Coenen,1580,/collections/adriaen-coenen-s-fish-book-1580/14582217229_88bbfe745b_o.jpg,900,661,,whales
44f60827-69f6-403c-b7c4-d4a9fe6b68bc,The Animal Which Edge Probably Saw,,1883,/essays/olaus-magnus-sea-serpent/12292687344_2a8f123587_b.jpg,540,877,,whales
5472449e-e582-4ff6-9c56-cd50af9a9d4d,Fascimile of De Montfort's Poulpe colossal,Henry Lee,1883,/collections/sea-monsters-sea-fables/seamonstersunmas00leeh_0048-edit.jpg,1956,2968,,octopuses
f878f76e-caac-4f88-97d4-1cc9448b5a05,"Figure of an Octopus on a Gold Ornament, Found by Dr. Schliemann at Mycenae.",Henry Lee,1883,/collections/sea-monsters-sea-fables/seafablesexplain00leeh_0_0055-edit.jpg,1796,1848,,octopuses
318461e7-6560-4a68-a5c9-6a64eb4efcfd,"Golden Ornament in Form of an Octopus, Found by Dr. Schliemann at Mycenae.",Henry Lee,1883,/collections/sea-monsters-sea-fables/seafablesexplain00leeh_0_0056-edit.jpg,1848,1284,,octopuses
c1a57e6d-b7f9-4ef5-bc18-2fe61c2b306c,The Octopus of Graft,Paul Krafft,1907,/collections/capital-and-labor/capitallabor00harr_0104.jpeg,3148,2334,,octopuses
225c8a26-3e66-49a2-9e29-a10ce8090bfd,An Octopus Devours a Ship,Orra White Hitchcock,1828-40,/collections/hitchcock-illustrations/hitchcock-illustration-4.jpg,1033,1400,,octopuses
e3b42fcb-9996-4917-b1d9-77f2cb47603a,Man and Octopus,Ogawa Kazumasa,1897,/shop/19097501-edit.jpg,700,909,,octopuses
8a58eaa2-2dd2-4d35-a7e1-225e3056b931,,Henrique Alvim Corrêa,1906,/collections/henrique-alvim-correa-war-of-the-worlds/laguerredesmonde00well_0043.jpg,1285,1622,,octopuses
7f19114f-43ab-4b2e-a60a-cf94a31a4437,The Russian Octopus,Augusto Grossi,1878,/shop/dec2019-29.jpg,1200,783,,octopuses
31174502-9125-4dfd-bff1-67f779320b7d,"Octopus Car Wash, Minneapolis, Minnesota.",John Margolies,1981,/collections/john-margolies-photographs-of-roadside-america/48636162066_6613713d7b_c.jpg,552,800,,octopuses
ad7ccb3b-b702-49b9-8d21-ce3bb9f7b8ed,Japanese officer sitting on the head of an octopus which has captured ships disguised as fish in its tentacles.,Kobayashi Kiyochika,1904–5,/collections/kobayashi-kiyochika-s-cartoons-of-the-russo-japanese-war-1904-5/28920918742_87e92296b0_b.jpg,500,738,,octopuses
149e2870-ed63-4901-8842-7ca165dfb2b4,“The Calavera of the Morbid Cholera”,José Guadalupe Posada,1910,/collections/the-calaveras-of-jose-guadalupe-posada/8147685677_540e64308d_o.jpg,644,485,,octopuses
48c11af2-862f-4e0b-968d-62bd5965d18b,A Collector’s Cabinet,Frans Francken the Younger,1619,/essays/art-in-art/05-public_1086.tif-full.jpg,6966,4623,,"seahorses,shells"
e9665a3d-0d45-4e84-adcf-fc85c10f88eb,,Anton Seder,1896,/collections/das-thier-in-der-decorativen-kunst/gri_33125013920190_0026.jpg,1981,2482,,"crabs,crustaceans"
041600e3-7f3d-478e-a6b4-b8e9b6f72e65,"“Build your own world. So fast will disappearable things, swine, spiders, snakes, pests, mad house & prisons vanish”",C. P. Cranch,ca. 1837–9,/collections/cranch-new-philosophy/cranch-philosophy-11.jpg,2400,1125,,crabs
ed364958-9c19-460f-b085-e476ef32246c,Leo and Virgo,,1829,/collections/astronomia/10995150.jpg,1067,1546,,"crabs,lions"
8d23af4c-8f8a-4727-af7a-3663bb0eab42,,,1921,/collections/persian-demons-from-a-book-of-magic-and-astrology-1921/persian_astrology_00004.jpeg,901,555,,crabs
1f15acac-cd30-454d-9cea-7259797c402f,Development of Barnacles Into Geese. After Aldrovandus.,Aldrovandus (after); Henry Lee,1883,/collections/sea-monsters-sea-fables/seafablesexplain00leeh_0_0115-edit.jpg,1950,1737,,crustaceans
48dab29b-24bf-4d3c-9e76-7605572b33e7,A Ship's Figure-Head with Barnacles Attached to it.,Henry Lee,1883,/collections/sea-monsters-sea-fables/seafablesexplain00leeh_0_0120-edit.jpg,1872,1400,,crustaceans
32bb5a6a-e7a8-45fe-9161-cefd2731b6c1,,Anton Seder,1896,/collections/das-thier-in-der-decorativen-kunst/gri_33125013920190_0022.jpg,2532,1987,,crustaceans
698ed929-edde-4234-b108-20d35f51dc3a,,Anton Seder,1896,/collections/das-thier-in-der-decorativen-kunst/gri_33125013920190_0024.jpg,1626,2144,,crustaceans
74cf322a-4906-482e-a5f6-d6b5e2ce4214,Coral Reef Near Point De Galle,Eugen Ransonnet-Villez,1867,/collections/underwater-landscapes-of-eugen-von-ransonnet-villez/mobotpga_typ_822_67_7308_galle.jpg,1200,949,,corals
bcb2908f-6908-404d-a078-173018eebd2b,,Christoph Jamnitzer,1610,/collections/christoph-jamnitzer-neuw-grotesken-buch/RP-P-1953-121.jpg,5880,4752,,shells
5c5487f4-4471-4768-98ca-caaee8ff9e69,,Christoph Jamnitzer,1610,/collections/christoph-jamnitzer-neuw-grotesken-buch/RP-P-1973-156.jpg,4241,3431,,shells
1f4dbac1-72c3-4060-b733-62d7a575bd93,Globeflower,Karl Blossfeldt,1928,/shop/blossfeldt-urformen-00007.jpg,1153,1500,,shells
d0f76d28-558a-423a-b92a-509316269503,Shells and Sea Plants,Henricus Franciscus Wiertz,1809,/shop/nov-2023-prints-00054.jpg,977,1200,,shells
4838195d-525b-4d54-a3f0-ef2c2a6cfc83,,Thomas Smillie,1890–1913,/collections/smillie-smithsonian/smillie-smithsonian-61.jpg,2048,1664,,shells
f9bb203e-9d4d-40cb-b694-dc80d447c46e,,Thomas Smillie,1890–1913,/collections/smillie-smithsonian/smillie-smithsonian-34.jpg,1651,2048,,shells
a64decca-a730-4c3b-8766-494af411391f,Vanitas Still Life,Jacques de Gheyn (II),1603,/collections/visualising-bubbles/soap-bubble-8.jpg,916,1400,,shells
8ffd68c4-d9d0-4b6c-9969-5a18c6b4d0e6,Calcedony or Agate (*Silex Achates*),James Sowerby,1802–17,/collections/sowerby-mineralogy/sowerby-mineral-67.jpeg,789,882,,shells
87dd8451-b4b0-4d75-92ec-8b00f6139734,"Crystallized Carbonite of Lime, lenticular-equiaxed (*Calx carbonata*)",James Sowerby,1802–17,/collections/sowerby-mineralogy/sowerby-mineral-4.jpeg,924,1296,,shells
51d84d5b-d12e-4de8-ae81-0c7ab69b2baf,Assorted Gemstones,Max Bauer,1909,/shop/nov-21-prints-00013.jpg,801,1200,,shells
08ec0489-e8fe-4717-ba16-05ee6cb87673,"Daisho tsuba made of iron, with openwork round mussels. Gold inlaid details.",Georg Oeder,1916,/collections/photographs-of-japanese-sword-guards-1916//48782059338_56bd7ba665_o.jpg,600,615,,shells
f2928a86-21f4-43b8-b423-9ae135d6c40b,"Daisho tsuba made of iron, with openwork round mussels. Gold inlaid details.",Georg Oeder,1916,/collections/photographs-of-japanese-sword-guards-1916//48782421231_49ca66dcc3_o.jpg,600,624,,shells
85cdae7f-85b7-42ef-84b6-09ed584aef50,"11-Inch Shells for the ""Osaka Babies""",T.W. Ingersoll,1905,/collections/colorised-stereographs-of-the-russo-japanese-war-1905/11237537136_43d0654b93_b.jpg,1024,517,,shells
652eb9e4-2b6d-4d9c-b641-f35c8c8ee8fe,Charity Trapped in a Shell-Like Shape,Cornelis Floris II; Hieronymus Cock; Johannes or Lucas van Doetecum,1556,/collections/16th-century-ornament-prints/17678307975_9f29b0e9ee_o.jpg,800,1191,,shells
68141e1a-7b00-48e8-b183-166a76aeaaed,,Friedrich Lehmann; Ludwig Heinrich Bojanus,1821,/collections/turtle-anatomy-1821/7255521668_c85df99a35_o.jpg,850,539,,shells
d33fd9c7-9aff-42d2-926f-0db72fa70787,,,1894–1920,/collections/field-columbian-museum-1894-1920/3371421150_d6d5e42168_o.jpg,1050,757,,shells
655d29af-1334-4b42-ad4c-683be211ce56,,Anton Seder,1896,/collections/das-thier-in-der-decorativen-kunst/gri_33125013920190_0020.jpg,1642,2150,,seashells
747aeab3-a8fe-4090-9151-021ddadcd323,"I Have Said to the Worm, Thou Art My Mother and My Sister",William Blake,1793,/collections/william-blakes-the-gates-of-paradise/blake-gates-of-paradise-18.jpg,1796,2317,,worms
87fb5a68-432e-4307-9321-94d202d11e6f,Pushball at the Fort Meyer Horse Show in Florida,,1920,"/collections/pushball/Push_Ball,_Fort_Meyer_horseshow,_1920_LCCN2016828464.jpg",5322,4292,,horses
8a8d5a8a-0359-446c-8287-0fb96581fd90,Pushball at the Fort Meyer Horse Show in Florida,,1920,"/collections/pushball/Push_Ball,_Fort_Meyer_horseshow,_1920_LCCN2016828465.jpg",5364,4350,,horses
e4adddf1-318c-477d-a026-8172f8ad2857,"A young virgin, who was riding on horseback, struck by a thunderbolt",,1559,/collections/histoires-prodigieuses/histoires-prodigieuses-00008.jpg,2793,2998,,horses
93c8d712-5531-40b1-a67e-c456183e4a38,Story of an echo that nearly drowned a counsellor,,1559,/collections/histoires-prodigieuses/histoires-prodigieuses-00021.jpg,2580,2651,,horses
10dd03e2-57b4-4cec-bbb2-0f6fbd15e236,A Carload of Grapes from California,Edward H. Mitchell,1909,/collections/giant-produce-postcards/master-pnp-ds-03600-03652u.jpg,4532,2920,,horses
74612300-4bb7-4abf-ab94-3bab806966bf,,Wilhelm Dilich,1598,/collections/christening-of-lady-elisabeth-of-hesse/iiif-service_gdc_gdcwdl_wd_l__08_91_7_wdl_08917_bsb00001428_00094-full-pct_100-0-default.jpg,6228,4689,,horses
3570c3bc-f144-4539-8d1a-dfb3802dfa3d,,Wilhelm Dilich,1598,/collections/christening-of-lady-elisabeth-of-hesse/iiif-service_gdc_gdcwdl_wd_l__08_91_7_wdl_08917_bsb00001428_00102-full-pct_100-0-default.jpg,6234,4692,,horses
1a725b06-7bdc-4d10-9e36-3e8898857ae3,,Wilhelm Dilich,1598,/collections/christening-of-lady-elisabeth-of-hesse/iiif-service_gdc_gdcwdl_wd_l__08_91_7_wdl_08917_bsb00001428_00106-full-pct_100-0-default.jpg,6220,4688,,horses
c1e9ee3a-838f-4926-a9b7-2722f3d4ac76,,Wilhelm Dilich,1598,/collections/christening-of-lady-elisabeth-of-hesse/iiif-service_gdc_gdcwdl_wd_l__08_91_7_wdl_08917_bsb00001428_00116-full-pct_100-0-default.jpg,6183,4683,,horses
61bd4bb7-c012-4385-bf9f-2b4cf8acd1e8,,Wilhelm Dilich,1598,/collections/christening-of-lady-elisabeth-of-hesse/iiif-service_gdc_gdcwdl_wd_l__08_91_7_wdl_08917_bsb00001428_00120-full-pct_100-0-default.jpg,6211,4686,,horses
abf6c4e9-658b-45ed-b13f-edc82e9a2858,,Wilhelm Dilich,1598,/collections/christening-of-lady-elisabeth-of-hesse/iiif-service_gdc_gdcwdl_wd_l__08_91_7_wdl_08917_bsb00001428_00134-full-pct_100-0-default.jpg,6206,4674,,horses
547251f6-afd4-4729-9ff5-d512713eae04,,Wilhelm Dilich,1598,/collections/christening-of-lady-elisabeth-of-hesse/iiif-service_gdc_gdcwdl_wd_l__08_91_7_wdl_08917_bsb00001428_00150-full-pct_100-0-default.jpg,6184,4694,,horses
021137b1-8bde-4447-b21a-5d3e41a329ac,,Wilhelm Dilich,1598,/collections/christening-of-lady-elisabeth-of-hesse/iiif-service_gdc_gdcwdl_wd_l__08_91_7_wdl_08917_bsb00001428_00157-full-pct_100-0-default.jpg,3130,4702,,horses
d9634348-31f6-41a2-87f2-e9b934f56476,Sun and Moon,,1600,/collections/christening-of-lady-elisabeth-of-hesse/iiif-service_gdc_gdcwdl_wd_l__08_91_1_wdl_08911_bsb00001352_00071-full-pct_100-0-default-detail.jpg,4076,2712,,horses
25077536-6ce9-4fbf-aabb-c3c8bf67623a,Magnetic Exercise,,1896,/collections/plain-home-talk/plainhometalkabo00foot_0258.jpg,2502,2689,,horses
2284319b-e94e-49c2-a8fc-c06d0f1cface,October 1904 cover for *Hototogisu*,Anonymous,1905,/shop/newprints-nov24-00011.jpg,1022,1500,,horses
9e95d13e-d0fa-4e27-80ce-e96b5fd5827e,Man on a Ladder with Disected Horse's Leg,Thomas Eakins,ca. 1885,/collections/eakins-horse-leg/DP116696.jpg,3054,3444,,horses
365867a3-f260-4a19-92b9-2b6deab1c5ea,Celestial apparition from 1586 over the North Bohemian town of Tachau.,,1586,/collections/celestial-phenomena-16th-century-germany/celestial-phenomena-00008.jpeg,4563,6500,,"horses,lions"
28cc2f69-6a32-406f-ae80-eeab85a8670d,Melted Away Like a Snow Man,Jean de Bosschère,1921,/collections/weird-islands/weird-islands-00017.jpeg,870,1437,,horses
42c469e1-f10a-4724-9f7d-6bfe0b86fea5,Darkened the Chain of Islands With Its Shadow,Jean de Bosschère,1921,/collections/weird-islands/weird-islands-00015.jpeg,3861,2704,,horses
6fe16e39-1247-4eda-ae53-02d4e102145b,His Saw Passed Through the Hoof Without Leaving a Trace,Jean de Bosschère,1921,/collections/weird-islands/weird-islands-00014.jpeg,1704,2464,,horses
066d0ca8-96b9-48c6-a522-f487e65bf6b8,,Jean de Bosschère,1921,/collections/weird-islands/weird-islands-00013.jpeg,1689,2070,,horses
4f678d4b-2a15-40b6-8534-01af814f15e3,Christ Carrying the Cross,Marcus Gheeraerts,ca. 1580,/collections/passio-verbigenae/passio-verbigenae-5.jpg,3372,4804,,horses
8e2d7765-24cf-4065-90a0-e79d9a62f346,"“The music of the rich is always pleasant, even if played on a jawbone”",Jan Wierix,ca. 1568,/collections/wierix-flemish-proverbs/RP-P-1939-398.jpg,4900,4884,,horses
9317f263-d241-4c57-9e25-a60c34cdb9c5,View of a landscape on the Dieng Plateau,Franz Wilhelm Junghuhn,1854,/collections/junghuhn-java-album/09-RP-P-2018-1020-edit.jpg,5538,4081,,horses
3a2d1cbf-bf19-4aa4-922e-025e84a81496,Upper part of Vestre Okstindbreen,Charles Rabot,ca. 1881,/collections/charles-rabot/NVE_RABOT_000105.jpg,3196,2350,,horses
4b94801d-9ae1-4dc9-be0f-e642cd5256c7,,Madame B,ca. 1870s,/collections/madame-b-album/madame-b-album-00052.jpeg,3000,2116,,horses
773aeaf1-777d-44e0-b13d-d6d805672240,,Madame B,ca. 1870s,/collections/madame-b-album/madame-b-album-00048.jpg,2819,1981,,horses
7f243022-bd49-4b40-98ec-29e30214cad4,,Katsushika Hokusai,1836,/collections/hokusai-warriors/hokusai-c13.jpg,3224,2292,,horses
8cae31b5-164b-4abc-a918-3e02bfe2f14c,“Olli and the Troll's horse”,Jay Van Everen,1922,/collections/mighty-mikko/mikko-9.jpg,989,1400,,horses
f960509d-8db0-4f24-85d6-1c39fd45a603,"White Hawk, Left Hand Bear, Fredireck C. Cummins, Chief Black Heart",,1901,/collections/cummins-indian-congress/cummins-1.jpg,1400,1068,,horses
65827bcd-69e7-4513-be7d-0a6bf0c2bac1,A colossal bronze horse upon a pedestal,,1499,/essays/hypnerotomachia-poliphili/05-pegasus-edit.jpeg,1636,1340,,horses
13ad5373-4472-448c-a25e-6e83ad5509cd,"Entrance of the grotto at Posillipo, called Piedigrotta, reputed to be Virgil's tomb",Peter Fabris,1776–9,/collections/campi-phlegraei/campi-phlegraei-3.jpg,1400,761,,horses
2e24636b-0f15-4e61-9e38-a510ea5abeda,A quarry from which stones were cut to make the pavements of Naples,Peter Fabris,1776–9,/collections/campi-phlegraei/campi-phlegraei-1-rev1.jpg,1400,760,,horses
47de9acf-c19f-4016-91ac-5944655a58e4,The road leading from the Grotto of Posillipo inland to Pianura,Peter Fabris,1776–9,/collections/campi-phlegraei/campi-phlegraei-41.jpg,1400,741,,"dogs,horses"
73e3f51e-3b22-41af-830d-c8e6efd33670,The lake of Agnano,Peter Fabris,1776–9,/collections/campi-phlegraei/campi-phlegraei-37.jpg,1400,750,,horses
fc61d014-0f10-4a60-bfe8-16be2df57021,Lake Avernus (Lago d'Averno) and environs,Peter Fabris,1776–9,/collections/campi-phlegraei/campi-phlegraei-9.jpg,1400,754,,horses
d5a97958-0dbf-4bd4-b261-f50ed24019dd,Effect Painting,,1867,/essays/before-black-square/10-fb46_0108-edit.jpg,2208,2808,,horses
07d974e6-a4e3-40f8-863f-b4827817bf00,"(Volume 5, pg. 19)",,1913,/collections/unai-no-tomo/unai-no-tomo-5.19.jpg,1400,1006,,horses
aeb09ba7-fcde-483d-9da9-8ace4b11c9cb,"*Miharu goma* (colt of Miharu), from Oshu, North Japan. Shimizu told Culin that it was also called *kosodate uma*, or “child-raising horse”, suggesting it may have been a charm for protecting children. (Volume 1, pg. 37)",,1891,/collections/unai-no-tomo/unai-no-tomo-1.37b.jpg,1400,1007,,horses
99be85a6-4862-4a39-a9ed-412c060b2928,,Philipp Hainhofer,1596–1633,/collections/hainhofer-stammbuch/hainhofer-stammbuch-115.jpg,1021,1400,,horses
790c6c6d-a23c-4a65-b662-d2962f28f49f,"E. Landis' equine velocipede, or, *bone-shaker*.",Robert Pittis Scott,1889,/collections/cycling-art/cyclingartenergy-4.jpg,1336,1400,,horses
f80e5bfb-c31b-4394-9dfc-657cf629621d,Battles prophesied,,ca. 1330,/collections/holkham-bible/holkham-bible-37.jpeg,977,1269,,horses
fc1b94c3-4f6b-4a85-a5e3-9dda2d119de5,The Flight into Egypt; Joseph and Mary are robbed,,ca. 1330,/collections/holkham-bible/holkham-bible-15.jpeg,911,1211,,horses
1203d144-de36-4be7-82b9-1cbf59063ae3,"Color woodblock print by Utagawa Kunisada (I), ca. 1825",Utagawa Kunisada,ca. 1825,/collections/snowball-fights/snowball-fight-16.jpg,1400,648,,horses
a91e30a5-dd4f-477a-a119-815056e1bf32,"The Snowball Battle near Dalton, Georgia, March 22, 1862. A Grand Mock Battle between Several Divisions of Confederate Soldiers",Alfred R. Waud,1864,/collections/snowball-fights/snowball-fights-44.jpg,1400,1054,,horses
77518827-03fe-47ff-b515-5bdde66c2f01,Triumph of the Pox,,ca. 1800,/essays/the-mark-of-the-beast-victorian-britains-anti-vaxxer-movement/gare-la-vaccine.jpg,1400,924,,horses
28378321-3bd1-4617-a4b4-e9851808449e,,Agostino Ramelli,1588,/collections/agostino-ramelli-theatre-of-machines/ramelli-2008rosen1086-0674v.jpg,1400,1052,,horses
d3571ed3-d7dc-4e3c-801f-0f2430239ce5,,Agostino Ramelli,1588,/collections/agostino-ramelli-theatre-of-machines/ramelli-2008rosen1086-0409v.jpg,775,1200,,horses
b6c3f268-7148-413b-a322-f3a31584918e,Sun Chariot,Anonymous,ca. 1820,/shop/nov-2020-prints-new-00028.jpg,712,1000,,horses
4a4b99cb-0806-4380-aabf-d49d65f88f79,Doctor Syntax At Covent Garden Theatre,Thomas Rowlandson,1813,/collections/dr-syntax/dr-syntax-00043.jpg,1400,814,,horses
4d390bba-7d0d-4f43-9f75-e471d04dcf43,Doctor Syntax Among the Tomb Stones,Thomas Rowlandson,1813,/collections/dr-syntax/dr-syntax-00039.jpg,1400,867,,horses
5d55bf61-e5f1-4d48-870f-9d1771143eec,Doctor Syntax Sketching the Lake,Thomas Rowlandson,1813,/collections/dr-syntax/dr-syntax-00042.jpg,1400,835,,"dogs,horses"
6f187eeb-6aef-49f9-9fc8-3ace0e1ce82c,Doctor Syntax Losing His Way,Thomas Rowlandson,1813,/collections/dr-syntax/dr-syntax-00037.jpg,1400,869,,horses
cae61bb5-62c0-478b-ad37-277375012981,Doctor Syntax Bound to a Tree by Highwaymen,Thomas Rowlandson,1813,/collections/dr-syntax/dr-syntax-00034.jpg,1400,857,,"dogs,horses"
e7e60626-7d2c-4662-917f-0b0a1de5ff9d,Doctor Syntax Tumbling Into the Water,Thomas Rowlandson,1813,/collections/dr-syntax/dr-syntax-00047.jpg,1400,848,,horses
5c33c4e3-9d87-48f3-a721-b3d63c4cc0a3,"Group of women and men in a decorated carriage, during Juneteenth celebrations in Corpus Christi, Texas",George McCuistion,1913,/collections/juneteenth-photographs/mccuistion-2.jpg,2392,1872,,horses
9cf6ad6d-784a-4d87-a2f7-1e80b02b0cb5,"Juneteenth celebrations in Corpus Christi, Texas",,1855,/collections/juneteenth-photographs/mccuistion-5.jpg,1500,1106,,horses
a0fcbca4-8dd0-4031-9aa6-24a810e33db5,"Two women and a man in a decorated carriage, Juneteenth celebrations in Corpus Christi, Texas",George McCuistion,1913,/collections/juneteenth-photographs/mccuistion-4.jpg,1500,1169,,horses
5a16f410-61ed-49bb-a5f2-398d25c75e88,Vignettes of Rome during the Plague of 1656,Giorgio Lambuzzi; Michelangelo Marinari,1656,/essays/athanasius-kircher-study-of-the-plague/nlm_nlmuid-101393955-img-edit.jpg,1400,1022,,horses
20632e4f-a6ac-4717-8370-c63862b9e958,Fashionable Battle of Frogs: II,Kawanabe Kyōsai,1864,/shop/oct_19_new_prints_00092.jpg,813,1200,,horses
5ce3741f-f6fe-43b9-b7b4-d22d73fce9fd,"Tsuba made of iron, openwork. Jumping horse within plain hoop",Georg Oeder,1916,/collections/photographs-of-japanese-sword-guards-1916//48782421421_13d0e40182_o.jpg,600,611,,horses
9153b47a-a201-4a21-89f7-3a5446f5639a,Pity,William Blake,ca. 1825,/shop/DP108219-1.jpg,1200,960,,horses
363352c0-489e-48ad-a42c-ebcd024eda4f,The Bewitched Groom,Hans Baldung,1544–45,/collections/highlights-from-the-cleveland-museum-of-art-s-release-of-more-than-30k-images-of-public-domain-works/46887554942_84eecd3fdb_o.jpg,696,1122,,horses
2c81b64f-a7f2-4316-9e8a-77c0f58450e0,"""And flitted away as far as they could from the Castle that lay East of the Sun and West of the Moon.""",Kay Nielsen,1922,/collections/east-of-the-sun-and-west-of-the-moon-illustrated-by-kay-nielsen-1922-edition/31880038298_2ace8d00eb_c.jpg,567,800,,horses
359f43c0-48d8-4086-a464-2c4c0ba5ee62,,Kay Nielsen,1922,/collections/east-of-the-sun-and-west-of-the-moon-illustrated-by-kay-nielsen-1922-edition/43934094920_4e211101a6_c.jpg,586,800,,horses
5458eaca-b6a8-4142-8fa9-2069dca86c7b,Neapolitanus,Workshop of Philips Galle,ca. 1624,/essays/elephants-horses-and-the-proportions-of-paradise/45730298551_f91fcbebc1_b.jpg,1000,785,,"elephants,horses"
56b34d7e-0c20-4cb6-a572-dbfbab319848,Grids for a Horse,,1643,/essays/elephants-horses-and-the-proportions-of-paradise/30790935917_6a6802436c_b.jpg,1024,760,,"elephants,horses"
8fbec6f5-865e-43c2-998d-3b9862ddaec2,Fore-edge for a copy of *A Tour through the Isle of Man*,,1794,/collections/fore-edge-book-paintings-from-the-boston-public-library/42646881111_87820200dc_b.jpg,1024,239,,horses
eacb87ed-d6ee-4edb-a531-eeefb2535f95,Fore-edge for a copy of *Songs of the Chace*,,1811,/collections/fore-edge-book-paintings-from-the-boston-public-library/42646879251_c07ee3e999_b.jpg,1023,272,,horses
ff74e7ae-cc8f-468c-b77e-43c119df5290,The Ploughman,Hans Holbein,1523–5,/collections/hans-holbeins-dance-of-death-1523-5/40606008735_db80f8fe88_o.jpg,550,720,,horses
81f5426f-95b0-4c5b-93a9-af363625492f,,Robert Seaver,1782,/collections/the-diverting-history-of-john-gilpin-shewing-how-he-went-further-than-he-intended-and-came-safe-home-again-1782/41050550971_77c8817c6e_c.jpg,800,493,,horses
bb640680-c3b7-4623-b3b1-676e12956a4b,,Robert Seaver,1782,/collections/the-diverting-history-of-john-gilpin-shewing-how-he-went-further-than-he-intended-and-came-safe-home-again-1782/41050550821_9e7b985928_c.jpg,799,490,,horses
ff0b234f-2b58-489f-928b-bfc12aa2b6a0,,Robert Seaver,1782,/collections/the-diverting-history-of-john-gilpin-shewing-how-he-went-further-than-he-intended-and-came-safe-home-again-1782/41050551031_a3e2e66501_c.jpg,800,500,,"dogs,horses"
f4f3c2b7-a39f-4579-bdf6-5ef57c8c1467,,Robert Seaver,1782,/collections/the-diverting-history-of-john-gilpin-shewing-how-he-went-further-than-he-intended-and-came-safe-home-again-1782/41050551251_aaeeccfebd_c.jpg,800,498,,horses
c5209967-9573-4e74-8184-d10e099d40d5,Amduscias,Louis le Breton,1863,/essays/defining-the-demonic/37876376312_e3c2ea242b_c.jpg,723,800,,horses
64c86b7f-84e0-4250-94b6-c219de8f4548,,Adolph Metzner,1861–4,/collections/the-civil-war-sketches-of-adolph-metzner-1861-64/20-2.jpg,1024,769,,horses
8a7c8474-0b1b-4fde-b646-4ac4717c3069,,Adolph Metzner,1861–4,/collections/the-civil-war-sketches-of-adolph-metzner-1861-64/15-2.jpg,1024,799,,horses
123e7944-7b9d-475c-98e5-f4b82e006810,,,ca. 1410,/collections/the-flower-of-battle-italian-fighting-manual-ca-1410/34646746850_c57605be1b_o.jpg,712,860,,horses
2d455c15-906f-4eab-b481-4031f711559a,,,ca. 1410,/collections/the-flower-of-battle-italian-fighting-manual-ca-1410/34646747240_48a1f4b081_o.jpg,712,863,,horses
326f02fa-08c6-4cde-9528-2861f59511c9,,,ca. 1410,/collections/the-flower-of-battle-italian-fighting-manual-ca-1410/34870300232_6af4a020f1_o.jpg,712,852,,horses
44ff5f15-506f-48e6-b5ac-7da1a0e584ad,,,ca. 1410,/collections/the-flower-of-battle-italian-fighting-manual-ca-1410/34870299302_6bb92b7a49_o.jpg,712,863,,horses
4653f8c7-cc51-462d-b735-65d5a7dff055,,,ca. 1410,/collections/the-flower-of-battle-italian-fighting-manual-ca-1410/34994236866_23e27d9d06_o.jpg,712,794,,horses
542d2672-d1f5-466a-bca7-905fac15829f,,,ca. 1410,/collections/the-flower-of-battle-italian-fighting-manual-ca-1410/34646745550_824f6516b0_o.jpg,712,869,,horses
5e7f0abd-64c5-40bc-ae69-c19363e1a377,,,ca. 1410,/collections/the-flower-of-battle-italian-fighting-manual-ca-1410/34646745930_b0b5933efc_o.jpg,712,853,,horses
6bbcce15-20d4-497d-a5e3-3bb139741c1e,,,ca. 1410,/collections/the-flower-of-battle-italian-fighting-manual-ca-1410/34646747410_449228f44a_o.jpg,712,862,,horses
09c532c9-9b7f-4f65-89d6-60079583cb64,,,ca. 1410,/collections/the-flower-of-battle-italian-fighting-manual-ca-1410/34994236466_ecb25262af_o.jpg,712,836,,horses
07d55909-c13d-42a1-8783-157740cd6d95,,,ca. 1410,/collections/the-flower-of-battle-italian-fighting-manual-ca-1410/35034234575_5c11b49802_o.jpg,712,847,,horses
a3d055d6-4ba4-4cf7-8966-26c1566518c9,,,ca. 1410,/collections/the-flower-of-battle-italian-fighting-manual-ca-1410/35034234775_aeb825aa8e_o.jpg,712,847,,horses
c22de438-e9cd-4a79-abc4-9b8e1b2c7c3a,,,ca. 1410,/collections/the-flower-of-battle-italian-fighting-manual-ca-1410/34646745130_5925005d2d_o.jpg,712,878,,horses
e5ef238e-a7dd-4257-b33d-a10b8fd23efc,,,ca. 1410,/collections/the-flower-of-battle-italian-fighting-manual-ca-1410/34994236196_1ae3250721_o.jpg,712,862,,horses
ec223bb3-7cf7-4751-b56a-a0a14f865646,,,ca. 1410,/collections/the-flower-of-battle-italian-fighting-manual-ca-1410/34646745410_7b9da99b3a_o.jpg,712,867,,horses
e4b3738c-a914-4b0b-ac79-3c0032741ced,,,ca. 1410,/collections/the-flower-of-battle-italian-fighting-manual-ca-1410/34646746520_c1e95eafd0_o.jpg,712,872,,horses
e05c462f-b2c7-4d3f-8e3b-99abc13579a0,"Iron and Son, Shoes for Men And Beasts",J. J. Grandville,1877,/collections/public-and-private-life-of-animals-1877/34461707220_33f73d1933_o.jpg,596,723,,horses
7d1f5e5f-353e-41d4-ae6a-dd23a735c8b7,Photograph Of A Horse,Ottomar Anschütz,1884,/collections/a-selection-from-the-met-s-public-domain-collection-now-free-from-all-restrictions/32811427571_4d40603612_b.jpg,1000,754,,horses
a14f6d3b-cf5b-4a8a-9a88-18451417b947,A Paradice [Sic] For Fools–A Nocturnal Trip–Or–The Disciple Of Johanna Benighted–Vided Scourge No. XXXVI,Charles Williams,1814,/collections/a-selection-from-the-met-s-public-domain-collection-now-free-from-all-restrictions/32811404191_e2624a5ac1_b.jpg,1000,420,,horses
1dab3711-c639-437c-8219-971767c0be65,Phenakistoscope,,1833,/collections/phenakistoscopes-1833/480px-Optical_illusion_disc_with_somersaults_and_horseback_riding.gif,480,480,,horses
51bafafd-e073-4a18-9128-e6fcd2238951,Phenakistoscope,,1833,/collections/phenakistoscopes-1833/29262438121_ceca2249be_b.jpg,669,658,,horses
4a5dbde4-7dd1-41dd-85c1-f4287cd1e0d6,"Prospero, Miranda and Ariel, from ""The Tempest""",,ca. 1780,/collections/shakespeare-in-art/26269641440_d217486cea_b.jpg,1023,781,,horses
b53feecc-ab7a-4e59-b805-b9f6dabecce5,,Peter Rollos,ca. 1687,/collections/le-centre-de-l-amour-ca-1687/24290240424_b0af08e9d2_b.jpg,800,686,,horses
a0e79fb4-6ed5-42ae-857a-fae210d0e652,A London Fog,,ca. 1862,/essays/bad-air-pollution-sin-and-science-fiction-in-william-delisle-hay-s-the-doom-of-the-great-city-1880/21594252148_b953ea1bed_b.jpg,845,1024,,horses
76757aa1-b75b-407a-9162-010236d08632,"Roadside View Papandayang, Java",Tempest Anderson,1913,/essays/tempest-anderson-pioneer-of-volcano-photography/Near_Papandayan_YORYM_TA3623.jpg,1035,1024,,horses
c049b682-9fb9-4af7-99c9-c4fdc34b1a6e,Japanese Depictions of North Americans,,1860s,/collections/japanese-depictions-of-north-americans-1860s/20264365926_ec11b227d6_b.jpg,613,870,,horses
10bb41a5-5a51-48bf-b64b-dcc318a034ec,The Jockey’s Dream,Currier and Ives,ca. 1880,/collections/the-art-of-dreams/16591615803_bbc31e8184_c.jpg,800,620,,horses
811050c5-93f1-4c5d-82e0-48336fb313c5,Cavalryman,Mary Browne,1821,/collections/illustrations-from-a-teenage-holiday-journal-1821/17219923856_2681f1c992_c.jpg,657,800,,horses
b0b09f41-2ce8-4e52-8fd7-8b7edba0be2d,The Horse,William Blake,1805,/essays/william-blake-and-paul-mellon-the-life-of-the-mind/15209190630_2b45cc0ed6_o.jpg,1000,1564,,horses
43c5e526-5ac0-46ea-be58-6d6a92d570b2,"Scene from 'Macbeth' at the Lyceum Theatre, London",,1875,/collections/highlights-from-folger-shakespeare-library-s-release-of-almost-80000-images/14907003692_a7cedd7ab2_b.jpg,1024,705,,horses
0df67e0c-b565-4751-a937-bd7d0ebc6b92,Mr. Ducrow as the Brigand Chief,,1837–40,/collections/highlights-from-folger-shakespeare-library-s-release-of-almost-80000-images/14904302281_e15f4eed8f_b.jpg,1024,823,,horses
b5043549-46a8-4004-a752-f5e6c576fefb,"“Those dervishes who have toiled and been abused, and have not known comfort in this world, they too [like the prophet] will ride Baraq [to heaven]”",,19th century,/collections/punishment-in-the-afterlife-an-eastern-turki-manuscript/14155080116_6ecd03633c_b.jpg,620,759,,horses
30c8d47d-e91d-4742-9f95-160fd86d0c1d,A tree and an animal castrating itself.,,ca.1440,/collections/tractatus-de-herbis-ca-1440/13968949565_afaf6a2bf1_b.jpg,570,850,,horses
86d025b7-a680-4762-9f3b-bdb91780ca6c,,,,/collections/the-british-library-s-mechanical-curator-million/11448816816_d20fa62481_o.jpg,491,250,,horses
7286e45a-83e1-43b3-a4b6-27f19d7e46ff,,Jacques-Louis David,1770s,/collections/the-sketchbooks-of-jacques-louis-david/10343337106_f188aaef94_o.jpg,502,747,,"horses,lions"
75485599-7abe-4645-8399-772dd59937ad,,Jacques-Louis David,1770s,/collections/the-sketchbooks-of-jacques-louis-david/10343508663_6488b1fb3c_o.jpg,988,672,,horses
755e3752-5fc1-480e-a787-123d281ec1e3,The Belly of a Horse,William Carver,1820,/collections/the-belly-of-a-horse-1820/9409858772_1025a0be68_o.jpg,716,1234,,horses
ce52212a-6162-4466-8dd3-c2d6afae812f,"Homesteaders Trekking from Moose Jaw, Saskatchewan",,1909,/essays/canada-through-a-lens/9149545381_8b95dccded_o.jpg,800,638,,horses
37b9f38e-dd16-4c8c-b973-0e18f782627a,The People of the Moon and the People of the Sun at war,,1647,/essays/lucians-trips-to-the-moon/9132402947_23a820a0ef_o.jpg,540,415,,horses
c0abe514-c483-4139-98fb-5c008b49c8e5,The Archangel Helping Hezekiah of Judah Defeat Sennacherib of Assyria,,Late 17th century,/collections/17th-century-ethiopian-manuscript-the-miracles-of-the-archangel-michael/8719769573_f1165b775e_o.jpg,550,605,,horses
f3e2b5dd-624c-4aac-9c21-81c014fd3856,The horse turned groom,,18th century,/collections/the-world-turned-upside-down-18th-century/8598115692_93a5fe41b8_o.jpg,795,546,,horses
9dac95e4-60c3-420e-8fc2-af5a690bfce6,"Pursue thy Workes, Without Delay",George Wither,1635,/collections/the-heart-in-art/8470215967_de07659ce0_o.jpg,500,563,,horses
68198bc1-d631-464b-8591-2189edb4f4f7,,,1882,/collections/woodcuts-from-18th-century-chapbooks/8067342247_707262fd5b_o.jpg,449,284,,horses
acbaef19-2115-4f38-af1c-8ddc54fb5757,,,1882,/collections/woodcuts-from-18th-century-chapbooks/8067338142_603faf592f_o.jpg,480,538,,horses
5b7080b2-d4c8-40a7-94f5-47dc2c382803,,,1912,/collections/winners-in-the-fifth-olympiad-1912/7704919908_19e1c4edc8_o.jpg,700,1093,,horses
9271d3de-2c5d-4c8f-a031-8d4b438fa8a3,,,1912,/collections/winners-in-the-fifth-olympiad-1912/7704919616_57edb92d37_o.jpg,700,1093,,horses
b15d6cfb-caea-41b3-b3c4-cc4a313577a7,,,1912,/collections/winners-in-the-fifth-olympiad-1912/7704919330_b6398b26b5_o.jpg,700,1093,,horses
4a24f066-a58d-4306-aac4-c5f43cfb86df,,Leonhard Zubler,1607,/collections/novum-instrumentum-geometricum-1607/722px-Fotothek_df_tg_0001496_Geometrie_5E_Vermessung_5E_Entfernung_5E_Winkelinstrument_5E_HC3B6he_5E_Festungsgraben_5E.jpg,722,599,,horses
71c4b564-456a-41d7-9f84-8608e22ae048,Hansom cab,,ca. 1890,/collections/kodak-no-1-circular-snapshots/2780165657_4c548bc507_z.jpg?zz=1,502,640,,horses
7e28b6be-9c34-4757-bd93-e76f1dff3650,,Giambattista della Porta,1586,/collections/giambattista-della-porta-s-de-humana-physiognomonia-libri-iiii-1586/384px-De_humana_physiognomonia_libri_IIII_-_NLM_NIH_-_page_83.jpg,384,600,,horses
18317344-6d6d-4b42-a35b-0b38ff4d9378,Girl with Kite and Dog,Ethel M'Clellan Plummer,ca. 1917,/collections/art-of-kite-flying/kite-flying-00059.jpg,5126,6523,,dogs
5823d54a-08a2-48b7-bf84-72de993f6a22,Cruel persecutions and massacres of Christians,,1559,/collections/histoires-prodigieuses/histoires-prodigieuses-00011.jpg,2761,3047,,dogs
af9a9c99-a326-4ad8-8b08-0ce044ce2669,The roots of the Baara,,1559,/collections/histoires-prodigieuses/histoires-prodigieuses-00026.jpg,2618,2855,,dogs
ba2c3d29-6029-40af-b992-8697d180e580,From the Pont de Grenelle,Henri Rivière,1888–1902,/collections/36-views-of-the-eiffel-tower/20-image_riviere_henri_du_pont_de_gren_g.22392-20_2023169.jpg,2904,2424,,dogs
1897b500-3d44-40fb-88a8-e5c28df1c660,The Corinthian Maid,Joseph Wright,1782–84,/collections/origins-of-painting/Joseph_Wright_of_Derby._The_Corinthian_Maid._c.1782-5..jpg,10775,8744,,dogs
7cd0afd5-105c-413d-90c8-b7ff4a6d3480,Marie Høeg and her dog Tuss,,ca. 1895–1903,/collections/berg-and-hoeg/32106953814_169c298c7e_o.jpg,1140,1681,,dogs
a9561829-3e35-4b8d-86e6-8af027fc9e10,Cat’s meat man,Horace William Petherick,1875,/essays/the-cats-meat-man/09-149902-edit.jpg,1086,1816,,"cats,dogs"
76c95be8-55f5-469e-b470-ba70378ff5e6,The Cat’s-Meat Man,Thomas Crane; Ellen Houghton,1883,/essays/the-cats-meat-man/08-London_Town_1-edit.jpg,1324,1600,,"cats,dogs"
4db909bd-1239-40fd-8ef8-37c847eedd09,Next Morning the Princess Peeped Out and Saw the Shepherd,Jay Van Everen,1921,/collections/fillmore-the-laughing-prince/laughingprincebo00fill_0173.jpg,1818,2751,,dogs
13746682-5d91-43c7-994d-e81b7fb4d354,"Oversize LJS 419 Erbario (University of Pennsylvania), ca. 1400–1500, f. 39v.",,ca. 15th century,/collections/mandrakes/mandrake-00008.jpg,2700,3396,,dogs
27e3f74a-59de-429d-ab57-2d343959d713,"Antonius Musa, *Herbal*, MS.573 (Wellcome), ca. 1225–1275, f. 35v.",,ca. 1225-1275,/collections/mandrakes/mandrake-00069.jpeg,3180,3003,,dogs
6a2bcaff-2346-4773-a2b2-b5abf4f55b9c,"*Herbarium Apuleii*, Ms. 18 (Yale Medical Library), ca. 1400, p. 83.",,ca. 1400,/collections/mandrakes/mandrake-00042.jpeg,2129,1995,,dogs
73f94376-dbf4-4f9f-b00d-862cff23dba6,"Oversize LJS 419 Erbario (University of Pennsylvania), ca. 1400–1500, f. 38v.",,ca. 15th century,/collections/mandrakes/mandrake-00007.jpg,2744,3024,,dogs
a235530e-9f14-4bf1-9764-080f7bad6a41,"Johannes Hartlieb’s *Kräuterbuch*, 2021667734 (LoC), 1462, image 220.",,1472,/collections/mandrakes/mandrake-00029.jpeg,3648,4552,,dogs
cbf35082-035e-4c53-8ddb-4f984ea0fe7c,"Sloane MS 1975 (BL), ca. 1175–1200, f. 49r.",,ca. 1175-1200,/collections/mandrakes/mandrake-00064.jpeg,995,1749,,dogs
d35e8600-2930-42b3-a270-64f073015c0b,"Harley MS 3736 (BL), ca. 16th century, f. 59r.",,ca. 16th century,/collections/mandrakes/mandrake-00051.jpg,1212,1708,,dogs
f2ca51e1-420a-4637-b1d5-8e881821f1ef,"Cod. 5264 (Österreich Nationalbibliothek), ca. 1450, f. 58v.",,ca. 1450,/collections/mandrakes/mandrake-00043.jpg,2332,2977,,dogs
f0a2fb76-d520-4f51-91d8-2bee780e7626,"Johannes Hartlieb, *Kräuterbuch*, in Cod. Pal. germ. 311 (Universitätsbibliothek Heidelberg), ca. 1455–1460, f. 289v.",,ca. 1455–60,/collections/mandrakes/mandrake-00022.jpg,1088,1528,,dogs
9c65f6ec-a6b8-47c5-a35d-3a8d815d50da,Guntur volcano in West Java,Franz Wilhelm Junghuhn,1854,/collections/junghuhn-java-album/07-RP-P-2018-1029-edit.jpg,4738,3682,,dogs
fe8766ef-d11a-4c4f-b3e2-db208e5bbcde,Dog and Cat,Printed by Monogrammist GVL,1767–1793,/shop/nov-2023-prints-00040.jpg,1200,925,,"cats,dogs"
0aacf25a-7967-4c04-bd01-f29ae3f908ad,Melencolia I,Albrecht Dürer,1514,/essays/stamped-by-harmonic-stars/6-edit-RP-P-OB-1237-1.jpeg,940,1200,,"bats,dogs"
62f7a649-6797-4129-9f1c-2028e703b563,,Madame B,ca. 1870s,/collections/madame-b-album/madame-b-album-00043.jpg,2882,2069,,dogs
c6edce51-f828-4d38-a30b-e8da6141aab8,Interrogative Point,Mr. Stops,1824,/collections/punctuation-personified/punctuation-personified-17.jpg,2357,2122,,dogs
a987cb3e-13f0-4560-a593-dc27b089a920,A Mad Dog in a Coffee House,Thomas Rowlandson,ca. 1800,/collections/moseley-coffee/rowlandson-mad-dog.jpg,1400,1007,,dogs
996abbda-bf9e-473d-9835-9c68045a9ca3,“A Black couple and their dog in their apartment in south side Chicago. From 1960...”,John H. White,1973–4,/collections/documerica/documerica-22.jpg,1014,1500,,dogs
852e6d55-84fb-4d31-90fb-176cf5006396,The Secession Bubble. “It Must Burst”,J. H. Bufford,ca. 1862,/collections/visualising-bubbles/soap-bubble-45.jpg,1072,1400,,dogs
16f605f1-e2bd-4842-ade7-73b64323d368,Tufa at the bottom of the crater of Monte Nuovo near Pozzuol,Peter Fabris,1776–9,/collections/campi-phlegraei/campi-phlegraei-44.jpg,1400,748,,dogs
95ec2885-254b-437f-9f27-0e9a43f1252b,"The Pisciarelli (a hot spring) issuing from the cone of the Solfatara, and a man bathing in the hot waters",Peter Fabris,1776–9,/collections/campi-phlegraei/campi-phlegraei-39-rev1.jpg,1400,753,,dogs
fce17328-d391-441d-9c3a-0fbfe729fd06,"“An unusually distinct Paraselena that appeared on 11th December, 1875.”",Edward L. Moss,1875,/collections/shores-of-the-polar-sea/moss-shores-1.jpg,1400,1028,,dogs
6fbc6d32-f1cc-4399-83a1-4352698159da,F. H. C. Mey's velocipede.,Robert Pittis Scott,1889,/collections/cycling-art/cyclingartenergy-10.jpg,1400,1179,,dogs
154e940a-2eb8-4d79-adbb-b1f44eeb72dd,"Lillie and Grace in the hammock, September 1900",Theresa Babb,1900,/collections/babb-photographs/Babb-9.jpg,1351,1400,,dogs
363b7000-a04b-480c-a9e4-bc07b03cf881,"Two unidentified women seated near Beauchamp Point, October 1900.",Theresa Babb,1900,/collections/babb-photographs/Babb-44.jpg,1455,1400,,dogs
32e2f5aa-aae0-404a-b799-5ca7121f3c70,“Lillie & Jessica Lewis in boat. Also picture of sailboat. October 1900.”,Theresa Babb,1900,/collections/babb-photographs/Babb-32.jpg,1410,1400,,dogs
bda9b10e-4cc1-456f-9669-811a2d164238,Walking Couple by Moonlight,Gesina ter Borch,1654,/shop/nov-21-prints-00003.jpg,1200,1200,,dogs
adf46e9f-e8ef-4a2c-b7b6-1fd079214518,"Sylvia and Her Wounded Deer; on the Roof, Allecto; the Battle Between Latins and Trojans",,1835,/essays/reading-like-a-roman/gri_33125014905331_0150-edit.jpeg,1421,908,,dogs
54ae65cd-e683-42d9-852e-c46be7e24959,,Lewis Carroll,1864,/collections/carroll-illustrations-for-alice-undergound/Lewis-Carroll-Alice-Under-Ground-21.jpg,855,1400,,dogs
83fe0e12-c07b-4801-8007-57e4efe7d675,Satire on False Perspective,William Hogarth; Luke Sullivan,1754,/collections/william-hogarth-satire-on-false-perspective/DP825165-edit-full-small.jpg,1139,1400,,"dogs,sheep"
117a9d04-a76f-4d26-bd02-d81fbe88e435,Grotesque Head with Helmet in the Style of Arcimboldo,Dominicus Custos,1594,/shop/nov-2020-prints-new-00015.jpg,1200,1017,,dogs
44099387-37e7-480f-a4cc-ff430bce94bb,"Doctor Syntax, Rural Sport",Thomas Rowlandson,1813,/collections/dr-syntax/dr-syntax-00031.jpg,1400,864,,dogs
534fcf59-0d11-4f62-9e49-b8490064d2b4,Doctor Syntax Pursued by a Bull,Thomas Rowlandson,1813,/collections/dr-syntax/dr-syntax-00035.jpg,1400,868,,dogs
ce48b703-31b8-4134-a93a-848cd323eb36,Dr Syntax With My Lord,Thomas Rowlandson,1813,/collections/dr-syntax/dr-syntax-00046.jpg,1400,837,,dogs
c101d2ac-1311-425e-88db-346b71f85c8c,Dr Syntax Mistakes a Gentleman's House for an Inn,Thomas Rowlandson,1813,/collections/dr-syntax/dr-syntax-00032.jpg,1400,885,,dogs
da32d966-a6df-41a2-9940-5b111d9d57b1,Doctor Syntax Returned From His Tour,Thomas Rowlandson,1813,/collections/dr-syntax/dr-syntax-00044.jpg,1400,853,,dogs
e059e4eb-41c1-47e4-9603-eaa1010ffefc,"""She caught Toto by the ear""",W. W. Denslow,1900,/shop/0015v-edit.jpg,900,1200,,dogs
5a79a44c-447e-4e5b-8fef-89826f31f5cb,,W. W. Denslow,1900,/collections/w-w-denslow-illustrations-wonderful-wizard-of-oz-1900/0215v.jpg,900,1200,,dogs
687f6c4d-a1f1-4836-a120-5e867cd09d46,"""You Must Be a Great Sorceress.""",W. W. Denslow,1900,/collections/w-w-denslow-illustrations-wonderful-wizard-of-oz-1900/0041v.jpg,904,1200,,dogs
76af869f-ad59-48d1-af7a-3e6534950c2a,"""Exactly So! I Am a Humbug.""",W. W. Denslow,1900,/collections/w-w-denslow-illustrations-wonderful-wizard-of-oz-1900/0219v.jpg,908,1200,,"dogs,lions"
8c2dcc39-1c54-4333-a760-85b36b59c23e,"""The Lion Ate Some of the Porridge.""",W. W. Denslow,1900,/collections/w-w-denslow-illustrations-wonderful-wizard-of-oz-1900/0135v.jpg,922,1200,,"dogs,lions"
9cfe5e01-4cf6-4fc8-9e48-aa0570ad2e11,"""She Caught Toto by the Ear.""",W. W. Denslow,1900,/collections/w-w-denslow-illustrations-wonderful-wizard-of-oz-1900/0015v.jpg,888,1200,,"bears,dogs"
b386390b-5107-4310-8e33-1c9563b9b756,"""You Ought to Be Ashamed of Yourself!""",W. W. Denslow,1900,/collections/w-w-denslow-illustrations-wonderful-wizard-of-oz-1900/0081v.jpg,912,1200,,"dogs,lions"
d44df661-9c83-42a2-86a5-4e1c6227c7e2,"""The Scarecrow Sat on the Big Throne.""",W. W. Denslow,1900,/collections/w-w-denslow-illustrations-wonderful-wizard-of-oz-1900/0251v.jpg,895,1200,,"dogs,lions"
d4ace984-ec81-46cd-a0b7-2d5cbdb54531,Chapter VIII. The Deadly Poppy Field,W. W. Denslow,1900,/collections/w-w-denslow-illustrations-wonderful-wizard-of-oz-1900/0101v.jpg,914,1200,,dogs
d22f21d6-5ede-499c-bd44-1315122473a0,"""I Am the Witch of the North.""",W. W. Denslow,1900,/collections/w-w-denslow-illustrations-wonderful-wizard-of-oz-1900/0025v.jpg,897,1200,,dogs
f53e6645-76fb-4a2d-b837-5102ca17918c,"""The Monkeys Caught Dorothy in Their Arms and Flew Away With Her.""",W. W. Denslow,1900,/collections/w-w-denslow-illustrations-wonderful-wizard-of-oz-1900/0203v.jpg,896,1200,,"dogs,monkeys"
53e3e55c-92b3-4111-973d-08b18cc16125,"The Unicorn, Canis Minor",Sidney Hall,1824-5,/collections/uranias-mirror-or-a-view-of-the-heavens/dec2019-5.jpg,1200,842,,dogs
11c2c4a3-7b69-4433-ac40-c2897f9ec275,"An ""inland-dweller,"" half dog, half human, pointing out a settlement for destruction",Knud Rasmussen,1913,/collections/eskimo-folktales/eskimofolktales00rasm_0113-copy.jpg,1421,1049,,dogs
08780d70-f5b2-4f3f-bfb2-6adad689123d,How Sweet is Love,Adriaen Pietersz van de Venne,ca. 1615,/shop/oct_19_new_prints_00059.jpg,1200,845,,"cats,dogs"
dadaaa06-0474-4534-b89b-3d849ae27c6e,Portrait of a Girl and her Dog,Jean Jacques Lequeu,ca. 1796,/shop/oct_19_new_prints_00040.jpg,869,1200,,dogs
196a07ce-74cb-4b3a-a00a-e0ec4a48b11a,The Hunters Enter the Woods,,1495–1505,/collections/the-unicorn-tapestries-1495-1505/48350370437_a14cdc0209_c.jpg,716,800,,dogs
5dc50b38-ffe3-4a50-b864-d6f32e956e8f,The Unicorn Crosses a Stream,,1495–1505,/collections/the-unicorn-tapestries-1495-1505/48350236376_a186112370_b.jpg,1024,881,,dogs
9da0293a-bae6-421b-915d-35ff3123d59f,"Barkia  
Howlaloudia",Edward Lear,1888,/collections/edward-lears-nonsense-botany-1871-77/48299227947_6473f2ec8f_c.jpg,508,800,,dogs
380d78cb-08db-4328-a2dc-7b9163c82eb4,Wait Till You've Been Anointed,Francisco de Goya,1797-1799,/shop/edit-RP-P-1921-2088-1.jpg,527,768,,"dogs,goats"
c341bbfa-8e8f-459c-92cc-e4e8b66af856,Melencolia I,Albrecht Dürer,1514,/shop/edit-RP-P-OB-1237-1.jpg,940,1200,,dogs
9db7a0c1-e671-41ed-8162-eccd11b86031,The Triumphal Arch of Emperor Maximilian I (Detail),Albrecht Dürer,1515,/collections/the-triumphal-arch-of-emperor-maximilian-i-1515/44513174051_33f271f1c8_b.jpg,1024,787,,dogs
a2f9d2d7-e668-4b69-a2c0-504ec206c7cd,The Danger of Mispending Time,,ca. 18th century,/collections/scrapbook-of-hand-coloured-juvenile-woodcut-emblems/29342656568_ab59fa2baa_b.jpg,750,588,,dogs
958f7691-484a-4b27-85f7-4bed2a36ebff,The Duchess,Hans Holbein,1523–5,/collections/hans-holbeins-dance-of-death-1523-5/26629032867_bdf1d65e91_o.jpg,550,713,,dogs
218a29f4-c9e9-4c07-bb3a-2b5b5e8198bb,Wait Till You’ve Been Anointed,Francisco de Goya,1797–99,/collections/the-whims-1799-and-the-follies-1815-23-of-francisco-goya/38670788112_976aba6dbe_b.jpg,680,991,,dogs
64dc51e6-164a-481d-9b22-b3f5d08897a7,,Adolph Metzner,1861–4,/collections/the-civil-war-sketches-of-adolph-metzner-1861-64/12-2.jpg,1024,728,,dogs
85b727da-19c0-410d-b437-b74e43d07ba5,,J. J. Grandville,1877,/collections/public-and-private-life-of-animals-1877/34847776715_754654f10f_o.jpg,593,738,,dogs
b1106b18-bb18-41fc-8890-1218b33abeed,,J. J. Grandville,1877,/collections/public-and-private-life-of-animals-1877/34847776905_e8c2c193db_o.jpg,550,711,,"cats,dogs"
c6f1bce0-9807-4bde-aee2-ca2dc2a5dede,Now Sir You'r a Compleat Macaroni,Michel Vincent Brandoin; James Caldwell,1772,/essays/a-queer-taste-for-macaroni/32192452244_3771239e67_b.jpg,755,1024,,dogs
b06986dc-689e-4efa-be4b-cac305d991d6,,,1190–1200,/collections/miniatures-from-a-12th-century-medical-and-herbal-collection/32537780175_0641367455_z.jpg,633,640,,dogs
d96d0866-e8eb-466f-bb08-875a89cff5eb,,,1190–1200,/collections/miniatures-from-a-12th-century-medical-and-herbal-collection/32385151582_38df49949c_c.jpg,687,800,,dogs
ee2b2fe7-acae-463c-a7bd-929f1b11605e,,,1190–1200,/collections/miniatures-from-a-12th-century-medical-and-herbal-collection/31694011894_d92ef0295b_c.jpg,666,800,,"dogs,snakes"
1e3ed764-6507-41df-a1e3-aea576f919c3,Embryos in Different Animals,,1873,/essays/copying-pictures-evidencing-evolution/26470128903_1bc5aae572_b.jpg,644,391,,dogs
4e7ac83e-6a9a-459a-a0ec-30b2d695d6b4,,Peter Rollos,ca. 1687,/collections/le-centre-de-l-amour-ca-1687/24825030721_940bb214c2_b.jpg,800,673,,dogs
4bd89d1a-9ca7-497a-ab0d-14c49ee4c4ca,An Early lesson of Dancing,,ca. 1818,/collections/nypl-release-187k-public-domain-images-in-hi-res/24335965615_c65f5b6149_c.jpg,629,800,,dogs
dd461d97-1448-4523-91d4-d9d5fd533949,A Man Being Brought in by Boat Apparently Drowned,Robert Smirke,1787,/essays/the-science-of-life-and-death-in-mary-shelleys-frankenstein/23274256776_ae45d8c0cb_b.jpg,1000,740,,dogs
9059b2aa-facb-43a9-81ba-4409e101fd03,,Giuseppe Maria Mitelli,1718,/collections/illustrations-from-an-italian-book-of-proverbs-1718/20248993672_1994886352_c.jpg,563,800,,dogs
15c301c5-e28f-4e23-85ff-72169de2896f,Japanese Depictions of North Americans,,1860s,/collections/japanese-depictions-of-north-americans-1860s/20290629075_dc741b7117_b.jpg,510,746,,"dogs,lions"
f9a8810f-4a1d-4204-89f4-2cef10e25a07,,,ca. 1775,/collections/compendium-of-demonology-and-magic-ca-1775/19238835106_b57eaa8160_o.jpg,620,793,,"dogs,snakes"
98b18e73-de76-459a-be71-fad5274da865,Japanese Water Guard Protecting Camp Supply,T.W. Ingersoll,1905,/collections/colorised-stereographs-of-the-russo-japanese-war-1905/11237604483_cbc7a1f2d2_b.jpg,1024,515,,dogs
f1badf48-2e75-4e60-9f0e-b525abd1792b,,Hugo Simberg,1909,/collections/the-photographs-of-hugo-simberg/16233326553_3ef8fd527b_b.jpg,1024,741,,"dogs,snakes"
a96c16a1-80b2-4141-8f7c-92ee7d7d74cc,“The Englishman Heathcoat wanted to make a lace-making machine.”,Japanese Department of Education,1873,/collections/japanese-prints-of-western-inventors-artists-and-scholars-1873/14624052421_ed7de300b3_o.jpg,1000,1412,,dogs
bc45db58-26a6-4d32-8a04-65653614b457,“A dog knocked over the lamp on the table which held Carlyle's important papers.”,Japanese Department of Education,1873,/collections/japanese-prints-of-western-inventors-artists-and-scholars-1873/14624052771_b0a7050b06_o.jpg,1000,1397,,dogs
1366d994-bb54-4eb0-b7fb-a15cf059f4da,,Master of San Miniato,15th century,/collections/the-prophecy-of-the-popes-15th-century/14272451398_a7ba86bdbf_o.jpg,600,840,,dogs
2fc49344-3074-4012-bdce-dbf932451709,,,ca. 1495,/collections/rainbow-coloured-beasts-from-15th-century-book-of-hours/11855725415_ea6f2f3e5d_o.jpg,488,494,,dogs
50fea56f-0967-408f-9f9d-a9d4fdd41c20,,,,/collections/the-british-library-s-mechanical-curator-million/11448608495_9cf32308c5_o.jpg,461,560,,dogs
613fe94d-3ddb-441a-837d-c31593192235,Salome with the Head of John the Baptist,Lucas van Leyden,ca. 1550–1600,/collections/salome-with-john-the-baptist-s-head-at-the-rijksmuseum/8970263500_2c7dfe1e49_o.jpg,500,947,,dogs
cd0d2e4b-71ec-4ba4-aa9e-85292e4baec7,Herodias and Salome with the Head of John the Baptist,,1630–56,/collections/salome-with-john-the-baptist-s-head-at-the-rijksmuseum/8970263242_7e1ebc72cc_o.jpg,950,693,,dogs
f5c018a3-c54e-4b76-bb43-ec018ba1d1f0,Facsimile of a Composite Photograph / A Decapitation,,1897,/collections/magic-stage-illusions-and-scientific-diversions-including-trick-photography-1897/magic-illus-20.jpg,1624,3060,,dogs
ddc3cc4b-7959-49b4-a760-d8516a0fa251,Women's Committee (ca.1920),,ca. 1920,/collections/double-exposures/8508102932_3c4b792711_o.jpg,800,642,,dogs
bd66d8bc-4784-46e2-a2b4-4e05f7f6adb3,Marshmallow,J. J. Grandville,1849,/collections/the-flowers-personified-1847/lesfleursanimees-0369.jpg,1065,1500,,"dogs,frogs"
2541c935-2d76-4c20-89f5-2e122a9f8cb1,,Leonhard Zubler,1607,/collections/novum-instrumentum-geometricum-1607/683px-Fotothek_df_tg_0001488_Geometrie_5E_Vermessung_5E_HC3B6he_5E_Winkelinstrument_5E_Turm.jpg,683,599,,dogs
d7eae73f-966b-4cf8-9dda-b70ed835dc5c,,Leonhard Zubler,1607,/collections/novum-instrumentum-geometricum-1607/717px-Fotothek_df_tg_0001495_Geometrie_5E_Vermessung_5E_Entfernung_5E_Winkelinstrument.jpg,717,600,,dogs
fa22e42e-d716-4ca9-8529-657bff0eb4fc,,Leonhard Zubler,1607,/collections/novum-instrumentum-geometricum-1607/693px-Fotothek_df_tg_0001502_Geometrie_5E_Vermessung_5E_Entfernung_5E_Winkelinstrument.jpg,693,599,,"cattle,dogs"
68184199-cb15-4e3f-99e2-d1787399e407,"In the Absence of Lady Partners, Rönne Takes a Turn With the Dogs",Hjalmar Johansen,1913,/collections/amundsen-s-south-pole-expedition/6504424923_9f05c43318_o.jpg,450,626,,dogs
aa32013e-11e9-4fc8-a9ee-8285b594f081,Deep in Thought,Hjalmar Johansen,1913,/collections/amundsen-s-south-pole-expedition/6504423459_fcf8371bb9_o.jpg,792,534,,dogs
f58fd49f-28e9-451b-b1bc-4dbbb97bb669,Inside a Dog-Tent,Hjalmar Johansen,1913,/collections/amundsen-s-south-pole-expedition/6504421135_806ea9dc86_o.jpg,700,576,,dogs
4a44d282-b59d-410a-964c-90dfb9fa69ac,Happy Hallowe'en,,1909,/collections/halloween-postcards/halloween-card-26.jpg,2332,1500,,dogs
b74fa923-5696-4a14-830e-0e2688a5caf4,Atalanta,Aubrey Beardsley,1896,/collections/aubrey-beardsley/beardsley-illustration-00060.jpg,1808,3262,,dog
9abe6c78-0f75-4df2-af93-a8eb4bc1afc0,Marie Høeg and Ingeborg Berg in a rowing boat,,ca. 1895–1903,/collections/berg-and-hoeg/32950362955_d65ecdbc64_o.jpg,4632,3122,,dog
e9d23098-5f03-467d-94af-0bff56c51fdc,"Composite photograph, Marie Høeg sitting on a swing",,ca. 1895–1903,/collections/berg-and-hoeg/32909517386_cf5113fea0_o.jpg,3028,4579,,dog
a9f92bf9-df12-4ed8-a3ed-5f5e2bc7b4a0,Marie Høeg and her dog Tuss,,ca. 1895–1903,/collections/berg-and-hoeg/32950363035_927014c397_o.jpg,1140,1729,,dog
1cd84b60-2aaf-4ae9-959c-0f060def0533,Making the Kite,William F. Cogswell; Louis Kurz,1869,/collections/art-of-kite-flying/kite-flying-00042.jpg,6012,7436,,cats
e5510d32-e840-465c-b097-e24b86011aef,On the Rooftops,Henri Rivière,1888–1902,/collections/36-views-of-the-eiffel-tower/21-image_riviere_henri_sur_les_toits_g.22392-21_2023170.jpg,2924,2448,,cats
8d2529c4-77bc-4bcd-9abe-3f652a12392a,Puss in Boots costume worn by Heinrich Lang,Joseph Albert,1862,/collections/maskenfest/FM-2014-300-1028-15___Siegert-beschnitten-ONLINE.jpg,1547,2000,,cats
437f6aff-15d0-4180-ba50-a99015cbae1c,"Puss in Boots and other costumes worn by Heinrich, Eduard, and Clara Lang",Joseph Albert,1862,/collections/maskenfest/FM-2014-300-1028-13___Siegert-beschnitten-ONLINE.jpg,2000,1537,,cats
016e0ed2-e1e3-438f-8136-99d0cd775687,The Invention of Drawing,Johann Erdmann Hummel,ca. 1834,/collections/origins-of-painting/erfindung-der-zeichenkunst.jpg,2632,2332,,cats
30b10a59-5ae8-4d2e-b215-2a4147df0627,,,19th Century,/collections/tamra-maew/iiif-service_gdc_gdcwdl_wd_l__14_29_1_wdl_14291_or_16797_f001r-full-pct_100-0-default.jpg,6514,4330,,cats
f49bf10c-255b-47d7-b867-6544235ce0e5,,,19th Century,/collections/tamra-maew/iiif-service_gdc_gdcwdl_wd_l__14_29_1_wdl_14291_or_16797_f001v-full-pct_100-0-default.jpg,6514,4330,,cats
868746c7-1172-4ff5-b392-3a171fa198a1,,,19th Century,/collections/tamra-maew/iiif-service_gdc_gdcwdl_wd_l__14_29_1_wdl_14291_or_16797_f002r-full-pct_100-0-default.jpg,6514,4330,,cats
b8d14245-a0e4-4b48-8c05-28632611706d,,,19th Century,/collections/tamra-maew/iiif-service_gdc_gdcwdl_wd_l__14_29_1_wdl_14291_or_16797_f002v-full-pct_100-0-default.jpg,6514,4330,,cats
448400ce-2279-4fb6-aa31-ca2b2bdfc143,,,19th Century,/collections/tamra-maew/iiif-service_gdc_gdcwdl_wd_l__14_29_1_wdl_14291_or_16797_f003r-full-pct_100-0-default.jpg,6514,4330,,cats
2fe34cc7-c24d-4f6f-95ce-0cc9e0a30895,,,19th Century,/collections/tamra-maew/iiif-service_gdc_gdcwdl_wd_l__14_29_1_wdl_14291_or_16797_f003v-full-pct_100-0-default.jpg,6514,4330,,cats
f51bf898-81a8-4792-b427-98296cbd4888,,,19th Century,/collections/tamra-maew/iiif-service_gdc_gdcwdl_wd_l__14_29_1_wdl_14291_or_16797_f004r-full-pct_100-0-default.jpg,6514,4330,,cats
bd8ef2f0-d463-493e-a57e-41fc95423d39,,,19th Century,/collections/tamra-maew/iiif-service_gdc_gdcwdl_wd_l__14_29_1_wdl_14291_or_16797_f004v-full-pct_100-0-default.jpg,6514,4330,,cats
f6f32747-6709-415c-8e5d-fe227cfaa39d,,,19th Century,/collections/tamra-maew/iiif-service_gdc_gdcwdl_wd_l__14_29_1_wdl_14291_or_16797_f005r-full-pct_100-0-default.jpg,6514,4330,,cats
08bbae10-db3b-47d9-ac20-3e14a13ff36a,,,19th Century,/collections/tamra-maew/iiif-service_gdc_gdcwdl_wd_l__14_29_1_wdl_14291_or_16797_f006r-full-pct_100-0-default.jpg,6514,4330,,cats
47221e9c-1170-48ab-bdb9-f6204f3b7fa3,,,19th Century,/collections/tamra-maew/iiif-service_gdc_gdcwdl_wd_l__14_29_1_wdl_14291_or_16797_f006v-full-pct_100-0-default.jpg,6514,4330,,cats
8b9ee267-4882-40e8-a4ab-e5f353bfe90d,Cat gouache in “gothic” style,Louis Wain,ca. 1925–1939,/essays/the-cats-meat-man/wain-cat-1.jpg,2774,4004,,cats
2833dd61-c12b-43d9-b8a8-d7c0104832cc,Cat gouache in “early Greek” style,Louis Wain,ca. 1925–1939,/essays/the-cats-meat-man/wain-cat-2.jpg,2740,3965,,cats
42ceda7e-0991-497f-be31-7a12aa10be6d,Cat,Henri van der Stok,ca. 1926,/shop/newprints-nov24-00013.jpg,1500,1147,,cats
49b11f79-4b68-45fb-962d-3f431be58858,,Wanda Gág,1928,/shop/millions-of-cats-i.jpg,1200,825,,cats
57198a3c-83f4-4500-811d-5bd3e2e509cf,,Wanda Gág,1928,/shop/millions-of-cats-ii.jpg,1200,860,,cats
821dcb95-5e94-4f3a-ae64-ec9546f07365,,Wanda Gág,,/collections/millions-of-cats/MillionsofCatsLC_0018-edit.jpeg,2565,1860,,cats
dd6f228a-8d0b-4683-a95e-31210f640736,,Wanda Gág,1928,/shop/millions-of-cats-iii.jpg,1200,879,,cats
d9543df1-2438-4223-9c1f-0f50dd55565c,Cat,Anonymous,ca. 1800–1833,/shop/nov-2023-prints-00043.jpg,970,1200,,cats
a15bd4fb-f5ce-41df-b270-27245ce3db83,The Cat,Charles H. Bennett,1856,/collections/shadows/42630560-edit.jpg,988,1113,,cats
a7386a38-e137-40c7-8b73-79e63c5ecfcd,,Madame B,ca. 1870s,/collections/madame-b-album/madame-b-album-00023.jpg,2980,2084,,cats
d67f1fb6-e6c6-4eaa-a4f8-6f55e46e33cd,White Fox,Sergei Prokudin-Gorsky,ca. 1910,/shop/master-pnp-prokc-20600-20699u.jpeg,800,795,,cats
3498b94c-415c-41d6-a523-ecf79ff40fca,Advertisement for Chiozza e Turchi Soap Makers,,1899,/collections/visualising-bubbles/soap-bubble-59.jpg,802,1400,,cats
57ba9912-7f14-40f5-bd02-cda28e6328d3,"“Louise & Jakie, June 1, 1898.”",Theresa Babb,1898,/collections/babb-photographs/Babb-21.jpg,1449,1400,,cats
94301aa5-2c75-4664-bfcb-eb6ea8ece74c,"Theresa and “Black Beauty” the cat, July 2 1898",Theresa Babb,1898,/collections/babb-photographs/Babb-17.jpg,1229,1400,,cats
364c5cfc-01eb-4be7-8522-6bb913e9d7ea,The Convalescent,Myles Birket Foster; C. Cousen,ca. 1877,/essays/charles-baudelaire-and-the-convalescent-flaneur/A_young_woman_convalescing_in_a_country_garden_watches_a_bir_Wellcome_V0015158-edit.jpg,1400,967,,cats
8298326e-4d69-4089-8980-05e5204369cf,Procession to the Torinomachi Festival in the Rice Fields of Asakusa,Utagawa Hiroshige,1857,/shop/nov-2020-prints-new-00011.jpg,683,1000,,cats
f2cd9341-39f2-4da5-a199-d5f13b783224,The Revd Doctor Syntax,Thomas Rowlandson,1813,/collections/dr-syntax/dr-syntax-00038.jpg,659,1125,,cats
ce810b07-804e-4af0-8ac5-40a5b9443f9f,"""These People Were All Made of China.""",W. W. Denslow,1900,/collections/w-w-denslow-illustrations-wonderful-wizard-of-oz-1900/0271v.jpg,894,1200,,cats
2630112d-f70c-4c90-af24-ae3190d95362,Big Cat,D. A. Rovinskii,1881,/collections/d-a-rovinskiis-collection-of-russian-lubki-18th-19th-century/8rDK8FAuQyCpvOolxf3-9wq-845x1024.jpg,845,1024,,cats
b333071b-8f79-4f60-940f-15db861e6e5e,Cat,D. A. Rovinskii,1881,/collections/d-a-rovinskiis-collection-of-russian-lubki-18th-19th-century/cat-print-827.jpg,827,1024,,cats
d2b13b02-d255-4087-a0fb-6fb5f79c6575,Monkey Music Teacher [?],D. A. Rovinskii,1881,/collections/d-a-rovinskiis-collection-of-russian-lubki-18th-19th-century/V0jn5_GOS2ede1F5iONDLgB-1024x895.jpg,1024,895,,cats
d4a0f0cf-49d3-4afc-afc5-61f41c23e780,The Mice Are Burying the Cat,D. A. Rovinskii,1881,/collections/d-a-rovinskiis-collection-of-russian-lubki-18th-19th-century/oct_19_new_prints_00004-1024x633.jpg,1024,633,,cats
34e62439-1a2d-4060-8c5e-b3be46e44e0e,The Black Cat,Aubrey Beardsley,1901,/shop/oct_19_new_prints_00010.jpg,773,1200,,cats
3cb1a213-82c8-4345-bd76-3ffb624fdd9a,La Mère Michel,Charles-Marie Widor,1910,/essays/lustucru-from-severed-heads-to-ready-made-meals/48042409852_af5f763aca_c.jpg,799,746,,cats
501adaf2-c2b8-472d-8273-15388e061526,"""Ode on the Death of a Favourite Cat""",William Blake,ca. 1797,/shop/ba-obj-3661-0001-pub-print-lg_preview-1.jpeg,780,1024,,cats
6725a5ce-8535-412d-ae41-3819e6dfd0d1,Upon a Little Girl's Playing With a Painted Baby,,ca. 18th century,/collections/scrapbook-of-hand-coloured-juvenile-woodcut-emblems/41404086080_56003ec52b_b.jpg,750,585,,cats
421c4361-9b85-4f24-a8df-7d34abd618ec,"William A Donan , a 26-year-old sergeant, wounded on June 3rd, 1864, at the battle of Coal Harbor",Reed Bontecou,1865,/collections/reed-bontecou-s-portraits-of-wounded-soldiers-1865/25478573802_874b6bc8f3_c.jpg,661,800,,cats
04882894-77b9-41f8-a422-fec49ed11aa0,,Anne Wagner,1795-1834,/collections/the-friendship-book-of-anne-wagner-1795-1834/24424897289_954a233908_o.jpg,1000,645,,cats
2e7bdf92-5318-4bf2-a292-8a5b81008baf,Steam Concert,J. J. Grandville,1844,/essays/cat-pianos-sound-houses-and-other-imaginary-musical-instruments/unautremondetran00gran_0032-730x1024.jpg,730,1024,,cats
40bb7bcf-b60c-46eb-ada1-03bf323fdcfa,Temple of Music,Robert Fludd,1617,/essays/cat-pianos-sound-houses-and-other-imaginary-musical-instruments/19480768498_e466ee0b35_h-753x1024.jpg,753,1024,,cats
d1ce5e0c-df8f-4c3f-a33d-6cb75d582e33,The Stereograph as an Educator,Underwood & Underwood,1901,/essays/neanderthals-in-3d-lhomme-de-la-chapelle/16305444768_6202e2f25b_b.jpg,800,399,,cats
aafccf64-3ed1-4926-ab9b-2bbea5af94eb,"Plants, a rat, a cat, and a human corpse.",,ca. 1440,/collections/tractatus-de-herbis-ca-1440/13969387314_682d666939_b.jpg,570,845,,cats
6f723be3-6adc-43df-bc75-70766692a428,,Issachar Ber Ryback,1922,/collections/shtetl-my-destroyed-home-a-remembrance-1922/13887845761_3450dd6a2e_b.jpg,950,656,,cats
6f3895e7-38c3-4e44-9604-97dd3dbb0842,,Arent van Bolten,ca. 1610,/collections/arent-van-bolten-s-grotesques/12461190134_b8a9004a14_b.jpg,850,612,,cats
e1993724-d258-4a36-a669-300263a17b24,,,,/collections/the-british-library-s-mechanical-curator-million/11449384855_6b4c5e8792_o.jpg,452,360,,cats
1436e868-5206-441d-82dd-c4dd592ebc58,Hallowe'en,,ca. 1910,/collections/halloween-postcards/halloween-card-2.jpg,3972,6369,,"bats,cats"
305ee578-56b3-4001-abb0-924384566606,Hallowe'en,,ca. 1908,/collections/halloween-postcards/halloween-card-59.jpg,1920,1212,,"bats,cats"
443ddff8-d73d-4a12-a5d6-971d413c8818,Happy Hallowe'en: Is This Your Pussy,,ca. 1909,/collections/halloween-postcards/halloween-card-41.jpg,1231,1920,,cats
6b1faddb-bdb6-4de3-a046-5685f7a9cde1,A Merry Hallowe'en,Ellen H. Clapsaddle,1909,/collections/halloween-postcards/halloween-card-31.jpg,2312,1500,,cats
657bb713-e32e-4581-8243-dca7c0175f31,Hallowe'en Greetings,,1928,/collections/halloween-postcards/halloween-card-23.jpg,2351,1500,,cats
7fe76c60-f219-4295-a51f-6d34f2109bc8,Hallowe'en,Bernhardt Wall,1903,/collections/halloween-postcards/halloween-card-18.jpg,951,1500,,cats
7e5bab10-3786-4729-abc4-163ebad78ff4,Halloween,,ca. 1910,/collections/halloween-postcards/halloween-card-60.jpg,1240,1920,,cats
7a086a2f-4724-469f-955b-ed1350a319bc,Hallowe'en,,ca. 1908,/collections/halloween-postcards/halloween-card-70.jpg,1679,1066,,cats
9e4f004b-48ff-4159-bdcd-9b9d7d423e75,Jolly Hallowe'en,,ca. 1910,/collections/halloween-postcards/halloween-card-61.jpg,760,488,,cats
9487e498-3be4-477e-bfd5-97c02d67c9b2,,,ca. 1913,/collections/halloween-postcards/halloween-card-72.jpg,1688,1118,,cats
0ad537d7-0d8b-4e97-aa4d-bef51b792d52,May Luck and Love Meet you on All Hallowe'en,,ca. 1912,/collections/halloween-postcards/halloween-card-37.jpg,1229,1920,,"bats,cats"
d2907d3d-2206-46d6-b21c-46ab0182aa1d,Hallowe'en,,1910,/collections/halloween-postcards/4056410832_bd393e9e8c_o.jpg,760,496,,cats
d01786cf-47e3-4816-9288-8306b7bac218,Jolly Halloween,,1907,/collections/halloween-postcards/halloween-card-30.jpg,949,1500,,cats
df25358d-0a35-4225-8392-806e07730d1c,Hallowe'en Greetings,,1913,/collections/halloween-postcards/halloween-card-22.jpg,2346,1500,,cats
d0394f23-ab27-42d4-ae34-d13bbe75e98c,Hallowe'en greeting,,1912,/collections/halloween-postcards/halloween-card-21.jpg,932,1500,,cats
d4531b4e-61fc-49e7-99ac-de33ed334936,She threw her arms around the neck of Bonne-Biche,Virginia Frances Sterrett,1920,/collections/old-french-fairytales-illustrated-by-virginia-frances-sterrett-1920/40879056682_a788c0c299_b.jpg,620,824,,"cats,deer"
2be6cd73-c084-438b-8443-6f27ed1e9486,Adam and Eve,Johann Theodor de Bry,1590,/collections/briefe-and-true-report-de-bry-engravings/477644606.jpg,2028,2580,,lions
70e9f25a-4f50-4a2e-a7ea-233edbb39743,Depiction of a celestial apparition with rain of blood and a heraldic eagle missing part of its lower body.,,1550,/collections/celestial-phenomena-16th-century-germany/celestial-phenomena-00016.jpeg,4832,6475,,lions
fe9cd9f3-1d4a-4263-9f67-5bb63bad2728,"The Lion Was Showing His Teeth, but the Chimera Had Longer Claws",Jean de Bosschère,1921,/collections/weird-islands/weird-islands-00018.jpeg,1766,2480,,lions
295372e8-ce0d-4dc3-9791-bd399dc8d3c3,September,Elias Holl,ca. 1635–50,/collections/blackwork/blackwork-21.jpeg,911,1024,,lions
916cb1d3-6b97-4571-a284-52415c87abcc,January,Elias Holl; II,ca. 1635–50,/collections/blackwork/blackwork-19.jpeg,917,1024,,lions
d2f66ecd-72aa-46ee-85e7-05189c572cf8,May,Elias Holl,ca. 1635–50,/collections/blackwork/blackwork-20.jpeg,924,1024,,lions
e3a569c7-f090-47a2-be5e-c23a1f1a12b2,Blackwork print of jewellery design with lion's head,Jean Toutin,1619,/collections/blackwork/blackwork-22.jpg,2799,3538,,lions
6e7cde61-6360-41b2-929e-19e88015023e,Poliphilo surrounded by remains of classical antiquity,,1499,/essays/hypnerotomachia-poliphili/09-rbsc_hypnerotomachia-poliphili_foliolncun1499Colonna_0026-edit.jpeg,1616,1320,,lions
67167381-5fbd-4e9d-a523-a999f1abc058,,Philipp Hainhofer,1596–1633,/collections/hainhofer-stammbuch/hainhofer-stammbuch-138-139.jpeg,1594,1099,,lions
64c3e9e0-d281-4084-ba33-b2826805432d,Beginning: Exaltation,Raphael Custos,1615,/collections/cabala-spiegel/cabala-2.jpg,1583,1872,,lions
a2286a86-8f25-43b1-9271-fc2d982ec643,Sun of Justice,Albrecht Dürer (after),1566,/shop/nov-2020-prints-new-00007.jpg,696,1000,,lions
33c739a9-3a54-4d88-b7ae-7a02c6ee5791,"""The Soldier With the Green Whiskers Led Them Through the Streets.""",W. W. Denslow,1900,/collections/w-w-denslow-illustrations-wonderful-wizard-of-oz-1900/0165v.jpg,888,1200,,lions
6a290b8d-9dac-43e1-a9e3-229045429b4e,"""You Must Give Me the Golden Cap""",W. W. Denslow,1900,/collections/w-w-denslow-illustrations-wonderful-wizard-of-oz-1900/0301v.jpg,886,1200,,lions
7dbd5ccc-344d-449a-bd89-ddd17c191695,“The Monkeys Wound Many Coils About His Body.”,W. W. Denslow,1900,/collections/w-w-denslow-illustrations-wonderful-wizard-of-oz-1900/0179v.jpg,914,1200,,"lions,monkeys"
8f7350ed-707f-4c63-8fd8-81e1d4ec159e,,W. W. Denslow,1900,/collections/w-w-denslow-illustrations-wonderful-wizard-of-oz-1900/0160v.jpg,904,1200,,lions
03409a0c-aa38-4741-b250-db965a8901d1,The Wonderful Wizard of Oz,W. W. Denslow,1900,/collections/w-w-denslow-illustrations-wonderful-wizard-of-oz-1900/0001v.jpg,968,1200,,lions
dce55bbc-88fc-4837-8bc6-a095554e5e40,"""'I Feel Wise, Indeed,' Said the Scarecrow.""",W. W. Denslow,1900,/collections/w-w-denslow-illustrations-wonderful-wizard-of-oz-1900/0235v.jpg,891,1200,,lions
df4e43ff-6607-46b1-9cbb-5f1f0d9e4c98,Leo Major and the Leo Minor,Sidney Hall,ca. 1825,/shop/dec2019-9.jpg,834,1200,,lions
39b9f22c-0b74-4189-9a48-a6c7c44d2cbc,Lynx and Telescopium Herschilii,Sidney Hall,1824-5,/collections/uranias-mirror-or-a-view-of-the-heavens/dec2019-17.jpg,1200,828,,lions
82b6bfaf-1b20-484a-b06a-2e6839a879cf,Leo Major and Leo Minor,Sidney Hall,1824-5,/collections/uranias-mirror-or-a-view-of-the-heavens/dec2019-9.jpg,834,1200,,lions
0e8f9cfa-dfc4-4aab-a3e3-5f2d6396fa55,And there was darkness,Anonymous,ca. 1725,/shop/oct_19_new_prints_00017.jpg,947,1200,,lions
123e1817-b7e6-4982-a607-6f06417bb4e2,,,1921,/collections/persian-demons-from-a-book-of-magic-and-astrology-1921/persian_astrology_00005.jpeg,903,558,,lions
fa3d8861-cc08-441a-b093-4be18ae848ec,Grids for a Perfect Elephant,,1643,/essays/elephants-horses-and-the-proportions-of-paradise/45730944621_bf9a598e97_b.jpg,660,1024,,"elephants,lions"
25ae3c08-d6b4-4817-ad32-c61c952d6e36,Asmodeus,Louis le Breton,1863,/essays/defining-the-demonic/37876359332_c4b8b2ac08_c.jpg,720,800,,"goats,lions"
8a62186b-308f-41dd-83f1-c97fbaeab773,And there was darkness,,ca. 1725,/collections/the-surreal-art-of-alchemical-diagrams/28689340366_3037bb65a5_c.jpg,631,800,,lions
83d5d661-8e70-47cb-9e3a-92bc97dcdc5d,Battle,Claudine Bouzonnet-Stella; Jacques Stella,1657,/collections/the-games-and-pleasures-of-childhood-1657/19502443650_a81ec666e1_o.jpg,800,612,,lions
e738e535-3b6c-4b69-9057-e93431fce931,,,ca. 1775,/collections/compendium-of-demonology-and-magic-ca-1775/19077317628_d51207329f_o.jpg,620,786,,"goats,lions"
7ba18bf2-6f2a-45ec-9d56-f9ff1a59233d,Figures Trapped in a Shell-Like Ornament With a Man and Woman Clamped in Shells,Cornelis Floris II; Hieronymus Cock,1556,/collections/16th-century-ornament-prints/17490456478_498a92d76a_o.jpg,800,1159,,lions
4ed175e1-7eb6-4d38-8067-84454ecc53ba,,Master of San Miniato,15th century,/collections/the-prophecy-of-the-popes-15th-century/14457685652_d700fa2a3f_o.jpg,600,822,,lions
a74ee979-f14d-4395-a47e-1c63c4e7e38c,,,ca. 1495,/collections/rainbow-coloured-beasts-from-15th-century-book-of-hours/11855722965_5a474a591f_z.jpg,638,640,,lions
fd6757ba-f601-4bab-96a8-fb8136ad8541,The Lion’s Head at Button’s Coffee-House,,1922,/essays/the-lost-world-of-the-london-coffeehouse/innstavernsofold00shelrich_0295-edit.jpeg,2096,2728,,lions
313c53f9-3c90-4f49-9b4e-324cdef882d3,,,1882,/collections/woodcuts-from-18th-century-chapbooks/8067336958_c524b2ceb0_o.jpg,438,278,,lions
246eafb6-a77e-41a0-ab40-cdd2a0970c5c,,Charles Mavelot,1695,/collections/17th-century-heraldry-designs-1695/7590456248_03a52054f1_c.jpg,800,564,,lions
30778c6e-9e20-40c8-a4ea-c432c89927fb,,Charles Mavelot,1695,/collections/17th-century-heraldry-designs-1695/7590449808_52c8214cac_c.jpg,800,564,,lions
4fd2e50a-3cfd-4be5-bc96-166ad9416d48,,Charles Mavelot,1695,/collections/17th-century-heraldry-designs-1695/7590458340_dbe169ff0a_c.jpg,800,564,,lions
9144e05b-e38a-45a6-9805-10ccb2c9f610,,Charles Mavelot,1695,/collections/17th-century-heraldry-designs-1695/7590458148_3515ef59e1_c.jpg,800,564,,lions
eac9dcd2-1be2-4d8a-9fc1-89e27d1cea31,,Charles Mavelot,1695,/collections/17th-century-heraldry-designs-1695/7590449586_87b69f42b1_c.jpg,800,564,,lions
e8a01962-6b13-4bc9-9be3-5d55729bc39f,The Lion,John Flamsteed,1795,/collections/the-celestial-atlas-of-flamsteed-1795/7500097464_d668932043_o.jpg,850,680,,lions
921ff85b-0127-439d-aa4e-21172e3e6e43,,Katsushika Hokusai,1836,/collections/hokusai-warriors/hokusai-c28.jpg,3236,2260,,tigers
64312db0-4891-461c-b644-777d19fd7c59,"Toy tigers are popular during the Boy’s Festival because of their association with a famous military hero who vanquished a tiger in Korea. (Volume 3, pg. 23)",,1911,/collections/unai-no-tomo/unai-no-tomo-3.23.jpg,1400,1026,,tigers
ec455d99-8a8d-44eb-943b-500740a40893,Chapter VII. The Journey to The Great Oz,W. W. Denslow,1900,/collections/w-w-denslow-illustrations-wonderful-wizard-of-oz-1900/0089v.jpg,905,1200,,tigers
30b29769-669a-4728-874f-d8c4138a6352,"Tigerlillia  
Terribilis",Edward Lear,1888,/collections/edward-lears-nonsense-botany-1871-77/48299114396_673ea8a1c3_c.jpg,508,800,,tigers
2cba78e5-3657-4350-9a68-ec76c927ddf0,Firing,,1902,/collections/illustrative-plates-from-how-i-killed-the-tiger-1902/8740515531_dd8467bf97_o.jpg,820,577,,tigers
45e87239-2cf6-4f82-964a-1e950d11811b,Sitting Down on a Small Mound,,1902,/collections/illustrative-plates-from-how-i-killed-the-tiger-1902/8741633148_ffaa144698_o.jpg,820,601,,tigers
40e0385e-87f9-4d36-a073-c4a2f6a1385b,Tiger Tumbling Over the Pogah,,1902,/collections/illustrative-plates-from-how-i-killed-the-tiger-1902/8740515175_7806a14568_o.jpg,820,578,,tigers
5e085680-5fea-42ac-a4bb-ccbaf86a5809,Tiger on the Top of Me,,1902,/collections/illustrative-plates-from-how-i-killed-the-tiger-1902/8741633244_5eb31e8b27_o.jpg,820,587,,tigers
992b84cd-15ef-478a-b9bc-52cef367a795,Giving Instructions to Bring in the Tiger,,1902,/collections/illustrative-plates-from-how-i-killed-the-tiger-1902/8741633068_dbf8ae859d_o.jpg,820,588,,tigers
04b31a5f-a53a-4b3f-889c-b91f2ba7a623,Tiger Mauling My Left Shoulder,,1902,/collections/illustrative-plates-from-how-i-killed-the-tiger-1902/8740515481_8e04d881df_o.jpg,820,583,,tigers
082d549f-3c9d-436a-b466-92ebae16119b,Priming the Nipples,,1902,/collections/illustrative-plates-from-how-i-killed-the-tiger-1902/8741634084_e3ab29b075_o.jpg,820,598,,tigers
0cba085a-7dab-49d5-ae88-90dda2fec699,Both Caps Missed Fire,,1902,/collections/illustrative-plates-from-how-i-killed-the-tiger-1902/8741658696_47b58620c6_o.jpg,820,590,,tigers
aec04c6f-1598-45a4-b172-0b07c606887d,Native With a Bowl of Water,,1902,/collections/illustrative-plates-from-how-i-killed-the-tiger-1902/8740515061_033e2e5cbe_o.jpg,820,588,,tigers
bbac3bdc-b022-4af0-bc4a-77822e96a01a,Bringing in the Tiger,,1902,/collections/illustrative-plates-from-how-i-killed-the-tiger-1902/8740514949_068f74d78b_o.jpg,820,611,,tigers
ba1a4dc2-7f02-4916-9f78-d0c5079cf9bc,Will You Shoot a Tiger?,,1902,/collections/illustrative-plates-from-how-i-killed-the-tiger-1902/8740541187_a50d6712e1_o.jpg,820,589,,tigers
fb24e9b1-220d-4f61-8947-1cdf1fd63b03,Going Up Again,,1902,/collections/illustrative-plates-from-how-i-killed-the-tiger-1902/8740516301_90f607f729_o.jpg,820,600,,tigers
1e303a58-35a3-4d13-b9b4-03ea36fbf989,,,1902,/collections/shin-bijutsukai/shin-bijutsukai-0196.jpeg,1586,2225,,"goats,tigers"
0e1261b3-7e9e-473b-9310-55d669a7da3c,Cover art for a 1903 issue of *Puck*,Udo Keppler,1903,/collections/visualising-bubbles/soap-bubble-63.jpg,1249,1400,,bears
05465adb-6b22-4e1b-a28c-86c82efc34ae,Illustration from “Brownies and Roseleaves”,Roma White,1892,/collections/visualising-bubbles/soap-bubble-57.jpg,1006,1400,,bears
f6b5c0d3-eb86-4011-8c5d-60b7b134772a,Russia,,1868,/collections/geographical-fun-being-humourous-outlines-of-various-countries-1868/35140746405_ef22724801_o.jpg,665,803,,bears
2f3499da-2a4f-4c20-90d1-9462a940aa54,"Nane, Qagyuhl — Man dressed in a full-body bear costume.",Edward Curtis,ca. 1914,/collections/edward-curtis-photographs-of-kwakwaka-wakw-ceremonial-dress-and-masks-ca-1914/33573032661_78f233212b_o.jpg,481,640,,bears
6e5f7b8b-ac2f-4604-aec3-5c681bf9721d,The Fart and Mouth Game,Claudine Bouzonnet-Stella; Jacques Stella,1657,/collections/the-games-and-pleasures-of-childhood-1657/19069597943_5b9e36af90_o.jpg,800,601,,bears
a9927b4f-e512-47d2-8fea-91295b716492,,Master of San Miniato,15th century,/collections/the-prophecy-of-the-popes-15th-century/14457685522_04145775a2_o.jpg,600,778,,bears
466a67df-3412-4dc5-962b-c616459b7777,,Charles Mavelot,1695,/collections/17th-century-heraldry-designs-1695/7590452700_2b41ba4b1a_c.jpg,800,564,,bears
560d09b3-1cb9-49c7-9519-7361eb541af7,Trial of a Sow and Pigs at Lavegny,,1863,/essays/bugs-and-beasts-before-the-law/30060154858_44c28cdcd3_b.jpg,772,555,,bears
4b54cb43-2402-474c-9962-f4b3e3318a50,“Take Your Seats Gentleman” / Matters Become Serious,,1881,/essays/jumbos-ghost/06-steamhouse00vern_double.jpeg,1916,1404,,elephants
08c01435-ed6f-4a49-91b5-307dca57b95b,"Publisher’s binding for Frances Trego Montgomery’s <i>On a Lark to the Planets</i> (1904), the sequel to <i>The Wonderful Electric Elephant</i>.",,1904,/essays/jumbos-ghost/07-lark-to-other-planets.jpeg,548,680,,elephants
cc3ee3de-0ad9-4201-b67f-aa22f40c73c3,The Colossal Elephant of Coney Island,,1885,/essays/jumbos-ghost/09-801320-edit.jpeg,1468,1600,,elephants
c2bcfbe6-e8d1-4b37-84d6-4d164ab0757b,Lucy the Elephant,,after 1933,/essays/jumbos-ghost/01-master-pnp-habshaer-nj-nj0000-nj0006-photos-107173pu-edit.jpg,1400,997,,elephants
ebb6715b-bc2e-470e-83cf-3da20749c88a,Great Jumbo’s Skeleton,,ca. 1885–90,/essays/jumbos-ghost/05-P.T._Barnum___Co._s_greatest_show_on_earth___the_great_London_circus_combined_with_Sanger_s_Royal_British_menagerie___grand_international_shows_LCCN2012645423.jpg,1024,783,,elephants
77de06ec-67a0-428b-8573-b208aead0a1c,Grids for a Horse's Head,,1643,/essays/elephants-horses-and-the-proportions-of-paradise/31859620628_6a508aa97e_b.jpg,718,343,,elephants
f72fb10b-b131-4f85-a2e5-cc8d21183e37,"“Matchless for the Complexion”, Pears’ Soap Advertisement",,1880s,/essays/race-and-the-white-elephant-war-of-1884/37481941422_1b6918f350_h.jpg,1055,1600,,elephants
755b3052-b8e6-42b5-8003-a3186561f6bc,,,1894–1920,/collections/field-columbian-museum-1894-1920/3349700230_56ac420b43_o.jpg,1050,826,,elephants
f503ab7b-4060-4f96-81a9-c8836095bc92,Battle Between Monkey and Rat,Christoph Jamnitzer,1610,/shop/RP-P-1973-152-print.jpg,1500,1201,,"monkeys,rats"
c5bf2271-eca7-4f5f-9c64-a1e304646874,"Facsimile of the Codex Ríos, ca. after 1566",Agostino Aglio,1831–48,/collections/antiquities-of-mexico/antiquities-of-mexico-00019.jpg,3386,3073,,monkeys
4df92516-8a36-4527-a882-16b7252810a2,The Standing Monkey,François Desprez,1562,/collections/recueil-de-la-diversite-des-habits/RP-P-OB-33.883.jpg,2976,4918,,monkeys
302fb8c8-f058-42dc-8206-e240fd2d86c1,Beef,Charles H. Bennett,1856,/collections/shadows/42630568-edit.jpg,1018,1128,,monkeys
d85cacc6-93fa-4bf1-af08-f650d7ea54dd,A Young Monkey,Charles H. Bennett,1856,/collections/shadows/42630594-edit.jpg,1037,1154,,monkeys
56ef8a6d-08e8-4512-968f-7f67e4102160,,Katsushika Hokusai,1836,/collections/hokusai-warriors/hokusai-c16.jpg,3224,2220,,monkeys
e63f7569-a360-4e71-b67c-2c1f0b6723ae,Napoleon as Bubble-Blower,Wijnand Esser,1815,/collections/visualising-bubbles/soap-bubble-39.jpg,1102,1400,,monkeys
e5892328-a85a-4dcc-ba50-0d6e39d1d4d1,"(Volume 10, pg. 19)",,1924,/collections/unai-no-tomo/unai-no-tomo-10.19.jpg,1400,1140,,monkeys
a1d26df5-4405-452c-baf0-1f5f42eede4a,Guide for Constructing the Letters c and d,Joris Hoefnagel,ca. 1595,/shop/edit-00272401-1.jpg,858,1200,,monkeys
a591f697-b255-4f1c-bb7f-fb80e7478e9c,No More and No Less,Francisco de Goya,1797–9,/collections/the-whims-1799-and-the-follies-1815-23-of-francisco-goya/38703258701_5883a5dfc6_b.jpg,680,948,,monkeys
b18dc55d-1363-40e5-a6a2-5dcf61cae641,Bravo,Francisco de Goya,1797–9,/collections/the-whims-1799-and-the-follies-1815-23-of-francisco-goya/38703261731_58c1d69b3c_b.jpg,680,980,,monkeys
ddb49f87-c8a9-4d15-82d7-ac0043bbb1b7,Honor to McKinley!,Udo Keppler,1898,/collections/yellow-journalism-the-fake-news-of-the-19th-century/32648526220_278b185c2a_o.jpg,1200,649,,monkeys
4e859e38-9a1e-4d29-b8ab-48266bcbd482,Phenakistoscope,,1833,/collections/phenakistoscopes-1833/480px-The_desert.gif,480,480,,monkeys
66b57c7a-371f-4773-8524-a25f5f6b96a9,Phenakistoscope,,1833,/collections/phenakistoscopes-1833/29262438391_2c96de7cac_b.jpg,669,661,,monkeys
286d207c-f9ee-4357-a0ba-5a7f0f52316b,Japanese Depictions of North Americans,,1860s,/collections/japanese-depictions-of-north-americans-1860s/20104002039_25a6a9939a_b.jpg,566,849,,monkeys
a429091b-4db1-4a17-a81c-d45cc6a77594,Detail from the frontispiece of <i>The Hermit</i>,,1814,/collections/the-hermit-or-the-unparalleled-sufferings-and-surprising-adventures-of-philip-quarll-1814/hermitorunparall00longuoft_0006.jpg,591,681,,monkeys
115e43e6-2ea9-4b49-8028-824fb00ce8cd,,Giambattista della Porta,1586,/collections/giambattista-della-porta-s-de-humana-physiognomonia-libri-iiii-1586/389px-De_humana_physiognomonia_libri_IIII_-_NLM_NIH_-_page_96.jpg,389,599,,monkeys
f277c0bb-5e4d-4615-bbb4-926ef1c8d7b1,A Commentary,Charles H. Bennett,1856,/collections/shadows/42630582-edit.jpg,1042,1152,,apes
a1a4b402-9094-4002-aad8-48ee083f04d6,Man Descending towards the Brute,,1843,/essays/grandville-visions-and-dreams/44205304184_63f786a652_c.jpg,799,363,,apes
0ba2f754-1337-4bf2-a970-d8325d457e7a,,Arent van Bolten,ca. 1610,/collections/arent-van-bolten-s-grotesques/12461189354_011e728b70_b.jpg,850,619,,apes
1c676160-6694-44ee-b25a-4347e1b8f56e,"“The Fearmaker [Furchtmaker]”, a Bilen fairy tale.",Tom Seidmann-Freud,1924,/collections/rabbit-tales/dbbs_derivate_00000176-5.jpg,1774,1420,,rabbits
4a522d8b-9688-4f0b-bf15-fc333a75ae52,"“The Hare's Bride”, a fairy tale from Buckow in Mecklenburg.",Tom Seidmann-Freud,1924,/collections/rabbit-tales/dbbs_derivate_00000176-6.jpg,1774,1420,,rabbits
4af87329-c2eb-44f9-84ef-44440bc8d369,"“The Hare Who Was Married”, a Norwegian fairy tale.",Tom Seidmann-Freud,1924,/collections/rabbit-tales/dbbs_derivate_00000176-3.jpg,1774,1420,,rabbits
5f721b96-84e6-404e-9087-af77abaa5bc3,"“The Hare and the Weasel”, a Swahili fairy tale.",Tom Seidmann-Freud,1924,/collections/rabbit-tales/dbbs_derivate_00000176-9.jpg,1774,1420,,rabbits
7ec56501-b0b9-4b4d-8f8b-fddc0f198edb,"“Fable of the Hares and the Frogs”, a fable from Aesop.",Tom Seidmann-Freud,1924,/collections/rabbit-tales/dbbs_derivate_00000176-edit-10.jpg,1774,1420,,rabbits
c96c075c-ba12-43a3-812c-51142871dfef,,Tom Seidmann-Freud,1924,/collections/rabbit-tales/freud-rabbit-cover.jpg,8415,6545,,rabbits
c67da513-9e14-4729-ad3f-48a30fb0b9ab,"“The Feint with the Moon”, a fable from Hitopadesa.",Tom Seidmann-Freud,1924,/collections/rabbit-tales/dbbs_derivate_00000176-7.jpg,1774,1420,,rabbits
0e3c8c05-7596-4d1b-b2bb-d66dcf5742db,Cottontail Rabbit,Gerald H. Thayer,1909,/collections/concealing-coloration/concealing-coloration-7.jpg,1500,1445,,rabbits
8c059447-20a9-4a5e-bc76-281c1599cf04,"(Volume 10, pg. 11)",,1924,/collections/unai-no-tomo/unai-no-tomo-10.11.jpg,1400,1026,,rabbits
a9f3b3b6-a059-4760-a8f4-873c4bcfff4f,Middle: Conjunction,Raphael Custos,1615,/collections/cabala-spiegel/cabala-3.jpg,1566,2082,,rabbits
27daa483-fe33-41df-937b-301d8e781b6e,,Lewis Carroll,1864,/collections/carroll-illustrations-for-alice-undergound/Lewis-Carroll-Alice-Under-Ground-7.jpg,878,1400,,rabbits
3d9eff63-5b78-4bad-9bcd-90278c8fafed,,Lewis Carroll,1864,/collections/carroll-illustrations-for-alice-undergound/Lewis-Carroll-Alice-Under-Ground-14.jpg,860,1400,,rabbits
08f71320-7e63-4bcb-afc6-40ec2135eec4,,Lewis Carroll,1864,/collections/carroll-illustrations-for-alice-undergound/Lewis-Carroll-Alice-Under-Ground-39.jpg,862,1400,,rabbits
8d96bd54-e66e-47a6-9864-a00c22d2e744,“World Axis and Rabbit” (Pencil),August Neter,1922,/collections/hans-prinzhorn-s-artistry-of-the-mentally-ill-1922/47225935771_5af93955a1_c.jpg,799,658,,rabbits
22b50a24-4af1-43a0-8758-800917c0f247,,Lewis Carroll,1919,/collections/alice-s-adventures-in-shorthand-1919/40031183553_4c6ba9e37b_b.jpg,952,665,,rabbits
97cf5eee-994b-4166-aa0a-24c42314da4a,Mr William Bell Scott Wondering What It Is Those Fellows Seem to See in Gabriel,Max Beerbohm,1922,/essays/o-uommibatto-how-the-pre-raphaelites-became-obsessed-with-the-wombat/46679785491_4222c097c0_o.jpg,1174,876,,"rabbits,wombats"
4d41bf02-c7d9-4182-8549-5dafc62e6751,,,ca. 1775,/collections/compendium-of-demonology-and-magic-ca-1775/19258968982_e9f9501f57_o.jpg,620,810,,rabbits
48d00d11-61da-4560-81b4-0dc1504fe3e1,The Rabbit Magician,Charels G. Leland,1884,/collections/the-algonquin-legends-of-new-england-1884/15275682031_7a27fa6a7f_o.jpg,560,591,,rabbits
8e5e5351-e7fb-44e9-b91d-a64a12eef52a,The honest ass and miller,,18th century,/collections/the-world-turned-upside-down-18th-century/8597012143_42ef9ae422_o.jpg,765,546,,rabbits
4f0ac263-df35-4697-a520-e576fe7c327d,,Ernst Schneidler,1919,/collections/illustrated-initials-from-a-german-fairytale-book-1919-edition/8006009304_d47d65a3ce_o.jpg,368,374,,rabbits
9367c337-7103-4906-a7e8-e790445ca9c3,What the Boys did to the Cow,,1908,/collections/halloween-postcards/halloween-card-51.jpg,760,488,,rabbits
5a9840fa-0b05-4d86-88d4-9261d4791b85,,Lewis Carroll,1864,/collections/carroll-illustrations-for-alice-undergound/Lewis-Carroll-Alice-Under-Ground-9.jpg,1400,866,,rats
cc7ec694-7ad0-4426-80a1-5ce7b5381d1c,A new device to cleave wild beasts from Head to Tail.,Filippo Morghen,1776,/collections/filippo-morghen-fantastical-visions-of-lunar-life/ag-obj-175963-001-pub-large-edit.jpg,1919,1418,,rats
e1745bcb-4f13-4992-b764-b77278c304b7,A Savage mounted on a winged Serpent battling with a wild beast resembling a Porcupine.,Filippo Morghen,1776,/collections/filippo-morghen-fantastical-visions-of-lunar-life/ag-obj-175962-001-pub-large-edit.jpg,1893,1407,,rats
34c22e76-d5a7-4f9f-81b7-d67be1c8aece,"Ball Team at Irwinville Farms, Georgia",John Vachon,1938,/essays/the-kept-and-the-killed/service-pnp-fsa-8a03000-8a03400-8a03467v.jpeg,1024,755,,bats
3170ea1d-f84d-418f-916a-086c639fd1c0,Colophon from <em>The Matsuyama Mirror</em>,,1911,/essays/woodblocks-in-wonderland-the-japanese-fairy-tale-series/48659691113_f1efe24a1c_b.jpg,693,1023,,bats
b06f51fc-8cef-48d6-9281-54423c81a5ad,A Way of Flying,Francisco de Goya,1797–9,/collections/the-whims-1799-and-the-follies-1815-23-of-francisco-goya/37985502714_3284e45f07_b.jpg,1000,712,,bats
aaebf4e7-83f0-4794-9b24-63bc409ab1f8,Kellar,Strobridge & Co.,1894,/collections/harry-kellar-s-show-posters/22199531220_b53bf24c1e_c.jpg,799,403,,bats
1d4b3311-bf93-483c-b821-2132ab517cb1,,,ca. 1880,/collections/posed-portraits-of-19th-century-baseball-stars/4051198408_2d888a4211_z.jpg?zz=1,433,640,,bats
210d02b5-f9e3-4e91-b0aa-876d3bb6c274,,,ca. 1880,/collections/posed-portraits-of-19th-century-baseball-stars/4050461443_d5685ca121_z.jpg?zz=1,441,640,,bats
35a92367-0385-461c-92c5-6cf51e1029d3,,,ca. 1880,/collections/posed-portraits-of-19th-century-baseball-stars/4051201512_0f32d85b1d_z.jpg?zz=1,435,639,,bats
3fb0b895-0222-4c15-abf2-5be656e50921,,,ca. 1880,/collections/posed-portraits-of-19th-century-baseball-stars/4050452035_aca3c7ed00_z.jpg?zz=1,433,640,,bats
3e077dec-87d7-4c43-8533-061eb1859c5a,,,ca. 1880,/collections/posed-portraits-of-19th-century-baseball-stars/4051200146_31e26b5538_z.jpg?zz=1,434,640,,bats
44a35a2f-9106-436a-aa66-d89d1751b685,,,ca. 1880,/collections/posed-portraits-of-19th-century-baseball-stars/4050455633_f7a87ffa28_z.jpg?zz=1,431,640,,bats
792896b6-f3eb-421e-909b-f9bac932321e,,,ca. 1880,/collections/posed-portraits-of-19th-century-baseball-stars/4050460183_6ee2cf85eb_z.jpg?zz=1,430,640,,bats
7c807ba1-4b93-4ac8-969e-ab537446f7b1,,,ca. 1880,/collections/posed-portraits-of-19th-century-baseball-stars/4051203974_2268f706a3_z.jpg?zz=1,423,640,,bats
7cca913c-1a02-40ee-8c93-730bbf11ae62,,,ca. 1880,/collections/posed-portraits-of-19th-century-baseball-stars/4051195772_e910770121_z.jpg?zz=1,437,640,,bats
7a6b9feb-6ba0-4be7-9070-db21774c114f,,,ca. 1880,/collections/posed-portraits-of-19th-century-baseball-stars/4051195930_2668618bd4_z.jpg?zz=1,442,640,,bats
0505bc45-d1dd-43e8-b587-0f3995479330,,,ca. 1880,/collections/posed-portraits-of-19th-century-baseball-stars/4050460595_1b4f4ee257_z.jpg?zz=1,440,640,,bats
0ee3b51e-ab10-49f2-bcfe-b97b01065feb,,,ca. 1880,/collections/posed-portraits-of-19th-century-baseball-stars/4051198134_6153789eb4_z.jpg?zz=1,429,639,,bats
01037f13-7d8e-48b9-ab87-174b4c7590bc,,,ca. 1880,/collections/posed-portraits-of-19th-century-baseball-stars/4051198802_6373f27261_z.jpg?zz=1,431,640,,bats
ae67cdb9-f36a-4aec-a68f-16985936c451,,,ca. 1880,/collections/posed-portraits-of-19th-century-baseball-stars/4050454177_44636b167b_z.jpg?zz=1,422,640,,bats
b9f8288d-6a5c-4bf7-a828-ebd8d9abcc47,,,ca. 1880,/collections/posed-portraits-of-19th-century-baseball-stars/4050453469_5f345fe880_z.jpg?zz=1,435,639,,bats
b15bde04-f411-4d41-9e95-d9d0507597a4,,,ca. 1880,/collections/posed-portraits-of-19th-century-baseball-stars/4051200702_3b21486ca9_z.jpg?zz=1,440,639,,bats
c7098662-b183-4220-8d26-bdfb31973587,,,ca. 1880,/collections/posed-portraits-of-19th-century-baseball-stars/4050453741_be85ff8131_z.jpg?zz=1,431,640,,bats
ed07d70a-d62f-478b-9466-47b0a0e0a67c,,,ca. 1880,/collections/posed-portraits-of-19th-century-baseball-stars/4050456729_2a951b25c4_z.jpg?zz=1,435,639,,bats
eb5fd96f-8506-45d4-a13e-ce571e8221f6,,,ca. 1880,/collections/posed-portraits-of-19th-century-baseball-stars/4051194916_a6ed0a553c_z.jpg?zz=1,440,640,,bats
235bc0b1-7c2e-4aa3-b693-14a319708339,On Hallowe'en,,ca. 1910,/collections/halloween-postcards/4055670403_2d06b92e95_o.jpg,760,492,,bats
33cc9da1-372e-4a16-9cfe-5c7beda4771a,All Hallowe'en Greetings,,1908,/collections/halloween-postcards/4055669177_6bf00b6770_o.jpg,760,489,,bats
0cda6251-6469-44d2-82cc-3976a07339f4,All Hallowe'en Greetings,,1908,/collections/halloween-postcards/halloween-card-47.jpg,760,489,,bats
49ad4a35-7735-4d4a-a72c-264b22fcb80d,Blemmyes and other “monsters”,,ca. 1277 or after,/collections/blemmyes/556fcce3-91c2-4fc5-a182-fd93892c63eb_3131-edit.jpg,2321,3080,,deer
39fc2aaf-853d-45e0-97a8-1681e7a82bb5,,Thomas Smillie,1890–1913,/collections/smillie-smithsonian/smillie-smithsonian-13.jpg,2047,1688,,deer
6726e883-43db-4db1-b680-97adc8f8e4d8,A Woman Riding a Deer Leads a Procession,Cornelis Floris II; Hieronymus Cock,ca. 1550,/collections/16th-century-ornament-prints/17057955953_a6df331692_o.jpg,1000,320,,deer
3eef509f-1340-4b35-b0e9-070d76f9e23c,,Master of San Miniato,15th century,/collections/the-prophecy-of-the-popes-15th-century/14459045455_0102d6bbed_o.jpg,600,790,,deer
a232ea04-de62-4796-81d4-c8e3bb69f4db,The descent.,Adrien Marie,1871,/collections/travels-in-the-air/travelsinair00flam_0130-edit.jpg,1641,1077,,sheep
45d9081f-251c-431c-a4b9-83762d3efd43,Sheep—Wholesome to the Eye and Wholesome to the Stomach,,1896,/collections/plain-home-talk/plainhometalkabo00foot_0078.jpg,2431,2393,,sheep
d6641a6f-f8ff-4901-9976-ec932db28936,,Raffaele Mainella,1907,/collections/nos-invisibles/BSG_FOLRSUP15RES_0122.jpeg,4516,6209,,sheep
e1956d98-0b98-4314-a370-188fd5a6459a,,Raffaele Mainella,1907,/collections/nos-invisibles/BSG_FOLRSUP15RES_0094.jpeg,4363,3020,,sheep
12721a78-833c-4a06-81d9-f8532ba780cb,Bazaar in Bethlehem,,ca. 1906,/collections/photographs-of-palestinian-life/palestine-00056.jpg,5868,3071,,"livestock,sheep"
80c4b6f5-8e17-48e9-801d-e0d3b01d7834,Washing sheep in the Ein Farah spring,,ca. 1910,/collections/photographs-of-palestinian-life/palestine-00111.jpg,5754,4241,,sheep
f52cc942-ddbb-49c8-8165-b9703424383e,Shepherds at night,,ca. 1910,/collections/photographs-of-palestinian-life/palestine-00101.jpg,5735,4197,,sheep
a8fbdebf-9fb1-4834-a7da-8f16ea3bda93,Landscape with Cattle,Maria Catharina Prestel; Georg Wagner,1783,/collections/maria-catharina-prestel/maria-catharina-prestel-00013.jpg,2836,2384,,"livestock,sheep"
91083384-4ccf-4c6e-a6e4-efb9a4b59964,Bull in Handstand,Jean Toutin,1619,/shop/nov-2023-prints-00030.jpg,933,1200,,"goats,sheep"
7626005f-f243-4a6d-a96c-75e4965830e3,The Pastorals of Virgil,William Blake,1821,/essays/reading-like-a-roman/ycba_f7731af7-80a2-4aff-be55-9304ea7b207d-edit.jpeg,4865,3521,,sheep
61972a81-f627-4633-a3ff-f7ac36296db5,,,1921,/collections/persian-demons-from-a-book-of-magic-and-astrology-1921/persian_astrology_00001.jpeg,904,556,,sheep
0c4479fa-2b19-49c6-9552-81bb797de23e,,Giovanni Battista Bracelli,1624,/collections/bracelli-s-bizzarie-di-varie-figure-1624/R-20110930-0039-edit.jpg,1000,754,,sheep
ed3b1d55-7964-4ff2-96d5-f4a436eac050,"Fore-edge for a copy of *Select British Poets. Vol. I, The Poetical Works of John Milton*",,1825,/collections/fore-edge-book-paintings-from-the-boston-public-library/42646878841_d2211e3741_b.jpg,1024,360,,sheep
f2ea1049-bb1b-49c6-9a8f-7a908bc3fdc8,The Bishop,Hans Holbein,1523–5,/collections/hans-holbeins-dance-of-death-1523-5/40606048085_9b7eb9083c_o.jpg,550,733,,sheep
a3b1035b-bacd-41c5-bdb9-545872c987c4,Asarum europaeum,Gherardo Cibo,,/collections/watercolours-from-a-16th-century-de-materia-medica/20872385175_34f004ac69_o.jpg,600,821,,sheep
a85cda78-1194-4266-b368-74d5e2c4356e,Plantago maior,Gherardo Cibo,,/collections/watercolours-from-a-16th-century-de-materia-medica/20684392628_d4e5e1df67_o.jpg,600,827,,sheep
b03e79d4-86a3-4cda-be7e-31acd94ca3ba,The monster that appeared by chance to St. Anthony,,1559,/collections/histoires-prodigieuses/histoires-prodigieuses-00010.jpg,2601,2987,,goats
98ce427b-60d4-439a-afe2-4def1752c609,,,1926,/collections/nuuttipukki/nuuttipukki-feature.jpg,2262,3333,,goats
098c32a2-7f51-428a-8ff4-45e294e71a5d,,,1928,/collections/nuuttipukki/nuuttipukki-2.jpg,3000,2177,,goats
a064e529-f18d-4c1b-9bcc-f6e4a58ca534,,,1928,/collections/nuuttipukki/nuuttipukki-5.jpg,3000,2100,,goats
ab5e7e11-3c05-4f43-b5c8-fbc7e0700001,,,1928,/collections/nuuttipukki/nuuttipukki-4.jpg,3000,2147,,goats
b5d9e77c-95ff-4e81-9d21-cc03eb59b17d,,,1928,/collections/nuuttipukki/nuuttipukki-1.jpg,3000,2083,,goats
cede0610-a1b3-48a5-8f14-4dde74d29bc3,,,1928,/collections/nuuttipukki/nuuttipukki-3.jpg,3000,2138,,goats
ddc2cad5-49e7-4630-a205-5bb4003db26f,,,1928,/collections/nuuttipukki/nuuttipukki-5.jpg,3000,2100,,goats
3264ae82-9410-41ba-994b-6cb0478b2a63,Pride,James Ensor,ca. 1904,/collections/ensor-sins/ensor-sins-pride-edit.jpg,1500,1045,,goats
c4165213-c4b9-4daf-9920-fc8b1c1f75ea,The Charioteer,Sidney Hall,1824-5,/collections/uranias-mirror-or-a-view-of-the-heavens/dec2019-24.jpg,831,1200,,goats
12ad48c9-b19c-440f-90f3-c7bbd602f468,,Pierre d'Hancarville,ca. 1771,/collections/erotic-cameos-from-antiquity/veneresutiobserv02hanc_0063.jpg,1338,1360,,goats
1928fabd-4c25-40b1-b70c-d89bf8677a81,,,ca. 1775,/collections/compendium-of-demonology-and-magic-ca-1775/19077327518_daebc0e833_o.jpg,620,790,,goats
b209c2aa-985c-4da9-8cdf-4921dbba0a0c,A Chariot Pulled by Two Men and a Goat,Cornelis Floris II; Hieronymus Cock,1552,/collections/16th-century-ornament-prints/17057953823_66dd960914_o.jpg,1000,336,,goats
70caba67-f178-4267-8ba5-0958cb1d719b,The ox turned farmer,,18th century,/collections/the-world-turned-upside-down-18th-century/8597011641_560e181106_o.jpg,773,543,,goats
2f480bd7-63c7-4b8c-858b-dd7101858d73,Honeysuckle,J. J. Grandville,1849,/collections/the-flowers-personified-1847/lesfleursanimees-0214.jpg,1107,1500,,goats
7c025237-6a36-4df2-8894-28481d727482,,Giambattista della Porta,1586,/collections/giambattista-della-porta-s-de-humana-physiognomonia-libri-iiii-1586/393px-De_humana_physiognomonia_libri_IIII_-_NLM_NIH_-_page_86.jpg,393,599,,goats
5e52fc8d-70bb-41a8-bbb4-d3e0642d581b,The Unhealthy Pair,,1896,/collections/plain-home-talk/plainhometalkabo00foot_0077.jpg,2365,1342,,pigs
1febe1d1-b82a-44d4-ab1b-8f291d5a5487,A Pig with the Face of a Man,José Guadalupe Posada,ca. 1899,/collections/posada-monstrous-births/posada-DP868524.jpg,2124,3112,,pigs
e78fbfa2-8938-4d9b-9900-fe082e71d70d,A Greedy Pig,Charles H. Bennett,1856,/collections/shadows/42630588-edit.jpg,1026,1143,,pigs
6a4e1315-37a9-4d2f-900f-7ae090782a00,Baba Yaga fights a crocodile,D. A. Rovinskii,1881,/collections/d-a-rovinskiis-collection-of-russian-lubki-18th-19th-century/YoiW4xfzRqCv0janZWW0SAn-1024x833.jpg,1024,833,,pigs
b60c8abb-7332-4662-8f66-60391f7c0e4b,,Augustus Jansson,1903–7,/collections/augustus-janssons-queen-city-ink-adverts-1903-1907/48820020007_ec83e895a9_c.jpg,580,799,,pigs
1891691e-030b-4223-9d85-55540ce34b99,Piggiwiggia Pyramidalis,Edward Lear,1888,/collections/edward-lears-nonsense-botany-1871-77/48299114941_f074d0670a_c.jpg,508,800,,pigs
54bfa338-289d-49e6-8d11-e777b19f9384,This Porcineograph,Forbes Lithograph Manufacturing Company,ca. 1875,/shop/edit-03724u.jpeg,895,1200,,pigs
c6780a20-e0c3-4b40-a0bf-0c1d626fac52,Cattle to Provide Beef to an Ocean Liner Anchored in Port Said,,ca. 1900,/essays/elizabeth-bislands-race-around-the-world/10292626374_82a1f06336_o.jpg,540,585,,cattle
0b39ab64-1205-4c84-abbc-7c0d0405e175,Report on the blood-red colored water in the ditch around the town of Beilstein (Württemberg) in August 1583.,,1583,/collections/celestial-phenomena-16th-century-germany/celestial-phenomena-00033.jpeg,4776,5616,,livestock
83f90a22-a599-4fd2-81ef-2253769ed023,North coast near Semarang,Franz Wilhelm Junghuhn,1854,/collections/junghuhn-java-album/01-RP-P-2018-1019-edit.jpg,4862,3647,,livestock
3ab0410c-0793-400d-a7a0-15e475bd0ee3,"Mount Vesuvius in winter, covered with snow",Peter Fabris,1776–9,/collections/campi-phlegraei/campi-phlegraei-17.jpg,1400,748,,livestock
7a8b0160-7e5d-47c6-a8d0-359cf12d7772,Tibetan Yaks,Yvette Borup Andrews,1921,/essays/yvette-borup-andrews-photographing-central-asia/38828179624_c73974c435_b.jpg,1024,669,,livestock
d7503db9-3082-4d9c-915d-8defddf241f5,"Image depicting the Story of Noah, with the rainbow of the covenant.",,1608,/collections/rainbows-in-art/25367361829_d987ee5fd6_b.jpg,805,654,,livestock
07eab757-a5b9-43fd-88a2-b6ad1426e13f,View of a Street in Østerbro Outside Copenhagen. Morning Light,Christen Købke,1836,/essays/visual-nation-making-and-forgetting/9495826772_3b8abb3b98_c.jpg,800,526,,livestock
445ce92a-a0e8-4d6a-b560-1cdbb3f8ce88,Wombat Sketch,Edward Burne-Jones,1904,/essays/o-uommibatto-how-the-pre-raphaelites-became-obsessed-with-the-wombat/46679785221_d4e9613991_c.jpg,800,410,,wombats
1444c5f4-3511-4ed1-a299-84aa3819820c,"Fore-edge for a copy of *The World before the Flood, a Poem*",,1819,/collections/fore-edge-book-paintings-from-the-boston-public-library/42596245862_06d452ef3e_b.jpg,1024,285,,mammoths
551f767e-ed45-4afa-ac02-e12f17e04c33,Behind Fremiet’s Elk (Trocadéro),Henri Rivière,1888–1902,/collections/36-views-of-the-eiffel-tower/27-image_riviere_henri_derriere_lelan_g.22392-27_2023175.jpg,2392,2856,,snakes
aff445c3-57c6-40f9-b136-616ab4cf25b4,Aradia or the Gospel of the Witches,,1899,/essays/roma-lister-aradia/02-aradiaorgospelof00lela_0007-edit.jpg,2006,3096,,snakes
950ef21e-c772-428b-832d-13297c0ca048,,Anton Seder,1896,/collections/das-thier-in-der-decorativen-kunst/gri_33125013920190_0012.jpg,1610,2121,,"reptiles,snakes"
18c54bb5-187e-41eb-bca6-6407bfd814ff,,Raffaele Mainella,1907,/collections/nos-invisibles/BSG_FOLRSUP15RES_0234.jpeg,4216,4960,,snakes
4392e9aa-e55b-4cdc-ab1d-b946c70568cb,,Raffaele Mainella,1907,/collections/nos-invisibles/BSG_FOLRSUP15RES_0040.jpeg,4439,6408,,snakes
07991ff5-2497-4be3-b0f6-fe014c6b99c2,,Raffaele Mainella,1907,/collections/nos-invisibles/BSG_FOLRSUP15RES_0342.jpeg,4280,2952,,snakes
f989dbb4-bc8d-4d0b-ab76-aee14676cebe,,Raffaele Mainella,1907,/collections/nos-invisibles/BSG_FOLRSUP15RES_0072.jpeg,4390,5880,,snakes
ca83b241-e7a7-475f-9f27-b71653b7242e,,,ca. 1790–1810,/collections/eye-miniatures/1936-6-2-ov-edit.jpeg,1365,1080,,snakes
affcda1a-147c-40af-8ce4-1f06b4477291,Copperhead Snake on Dead Leaves,Gerald H. Thayer,1909,/collections/concealing-coloration/concealing-coloration-11.jpg,1142,1500,,snakes
565dd9e7-2d08-490d-8595-b1f5b4e6c70e,,John Bingley Garland,ca. 1850–60,/collections/garland-blood-collages/blood-book-11.jpg,1826,1382,,snakes
697a7512-5a24-425a-bc37-10f2dc495ef7,,John Bingley Garland,ca. 1850–60,/collections/garland-blood-collages/blood-book-30.jpg,1866,1478,,snakes
7882c139-9329-4160-8c2b-93b3bc633968,,John Bingley Garland,ca. 1850–60,/collections/garland-blood-collages/blood-book-20.jpg,1837,1470,,snakes
95b47045-df55-41f7-be7e-36a49ce2d697,,John Bingley Garland,ca. 1850–60,/collections/garland-blood-collages/blood-book-38.jpg,1861,1554,,snakes
b61d578a-0eab-4376-8a77-66a9f33ac3dd,,John Bingley Garland,ca. 1850–60,/collections/garland-blood-collages/blood-book-14.jpg,1806,1448,,snakes
ca9f3df0-d196-4ca0-a89e-6fb8ad0d2c96,,John Bingley Garland,ca. 1850–60,/collections/garland-blood-collages/blood-book-32.jpg,1836,1499,,snakes
cd50a3ec-ce85-4ce5-ae35-460945d43d5a,,John Bingley Garland,ca. 1850–60,/collections/garland-blood-collages/blood-book-31.jpg,1850,1348,,snakes
f8018cab-a891-4ae8-a2d4-e6f46eb6c74d,,John Bingley Garland,ca. 1850–60,/collections/garland-blood-collages/blood-book-3.jpeg,1852,1376,,snakes
ef4e1e7a-9458-43ee-a615-c7a7dc61f2f6,"Paradise Lost: Book 12, Line 641",John Martin,1827,/collections/john-martin-s-illustrations-of-paradise-lost-1827/48008599373_fa3e7c74c1_b.jpg,1024,711,,snakes
119a8be0-bfdd-49bf-9078-2d0e8269f7cb,,Giovanni Battista Bracelli,1624,/collections/bracelli-s-bizzarie-di-varie-figure-1624/46848687044_6779fb8226_b.jpg,1000,747,,snakes
e0efd202-8ba5-4526-920d-5a07a76d4e62,,Katsushika Hokusai,,/collections/hokusai-s-ghost-stories-ca-1830/46224245552_704b1d41f6_c.jpg,571,799,,snakes
398e7897-f499-49cf-ba96-254dc6354296,"View of the bronze hand “Pantea”, a sacred symbol of the god Sabazius.",Filippo Palizzi,1778,/collections/curiosities-from-the-museum-of-giovanni-carafa-1778/39073188705_f5019ec273_b.jpg,650,917,,snakes
8d487ea2-9d81-4a15-820b-b9637c3ff947,,,1190–1200,/collections/miniatures-from-a-12th-century-medical-and-herbal-collection/32385351812_6b895d8b09_c.jpg,618,799,,snakes
730fb058-94fc-468d-b376-fcd6ee714296,,Pierre d'Hancarville,ca. 1771,/collections/erotic-cameos-from-antiquity/veneresutiobserv02hanc_0135.jpg,1342,1344,,snakes
61b7f38c-1f4d-47de-9a70-c7c1d5bc3987,"Dante and Virgil witnessing Vanno Fucci, the pillager of a church in Pistoia, being attacked by the monster Cacus",,1444–1450,/collections/14th-century-illuminations-for-dante-s-divine-comedy/17502434874_1fa95eefb7_b.jpg,1024,563,,"lizards,snakes"
3427a0cf-b024-4454-909e-d4ae6c6f41be,The Young Hercules Strangling a Snake,Cornelis Bos,1516–56,/collections/16th-century-ornament-prints/17057949183_e2fd7a1836_o.jpg,800,1168,,snakes
2ea0b531-7b87-4979-80cd-23bc7776ebb9,,Hugo Simberg,ca. 1908,/collections/the-photographs-of-hugo-simberg/16852142002_a103bc513f_b.jpg,1024,670,,snakes
22f6718d-458c-4df0-a7e5-e13ce5362684,A view of the controversial centrepiece of the ceiling fresco at Tampere,Hugo Simberg,1905,/collections/the-photographs-of-hugo-simberg/16853058775_72e2ea1b70_b.jpg,1024,762,,snakes
4b709241-60c8-4d24-afa0-3d5274178a23,,Hugo Simberg,1907,/collections/the-photographs-of-hugo-simberg/16852244061_b56b3a43ce_b.jpg,1024,688,,snakes
49c6d8a4-3b9a-4bd0-a46e-23590fee0d31,Simberg and assistants at work on *The Garland Bearers* (1906) fresco,Hugo Simberg,ca. 1906,/collections/the-photographs-of-hugo-simberg/16851813021_b1516b4e8c_b.jpg,1024,767,,snakes
47b9ea3a-3ac0-4402-b891-2d669a69eee3,Simberg and assistant in front of the fresco version of <em>The Garden of Death</em>,Hugo Simberg,1906,/collections/the-photographs-of-hugo-simberg/16667920540_0b33ab1660_c.jpg,587,800,,snakes
563b8a72-d379-464b-b58d-b15b150a883c,,Hugo Simberg,ca. 1908,/collections/the-photographs-of-hugo-simberg/16853292355_bed98ff1ab_z.jpg,468,639,,snakes
68e99974-59d8-4a2e-ae5c-e0aa99c9e833,,Hugo Simberg,ca. 1908,/collections/the-photographs-of-hugo-simberg/16853294085_037c863339_z.jpg,458,639,,snakes
89df915e-543d-4672-8944-659a6313efda,,Hugo Simberg,ca. 1908,/collections/the-photographs-of-hugo-simberg/16645993127_f835c7e0f7_b.jpg,1024,753,,snakes
a808cae2-01b1-4756-8bbc-a45f5f0ab979,,Hugo Simberg,ca. 1908,/collections/the-photographs-of-hugo-simberg/16852142082_bded3206fd_z.jpg,469,640,,snakes
b54c8000-14c0-40e7-bcaf-ddcb7be33401,,Hugo Simberg,,/collections/the-photographs-of-hugo-simberg/16852140662_fe493f85e4_b.jpg,1024,767,,snakes
bf6e5d6c-a69a-4f8a-9615-c3afef465a41,,Hugo Simberg,ca. 1908,/collections/the-photographs-of-hugo-simberg/16667149869_f136f29912_b.jpg,1024,612,,snakes
b9b57758-2a43-4745-ac79-c2f81752ee1f,Model in the studio for <em>The Wounded Angel</em> (1903),Hugo Simberg,1902,/collections/the-photographs-of-hugo-simberg/16645584577_eea6a4b4b5_b.jpg,1024,691,,snakes
cd2a8a93-967a-4811-88af-7637b6d2260d,,Hugo Simberg,ca. 1908,/collections/the-photographs-of-hugo-simberg/16665976318_60da2ae89a_b.jpg,1024,336,,snakes
c34fd6aa-b377-4bd5-a050-cb0ced2202de,,Hugo Simberg,ca. 1908,/collections/the-photographs-of-hugo-simberg/16230923154_69426ce79f_z.jpg,467,640,,snakes
cd61f4e1-2fde-43f5-909b-04e08e275b04,,Hugo Simberg,1907,/collections/the-photographs-of-hugo-simberg/16827425446_c377b55aa2_b.jpg,1023,726,,snakes
c220e9ad-274b-4c85-83b4-268cfbacfdaf,View of the ceiling fresco at Tampere fresco from below,Hugo Simberg,1905,/collections/the-photographs-of-hugo-simberg/16233093173_ed495b20f1_b.jpg,1023,616,,snakes
eb1cd7f6-7770-48ac-bed9-d58615afdbc9,,Hugo Simberg,ca. 1908,/collections/the-photographs-of-hugo-simberg/16233326773_ebac1fd5fe_b.jpg,1024,753,,snakes
fcef4203-cf9e-4854-8e95-3e7654cb5e6d,,Hugo Simberg,ca. 1908,/collections/the-photographs-of-hugo-simberg/16667412609_78bac1c721_b.jpg,1023,765,,snakes
86946aae-91bb-4606-8929-a4cd83f02ccd,"Night the Third, Narcissa",William Blake,1797,/essays/william-blake-and-paul-mellon-the-life-of-the-mind/15209272908_33924441e8_o.jpg,1000,1277,,snakes
39b57e2c-3813-4ee9-b546-b34145784444,Crystal Palace Dinosaurs,George Baxter,ca. 1854,/collections/crystal-palace-dinosaurs/baxter-dinosaurs-uncropped.jpg,3536,2439,,reptiles
d2f9d8e4-ece7-46ba-8b46-d6c57d8e1cd6,,Anton Seder,1896,/collections/das-thier-in-der-decorativen-kunst/gri_33125013920190_0016.jpg,1620,2134,,"frogs,lizards,reptiles"
39cbcd01-4576-43cf-8f62-00c165091835,We Passed Through Caverns Filled With Creeping Reptiles.,John Augustus Knapp,1895,/collections/etidorhpa/etidorhpaorendof00lloy_0323.jpg,947,1400,,reptiles
2d3287b4-31e0-43f9-ae24-2eda1c410555,"Essay Towards a Natural History of Serpents, Plate III",Charles Owen,1742,/shop/edit-essaytowardsnatu00owen_0113.jpg,873,1200,,reptiles
3e1b957e-287a-45c4-855e-c3928f7a6a73,,Christoph Jamnitzer,1610,/collections/christoph-jamnitzer-neuw-grotesken-buch/RP-P-1973-153.jpg,4571,3713,,frogs
21f51a23-7fda-4b9f-86de-0aa66e990cb1,Battle Between Frog and Lobster,Christoph Jamnitzer,1610,/shop/RP-P-1973-153-print.jpg,1500,1201,,frogs
d250e3fe-a0e9-4be8-81b2-89c2a5104005,March 1905 cover for *Hototogisu*,Anonymous,1905,/shop/newprints-nov24-00010.jpg,1050,1500,,frogs
236220c4-b1ba-45d9-b141-cd2a95ea28b4,“They are content to be brushed like flies from the path of a great man.”,C. P. Cranch,ca. 1837–9,/collections/cranch-new-philosophy/cranch-philosophy-7.jpg,2397,1515,,frogs
1b8c24ec-8590-42f7-9a0e-1b710e069b88,,Christian von Mechel,ca. 1785,/collections/frogs-to-apollo/frog-apollo-00010.jpeg,1030,1522,,frogs
2f294b37-8180-45c5-b775-02f5773a2a11,,Christian von Mechel,ca. 1785,/collections/frogs-to-apollo/frog-apollo-00009.jpeg,1019,1513,,frogs
3a580d27-d55a-4074-a78b-e9b33313235c,,Christian von Mechel,ca. 1785,/collections/frogs-to-apollo/frog-apollo-00007.jpeg,1026,1509,,frogs
40a1300b-f058-45c7-9971-76666d42d3de,,Christian von Mechel,ca. 1785,/collections/frogs-to-apollo/frog-apollo-00006.jpeg,1008,1486,,frogs
8a6dc383-5a1c-4e10-aecc-d683ce062987,,Christian von Mechel,ca. 1785,/collections/frogs-to-apollo/frog-apollo-00008.jpeg,1018,1511,,frogs
8389ed82-f724-4ffb-a7d3-683d546cfa3d,,Christian von Mechel,ca. 1785,/collections/frogs-to-apollo/frog-apollo-00004.jpeg,1021,1515,,frogs
9a32b5e7-ec00-4153-a09d-8ccd4f713c88,,Christian von Mechel,ca. 1785,/collections/frogs-to-apollo/frog-apollo-00024.jpeg,1003,1483,,frogs
9deaa6f2-0803-4400-b83a-92b8340a9a80,,Christian von Mechel,ca. 1785,/collections/frogs-to-apollo/frog-apollo-00003.jpeg,1020,1508,,frogs
b4b95507-1b9a-4c17-9f01-9fb70294c1dd,,Christian von Mechel,ca. 1785,/collections/frogs-to-apollo/frog-apollo-00002.jpeg,1022,1510,,frogs
e6cdee83-de0b-4918-bb60-e9a181c5dbde,,Christian von Mechel,ca. 1785,/collections/frogs-to-apollo/frog-apollo-00005.jpeg,1022,1504,,frogs
e33cf57f-d5bb-4bac-a057-0dd8a01302ce,,Christian von Mechel,ca. 1785,/collections/frogs-to-apollo/frog-apollo-00001.jpeg,996,1472,,frogs
2f8d9bd6-bb2e-4699-bf11-59562c0370a3,Kimono design,Ueno Seikō,ca. 1902,/collections/unkindo-kimono-designs/yachigusav8ueno_0006.jpeg,710,957,,frogs
6b730971-9d5f-4cd2-aea4-96dd4e3a6e52,Fashionable Battle of Frogs: I,Kawanabe Kyōsai,1864,/shop/oct_19_new_prints_00084.jpg,803,1200,,frogs
7b62e841-1308-4fbd-a1aa-e6bfb3dd1afb,"Natural History of Carolina, Florida and the Bahama Islands, v2. Tab 72",Mark Catesby,1743,/shop/edit-naturalhistoryCc1v2Cate_0225-1.jpg,580,768,,frogs
57cfcf1b-cb7d-43a2-b788-bf48b39e4c4c,Portraits Compared,,1844,/essays/grandville-visions-and-dreams/44875502032_96377d51ea_c.jpg,800,374,,"amphibians,frogs"
25f032f4-9746-4d47-a22b-88fc21081269,Phenakistoscope,,1833,/collections/phenakistoscopes-1833/29262437711_7a36736efa_b.jpg,669,665,,frogs
a9f39955-771a-4d46-9630-6f554820b872,Phenakistoscope,,1833,/collections/phenakistoscopes-1833/480px-Optical_illusion_disc_with_man_and_frog.gif,480,480,,frogs
545bf44e-6837-4c81-87a1-5bf5c0f992d6,,,ca.1870,/collections/wear-celluloid-collars-and-cuffs-ca-1870/9670245901_eb6177e025_c.jpg,800,502,,frogs
9a25aff3-5ab3-40be-ac8c-4ff3c181b43b,,,ca.1870,/collections/wear-celluloid-collars-and-cuffs-ca-1870/9670246331_8aec72dca1_c.jpg,799,493,,frogs
06dc91b1-ed69-4f46-a817-b70174f2058c,,,ca.1870,/collections/wear-celluloid-collars-and-cuffs-ca-1870/9670246161_907ff51a92_c.jpg,800,507,,frogs
0d055e46-692a-4563-85fa-cac7a6335874,,,ca.1870,/collections/wear-celluloid-collars-and-cuffs-ca-1870/9673472188_6728b8f151_c.jpg,800,511,,frogs
026387ab-a3dd-4d48-9951-7814b83e4bc3,Mark Twain,Frederick Watty,1873,/collections/cartoon-portraits-of-leading-19th-century-figures-1873/7802390716_4a56d3fe51_o.jpg,518,731,,frogs
bcc61483-0ca4-4128-9ca3-25c350436598,Plate Comparing Vertebrate Embryos,Ernst Haeckel,1879,/essays/copying-pictures-evidencing-evolution/27073811505_80fe3515a0_o.jpg,724,488,,vertebrates
8edd2c7a-794b-42de-b22d-062b6761a7da,,William Cheselden,1733,/collections/william-cheselden-s-osteographia-1733/6069048319_fb5c50ee0c_z.jpg,495,640,,vertebrates
03a507a9-5016-480e-9f35-e22d409bb595,,Friedrich Lehmann; Ludwig Heinrich Bojanus,1821,/collections/turtle-anatomy-1821/7255614454_6cd0e46020_o.jpg,550,790,,vertebrates
