file,uuid,title,artist,date,w,h,tags,status
alkanna__12ecb4d9.jpg,12ecb4d9-4da8-435a-9579-56c8bb53a8ad,Alkanna,Johannes Hartlieb,1462,3692,4169,"botanical,botany,flora,herbals,herbs,plants",have
gourd__1ce2605d.jpg,1ce2605d-6c2d-4d09-a785-f3a78e0a9c74,Gourd,Johannes Hartlieb,1462,3652,4345,"botanical,botany,flora,herbals,herbs,plants",have
field-eryngo__2ab55e57.jpg,2ab55e57-3c91-46e6-8e61-e33ca472be4b,Field eryngo,Johannes Hartlieb,1462,3732,4510,"botanical,botany,flora,herbals,herbs,plants",have
basil__3e80d1c6.jpg,3e80d1c6-9d9a-41d2-83d8-dc635f604c96,Basil,Johannes Hartlieb,1462,3674,4499,"botanical,botany,flora,herbals,herbs,plants",have
stonecrop__382a6700.jpg,382a6700-7fec-431b-9bcb-ebf426540d01,Stonecrop,Johannes Hartlieb,1462,3782,4411,"botanical,botany,flora,herbals,herbs,plants",have
fir-sponge__4e66aff1.jpg,4e66aff1-c588-415f-b63d-f32f778d5543,Fir sponge,Johannes Hartlieb,1462,3696,4587,"botanical,botany,flora,herbals,herbs,plants",have
st-john-s-wort__4a1e0834.jpg,4a1e0834-a564-4a42-a307-a630e1350a29,St John’s wort,Johannes Hartlieb,1462,3762,4532,"botanical,botany,flora,herbals,herbs,plants",have
rockfoil__4477b179.jpg,4477b179-877e-4366-8f6f-9c8bf077d387,Rockfoil,Johannes Hartlieb,1462,3586,4378,"botanical,botany,flora,herbals,herbs,plants",have
verbena__42539c18.jpg,42539c18-4dbb-4dd4-a286-b0ab8786933f,Verbena,Johannes Hartlieb,1462,3751,4400,"botanical,botany,flora,herbals,herbs,plants",have
nutmeg__5ef12e93.jpg,5ef12e93-46d4-4745-afa8-391fbf3cc4ac,Nutmeg,Johannes Hartlieb,1462,3716,4620,"botanical,botany,flora,herbals,herbs,plants",have
chicory__65cf40e9.jpg,65cf40e9-06ad-42b3-b635-2aeed3487499,Chicory,Johannes Hartlieb,1462,3597,4697,"botanical,botany,flora,herbals,herbs,plants",have
scammony__60d24336.jpg,60d24336-a30b-4811-a30b-21a8d2049349,Scammony,Johannes Hartlieb,1462,3707,4763,"botanical,botany,flora,herbals,herbs,plants",have
marshmallow__7ab16e3f.jpg,7ab16e3f-0040-42ef-bd3f-e4b32d92d752,Marshmallow,Johannes Hartlieb,1462,3718,4191,"botanical,botany,flora,herbals,herbs,plants",have
cereal__7bb528d5.jpg,7bb528d5-a8de-4544-9f68-9205a300654d,Cereal,Johannes Hartlieb,1462,3630,4334,"botanical,botany,flora,herbals,herbs,plants",have
watercress__74ec5a3e.jpg,74ec5a3e-1e71-44a0-ae34-8ee9c4912739,Watercress,Johannes Hartlieb,1462,3662,4466,"botanical,botany,flora,herbals,herbs,plants",have
radish__7bb1c4d9.jpg,7bb1c4d9-5e6a-4832-a911-c84e5e6c60e2,Radish,Johannes Hartlieb,1462,3753,4510,"botanical,botany,flora,herbals,herbs,plants",have
sage__7a0ef6d2.jpg,7a0ef6d2-231c-4bf5-a320-466ff054a438,Sage,Johannes Hartlieb,1462,3498,4389,"botanical,botany,flora,herbals,herbs,plants",have
mustard__77c13d1f.jpg,77c13d1f-bc11-4e8e-ab1c-1c0f9a7a2df7,Mustard,Johannes Hartlieb,1462,3465,4477,"botanical,botany,flora,herbals,herbs,plants",have
clove__852f0c49.jpg,852f0c49-ccd4-49ca-b4b5-5eafb6aaefd3,Clove,Johannes Hartlieb,1462,3696,4543,"botanical,botany,flora,herbals,herbs,plants",have
mandrake-root__8d75042b.jpg,8d75042b-1d25-44c7-99df-c8c5e59e872a,Mandrake root,Johannes Hartlieb,1462,3695,4642,"botanical,botany,flora,herbals,herbs,plants",have
violets__8375783f.jpg,8375783f-74cf-46c2-bac4-6a02f42da7e7,Violets,Johannes Hartlieb,1462,3817,4323,"botanical,botany,flora,herbals,herbs,plants",have
sugarcane__890ccd5e.jpg,890ccd5e-7107-4304-b667-442712ac1331,Sugarcane,Johannes Hartlieb,1462,3773,4422,"botanical,botany,flora,herbals,herbs,plants",have
aloe__99bbb3e8.jpg,99bbb3e8-3a5d-44c7-a971-9afc78468b66,Aloe,Johannes Hartlieb,1462,3740,4389,"botanical,botany,flora,herbals,herbs,plants",have
onion__91f8e85c.jpg,91f8e85c-55a3-4d82-99e5-da75c6c0299c,Onion,Johannes Hartlieb,1462,3630,4653,"botanical,botany,flora,herbals,herbs,plants",have
cabbage__95123929.jpg,95123929-e9cf-4d62-8701-1bc43df597bf,Cabbage,Johannes Hartlieb,1462,3619,4389,"botanical,botany,flora,herbals,herbs,plants",have
hellebore__91f7965a.jpg,91f7965a-35f4-4bab-a9ce-80e4d8f93744,Hellebore,Johannes Hartlieb,1462,3663,4356,"botanical,botany,flora,herbals,herbs,plants",have
rose__986eb6c6.jpg,986eb6c6-5730-4dcd-97cf-53f47d20d524,Rose,Johannes Hartlieb,1462,3721,4587,"botanical,botany,flora,flowers,herbals,herbs,plants",have
black-nightshade__971d1ead.jpg,971d1ead-5ea3-4c7d-8e04-082e31df9978,Black nightshade,Johannes Hartlieb,1462,3818,4405,"botanical,botany,flora,herbals,herbs,plants",have
mouse-garlic__9a1b6de3.jpg,9a1b6de3-ee24-43ee-a5fc-0a41e4aed977,Mouse garlic,Johannes Hartlieb,1462,3465,4422,"botanical,botany,flora,herbals,herbs,plants",have
clover__0fc65ab3.jpg,0fc65ab3-2402-4b11-889c-bf83b1952dba,Clover,Johannes Hartlieb,1462,3696,4675,"botanical,botany,flora,herbals,herbs,plants",have
centaurium__064e5d90.jpg,064e5d90-3ec5-4758-95f2-05c2196cf920,Centaurium,Johannes Hartlieb,1462,3663,4400,"botanical,botany,flora,herbals,herbs,plants",have
balsam__a8b44674.jpg,a8b44674-a87b-4cb2-9f1a-39a62f2dc756,Balsam,Johannes Hartlieb,1462,3696,4477,"botanical,botany,flora,herbals,herbs,plants",have
chamomile__acddc033.jpg,acddc033-0730-4b73-a4eb-293d50c271ee,Chamomile,Johannes Hartlieb,1462,3630,4609,"botanical,botany,flora,herbals,herbs,plants",have
physalis__affdad4a.jpg,affdad4a-a718-46df-9049-3038086064b1,Physalis,Johannes Hartlieb,1462,3740,4521,"botanical,botany,flora,herbals,herbs,plants",have
mouse-ear-hawkweed__b08495a2.jpg,b08495a2-a63c-4dfd-b231-133402019cb7,Mouse-ear hawkweed,Johannes Hartlieb,1462,3685,3641,"botanical,botany,flora,herbals,herbs,plants",have
danewort__bfa5a24c.jpg,bfa5a24c-234c-4151-b603-0cbd52934bb1,Danewort,Johannes Hartlieb,1462,3685,4081,"botanical,botany,flora,herbals,herbs,plants",have
hops__b6d55ae5.jpg,b6d55ae5-bb55-4dc8-97e9-205a32690ee1,Hops,Johannes Hartlieb,1462,3630,4499,"botanical,botany,flora,herbals,herbs,plants",have
ginger__b075c4dd.jpg,b075c4dd-95fe-4d46-98ca-fc3958c314cd,Ginger,Johannes Hartlieb,1462,3817,4367,"botanical,botany,flora,herbals,herbs,plants",have
autumn-crocus__b01fac04.jpg,b01fac04-15ff-4748-af57-0937f5a7b2ba,Autumn crocus,Johannes Hartlieb,1462,3707,4268,"botanical,botany,flora,herbals,herbs,plants",have
stinging-nettle__beef1673.jpg,beef1673-e96f-434f-a09b-abc7abc37716,Stinging nettle,Johannes Hartlieb,1462,3773,4411,"botanical,botany,flora,herbals,herbs,plants",have
calla__c4a05a5c.jpg,c4a05a5c-0923-4e2b-b657-cd86841208cb,Calla,Johannes Hartlieb,1462,3597,4576,"botanical,botany,flora,herbals,herbs,plants",have
fennel__cf872cfc.jpg,cf872cfc-2b37-409e-9dfb-a557f0b27592,Fennel,Johannes Hartlieb,1462,3663,4466,"botanical,botany,flora,herbals,herbs,plants",have
forget-me-nots__c062de69.jpg,c062de69-66ab-4a0d-ac25-19c1a95cae34,Forget-me-nots,Johannes Hartlieb,1462,3608,4026,"botanical,botany,flora,herbals,herbs,plants",have
possibly-watermelon-or-cucumber__d623903e.jpg,d623903e-46ee-4bd4-af74-5b832faa08b0,Possibly watermelon or cucumber,Johannes Hartlieb,1462,3762,4752,"botanical,botany,flora,herbals,herbs,plants",have
sowbread__de87d9c6.jpg,de87d9c6-c08e-4283-96ac-238d66dd0968,Sowbread,Johannes Hartlieb,1462,3740,4433,"botanical,botany,flora,herbals,herbs,plants",have
water-lily-or-water-crowfoot__d9ae0fc4.jpg,d9ae0fc4-1878-40c5-8f23-d38bb257186c,Water Lily or Water Crowfoot,Johannes Hartlieb,1462,3640,4312,"botanical,botany,flora,herbals,herbs,plants",have
red-bolus__da0dfde2.jpg,da0dfde2-0f68-41d5-aeeb-6535dd2e6e5d,Red bolus,Johannes Hartlieb,1462,3740,4455,"botanical,botany,flora,herbals,herbs,plants",have
euphorbia__efbc5443.jpg,efbc5443-ca8f-41c6-9581-4b18447daaa7,Euphorbia,Johannes Hartlieb,1462,3696,4070,"botanical,botany,flora,herbals,herbs,plants",have
flax__e9aa840d.jpg,e9aa840d-13c7-4a7c-9b68-32adbdfbb44f,Flax,Johannes Hartlieb,1462,3465,4510,"botanical,botany,flora,herbals,herbs,plants",have
nardostachys__ffd247ff.jpg,ffd247ff-7258-439c-9ec0-28f74cb60e7b,Nardostachys,Johannes Hartlieb,1462,3641,4543,"botanical,botany,flora,herbals,herbs,plants",have
rice__f021d639.jpg,f021d639-4e6c-4d87-94d9-96aec3fc6295,Rice,Johannes Hartlieb,1462,3740,4378,"botanical,botany,flora,herbals,herbs,plants",have
untitled__21e24e72.jpeg,21e24e72-7dd8-4be1-9a10-227d741e0a13,,Anne Allen; Jean-Baptiste Pillement,ca. 1790s,3344,4492,"botanical,flora,leaves",have
untitled__374cbcc6.jpeg,374cbcc6-5802-41b4-8e7d-e483f34d773a,,Anne Allen; Jean-Baptiste Pillement,ca. 1790s,3300,4480,"botanical,floral",have
untitled__3583b487.jpeg,3583b487-f426-4d25-b504-dad4ea2ded17,,Anne Allen; Jean-Baptiste Pillement,ca. 1790s,3340,4468,"botanical,floral,flowers",have
untitled__4e3b5132.jpeg,4e3b5132-65d5-4d5b-97a9-6b86f7c96926,,Anne Allen; Jean-Baptiste Pillement,ca. 1790s,3319,4471,botanical,have
untitled__66b34d24.jpeg,66b34d24-007d-4de6-9f66-fffcfbc2fc78,,Anne Allen; Jean-Baptiste Pillement,ca. 1790s,3324,4460,"botanical,floral",have
untitled__70bc67be.jpeg,70bc67be-d94f-4e53-a06d-b695ff5b8458,,Anne Allen; Jean-Baptiste Pillement,ca. 1790s,3284,4484,"botanical,flora,flowers,foliage,leaves",have
untitled__a0ffd973.jpeg,a0ffd973-cee8-4880-86c6-37231f3c1047,,Anne Allen; Jean-Baptiste Pillement,ca. 1790s,3352,4492,"botanical,floral",have
untitled__be29cca2.jpeg,be29cca2-a628-4dde-a60f-46b6a7cad948,,Anne Allen; Jean-Baptiste Pillement,ca. 1790s,3335,4502,"botanical,flowers",have
untitled__d2f3d7e2.jpeg,d2f3d7e2-f6d3-43ed-bbf3-5f025fe8c08f,,Anne Allen; Jean-Baptiste Pillement,ca. 1790s,1733,2374,botanical,have
trench-art-of-name-carved-in-leaf__1a314295.jpg,1a314295-641c-4615-bfd6-8753dca02e99,Trench art of name carved in leaf,Hippolyte Hodeau,ca. 1917,1460,1166,"botanical,leaves",have
trench-art-of-name-carved-in-leaf__55f1f99d.jpg,55f1f99d-33cd-4d96-857c-2e76fafa6d3d,Trench art of name carved in leaf,Hippolyte Hodeau,ca. 1917,1699,1349,"botanical,leaves",have
trench-art-of-names-carved-in-leaves__7ca90acf.jpg,7ca90acf-ce31-46e5-aa0b-fc79a7e71a40,Trench art of names carved in leaves,Hippolyte Hodeau,ca. 1917,2701,3542,"botanical,leaves",have
trench-art-of-name-carved-in-leaf__83d9f5c1.jpg,83d9f5c1-bee3-43f1-b7fe-a20497645fa3,Trench art of name carved in leaf,Hippolyte Hodeau,ca. 1917,1634,1310,"botanical,leaves",have
trench-art-of-name-carved-in-leaf__00d2a7c5.jpg,00d2a7c5-2641-4ba5-8aaf-37ab2940bdb6,Trench art of name carved in leaf,Hippolyte Hodeau,ca. 1917,1366,1036,"botanical,leaves",have
trench-art-of-name-carved-in-leaf__b46e48b1.jpg,b46e48b1-3a7e-4c9e-8161-91dc8aada5db,Trench art of name carved in leaf,Hippolyte Hodeau,ca. 1917,1259,919,"botanical,leaves",have
the-snowdrop__0628547e.jpeg,0628547e-d7e5-4fe3-8c61-1870fabbd899,The Snowdrop,Robert John Thornton,1807,1118,1425,"botanical,botanical-art,botanical-drawing,botanical-illustration,flora,flowers,wildflowers",have
untitled__1df73c22.jpg,1df73c22-7da4-4082-8c67-9f9065cb4b5b,,Maria Sibylla Merian,1705,3600,4760,"botanical,flora,flowers,leaves,plants",have
untitled__2ea651ee.jpg,2ea651ee-4c2b-42c2-8907-22db1440f992,,Maria Sibylla Merian,1705,3608,4656,"botanical,flora,flowers,plants",have
untitled__39c67357.jpg,39c67357-3281-41ed-976c-dcbad5ffd210,,Maria Sibylla Merian,1705,3601,4696,"botanical,flora,flowers,plants",have
untitled__331031ee.jpg,331031ee-5a8e-48ee-b037-1dfe2ac3dda2,,Maria Sibylla Merian,1705,3840,4872,"botanical,flora,flowers,leaves,plants",have
untitled__3ab0733b.jpg,3ab0733b-c95c-4e37-abae-a31657524aa2,,Maria Sibylla Merian,1705,3729,5751,"botanical,flora,flowers,plants",have
untitled__5d565a65.jpg,5d565a65-6470-47f9-8551-7c281adf6686,,Maria Sibylla Merian,1705,3848,5136,"botanical,flora,flowers,leaves,plants",have
untitled__597bd332.jpg,597bd332-e39f-4307-b6e1-46672014a4c4,,Maria Sibylla Merian,1705,3608,5288,"botanical,flora,flowers,plants",have
untitled__5a90f382.jpg,5a90f382-ae7a-41fc-8aec-f2544382b8b6,,Maria Sibylla Merian,1705,3806,4656,"botanical,flora,flowers,leaves,plants",have
untitled__67bf8b2e.jpg,67bf8b2e-08a1-40e6-b751-a230b6ce726c,,Maria Sibylla Merian,1705,3560,4808,"botanical,flora,flowers,plants",have
untitled__7bf7b38d.jpg,7bf7b38d-36ce-4d70-b6fa-ea9b751975f5,,Maria Sibylla Merian,1705,3689,4904,"botanical,flora,flowers,leaves,plants",have
untitled__732d8780.jpg,732d8780-0a06-4150-942e-49966ba3020f,,Maria Sibylla Merian,1705,3808,5272,"botanical,flora,flowers,plants",have
untitled__8f464ad3.jpg,8f464ad3-bafa-46ff-a9f4-48fb9632290b,,Maria Sibylla Merian,1705,3312,4136,"botanical,flora,flowers,plants",have
untitled__83fb52ac.jpg,83fb52ac-e075-413e-830a-841bd46b05e7,,Maria Sibylla Merian,1705,4125,6007,"botanical,flora,flowers,plants",have
untitled__9c85b969.jpg,9c85b969-24ac-4e2e-8e3e-bcc3dc37f66b,,Maria Sibylla Merian,1705,3344,4112,"botanical,flora,flowers,leaves,plants",have
untitled__991b4fe5.jpg,991b4fe5-639e-41ff-b074-330054f64288,,Maria Sibylla Merian,1705,3849,4920,"botanical,flora,flowers,leaves,plants",have
untitled__ab0d27e0.jpg,ab0d27e0-8217-4e81-8afd-9bf02b3ffe7c,,Maria Sibylla Merian,1705,3472,4688,"botanical,flora,flowers,plants",have
untitled__b2a42051.jpg,b2a42051-1e02-4059-9759-34d655d75543,,Maria Sibylla Merian,1705,3672,5072,"botanical,flora,flowers,plants",have
untitled__b304a5cd.jpg,b304a5cd-df14-4d09-8fba-0143397ac0d4,,Maria Sibylla Merian,1705,3729,5120,"botanical,flora,flowers,plants",have
untitled__c92dab18.jpg,c92dab18-645f-4172-9a0e-4a11d9bfd50e,,Maria Sibylla Merian,1705,3600,4552,"botanical,flora,flowers,leaves,plants",have
untitled__dc25c758.jpeg,dc25c758-a61c-47d0-844a-706ab63836d3,,Maria Sibylla Merian,1705,3585,4856,"botanical,flora,flowers,plants",have
untitled__d884441d.jpg,d884441d-a012-490f-8d36-1c8a7d1a1920,,Maria Sibylla Merian,1705,3577,4904,"botanical,flora,flowers,plants",have
untitled__d0276d72.jpg,d0276d72-b754-417c-bdf5-5bdec81a111b,,Maria Sibylla Merian,1705,3665,4800,"botanical,flora,flowers,plants",have
untitled__dec5c65c.jpg,dec5c65c-2218-446f-94eb-2d9d7b88a23b,,Maria Sibylla Merian,1705,3534,4928,"botanical,flora,flowers,leaves,plants",have
untitled__e67d0923.jpg,e67d0923-1ff9-44f5-8f7b-0d6c61526079,,Maria Sibylla Merian,1705,3640,5104,"botanical,flora,floral,flowers,plants",have
untitled__e0a6ee43.jpg,e0a6ee43-cee5-4c56-8fc7-608126d3b5e4,,Maria Sibylla Merian,1705,3696,5296,"botanical,flora,floral,flowers,foliage,plants",have
untitled__fed49f64.jpg,fed49f64-66c6-4a52-9e76-e0800592cd7b,,Maria Sibylla Merian,1705,3272,4672,"botanical,flora,flowers,plants",have
untitled__f136c620.jpg,f136c620-68af-489d-b067-e342f7de1e45,,Maria Sibylla Merian,1705,3497,4424,"botanical,flora,flowers,leaves,plants",have
untitled__f9456bdc.jpg,f9456bdc-be58-4726-85b0-4c176f499410,,Maria Sibylla Merian,1705,3553,4944,"botanical,flora,flowers,plants",have
untitled__f8733955.jpg,f8733955-3c18-47f6-b45c-f15bec383ccd,,Maria Sibylla Merian,1705,3785,5104,"botanical,flora,flowers,plants",have
queen-anne-thistle__901c19c4.jpg,901c19c4-055a-4d92-a2c3-a8992273effc,Queen Anne Thistle,Karl Blossfeldt,1928,1153,1500,"botanical,flora,plants",have
bear-s-breeches__ad0afa0c.jpg,ad0afa0c-80a9-4416-839b-8e3f5a701e4c,Bear's Breeches,Karl Blossfeldt,1928,1153,1500,"botanical,leaves,plants",have
oriental-poppy__5468c1c3.jpg,5468c1c3-6950-404d-9aa0-99694e59bbf8,Oriental Poppy,Karl Blossfeldt,1928,1153,1500,"botanical,flora,plants",have
winter-horsetail-and-californian-bearberry__51c7b3df.jpg,51c7b3df-dd16-4b93-9f69-a2a49f9e2b3b,Winter Horsetail and Californian Bearberry,Karl Blossfeldt,1928,1500,1136,"botanical,plants",have
winter-horsetail-and-savannah-wood__7be03268.jpg,7be03268-92c7-4339-8e31-9d29f4ea8aef,Winter Horsetail and Savannah–Wood,Karl Blossfeldt,1928,1500,1136,"botanical,plants",have
fern-specimens__379469e2.jpeg,379469e2-c91f-43d5-b459-8d27a81622f2,Fern specimens,L. Prang,ca. 1861–97,1191,740,"botanical,botany,leaves,plants",have
tulip__a86025bc.jpg,a86025bc-e85c-468e-bcd3-a4da945761ee,Tulip,Louis Moritz,ca. 1805,735,1200,"botanical,flora,flowers",have
orchids__0b9c20c6.jpg,0b9c20c6-05c3-4b1b-bd57-bde8c7d3bb37,Orchids,Theo van Hoytema,ca. 1900,1052,1200,"botanical,flora,flowers",have
death-is-the-line-that-marks-the-end-of-all__aedc5e54.jpg,aedc5e54-4e23-4ca8-8914-d9c37ea7f3ce,“Death is the line that marks the end of all”,Joris Hoefnagel,1592,1200,904,botanical,have
untitled__19d60d08.jpeg,19d60d08-c41d-4c6c-a4f3-4b90aece789e,,,1837,1827,1440,"botanical,plants",have
untitled__1d2f0679.jpeg,1d2f0679-012f-46ad-bb57-be4a5e180e62,,,1837,1831,1444,"botanical,plants",have
untitled__2ac5dfa7.jpeg,2ac5dfa7-1064-46f8-b155-4453d527c89f,,,1837,1831,1449,"botanical,plants",have
untitled__33d66dc7.jpeg,33d66dc7-61c5-4eba-96ce-9d6f4bc556a9,,,1837,1801,1440,"botanical,plants",have
untitled__32134290.jpeg,32134290-ff8e-42b6-9006-fbcd60a45c0d,,,1837,1793,1436,"botanical,plants",have
untitled__3e47a0ac.jpeg,3e47a0ac-5b58-4978-acad-7a1bbdc23b08,,,1837,1797,1436,"botanical,plants",have
untitled__30ac6da5.jpeg,30ac6da5-38b2-4c91-a4ea-8743cd0941a4,,,1837,1818,1440,"botanical,plants",have
untitled__5c3c99d3.jpeg,5c3c99d3-9950-469f-88ed-83f05dcdba01,,,1837,1823,1440,"botanical,plants",have
untitled__54cc6b56.jpeg,54cc6b56-64d0-4e71-a654-2dc0137f96fb,,,1837,1814,1449,"botanical,plants",have
untitled__7d428b4c.jpeg,7d428b4c-7ffa-4fe8-b588-ce9b48a91a58,,,1837,1814,1436,"botanical,plants",have
untitled__801ad7e4.jpeg,801ad7e4-eb47-489e-bfa0-e3fb8b21418b,,,1837,1827,1440,"botanical,plants",have
untitled__834671d5.jpeg,834671d5-48d5-492d-9c86-3a4d97e7bf0a,,,1837,1827,1449,"botanical,plants",have
untitled__9c446eaf.jpeg,9c446eaf-54ec-483e-bc10-00f92cc8c4a6,,,1837,1831,1449,"botanical,plants",have
untitled__02d52f21.jpeg,02d52f21-1131-4fb9-8076-6a5c1c316524,,,1837,1835,1449,"botanical,plants",have
untitled__adac418d.jpeg,adac418d-f914-46db-8f82-0c5f0fec3987,,,1837,1818,1440,"botanical,plants",have
untitled__a6887a44.jpeg,a6887a44-ddc7-4129-a815-5c45f2619bf8,,,1837,1814,1436,"botanical,plants",have
untitled__a32758c8.jpeg,a32758c8-ce2f-4f5b-a59b-7ec99bb079c7,,,1837,1827,1444,"botanical,plants",have
untitled__a9941063.jpeg,a9941063-8589-4564-be6a-498fa67910ef,,,1837,1801,1432,"botanical,plants",have
untitled__ec832cc3.jpeg,ec832cc3-4ad7-48f7-8b01-4792f6362178,,,1837,1806,1436,"botanical,plants",have
untitled__e8e4701d.jpeg,e8e4701d-9ae5-49d7-b282-bc2cb846109f,,,1837,1823,1440,"botanical,plants",have
untitled__e097e90b.jpeg,e097e90b-fa9f-40ac-b8c7-9a585276381a,,,1837,1827,1444,"botanical,plants",have
untitled__f6eca0b3.jpeg,f6eca0b3-144c-4afe-8b4e-769d785e7d9c,,,1837,1827,1449,"botanical,plants",have
wild-mock-cucumber-echinocystis-lobata__633e0d01.jpeg,633e0d01-b562-4062-8000-a713a27eeacc,Wild Mock Cucumber (Echinocystis Lobata),,1843,1177,1539,"botanical,flowers,leaves,plants",have
untitled__16dccd8c.jpg,16dccd8c-439b-4530-a968-d6afafb7a048,,M. F. Lewis,1860–1902,1068,1400,botanical,have
untitled__1f5d08f8.jpg,1f5d08f8-6d43-4551-a532-59f284c5415e,,M. F. Lewis,1860–1902,1064,1400,botanical,have
untitled__131496bb.jpg,131496bb-ec50-49c1-8d3c-b014ffc088d6,,M. F. Lewis,1860–1902,1070,1400,botanical,have
untitled__1664a7f5.jpg,1664a7f5-6805-47f9-9fd5-207cdfd199d8,,M. F. Lewis,1860–1902,1105,1400,botanical,have
untitled__1ad10187.jpg,1ad10187-de10-4ce0-9864-1d59ddaa75ac,,M. F. Lewis,1860–1902,1135,1400,botanical,have
untitled__29ef15a2.jpg,29ef15a2-582c-4dfd-b39b-cb34fc6ab9e8,,M. F. Lewis,1860–1902,1061,1400,botanical,have
untitled__2cf5bae1.jpg,2cf5bae1-b04d-434f-9c1e-e71a2821480b,,M. F. Lewis,1860–1902,1082,1400,botanical,have
untitled__2e36dbe1.jpg,2e36dbe1-3d6c-4b20-927b-433ba5641389,,M. F. Lewis,1860–1902,1142,1400,botanical,have
untitled__2f2db969.jpg,2f2db969-12f3-4beb-a975-84421ffeb7ff,,M. F. Lewis,1860–1902,1099,1400,botanical,have
untitled__20f86fc2.jpg,20f86fc2-e38f-4ca0-8447-4786e4a149a7,,M. F. Lewis,1860–1902,1070,1400,botanical,have
untitled__281fe1db.jpg,281fe1db-406f-4d18-bbb4-fedfe883bf30,,M. F. Lewis,1860–1902,1132,1400,botanical,have
untitled__2fa676a8.jpg,2fa676a8-6efa-4915-a01f-ce76e5606fd1,,M. F. Lewis,1860–1902,1138,1400,botanical,have
untitled__2e3007ef.jpg,2e3007ef-565a-4411-86fd-3e8f4c0876f5,,M. F. Lewis,1860–1902,1121,1400,botanical,have
untitled__3c843685.jpg,3c843685-3cb5-41b1-b119-a109a97b1422,,M. F. Lewis,1860–1902,1090,1400,botanical,have
untitled__31724cde.jpg,31724cde-ba7a-47e4-a75c-ea26a1e13a49,,M. F. Lewis,1860–1902,1065,1400,botanical,have
untitled__32f0d0c6.jpg,32f0d0c6-6232-43ce-9577-c16534d424a7,,M. F. Lewis,1860–1902,1133,1400,botanical,have
untitled__44858806.jpg,44858806-f822-4f50-9cd0-8fa99df0f177,,M. F. Lewis,1860–1902,1162,1400,botanical,have
untitled__4639cc74.jpg,4639cc74-39fb-40d7-9089-8c831a096f74,,M. F. Lewis,1860–1902,1119,1400,botanical,have
untitled__57b29991.jpg,57b29991-6f61-427e-8a87-fec27180c0a0,,M. F. Lewis,1860–1902,1064,1400,botanical,have
untitled__5fa146a5.jpg,5fa146a5-dd80-43b9-a171-7bc55aed2b9c,,M. F. Lewis,1860–1902,1116,1400,botanical,have
untitled__5252af08.jpg,5252af08-2df1-44c4-ae3c-5a6b82c6183d,,M. F. Lewis,1860–1902,1044,1400,botanical,have
untitled__578cc44a.jpg,578cc44a-ea62-4dab-9a78-acdabc60ce41,,M. F. Lewis,1860–1902,1053,1400,botanical,have
untitled__5c500e19.jpg,5c500e19-b017-40bc-a882-d0ccc8d9accd,,M. F. Lewis,1860–1902,1159,1400,botanical,have
untitled__5f9e9846.jpg,5f9e9846-47bc-4157-b115-56f0a7420dc7,,M. F. Lewis,1860–1902,1160,1400,botanical,have
untitled__6b0b0a07.jpg,6b0b0a07-8336-4d0c-b4e5-e9726856d973,,M. F. Lewis,1860–1902,1066,1400,botanical,have
untitled__6dffa32b.jpg,6dffa32b-7a54-41b4-abb3-225be656a017,,M. F. Lewis,1860–1902,1072,1400,botanical,have
untitled__69561595.jpg,69561595-ac00-4786-a022-cea230aa9843,,M. F. Lewis,1860–1902,1067,1400,botanical,have
untitled__7e2a2b8f.jpg,7e2a2b8f-5e4b-42fa-bc3f-de235d31920f,,M. F. Lewis,1860–1902,1066,1400,botanical,have
untitled__77b3b7d8.jpg,77b3b7d8-7d68-4df6-a05b-ae94a7034c44,,M. F. Lewis,1860–1902,1073,1400,botanical,have
untitled__7d4ea65e.jpg,7d4ea65e-fe18-4375-adc6-010144f75a17,,M. F. Lewis,1860–1902,1140,1400,botanical,have
untitled__76bda774.jpg,76bda774-31d7-451d-8018-ef9a3795deb8,,M. F. Lewis,1860–1902,1078,1400,botanical,have
untitled__76ae5729.jpg,76ae5729-4a2e-4440-bede-8587cc38645e,,M. F. Lewis,1860–1902,1123,1400,botanical,have
untitled__72e6dd9c.jpg,72e6dd9c-5b7f-40a8-8a18-8cd55367fe02,,M. F. Lewis,1860–1902,1144,1400,botanical,have
untitled__7e85e3d1.jpg,7e85e3d1-fd8d-4808-828d-faca662a5a4b,,M. F. Lewis,1860–1902,1164,1400,botanical,have
untitled__847b3435.jpg,847b3435-31c9-439b-870c-483a52712c16,,M. F. Lewis,1860–1902,1131,1400,botanical,have
untitled__8c33a8c7.jpg,8c33a8c7-b0b0-4f67-97d3-c65416f726e2,,M. F. Lewis,1860–1902,1146,1400,botanical,have
untitled__91022e47.jpg,91022e47-25c8-4930-9ad7-d71deb840579,,M. F. Lewis,1860–1902,1131,1400,botanical,have
untitled__9f0e1593.jpg,9f0e1593-bc71-438c-8fee-74fd6aa06c25,,M. F. Lewis,1860–1902,1127,1400,botanical,have
untitled__0f02b5be.jpg,0f02b5be-4cbf-4c34-83e9-c17aafc1cc22,,M. F. Lewis,1860–1902,1052,1400,botanical,have
untitled__0e95a9e3.jpg,0e95a9e3-9ad1-40a9-9e6a-b6d94900c07e,,M. F. Lewis,1860–1902,1045,1400,botanical,have
untitled__0ffef397.jpg,0ffef397-ff80-4ef4-9d3c-ef6ec488e2eb,,M. F. Lewis,1860–1902,1070,1400,botanical,have
untitled__0ce6dfc0.jpg,0ce6dfc0-4939-4037-959f-f48792fce268,,M. F. Lewis,1860–1902,1103,1400,botanical,have
untitled__008a37ba.jpg,008a37ba-a76b-47bf-824e-87fe8c7056c1,,M. F. Lewis,1860–1902,1155,1400,botanical,have
untitled__a1614160.jpg,a1614160-bf73-4674-9a60-ce1d11e4dffd,,M. F. Lewis,1860–1902,1099,1400,botanical,have
untitled__a7d045e3.jpg,a7d045e3-d2a0-48b8-8edf-cb246988f3aa,,M. F. Lewis,1860–1902,1056,1400,botanical,have
untitled__a1b7b558.jpg,a1b7b558-60fc-49ea-ad1e-f0c2b8c6f771,,M. F. Lewis,1860–1902,1064,1400,botanical,have
untitled__b6acf05c.jpg,b6acf05c-46b7-488a-ab58-fde99622c1a7,,M. F. Lewis,1860–1902,1070,1400,botanical,have
untitled__b9aa24c9.jpg,b9aa24c9-b0da-48a2-bc2f-d50871432f5b,,M. F. Lewis,1860–1902,1095,1400,botanical,have
untitled__ba1d9240.jpg,ba1d9240-2a93-4d46-8889-24ff9192bb24,,M. F. Lewis,1860–1902,1092,1400,botanical,have
untitled__bce858f3.jpg,bce858f3-df09-4b28-adc4-037462c7d2c4,,M. F. Lewis,1860–1902,1070,1400,botanical,have
untitled__c8d09a20.jpg,c8d09a20-2b0b-4a0c-aa05-3717781e4116,,M. F. Lewis,1860–1902,1039,1400,botanical,have
untitled__c81974d4.jpg,c81974d4-7c9d-4cf5-9064-1968e79c7397,,M. F. Lewis,1860–1902,1076,1400,botanical,have
untitled__cc25142c.jpg,cc25142c-0024-492c-a65d-7b877859d436,,M. F. Lewis,1860–1902,1072,1400,botanical,have
untitled__cda5b1dc.jpg,cda5b1dc-dd68-4198-8c53-49ee6cdd53a1,,M. F. Lewis,1860–1902,1135,1400,botanical,have
untitled__d1413231.jpg,d1413231-35fd-44af-a582-0cefe55f3373,,M. F. Lewis,1860–1902,1072,1400,botanical,have
untitled__d8fb3e66.jpg,d8fb3e66-6d0d-4cf4-adb7-fcfb3b31d7d7,,M. F. Lewis,1860–1902,1049,1400,botanical,have
untitled__dccbb458.jpg,dccbb458-9c44-422d-970e-08688db1ab72,,M. F. Lewis,1860–1902,1069,1400,botanical,have
untitled__d6048a73.jpg,d6048a73-951a-4693-8262-11b305864ab4,,M. F. Lewis,1860–1902,1127,1400,botanical,have
untitled__de66051a.jpg,de66051a-b86e-4f37-b7c0-d5c9748a8da3,,M. F. Lewis,1860–1902,1155,1400,botanical,have
untitled__eabdddbc.jpg,eabdddbc-6eaf-4919-9438-2ac114351211,,M. F. Lewis,1860–1902,1137,1400,botanical,have
untitled__e821d750.jpg,e821d750-6e8b-426e-953f-aadac728f829,,M. F. Lewis,1860–1902,1083,1400,botanical,have
untitled__ee6491d2.jpg,ee6491d2-4b73-4c76-b2c9-a53188279b0e,,M. F. Lewis,1860–1902,1112,1400,botanical,have
untitled__e9fe46fc.jpg,e9fe46fc-0cb1-429f-bda0-100755850b35,,M. F. Lewis,1860–1902,1143,1400,botanical,have
untitled__f0b6bcb2.jpg,f0b6bcb2-46d3-484f-97cd-29588dca9bd7,,M. F. Lewis,1860–1902,1067,1400,botanical,have
untitled__f0bb99a6.jpg,f0bb99a6-79e3-411a-9a87-1f6c9d586c75,,M. F. Lewis,1860–1902,1056,1400,botanical,have
untitled__f49a7102.jpg,f49a7102-ca04-4c89-8d6e-2ad34c9ff3aa,,M. F. Lewis,1860–1902,1070,1400,botanical,have
poliphilo-looking-through-a-bower-at-polia__6df51f83.jpeg,6df51f83-68b6-4f93-b6ec-e4b1a5fbd881,Poliphilo looking through a bower at Polia,,1499,1568,1636,"botanical,gardens,plants",have
blood-collage__008a33db.jpg,008a33db-8d3d-459d-b2b9-4c312fb5dc35,Blood Collage,John Bingley Garland,ca. 1850,908,1200,"botanical,flowers",have
untitled__108de321.jpg,108de321-3827-46a2-9712-c5e185670fae,,John Bingley Garland,ca. 1850–60,1828,1360,"botanical,plants",have
untitled__24a61bb3.jpg,24a61bb3-6be5-4506-a306-b4b584f57c66,,John Bingley Garland,ca. 1850–60,1814,1364,botanical,have
untitled__f8018cab.jpeg,f8018cab-a891-4ae8-a2d4-e6f46eb6c74d,,John Bingley Garland,ca. 1850–60,1852,1376,"botanical,flowers",have
untitled__0cd1dad6.jpg,0cd1dad6-54a8-4a1b-b484-67c179c82dc5,,Philipp Hainhofer,1596–1633,1400,924,"botanical,flowers",have
various-seaweed__2eb5c8f1.jpeg,2eb5c8f1-58c6-46a4-a64d-e7daeeafc1db,Various Seaweed,Charles F. Durant,1850,2338,1647,"botanical,botany,plants",have
kallymenia-left-ulva-right__0f36c649.jpeg,0f36c649-d3dc-4a5f-8b59-b590cabcd012,"Kallymenia (Left), Ulva (Right)",Margaret Gatty,1872,1600,1194,"botanical,flora,plants",have
lyngbya__03eaf1aa.jpeg,03eaf1aa-98c4-4731-a621-2e059a124f76,Lyngbya,William Henry Harvey,1857,747,946,botanical,have
ulva-linza-sargassum-montagnei-and-polysiphonia-nigrescens__045f11a3.jpeg,045f11a3-c2f5-4f54-a672-f6c6375493f1,"*Ulva linza*, *Sargassum montagnei*, and *Polysiphonia nigrescens*",Charles F. Durant,1850,1659,1155,botanical,have
callithamnion-spongiosum__a0cd61f9.jpeg,a0cd61f9-48d8-4549-afaf-c1c795bc4e5e,Callithamnion Spongiosum,Charles F. Durant,1850,2296,1562,"botanical,plants",have
arseniate-of-copper-cuprum-arseniatum__41534e51.jpeg,41534e51-9e2b-4de2-8dcc-4b3b29dd78c6,Arseniate of Copper (*Cuprum arseniatum*),James Sowerby,1802–17,933,810,"botanical,foliage,leaves,plants",have
prehnite-silex-prehnites__567a6a50.jpeg,567a6a50-56c2-4808-ba22-97bc55798f69,Prehnite (*Silex Prehnites*),James Sowerby,1802–17,818,1030,"botanical,flora",have
coralliform-limestone-calx-carbonata-coralliformis__8584a495.jpeg,8584a495-8f6e-4e7b-aba0-43c913a8ee3a,Coralliform Limestone (*Calx carbonata coralliformis*),James Sowerby,1802–17,892,1080,"botanical,trees",have
nenuphar__ce7f6888.jpg,ce7f6888-91c2-41b1-9e51-a6e58b06e3bd,Nenuphar,J. J. Grandville,1847,864,1200,"botanical,flora",have
poisonous-mushrooms__1cfd0d73.jpeg,1cfd0d73-0b7e-4f3c-9719-d03832ff68fa,Poisonous Mushrooms,A. Cornillon,1827,1400,1159,botanical,have
suspect-mushrooms__328784f5.jpeg,328784f5-e55e-4f0e-ba4a-733189bbfcf8,Suspect Mushrooms,A. Cornillon,1827,1400,1164,botanical,have
poisonous-mushrooms__78793c10.jpeg,78793c10-e879-47e8-a40f-d6631b89919e,Poisonous Mushrooms,A. Cornillon,1827,1400,1167,botanical,have
suspect-mushrooms__9d01aad8.jpeg,9d01aad8-ceac-4069-b448-627922a6e32c,Suspect Mushrooms,A. Cornillon,1827,1400,1156,botanical,have
suspect-mushrooms__a7b7188e.jpeg,a7b7188e-bb1a-4040-832a-50fddc183a87,Suspect Mushrooms,A. Cornillon,1827,1400,1154,botanical,have
poisonous-mushrooms__be4018c8.jpeg,be4018c8-8822-462c-85cd-3feef1862fc9,Poisonous Mushrooms,A. Cornillon,1827,1400,1181,botanical,have
edible-mushrooms__b08f9246.jpeg,b08f9246-b251-40f5-8c65-e891d9547c8b,Edible Mushrooms,A. Cornillon,1827,1400,1165,botanical,have
edible-mushrooms__ccd0963e.jpeg,ccd0963e-147f-4baa-986c-787d7d6c9155,Edible Mushrooms,A. Cornillon,1827,1400,1155,botanical,have
edible-mushrooms__d150b534.jpeg,d150b534-7bcd-45ef-97fb-5b55534cca51,Edible Mushrooms,A. Cornillon,1827,1400,1168,botanical,have
edible-mushrooms__f5faed1e.jpeg,f5faed1e-1dd3-4370-a2a9-3c3f6dbfe3e4,Edible Mushrooms,A. Cornillon,1827,1400,1170,botanical,have
untitled__2b28a73c.jpg,2b28a73c-072c-4a0f-a82a-cd59128c33b2,,Martin Gerlach,1897,1034,1400,"botanical,floral,plants",have
untitled__23eae6c8.jpg,23eae6c8-97b8-4577-a4a6-c58068277175,,Martin Gerlach,1897,1037,1400,"botanical,flowers,plants",have
untitled__39fc95c6.jpg,39fc95c6-f54f-4e47-91d4-643ff70da27c,,Martin Gerlach,1897,1036,1400,"botanical,floral,flowers,plants",have
untitled__3abd6a6a.jpg,3abd6a6a-f928-41f2-8e55-52467063cc59,,Martin Gerlach,1897,1031,1400,"botanical,flora,leaves,plants",have
untitled__40b877b5.jpg,40b877b5-9890-48fb-b800-8ff42a03c363,,Martin Gerlach,1897,1400,1033,"botanical,flora,flowers,leaves,plants",have
untitled__41825016.jpg,41825016-908a-4c1d-9a48-2742a6cc1639,,Martin Gerlach,1897,1033,1400,"botanical,flora,leaves,plants",have
untitled__6ef80f1e.jpg,6ef80f1e-3662-4152-a4bf-b7a0903be5a0,,Martin Gerlach,1897,1400,1046,"botanical,flora,flowers,leaves,plants",have
untitled__602edfb6.jpg,602edfb6-a5b5-40e5-86c4-94b7aa56a1e2,,Martin Gerlach,1897,1400,1038,"botanical,floral,flowers,leaves,plants",have
untitled__8d27e44a.jpg,8d27e44a-b42c-4874-8285-e42864a26d5e,,Martin Gerlach,1897,1045,1400,"botanical,flowers,plants",have
untitled__8f5860ae.jpg,8f5860ae-29f4-4445-ad91-44970c20b75c,,Martin Gerlach,1897,1400,1029,"botanical,flora,flowers,plants",have
untitled__8ab0257f.jpg,8ab0257f-fb5b-45e9-a8f2-237ea923380e,,Martin Gerlach,1897,1030,1400,"botanical,leaves,plants",have
untitled__84fea7fc.jpg,84fea7fc-b310-4e0b-85dc-4289dba18cee,,Martin Gerlach,1897,1038,1400,"botanical,floral,leaves,plants",have
untitled__84876897.jpg,84876897-aea6-47c6-bbbd-a3509849e4aa,,Martin Gerlach,1897,1040,1400,"botanical,floral,plants",have
untitled__957091f5.jpg,957091f5-1971-4215-8ef1-ff88254ab561,,Martin Gerlach,1897,1032,1400,"botanical,floral,plants",have
untitled__96137757.jpg,96137757-6a98-4560-b570-514b7dba762d,,Martin Gerlach,1897,1041,1400,"botanical,botany,floral,flowers,foliage,plants",have
untitled__022e472a.jpg,022e472a-455d-4caa-b1ae-c40aac91f09d,,Martin Gerlach,1897,1041,1400,"botanical,flora,leaves,plants",have
untitled__0e642ff8.jpg,0e642ff8-c198-4fdb-bdd7-01fa7ba41711,,Martin Gerlach,1897,1034,1400,"botanical,flora,plants",have
untitled__0f2ee32b.jpg,0f2ee32b-80cd-439d-a2f7-a90211328f71,,Martin Gerlach,1897,1400,1033,"botanical,flora,flowers,plants",have
untitled__09a72e6c.jpg,09a72e6c-2f68-4b59-a57b-6aa59f5dd30d,,Martin Gerlach,1897,1400,1045,"botanical,floral,plants",have
untitled__0559aa51.jpg,0559aa51-81cf-49ba-aca0-2994c27214ba,,Martin Gerlach,1897,1400,1033,"botanical,flora,leaves,plants",have
untitled__a2881883.jpg,a2881883-d36c-4e1d-a809-f2e6a4754451,,Martin Gerlach,1897,1047,1400,"botanical,plants",have
untitled__b9e2335e.jpg,b9e2335e-60da-4396-88fd-ca6c3caf4a62,,Martin Gerlach,1897,1038,1400,"botanical,flowers,plants",have
untitled__b4315f93.jpg,b4315f93-bb75-4b65-bbd1-52ca4dcd221e,,Martin Gerlach,1897,1035,1400,"botanical,plants",have
untitled__b7fb502b.jpg,b7fb502b-ee90-4522-a857-961f2d3e7ead,,Martin Gerlach,1897,1400,1039,"botanical,floral,plants",have
untitled__c965780c.jpg,c965780c-dad5-410e-8b3f-d9240d921c10,,Martin Gerlach,1897,1025,1400,"botanical,flora,plants",have
untitled__e1e93b1e.jpg,e1e93b1e-4117-478d-8be8-b958366fa57c,,Martin Gerlach,1897,1032,1400,"botanical,flora,plants",have
untitled__eb2f2191.jpg,eb2f2191-f4ae-436b-ae7f-d0981c7b6923,,Martin Gerlach,1897,1040,1400,"botanical,floral,plants",have
untitled__e2463cee.jpg,e2463cee-5fe6-4592-92f9-816b93a872d2,,Martin Gerlach,1897,1400,1035,"botanical,floral,flowers,plants",have
untitled__e4ffcfa2.jpg,e4ffcfa2-8e79-4a51-a12f-4fb05f504f5f,,Martin Gerlach,1897,1044,1400,"botanical,flora,plants",have
untitled__f373eefc.jpg,f373eefc-ad78-47a4-9cd6-38e1a1605b6b,,Martin Gerlach,1897,1400,1042,"botanical,flora,leaves,plants",have
ambergris-bought-by-the-dutch-east-india-company__16e393f6.jpg,16e393f6-36c4-43fe-9613-a9b09c2d86fb,Ambergris Bought by the Dutch East India Company,,1705,1200,909,"botanical,leaves",have
cattleya-orchid-and-three-hummingbirds__a303c31b.jpg,a303c31b-7e84-46b5-b53f-ba0814e7e3cb,Cattleya Orchid and Three Hummingbirds,Martin Johnson Heade,1871,1200,911,"botanical,flora",have
the-development-of-a-crocus__8f336a0c.jpg,8f336a0c-b0e5-4ca5-9c47-85357d975f5b,The Development of a Crocus,Jan Luyken,1684,623,1000,"botanical,leaves,plants",have
liberty-caps-and-other-mushrooms__b19a46c7.jpg,b19a46c7-5bb5-4d0a-82c8-7f820c24d8ed,Liberty Caps and Other Mushrooms,James Sowerby,1803,844,1200,botanical,have
untitled__95f8ff72.jpg,95f8ff72-2d8a-42bd-a94c-b2669edf1a01,,Elias Ashmole,1652,912,1200,"botanical,foliage",have
untitled__b4febdcc.jpg,b4febdcc-7422-4c28-89b1-c069ce7a034e,,Richard Deakin,1855,715,1200,"botanical,flora,flowers,leaves,plants",have
untitled__cccbc7da.jpg,cccbc7da-373b-462b-aea3-0d236bcf21e3,,Richard Deakin,1855,724,1200,"botanical,flora,flowers,leaves,plants",have
untitled__ee457c8d.jpg,ee457c8d-5a8b-4f79-808b-3ca42e96a70c,,Richard Deakin,1855,1200,725,"botanical,flora,flowers,leaves",have
pages-on-cannabis-from-john-parkinson-s-theatrum-botanicum-1__1c586f0b.jpg,1c586f0b-f4cf-4b64-8994-13ea14f3e720,Pages on cannabis from John Parkinson's *Theatrum Botanicum* (1640).,John Parkinson,1640,2646,2148,"botanical,flora,plants",have
iris__fc4bc307.jpg,fc4bc307-d011-492e-bee5-6e58628c14ec,Iris,Anonymous,ca. 1630,754,1200,"botanical,floral,flowers",have
georgia-o-keeffe-hands-and-thimble__ec3214fc.jpg,ec3214fc-ec7e-44a4-bf33-15875a7c12f8,Georgia O'Keeffe - Hands and Thimble,Alfred Stieglitz,1919,732,900,botanical,have
seasonal-heads__7aec5b7d.jpg,7aec5b7d-5f06-490a-8468-d0cd72d971b0,Seasonal Heads,Anonymous,ca. 1580–1620,840,1200,"botanical,floral",have
banana-tree-flower-with-io-moth__86585fa7.jpg,86585fa7-6261-4bc4-8996-10af0857a8fe,Banana Tree Flower with Io Moth,Maria Sibylla Merian,1719,899,1200,"botanical,flora,flowers",have
pineapple-with-australian-and-german-cockroaches__039e2edc.jpg,039e2edc-1336-4744-b371-06f96013826b,Pineapple with Australian and German Cockroaches,Maria Sibylla Merian,1719,858,1200,"botanical,flora",have
dressing-table-garden__52ff80d9.jpeg,52ff80d9-6b43-440d-9119-13aecda794bc,Dressing Table Garden,J. J. Grandville,1844,1080,1200,"botanical,plants",have
natural-history-of-carolina-florida-and-the-bahama-islands-v__725a3798.jpg,725a3798-4bfe-4411-97c5-b5d1b26436e0,"Natural History of Carolina, Florida and the Bahama Islands, v2. Tab 52",Mark Catesby,1743,974,768,"botanical,flora,flowers,leaves",have
natural-history-of-carolina-florida-and-the-bahama-islands-v__e7c0a635.jpg,e7c0a635-7bde-4094-9542-c35a4b2978fc,"Natural History of Carolina, Florida and the Bahama Islands, v2. Tab 24",Mark Catesby,1743,570,768,"botanical,leaves,plants",have
plate-92-filicinae__453f76e8.jpeg,453f76e8-ea52-4663-9508-9550e56ef3a7,"Plate 92, Filicinae",Ernst Haeckel,1904,708,1024,"botanical,flora,foliage,plants",have
plate-82-hepaticae__5679ac10.jpeg,5679ac10-66ba-4768-b66a-1dcac918647e,"Plate 82, Hepaticae",Ernst Haeckel,1904,706,1024,"botanical,plants",have
plate-74-orchideae__441da501.jpeg,441da501-279e-433a-9c66-53b829c3c0cc,"Plate 74, Orchideae",Ernst Haeckel,1904,721,1024,"botanical,floral,plants",have
plate-73-ascomycetes__c3dd462c.jpeg,c3dd462c-67f4-4375-bf03-8e6bf5fa787a,"Plate 73, Ascomycetes",Ernst Haeckel,1904,713,1024,botanical,have
plate-72-muscinae__9f8b498e.jpeg,9f8b498e-de6f-438b-921a-4150ace8dd6e,"Plate 72, Muscinae",Ernst Haeckel,1904,705,1024,"botanical,flora",have
plate-65-florideae__3440ac94.jpeg,3440ac94-f9b6-4fb3-83f0-89723f73acc7,"Plate 65, Florideae",Ernst Haeckel,1904,730,1024,botanical,have
plate-62-nepenthaceae__48aa5060.jpeg,48aa5060-0e6b-4d23-9389-2a95f760e0ac,"Plate 62, Nepenthaceae",Ernst Haeckel,1904,709,1024,"botanical,flora",have
plate-52-filicinae__633acf63.jpeg,633acf63-85aa-4117-8a9d-39257e7c65f2,"Plate 52, Filicinae",Ernst Haeckel,1904,713,1024,"botanical,plants",have
the-sacred-egyptian-bean__f3ed3fb7.jpg,f3ed3fb7-78bd-4dfd-9b7e-ca113032177a,The Sacred Egyptian Bean,Robert John Thornton,1807,941,1200,"botanical,flora,flowers",have
untitled__290751b4.jpg,290751b4-7fcf-4e84-beb4-56192756132d,,Ogawa Kazumasa,1896,676,800,"botanical,flora,flowers",have
untitled__3231b36a.jpg,3231b36a-00ff-4df2-9405-b20074e08669,,Ogawa Kazumasa,1896,597,800,"botanical,flora,flowers,foliage,plants",have
untitled__3ff401e3.jpg,3ff401e3-40d9-41cb-80f4-eaad9f131cc8,,Ogawa Kazumasa,1896,688,800,"botanical,flowers,leaves",have
untitled__5a0b3878.jpg,5a0b3878-708e-4b38-804d-6fd171d98f71,,Ogawa Kazumasa,1896,800,578,"botanical,flora,flowers",have
untitled__59ee64bb.jpg,59ee64bb-b767-4b04-be0d-1dd084d6cf92,,Ogawa Kazumasa,1896,622,800,"botanical,flora,flowers",have
untitled__541f33f7.jpg,541f33f7-1fd0-4cd3-b1e5-057bb8ab4bdb,,Ogawa Kazumasa,1896,548,800,"botanical,floral,flowers,leaves",have
untitled__7ad2fd65.jpg,7ad2fd65-777b-441b-81b3-7d462b562d48,,Ogawa Kazumasa,1896,664,800,"botanical,flora,flowers",have
untitled__824ccd1a.jpg,824ccd1a-cd58-47fc-b94d-47ef864d2581,,Ogawa Kazumasa,1896,614,800,"botanical,flora,flowers",have
untitled__997f6e10.jpg,997f6e10-c04b-4381-9440-d1d0220719e2,,Ogawa Kazumasa,1896,641,799,"botanical,flowers,foliage,plants",have
untitled__98cd8636.jpg,98cd8636-1a0d-441d-86d3-29be0a8a35ef,,Ogawa Kazumasa,1896,613,800,"botanical,flora,flowers",have
untitled__96ab2d5a.jpg,96ab2d5a-e017-4dc4-bdb0-517a031ddc25,,Ogawa Kazumasa,1896,617,800,"botanical,flora,flowers",have
untitled__065118b3.jpg,065118b3-f797-43b6-bce6-d433526c690a,,Ogawa Kazumasa,1896,612,800,"botanical,flora,flowers",have
untitled__bfd557fe.jpg,bfd557fe-517e-4d40-824a-0b69b5291e37,,Ogawa Kazumasa,1896,598,800,"botanical,floral,flowers,plants",have
untitled__d4127248.jpg,d4127248-94ad-4607-805f-79b40fbbf0d2,,Ogawa Kazumasa,1896,595,800,"botanical,flora,flowers",have
untitled__eebf4092.jpg,eebf4092-f6fe-4b73-be52-6eec29fefbb6,,Ogawa Kazumasa,1896,800,702,"botanical,flora,flowers",have
cover-for-em-the-floral-kingdom-em__46dd4c99.jpg,46dd4c99-ad76-44a3-a8ac-539e1699d6e2,Cover for <em>The Floral Kingdom</em>,,1877,505,680,"botanical,floral",have
carnations-from-john-gerard-s-em-the-herball-or-generall-his__82922701.jpg,82922701-dc06-486a-8d9f-4e7310a6b16c,"Carnations from John Gerard's <em>The herball, or, generall historie of plants</em> (1636)",,1636,954,1600,"botanical,flowers,plants",have
another-colored-edition-of-leonhart-fuchs-em-de-historia-sti__dcecf1cd.jpg,dcecf1cd-cd1e-4b01-b812-0dca68e4e2b2,Another colored edition of Leonhart Fuchs’ <em>De historia stirpium commentarii insignes</em> (Wellcome Library),,1542,654,1023,botanical,have
orchid-blossoms__283ed236.jpg,283ed236-a3b6-4f3a-bc07-799e5027756a,Orchid Blossoms,Martin Johnson Heade,1873,645,800,"botanical,flora,flowers",have
sundew__4665878f.jpg,4665878f-53bf-4261-91ff-77c50c8d2200,Sundew,Maddalena Bouchard,ca. 1774,988,1600,"botanical,botany,leaves,plants",have
egyptian__08eeb31c.jpg,08eeb31c-6e8d-43be-b38e-7730aeb3815d,Egyptian,Albert Racinet,1869–73,687,1024,botanical,have
fore-edge-for-a-copy-of-a-rationale-upon-the-book-of-common-__e7c9c780.jpg,e7c9c780-b4f4-4ef6-b800-832b71e85396,Fore-edge for a copy of *A Rationale Upon the Book of Common Prayer of the Church of England*,,ca. 19th century,1023,324,"botanical,floral,flowers",have
untitled__9c30f2b8.jpg,9c30f2b8-8e20-46f2-8f80-bf311cc26052,,,1837,700,1093,"botanical,flowers,plants",have
theobroma-cacao__318345a1.jpg,318345a1-6a9a-4ce4-95eb-e17a36a4f16e,Theobroma Cacao,,1891,739,758,"botanical,foliage,trees",have
fruiting-branch-of-the-cacao-tree__81cac843.jpeg,81cac843-636f-4b8d-9cf1-9938ba0a5df7,Fruiting Branch of the Cacao Tree,Berthe Hoola van Nooten; P. Depannemaeker,ca. 1885,760,992,"botanical,flowers,leaves,plants",have
the-cacao-tree__98cbdb9d.jpg,98cbdb9d-b10b-4ed1-8885-a104f462e696,The Cacao Tree,,1725,800,572,"botanical,flowers,leaves",have
cacao-tree__a4d8e32f.jpg,a4d8e32f-7570-4438-8ba3-709670ec2725,Cacao tree,,1577,635,640,"botanical,leaves,plants",have
water-gnat-martagon-lily-yellow-bellied-toad-and-european-sc__59278115.jpg,59278115-bdef-4b07-baf2-89794743ebc4,"Water Gnat, Martagon Lily, Yellow-Bellied Toad, and European Screw Shell.",Joris Hoefnagel; Georg Bocskay,1561–1596,680,986,"botanical,botany,flowers",have
opium-poppy-bladder-campion-and-broad-bean__739cda6d.jpg,739cda6d-5418-415b-9837-521e921aba10,"Opium Poppy, Bladder Campion, and Broad Bean",Joris Hoefnagel; Georg Bocskay,1561–1596,680,986,"botanical,botany,flowers",have
caterpillar-pear-tulip-and-purple-snail__86123a96.jpg,86123a96-de74-419b-9060-7c943c7c7b2b,"Caterpillar, Pear, Tulip, and Purple Snail.",Joris Hoefnagel; Georg Bocskay,1561–1596,680,986,"botanical,botany,flowers",have
european-columbines-and-sweet-cherry__035a0703.jpg,035a0703-7d21-46ce-8c2e-8b0c107e0bcd,European Columbines and Sweet Cherry.,Joris Hoefnagel; Georg Bocskay,1561–1596,680,1011,"botanical,botany,flowers",have
basil-thyme-poppy-anemone-and-myrtle__06eeafe5.jpg,06eeafe5-d44d-4e5b-8862-161c62562001,"Basil Thyme, Poppy Anemone, and Myrtle.",Joris Hoefnagel; Georg Bocskay,1561–1596,680,1000,"botanical,botany,flowers,leaves",have
tulips-fly-kidney-bean-and-bean__abb53879.jpg,abb53879-883a-493d-bda5-3090b4a21015,"Tulips, Fly, Kidney Bean, and Bean.",Joris Hoefnagel; Georg Bocskay,1561–1596,680,986,"botanical,botany,flora,flowers",have
medlar-poppy-anemone-and-pear__d0cf61a6.jpg,d0cf61a6-2d5f-4cbd-b156-10a880156cf2,"Medlar, Poppy Anemone, and Pear.",Joris Hoefnagel; Georg Bocskay,1561–1596,680,978,"botanical,botany,flowers",have
poppy-anemones-caterpillar-fig-and-quince__e9eb0cb2.jpg,e9eb0cb2-4c85-4fe6-9b96-232be15547bb,"Poppy Anemones, Caterpillar, Fig, and Quince.",Joris Hoefnagel; Georg Bocskay,1561–96,680,964,"botanical,botany,flowers",have
under-side-of-leaf__1cb9ea9d.jpg,1cb9ea9d-c4e5-440c-94da-ed8c5a26180d,Under side of leaf,William Sharp,1854,1023,786,"botanical,plants",have
intermediate-stages-of-bloom__2ae3ba66.jpg,2ae3ba66-4b41-4a20-9b61-6c4bca83eea9,Intermediate stages of bloom,William Sharp,1854,1024,771,"botanical,plants",have
young-plants__6c053309.jpg,6c053309-9b9c-4d4c-a9d8-b50e1c876ba1,Young plants,William Sharp,1854,1024,773,"botanical,plants",have
opening-flower__d20c3c1f.jpg,d20c3c1f-c106-4899-9a66-0cf67613ee19,Opening flower,William Sharp,1854,1024,767,"botanical,plants",have
complete-bloom__e4062052.jpg,e4062052-caca-4f1b-8d77-a368dc3920b4,Complete bloom,William Sharp,1854,1024,765,"botanical,plants",have
view-of-the-form-of-the-flower__f673a71b.jpg,f673a71b-e484-48f6-a5e0-7f29bd4ba037,View of the form of the flower,William Sharp,1854,1024,760,"botanical,plants",have
cannabis-indica__2e9409ba.jpg,2e9409ba-4962-4517-8830-71a2de99481c,Cannabis Indica,William O’Shaughnessy,1839,798,1023,"botanical,flowers,leaves,plants",have
botanical-garden-of-calcutta__69dc19a2.jpg,69dc19a2-3caa-4549-b524-870df17efc23,Botanical Garden of Calcutta,,1839,800,525,"botanical,gardens",have
untitled__3fe84d8f.jpg,3fe84d8f-fd5c-44ee-9531-3b74c4feb6f8,,,1190–1200,525,800,"botanical,flora,herbals,plants",have
untitled__363f0071.jpg,363f0071-5079-4ec5-9c7a-f2abd33b0236,,,1190–1200,633,800,"botanical,flora,herbals,plants",have
untitled__5f509639.jpg,5f509639-431d-46e1-952b-a3eb8ff06c47,,,1190–1200,610,800,"botanical,flora,herbals,plants",have
untitled__8d487ea2.jpg,8d487ea2-9d81-4a15-820b-b9637c3ff947,,,1190–1200,618,799,"botanical,flora,herbals,plants",have
untitled__0c0fa5ba.jpg,0c0fa5ba-8543-45c8-ac03-7f9061a87d50,,,1190–1200,640,632,"botanical,flora,herbals,plants",have
untitled__b7f163a3.jpg,b7f163a3-b184-4665-845e-32dcc6cffb4a,,,1190–1200,601,640,"botanical,flora,herbals,plants",have
untitled__b332d8ff.jpg,b332d8ff-885a-419d-871e-062ae166af70,,,1190–1200,527,800,"botanical,flora,herbals,plants",have
untitled__c61b4c34.jpg,c61b4c34-332c-4e9d-90cb-a459cad4c8ab,,,1190–1200,576,800,"botanical,flora,herbals,plants",have
untitled__c17dab78.jpg,c17dab78-9b4a-4207-be37-9c8eb261123a,,,1190–1200,630,1024,"botanical,flora,herbals,plants",have
untitled__e8ebf4fe.jpg,e8ebf4fe-92e4-46f8-875d-63a0df74e0ba,,,1190–1200,655,799,"botanical,flora,herbals,plants",have
untitled__e03e33ba.jpg,e03e33ba-ee4a-4c04-924f-94a87d55b794,,,1190–1200,678,800,"botanical,flora,herbals,plants",have
untitled__e033ba4a.jpg,e033ba4a-77fa-42db-b455-31b5e4373051,,,1190–1200,552,800,"botanical,herbals,plants",have
untitled__e1b57d3b.jpg,e1b57d3b-0d01-4d09-a4ca-ce32fae76051,,,1190–1200,579,800,"botanical,flora,herbals,plants",have
untitled__f99cedde.jpg,f99cedde-6140-40f1-ad82-0ada5730204e,,,1190–1200,607,800,"botanical,flora,herbals,plants",have
untitled__3c1700da.jpg,3c1700da-316f-46bd-b248-616185569a0f,,N. Rémond,1841,680,952,"botanical,botany,flora,flowers,plants",have
untitled__4fd7989c.jpg,4fd7989c-56e0-4181-9d99-2aeca3d7c299,,N. Rémond,1841,680,886,"botanical,botany,flora,flowers,plants",have
untitled__4c129f7b.jpg,4c129f7b-0d93-4464-b226-b76fda45bfc2,,N. Rémond,1841,680,896,"botanical,botany,flowers,plants",have
untitled__4ae96837.jpg,4ae96837-f374-4723-a66c-16c7a6f0f705,,N. Rémond,1841,680,900,"botanical,botany,flowers,plants",have
untitled__504f93f3.jpg,504f93f3-76ab-4365-b10d-680c9124928c,,N. Rémond,1841,680,837,"botanical,botany,flora,flowers,plants",have
untitled__78ac103d.jpg,78ac103d-8027-4516-890e-ea96350a0f85,,N. Rémond,1841,680,928,"botanical,botany,flora,flowers,plants",have
untitled__884a96c8.jpg,884a96c8-dbca-4510-bec1-dafea08417a3,,N. Rémond,1841,680,860,"botanical,botany,flowers,plants",have
untitled__81661f44.jpg,81661f44-ab2b-4911-9838-4a1a0a42befc,,N. Rémond,1841,680,793,"botanical,botany,flowers,plants",have
untitled__8e724ed6.jpg,8e724ed6-ec50-43f1-8bea-eddd5c26c637,,N. Rémond,1841,680,832,"botanical,botany,flowers,plants",have
untitled__92c03ab9.jpg,92c03ab9-506e-43dc-bfd7-cdfe7fa65108,,N. Rémond,1841,680,889,"botanical,botany,flora,flowers,plants",have
untitled__bb0ffa32.jpg,bb0ffa32-fd8c-43bc-9aa3-079e61b1b4d8,,N. Rémond,1841,680,708,"botanical,botany,flora,flowers,plants",have
untitled__db1643a6.jpg,db1643a6-8416-43fe-a3f4-bd9a53453c0d,,N. Rémond,1841,680,833,"botanical,botany,flora,flowers,plants",have
untitled__f8fce15e.jpg,f8fce15e-837c-4275-902f-7e97cf4d9f46,,N. Rémond,1841,680,809,"botanical,botany,flora,flowers,plants",have
conferva-fontinalis__29dc7366.jpg,29dc7366-7f57-4d30-804b-cebe636b8149,Conferva Fontinalis,Lewis Weston Dillwyn,1802–9,751,1023,"botanical,botany",have
c-fontinalis__6146f9c6.jpg,6146f9c6-748a-4475-8e5a-061298722637,C. Fontinalis,Justin Girod-Chantran,1802,1004,1311,"botanical,botany,leaves,plants",have
c-fontinalis__fa738874.jpg,fa738874-651f-4883-adf7-61b798456f22,C. Fontinalis,Johann Jacob Dillenius,1741,683,1024,"botanical,botany",have
c-fontinalis__ff71d253.jpg,ff71d253-9b76-45c5-bc7b-278deda8a1d0,C. Fontinalis,Pier Antonio Micheli,1729,720,1024,"botanical,botany",have
untitled__1d1a0bdc.jpg,1d1a0bdc-0a8c-479a-92fa-892a3761ae08,,Anne Wagner,1795-1834,1000,659,"botanical,flora",have
untitled__508a8b5b.jpg,508a8b5b-93db-4bca-a54e-247407f86df6,,Anne Wagner,1795-1834,1000,650,botanical,have
untitled__024767fe.jpg,024767fe-3f59-4dc3-9a73-e9aa33fb4b18,,Anne Wagner,1795-1834,1000,587,botanical,have
untitled__04882894.jpg,04882894-77b9-41f8-a422-fec49ed11aa0,,Anne Wagner,1795-1834,1000,645,"botanical,flowers,plants",have
untitled__c29d9292.jpg,c29d9292-fc6e-493f-bb6f-f73f63ca4780,,Anne Wagner,1795-1834,1000,609,botanical,have
fig-10-shows-a-realistic-and-a-life-like-design-in-the-carvi__198852fc.jpg,198852fc-8b02-4c4e-8c7b-a27ddb359bf7,Fig. 10 shows a realistic and a life-like design in the carving of a serpent which is made by the pulling away of the strips after they have been cut.,,1910,640,445,"botanical,foliage,plants",have
fig-2-shows-how-thin-strips-are-cut-from-the-sides-of-the-fo__9d7da6e2.jpg,9d7da6e2-66c9-4157-aad3-e2f821f621f7,"Fig. 2 shows how thin strips are cut from the sides of the four main sections, which are cut again from the top to the bottom, and from the bottom to the top, alternately, so as to form one continuous strip of small leaves, that with gentle pulling will lengthen into a goodly strip of peel.",,1910,462,500,botanical,have
fig-13-shows-a-pyramidal-centerpiece-for-a-table-decoration__f7a38622.jpg,f7a38622-7fc4-482c-bbea-41133563ee2b,Fig. 13 shows a pyramidal centerpiece for a table decoration.,,1910,640,463,"botanical,flora",have
hypnum-aquaticum__8630a63c.jpg,8630a63c-86ff-4726-8eef-e803b246b40b,Hypnum Aquaticum,,1788,800,461,"botanical,botany,leaves",have
bryum-glaucum__c2986d2d.jpg,c2986d2d-a724-4de5-9196-e942bdfe7e7a,Bryum Glaucum,,1788,800,770,"botanical,botany,plants",have
polygonatum__1c01b5dc.jpg,1c01b5dc-3597-4dfc-9dca-257404dd5a7d,Polygonatum,Gherardo Cibo,,600,792,"botanical,flora,floral,flowers,herbals,plants",have
galanthus-and-ipheion__443fd7d7.jpg,443fd7d7-7ab5-456c-b7be-3464d1c496df,Galanthus and Ipheion,Gherardo Cibo,,600,826,"botanical,floral,flowers,herbals,plants",have
callystegia-soldanella__565a234d.jpg,565a234d-9af0-4e1a-8e32-63e89222787a,Callystegia soldanella,Gherardo Cibo,,600,854,"botanical,flora,floral,flowers,herbals,plants",have
phyllitis-hemionitis__6c1fa985.jpg,6c1fa985-6c20-4267-a2a5-cd31b5ae048e,Phyllitis hemionitis,Gherardo Cibo,,600,855,"botanical,floral,flowers,herbals,leaves,plants",have
asplenium-scolopendrium__8addf8ea.jpg,8addf8ea-ef97-4063-acad-53da8d6d280c,Asplenium scolopendrium,Gherardo Cibo,,600,833,"botanical,flora,floral,flowers,herbals,plants",have
abronia-arenaria-and-solidago-virga-aurea__81dd29f1.jpg,81dd29f1-1594-4dba-845f-7945ba60fb85,Abronia arenaria and Solidago virga-aurea,Gherardo Cibo,,600,833,"botanical,floral,flowers,herbals,plants",have
gladiolus-italicus__834ddacb.jpg,834ddacb-c0d7-4040-94c7-3bbc4e81addd,Gladiolus Italicus,Gherardo Cibo,,600,826,"botanical,flora,floral,flowers,herbals,plants",have
iris__88a48c67.jpg,88a48c67-41f8-45c2-ae25-d537bc66c2ba,Iris,Gherardo Cibo,,600,856,"botanical,floral,flowers,herbals,leaves,plants",have
crocus-sativus__9ace8bd1.jpg,9ace8bd1-0f5f-4e95-9a21-a022db04b559,Crocus sativus,Gherardo Cibo,,600,846,"botanical,floral,flowers,herbals,plants",have
helleboris-viridis__006df5f7.jpg,006df5f7-275c-436e-a181-09016b3c43b9,Helleboris viridis,Gherardo Cibo,,600,841,"botanical,flora,floral,flowers,herbals,plants",have
mercurialis-annua__0eda3a7f.jpg,0eda3a7f-e490-4a4f-a847-198d59cbc607,Mercurialis annua,Gherardo Cibo,,600,823,"botanical,floral,flowers,herbals,plants",have
asarum-europaeum__a3b1035b.jpg,a3b1035b-bacd-41c5-bdb9-545872c987c4,Asarum europaeum,Gherardo Cibo,,600,821,"botanical,floral,flowers,herbals,plants",have
origanum__ab4bf8da.jpg,ab4bf8da-db57-477f-bd13-bbff37b5a382,Origanum,Gherardo Cibo,,600,874,"botanical,floral,flowers,herbals,plants",have
paeonia-mascula__b307d9c6.jpg,b307d9c6-47e4-403d-af37-17b0d69f444c,Paeonia mascula,Gherardo Cibo,,600,904,"botanical,flora,floral,flowers,herbals,plants",have
fumaria__ec3d6ea3.jpg,ec3d6ea3-b5c1-4443-a769-4fc48038f56d,Fumaria,Gherardo Cibo,,600,864,"botanical,floral,flowers,herbals,plants",have
untitled__3962386e.jpg,3962386e-a673-4da2-9050-a63956308e15,,Utagawa Yoshishige,1848,500,708,"botanical,foliage,trees",have
section-of-lily-bud__c61ce9af.jpg,c61ce9af-6674-43d2-a08b-494b7c478407,Section of Lily Bud,Arthur E Smith,1909,600,787,"botanical,flora",have
untitled__1bf171b8.jpg,1bf171b8-8fab-435d-bc4c-752b512a308c,,Jan Christian Bierpfaff; Jeremias Falck,ca. 1645-50,639,615,botanical,have
untitled__1b58e69c.jpg,1b58e69c-3f48-44e5-a5e5-49f50f68d0b8,,Jan Christian Bierpfaff; Jeremias Falck,ca. 1645-50,571,640,botanical,have
untitled__1dd6aebe.jpg,1dd6aebe-3fc7-4fe9-a1f0-57d451ae5808,,Jan Christian Bierpfaff; Jeremias Falck,ca. 1645-50,611,800,botanical,have
untitled__2d3e110d.jpg,2d3e110d-eecb-49d1-bc3e-217d92631240,,Jan Christian Bierpfaff; Jeremias Falck,ca. 1645-50,534,640,botanical,have
untitled__440674d4.jpg,440674d4-32d5-409c-bde9-d9c06016615d,,Jan Christian Bierpfaff; Jeremias Falck,ca. 1645-50,607,640,botanical,have
untitled__4095c1e2.jpg,4095c1e2-9809-492f-914a-83228dc04f7d,,Jan Christian Bierpfaff; Jeremias Falck,ca. 1645-50,604,799,botanical,have
untitled__53b45fc2.jpg,53b45fc2-3c47-4b5e-a86b-4221fd4670a5,,Jan Christian Bierpfaff; Jeremias Falck,ca. 1645-50,683,800,botanical,have
untitled__5cbd2f42.jpg,5cbd2f42-858a-4849-9882-6c823274cd77,,Jan Christian Bierpfaff; Jeremias Falck,ca. 1645-50,591,799,botanical,have
untitled__5f8d8e25.jpg,5f8d8e25-6a5b-4166-a85b-6e422023c849,,Jan Christian Bierpfaff; Jeremias Falck,ca. 1645-50,623,800,botanical,have
untitled__60ce2f19.jpg,60ce2f19-83a1-458d-8119-2187b3c613a0,,Jan Christian Bierpfaff; Jeremias Falck,ca. 1645-50,542,640,botanical,have
untitled__6b6cb60b.jpg,6b6cb60b-a788-4360-bbd0-25be7a435703,,Jan Christian Bierpfaff; Jeremias Falck,ca. 1645-50,606,640,botanical,have
untitled__6368cf3a.jpg,6368cf3a-82ec-462b-8778-57f31cc524f9,,Jan Christian Bierpfaff; Jeremias Falck,ca. 1645-50,534,640,botanical,have
untitled__7e18fc3c.jpg,7e18fc3c-bb09-4210-b8bb-f3582f85b52a,,Jan Christian Bierpfaff; Jeremias Falck,ca. 1645-50,586,640,botanical,have
untitled__01439622.jpg,01439622-24ea-42b4-8489-11e4c629be80,,Jan Christian Bierpfaff; Jeremias Falck,ca. 1645-50,624,640,botanical,have
untitled__a291a01a.jpg,a291a01a-1598-45ea-bc4a-0a173d1623ee,,Jan Christian Bierpfaff; Jeremias Falck,ca. 1645-50,640,630,botanical,have
untitled__be1e4a9e.jpg,be1e4a9e-be49-4bdb-a510-5a12a438e6e7,,Jan Christian Bierpfaff; Jeremias Falck,ca. 1645-50,407,639,botanical,have
untitled__c046b9e5.jpg,c046b9e5-536c-49f7-bcbe-acdd0ab0f15b,,Jan Christian Bierpfaff; Jeremias Falck,ca. 1645-50,552,640,botanical,have
untitled__ca167e11.jpg,ca167e11-aa92-4cbb-b70f-57584fae9951,,Jan Christian Bierpfaff; Jeremias Falck,ca. 1645-50,558,800,botanical,have
untitled__d6247738.jpg,d6247738-48e0-49ca-9358-bc4ee3371cc7,,Jan Christian Bierpfaff; Jeremias Falck,ca. 1645-50,543,800,botanical,have
untitled__deccb3d7.jpg,deccb3d7-2e45-40c8-b9bf-f6139f349deb,,Jan Christian Bierpfaff; Jeremias Falck,ca. 1645-50,543,640,botanical,have
untitled__dfe7d051.jpg,dfe7d051-2b39-43fe-a6b2-56ad9e32844c,,Jan Christian Bierpfaff; Jeremias Falck,ca. 1645-50,663,800,botanical,have
untitled__e9b79b20.jpg,e9b79b20-9a3f-4e57-b6f3-fe0f9a3d6f3e,,Jan Christian Bierpfaff; Jeremias Falck,ca. 1645-50,557,639,botanical,have
untitled__e5cd383d.jpg,e5cd383d-dac6-486e-8ea3-7cf9c3c08ca6,,Jan Christian Bierpfaff; Jeremias Falck,ca. 1645-50,609,800,botanical,have
untitled__ed68753c.jpg,ed68753c-c234-4018-89e6-79c5523360e8,,Jan Christian Bierpfaff; Jeremias Falck,ca. 1645-50,598,800,botanical,have
untitled__f1b20649.jpg,f1b20649-f5a5-4c4e-8d67-208349e2c23a,,Jan Christian Bierpfaff; Jeremias Falck,ca. 1645-50,532,640,botanical,have
plants-and-a-man-urinating-into-a-pot__2b9dc34e.jpg,2b9dc34e-1ad9-4662-86ae-71311e407a57,"Plants, and a man urinating into a pot.",,ca.1440,570,844,"botanical,herbals,herbs,plants",have
a-tree-and-an-animal-castrating-itself__30c8d47d.jpg,30c8d47d-e91d-4742-9f95-160fd86d0c1d,A tree and an animal castrating itself.,,ca.1440,570,850,"botanical,herbals,herbs,trees",have
plants-and-men-in-the-process-of-glass-making__8b91b305.jpg,8b91b305-f0e9-429f-8cf2-56e0812087e0,Plants and men in the process of glass-making.,,ca.1440,570,876,"botanical,herbs",have
a-plant-and-boys-standing-in-the-branches-of-a-fruit-tree-pi__8677452e.jpg,8677452e-7176-4a1a-8695-3e154a3e38b0,A plant and boys standing in the branches of a fruit tree picking fruit.,,ca.1440,570,838,"botanical,herbs,plants",have
juggler-with-plants__08bccad3.jpg,08bccad3-ad38-4157-8618-220f08cb76bc,Juggler with plants.,,ca.1440,570,830,"botanical,herbals,herbs,plants",have
plants-a-rat-a-cat-and-a-human-corpse__aafccf64.jpg,aafccf64-3ed1-4926-ab9b-2bbea5af94eb,"Plants, a rat, a cat, and a human corpse.",,ca. 1440,570,845,"botanical,herbals,herbs,plants",have
plants-including-a-mandrake-plant-with-a-naked-male-body-as-__e057a6e9.jpg,e057a6e9-23ee-4eb1-932f-9f9ccf07595c,"Plants, including a mandrake plant with a naked male body as the root.",,ca.1440,570,859,"botanical,herbs,plants",have
a-plant-and-a-fish__e8dfce7c.jpg,e8dfce7c-554a-4f62-a271-e1af04f0fc15,A plant and a fish.,,ca.1440,570,863,"botanical,herbs",have
plants-and-a-bird-of-prey-killing-a-duck__febf233d.jpg,febf233d-8b5f-4823-96a3-b7e295a717a9,"Plants, and a bird of prey killing a duck.",,ca. 1440,570,834,"botanical,herbals,herbs,plants",have
embalming-jar-by-frederik-ruysch__e5d468f9.jpg,e5d468f9-3e17-4a88-9fa6-c4ed7ba9a792,Embalming Jar by Frederik Ruysch,Frederik Ruysch,1710,710,932,botanical,have
untitled__17f46095.jpg,17f46095-83c8-4f41-83fd-c3b6354fe03c,,,,950,416,"botanical,flora,leaves",have
flowers-from-bethlehem__2b67a72f.jpg,2b67a72f-7db6-4b03-ba8f-fdc606c04269,Flowers From Bethlehem,Boulos Meo,1890s,500,626,"botanical,flora,flowers,plants",have
flowers-from-jerusalem__299f468a.jpg,299f468a-33d5-461c-97ce-634614a7c56a,Flowers From Jerusalem,Boulos Meo,1890s,500,683,"botanical,flora,flowers",have
flowers-from-the-holy-land__88a82819.jpg,88a82819-0749-4a63-a385-54a9b7558859,Flowers From the Holy Land,Boulos Meo,1890s,500,643,"botanical,flowers",have
flowers-from-mount-zion__ca29b251.jpg,ca29b251-33a8-48d0-b1e7-6e062bf7a07f,Flowers From Mount Zion,Boulos Meo,1890s,500,655,"botanical,flora,flowers,plants",have
flowers-from-mount-moria__ff9281d4.jpg,ff9281d4-a458-4cc7-98ea-5b4e94e01752,Flowers From Mount Moria,Boulos Meo,1890s,500,658,"botanical,floral,flowers",have
untitled__362dff8c.jpg,362dff8c-bf09-4d23-9dfd-b2e3e330e9ab,,Frederick Whitney,1909,1113,1500,"botanical,flora,flowers,plants",have
untitled__4e9914dc.jpg,4e9914dc-51fc-4483-875c-d85642216d6e,,Frederick Whitney,1909,1126,1500,"botanical,flora,foliage,trees",have
untitled__7db4d35b.jpg,7db4d35b-fed9-486c-9266-cfb08a1ca067,,Frederick Whitney,1909,1118,1500,"botanical,flowers,leaves,plants",have
skeleton-leaves__782349aa.jpg,782349aa-bf66-4786-96ae-b5d02cf7d455,Skeleton Leaves,John P. Soule,1873,980,462,"botanical,flora,floral,leaves",have
skeleton-leaves__d549273d.jpg,d549273d-8acb-46a2-a950-366abf0aafde,Skeleton Leaves,John P. Soule,1873,980,463,"botanical,floral,leaves",have
untitled__73c49972.jpg,73c49972-6c47-451a-8be2-fc691c9834c9,,John Baptista Tavernier,1678,550,681,botanical,have
untitled__1e926d13.jpeg,1e926d13-18a6-404f-a1d3-5f10f316d2a6,,Owen Jones,1867,3511,5128,"botanical,floral,flowers,foliage,plants",have
untitled__1a4cc8b9.jpeg,1a4cc8b9-75cc-4923-b819-c95ba2836ded,,Owen Jones,1867,1752,2560,"botanical,floral,flowers,foliage,plants",have
untitled__11e1dab2.jpeg,11e1dab2-de37-46a7-8c95-f5bb5ef10234,,Owen Jones,1867,3495,5096,"botanical,floral,flowers,foliage,plants",have
untitled__13d2f416.jpeg,13d2f416-92fa-453a-bab7-b454845e4fda,,Owen Jones,1867,3472,5112,"botanical,floral,flowers,foliage,plants",have
untitled__13d7f749.jpeg,13d7f749-62ea-4c9e-b6a5-db82a36a6851,,Owen Jones,1867,3460,5110,"botanical,floral,flowers,foliage,plants",have
untitled__18e31f22.jpeg,18e31f22-e9ff-4830-8a49-ddba8f6c1941,,Owen Jones,1867,3586,5216,"botanical,floral,flowers,foliage,plants",have
untitled__262bfd1f.jpeg,262bfd1f-6bf9-4f15-9e00-73a413342cdd,,Owen Jones,1867,3400,5144,"botanical,floral,flowers,foliage,plants",have
untitled__2e82b923.jpeg,2e82b923-7f3c-4f54-a474-7eb563946236,,Owen Jones,1867,3376,5040,"botanical,floral,flowers,foliage,plants",have
untitled__32c33d73.jpeg,32c33d73-4f43-44f8-9823-aff24e692ecf,,Owen Jones,1867,3504,5144,"botanical,floral,flowers,foliage,plants",have
untitled__4d7bb6b3.jpeg,4d7bb6b3-7647-4ce2-856a-7504a61cd9f7,,Owen Jones,1867,1747,2568,"botanical,floral,flowers,foliage,plants",have
untitled__4e268f9c.jpeg,4e268f9c-051a-43b9-baf2-e1350665884e,,Owen Jones,1867,3216,4441,"botanical,floral,flowers,foliage,plants",have
untitled__4e4600ed.jpeg,4e4600ed-ba56-4a0c-94e3-0c0f68bc4934,,Owen Jones,1867,3504,5118,"botanical,floral,flowers,foliage,plants",have
untitled__68a43bcb.jpeg,68a43bcb-9caf-4d1a-8f26-12fbca15c44d,,Owen Jones,1867,3504,5128,"botanical,floral,flowers,foliage,plants",have
untitled__72969fbe.jpeg,72969fbe-003d-4991-bd67-9788a762d2ce,,Owen Jones,1867,3488,5096,"botanical,floral,flowers,foliage,plants",have
untitled__761b673a.jpeg,761b673a-7615-4929-967e-35b5ef69f801,,Owen Jones,1867,3460,5112,"botanical,floral,flowers,foliage,plants",have
untitled__7b16db7c.jpeg,7b16db7c-f56f-45a8-a9a5-5990254b93c6,,Owen Jones,1867,3446,5160,"botanical,floral,flowers,foliage,plants",have
untitled__792e1af4.jpeg,792e1af4-ea23-4620-b122-5aefb39f69bf,,Owen Jones,1867,3448,5192,"botanical,floral,flowers,foliage,plants",have
untitled__7e167466.jpeg,7e167466-b54b-4138-9cbe-64905b540696,,Owen Jones,1867,3520,5192,"botanical,floral,flowers,foliage,plants",have
untitled__83e0e04d.jpeg,83e0e04d-d77d-4c0f-ab25-607b488c9a5c,,Owen Jones,1867,3340,5018,"botanical,floral,flowers,foliage,plants",have
untitled__9d6087f7.jpeg,9d6087f7-48cd-4868-ad99-ac54e4ac46eb,,Owen Jones,1867,3440,5120,"botanical,floral,flowers,foliage,plants",have
untitled__9c51dc8e.jpeg,9c51dc8e-2406-4265-ac16-96742a31a1b2,,Owen Jones,1867,3423,5067,"botanical,floral,flowers,foliage,plants",have
untitled__93745b28.jpeg,93745b28-5bf9-4f13-9ad0-d3c67353909b,,Owen Jones,1867,3501,5143,"botanical,floral,flowers,foliage,plants",have
untitled__a7cafac2.jpeg,a7cafac2-f49f-4190-b4ef-551dbf5edc68,,Owen Jones,1867,3400,5038,"botanical,floral,flowers,foliage,plants",have
untitled__bc5ba41b.jpeg,bc5ba41b-6598-41c6-82e2-cadde858f1f7,,Owen Jones,1867,3512,5192,"botanical,floral,flowers,foliage,plants",have
untitled__b24e8dbc.jpeg,b24e8dbc-4502-41a2-bcd0-eee42a3d5662,,Owen Jones,1867,3450,5080,"botanical,floral,flowers,foliage,plants",have
untitled__bde2811c.jpeg,bde2811c-a170-4bd3-b93e-7ea130b9e6cd,,Owen Jones,1867,3424,5088,"botanical,floral,flowers,foliage,plants",have
untitled__ba7fda50.jpeg,ba7fda50-57da-4cf7-a1f2-5af141daa912,,Owen Jones,1867,3322,4988,"botanical,floral,flowers,foliage,plants",have
untitled__c3ae8d6f.jpeg,c3ae8d6f-2c25-4607-9fef-a2aebee47ff8,,Owen Jones,1867,3448,5112,"botanical,floral,flowers,foliage,plants",have
untitled__cb5c90b5.jpeg,cb5c90b5-8c6f-46f8-90f9-61cbfad3439b,,Owen Jones,1867,3425,5131,"botanical,floral,flowers,foliage,plants",have
untitled__d2cc506b.jpeg,d2cc506b-c2ba-4c25-ae6b-32d75b8dcc8e,,Owen Jones,1867,3408,5088,"botanical,floral,flowers,foliage,plants",have
untitled__dabcaaa6.jpeg,dabcaaa6-321a-46c4-869b-2f7d4b02ebd0,,Owen Jones,1867,3464,5056,"botanical,floral,flowers,foliage,plants",have
untitled__e0b136c7.jpeg,e0b136c7-aace-4047-80ca-5100c8d0f213,,Owen Jones,1867,3120,5128,"botanical,floral,flowers,foliage,plants",have
untitled__f654ab3f.jpeg,f654ab3f-6cf5-4b22-80c3-7bc4d00cb325,,Owen Jones,1867,3416,5112,"botanical,floral,flowers,foliage,plants",have
untitled__f226f1fb.jpeg,f226f1fb-b2e1-4711-8f87-583a17004ff2,,Owen Jones,1867,3474,5064,"botanical,floral,flowers,foliage,plants",have
untitled__f946ecc9.jpeg,f946ecc9-50e9-4f46-9b6c-9f757559b043,,Owen Jones,1867,3449,5091,"botanical,floral,flowers,foliage,plants",have
untitled__f060fb2f.jpeg,f060fb2f-286c-466d-9fa5-7decc9fb71de,,Owen Jones,1867,3458,5087,"botanical,floral,flowers,foliage,plants",have
american-bog-plants__138d3235.jpg,138d3235-d2d0-4ea9-9c51-6dfbf2b85b04,American Bog Plants,Robert John Thornton,1807,590,786,"botanical,flora,flowers,leaves,plants",have
the-winged-passion-flower__11fb5830.jpg,11fb5830-5f40-4a4f-971c-5cb5ef04113f,The Winged Passion Flower,Robert John Thornton,1807,590,781,"botanical,flora,flowers,leaves,plants",have
the-quadrangular-passion-flower__216d62ce.jpg,216d62ce-aeed-42de-8f4c-0845f22493fe,The Quadrangular Passion-Flower,Robert John Thornton,1807,590,785,"botanical,flora,flowers,foliage",have
the-blue-egyptian-water-lily__6aabee19.jpg,6aabee19-2c43-45b7-9a86-e2863d8d6910,The Blue Egyptian Water Lily,Robert John Thornton,1807,590,773,"botanical,flora,flowers",have
the-white-lily__6f5f36ba.jpg,6f5f36ba-68b0-4298-ba8a-91ca897328dd,The White Lily,Robert John Thornton,1807,590,778,"botanical,flora,flowers",have
tulips__8b19dded.jpg,8b19dded-fddd-42ee-9f66-9c68665dc4be,Tulips,Robert John Thornton,1807,590,780,"botanical,flora,floral,flowers",have
the-maggot-bearing-stapelia__951d0813.jpg,951d0813-5c4c-459e-b9e6-d07a55b5789c,The Maggot-Bearing Stapelia,Robert John Thornton,1807,590,774,"botanical,flora,flowers,plants",have
the-dragon-arum__97114d8c.jpg,97114d8c-c642-4b4b-b357-af58909a19dd,The Dragon Arum,Robert John Thornton,1807,590,766,"botanical,flora,flowers",have
the-nodding-renealmia__991c1425.jpg,991c1425-c8dc-4e06-9a78-158156e4acf8,The Nodding Renealmia,Robert John Thornton,1807,590,786,"botanical,flora,flowers",have
a-group-of-carnations__98d20ee8.jpg,98d20ee8-f045-41a8-88a2-8cc27ab8ab92,A Group of Carnations,Robert John Thornton,1807,590,793,"botanical,flora,floral,flowers",have
the-night-blowing-cereus__0bae3fba.jpg,0bae3fba-7258-4cc0-bb76-086a68dd9ea1,The Night Blowing Cereus,Robert John Thornton,1807,590,756,"botanical,flora,flowers",have
a-group-of-auriculas-plate-46__0b2f21a6.jpg,0b2f21a6-9dba-4b66-ac0c-193751ed28ac,A Group of Auriculas (Plate 46),Robert John Thornton,1807,590,763,"botanical,flora,floral,flowers,plants",have
the-american-cow-slip__ae1e9b2c.jpg,ae1e9b2c-2929-47c1-b37f-34595797960d,The American Cow-Slip,Robert John Thornton,1807,590,768,"botanical,flora,flowers,plants",have
the-superb-lily__abb9aa27.jpg,abb9aa27-441e-4287-b087-9754fc5ec566,The Superb Lily,Robert John Thornton,1807,590,783,"botanical,flora,flowers",have
the-tube-aloe__c7d9ee6b.jpg,c7d9ee6b-023f-4bde-822d-291fa0951864,The Tube Aloe,Robert John Thornton,1807,590,743,"botanical,flora,flowers",have
a-group-of-auriculas__e3b4cec2.jpg,e3b4cec2-b177-4e7b-8a79-5273867e3ed6,A Group of Auriculas,Robert John Thornton,1807,590,806,"botanical,flora,flowers",have
pitcher-plant__f0e58d58.jpg,f0e58d58-190f-4f3e-a9c8-91f16fd12130,Pitcher Plant,Robert John Thornton,1807,590,788,"botanical,flora,flowers",have
ball__2879d11c.jpg,2879d11c-ee39-4596-9776-e162a086eebe,Ball,J. J. Grandville,1849,1125,1500,"botanical,floral,flowers",have
arrowhead__29aab129.jpg,29aab129-fa21-4b73-b7aa-4d1a4ea2589f,Arrowhead,J. J. Grandville,1849,1035,1500,"botanical,floral,flowers",have
traffic-of-flowers__4f5dfbca.jpg,4f5dfbca-4ab3-4c5e-acc2-fe6ce285ff53,Traffic of flowers,J. J. Grandville,1849,1148,1500,"botanical,floral,flowers,plants",have
grapevine__5fb63055.jpg,5fb63055-d504-4d65-8da7-712bebb4dc4e,Grapevine,J. J. Grandville,1849,1114,1500,"botanical,floral,flowers",have
frontispiece-to-volume-ii__6295b769.jpg,6295b769-4119-4aa2-b6bd-c194330a920c,Frontispiece to Volume II,J. J. Grandville,1849,1085,1500,"botanical,floral,flowers,plants",have
sweet-briar__81a5a4e2.jpg,81a5a4e2-b07f-4bdb-9cee-ecc0581b4d81,Sweet briar,J. J. Grandville,1849,1061,1500,"botanical,floral,flowers",have
tobacco__a6403e56.jpg,a6403e56-7b27-4ac2-8d6d-54a330ac4532,Tobacco,J. J. Grandville,1849,1041,1500,"botanical,flora,floral,flowers",have
tuberose-and-daffodil__c809c23f.jpg,c809c23f-27e8-45c0-b7f0-5e1c9e002691,Tuberose and daffodil,J. J. Grandville,1849,1086,1500,"botanical,floral,flowers,foliage",have
helichrysum__d4410994.jpg,d4410994-2625-468d-bd93-2a3a6cc24cc9,Helichrysum,J. J. Grandville,1849,1005,1500,"botanical,floral,flowers,plants",have
untitled__bdab174a.jpg,bdab174a-9e38-486a-9884-05c6f6e25249,,Charles Mavelot,1695,800,564,botanical,have
untitled__1257c4ec.jpg,1257c4ec-088e-49b9-ace5-f45aebf08ea5,,,1678-1693,800,652,"botanical,botany,flora,leaves,plants",have
untitled__10ce67db.jpg,10ce67db-aabb-4ea2-8c26-3c54cdffbd83,,,1678-1693,800,653,"botanical,botany,flora,leaves",have
untitled__10378e8f.jpg,10378e8f-c27e-4ac1-8df0-14e389d3e7e8,,,1678-1693,800,675,"botanical,botany,flora,leaves,plants",have
untitled__1bd3d580.jpg,1bd3d580-3a8f-435b-8890-56baf90d55cf,,,1678-1693,800,648,"botanical,botany,flora",have
untitled__3f32ddf3.jpg,3f32ddf3-a74b-4cad-a2ab-7e136cd49013,,,1678-1693,800,680,"botanical,botany,flora,plants",have
untitled__493d1ab2.jpg,493d1ab2-7bf3-4a12-8ece-cc2b7efc069e,,,1678-1693,800,651,"botanical,botany,flora,leaves",have
untitled__4eff5aeb.jpg,4eff5aeb-9328-4975-8afd-a850e8bb3767,,,1678-1693,800,661,"botanical,botany,flora,leaves",have
untitled__4df385fc.jpg,4df385fc-aa15-4c4a-bed5-4d8168319969,,,1678-1693,800,628,"botanical,botany,flora,leaves",have
untitled__552d34e5.jpg,552d34e5-7114-498c-911c-09191dd7564d,,,1678-1693,800,640,"botanical,botany,flora,flowers,leaves",have
untitled__56993a60.jpg,56993a60-d620-4e51-9ebe-c59f7a22382c,,,1678-1693,800,641,"botanical,botany,flora,leaves,trees",have
untitled__60b44889.jpg,60b44889-ef14-4513-a035-b512143ff1bf,,,1678-1693,800,626,"botanical,botany,flora,plants,trees",have
untitled__6831a191.jpg,6831a191-b708-4b58-924d-1910b691c542,,,1678-1693,800,665,"botanical,botany,flora,foliage,plants",have
untitled__711eb0bd.jpg,711eb0bd-5836-4a01-95a2-8552630ac6f9,,,1678-1693,800,659,"botanical,botany,flora,trees",have
untitled__79b0e25b.jpg,79b0e25b-b6e0-4acf-bdf5-2fad4770d8b7,,,1678-1693,800,665,"botanical,botany,flora,leaves,plants",have
untitled__72e308f2.jpg,72e308f2-572e-45af-906c-4feb5384a64c,,,1678-1693,800,665,"botanical,botany,flora,trees",have
untitled__827af642.jpg,827af642-f0aa-48e9-aa97-fcb40529f418,,,1678-1693,800,671,"botanical,botany,flora,flowers,leaves",have
untitled__872b7021.jpg,872b7021-5684-4a41-8a33-66e74f80b47d,,,1678-1693,800,665,"botanical,botany,flora,plants",have
untitled__95f38890.jpg,95f38890-250b-4848-ba01-00e032bc5b17,,,1678-1693,800,652,"botanical,botany,flora,flowers,leaves,plants",have
untitled__077e19a6.jpg,077e19a6-6e31-4539-a8f2-04863df0fdd0,,,1678-1693,800,629,"botanical,botany,flora,leaves,plants",have
untitled__0cf88540.jpg,0cf88540-4945-4a4e-a5fe-4eca558168a7,,,1678-1693,800,652,"botanical,botany,flora,leaves,plants",have
untitled__0b270b4c.jpg,0b270b4c-79d1-477e-9dee-be0dc5527e6f,,,1678-1693,800,659,"botanical,botany,flora,plants,trees",have
untitled__0ed17761.jpg,0ed17761-4aff-4880-a1f4-b7b86288a6ae,,,1678-1693,800,659,"botanical,botany,flora,plants",have
untitled__bccc1ed3.jpg,bccc1ed3-3054-4a04-a1b6-627ccab85827,,,1678-93,800,630,"botanical,botany,flora,plants",have
untitled__ccb232e8.jpg,ccb232e8-924a-4f7d-bd84-68387c7ab567,,,1678-1693,800,651,"botanical,botany,flora,flowers,plants",have
untitled__cc546013.jpg,cc546013-8916-48ce-b371-6885366fa5fa,,,1678-1693,800,632,"botanical,botany,flora",have
untitled__d0e0a244.jpg,d0e0a244-c57e-4dce-8e0b-5c5b6d689e24,,,1678-93,800,659,"botanical,botany,flora,leaves",have
untitled__ec928f30.jpg,ec928f30-f38f-4acb-8dbc-026eba7caebd,,,1678-93,800,631,"botanical,botany,flora,leaves,plants",have
untitled__e26cd137.jpg,e26cd137-d875-436d-ab01-c97cf144c386,,,1678-93,800,654,"botanical,botany,flora,flowers,leaves,plants",have
untitled__f8b66dad.jpg,f8b66dad-8ccf-4e3c-b648-5772df316669,,,1678-93,800,658,"botanical,botany,flora,flowers,leaves",have
illustrative-plate-from-nehemiah-grew-s-em-the-anatomy-of-pl__373ab9b4.jpg,373ab9b4-858c-4bb1-be83-5b4565524db2,Illustrative plate from Nehemiah Grew’s <em>The Anatomy of Plants</em> (1682).,Nehemiah Grew,1682,640,608,"botanical,botany",have
a-woman-holding-a-kite__5b01dbc5.jpg,5b01dbc5-8cd9-489b-b10f-70fa1a05365c,A woman holding a kite,Katsushika Hokusai,ca. 1825,4912,5488,plants,have
vegetable-lamb__07affc7e.jpg,07affc7e-ea07-4366-bc31-35ac5cdcb244,Vegetable lamb,,1481,1260,1266,plants,have
vegetable-lamb__f2f156eb.jpg,f2f156eb-2c9f-454d-80ce-4480df9f8db9,Vegetable lamb,,1725,1167,1194,plants,have
vegetable-lamb__403c5d67.jpg,403c5d67-0b8e-4678-b697-af7b2d56d13b,Vegetable lamb,,1605,1429,1032,"plants,wildflowers",have
illustration-featuring-planta-tartarica-boromez-and-other-ve__a586101b.jpg,a586101b-4a05-4379-9d11-6f0cb259b23c,Illustration featuring 'Planta Tartarica Boromez' and other vegetal creatures,,1696,1627,2612,plants,have
frontispiece-depicting-the-garden-of-eden__e33ccbc2.jpg,e33ccbc2-398e-4fc1-89cd-745a1c07a34e,Frontispiece depicting the Garden of Eden,Christopher Switzer,1629,2695,4307,"flowers,plants,trees",have
rhizome-of-a-fern-shaped-by-the-chinese-to-represent-a-tan-c__367e46ab.jpg,367e46ab-8136-4a6a-9117-8f48d25d9312,"Rhizome of a fern, shaped by the Chinese to represent a tan-coloured dog",,1887,3536,1984,plants,have
barometz-or-agnus-scythycus__fe235f57.jpg,fe235f57-bf33-49f0-b579-11e065d7748f,Barometz or Agnus Scythycus,William Hibbart,1791,3792,2388,plants,have
agnus-scythycus-borometz__fa48236d.jpg,fa48236d-f2e5-4126-ae48-1a76f776e0ae,Agnus scythycus borometz,Elizabeth Blackwell,1750–1773,2998,2954,plants,have
mythical-animals-including-a-vegetable-lamb__200877e8.jpg,200877e8-385c-4637-b456-08a890589252,"Mythical animals, including a vegetable lamb",,1801,2196,1764,plants,have
untitled__0c192190.jpg,0c192190-366a-46e7-925f-8144970cc2a0,,Harold A. Taylor,early 20th century,6300,5100,"flowers,leaves,plant-photography,plants",have
untitled__49b9f403.jpg,49b9f403-8abc-4af1-8007-e1476adf6f0d,,Harold A. Taylor,early 20th century,6300,5100,"flowers,leaves,plant-photography,plants",have
untitled__a3f31840.jpg,a3f31840-a1cf-4f2e-b4f3-c2508afc501e,,Harold A. Taylor,early 20th century,6300,5100,"flowers,leaves,plant-photography,plants",have
untitled__c7b88836.jpg,c7b88836-2969-443c-b4fe-7ced50c9f9c6,,Harold A. Taylor,early 20th century,6300,5100,"flowers,leaves,plant-photography,plants",have
untitled__77348fce.jpg,77348fce-1ff7-4dae-b7a4-c150de676376,,Harold A. Taylor,early 20th century,6300,5100,"flowers,leaves,plant-photography,plants,wildflowers",have
untitled__1c9d6ea4.jpg,1c9d6ea4-0b73-4949-9c77-b467a572390a,,Harold A. Taylor,early 20th century,6300,5100,"flowers,leaves,plant-photography,plants,wildflowers",have
untitled__2b4f5977.jpg,2b4f5977-0a34-4230-8174-5b9298caf8c2,,Harold A. Taylor,early 20th century,6300,5100,"flowers,leaves,plant-photography,plants",have
untitled__fcfef66d.jpg,fcfef66d-e783-4d25-9655-b6c69f51e443,,Harold A. Taylor,early 20th century,6300,5100,"flowers,leaves,plant-photography,plants",have
untitled__c839536e.jpg,c839536e-ebb4-486a-8b91-a5e2baaa2882,,Harold A. Taylor,early 20th century,6300,5100,"flowers,leaves,plant-photography,plants",have
untitled__1017f3ab.jpg,1017f3ab-bc52-4bef-8a05-6ac3afd6f700,,Harold A. Taylor,early 20th century,6300,5100,"flowers,leaves,plant-photography,plants",have
untitled__6fe9e877.jpg,6fe9e877-4a00-4ea4-b48d-623ec09e4194,,Harold A. Taylor,early 20th century,6300,5100,"flowers,leaves,plant-photography,plants",have
untitled__12c92374.jpg,12c92374-87d1-4c91-b2db-5267b1b387f4,,Harold A. Taylor,early 20th century,6300,5100,"flowers,plant-photography,plants",have
untitled__775825bb.jpg,775825bb-a243-446c-b02e-fdaec366c321,,Harold A. Taylor,early 20th century,6300,5100,"flowers,leaves,plant-photography,plants",have
untitled__e6c974ab.jpg,e6c974ab-102b-482e-85d5-481d00568be7,,Harold A. Taylor,early 20th century,6300,5100,"flowers,gardens,leaves,plant-photography,plants",have
untitled__7b99be3e.jpg,7b99be3e-dcf2-44b3-9148-ca85abee369c,,Harold A. Taylor,early 20th century,6300,5100,"flowers,leaves,plant-photography,plants,wildflowers",have
untitled__304cd1dc.jpg,304cd1dc-43be-411a-9c3a-deac969d1c10,,Harold A. Taylor,early 20th century,6300,5100,"flowers,gardens,leaves,plant-photography,plants",have
untitled__ff2949ac.jpg,ff2949ac-96d0-4170-acb8-5c171bc21bf6,,Harold A. Taylor,early 20th century,6300,5100,"flowers,leaves,plant-photography,plants",have
untitled__756863da.jpg,756863da-b094-4960-b0e1-6abd574ce1a8,,Harold A. Taylor,early 20th century,6300,5100,"flowers,gardens,leaves,plant-photography,plants",have
untitled__198a72c6.jpg,198a72c6-6b6a-4a97-814d-4f14e4cb230e,,Harold A. Taylor,early 20th century,6300,5100,"flowers,gardens,leaves,plant-photography,plants",have
untitled__0bae6f8d.jpg,0bae6f8d-41c4-432d-b6f5-6d81810881e6,,Harold A. Taylor,early 20th century,6300,5100,"flowers,leaves,plant-photography,plants",have
untitled__9060b3f2.jpg,9060b3f2-f058-4377-a9c3-61c65f7d1ac8,,Harold A. Taylor,early 20th century,6300,5100,"flowers,leaves,plant-photography,plants",have
untitled__2ad296a7.jpg,2ad296a7-e36d-4750-8eb1-fd2db976de0f,,Harold A. Taylor,early 20th century,6300,5100,"flowers,leaves,plant-photography,plants",have
untitled__2698caf6.jpg,2698caf6-b0b7-4e21-adb4-07d563b92a4b,,Harold A. Taylor,early 20th century,6300,5100,"flowers,leaves,plant-photography,plants",have
untitled__058a6196.jpg,058a6196-e48f-49e1-85fe-e2534a1f292c,,Harold A. Taylor,early 20th century,6300,5100,"flowers,leaves,plant-photography,plants",have
untitled__7afc4176.jpg,7afc4176-3c54-4dc0-be53-834b462ff619,,Harold A. Taylor,early 20th century,6300,5100,"flowers,leaves,plant-photography,plants",have
untitled__e848df09.jpg,e848df09-82ed-450b-89d4-943980f04258,,Harold A. Taylor,early 20th century,6300,5100,"flowers,leaves,plant-photography,plants",have
untitled__9dda096a.jpg,9dda096a-b9c7-41d9-b0c1-6c22fb9553ee,,Harold A. Taylor,early 20th century,6300,5100,"flowers,leaves,plant-photography,plants",have
untitled__69b837c3.jpg,69b837c3-165a-497d-95d1-1583ec0a55c1,,Harold A. Taylor,early 20th century,6300,5100,"flowers,leaves,plant-photography,plants",have
untitled__0489be9b.jpg,0489be9b-050d-42df-9b44-2396328f89d4,,Harold A. Taylor,early 20th century,6300,5100,"flowers,leaves,plant-photography,plants",have
untitled__8e96a29a.jpg,8e96a29a-b6ad-42ca-ba1c-d682ba6cbe6c,,Harold A. Taylor,early 20th century,6300,5100,"flowers,leaves,plant-photography,plants",have
untitled__ff288c1f.jpg,ff288c1f-56e1-4570-aef7-ff7c24369aef,,Harold A. Taylor,early 20th century,6300,5100,"flowers,leaves,plant-photography,plants",have
untitled__35d94a83.jpg,35d94a83-0d42-4ea8-80bf-410e6ec8e7da,,Harold A. Taylor,early 20th century,6300,5100,"flowers,leaves,plant-photography,plants",have
untitled__ce5950ef.jpg,ce5950ef-e17e-4c6b-8bf3-214cb6a00c91,,Harold A. Taylor,early 20th century,6300,5100,"flowers,leaves,plant-photography,plants",have
untitled__2ab36616.jpg,2ab36616-92fd-4e59-a552-3e1cb207af03,,Harold A. Taylor,early 20th century,6300,5100,"flowers,leaves,plant-photography,plants",have
untitled__61c76d2f.jpg,61c76d2f-8028-43fc-89b0-b4e1c4e8aed9,,Harold A. Taylor,early 20th century,6300,5100,"flowers,leaves,plant-photography,plants",have
untitled__3b9bc134.jpg,3b9bc134-486c-4e09-ac6b-c18d694bd705,,Harold A. Taylor,early 20th century,6300,5100,"flowers,leaves,plant-photography,plants",have
untitled__28fd474b.jpg,28fd474b-86df-4ebd-8900-dcb457060373,,Harold A. Taylor,early 20th century,6300,5100,"flowers,leaves,plant-photography,plants",have
untitled__57b6fb49.jpg,57b6fb49-0cf3-479e-aca9-be8d2b5587c6,,Harold A. Taylor,early 20th century,6300,5100,"flowers,leaves,plant-photography,plants",have
untitled__77d2212d.jpg,77d2212d-e572-43f3-b260-428598eb10c0,,Harold A. Taylor,early 20th century,6300,5100,"flowers,leaves,plant-photography,plants",have
untitled__c763d72b.jpg,c763d72b-88d5-466b-8fd8-68875cdab439,,Harold A. Taylor,early 20th century,6300,5100,"flowers,leaves,plant-photography,plants",have
untitled__238cbfad.jpg,238cbfad-9cd4-49e5-851c-dddf7cd6ceac,,Harold A. Taylor,early 20th century,6300,5100,"flowers,leaves,plant-photography,plants",have
untitled__097a5643.jpg,097a5643-4bc1-4f9f-ba6b-27933f9099d2,,Harold A. Taylor,early 20th century,6300,5100,"flowers,leaves,plant-photography,plants",have
untitled__dd421389.jpg,dd421389-236d-4b9e-85e6-06989a589e07,,Harold A. Taylor,early 20th century,6300,5100,"flowers,leaves,plant-photography,plants",have
untitled__b55cf546.jpg,b55cf546-957e-4d8b-9a84-c7e25873971f,,Harold A. Taylor,early 20th century,6300,5100,"flowers,leaves,plant-photography,plants",have
untitled__32362b9e.jpg,32362b9e-a7dc-4db0-a331-2435cfb953f4,,Harold A. Taylor,early 20th century,6300,5100,"flowers,leaves,plant-photography,plants",have
untitled__0795afd6.jpg,0795afd6-65b5-4185-813b-85354eb6f4bf,,Harold A. Taylor,early 20th century,6300,5100,"flowers,leaves,plant-photography,plants",have
untitled__6c2d4809.jpg,6c2d4809-7940-426c-a35c-e40b2fe04302,,Harold A. Taylor,early 20th century,6300,5100,"flowers,leaves,plant-photography,plants",have
untitled__fa63e2fe.jpg,fa63e2fe-e1f2-460a-abba-40cea950c05a,,Harold A. Taylor,early 20th century,6300,5100,"flowers,leaves,plant-photography,plants",have
untitled__6effc87a.jpg,6effc87a-c098-4702-9baf-0aa8b7f5c67d,,Harold A. Taylor,early 20th century,6300,5100,"flowers,leaves,plant-photography,plants",have
untitled__aefe4bc4.jpg,aefe4bc4-5563-44cc-8584-6c65ea1659ec,,Harold A. Taylor,early 20th century,6300,5100,"flowers,leaves,plant-photography,plants",have
untitled__f6230d42.jpg,f6230d42-341a-47d1-a02b-dbec25e1478e,,Harold A. Taylor,early 20th century,6300,5100,"flowers,leaves,plant-photography,plants,wildflowers",have
untitled__d7141c83.jpg,d7141c83-a38f-4978-9030-169d1610bdfc,,Harold A. Taylor,early 20th century,6300,5100,"flowers,leaves,plant-photography,plants",have
untitled__58f47d07.jpg,58f47d07-596e-4faa-a141-4bd7ef9765a5,,Harold A. Taylor,early 20th century,6300,5100,"flowers,leaves,plant-photography,plants",have
untitled__9a9b291d.jpg,9a9b291d-70f7-461d-af9b-353d07dedc97,,Harold A. Taylor,early 20th century,6300,5100,"flowers,leaves,plant-photography,plants,wildflowers",have
the-roots-of-the-baara__af9a9c99.jpg,af9a9c99-a326-4ad8-8b08-0ce044ce2669,The roots of the Baara,,1559,2618,2855,"plants,trees",have
pernice-partridge__66269439.jpg,66269439-5f3a-4412-9fbe-5ad3fdd8590c,Pernice (partridge),Jacques de Fornazeris,1594,2079,2721,plants,have
fagiano-pheasant__57bb3f7e.jpg,57bb3f7e-d21e-49f0-a4f9-3aa8846678f5,Fagiano (pheasant),Jacques de Fornazeris,1594,2100,2715,plants,have
sacco-marino-pelican__19514aaf.jpg,19514aaf-6ff3-4029-82d2-abbbedde6aa2,Sacco Marino (pelican),Jacques de Fornazeris,1594,2106,2757,plants,have
anatra-saluatica-duck__b815407b.jpg,b815407b-b88c-4dc3-b76c-5d0b4af9a935,Anatra saluatica (duck),Jacques de Fornazeris,1594,2106,2754,"flowers,plants",have
the-kiss-of-judas__05bbe6d9.jpg,05bbe6d9-ae3f-4687-b12b-a86088e11a94,The Kiss of Judas,Aubrey Beardsley,1893,2186,3006,"climbing-plants,plants,trees",have
merlin__35c5f4e1.jpg,35c5f4e1-06e9-4d9b-aba9-a1867db64ddb,Merlin,Aubrey Beardsley,1893–94,2675,2665,plants,have
dreams__a6041d66.jpg,a6041d66-7ff6-4a6c-bd80-b207b5289841,Dreams,Aubrey Beardsley,1894,1882,2578,plants,have
a-suggested-reform-in-ballet-costume-unfinished-drawing__a07aac0c.jpg,a07aac0c-1535-4053-9d72-563a33c75daf,A Suggested Reform in Ballet Costume (Unfinished Drawing),Aubrey Beardsley,1895,3026,3231,"leaves,plants",have
frontispiece__340cc233.jpg,340cc233-0393-435e-ac64-65cf84fe6a2b,Frontispiece,Aubrey Beardsley,1897,2074,3646,"flowers,gardens,plants,trees",have
untitled__53fdb242.jpg,53fdb242-2419-4e3d-9b17-9981647545b1,,Wilhelm Dilich,1598,3195,4744,"botanical-art,flowers,plants",have
untitled__a0af87fb.jpg,a0af87fb-7b6d-4df0-84dd-f88906587cec,,Wilhelm Dilich,1598,3170,4702,"botanical-art,flowers,plants",have
untitled__73f18d07.jpg,73f18d07-8514-4f11-adf8-a4f55a417a96,,Wilhelm Dilich,1598,3200,4707,"botanical-art,flowers,plants",have
untitled__dcf7a383.jpg,dcf7a383-ff3d-4931-8561-8f7b7bb507ac,,Wilhelm Dilich,1598,3164,4688,"botanical-art,flowers,plants",have
untitled__b1d1d2ed.jpg,b1d1d2ed-cc61-4cff-9eb6-f2a60e5c7718,,Wilhelm Dilich,1598,3126,4689,"botanical-art,flowers,plants",have
untitled__ea1c47ea.jpg,ea1c47ea-4916-4875-93ea-d379a1c7359c,,Wilhelm Dilich,1598,3121,4722,"botanical-art,flowers,plants",have
untitled__6e32e1e0.jpg,6e32e1e0-eeb7-482f-ad01-34f0388f5c05,,Wilhelm Dilich,1598,3184,4682,"botanical-art,flowers,plants",have
untitled__1a962dfc.jpg,1a962dfc-f7cc-4ae1-ac4c-fd5e2487edce,,Wilhelm Dilich,1598,3093,4688,"botanical-art,flowers,plants",have
untitled__a1e33db7.jpg,a1e33db7-96b9-4ec1-98dc-2730a0d2fd4c,,Wilhelm Dilich,1598,3104,4710,"botanical-art,flowers,plants",have
untitled__547354f0.jpg,547354f0-9a51-4241-829b-60ac008909a1,,Wilhelm Dilich,1598,6188,4677,"botanical-art,flowers,plants",have
untitled__f28f3d0f.jpg,f28f3d0f-20b9-46db-a908-d4a4a65564c4,,Wilhelm Dilich,1598,3224,4672,"botanical-art,flowers,plants",have
untitled__213c7807.jpg,213c7807-7ac9-4b9f-859b-4985d37dfeb6,,Wilhelm Dilich,1598,3247,4665,"botanical-art,flowers,plants",have
untitled__2100f158.jpg,2100f158-532a-4407-a093-febab7af73cc,,Wilhelm Dilich,1598,4699,3098,"botanical-art,flowers,plants",have
untitled__fd5ead32.jpg,fd5ead32-0b5a-4c3b-a321-a43b1060b09e,,Wilhelm Dilich,1598,6099,4676,"botanical-art,flowers,plants",have
untitled__4e09a08c.jpg,4e09a08c-4a4f-48f4-b588-33dcff07aca3,,Wilhelm Dilich,1598,6201,4679,"botanical-art,flowers,plants",have
untitled__56c7383f.jpg,56c7383f-3fcd-4e3f-a2e0-1950e9fb112c,,Wilhelm Dilich,1598,3137,4688,"botanical-art,flowers,plants",have
untitled__1d2968a8.jpg,1d2968a8-1dc8-47cf-9f54-a2e039e788b7,,Wilhelm Dilich,1598,3236,4672,"botanical-art,flowers,plants",have
untitled__436226a0.jpg,436226a0-2a8b-4181-9aef-060e23a6b615,,Wilhelm Dilich,1598,3198,4689,"botanical-art,flowers,plants",have
untitled__324cd8f9.jpg,324cd8f9-6f92-4be6-a605-0939783bac68,,Wilhelm Dilich,1598,3214,4694,"botanical-art,flowers,plants",have
untitled__74612300.jpg,74612300-4bb7-4abf-ab94-3bab806966bf,,Wilhelm Dilich,1598,6228,4689,"botanical-art,flowers,plants",have
untitled__3570c3bc.jpg,3570c3bc-f144-4539-8d1a-dfb3802dfa3d,,Wilhelm Dilich,1598,6234,4692,"botanical-art,flowers,plants",have
untitled__c6b45c40.jpg,c6b45c40-7114-470a-b5d3-d5092b27ef2d,,Wilhelm Dilich,1598,3172,4711,"botanical-art,flowers,plants",have
untitled__1a725b06.jpg,1a725b06-7bdc-4d10-9e36-3e8898857ae3,,Wilhelm Dilich,1598,6220,4688,"botanical-art,flowers,plants",have
untitled__c1e9ee3a.jpg,c1e9ee3a-838f-4926-a9b7-2722f3d4ac76,,Wilhelm Dilich,1598,6183,4683,"botanical-art,flowers,plants",have
untitled__61bd4bb7.jpg,61bd4bb7-c012-4385-bf9f-2b4cf8acd1e8,,Wilhelm Dilich,1598,6211,4686,"botanical-art,flowers,plants",have
untitled__7f6972e2.jpg,7f6972e2-98d7-43a4-b1f0-a32b4a48c104,,Wilhelm Dilich,1598,6232,4672,"botanical-art,flowers,plants",have
untitled__abf6c4e9.jpg,abf6c4e9-658b-45ed-b13f-edc82e9a2858,,Wilhelm Dilich,1598,6206,4674,"botanical-art,flowers,plants",have
untitled__547251f6.jpg,547251f6-afd4-4729-9ff5-d512713eae04,,Wilhelm Dilich,1598,6184,4694,"botanical-art,flowers,plants",have
untitled__021137b1.jpg,021137b1-8bde-4447-b21a-5d3e41a329ac,,Wilhelm Dilich,1598,3130,4702,"botanical-art,flowers,plants",have
untitled__0675d06d.jpg,0675d06d-6be5-4533-bbef-9e4d4c0a74bf,,Wilhelm Dilich,1598,4698,3218,"botanical-art,flowers,plants",have
untitled__edf0034f.jpg,edf0034f-d389-48ca-8662-b22c22a9b511,,Wilhelm Dilich,1598,4700,3137,"botanical-art,flowers,plants",have
untitled__74908f8d.jpg,74908f8d-293d-4479-a23e-243870ee5e83,,Wilhelm Dilich,1598,4726,3143,"botanical-art,flowers,plants",have
untitled__015f1f04.jpg,015f1f04-8c84-45a0-a845-4f777cd756c6,,Wilhelm Dilich,1598,4688,3194,"botanical-art,flowers,plants",have
untitled__d2474d7f.jpg,d2474d7f-b7b1-43e2-ba3a-0d5d1607927b,,Wilhelm Dilich,1598,6153,4691,"botanical-art,flowers,plants",have
blackberry-unripe-fruits-and-flower-rubus-sectio-rubus__d9a62b64.jpg,d9a62b64-edae-4dc0-9ad2-9c7eb1e2e062,"Blackberry, unripe fruits and flower (Rubus sectio rubus)",Master of Claude de France,ca. 1510–1515,2631,3957,"botanical-art,botanical-illustration,flowers,plants",have
forget-me-not-myosotis-sylvatica__7167bb62.jpg,7167bb62-f509-4e39-93ae-f2897312eded,Forget-me-not (Myosotis sylvatica),Master of Claude de France,ca. 1510–1515,2619,3940,"botanical-art,botanical-illustration,flowers,plants",have
marigold-calendula-arvensis__7d2cc71e.jpg,7d2cc71e-7721-445c-8d6d-d6fc0f299459,Marigold (Calendula arvensis),Master of Claude de France,ca. 1510–1515,2626,3958,"botanical-art,botanical-illustration,flowers,plants",have
chicory-cichorium-intybus__0beae2a6.jpg,0beae2a6-8c4c-4131-9e56-a4ab10cd6c5f,Chicory (Cichorium intybus),Master of Claude de France,ca. 1510–1515,2633,3970,"botanical-art,botanical-illustration,flowers,plants",have
snow-in-summer-cerastium-tomentosum__45762e3e.jpg,45762e3e-f354-4264-8f77-f3aeda5e3ecd,Snow in Summer (Cerastium tomentosum),Master of Claude de France,ca. 1510–1515,2638,3966,"botanical-art,botanical-illustration,flowers,plants",have
dark-mullein-verbascum-nigrum__31dec399.jpg,31dec399-cbdd-4b80-9542-6162111c679e,Dark Mullein (Verbascum nigrum),Master of Claude de France,ca. 1510–1515,2648,3974,"botanical-art,botanical-illustration,flowers,plants",have
hen-and-chicks-sempervivum-tectorum__444ddf84.jpg,444ddf84-34cc-4782-8e67-d606f6e8e8b8,Hen and Chicks (Sempervivum tectorum),Master of Claude de France,ca. 1510–1515,2643,3935,"botanical-art,botanical-illustration,flowers,plants",have
scottish-thistle-onopordium-acanthium__35bb459e.jpg,35bb459e-194b-4ea4-813c-0dd079490b60,Scottish Thistle (Onopordium acanthium),Master of Claude de France,ca. 1510–1515,2633,3955,"botanical-art,botanical-illustration,flowers,plants",have
grapevine-vitis-vinifera__1b116855.jpg,1b116855-8e36-4303-8b61-c459b06cd0d5,Grapevine (Vitis vinifera),Master of Claude de France,ca. 1510–1515,2647,3953,"botanical-art,botanical-illustration,flowers,plants",have
blue-pimpernel-anagallis-foemina__70d2a36a.jpg,70d2a36a-d52d-47db-9444-5d012925f582,Blue Pimpernel (Anagallis foemina),Master of Claude de France,ca. 1510–1515,2613,3904,"botanical-art,botanical-illustration,flowers,plants",have
hazelnut-corylus-avellane__d393d62d.jpg,d393d62d-c1a5-4ce9-87ea-774cfa8399c5,Hazelnut (Corylus avellane),Master of Claude de France,ca. 1510–1515,2607,3883,"botanical-art,botanical-illustration,flowers,plants",have
red-carnation-dianthus-sp__921f5d11.jpg,921f5d11-a31b-433c-9b79-4a283ab2dc42,Red Carnation (Dianthus sp.),Master of Claude de France,ca. 1510–1515,2639,3918,"botanical-art,botanical-illustration,flowers,plants",have
sweet-violet-viola-odorata__c1130b23.jpg,c1130b23-b2f7-4a0b-b71b-b81c8f9c7b2f,Sweet Violet (Viola odorata),Master of Claude de France,ca. 1510–1515,2616,3953,"botanical-art,botanical-illustration,flowers,plants",have
saffron-crocus-crocus-sativus__f7574fe8.jpg,f7574fe8-838b-4c50-b662-d2ba926dae59,Saffron Crocus (Crocus sativus),Master of Claude de France,ca. 1510–1515,2657,3985,"botanical-art,botanical-illustration,flowers,plants",have
st-peter-s-keys-primula-veris__12a888ea.jpg,12a888ea-12d2-45db-9f8d-e5d7ab9ba11b,St. Peter's Keys (Primula veris),Master of Claude de France,ca. 1510–1515,2652,3980,"botanical-art,botanical-illustration,flowers,plants",have
wild-strawberry-fragaria-vesca__3ed986ba.jpg,3ed986ba-59fd-4358-8b27-d88bf24c87c5,Wild Strawberry (Fragaria vesca),Master of Claude de France,ca. 1510–1515,2599,3960,"botanical-art,botanical-illustration,flowers,plants",have
oxeye-daisy-leucanthemum-vulgare__f2b4aa77.jpg,f2b4aa77-8385-4fa2-9a32-b673e48f8047,Oxeye Daisy (Leucanthemum vulgare),Master of Claude de France,ca. 1510–1515,2621,3960,"botanical-art,botanical-illustration,flowers,plants",have
primrose-primula-vulgaris__1a61fb07.jpg,1a61fb07-1f26-4bd2-8f85-440af6a99df7,Primrose (Primula vulgaris),Master of Claude de France,ca. 1510–1515,2619,3973,"botanical-art,botanical-illustration,flowers,plants",have
common-daisy-bellis-perennis__177ceae4.jpg,177ceae4-107d-4cd2-aec2-fde3eba1ccc3,Common Daisy (Bellis perennis),Master of Claude de France,ca. 1510–1515,2619,3967,"botanical-art,botanical-illustration,flowers,plants",have
white-lily-lilium-candidum__cf913671.jpg,cf913671-716b-457f-ae18-ac5aeb5c86b7,White Lily (Lilium candidum),Master of Claude de France,ca. 1510–1515,2611,3960,"botanical-art,botanical-illustration,flowers,plants",have
heart-s-ease-violet-viola-tricolor__86d60d89.jpg,86d60d89-bb53-469d-b1dc-f8d0df6656a0,Heart's Ease Violet (Viola tricolor),Master of Claude de France,ca. 1510–1515,2618,3962,"botanical-art,botanical-illustration,flowers,plants",have
corn-poppy-papaver-rhoeas__e4f005b1.jpg,e4f005b1-f7bc-456d-bc9a-e86bb071b5ec,Corn Poppy (Papaver rhoeas),Master of Claude de France,ca. 1510–1515,2621,3990,"botanical-art,botanical-illustration,flowers,plants",have
cornflower-centaurea-cyanus__b27e1efb.jpg,b27e1efb-204e-440e-b847-a81591a275eb,Cornflower (Centaurea cyanus),Master of Claude de France,ca. 1510–1515,2626,4000,"botanical-art,botanical-illustration,flowers,plants",have
red-catchfly-silene-dioica__6fae42ce.jpg,6fae42ce-3d38-45f1-9992-17cbb1b760ce,Red Catchfly (Silene dioica),Master of Claude de France,ca. 1510–1515,2629,4000,"botanical-art,botanical-illustration,flowers,plants",have
iris-iris-versicolor__79efcafb.jpg,79efcafb-dcbd-41bb-bd60-ee0451a4cdb3,Iris (Iris versicolor),Master of Claude de France,ca. 1510–1515,2639,4000,"botanical-art,botanical-illustration,flowers,plants",have
borage-borago-officinalis__3fb905fa.jpg,3fb905fa-e884-4189-aed0-61a819a02c2e,Borage (Borago officinalis),Master of Claude de France,ca. 1510–1515,2620,3997,"botanical-art,botanical-illustration,flowers,plants",have
snowdrop-galanthus-nivalis__4ad37903.jpg,4ad37903-1814-4ddf-bba0-6fb34dee9e80,Snowdrop (Galanthus nivalis),Master of Claude de France,ca. 1510–1515,2641,4000,"botanical-art,botanical-illustration,flowers,plants",have
dandelion-taraxacum-officinale__1236147c.jpg,1236147c-1361-4ae8-ab50-2112130c9dff,Dandelion (Taraxacum officinale),Master of Claude de France,ca. 1510–1515,2625,4000,"botanical-art,botanical-illustration,flowers,plants",have
foxglove-digitalis-purpurea__96841d30.jpg,96841d30-b76d-4bb0-932e-cfc8aba437d6,Foxglove (Digitalis purpurea),Master of Claude de France,ca. 1510–1515,2577,3995,"botanical-art,botanical-illustration,flowers,plants",have
autumn-buttercup-ranunculus-bullatus__a8ebc286.jpg,a8ebc286-ca41-4dbb-8695-fdef65937731,Autumn Buttercup (Ranunculus bullatus),Master of Claude de France,ca. 1510–1515,2642,4000,"botanical-art,botanical-illustration,flowers,plants",have
st-bernard-s-lily-anthericum-liliago__205db2db.jpg,205db2db-97ec-472a-9279-806525f8fb5a,St. Bernard's Lily (Anthericum liliago),Master of Claude de France,ca. 1510–1515,2567,4000,"botanical-art,botanical-illustration,flowers,plants",have
wild-pea-pisum-sativum__e6cc917e.jpg,e6cc917e-e04c-4229-a879-0e72963934f2,Wild Pea (Pisum sativum),Master of Claude de France,ca. 1510–1515,2633,4000,"botanical-art,botanical-illustration,flowers,plants",have
cultivated-daisy-bellis-perennis__970642d8.jpg,970642d8-9b35-4f7c-9df8-a598577ac00c,Cultivated Daisy (Bellis perennis),Master of Claude de France,ca. 1510–1515,2563,3965,"botanical-art,botanical-illustration,flowers,plants",have
columbine-aquilegia-vulgaris__7f59dff9.jpg,7f59dff9-c13e-4289-ba51-2e14cec3517b,Columbine (Aquilegia vulgaris),Master of Claude de France,ca. 1510–1515,2557,4000,"botanical-art,botanical-illustration,flowers,plants",have
apothecary-rose-rosa-gallica__dc0ff281.jpg,dc0ff281-6edd-4a3b-8cd9-4f2bd45c908c,Apothecary Rose (Rosa gallica),Master of Claude de France,ca. 1510–1515,2669,4000,"botanical-art,botanical-illustration,flowers,plants",have
white-rose-of-york-rosa-alba__fa7443df.jpg,fa7443df-ebdd-40d7-8985-768a0b1146a9,White Rose of York (Rosa alba),Master of Claude de France,ca. 1510–1515,2677,4000,"botanical-art,botanical-illustration,flowers,plants",have
speedwell-veronica-chamaedrys__a94cbb84.jpg,a94cbb84-961e-4f62-bd7c-355012af5f16,Speedwell (Veronica chamaedrys),Master of Claude de France,ca. 1510–1515,2662,4000,"botanical-art,botanical-illustration,flowers,plants",have
fava-bean-fruits-and-flowers-vicia-faba__265b8200.jpg,265b8200-dd7d-4c82-89eb-ece55f2636b0,"Fava Bean, fruits and flowers (Vicia faba)",Master of Claude de France,ca. 1510–1515,2667,4000,"botanical-art,botanical-illustration,flowers,plants",have
snow-in-summer-cerastium-tomentosum__b8f04981.jpg,b8f04981-1cee-4f0f-a695-bd6d9a0ab66d,Snow-in-Summer (Cerastium tomentosum),Master of Claude de France,ca. 1510–1515,2654,4000,"botanical-art,botanical-illustration,flowers,plants",have
untitled__ed3d583c.jpg,ed3d583c-18f1-48ee-ab36-fbde9462eb5a,,Christoph Jamnitzer,1610,4274,3509,"flowers,plants",have
untitled__38508b99.jpg,38508b99-9f6e-4e95-9a28-da561d2869b3,,Christoph Jamnitzer,1610,4240,3432,"flowers,plants",have
vegetation__01023a28.jpg,01023a28-4514-4151-9ded-cef4eb1cc413,Vegetation,Paul Nash,1924,2894,3686,plants,have
bamboo-and-rising-sun__08c9598f.jpg,08c9598f-715d-4b30-bd2d-bf2d0c0a3616,Bamboo and Rising Sun,Kunimaru Utagawa,1829,1329,1500,"leaves,plants",have
poison-hemlock-conium-maculatum-l__3af6674a.jpeg,3af6674a-ca03-4821-bb4b-6479c289598a,Poison hemlock (Conium maculatum L),American Colony,ca. 1900–20,3942,5527,"botany,floral,flowers,herbs,plant-photography,plants,wildflowers",ok
red-purple-iris-iris-helenae-w-barb__d21cd4ea.jpeg,d21cd4ea-7190-49db-93b1-55698f1216af,Red purple Iris (Iris Helenae W. Barb),American Colony,ca. 1900–20,3878,5544,"botany,floral,flowers,herbs,plant-photography,plants,wildflowers",ok
maritime-squill-urginea-maritima-baker__8670c662.jpeg,8670c662-fe1c-4630-a22e-e931aa9eb434,Maritime squill (Urginea maritima Baker),American Colony,ca. 1900–20,3952,5576,"botany,floral,flowers,herbs,plant-photography,plants,wildflowers",ok
red-ranunculus-r-asiaticus-l__d36e37ea.jpeg,d36e37ea-6229-4e1f-a395-f9882d52dab1,Red ranunculus (R. asiaticus L.),American Colony,ca. 1900–20,5741,4285,"botany,floral,flowers,herbs,plant-photography,plants,wildflowers",ok
flowers-of-prickly-sea-lavender__b842648f.jpeg,b842648f-9917-4ba8-aa8f-29da9a21a2b5,Flowers of prickly sea-lavender,American Colony,ca. 1900–20,5797,4316,"botany,floral,flowers,herbs,plant-photography,plants,wildflowers",ok
hollyshock-althaea-rosea-cav__e06387d5.jpeg,e06387d5-21c4-40d0-b876-30113e37420f,Hollyshock (Althaea rosea Cav.),American Colony,ca. 1900–20,5817,4285,"botany,floral,flowers,herbs,plant-photography,plants,wildflowers",ok
bethlehem-star-ornithogalum-fimbriatum-wild__796794f8.jpeg,796794f8-3fac-49b1-8fc2-5a2af6dcbe53,Bethlehem-star (Ornithogalum fimbriatum Wild),American Colony,ca. 1900–20,3924,5579,"botany,floral,flowers,herbs,plant-photography,plants,wildflowers",ok
gladiolus-cornflag-g-segetum-gawl__17afec56.jpeg,17afec56-b6aa-448c-8651-747f32bd3479,"Gladiolus, Cornflag (G. segetum Gawl)",American Colony,ca. 1900–20,3883,5608,"botany,floral,flowers,herbs,plant-photography,plants,wildflowers",ok
tulip-tulipa-montana-lindl__8e53a127.jpeg,8e53a127-d80e-4cb6-abbb-2b8a75555c51,Tulip (Tulipa montana Lindl),American Colony,ca. 1900–20,3889,5585,"botany,floral,flowers,herbs,plant-photography,plants,wildflowers",ok
fritillary-fritillaria-libanotica-boiss__ec4f0047.jpeg,ec4f0047-89f1-450f-acd6-ed4520a7039d,Fritillary (Fritillaria libanotica Boiss.),American Colony,ca. 1900–20,4979,3684,"botany,floral,flowers,herbs,plant-photography,plants,wildflowers",ok
papyrus-at-lake-merom-cyperus-papyrus-l__d569087a.jpeg,d569087a-5e53-4fd3-9d67-a8344dbd78b0,Papyrus at Lake Merom (Cyperus Papyrus L.),American Colony,ca. 1900–20,4982,3648,"botany,floral,flowers,herbs,plant-photography,plants,wildflowers",ok
wild-garlic-allium-ampeloprasum-l__58609226.jpeg,58609226-483f-433d-9d52-6cae2930d0e2,Wild garlic (Allium Ampeloprasum L.),American Colony,ca. 1900–20,4959,3693,"botany,floral,flowers,herbs,plant-photography,plants,wildflowers",ok
wild-pink-onion-allium-trichocoleim-bornm__ed3fe0f2.jpeg,ed3fe0f2-5786-475b-84a3-c8bf587e35d1,Wild pink onion (Allium trichocoleim Bornm.),American Colony,ca. 1900–20,4960,3650,"botany,floral,flowers,herbs,plant-photography,plants,wildflowers",ok
palestine-arums-arum-palaestinum-boiss__ae1800db.jpeg,ae1800db-124b-4dd6-88e6-11fa887d20cb,Palestine arums (Arum palaestinum Boiss),American Colony,ca. 1900–20,3912,5585,"botany,floral,flowers,herbs,plant-photography,plants,wildflowers",ok
tulip-tulipa-precox-ten__273c08bb.jpeg,273c08bb-8a98-4ca2-96ab-f8d95c105696,Tulip (Tulipa precox Ten.),American Colony,ca. 1900–20,4960,3682,"botany,floral,flowers,herbs,plant-photography,plants,wildflowers",ok
yellow-amaryllis-sternbergia-clusiana-gawl__708b062d.jpeg,708b062d-d1e6-4183-a7a0-cb7c28c34924,Yellow amaryllis (Sternbergia Clusiana Gawl),American Colony,ca. 1900–20,5044,3647,"botany,floral,flowers,herbs,plant-photography,plants,wildflowers",ok
yellow-amaryllis-sternbergia-clusiana-gawl__71fd0ca5.jpg,71fd0ca5-e211-4139-bd39-a6793a3b42c3,Yellow amaryllis (Sternbergia Clusiana Gawl),American Colony,ca. 1900–20,5848,4347,"botany,floral,flowers,herbs,plant-photography,plants,wildflowers",ok
clematis-c-cirrhosa-l__093c58a1.jpeg,093c58a1-bbcf-424a-b457-9d7dcdc775da,Clematis (C. cirrhosa L.),American Colony,ca. 1900–20,4981,3648,"botany,floral,flowers,herbs,plant-photography,plants,wildflowers",ok
anemone-showing-the-roots-anemone-coronaria-l__8048a22c.jpeg,8048a22c-ec06-4cd7-838a-83172602a7d3,Anemone showing the roots (Anemone coronaria L.),American Colony,ca. 1900–20,4943,3650,"botany,floral,flowers,herbs,plant-photography,plants,wildflowers",ok
hypecoum-h-grandiflorum-benth__9f216a0b.jpeg,9f216a0b-d829-42dd-b4cd-ee19ff081878,Hypecoum (H. grandiflorum Benth.),American Colony,ca. 1900–20,4980,3678,"botany,floral,flowers,herbs,plant-photography,plants,wildflowers",ok
syrian-poppy-p-syriacum-boiss-et-bl-unidentified-flower__2775ccfd.jpeg,2775ccfd-8158-4c5a-a7ac-c18fb3138e21,Syrian poppy (P. syriacum Boiss. et Bl.); [Unidentified flower],American Colony,ca. 1900–20,4944,3678,"botany,floral,flowers,herbs,plant-photography,plants,wildflowers",ok
wild-peppergrass-l-chalepense-l__ae2e311d.jpeg,ae2e311d-d247-44a2-966b-b67e43439775,Wild peppergrass (L. chalepense L.),American Colony,ca. 1900–20,4906,3704,"botany,floral,flowers,herbs,plant-photography,plants,wildflowers",ok
field-of-erucaria-e-aleppica-gaertn__6c5b2578.jpeg,6c5b2578-727c-4b86-bb6d-e01d4e472111,Field of erucaria (E. aleppica Gaertn.),American Colony,ca. 1900–20,4927,3689,"botany,floral,flowers,herbs,plant-photography,plants,wildflowers",ok
wood-mallow-malva-sylvestris-l__d03a5ce4.jpeg,d03a5ce4-d2c9-4e37-8bd3-0c5a7b67170c,Wood-mallow (Malva sylvestris L.),American Colony,ca. 1900–20,4979,3643,"botany,floral,flowers,herbs,plant-photography,plants,wildflowers",ok
field-of-thoroughwax-bupleurum-subovatum-link__580ba373.jpeg,580ba373-d250-415d-8547-c2087ef64ca9,Field of thoroughwax (Bupleurum subovatum Link),American Colony,ca. 1900–20,4960,3633,"botany,floral,flowers,herbs,plant-photography,plants,wildflowers",ok
field-of-yellow-carrot-daucus-aureus-desf__1bb211f5.jpeg,1bb211f5-1ade-4535-9ef1-3beca132db2b,Field of yellow carrot (Daucus aureus Desf.),American Colony,ca. 1900–20,4962,3647,"botany,floral,flowers,herbs,plant-photography,plants,wildflowers",ok
mandrake-with-fruit-mandragora-officinarum-l__008d8e3b.jpeg,008d8e3b-4378-4dbf-a465-412d0540d0d7,Mandrake with fruit (Mandragora officinarum L.),American Colony,ca. 1900–20,4941,3675,"botany,floral,flowers,herbs,plant-photography,plants,wildflowers",ok
daisy-bellis-silvestris-cyr__8a9570bd.jpeg,8a9570bd-7ce5-4f2f-9d11-8d41c81e4139,Daisy (Bellis silvestris Cyr.),American Colony,ca. 1900–20,4966,3657,"botany,floral,flowers,herbs,plant-photography,plants,wildflowers",ok
field-of-daisies-bellis-silvestris-cyr__12a454b2.jpeg,12a454b2-596a-4aea-a3c4-4ab891774b1a,Field of daisies (Bellis silvestris Cyr.),American Colony,ca. 1900–20,5027,3655,"botany,floral,flowers,herbs,plant-photography,plants,wildflowers",ok
field-of-chamomile-matricaria-chamomilla-l__43b1f8a1.jpeg,43b1f8a1-f3e3-4fc7-8dd7-2148aaf0a59e,Field of chamomile (Matricaria Chamomilla L.),American Colony,ca. 1900–20,5001,3599,"botany,floral,flowers,herbs,plant-photography,plants,wildflowers",ok
field-of-chrysanthemums-c-coronarium-l__05c82cb2.jpeg,05c82cb2-5c57-4d17-8c3a-6c0bd607989e,Field of chrysanthemums (C. coronarium L.),American Colony,ca. 1900–20,4937,3732,"botany,floral,flowers,herbs,plant-photography,plants,wildflowers",ok
chrysanthemum-corn-marigold-c-coronarium-l__9fe050fe.jpeg,9fe050fe-da28-4191-be9d-054971063d2b,"Chrysanthemum, corn-marigold (C. coronarium L.)",American Colony,ca. 1900–20,4981,3658,"botany,floral,flowers,herbs,plant-photography,plants,wildflowers",ok
globe-thistle-echinops-viscosus-l__e4f14695.jpeg,e4f14695-2d39-493f-aa63-f575db02b3da,Globe-thistle (Echinops viscosus L.),American Colony,ca. 1900–20,4925,3672,"botany,floral,flowers,herbs,plant-photography,plants,wildflowers",ok
globe-thistle-large-e-sphaerocephalus-l__2f84ad36.jpeg,2f84ad36-d836-4491-9a85-e4a0cfefec8b,"Globe-thistle, large. (E. sphaerocephalus L.)",American Colony,ca. 1900–20,4960,3696,"botany,floral,flowers,herbs,plant-photography,plants,wildflowers",ok
milk-thistle-silybum-marianum-l-gaertn__cb94664c.jpeg,cb94664c-8c13-4dd9-ad74-141dd53d2527,Milk-thistle. (Silybum Marianum (L.) Gaertn.),American Colony,ca. 1900–20,4962,3703,"botany,floral,flowers,herbs,plant-photography,plants,wildflowers",ok
onopordon-cotton-thistle-o-heteracanthum-c-a-m__aa537090.jpeg,aa537090-2f7e-425e-b738-3105d8891838,Onopordon (cotton-thistle). (O. heteracanthum C. A. M.),American Colony,ca. 1900–20,5014,3691,"botany,floral,flowers,herbs,plant-photography,plants,wildflowers",ok
wild-salsify-scorzonera-papposa-dc__b4b997da.jpeg,b4b997da-8d90-4627-850b-102a3b9ab187,Wild salsify. (Scorzonera papposa DC.),American Colony,ca. 1900–20,5008,3653,"botany,floral,flowers,herbs,plant-photography,plants,wildflowers",ok
hyacinth-squill-scilla-hyacinthoides-l__c233938b.jpeg,c233938b-05f8-4de7-9d72-3745fafbd5af,Hyacinth squill (Scilla hyacinthoides L.),American Colony,ca. 1900–20,5766,4291,"botany,floral,flowers,herbs,plant-photography,plants,wildflowers",ok
gladiolus-g-atroviolaceus-boiss__36c56028.jpeg,36c56028-f004-4647-8434-65aaa3f45aea,Gladiolus (G. atroviolaceus Boiss.),American Colony,ca. 1900–20,5816,4266,"botany,floral,flowers,herbs,plant-photography,plants,wildflowers",ok
caper-capparis-spinosa-l__2e30342d.jpeg,2e30342d-9aba-4465-a919-a59e9cce3543,Caper (Capparis spinosa L.),American Colony,ca. 1900–20,5816,4272,"botany,floral,flowers,herbs,plant-photography,plants,wildflowers",ok
field-of-blue-lupines__b8fe08ed.jpeg,b8fe08ed-b64a-45cf-b4f4-c36397df6941,Field of blue lupines,American Colony,ca. 1900–20,5810,4253,"botany,floral,flowers,herbs,plant-photography,plants,wildflowers",ok
white-mignonette-reseda-alba-l__f213ac85.jpeg,f213ac85-d9cf-46f8-87de-c0df95c30289,White Mignonette (Reseda alba L),American Colony,ca. 1900–20,5842,4310,"botany,floral,flowers,herbs,plant-photography,plants,wildflowers",ok
gundelia-g-tournefortii-l__881c26b0.jpg,881c26b0-a111-4c0c-9f4c-078437ce0c0a,Gundelia (G. Tournefortii L.),American Colony,ca. 1900–20,4953,3711,"botany,floral,flowers,herbs,plant-photography,plants,wildflowers",ok
venus-looking-glass-specularia-sepculum-veneris__591355a5.jpeg,591355a5-da2d-4caa-b679-02b46abd91c9,Venus' looking-glass (Specularia sepculum-veneris),American Colony,ca. 1900–20,3811,5374,"botany,floral,flowers,herbs,plant-photography,plants,wildflowers",ok
tulip-tulipa-montana-lindl__4a89a4ff.jpeg,4a89a4ff-1204-407e-bc08-c95141f3213d,Tulip (Tulipa Montana Lindl),American Colony,ca. 1900–20,3870,5388,"botany,floral,flowers,herbs,plant-photography,plants,wildflowers",ok
unnamed-flower__8ae10dc2.jpeg,8ae10dc2-258e-4f87-937e-a239fff48f04,[Unnamed flower],American Colony,ca. 1900–20,3753,5277,"botany,floral,flowers,herbs,plant-photography,plants,wildflowers",ok
field-of-yellow-carrot-daucus-aureus-desf__e12ae410.jpeg,e12ae410-f8a0-4a8d-bcc0-3282e6464808,Field of yellow carrot (Daucus aureus Desf.),American Colony,ca. 1900–20,3514,3482,"botany,floral,flowers,herbs,plant-photography,plants,wildflowers",ok
gladiolus-cornflag-g-segetum-gawl__0b93bf14.jpeg,0b93bf14-76df-4fed-9038-1774fbe8fa65,"Gladiolus, Cornflag (G. segetum Gawl)",American Colony,ca. 1900–20,3508,3488,"botany,floral,flowers,herbs,plant-photography,plants,wildflowers",ok
papaver-syriacum-boiss-etbl__002beabc.jpg,002beabc-a4d4-48dc-9641-541b84babab8,Papaver Syriacum Boiss. Etbl,American Colony,ca. 1900–20,5847,4335,"botany,floral,flowers,herbs,plant-photography,plants,wildflowers",ok
romulea-r-bulbocodium-l-seb-et-mauri__35c968be.jpeg,35c968be-e400-49ab-8416-8a3e0e0142bc,Romulea (R. Bulbocodium (L.) Seb. et Mauri),American Colony,ca. 1900–20,5002,3727,"botany,floral,flowers,herbs,plant-photography,plants,wildflowers",ok
anemone__9f01bb0e.jpeg,9f01bb0e-a7ec-4301-b332-b8337a4814e4,Anemone,American Colony,ca. 1900–20,5791,4273,"botany,floral,flowers,herbs,plant-photography,plants,wildflowers",ok
yellow-amaryllis-sternbergia-clusiana-gawl__af8b62bc.jpeg,af8b62bc-c23b-4c85-97d3-af3d11251550,Yellow amaryllis (Sternbergia Clusiana Gawl),American Colony,ca. 1900–20,5044,3647,"botany,floral,flowers,herbs,plant-photography,plants,wildflowers",have
gundelia-g-tournefortii-l__cbe2ff3a.jpg,cbe2ff3a-d083-4bb4-9a41-ccebd7fea9c8,Gundelia (G. Tournefortii L.),American Colony,ca. 1900–20,4953,3711,"botany,floral,flowers,herbs,plant-photography,plants,wildflowers",have
untitled__17d2b982.jpeg,17d2b982-e08b-4b13-8c8a-1f76651b7131,,Anne Allen; Jean-Baptiste Pillement,ca. 1790s,3256,4412,plants,have
untitled__3c3e7323.jpeg,3c3e7323-bd34-4efa-bdb8-53cc11d8484b,,Anne Allen; Jean-Baptiste Pillement,ca. 1790s,3140,4260,"foliage,plants",have
untitled__9d8f2ec6.jpeg,9d8f2ec6-cc4c-4324-8072-eabd225a1c9d,,Anne Allen; Jean-Baptiste Pillement,ca. 1790s,3252,4344,"flowers,gardens,plants",have
untitled__a12b1e66.jpeg,a12b1e66-e6bc-4c7f-ae36-1ab4bc46fd24,,Anne Allen; Jean-Baptiste Pillement,ca. 1790s,1740,2354,plants,have
untitled__a9f2f6f8.jpeg,a9f2f6f8-b83e-428a-b83c-268a57224fe5,,Anne Allen; Jean-Baptiste Pillement,ca. 1790s,3305,4488,"gardens,plants",have
untitled__d1d460eb.jpeg,d1d460eb-e2a6-49ff-839d-bcf7bce2db58,,Anne Allen; Jean-Baptiste Pillement,ca. 1790s,3292,4480,"flowers,gardens,plants",have
untitled__d499b8dc.jpeg,d499b8dc-4fb1-4801-a1a5-a1a65fc405da,,Anne Allen; Jean-Baptiste Pillement,ca. 1790s,3340,4472,"foliage,gardens,plants",have
oversize-ljs-419-erbario-university-of-pennsylvania-ca-1400-__13746682.jpg,13746682-5d91-43c7-994d-e81b7fb4d354,"Oversize LJS 419 Erbario (University of Pennsylvania), ca. 1400–1500, f. 39v.",,ca. 15th century,2700,3396,"herbals,plants",have
antonius-musa-herbal-ms-573-wellcome-ca-1225-1275-f-35v__27e3f74a.jpeg,27e3f74a-59de-429d-ab57-2d343959d713,"Antonius Musa, *Herbal*, MS.573 (Wellcome), ca. 1225–1275, f. 35v.",,ca. 1225-1275,3180,3003,"herbals,plants",have
ortus-sanitatis-9413026-nlm-1491-p-254__3cb95ea8.jpeg,3cb95ea8-a82a-4326-8447-6639a40c4ea2,"*Ortus sanitatis*, 9413026 (NLM), 1491, p. 254.",,1491,1248,1752,"herbals,plants",have
o-fft-vnd-vil-habe-ich-by-mir-selbst-betracht-die-wu-n-dersa__520c6fca.jpeg,520c6fca-af0c-40ba-af2e-d9f4c6f384c9,"*[O]fft vnd vil habe ich by mir selbst betracht die wu[n]dersam werck des schepfers der natuer...*, 9412223 (National Library of Medicine), 1485, p. 415.",,1485,2428,3708,"herbals,plants",have
rare-rbr-n-2-1-dumbarton-oaks-research-library-ca-1700-1799-__549c8edb.jpg,549c8edb-0bbf-49d5-8f07-7242f46baf8b,"RARE RBR N-2-1 (Dumbarton Oaks Research Library), ca. 1700–1799, p. 1.",,ca. 1700-99,4556,2940,"herbals,plants",have
engraving-from-atlas-g-ographique-et-iconographique-du-cours__630b0b88.jpg,630b0b88-19c6-40ab-8885-344d34b38e24,"Engraving from *Atlas géographique et iconographique du cours complet d'Écriture sainte*, 1844.",,1844,2684,3718,"herbals,plants",have
herbarium-apuleii-ms-18-yale-medical-library-ca-1400-p-82__7db05e35.jpeg,7db05e35-fc18-48ba-8d4a-0405823edd40,"*Herbarium Apuleii*, Ms. 18 (Yale Medical Library), ca. 1400, p. 82.",,ca. 1400,2100,2178,"herbals,plants",have
oversize-ljs-419-erbario-university-of-pennsylvania-ca-1400-__73f94376.jpg,73f94376-dbf4-4f9f-b00d-862cff23dba6,"Oversize LJS 419 Erbario (University of Pennsylvania), ca. 1400–1500, f. 38v.",,ca. 15th century,2744,3024,"herbals,plants",have
engraving-based-on-plates-1-and-2-from-augustin-calmet-dicti__7efc5a90.jpg,7efc5a90-7cc3-41f0-a77c-0f9d33f31415,"Engraving based on plates 1 and 2 from Augustin Calmet, *Dictionnaire historique, critique, chronologique, géographique et littéral de la Bible*, 1730.",,1730,2364,3464,"herbals,plants",have
johannes-hartlieb-s-kr-uterbuch-2021667734-loc-1462-image-22__a235530e.jpeg,a235530e-9f14-4bf1-9764-080f7bad6a41,"Johannes Hartlieb’s *Kräuterbuch*, 2021667734 (LoC), 1462, image 220.",,1472,3648,4552,"herbals,plants",have
oversize-ljs-419-erbario-university-of-pennsylvania-ca-1400-__b877134b.jpg,b877134b-14ee-47c8-bc5f-c8e83a76447d,"Oversize LJS 419 Erbario (University of Pennsylvania), ca. 1400–1500, f. 36r.",,ca. 15th century,2528,2828,"herbals,plants",have
sloane-ms-1975-bl-ca-1175-1200-f-49r__cbf35082.jpeg,cbf35082-035e-4c53-8ddb-4f984ea0fe7c,"Sloane MS 1975 (BL), ca. 1175–1200, f. 49r.",,ca. 1175-1200,995,1749,"herbals,plants",have
ortus-sanitatis-9413026-nlm-1491-p-256__c06c3e6c.jpg,c06c3e6c-d8bc-4737-9c2a-443febaa0f0e,"*Ortus sanitatis*, 9413026 (NLM), 1491, p. 256.",,1491,1293,1743,"herbals,plants",have
o-fft-vnd-vil-habe-ich-by-mir-selbst-betracht-die-wu-n-dersa__da9efbce.jpeg,da9efbce-efab-4c81-a6e7-dbcab605618e,"*[O]fft vnd vil habe ich by mir selbst betracht die wu[n]dersam werck des schepfers der natuer...*, 9412223 (National Library of Medicine), 1485, p. 417.",,1485,2288,3496,"herbals,plants",have
harley-ms-3736-bl-ca-16th-century-f-59r__d35e8600.jpg,d35e8600-2930-42b3-a270-64f073015c0b,"Harley MS 3736 (BL), ca. 16th century, f. 59r.",,ca. 16th century,1212,1708,"herbals,plants",have
cod-5264-sterreich-nationalbibliothek-ca-1450-f-58v__f2ca51e1.jpg,f2ca51e1-420a-4637-b1d5-8e881821f1ef,"Cod. 5264 (Österreich Nationalbibliothek), ca. 1450, f. 58v.",,ca. 1450,2332,2977,"herbals,plants",have
johannes-hartlieb-kr-uterbuch-in-cod-pal-germ-311-universit-__f0a2fb76.jpg,f0a2fb76-d520-4f51-91d8-2bee780e7626,"Johannes Hartlieb, *Kräuterbuch*, in Cod. Pal. germ. 311 (Universitätsbibliothek Heidelberg), ca. 1455–1460, f. 289v.",,ca. 1455–60,1088,1528,"herbals,plants",have
the-gardener-at-work__e9db8577.jpeg,e9db8577-36c5-4340-b23c-7be8008ab933,The Gardener at Work,Paul Krafft,1907,2218,3351,"gardens,plants",have
villa-chigi__27094324.jpeg,27094324-7b18-46d5-b75b-19dd297e1c8a,Villa Chigi,Maxwell Armfield,1904,2838,4068,"gardens,plants,trees",have
untitled__18e95d33.jpg,18e95d33-e700-4e1f-8308-2558f3ca68f4,,Maria Sibylla Merian,1705,3568,4624,"flora,flowers,leaves,plants",have
untitled__1444ec59.jpg,1444ec59-7cb9-4799-8377-6c52064bdc30,,Maria Sibylla Merian,1705,3664,5048,"flora,flowers,plants",have
untitled__4ae6bfe6.jpg,4ae6bfe6-a778-4fe6-861d-40f968592ff0,,Maria Sibylla Merian,1705,3632,4712,"flora,flowers,plants",have
untitled__5ef2f729.jpg,5ef2f729-b5b0-4526-b75a-9178da9d74b3,,Maria Sibylla Merian,1705,4016,5240,"flora,flowers,leaves,plants",have
untitled__62a1b824.jpg,62a1b824-c85a-4847-a363-c57f6cd462c8,,Maria Sibylla Merian,1705,3902,4952,"flora,flowers,plants",have
untitled__7bf94a69.jpg,7bf94a69-714f-4db9-99ea-c411c802b333,,Maria Sibylla Merian,1705,3552,4632,"botany,flora,flowers,plants",have
untitled__7a96d0bd.jpg,7a96d0bd-214a-4a59-b515-9c3d3bc07036,,Maria Sibylla Merian,1705,3648,4912,"flora,flowers,plants",have
untitled__970804cd.jpg,970804cd-a593-4165-8cc0-ef4257298f5f,,Maria Sibylla Merian,1705,3648,5312,"flora,flowers,leaves,plants",have
untitled__0f8cfbb4.jpg,0f8cfbb4-9625-4ebe-ba88-7f906e0c17ff,,Maria Sibylla Merian,1705,3432,4424,"flora,flowers,plants",have
untitled__0b96d3ac.jpg,0b96d3ac-8cf3-4ffd-865f-f906a2fd7962,,Maria Sibylla Merian,1705,3561,4728,"flora,flowers,plants",have
untitled__a2e530a5.jpg,a2e530a5-a211-4463-bd51-6a508ef0d80e,,Maria Sibylla Merian,1705,3481,4496,"flora,flowers,plants",have
untitled__a4604f29.jpg,a4604f29-c388-45a7-ae47-34b465b86947,,Maria Sibylla Merian,1705,3744,5176,"flora,flowers,leaves,plants",have
untitled__bc50421e.jpg,bc50421e-5689-4211-b117-c2428427f67b,,Maria Sibylla Merian,1705,3360,4488,"flora,flowers,leaves,plants",have
untitled__e9a970df.jpg,e9a970df-cf9b-4df5-af08-5c1fec6dba9d,,Maria Sibylla Merian,1705,3848,5048,"flora,flowers,plants",have
german-ostrich-fern-frond__613d6da6.jpg,613d6da6-46ab-4e5d-b762-bdc5f2a5cc7e,German Ostrich Fern Frond,Karl Blossfeldt,1928,1153,1500,plants,have
american-maiden-hair-fern-fronds__ba639772.jpg,ba639772-d92c-4203-ad02-890d443598da,American Maiden-hair Fern Fronds,Karl Blossfeldt,1928,1153,1500,"botany,plants",have
prickly-shield-fern__96ec284a.jpg,96ec284a-e264-4899-b242-0185be727617,Prickly Shield–Fern,Karl Blossfeldt,1928,1153,1500,plants,have
untitled__4b94801d.jpeg,4b94801d-9ae1-4dc9-be0f-e642cd5256c7,,Madame B,ca. 1870s,3000,2116,plants,have
untitled__5b65d210.jpeg,5b65d210-4ff9-457e-8452-388e390ef597,,Madame B,ca. 1870s,3000,2065,plants,have
i-expand-and-live-in-the-warm-day-like-corn-melons__83a13562.jpg,83a13562-633b-4142-84cc-705a13e694d1,"“I expand and live in the warm day, like corn & melons”",C. P. Cranch,ca. 1837–9,2398,3064,"foliage,plants",have
pine-tuft-caterpillar-and-porcelain-white-spider__66e534ea.jpg,66e534ea-3a5c-4609-a64c-698c8a820367,Pine-Tuft Caterpillar and Porcelain-White Spider,Gerald H. Thayer,1909,1192,1500,"leaves,plants,trees",have
various-caterpillars-some-passing-for-the-leaves-on-which-th__a95d4dbb.jpg,a95d4dbb-d98a-46e2-bfe9-46345ddf8968,"Various caterpillars, some passing for the leaves on which they are feeding",Gerald H. Thayer,1909,1164,1500,"leaves,plants,trees",have
luna-caterpillar-and-sphinx-caterpillar__c94d802f.jpg,c94d802f-9b09-49a3-8686-8f73107954b8,Luna Caterpillar and Sphinx Caterpillar,Gerald H. Thayer,1909,1217,1500,"leaves,plants,trees",have
unspotted-beach-leaf-edge-oak-leaf-edge-and-crumpled-and-wit__d37020b7.jpg,d37020b7-3aeb-4837-b60d-737f123ddd90,"Unspotted Beach-Leaf-Edge , Oak-Leaf-Edge, and Crumpled-and-Withered-Leaf-Edge-Mimicking Caterpillars.",Gerald H. Thayer,1909,1127,1500,"leaves,plants,trees",have
crumped-leaf-caterpillar-and-curled-dead-leaf-mimicking-sphi__e1d6fd35.jpg,e1d6fd35-4dec-4296-a0b7-491040470854,"Crumped-Leaf Caterpillar and Curled-Dead-Leaf-Mimicking Sphinx Caterpillar, in Position",Gerald H. Thayer,1909,1299,1500,"leaves,plants,trees",have
the-circumnutation-of-a-young-carnation-leaf-dianthus-caryop__d737afae.jpeg,d737afae-a17a-4aea-baf8-f5fc7c324fba,The circumnutation of a young carnation leaf (_Dianthus caryophyllus_) across a three-day period in June,Charles Darwin,1896,861,659,plants,have
an-ivory-sarcophagus-containing-two-perfectly-preserved-corp__1409a0d7.jpeg,1409a0d7-3da4-464e-92fc-13194b00eaf5,"An ivory sarcophagus, containing two perfectly preserved corpses",,1499,1632,1260,plants,have
untitled__565dd9e7.jpg,565dd9e7-2d08-490d-8595-b1f5b4e6c70e,,John Bingley Garland,ca. 1850–60,1826,1382,plants,have
untitled__60f84a4e.jpg,60f84a4e-1bfb-4d51-9b76-45a723c80e72,,John Bingley Garland,ca. 1850–60,1848,1519,plants,have
untitled__7fdca472.jpg,7fdca472-48e7-4e96-880a-82e45b6f1ff1,,John Bingley Garland,ca. 1850–60,1864,1527,plants,have
untitled__087bfab4.jpg,087bfab4-57f2-4eb6-8839-6a7ae97e64da,,John Bingley Garland,ca. 1850–60,1849,1478,"flowers,plants",have
ivy-silver-poplar__2ce7983d.jpg,2ce7983d-f7f1-45a5-ac5f-2c09aa337f76,Ivy; Silver Poplar,,1864,811,1400,"botany,flowers,leaves,plants",have
magnolia-glauca__4b497307.jpg,4b497307-9ecf-458a-91d4-5ec4d1b05828,Magnolia Glauca,,1864,806,1400,"botany,flowers,leaves,plants",have
holly-hydrangea-hortensia-hydrangea-quercifolia-or-oak-leave__5380d423.jpg,5380d423-21bf-4823-819c-d06857669f68,"Holly; Hydrangea Hortensia; Hydrangea Quercifolia, or Oak-Leaved Hydrangea",,1864,879,1400,"botany,flowers,leaves,plants",have
norway-maple-acer-platanoides-english-ash__5fee26fa.jpg,5fee26fa-c19b-4a2e-a048-b5ee18dd8127,Norway Maple (*Acer platanoides*); English Ash,,1864,875,1400,"botany,flowers,leaves,plants",have
dwarf-pear-everlasting-pea-or-chichling-vetch-lathyrus__9f25a949.jpg,9f25a949-1871-4ec9-8448-742044d8f7bd,"Dwarf Pear; Everlasting Pea, or Chichling Vetch (*Lathyrus*)",,1864,878,1400,"botany,flowers,leaves,plants",have
willow-ivy__0a639905.jpg,0a639905-71c1-4a06-8791-c8fcc214deb7,Willow; Ivy,,1864,883,1400,"botany,flowers,leaves,plants",have
american-swamp-magnolia-magnolia-glauca-wild-hop-ptelia-trif__a1f1399b.jpg,a1f1399b-0ec1-47b5-a355-27d02d29e3a3,American Swamp Magnolia (*Magnolia glauca*); Wild Hop (*Ptelia trifoliata*); Silver Poplar (*Abele*),,1864,876,1400,"botany,flowers,leaves,plants",have
european-sycamore-acer-pseudo-platanus-rose-deutzia-scabra-o__b43cd33e.jpg,b43cd33e-c575-406d-9d28-a74f74ef9329,"European Sycamore (*Acer pseudo-platanus*); Rose; Deutzia Scabra, or Rough-Leaved Deutzia",,1864,887,1400,"botany,flowers,leaves,plants",have
stramonium__bbe8766d.jpg,bbe8766d-5ca1-469e-8a64-8300e8dae4f6,Stramonium,,1864,792,1400,"botany,flowers,leaves,plants",have
maple-leaves-in-a-bubble__c77f4763.jpg,c77f4763-474a-42a2-9d61-25a69a5c8c84,Maple Leaves in a Bubble,,1878,1451,1400,plants,have
creation__249950a7.jpeg,249950a7-f3e5-4b03-b990-dcfec48d317e,Creation,,ca. 1330,920,1247,plants,have
the-first-five-signs-before-judgement-day__a6253a0c.jpeg,a6253a0c-726e-4e9e-ba9a-7519e5b1c93f,The first five signs before Judgement Day,,ca. 1330,959,1313,plants,have
annie-kittridge-and-grace-march-1899__16963d0f.jpg,16963d0f-a2c3-42c2-8ce2-250749727520,"“Annie Kittridge and Grace, March 1899.”",Theresa Babb,1899,1388,1400,plants,have
kimono-design__135b004c.jpeg,135b004c-5adf-4d3b-a3b8-a0b6da88f5e2,Kimono design,Ueno Seikō,ca. 1902,698,958,"flora,plants",have
kimono-design__785c6395.jpeg,785c6395-2603-4d89-9245-5d7623506bf2,Kimono design,Ueno Seikō,ca. 1902,696,976,"flowers,foliage,plants",have
untitled__49963a97.jpg,49963a97-c9ec-4715-83fc-9326d51ceb22,,Martin Gerlach,1897,1031,1400,plants,have
untitled__4da52d51.jpg,4da52d51-632d-4bb0-bda4-0d1706ab9e44,,Martin Gerlach,1897,1036,1400,plants,have
untitled__4a569767.jpg,4a569767-27a1-4f7d-96d2-be7eba8c40cb,,Martin Gerlach,1897,1400,1043,"botany,flora,plants",have
untitled__4ccc9345.jpg,4ccc9345-9b7f-4efc-bd26-be6847dfa3b1,,Martin Gerlach,1897,1400,1037,"flora,flowers,plants",have
untitled__448be463.jpg,448be463-ef81-4ac2-9b18-abddecd06123,,Martin Gerlach,1897,1039,1400,"botany,flora,leaves,plants",have
untitled__49bc82f8.jpg,49bc82f8-e1af-4f0d-97b9-060c1411aa86,,Martin Gerlach,1897,1400,1015,"floral,plants",have
untitled__67a3fe22.jpg,67a3fe22-56bd-4e28-a231-275dc3df3247,,Martin Gerlach,1897,1400,1035,plants,have
untitled__6630d5fa.jpg,6630d5fa-8720-440f-8ad1-df0491e05456,,Martin Gerlach,1897,1023,1400,"botany,flora,foliage,plants",have
untitled__6242c9f3.jpg,6242c9f3-6267-40c5-a1b4-889045472b21,,Martin Gerlach,1897,1047,1400,"botany,floral,leaves,plants",have
untitled__80768347.jpg,80768347-22b3-402a-9491-8cfeedf7b30d,,Martin Gerlach,1897,1043,1400,"botany,flora,flowers,plants",have
untitled__92072e6b.jpg,92072e6b-ed02-4262-b1e0-a9918b8aeb60,,Martin Gerlach,1897,1040,1400,"flowers,plants",have
untitled__0dcea6ba.jpg,0dcea6ba-a5cc-4ded-8e53-9bf13c3895fb,,Martin Gerlach,1897,1042,1400,plants,have
untitled__0ff2e483.jpg,0ff2e483-ee33-4fd4-91c0-617c08bf2126,,Martin Gerlach,1897,1043,1400,"leaves,plants",have
untitled__a4965fb7.jpg,a4965fb7-dc8c-43b1-8c22-7ae0d84ee068,,Martin Gerlach,1897,1035,1400,"botany,leaves,plants",have
untitled__a2f6f5db.jpg,a2f6f5db-9819-4628-84c5-1d96ca7b85b0,,Martin Gerlach,1897,1400,1027,"botany,flowers,leaves,plants",have
untitled__afded7a3.jpg,afded7a3-24b3-473f-bef4-9d0d750ba016,,Martin Gerlach,1897,1044,1400,plants,have
untitled__c91e4a94.jpg,c91e4a94-3acb-4196-8c0e-2fa7914c039d,,Martin Gerlach,1897,1400,1037,plants,have
untitled__c07dc4b2.jpg,c07dc4b2-351c-4330-b563-e976fc76f9b2,,Martin Gerlach,1897,1043,1400,"botany,flowers,plants",have
untitled__d2dd3c1b.jpg,d2dd3c1b-a6ad-4355-9e5a-12c723895ca5,,Martin Gerlach,1897,1041,1400,"botany,flora,flowers,plants",have
untitled__d6532070.jpg,d6532070-2f97-435e-a4d7-a159694f2e70,,Martin Gerlach,1897,1041,1400,plants,have
untitled__eb043f0e.jpg,eb043f0e-c111-4382-834f-73135cd41eda,,Martin Gerlach,1897,1039,1400,"flora,flowers,plants",have
untitled__f0dfcff6.jpg,f0dfcff6-6472-4cfd-b7fe-3cc2d7b9d7da,,Martin Gerlach,1897,1400,1036,"foliage,plants",have
untitled__f7f95689.jpg,f7f95689-4826-45a0-b88b-ed0e12f22c3d,,Martin Gerlach,1897,1038,1400,plants,have
a-caught-tendril-of-bryonia-dioica-spirally-contracted-in-re__8546884c.jpg,8546884c-248b-469d-9d26-719d5af8990b,"A Caught Tendril of *Bryonia dioica*, Spirally Contracted in Reversed Directions",James Bell Pettigrew,1875,1400,728,plants,have
advertisement-for-franklin-barrett-s-fish__487f08a5.jpg,487f08a5-6ec2-4ba9-b628-e39f0322a468,Advertisement for Franklin Barrett's Fish,,1913,2448,3576,plants,have
full-moon-with-white-rabbit__a53a0f4b.jpg,a53a0f4b-6ceb-43db-a288-1377afc58367,Full Moon with White Rabbit,Ohara Koson,ca. 1920,551,1000,plants,have
untitled__48723d73.jpg,48723d73-7a83-4024-bcf8-e60495fc3865,,Elias Ashmole,1652,1192,1200,plants,have
untitled__122b5fc7.jpeg,122b5fc7-fd1f-4f6c-9050-cbe07139c481,,,15th century,797,1148,"flora,herbals,leaves,plants",have
untitled__171ad29c.jpeg,171ad29c-4ba0-4cb7-adac-31fdc8b026d4,,,15th century,814,1140,"flora,herbals,leaves,plants",have
untitled__2aa30ebc.jpeg,2aa30ebc-36c2-4f5b-ab35-1c1e0b77f5be,,,15th century,793,1152,"flora,herbals,leaves,plants",have
untitled__21feba49.jpeg,21feba49-ed7e-4e1b-906f-78f6dad07d6c,,,15th century,650,942,"flora,herbals,leaves,plants",have
untitled__2f59126d.jpeg,2f59126d-9d2f-4051-bec3-bfda73daabdd,,,15th century,835,1146,"flora,herbals,leaves,plants",have
untitled__302902d5.jpeg,302902d5-7114-4311-8e4d-2400d61deed7,,,15th century,786,1147,"flora,herbals,leaves,plants",have
untitled__36bf945c.jpeg,36bf945c-2fe7-48d0-be30-366eb43e3c32,,,15th century,793,1154,"flora,herbals,leaves,plants",have
untitled__3073c28b.jpeg,3073c28b-9cf7-441f-a5a8-5a7f4abf2ee9,,,15th century,644,845,"flora,herbals,leaves,plants",have
untitled__32de6398.jpeg,32de6398-ad46-42a2-8a91-159efc3c2c25,,,15th century,822,1135,"flora,herbals,leaves,plants",have
untitled__42fb6bc1.jpeg,42fb6bc1-a24b-42ee-a43a-0410aa931f46,,,15th century,798,1146,"flora,herbals,leaves,plants",have
untitled__4f51d38b.jpeg,4f51d38b-2c6c-4a86-996e-8805373d96fb,,,15th century,670,725,"flora,herbals,leaves,plants",have
untitled__4b56f7cb.jpeg,4b56f7cb-7a80-48ab-9aaa-d9b8f6659dcd,,,15th century,892,1104,"flora,herbals,leaves,plants",have
untitled__54b5cf0f.jpeg,54b5cf0f-2b02-409d-97ab-0ed68010481a,,,15th century,1153,1271,"flora,herbals,leaves,plants",have
untitled__52382435.jpeg,52382435-e904-4a96-b923-1ab4121a2c11,,,15th century,742,868,"flora,herbals,leaves,plants",have
untitled__5817965b.jpeg,5817965b-cc5e-476d-819a-db245234cf06,,,15th century,818,1139,"flora,herbals,leaves,plants",have
untitled__60217872.jpeg,60217872-9bdb-4e13-a706-81d0a57ab34c,,,15th century,813,1058,"flora,herbals,leaves,plants",have
untitled__6405b33a.jpeg,6405b33a-f7a7-41fb-8a2b-2a074ff0d338,,,15th century,754,922,"flora,herbals,leaves,plants",have
untitled__656567fd.jpeg,656567fd-cc45-4df1-af5c-932efef59aea,,,15th century,2634,3018,"flora,herbals,leaves,plants",have
untitled__64d572fe.jpeg,64d572fe-7c98-4dc0-85ff-6ea510bb5326,,,15th century,2744,3828,"flora,herbals,leaves,plants",have
untitled__7d5d68c7.jpeg,7d5d68c7-a9af-478c-8a4a-0eea0eb02ef8,,,15th century,807,1160,"flora,herbals,leaves,plants",have
untitled__73fc623d.jpeg,73fc623d-dd23-402e-958d-c8ecb7b5e06b,,,15th century,900,932,"herbals,plants",have
untitled__782f80ab.jpeg,782f80ab-bac3-42e1-90c0-233a89bccdb4,,,15th century,738,905,"flora,herbals,leaves,plants",have
untitled__80404445.jpeg,80404445-8e71-427b-bf9b-888385d69208,,,15th century,732,725,"flora,herbals,leaves,plants",have
untitled__87537495.jpeg,87537495-ac07-4f1c-b2fa-62aed79452cb,,,15th century,737,871,"flora,herbals,leaves,plants",have
untitled__88d689b4.jpeg,88d689b4-38e5-473f-b6cc-b9a54eb766a2,,,15th century,755,807,"flora,herbals,leaves,plants",have
untitled__920d10c7.jpeg,920d10c7-84be-4e9d-8ab0-10875589f52c,,,15th century,736,809,"flora,herbals,leaves,plants",have
untitled__95e93ef4.jpeg,95e93ef4-a349-4dbd-99db-361f274507c2,,,15th century,776,920,"flora,herbals,leaves,plants",have
untitled__9b70f6e4.jpeg,9b70f6e4-7702-4cd6-b083-d25a5dfec9a4,,,15th century,738,955,"herbals,plants",have
untitled__96280fdf.jpeg,96280fdf-0cc1-4331-b551-948df26df7ea,,,15th century,710,807,"flora,herbals,leaves,plants",have
untitled__97728d22.jpeg,97728d22-ac87-472d-a1de-22e778b75d69,,,15th century,732,835,"flora,herbals,leaves,plants",have
untitled__96e834d5.jpeg,96e834d5-e4a5-4f5d-81af-7bbc8687a5ce,,,15th century,804,1015,"flora,herbals,leaves,plants",have
untitled__98f011c2.jpeg,98f011c2-cfe6-4b6d-afc0-fc0d4e19da1c,,,15th century,810,863,"flora,herbals,leaves,plants",have
untitled__9b77752c.jpeg,9b77752c-45fe-4b69-ba6d-44a02f324c2c,,,15th century,829,1142,"flora,herbals,leaves,plants",have
untitled__03da2826.jpeg,03da2826-f086-4f11-b547-ed27b53b4030,,,15th century,805,732,"flora,herbals,leaves,plants",have
untitled__affd4b2c.jpeg,affd4b2c-d193-4805-9eb3-ad6398a783cc,,,15th century,900,1162,"herbals,plants",have
untitled__aeeee708.jpeg,aeeee708-d909-47b5-8422-b70b491bded7,,,15th century,758,982,"flora,herbals,leaves,plants",have
untitled__aea6160b.jpeg,aea6160b-a1cc-45b1-9fc3-08177c69129c,,,15th century,759,815,"flora,herbals,leaves,plants",have
untitled__a6c7f3d7.jpeg,a6c7f3d7-1fcb-45ff-855c-6de9c901ac24,,,15th century,800,715,"flora,herbals,leaves,plants",have
untitled__a84cac4e.jpeg,a84cac4e-3ea3-4e27-9081-0e50d1dcc3b5,,,15th century,786,923,"flora,herbals,leaves,plants",have
untitled__af2cf9f5.jpeg,af2cf9f5-3695-4723-bf96-e7d5f9b7e5b1,,,15th century,743,840,"flora,herbals,leaves,plants",have
untitled__a893802c.jpeg,a893802c-c731-429e-a11d-61b0ccc55ad9,,,15th century,827,1138,"flora,herbals,leaves,plants",have
untitled__bdf3d8e4.jpeg,bdf3d8e4-4c3b-4255-96b3-96ccb5666e38,,,15th century,791,1158,"flora,herbals,leaves,plants",have
untitled__b12a3d73.jpeg,b12a3d73-9d3e-4ee2-88c6-1839e2714f81,,,15th century,790,1154,"flora,herbals,leaves,plants",have
untitled__bdf66f8e.jpeg,bdf66f8e-ef77-402b-ab4e-45ea26ebe48e,,,15th century,801,1149,"flora,herbals,leaves,plants",have
untitled__b8708ead.jpeg,b8708ead-d8ea-4cb5-853f-23344d500c6f,,,15th century,814,1018,"flora,herbals,leaves,plants",have
untitled__be48331f.jpeg,be48331f-3f99-4bde-a6f5-c3e7f087835b,,,15th century,802,1106,"flora,herbals,leaves,plants",have
untitled__b6a5ea15.jpeg,b6a5ea15-2d90-437b-ba1d-0f606311f6ae,,,15th century,2538,2644,"flora,herbals,leaves,plants",have
untitled__c112f270.jpeg,c112f270-1f4c-4038-bcec-6d55fdabb6d3,,,15th century,762,1093,"flora,herbals,leaves,plants",have
untitled__ceeac115.jpeg,ceeac115-937d-4b6a-9f84-ddb1d060242d,,,15th century,807,1133,"flora,herbals,leaves,plants",have
untitled__c3490d70.jpeg,c3490d70-5017-449e-8027-e8ffd8b13212,,,15th century,742,828,"flora,herbals,leaves,plants",have
untitled__c67ebdbc.jpeg,c67ebdbc-c156-4cb7-80b5-4527b4ba1b0a,,,15th century,824,1133,"flora,herbals,leaves,plants",have
untitled__c73e681a.jpeg,c73e681a-5cf9-490c-b3ba-048be21e6d7b,,,15th century,759,816,"flora,herbals,leaves,plants",have
untitled__d46b2842.jpeg,d46b2842-6363-44b7-a498-2d111753eda0,,,15th century,733,921,"flora,herbals,leaves,plants",have
untitled__dcdbc6e8.jpeg,dcdbc6e8-39b9-4787-8156-83a5c2b7d211,,,15th century,2208,2702,"flora,herbals,leaves,plants",have
untitled__e6cb2aaa.jpeg,e6cb2aaa-6833-41f2-9a9b-b572947bfc1d,,,15th century,708,870,"flora,herbals,leaves,plants",have
untitled__f74cbafe.jpeg,f74cbafe-74cb-499c-a3be-061c3c081cb5,,,15th century,803,1154,"flora,herbals,leaves,plants",have
untitled__fdb191b6.jpeg,fdb191b6-bbf9-4666-bab9-be793a9cb4a3,,,15th century,679,861,"flora,herbals,leaves,plants",have
untitled__feeb6cb4.jpeg,feeb6cb4-aea9-4b25-a7a8-f95679051c43,,,15th century,736,855,"flora,herbals,leaves,plants",have
the-hunters-enter-the-woods__196a07ce.jpg,196a07ce-74cb-4b3a-a00a-e0ec4a48b11a,The Hunters Enter the Woods,,1495–1505,716,800,plants,have
arthbroomia-rigida__1c1ee1d2.jpg,1c1ee1d2-e311-4bf8-b344-34543aa5c1b6,Arthbroomia Rigida,Edward Lear,1888,508,800,"botany,flora,flowers,plants",have
piggiwiggia-pyramidalis__1891691e.jpg,1891691e-030b-4223-9d85-55540ce34b99,Piggiwiggia Pyramidalis,Edward Lear,1888,508,800,"botany,flora,flowers,plants",have
tigerlillia-terribilis__30b29769.jpg,30b29769-669a-4728-874f-d8c4138a6352,"Tigerlillia  
Terribilis",Edward Lear,1888,508,800,"botany,flora,flowers,plants",have
jinglia-tinkettlia__3b772911.jpg,3b772911-edb1-4768-b61a-a505baed86c7,Jinglia Tinkettlia,Edward Lear,1888,508,800,"botany,flora,flowers,plants",have
minpsysia-deliciosa__485714eb.jpg,485714eb-64de-4e64-a7ea-7c8588f6824e,"Minpsysia  
Deliciosa",Edward Lear,1888,508,800,"botany,flora,flowers,plants",have
guittara-pensilis__4b7edf3c.jpg,4b7edf3c-c7eb-4b0e-9e39-399ad679af6d,Guittara Pensilis,Edward Lear,1888,508,800,"botany,flora,flowers,plants",have
smalltoothcombia-domestica__587bb727.jpg,587bb727-cb01-449e-a3c6-7f6038509405,Smalltoothcombia Domestica,Edward Lear,1888,508,800,"botany,flora,flowers,plants",have
fishia-marina__51eae134.jpg,51eae134-cfda-49b3-8b65-51008b5e6b49,Fishia Marina,Edward Lear,1888,508,800,"botany,flora,flowers,plants",have
armchairia-comfortabilis__69e9f9bb.jpg,69e9f9bb-4c57-4b22-9f30-fb88221ec020,Armchairia Comfortabilis,Edward Lear,1888,508,800,"botany,flora,flowers,plants",have
enkoopia-chickabiddia__624b4495.jpg,624b4495-a3c4-4a97-8c7b-8918c07de3c6,Enkoopia Chickabiddia,Edward Lear,1888,508,800,"botany,flora,flowers,plants",have
phattfacia-stupenda__61f7155f.jpg,61f7155f-ced7-4ef5-a1ae-ae21d832cf55,Phattfacia Stupenda,Edward Lear,1888,508,800,"botany,flora,flowers,plants",have
manypeeplia-upsidownia__6c3e163e.jpg,6c3e163e-af3f-4d64-af11-1c89ca5016d4,Manypeeplia Upsidownia,Edward Lear,1888,508,800,"botany,flora,flowers,plants",have
baccopipia-gracilis__6c12515a.jpg,6c12515a-08cb-4424-b2a5-02c9008e9281,Baccopipia Gracilis,Edward Lear,1888,508,800,"botany,flora,flowers,plants",have
bottlephorkia-spoonifolia__70336a31.jpg,70336a31-a376-4d1e-9d03-6b768de0b543,Bottlephorkia Spoonifolia,Edward Lear,1888,508,800,"botany,flora,flowers,plants",have
stunnia-dinnerbellia__895853fa.jpg,895853fa-0369-4407-8fe6-d23b2180c0fa,"Stunnia  
Dinnerbellia",Edward Lear,1888,508,800,"botany,flora,flowers,plants",have
shoebootia-utilis__8f212f99.jpg,8f212f99-cb38-4182-8826-5e591daee611,"Shoebootia  
Utilis",Edward Lear,1888,508,800,"botany,flora,flowers,plants",have
queeriflora-baby-ides__9d2b85b9.jpg,9d2b85b9-2048-4c01-9677-a9293222102c,Queeriflora Babyöides,Edward Lear,1888,508,800,"botany,flora,flowers,plants",have
barkia-howlaloudia__9da0293a.jpg,9da0293a-bae6-421b-915d-35ff3123d59f,"Barkia  
Howlaloudia",Edward Lear,1888,508,800,"botany,flora,flowers,plants",have
puffia-leatherb-llowsa__cc703dee.jpg,cc703dee-95c0-436d-b6c7-7967f4337f78,"Puffia  
Leatherbéllowsa",Edward Lear,1888,508,800,"botany,flora,flowers,plants",have
tickia-orologica__d67d5829.jpg,d67d5829-4e1c-408f-b735-4d88bdfb7ef1,Tickia Orologica,Edward Lear,1888,508,800,"botany,flora,flowers,plants",have
pollybirdia-singularis__da2e69a3.jpg,da2e69a3-cbd7-47c3-8b0b-eb0102190568,Pollybirdia Singularis,Edward Lear,1888,508,800,"botany,flora,flowers,plants",have
untitled__1cff6909.jpg,1cff6909-d3cf-4643-a62e-e07f925d95a0,,Karl Blossfeldt,1928,608,800,plants,have
untitled__14235ed0.jpg,14235ed0-6011-44a5-aafe-f96ac2356ebd,,Karl Blossfeldt,1928,591,800,plants,have
untitled__1a87b5d9.jpg,1a87b5d9-1868-4242-b6ac-857262975931,,Karl Blossfeldt,1928,606,800,plants,have
untitled__28757466.jpg,28757466-14d5-4d37-969d-732744a53521,,Karl Blossfeldt,1928,1054,802,plants,have
untitled__351b15fc.jpg,351b15fc-3c5e-47f0-bdbd-5c5389f8da41,,Karl Blossfeldt,1928,1082,826,plants,have
untitled__309cf465.jpg,309cf465-8ac6-4f98-ad7a-3274c219744c,,Karl Blossfeldt,1928,1079,801,plants,have
untitled__36358a58.jpg,36358a58-b3fc-40a0-8527-179e5b880efe,,Karl Blossfeldt,1928,1067,792,plants,have
untitled__32a7350f.jpg,32a7350f-566b-4ac1-a638-6abe4fe3c915,,Karl Blossfeldt,1928,609,800,plants,have
untitled__32a29548.jpg,32a29548-6383-45cf-b85c-24237f71a23b,,Karl Blossfeldt,1928,614,800,plants,have
untitled__3f8ed506.jpg,3f8ed506-6fb4-47fd-b9eb-ae8adb01e6be,,Karl Blossfeldt,1928,608,800,plants,have
untitled__42f0d641.jpg,42f0d641-f581-44a8-a911-c4216f72109a,,Karl Blossfeldt,1928,599,800,plants,have
untitled__45e3f017.jpg,45e3f017-2617-4b2b-82d4-2aedbcf76122,,Karl Blossfeldt,1928,611,800,plants,have
untitled__49fe588a.jpg,49fe588a-9e05-4da6-b294-3bc557457385,,Karl Blossfeldt,1928,580,800,plants,have
untitled__71754620.jpg,71754620-b001-40cb-9ff6-cf400c132251,,Karl Blossfeldt,1928,604,800,plants,have
untitled__8478a8c0.jpg,8478a8c0-fbad-4bc5-8cef-35791a541d7d,,Karl Blossfeldt,1928,1079,820,plants,have
untitled__97c842f8.jpg,97c842f8-239a-4b44-a7cd-5df4252382da,,Karl Blossfeldt,1928,605,799,plants,have
untitled__9b676412.jpg,9b676412-24e5-4d61-94ac-35ee10c508ba,,Karl Blossfeldt,1928,593,799,plants,have
untitled__0fc78321.jpg,0fc78321-d428-4d9b-a82a-dac618cfca76,,Karl Blossfeldt,1928,595,800,plants,have
untitled__09e30fec.jpg,09e30fec-bdbc-4342-b495-591679f308bd,,Karl Blossfeldt,1928,607,800,plants,have
untitled__0e5dc0f7.jpg,0e5dc0f7-7827-4c9e-b4c9-140fa4218b10,,Karl Blossfeldt,1928,1082,821,plants,have
untitled__b3465e37.jpg,b3465e37-0cd7-420a-9095-059deb0a2915,,Karl Blossfeldt,1928,1082,802,plants,have
untitled__b22ac81c.jpg,b22ac81c-fa54-4326-bfbd-98360c6e77ba,,Karl Blossfeldt,1928,1060,794,plants,have
untitled__b4f422fc.jpg,b4f422fc-2a79-4b44-9b7d-d274dded5ccc,,Karl Blossfeldt,1928,607,799,plants,have
untitled__b918fbf4.jpg,b918fbf4-2b61-481e-8ff6-05845053d234,,Karl Blossfeldt,1928,615,800,plants,have
untitled__b3ee807a.jpg,b3ee807a-f4f3-4b08-bd72-de397c5ec123,,Karl Blossfeldt,1928,1115,821,plants,have
untitled__bbb31900.jpg,bbb31900-139f-4574-8526-cda176c5ec9a,,Karl Blossfeldt,1928,595,800,plants,have
untitled__caa6aca2.jpg,caa6aca2-f1d2-4bd2-bf0f-a587a49daa0e,,Karl Blossfeldt,1928,595,800,plants,have
untitled__cf14a47d.jpg,cf14a47d-56d3-4cf1-9aa5-9f1de756c078,,Karl Blossfeldt,1928,607,800,plants,have
untitled__cb130eab.jpg,cb130eab-d47c-4375-a8bc-7e1a757a11be,,Karl Blossfeldt,1928,606,800,plants,have
untitled__c0a71760.jpg,c0a71760-71c1-4d3d-8e98-25144d9e3230,,Karl Blossfeldt,1928,601,800,plants,have
untitled__dece0005.jpg,dece0005-5c5d-490c-ad66-39fb75aef924,,Karl Blossfeldt,1928,601,799,plants,have
untitled__d22fd0fb.jpg,d22fd0fb-0c93-428f-a822-4add9e9bbf85,,Karl Blossfeldt,1928,605,799,plants,have
untitled__ecace3b4.jpg,ecace3b4-bf65-46b9-a189-31fc94a144dc,,Karl Blossfeldt,1928,591,800,plants,have
untitled__e43cf538.jpg,e43cf538-4a6d-48e4-94bf-7d1dcbf63fd0,,Karl Blossfeldt,1928,623,799,plants,have
untitled__e4a9cc9b.jpg,e4a9cc9b-37a8-4ab3-9fda-b9845d1604d3,,Karl Blossfeldt,1928,607,800,plants,have
untitled__f8c9e756.jpg,f8c9e756-e3bf-4ded-a5e3-a968e463290b,,Karl Blossfeldt,1928,608,800,plants,have
untitled__fd18d6d7.jpg,fd18d6d7-68fc-4b97-82cd-32a697da17c6,,Karl Blossfeldt,1928,586,800,plants,have
natural-history-of-carolina-florida-and-the-bahama-islands-v__aa204abc.jpg,aa204abc-1ed7-4b77-a5f9-9a05553878f0,"Natural History of Carolina, Florida and the Bahama Islands, v1. Tab 50",Mark Catesby,1731,583,768,"flora,plants",have
natural-history-of-carolina-florida-and-the-bahama-islands-v__6aed70a9.jpg,6aed70a9-9c23-4e19-abeb-24c748118383,"Natural History of Carolina, Florida and the Bahama Islands, v2. Tab 77",Mark Catesby,1743,584,768,plants,have
natural-history-of-carolina-florida-and-the-bahama-islands-v__7b62e841.jpg,7b62e841-1308-4fbd-a1aa-e6bfb3dd1afb,"Natural History of Carolina, Florida and the Bahama Islands, v2. Tab 72",Mark Catesby,1743,580,768,"flowers,plants",have
natural-history-of-carolina-florida-and-the-bahama-islands-v__e63db0ad.jpg,e63db0ad-6cc7-45f3-b9a5-b0432f752b53,"Natural History of Carolina, Florida and the Bahama Islands, v2. Tab 58",Mark Catesby,1743,1024,757,"botany,flowers,plants",have
fruit-stall__b8b44f6c.jpg,b8b44f6c-e6db-474d-96ce-794f3286f780,Fruit Stall,Matthew Darly,ca. 1777,708,1024,plants,have
uncolored-portraits-of-the-artists-involved-in-the-productio__914a5844.jpg,914a5844-f897-4833-b83b-416cace6837b,Uncolored portraits of the artists involved in the production of Leonhart Fuchs’ <em>De historia stirpium commentarii insignes</em>.,,1542,735,1154,plants,have
chrysanthemums-by-a-stream__14609e98.jpg,14609e98-e754-4a20-bbc4-694d18df0a11,Chrysanthemums by a Stream,Follower of Ogata Korin,late 1700s–early 1800s,1122,506,"flora,flowers,plants",have
the-fountain-aquarium__fe50f598.jpg,fe50f598-ba0a-4e1a-bc9d-fa7f9f1e8d3f,The Fountain Aquarium,Philip Henry Gosse,1856,852,1023,plants,have
plumose-anemone__f3e2adfd.jpg,f3e2adfd-58e7-4e93-99f7-d4e511435538,Plumose Anemone,Philip Henry Gosse,1856,641,1024,plants,have
blooming-irises-in-horikiri__110d047a.jpg,110d047a-c1bf-4a90-8bb2-a8a3489fe381,Blooming Irises in Horikiri,Utagawa Hiroshige,1857,600,887,"flowers,plants",have
untitled__85b727da.jpg,85b727da-19c0-410d-b437-b74e43d07ba5,,J. J. Grandville,1877,593,738,plants,have
author-hidden-under-wooden-mask__4ab3d76a.jpg,4ab3d76a-4d45-417b-92a0-88ef32b5e0ef,Author Hidden Under Wooden Mask,Richard Kearton,1909,653,759,"flora,flowers,plants",have
witches-feasting__5344e64c.jpg,5344e64c-bea2-410b-8e7a-59935564c6ea,Witches Feasting,,1720,799,711,plants,have
no-shadow-in-any-nook-or-corner-kuma-naki-kage__1d79a27d.jpg,1d79a27d-eb61-40ed-a77b-3b044b1ca6d8,No Shadow In Any Nook Or Corner (Kuma Naki Kage),Shibata Zeshin,1867,1000,668,plants,have
hall-of-quiet-study__93718d2b.jpg,93718d2b-7b66-42d3-9017-a245e08843a5,Hall Of Quiet Study,,19th century,1000,745,plants,have
untitled__95508af2.jpg,95508af2-bb53-4172-bba0-f970e9dfb7c7,,N. Rémond,1841,680,851,"botany,flora,plants",have
alchemical-image__9facd30d.jpg,9facd30d-ebce-42d7-ac66-e8968d889c0d,Alchemical image,,15th century,552,800,plants,have
broussonelia-papyrifera-paper-mulberry__8255147c.jpg,8255147c-01ef-4576-bd41-9f04b709cf87,Broussonelia papyrifera – Paper Mulberry,Romeyn Beck Hough,1888–1913,600,896,"botany,plants,trees",have
prosopis-juliflora-mesquit__92249df1.jpg,92249df1-cd70-41d6-a187-fe1009fcb26f,Prosopis juliflora – Mesquit,Romeyn Beck Hough,1888–1913,600,899,"botany,plants,trees",have
platanus-racemosa-california-sycamore__a9630d24.jpg,a9630d24-9d79-4298-9927-85564ba941c3,Platanus racemosa – California Sycamore,Romeyn Beck Hough,1888–1913,600,928,"botany,plants,trees",have
liriodendron-tulipifern-tulip-tree-or-white-wood__e0a15ff9.jpg,e0a15ff9-f2dc-4a5d-bebc-4144dadcb7fc,Liriodendron Tulipifern – Tulip Tree or White-wood,Romeyn Beck Hough,1888–1913,600,923,"botany,plants,trees",have
vitis-aestivalis-summer-grape__e6b850c1.jpg,e6b850c1-d8f2-4a5d-b490-40e5a9f7b2db,Vitis aestivalis – Summer Grape,Romeyn Beck Hough,1888–1913,600,914,"botany,plants,trees",have
fig-11-shows-oranges-peeled-in-a-similar-manner-to-fig-10-an__924d826f.jpg,924d826f-ff1b-4cec-8cb9-4ef85d8cef5d,Fig. 11 shows oranges peeled in a similar manner to Fig. 10 and placed on receptacles.,,1910,451,640,"flora,foliage,plants",have
fig-3-shows-how-the-strips-can-be-converted-into-all-kinds-o__a575a62d.jpg,a575a62d-52eb-40aa-ab03-37ea0c164e34,Fig. 3 shows how the strips can be converted into all kinds of artistic effects.,,1910,462,500,"flora,foliage,plants",have
daphnoides__499ec5ef.jpg,499ec5ef-0624-4f16-a6ca-ce1d32223645,Daphnoides,Gherardo Cibo,,600,814,"floral,flowers,herbals,plants,trees",have
viola-odorata__518877aa.jpg,518877aa-6a1a-4d98-a8f0-8c3308858d5b,Viola odorata,Gherardo Cibo,,600,865,"floral,flowers,herbals,plants",have
olea-europaea__6e5865fe.jpg,6e5865fe-89ff-4eda-a86a-d5df60690c79,Olea europaea,Gherardo Cibo,,600,834,"floral,flowers,herbals,plants",have
plantago-maior__a85cda78.jpg,a85cda78-1194-4266-b368-74d5e2c4356e,Plantago maior,Gherardo Cibo,,600,827,"floral,flowers,herbals,plants",have
euphrasia-officinalis__c55d8cfa.jpg,c55d8cfa-f4ad-4808-b583-62d1ccd339a3,Euphrasia officinalis,Gherardo Cibo,,600,847,"floral,flowers,herbals,plants",have
tempest-anderson-and-new-vine-growth-in-the-trespe-ravine-st__84d2d60c.jpg,84d2d60c-91fb-4de2-89da-1c67c4caf0d4,"Tempest Anderson and New Vine Growth in the Trespe Ravine, St Vincent",Tempest Anderson,1907,987,768,"leaves,plants",have
stem-of-section-of-mare-s-tail__114481e4.jpg,114481e4-fe2b-4fb9-a128-97466b16d80e,Stem of Section of Mare's Tail,Arthur E Smith,1909,600,780,plants,have
sting-of-nettle__f7383d97.jpg,f7383d97-e7c6-4db8-9890-3018bf8ff3af,Sting of Nettle,Arthur E Smith,1909,600,954,"botany,plants",have
fireworks-in-hamburg-to-celebrate-the-coronation-of-emperor-__052eabea.jpg,052eabea-c5ee-4e8f-94e3-bbcfe2be8c91,Fireworks in Hamburg to Celebrate the Coronation of Emperor Franz I. Stephan in 1745 (Detail),,1745,771,800,plants,have
selection-of-substances-used-for-the-production-of-medicine-__68b51c7c.jpg,68b51c7c-533b-4651-aaad-6be6376ff355,Selection of Substances Used for the Production of Medicine Based on the Teaching of the Four (Medical) Tantras,,ca. 19th century,800,484,"botany,plants",have
plants-sheep-and-a-dragon__604076aa.jpg,604076aa-231f-405d-8d79-cddadf05ab17,"Plants, sheep, and a dragon.",,ca.1440,570,836,"herbals,herbs,plants",have
the-plant-hyppurius-field-horsetail-on-the-left-and-jacinta-__8081e21f.jpg,8081e21f-e9be-489e-9e4e-8d862cf86faf,"The plant Hyppurius (field horsetail), on the left, and Jacinta or hyacinth on the right.",,ca.1440,570,863,"botany,herbs,plants",have
plants-and-a-demon-the-herb-ypericon-supposed-to-repel-demon__8799a8d2.jpg,8799a8d2-873f-4683-bb83-549bf395cd1b,"Plants and a demon: the herb Ypericon, supposed to repel demons.",,ca.1440,570,859,"herbs,plants",have
plants-a-turtle-a-man-and-another-animal__e7bb25d8.jpg,e7bb25d8-8262-4de3-a275-b2e2eee0bb72,"Plants, a turtle, a man, and another animal.",,ca.1440,570,868,"herbs,plants",have
the-wedding-breakfast__48b6ea2b.jpg,48b6ea2b-61e2-482f-a66f-597ae44bb84d,The Wedding Breakfast,,ca. 1900,1023,500,plants,have
the-bridegroom-s-kiss__a7ed9800.jpg,a7ed9800-eef2-4778-9ac5-b7fe56d79be9,The Bridegroom's Kiss,,ca. 1900,1023,497,plants,have
decorating-for-the-wedding__a314d6df.jpg,a314d6df-deb0-4332-a679-9ea7dc0967b0,Decorating for the Wedding,,ca. 1900,1024,503,"flowers,plants",have
one-o-clock-in-the-morning__cdc14b97.jpg,cdc14b97-79bf-4652-93e7-3b925ba46a4b,One O'Clock in the Morning,,ca. 1900,1023,504,plants,have
alone-at-last__f86dc1c2.jpg,f86dc1c2-48e4-45fb-95ea-f50849fee35d,Alone at Last,,ca. 1900,1024,499,plants,have
untitled__848b71f7.jpg,848b71f7-1d06-441e-9dc9-a63a791ec901,,,ca.1870,800,506,plants,have
flowers-from-the-mount-of-olives__ee59303d.jpg,ee59303d-4866-4cd2-8602-0294253e10c5,Flowers From the Mount of Olives,Boulos Meo,1890s,500,647,"botany,floral,flowers,plants",have
untitled__160cd840.jpg,160cd840-1018-4447-85b9-9bc5a392ded3,,Frederick Whitney,1909,1122,1500,plants,have
both-caps-missed-fire__0cba085a.jpg,0cba085a-7dab-49d5-ae88-90dda2fec699,Both Caps Missed Fire,,1902,820,590,plants,have
illustration-from-the-studio-of-titian-featured-in-em-de-hum__48d27da6.jpg,48d27da6-795c-4522-921e-fd37ac6425f7,Illustration from the “studio of Titian” featured in <em>De Humani Corporis Fabrica</em>.,Studio of Titian,1543,523,888,plants,have
detail-from-a-page-in-em-the-school-of-the-heart-or-the-hear__779a3b9a.jpg,779a3b9a-80ac-439a-b7c3-7f10bc4700c9,"Detail from a page in <em>The school of the heart; or, The heart of it self gone away from God brought back again to him, and instructed by him. In 47 emblems</em> (1676), by George Wither",George Wither,1676,620,689,plants,have
untitled__55d7653b.jpg,55d7653b-8b09-4aee-a6dd-1cd6ff868561,,Daniel de La Feuille,1699,2007,2610,plants,have
a-c-swinburne__73006f82.jpg,73006f82-8072-477a-b278-09210ab103aa,A. C. Swinburne,Frederick Watty,1873,518,731,plants,have
tea-and-coffee__3a8451a2.jpg,3a8451a2-c419-4470-bc21-33d9bf0c856c,Tea and coffee,J. J. Grandville,1849,1138,1500,"floral,flowers,plants",have
sweet-pea__39b0e7fc.jpg,39b0e7fc-b1fe-4968-9aad-992402deb6b9,Sweet pea,J. J. Grandville,1849,1090,1500,"floral,flowers,plants",have
pincushion-and-marigold__5ad4699d.jpg,5ad4699d-4b4a-48d2-a7b9-faabc232e815,Pincushion and marigold,J. J. Grandville,1849,1112,1500,"floral,flowers,plants",have
myrtle__a2bf52e2.jpg,a2bf52e2-8780-4a5a-a418-e566de24ba5a,Myrtle,J. J. Grandville,1849,982,1500,"floral,flowers,plants",have
untitled__f59542f9.jpg,f59542f9-4a6e-4033-a475-83665e0e3f4c,,,1678-93,800,665,"botany,flora,plants",have
embalming-jar__42b323eb.jpg,42b323eb-4de8-494b-9074-3ebb37f69d23,Embalming Jar,Frederic Ruysch,1710,500,800,plants,have
embalming-jar__5671021c.jpg,5671021c-abb5-4700-b01d-37640a5430b2,Embalming Jar,Frederic Ruysch,1710,650,878,plants,have
the-earth-grew-dark-and-its-figures-passed-by-me-like-flitti__8230880d.jpg,8230880d-c6ec-4368-8e14-8bbb3a73bd2e,"""The Earth grew dark, and its figures passed by me, like flitting shadows, and among them all I beheld only—Morella"" (Morella)",Harry Clarke,1919,526,700,plants,have
untitled__1feaea61.jpg,1feaea61-1cc2-43e3-9c1d-e445f08d283a,,Arnoldus Montanus,1671,667,505,"plants,trees",have
untitled__58782bba.jpg,58782bba-794c-44e2-8de0-8596ff9af4be,,Arnoldus Montanus,1671,674,553,"plants,trees",have
untitled__8585d608.jpg,8585d608-a687-4b1b-ae21-bbd584142f27,,Arnoldus Montanus,1671,705,540,"plants,trees",have
untitled__0217ff8b.jpg,0217ff8b-c7ed-4f7c-9064-fc2b105c38e5,,Arnoldus Montanus,1671,675,533,"plants,trees",have
untitled__a5a4c27a.jpg,a5a4c27a-71e6-4a4b-9321-c66f07507bdc,,Arnoldus Montanus,1671,726,590,"plants,trees",have
untitled__c3818539.jpg,c3818539-6bd0-4f32-8edf-94957c4c2e9c,,Arnoldus Montanus,1671,669,523,"plants,trees",have
untitled__c2ddf7ab.jpg,c2ddf7ab-e6d1-4f67-9221-c17e94772597,,Arnoldus Montanus,1671,689,543,"plants,trees",have
a-carload-of-almonds-from-california__637bbd9c.jpg,637bbd9c-ec9d-441b-804f-6b06e1952824,A Carload of Almonds from California,Edward H. Mitchell,1909,3386,2201,"flowers,trees",have
ruvacca-plimos__043afaf6.jpg,043afaf6-38a0-4e0f-ba38-30593f1f83ed,Ruvacca Plimos,Sara Weiss,1903,2836,3091,"botanical-art,botanical-drawing,botanical-illustration,flowers,leaves",have
isoina__fc46b653.jpg,fc46b653-dd91-413c-a4bf-df699a093de2,Isoina,Sara Weiss,1903,2870,3100,"botanical-art,botanical-drawing,botanical-illustration,flowers,leaves",have
valseta__4566303b.jpg,4566303b-37e7-44e7-9c8d-4d60965aab16,Valseta,Sara Weiss,1903,2942,3064,"botanical-art,botanical-drawing,botanical-illustration,flowers,leaves",have
loisa-infuen__8b3afa98.jpg,8b3afa98-381e-4e14-aa44-8beafe443459,Loisa Infuen,Sara Weiss,1903,3173,2558,"botanical-art,botanical-drawing,botanical-illustration,flowers,leaves",have
hinifro-enora__9c7e52ef.jpg,9c7e52ef-9649-437c-a65e-f476a7dbc6f2,Hinifro Enora,Sara Weiss,1903,2865,4009,"botanical-art,botanical-drawing,botanical-illustration,flowers,leaves",have
oina-mista__de998dd9.jpg,de998dd9-b4ba-4acf-8430-5c950abf480e,Oina Mista,Sara Weiss,1903,3449,2924,"botanical-art,botanical-drawing,botanical-illustration,flowers,leaves",have
loisa-micana__f9916d33.jpg,f9916d33-d708-47c2-9f48-5ccc61099842,Loisa Micana,Sara Weiss,1903,2798,3482,"botanical-art,botanical-drawing,botanical-illustration,flowers,leaves",have
loisa-gentolissima__21eb89e8.jpg,21eb89e8-ed49-452a-9224-5c5517453606,Loisa Gentolissima,Sara Weiss,1903,2708,4600,"botanical-art,botanical-drawing,botanical-illustration,flowers,leaves",have
roina__9d0a97b6.jpg,9d0a97b6-4d7a-47d7-9b0a-a9871b992c2a,Roina,Sara Weiss,1903,2746,3861,"botanical-art,botanical-drawing,botanical-illustration,flowers,leaves",have
erinca-micana__b0243ce1.jpg,b0243ce1-cf38-4dad-ada4-25ee883f7d00,Erinca Micana,Sara Weiss,1903,2788,4026,"botanical-art,botanical-drawing,botanical-illustration,flowers,leaves",have
floitza__e2b50a68.jpg,e2b50a68-b61b-4402-bb60-a34b3fafcc65,Floitza,Sara Weiss,1903,2673,3201,"botanical-art,botanical-drawing,botanical-illustration,flowers,leaves",have
hnobersa__34b72301.jpg,34b72301-6491-4d65-b864-18774f9c200b,Hnobersa,Sara Weiss,1903,4076,2569,"botanical-art,botanical-drawing,botanical-illustration,flowers,leaves",have
rodel-the-national-flower__52ff82e3.jpg,52ff82e3-a745-4ebf-b4d6-1db141193add,Rodel. The National Flower.,Sara Weiss,1903,3118,3011,"botanical-art,botanical-drawing,botanical-illustration,flowers,leaves",have
behind-fremiet-s-elk-trocad-ro__551f767e.jpg,551f767e-ed45-4afa-ac02-e12f17e04c33,Behind Fremiet’s Elk (Trocadéro),Henri Rivière,1888–1902,2392,2856,"flowers,gardens",have
a-collector-s-cabinet__48c11af2.jpg,48c11af2-862f-4e0b-968d-62bd5965d18b,A Collector’s Cabinet,Frans Francken the Younger,1619,6966,4623,flowers,have
incipit-vita-nova-here-begins-a-new-life__efb5b80e.jpg,efb5b80e-52ad-4080-9a78-9adbaaf4367f,Incipit Vita Nova (Here begins a new life),Aubrey Beardsley,1893,2550,2550,flowers,have
untitled__74564013.jpg,74564013-5cc7-47cc-838f-ffb97d38aef7,,Aubrey Beardsley,1893,2129,3092,flowers,have
the-stomach-dance__27306417.jpg,27306417-50e6-449a-87d7-b5bd1dfac170,The Stomach Dance,Aubrey Beardsley,1894,2258,3042,flowers,have
the-climax__8e36e5d4.jpg,8e36e5d4-0778-4354-b29d-44d0d3f8da1e,The Climax,Aubrey Beardsley,1894,2200,3012,flowers,have
cover-design-for-the-second-volume__65268e77.jpg,65268e77-9daa-4492-9ca3-9debbea8fed1,Cover design for the second volume,Aubrey Beardsley,ca. 1894,2000,2556,flowers,have
lysistrata__09f0f75c.jpg,09f0f75c-469e-4065-a0ee-ad6b3b3f5e1c,Lysistrata,Aubrey Beardsley,1896,2740,1968,flowers,have
rabindranath-tagore-at-albert-kahn-s-boulogne-billancourt-pr__66e6d7fb.jpg,66e6d7fb-182b-482c-bec4-9c990d462867,Rabindranath Tagore at Albert Kahn’s Boulogne-Billancourt property,Albert Kahn collection,1921,2560,1899,"flowers,gardens",have
untitled__5dda9dd1.jpg,5dda9dd1-4977-4373-849c-632b1b0ae49b,,Christoph Jamnitzer,1610,5913,4642,flowers,have
untitled__4c1cc263.jpg,4c1cc263-c3b0-40a9-954a-2d53bf5b547d,,Christoph Jamnitzer,1610,5676,4494,flowers,have
untitled__107c03ac.jpg,107c03ac-2d14-4f2b-a4a3-a181af6051e6,,Christoph Jamnitzer,1610,6017,4646,flowers,have
untitled__fe67e756.jpg,fe67e756-2d04-4bf0-a007-5a8af68924fe,,Christoph Jamnitzer,1610,6078,4748,flowers,have
untitled__bcb2908f.jpg,bcb2908f-6908-404d-a078-173018eebd2b,,Christoph Jamnitzer,1610,5880,4752,flowers,have
untitled__4b630a65.jpg,4b630a65-68c4-43ca-bc4f-6d38f8925805,,Christoph Jamnitzer,1610,5819,4625,flowers,have
untitled__41feef53.jpg,41feef53-2a3b-4727-8a68-baf58e389bbf,,Christoph Jamnitzer,1610,5851,4131,flowers,have
untitled__0f21ed3b.jpg,0f21ed3b-2bd7-4702-8287-8a936a13135c,,Christoph Jamnitzer,1610,6023,4675,flowers,have
untitled__1f5f358e.jpg,1f5f358e-b9af-49a3-9fea-872df8a536a8,,Christoph Jamnitzer,1610,5693,4516,flowers,have
untitled__6ebe34da.jpg,6ebe34da-67db-4ea8-89cf-e352a5340aaa,,Christoph Jamnitzer,1610,5695,4711,flowers,have
untitled__b93bb772.jpg,b93bb772-e512-4a9b-9f84-ea06faeb88f8,,Christoph Jamnitzer,1610,5473,4852,flowers,have
untitled__f80bfe23.jpg,f80bfe23-7ec0-4be8-9789-c2469a624bf2,,Christoph Jamnitzer,1610,6067,4658,flowers,have
untitled__29162188.jpg,29162188-9920-4996-ac2a-325e3cec8804,,Christoph Jamnitzer,1610,5930,4455,flowers,have
untitled__a2587909.jpg,a2587909-52b9-4275-9ca8-1f942f267410,,Christoph Jamnitzer,1610,4268,3477,flowers,have
untitled__eb1737c0.jpg,eb1737c0-387e-4a18-ade6-1ccedd178458,,Christoph Jamnitzer,1610,5814,4719,flowers,have
untitled__5627603c.jpg,5627603c-00cb-4885-8c4d-c545b8f01480,,Christoph Jamnitzer,1610,5950,4906,flowers,have
untitled__3a150c78.jpg,3a150c78-2ace-4412-8ee1-1c5ad65f56f8,,Christoph Jamnitzer,1610,4334,3514,flowers,have
untitled__57378885.jpg,57378885-aa6b-4969-a834-84403aa33246,,Christoph Jamnitzer,1610,4444,3531,flowers,have
untitled__3e1b957e.jpg,3e1b957e-287a-45c4-855e-c3928f7a6a73,,Christoph Jamnitzer,1610,4571,3713,flowers,have
untitled__2112a3e8.jpg,2112a3e8-042a-449a-877a-8211f3d01994,,Christoph Jamnitzer,1610,4266,3558,flowers,have
untitled__5c5487f4.jpg,5c5487f4-4471-4768-98ca-caaee8ff9e69,,Christoph Jamnitzer,1610,4241,3431,flowers,have
untitled__9a9f473c.jpg,9a9f473c-29b5-40e8-a285-71f7dc437fe2,,Christoph Jamnitzer,1610,5979,4708,flowers,have
untitled__e35bf1ae.jpg,e35bf1ae-df5e-4d15-9df7-53aefadb2734,,Christoph Jamnitzer,1610,5483,4675,flowers,have
untitled__da522b3f.jpg,da522b3f-e8b4-476c-82a6-9b77632aa149,,Christoph Jamnitzer,1610,6001,4682,flowers,have
facsimile-of-the-codex-r-os-ca-after-1566__c7f3a9fd.jpg,c7f3a9fd-56e3-48f3-bd64-8f60b029727d,"Facsimile of the Codex Ríos, ca. after 1566",Agostino Aglio,1831–48,2797,2946,flowers,have
untitled__2bec9cb2.jpeg,2bec9cb2-7e18-45a8-bb42-1403e506f53f,,Raffaele Mainella,1907,4383,6258,flowers,have
untitled__d96eb346.jpeg,d96eb346-44c4-4dd4-9b77-739803625463,,Raffaele Mainella,1907,3652,6096,flowers,have
afternoon-coffee__79a989cf.jpg,79a989cf-65a0-40f9-be49-43c64d758560,Afternoon coffee,,ca. 1910,6029,4395,flowers,have
gentlewoman-with-dog__1cb373ac.jpg,1cb373ac-2a58-4b49-b4bc-4f398c7ced11,Gentlewoman with Dog,Maria Catharina Prestel; Martin Schongauer,1783,2028,2712,flowers,have
fable-of-the-hares-and-the-frogs-a-fable-from-aesop__7ec56501.jpg,7ec56501-b0b9-4b4d-8f8b-fddc0f198edb,"“Fable of the Hares and the Frogs”, a fable from Aesop.",Tom Seidmann-Freud,1924,1774,1420,flowers,have
fringe-cups__033be42e.jpg,033be42e-e1d8-4462-94c3-26b5384ef903,Fringe Cups,Karl Blossfeldt,1928,1153,1500,"botany,flowers",have
cecil-mack-and-ford-dabney-that-minor-strain-ziegfeld-follie__1de4c14f.jpg,1de4c14f-ff39-4016-a669-fd71432d6df0,"Cecil Mack and Ford Dabney, “That Minor Strain: Ziegfeld Follies of 1910”",,1910,588,741,flowers,have
untitled__9a8fbcbb.jpg,9a8fbcbb-84d8-4cff-a496-0cc306d36d2c,,Madame B,ca. 1870s,3000,2115,flowers,have
kal-lah-reprimanding-dimnah__60efd3e6.jpeg,60efd3e6-20d7-4384-8f4f-a36602b3f6d4,Kalīlah Reprimanding Dimnah,,ca. 1525–50,2435,2516,"flowers,gardens",have
black-woman-sits-on-a-porch-swing-on-chicago-s-west-side-and__253ccbf6.jpg,253ccbf6-b7e8-4fd1-be4f-234baa5e2122,“Black woman sits on a porch swing on Chicago’s West Side and surveys her rose garden. She…”,John H. White,1973–4,1008,1500,flowers,have
june__d6706db3.jpg,d6706db3-55a5-4854-a6ec-e9ecaf3ce659,June,Walter Crane,ca. 1889,1033,1400,flowers,have
after-falling-asleep-on-the-couch-poliphilo-finds-himself-on__907f9666.jpeg,907f9666-8d28-4841-afc7-eef1115a41b7,"After falling asleep on the couch, Poliphilo finds himself on a broad and wild plain",,1499,1626,1316,"flowers,foliage,trees",have
untitled__4d8c35de.jpg,4d8c35de-3ab2-4c2a-b68d-dd6dc15f3376,,John Bingley Garland,ca. 1850–60,1830,1390,flowers,have
untitled__897905ba.jpg,897905ba-ab5c-45ad-a9aa-175e1e1e4467,,John Bingley Garland,ca. 1850–60,1848,1412,flowers,have
untitled__c1977e2f.jpg,c1977e2f-6946-4ec9-9502-7c0c1563fc89,,John Bingley Garland,ca. 1850–60,1816,1372,flowers,have
untitled__ccdb0558.jpg,ccdb0558-f833-4093-ba12-e4669c206e5b,,John Bingley Garland,,1368,1023,flowers,have
untitled__e906e8e8.jpg,e906e8e8-279a-4505-a890-60e8006b199e,,John Bingley Garland,ca. 1850–60,1852,1387,flowers,have
bubble-blowing-putti__807d6468.jpg,807d6468-d91e-438a-bd3f-d09741e0bfe5,Bubble-Blowing Putti,Anthonie van den Bos,ca. 1800,1400,725,"flowers,foliage",have
blowing-soap-bubbles-under-the-plum-blossom__c3e039c7.jpg,c3e039c7-8654-4384-a102-43e18b332312,Blowing Soap Bubbles Under the Plum Blossom,Suzuki Harunobu,ca. 1750,1002,1400,flowers,have
untitled__88743437.jpg,88743437-295b-4a28-aaf9-28702df40b97,,Philipp Hainhofer,1596–1633,1059,1400,flowers,have
kimono-design__6b7e8207.jpeg,6b7e8207-d244-41d0-83dd-645b1f639078,Kimono design,Ueno Seikō,ca. 1902,688,936,"floral,flowers",have
kimono-design__0d87faef.jpeg,0d87faef-5638-43f9-b28c-69b628b13e76,Kimono design,Ueno Seikō,ca. 1902,704,969,"floral,flowers",have
flowers-and-structures-beautiful-insects-gorgeous__2091e91e.jpg,2091e91e-a684-4750-95ce-68159830b671,"Flowers And Structures Beautiful, Insects Gorgeous.",John Augustus Knapp,1895,1000,1400,"flora,flowers",have
the-convalescent__364c5cfc.jpg,364c5cfc-01eb-4be7-8522-6bb913e9d7ea,The Convalescent,Myles Birket Foster; C. Cousen,ca. 1877,1400,967,"flowers,gardens",have
people-in-special-attire-with-lanterns-posing-for-photograph__1b903f2e.jpg,1b903f2e-bd6a-4a55-80ba-991ff1e04289,"People in special attire, with lanterns, posing for photograph.",Herbert Geddes,1908–1918,1280,1006,flowers,have
two-young-women-in-kimonos__86a2ebb3.jpg,86a2ebb3-28dd-41a5-8a45-b7cf35ce1295,Two young women in Kimonos.,Herbert Geddes,1908–1918,1280,1003,flowers,have
men-preparing-for-sumo-wrestling-outdoors__9c37321a.jpg,9c37321a-d411-4e88-9932-65a41ca23561,Men preparing for sumo wrestling outdoors.,Herbert Geddes,1908–1918,720,1024,flowers,have
the-sanguine-temperament__9520815b.jpg,9520815b-e316-4fa4-bd7f-129688885e1d,The Sanguine Temperament,Maerten de Vos; Raphaël Sadeler (I),1583,2526,2041,"flowers,gardens",have
earth__fc364b09.jpg,fc364b09-e5a1-4572-a023-93eb3d36061f,Earth,Maerten de Vos; Adriaen Collaert,1580-4,2448,2004,flowers,have
a-woman-stands-before-a-decorated-carriage-juneteenth-celebr__68e9810c.jpg,68e9810c-dc19-4890-a27e-e78d29be664b,"A woman stands before a decorated carriage, Juneteenth celebrations in Corpus Christi, Texas",George McCuistion,1913,1500,1974,flowers,have
juneteenth-celebrations-in-corpus-christi-texas__9cf6ad6d.jpg,9cf6ad6d-784a-4d87-a2f7-1e80b02b0cb5,"Juneteenth celebrations in Corpus Christi, Texas",,1855,1500,1106,flowers,have
two-women-and-a-man-in-a-decorated-carriage-juneteenth-celeb__a0fcbca4.jpg,a0fcbca4-8dd0-4031-9aa6-24a810e33db5,"Two women and a man in a decorated carriage, Juneteenth celebrations in Corpus Christi, Texas",George McCuistion,1913,1500,1169,flowers,have
group-of-women-in-decorated-carriage-juneteenth-celebrations__b8c08580.jpg,b8c08580-e3a1-4359-872a-5b6b96a0f7a0,"Group of women in decorated carriage, Juneteenth celebrations in Corpus Christi, Texas",George McCuistion,1913,1500,1175,flowers,have
photograph-by-george-mccuistion-of-juneteenth-celebrations-i__cacef24a.jpg,cacef24a-ab2c-4311-9b94-6e2ad8cc483d,"Photograph by George McCuistion of Juneteenth celebrations in Corpus Christi, Texas",George McCuistion,1913,1500,1180,flowers,have
untitled__55cd9e9d.jpg,55cd9e9d-ffa8-4f29-b5e6-f90cf09b6e6e,,Richard Deakin,1855,713,1200,"flora,flowers",have
untitled__9a1bd404.jpg,9a1bd404-c8b5-44f2-8f69-3ab0be9024d2,,Richard Deakin,1855,736,1200,"flora,flowers,foliage,gardens",have
untitled__f8dc3382.jpg,f8dc3382-2e3d-425d-9009-b929a6c10c7a,,Richard Deakin,1855,1200,692,"flora,flowers",have
chapter-viii-the-deadly-poppy-field__d4ace984.jpg,d4ace984-ec81-46cd-a0b7-2d5cbdb54531,Chapter VIII. The Deadly Poppy Field,W. W. Denslow,1900,914,1200,flowers,have
gloria-frederici-andromeda__62ace4f5.jpg,62ace4f5-2354-4ee5-81d9-e783346cfedc,"Gloria Frederici, Andromeda",Sidney Hall,1824-5,827,1200,flowers,have
vase-of-flowers__a71a89e7.jpg,a71a89e7-fcea-4400-baaa-a21a43f6033e,Vase of Flowers,Jan Davidsz de Heem,ca. 1660,974,1200,flowers,have
the-white-faced-decticus__85319a51.jpg,85319a51-64d8-443e-b4b2-6f51f6d41835,The White-Faced Decticus,E. J. Detmold,1921,1024,780,"flora,flowers",have
the-sacred-beetle__9fb93d68.jpg,9fb93d68-d13c-4a32-8083-c809902d57da,The Sacred Beetle,E. J. Detmold,1921,738,800,flowers,have
jonquil-pl-29__24f4d039.jpg,24f4d039-11f4-44fa-b2a9-ec3e1350311e,Jonquil (Pl. 29),Eugène Grasset,1896,697,1024,"floral,flowers",have
crown-imperial__22c50bc5.jpg,22c50bc5-a534-4c34-9f52-c25a3785208f,Crown Imperial,Eugène Grasset,1896,699,1024,"floral,flowers",have
periwinkle__4fd6c7a4.jpg,4fd6c7a4-c69b-4702-a343-a87077ff0bb3,Periwinkle,Eugène Grasset,1896,672,1023,"floral,flowers",have
cyclamen__47070d5c.jpg,47070d5c-096e-4bc9-9052-9bd4f89e0c58,Cyclamen,Eugène Grasset,1896,692,1024,"floral,flowers",have
solomon-s-seal-pl-36__5a5a520d.jpg,5a5a520d-585a-414a-ac38-6714f25c81cd,Solomon's Seal (Pl. 36),Eugène Grasset,1896,687,1024,"floral,flowers",have
waterlily-pl-8__5b8df122.jpg,5b8df122-b4ff-4077-a6f9-b1f119a4700b,Waterlily (Pl. 8),Eugène Grasset,1896,689,1024,"floral,flowers",have
lily-of-the-valley__69881b6d.jpg,69881b6d-09d8-4ee3-b9df-cbdf6e59f283,Lily of the Valley,Eugène Grasset,1896,696,1024,"floral,flowers",have
solomon-s-seal-pl-35__728e52d6.jpg,728e52d6-2ce4-4b2d-ae3e-7d97b0045118,Solomon's Seal (Pl. 35),Eugène Grasset,1896,696,1024,"floral,flowers",have
iris__8fd53a85.jpg,8fd53a85-6f85-4266-9c39-e9ba831847bf,Iris,Eugène Grasset,1896,689,1024,"floral,flowers",have
dandelion__906620e8.jpg,906620e8-d4b9-44f8-b63b-37bb1c92860f,Dandelion,Eugène Grasset,1896,696,1024,"floral,flowers",have
arrow-head-pl-26__08943089.jpg,08943089-5f6e-457e-be12-92a3eddd30b7,Arrow-Head (Pl. 26),Eugène Grasset,1896,698,1024,"floral,flowers",have
jonquil-pl-30__aeb53f89.jpg,aeb53f89-fcdd-4d21-8e10-7514d4c5343d,Jonquil (Pl. 30),Eugène Grasset,1896,692,1023,"floral,flowers",have
colombine__b58a607f.jpg,b58a607f-bcc5-4e56-b425-7ffaba07ec3c,Colombine,Eugène Grasset,1896,701,1023,"floral,flowers",have
arrow-head-pl-27__e0d0df2e.jpg,e0d0df2e-df2f-480b-8d80-ce3fa2c2d8b8,Arrow-Head (Pl. 27),Eugène Grasset,1896,688,1024,"floral,flowers",have
water-lily-pl-9__ff5b5822.jpg,ff5b5822-5fd2-4558-83b1-5f35fdbd7b14,Water Lily (Pl. 9),Eugène Grasset,1896,682,1024,"floral,flowers",have
natural-history-of-carolina-florida-and-the-bahama-islands-v__ee366f5a.jpg,ee366f5a-5093-4ebe-b334-6aec62b7ca60,"Natural History of Carolina, Florida and the Bahama Islands, v1. Tab 45",Mark Catesby,1731,545,768,"flora,flowers,leaves",have
natural-history-of-carolina-florida-and-the-bahama-islands-v__07ef2cf1.jpg,07ef2cf1-02d1-462e-a038-d79362587feb,"Natural History of Carolina, Florida and the Bahama Islands, v2. app. Tab 20",Mark Catesby,1743,590,768,"botany,flowers,trees",have
the-green-stall__a0a286b1.jpg,a0a286b1-d390-410c-934c-ac05f4cff0b5,The Green Stall,Matthew Darly,ca. 1777,752,1024,flowers,have
flora-dispensing-her-favours-on-the-earth__7a0aa17a.jpg,7a0aa17a-9e6d-4b47-a5c3-ac9949ec0c01,Flora Dispensing her Favours on the Earth,Robert John Thornton,1807,956,1200,flowers,have
untitled__4ec31a06.jpg,4ec31a06-e612-486b-8ff3-924d0bf9e8ae,,Ogawa Kazumasa,1896,663,800,"flora,flowers",have
untitled__49d3bb08.jpg,49d3bb08-54a7-4ee7-a491-2d0a0638bcbd,,Ogawa Kazumasa,1896,788,800,"flowers,foliage",have
untitled__0ccaaa11.jpg,0ccaaa11-786c-4b4c-90ff-794ce426c99a,,Ogawa Kazumasa,1896,800,785,"flora,flowers,leaves",have
untitled__efbf82ac.jpg,efbf82ac-cf9e-4332-9296-5ccb52d6c9ba,,Ogawa Kazumasa,1896,641,799,"flora,flowers",have
fight-between-a-tiger-and-a-buffalo__7ec8e5fd.jpg,7ec8e5fd-168f-4a59-a832-ce4767870577,Fight between a Tiger and a Buffalo,Henri Rousseau,1908,800,716,"flora,flowers,foliage",have
mossy-trunk-and-cherry-blossoms__7397abce.jpg,7397abce-a261-41d7-8355-6f748012b1c8,Mossy Trunk and Cherry Blossoms,Utagawa Hiroshige,1837,1000,786,"floral,flowers",have
symbolic-representation-1890__fd8b4337.jpg,fd8b4337-0c0e-4b9a-a7d1-d09f7b4e6317,"Symbolic Representation, 1890",Jan Toorop,1890,1000,821,flowers,have
spider-love-in-a-mist-potter-wasp-and-red-currant__20913f7f.jpg,20913f7f-c824-4bea-bd80-d560a9d98f05,"Spider, Love-in-a-Mist, Potter Wasp, and Red Currant.",Joris Hoefnagel; Georg Bocskay,1561–1596,680,986,"botany,flowers",have
dragonfly-pear-carnation-and-insect__a870edd8.jpg,a870edd8-996c-4ed3-8c24-e538a42a44e2,"Dragonfly, Pear, Carnation, and Insect.",Joris Hoefnagel; Georg Bocskay,1561–1596,680,986,"botany,flowers",have
dianthus-and-almond__dec9372f.jpg,dec9372f-f473-443e-80da-340e64afec55,Dianthus and Almond.,Joris Hoefnagel; Georg Bocskay,1561–1596,680,986,"botany,flowers",have
fly-caterpillar-pear-and-centipede__ec5abf5a.jpg,ec5abf5a-287d-43d1-8f5a-8b3e927e30b2,"Fly, Caterpillar, Pear, and Centipede.",Joris Hoefnagel; Georg Bocskay,1561–96,680,986,"botany,flowers",have
flower-kept-alive-by-putting-in-water__9f0bbdad.jpg,9f0bbdad-fcc7-4b4e-8a2d-879cb9c355b2,Flower Kept Alive by Putting in Water,Kusakabe Kimbei,Late 19th century,990,751,flowers,have
children-at-raja-yoga-academy-point-loma__8c1b3369.jpg,8c1b3369-5845-445b-841b-46be8fffcfa1,"Children at Raja Yoga Academy, Point Loma",Bain News Service,1915,1024,748,flowers,have
untitled__2cf3017a.jpg,2cf3017a-d4b8-4084-bff5-8478a344bf5c,,Anne Wagner,1795-1834,1000,639,"floral,flowers",have
untitled__64ca4b49.jpg,64ca4b49-1b28-40fe-b145-1b95a08ac78b,,Anne Wagner,1795-1834,1000,633,"flowers,leaves",have
untitled__7265228d.jpg,7265228d-232f-4780-b460-27e13fc51503,,Anne Wagner,1795-1834,1000,620,flowers,have
untitled__8e1e5cc5.jpg,8e1e5cc5-582c-460b-88bd-007e32f18244,,Anne Wagner,1795-1834,1000,626,flowers,have
untitled__f54e2de0.jpg,f54e2de0-86e7-4263-bc7d-0c49a3ac8b17,,Anne Wagner,1795-1834,1000,646,"floral,flowers",have
carl-ferdinand-stelzner-carl-overweg-with-his-bride-helene-d__79051415.jpg,79051415-0caf-421f-a518-8cc06f57b3b6,"Carl Ferdinand Stelzner, Carl Overweg with His Bride Helene de Jough",,1857,872,1024,flowers,have
happy-days__af69dcff.jpg,af69dcff-79ec-4c85-9ef5-2ae5ed3d3c73,Happy Days,Gertrude Käsebier,ca. 1903,866,1200,flowers,have
fig-12-presents-a-treatment-of-the-orange-similar-to-fig-11-__0772b49c.jpg,0772b49c-868d-496a-981e-ad7486a9ccba,"Fig. 12 presents a treatment of the orange similar to Fig. 11, but in a more elaborate manner.",,1910,438,640,"floral,flowers",have
untitled__f3f601aa.jpg,f3f601aa-e0d2-44b6-a73b-53c1cd5ad669,,,ca. 1867,530,722,flowers,have
a-study-in-butter-the-awakening-of-iolanthe__505f9442.jpg,505f9442-5ed4-4834-93b5-660095e2b505,A Study in Butter — The Awakening of Iolanthe,Caroline S. Brooks,ca. 1878,1000,676,flowers,have
untitled__daebd99f.jpg,daebd99f-7173-477e-964e-8e7ffb9c5465,,,,550,702,flowers,have
untitled__cd2a8a93.jpg,cd2a8a93-967a-4811-88af-7637b6d2260d,,Hugo Simberg,ca. 1908,1024,336,flowers,have
a-young-daughter-of-the-picts__2684bf3c.jpg,2684bf3c-980c-499e-9943-ca06866990ac,A Young Daughter of the Picts,Jacques Le Moyne,ca. 1585,727,1024,"floral,flowers",have
advert-for-hall-s-coca-wine-the-elixir-of-life__8c51d804.jpg,8c51d804-2033-4d89-81d8-35d2aca6464d,Advert for Hall’s Coca Wine: The Elixir of Life,,ca. 1916,727,1024,flowers,have
waiting-for-him__279cd50a.jpg,279cd50a-9e15-4df4-9238-ad1d2df176f0,Waiting for Him,,ca. 1900,1023,505,flowers,have
i-just-knew-it-would-be-a-boy__9c7d7c53.jpg,9c7d7c53-e693-49a0-bc8f-b1989c309120,"""I Just Knew It Would Be a Boy.""",,ca. 1900,1024,499,flowers,have
untitled__08602606.jpg,08602606-dc99-4297-a450-48ff429d7c53,,Pierre Salas,ca. 1500,800,516,flowers,have
untitled__d3014aa1.jpg,d3014aa1-fc69-40fe-8a80-12df90695242,,Pierre Salas,ca. 1500,800,1015,flowers,have
solothurn__61a36f19.jpg,61a36f19-2607-4698-92da-28eaf65f40a1,Solothurn,G. Locher,ca. 1775,580,800,flowers,have
general-view-of-jaffa__1ce6c187.jpg,1ce6c187-16e2-4bdc-8cee-02dec1710fd6,General View of Jaffa,Boulos Meo,1890s,800,590,flowers,have
the-jordan__3c574a0f.jpg,3c574a0f-eff5-4987-bd98-1bc071a38c1a,The Jordan,Boulos Meo,1890s,800,593,"flowers,trees",have
tomb-of-the-kings-flowers-from-the-tombs-of-the-kings__479141b0.jpg,479141b0-b732-4a3c-9e41-815a3a65aaea,Tomb of the Kings / Flowers from the Tombs of the Kings,Boulos Meo,1890s,1400,547,"flora,flowers",have
tombs-of-the-kings__440969cd.jpg,440969cd-8b6e-4357-927a-6806d96246fa,Tombs of the Kings,Boulos Meo,1890s,800,590,flowers,have
flowers-from-the-tombs-of-the-kings__5b1b7bd8.jpg,5b1b7bd8-c458-4be1-a923-46ceaa6e430c,Flowers From the Tombs of the Kings,Boulos Meo,1890s,500,676,"botany,floral,flowers",have
jerusalem__52063fc9.jpg,52063fc9-2c2f-4f38-90e8-477515f55e27,Jerusalem,Boulos Meo,1890s,800,594,flowers,have
flowers-from-jordan__7d908f09.jpg,7d908f09-3972-4021-98fd-49538a70040c,Flowers from Jordan,Boulos Meo,1890s,500,622,"flora,flowers",have
jerusalem-from-the-north__8506531e.jpg,8506531e-de35-4a34-87dc-e54151eb7fb1,Jerusalem From the North,Boulos Meo,1890s,800,595,flowers,have
jews-wailing-place__0127a806.jpg,0127a806-58da-41b4-95eb-ce4065e2bc95,Jews' Wailing Place,Boulos Meo,1890s,800,595,flowers,have
mount-of-olives__e80ae8df.jpg,e80ae8df-c243-4e8b-a140-ebd9d6e531c9,Mount of Olives,Boulos Meo,1890s,800,591,"flowers,trees",have
the-rock__e32036b8.jpg,e32036b8-9211-461a-a2eb-02f6f6bfadd7,The Rock,Boulos Meo,1890s,800,593,flowers,have
flowers-from-jerusalem__ed79c6f0.jpg,ed79c6f0-29b9-4515-b4e3-891ced57ba4c,Flowers From Jerusalem,Boulos Meo,1890s,500,633,"botany,flowers",have
church-of-the-nativity__f75d0e10.jpg,f75d0e10-e78a-43b3-87bd-fcd0e4499b4d,Church of the Nativity,Boulos Meo,1890s,800,592,flowers,have
church-of-the-holy-sepulchre__f2f3b267.jpg,f2f3b267-1bf0-4f7f-a944-896ecb2eedbb,Church of the Holy Sepulchre,Boulos Meo,1890s,500,708,flowers,have
a-girl-with-flowers-a-family-appearing-behind__7f7e50ea.jpg,7f7e50ea-1e38-44a0-85a3-576189b7d2eb,"A girl with flowers, a family appearing behind.",,ca. 1905,800,646,flowers,have
the-snowdrop__9df35361.jpg,9df35361-8f19-4917-805c-4838ad696d1f,The Snowdrop,Robert John Thornton,1807,590,773,"flora,flowers",have
large-flowering-sensitive-plant__c3ba1727.jpg,c3ba1727-657f-417a-a9b0-55062fef74e5,Large Flowering Sensitive Plant,Robert John Thornton,1807,590,761,"botany,flora,flowers",have
john-ruskin__c63a8199.jpg,c63a8199-33e2-4f32-944b-d8676172f730,John Ruskin,Frederick Watty,1873,518,731,flowers,have
hemlock__14e6c45d.jpg,14e6c45d-578d-4717-80dd-eb7016de817e,Hemlock,J. J. Grandville,1849,1073,1500,"floral,flowers",have
hawthorne__26971c31.jpg,26971c31-5bef-4d62-a74e-bdb12a518f86,Hawthorne,J. J. Grandville,1849,1127,1500,"floral,flowers",have
honeysuckle__2f480bd7.jpg,2f480bd7-63c7-4b8c-858b-dd7101858d73,Honeysuckle,J. J. Grandville,1849,1107,1500,"floral,flowers",have
cornflower-and-corn-poppy__22899e29.jpg,22899e29-cdf1-4ce4-9cf0-a4261c7fd8d2,Cornflower and corn poppy,J. J. Grandville,1849,1011,1500,"floral,flowers",have
lilac__382222ae.jpg,382222ae-54c0-49cf-a5be-103d54da783b,Lilac,J. J. Grandville,1849,1116,1500,"floral,flowers",have
poppy__3eb291e5.jpg,3eb291e5-9e66-40e0-84d5-9c1a43d0dcd8,Poppy,J. J. Grandville,1849,1067,1500,"floral,flowers,gardens",have
mirabilis__3bad3729.jpg,3bad3729-a702-4dea-8efa-27dc9de94ee7,Mirabilis,J. J. Grandville,1849,1077,1500,"floral,flowers",have
dahlia__4170bde0.jpg,4170bde0-09a1-456d-9a65-2fd67cafb43a,Dahlia,J. J. Grandville,1849,1134,1500,"floral,flowers",have
carnation__43032def.jpg,43032def-b2cd-4438-8d9f-546c1087fcec,Carnation,J. J. Grandville,1849,1057,1500,"floral,flowers",have
rose__4d470656.jpg,4d470656-8592-4fb0-ab5b-dbd3f06199d0,Rose,J. J. Grandville,1849,1042,1500,"floral,flowers,foliage",have
water-lily__53626458.jpg,53626458-1396-4405-a7e3-a9d25abbe6c9,Water lily,J. J. Grandville,1849,1128,1500,"flora,floral,flowers",have
narcissus__56a1e9f3.jpg,56a1e9f3-9ae7-4dd3-a12f-bdcea74a865c,Narcissus,J. J. Grandville,1849,1035,1500,"floral,flowers",have
return-of-the-flowers__72ce62b2.jpg,72ce62b2-0b1f-4303-aa21-d29ad900b784,Return of the flowers,J. J. Grandville,1849,1202,1500,"floral,flowers",have
orange-blossom__8f8338ae.jpg,8f8338ae-632c-455f-a2c8-dd452dedd2c9,Orange blossom,J. J. Grandville,1849,1039,1500,"floral,flowers",have
peach-blossom__9d04579f.jpg,9d04579f-7618-478a-a776-76def5bece9f,Peach blossom,J. J. Grandville,1849,1082,1500,"floral,flowers,foliage",have
camellia__0c213d8f.jpg,0c213d8f-5090-4903-babe-d5eeb009d688,Camellia,J. J. Grandville,1849,1130,1500,"flora,floral,flowers",have
erratum__abfc2fdd.jpg,abfc2fdd-1d49-4fc1-858b-6110b147fd49,Erratum,J. J. Grandville,1849,1170,1500,"floral,flowers",have
frontispiece-to-volume-i__a8688f0e.jpg,a8688f0e-9b8a-40d6-bcf9-8b56c9328902,Frontispiece to Volume I,J. J. Grandville,1849,1063,1500,"floral,flowers",have
gillyflower__b61cd150.jpeg,b61cd150-782c-40f8-8224-10cd1b133a47,Gillyflower,J. J. Grandville,1849,1208,1500,"floral,flowers",have
marshmallow__bd66d8bc.jpg,bd66d8bc-4784-46e2-a2b4-4e05f7f6adb3,Marshmallow,J. J. Grandville,1849,1065,1500,"floral,flowers",have
marguerite__bbaf094a.jpg,bbaf094a-637e-43f3-8f14-9827a832ec7f,Marguerite,J. J. Grandville,1849,1078,1500,"floral,flowers",have
pansy__b55bedad.jpg,b55bedad-fd02-4a80-b444-23cf3b4d5583,Pansy,J. J. Grandville,1849,1094,1500,"floral,flowers",have
lily__b5d515ab.jpg,b5d515ab-df5d-4e7d-a7a5-fdbd8c5f1f4a,Lily,J. J. Grandville,1849,1094,1500,"floral,flowers",have
sensitive__cf9513ba.jpg,cf9513ba-c6a3-4afe-9d70-f2d7d8522eab,Sensitive,J. J. Grandville,1849,1071,1500,"floral,flowers",have
sunflower__c4e34079.jpg,c4e34079-77b9-42cd-bde7-8791275fd349,Sunflower,J. J. Grandville,1849,1078,1500,"flora,floral,flowers",have
tropaeolum-majus__d7c6eb38.jpg,d7c6eb38-97be-489d-b950-6d77b6957003,*Tropaeolum majus*,J. J. Grandville,1849,1112,1500,"floral,flowers,foliage",have
flax__d91908c8.jpg,d91908c8-178e-46a8-a969-bf77810919db,Flax,J. J. Grandville,1849,1062,1500,"floral,flowers",have
dried-periwinkle__ec001af9.jpg,ec001af9-b4b9-4fb6-8c31-e303e788c07d,Dried Periwinkle,J. J. Grandville,1849,1082,1500,"floral,flowers",have
hortensia-and-crown-imperial__ed0602b9.jpg,ed0602b9-a9d7-489d-a734-97343372b3bf,Hortensia and crown imperial,J. J. Grandville,1849,1129,1500,"floral,flowers",have
myosotis__e51f04f5.jpg,e51f04f5-8658-41de-a507-d5cd635f57e3,Myosotis,J. J. Grandville,1849,1055,1500,"floral,flowers",have
primerose-and-snowdrop__e1df83bc.jpg,e1df83bc-77c6-44b4-9a93-23d821578cfa,Primerose and snowdrop,J. J. Grandville,1849,1061,1500,"floral,flowers,trees",have
milk-thistle__e405a930.jpg,e405a930-6089-4502-84a0-f7bf60353280,Milk thistle,J. J. Grandville,1849,1168,1500,"floral,flowers",have
violet__edc30883.jpg,edc30883-1816-4865-888f-5e4762794a1f,Violet,J. J. Grandville,1849,1129,1500,"flora,floral,flowers,leaves",have
verbena__f88fd225.jpg,f88fd225-98cb-468f-a364-62a39d32e2d8,Verbena,J. J. Grandville,1849,1134,1500,"floral,flowers,trees",have
jasmin__f7bc7d22.jpg,f7bc7d22-d86b-4a7b-b06d-4af06e41e538,Jasmin,J. J. Grandville,1849,1065,1500,"floral,flowers",have
cactus__fcabaa18.jpg,fcabaa18-d90b-4ce7-a2ab-ce544640f2fc,Cactus,J. J. Grandville,1849,1090,1500,"floral,flowers",have
pomegranate__f7af3c6b.jpg,f7af3c6b-5285-481d-b8ae-0b5b80fa0bb8,Pomegranate,J. J. Grandville,1849,1060,1500,"floral,flowers",have
laurel__f8d0a6d6.jpg,f8d0a6d6-1c20-4acd-a8cf-ec8571444df5,Laurel,J. J. Grandville,1849,995,1500,"floral,flowers",have
tulip__f59cd4e4.jpg,f59cd4e4-a6d4-4220-ae74-b487683194f9,Tulip,J. J. Grandville,1849,1068,1500,"floral,flowers",have
untitled__426b2c82.jpeg,426b2c82-2b2a-405c-9fb2-b9685d039e4f,,,1902,1512,2176,"flowers,leaves",have
untitled__90ec095c.jpeg,90ec095c-8ec6-4717-85be-89a8c1ab26ed,,,1902,1627,2244,flowers,have
untitled__bc5326bd.jpeg,bc5326bd-cd39-494d-8a2c-e4905e29f5b1,,,1902,1550,2168,"floral,flowers",have
untitled__b80c413e.jpeg,b80c413e-ae1b-472d-b861-cb6fde9b8c5f,,,1902,1649,2268,flowers,have
untitled__bb151626.jpeg,bb151626-8d77-407f-b5e7-8a6961ce308e,,,1902,1610,2282,flowers,have
but-there-was-no-voice-throughout-the-vast-illimitable-deser__6e1c868e.jpg,6e1c868e-e087-4930-adf5-38a2b7fd4d91,"But there was no voice throughout the vast, illimitable desert (Silence)",Harry Clarke,1919,525,700,flowers,have
hallow-een-greetings-happy-reflections__4e61cafb.jpg,4e61cafb-54a9-4f43-9ee6-cbcd4dc75504,Hallow'een Greetings: Happy Reflections,,ca. 1920,494,760,flowers,have
the-fearmaker-furchtmaker-a-bilen-fairy-tale__1c676160.jpg,1c676160-6694-44ee-b25a-4347e1b8f56e,"“The Fearmaker [Furchtmaker]”, a Bilen fairy tale.",Tom Seidmann-Freud,1924,1774,1420,flora,have
view-of-the-south-coast-of-java__f5e1d82f.jpg,f5e1d82f-8e40-414e-a183-beca72effa11,View of the south coast of Java,Franz Wilhelm Junghuhn,1854,4554,3579,flora,have
mythological-bird__72aeb591.jpg,72aeb591-ceb4-41a7-baec-ae8299a0e73f,Mythological Bird,Anonymous,1750,707,1200,flora,have
dripping-mushroom__044adeb6.jpg,044adeb6-b236-4090-a8b6-ed384d5c66e1,Dripping Mushroom,Julie de Graag,1916,883,1200,flora,have
squirrel-on-a-tree-branch__2c5e7a56.jpg,2c5e7a56-160f-4589-b237-cb77a06c6324,Squirrel on a Tree Branch,Anonymous,ca. 1700,935,1200,flora,have
untitled__1985bcb9.jpg,1985bcb9-850c-40a0-b0f9-7d2d7b1f138d,,Madame B,ca. 1870s,3000,2080,"flora,trees",have
turtle-ferrying-a-monkey__62685dfd.jpeg,62685dfd-20bb-42e8-bafd-f8f3a85b6af6,Turtle Ferrying a Monkey,,ca. 1525–50,2548,2100,flora,have
untitled__1887109c.jpg,1887109c-be91-4a75-8ae5-961cd8ca3c10,,John Bingley Garland,ca. 1850–60,1824,1380,flora,have
untitled__19ebdd4b.jpg,19ebdd4b-f4e3-409b-ad12-a94c7f3fe9ac,,John Bingley Garland,ca. 1850–60,1844,1378,flora,have
untitled__06444668.jpg,06444668-cc70-4421-be3f-dab5d9e146b2,,John Bingley Garland,ca. 1850–60,1818,1448,flora,have
untitled__b61d578a.jpg,b61d578a-0eab-4376-8a77-66a9f33ac3dd,,John Bingley Garland,ca. 1850–60,1806,1448,flora,have
grotto-in-the-gardens-of-hortus-palatinus-heidelberg__9876925e.jpg,9876925e-18e5-4b0b-ba21-b1d188330ba8,"Grotto in the Gardens of Hortus Palatinus, Heidelberg",Matthieu Marian,1620,1400,1031,"flora,gardens",have
various-seaweed__ac007f5c.jpeg,ac007f5c-f2d1-4906-b0f7-3df440c5f2b1,Various Seaweed,Charles F. Durant,1850,2331,1647,"botany,flora,leaves",have
various-seaweed__b887d8fd.jpeg,b887d8fd-f8dd-4f72-a2c7-02a588691c09,Various Seaweed,Charles F. Durant,1850,2337,1646,"botany,flora",have
jungle-orchids-and-hummingbirds__ccb53d7d.jpg,ccb53d7d-506d-41ce-b609-18b99b4ddb1f,Jungle Orchids and Hummingbirds,Martin Johnson Heade,1872,1200,930,flora,have
untitled__1ac30939.jpg,1ac30939-81b3-44ae-809d-6f53bf9cf0ca,,Elias Ashmole,1652,931,1200,flora,have
dandelion__f86b3c8b.jpg,f86b3c8b-724f-4143-87a5-dcc2104cb903,Dandelion,Barbara Regina Dietzsch,ca. 1755,876,1200,flora,have
the-unicorn-rests-in-a-garden__ce15e1c4.jpg,ce15e1c4-1a4a-4db1-ba69-e51cec4b8b8c,The Unicorn Rests in a Garden,,1495–1505,564,799,flora,have
the-sisyphus__6221ec6d.jpg,6221ec6d-bf8a-43e5-a8e8-63601b4a0f72,The Sisyphus,E. J. Detmold,1921,755,800,flora,have
natural-history-of-carolina-florida-and-the-bahama-islands-v__5c5827be.jpg,5c5827be-1743-4658-ae4d-04d14b76bf46,"Natural History of Carolina, Florida and the Bahama Islands, v1. Tab 11",Mark Catesby,1731,1024,748,"flora,leaves",have
natural-history-of-carolina-florida-and-the-bahama-islands-v__0335a604.jpg,0335a604-29be-4b58-bb28-38009bef5155,"Natural History of Carolina, Florida and the Bahama Islands, v1. Tab 30",Mark Catesby,1731,1024,737,"flora,leaves",have
natural-history-of-carolina-florida-and-the-bahama-islands-v__5c2f5124.jpg,5c2f5124-eaae-482b-9b10-cdd41269204e,"Natural History of Carolina, Florida and the Bahama Islands, v1. Tab 10",Mark Catesby,1731,553,768,"flora,leaves",have
natural-history-of-carolina-florida-and-the-bahama-islands-v__3fff456d.jpg,3fff456d-1a53-41bd-a357-67ab21f6354c,"Natural History of Carolina, Florida and the Bahama Islands, v2. app. Tab 8",Mark Catesby,1743,1004,768,flora,have
natural-history-of-carolina-florida-and-the-bahama-islands-v__3eeae9a7.jpg,3eeae9a7-1758-4a68-bcc6-4e4fcac0e536,"Natural History of Carolina, Florida and the Bahama Islands, v2. Tab 46",Mark Catesby,1743,1002,768,"flora,foliage",have
natural-history-of-carolina-florida-and-the-bahama-islands-v__a807f172.jpg,a807f172-89d5-44e7-8308-add24752e286,"Natural History of Carolina, Florida and the Bahama Islands, v2. Tab 45",Mark Catesby,1743,1019,768,"flora,leaves",have
guide-for-constructing-the-letters-k-and-l__eeb320ab.jpg,eeb320ab-c6a4-49c4-a6b9-301c379be212,Guide for Constructing the Letters k and l,Joris Hoefnagel,ca. 1595,827,1200,flora,have
plate-99-trochilidae__2e36a25b.jpeg,2e36a25b-3cf9-4329-9791-c4204aad018c,"Plate 99, Trochilidae",Ernst Haeckel,1904,711,1024,flora,have
bookplate-of-charles-davies-sherborn__1a77d087.jpg,1a77d087-57af-4a8f-96db-27ffb49f954a,Bookplate of Charles Davies Sherborn,,1890,860,1024,flora,have
parasitic-anemone__47fabffa.jpg,47fabffa-74ae-42ca-8050-5ce84070ecbd,Parasitic Anemone,Philip Henry Gosse,1856,631,1024,flora,have
untitled__6cfd3411.jpg,6cfd3411-0b83-485c-9a05-1435e9b88bea,,,1847,1024,479,flora,have
untitled__671c0f8c.jpg,671c0f8c-6a31-4b58-b9a3-9b7d21501107,,,1847,626,550,flora,have
untitled__7e249b11.jpg,7e249b11-52d7-42c3-b502-9ee7096517db,,,1847,645,831,flora,have
untitled__bc877e59.jpg,bc877e59-33fd-4caa-8211-6991453429af,,,1847,1538,825,flora,have
the-flower-garden__49dda200.jpg,49dda200-25a2-434f-8501-4de512921bad,The Flower Garden,Matthew Darly,1777,650,923,"flora,gardens",have
the-rainbow__f2333711.jpg,f2333711-6c9c-4242-9b29-79494ecfcaa5,The Rainbow,Félix Bracquemond,after 1885,1000,756,flora,have
the-fabulous-creature-buraq__2eaab0ee.jpg,2eaab0ee-637c-406f-8c70-90df32a897c9,The Fabulous Creature Buraq,,ca. 1660–80,1000,736,flora,have
buraq__9f5416ef.jpg,9f5416ef-14c4-42cf-860f-f14536c7ff97,Buraq,,1717,636,432,flora,have
solvtio-perfecta-illustration-in-em-donum-dei-ortus-diviciar__084ec467.jpg,084ec467-83ca-4579-baef-f73e1f5efb64,"'Solvtio Perfecta', illustration in <em>Donum Dei: Ortus diviciarum sapiencie Dei</em>, 17th century",,,517,800,flora,have
untitled__c0b9ef50.jpg,c0b9ef50-df88-4f15-ada4-babbc224343b,,Anne Wagner,1795-1834,1000,644,flora,have
untitled__3c629637.jpg,3c629637-d6af-4e96-9581-bf8433be834c,,Giuseppe Maria Mitelli,1718,563,800,flora,have
manticore__8b363634.jpg,8b363634-e202-46df-ae87-3d366b2d75b4,Manticore,,13th century,800,798,flora,have
untitled__101517b5.jpg,101517b5-bbfe-472d-801c-4f77a34392c4,,,,900,783,flora,have
untitled__103d2b95.jpg,103d2b95-c452-4f65-ab5d-85b9df9e0d91,,,ca. 1467,600,901,flora,have
the-mud-turtle-jumping-over-the-wigwam-of-his-father-in-law__5efb8d49.jpg,5efb8d49-2726-4a47-ae3d-7485bbc5d561,The Mud-Turtle Jumping Over the Wigwam of His Father-in-Law,Charels G. Leland,1884,560,463,flora,have
untitled__47cd0a90.jpg,47cd0a90-4fde-45e7-bd01-620df1b35b5f,,Frederick Whitney,1909,1169,1500,flora,have
untitled__b81b4f94.jpg,b81b4f94-bf2b-49c9-93bb-635c07cbed8b,,,ca. 1700,700,1094,flora,have
spring-morning-in-the-han-palace-detail__6c86037d.jpg,6c86037d-2c83-4d09-8f44-c1428b7094b5,Spring Morning in the Han Palace (detail),Qiu Ying,17th century,800,461,"flora,gardens",have
untitled__14af2ca2.jpg,14af2ca2-7e0d-46a3-9cc2-16c1306d69d1,,,1678-1693,800,631,"botany,flora,foliage,trees",have
untitled__745cf0b4.jpg,745cf0b4-82c1-4d5b-8c4c-21f808b1dff5,,,1678-1693,800,665,"botany,flora",have
embalming-jar__891c2b4e.jpg,891c2b4e-4d9a-45f7-bf2a-6b978f532b3e,Embalming Jar,Frederic Ruysch,1710,650,895,flora,have
the-wholeness-of-nature-reflected-in-the-mirror-of-art__c0c1f51e.jpeg,c0c1f51e-dc21-4115-9ca4-e32cd9cfdb0f,The Wholeness of Nature Reflected in the Mirror of Art,Robert Fludd,1617,8061,8206,flora,have
a-part-of-the-wall-crumbled-with-a-terrible-noise__b3770bac.jpg,b3770bac-b2a2-4dc2-b6c3-6a8e035882c2,A part of the wall crumbled with a terrible noise,Virginia Frances Sterrett,1920,620,826,flora,have
violette-consented-willingly-to-pass-the-night-in-the-forest__f330d9e3.jpg,f330d9e3-7bc7-4808-b3f8-7b30b73f7650,Violette consented willingly to pass the night in the forest,Virginia Frances Sterrett,1920,620,816,flora,have
untitled__211230ef.jpeg,211230ef-441e-4ac3-815d-06cacc798cae,,Anne Allen; Jean-Baptiste Pillement,ca. 1790s,3344,4532,floral,have
untitled__45dba210.jpeg,45dba210-f1a3-4880-8f61-d7dc94f35ab0,,Anne Allen; Jean-Baptiste Pillement,ca. 1790s,1864,2538,floral,have
carrying-cauliflowers__3d8a96a8.jpg,3d8a96a8-28bf-41cf-8869-b91d8c3bb964,Carrying cauliflowers,,ca. 1910,6008,4409,floral,have
the-hare-s-bride-a-fairy-tale-from-buckow-in-mecklenburg__4a522d8b.jpg,4a522d8b-9688-4f0b-bf15-fc333a75ae52,"“The Hare's Bride”, a fairy tale from Buckow in Mecklenburg.",Tom Seidmann-Freud,1924,1774,1420,floral,have
jas-t-brymn-and-cecil-mack-porto-rico__2e3ceeec.jpg,2e3ceeec-ed00-43aa-977e-02eb6378e082,"Jas T. Brymn and Cecil Mack, “Porto Rico”",,1910,1212,1624,floral,have
christy-bishop-and-victor-sciacca-we-ll-go-joyriding-up-in-t__6929784d.jpg,6929784d-b9cb-40e7-9d9b-f8a8dba8b67a,"Christy Bishop and Victor Sciacca, “We‘ll Go Joyriding Up in the Air”",,1911,4114,5237,floral,have
alex-rogers-and-will-marion-cook-red-red-rose__7800729e.jpg,7800729e-6587-41e6-845c-3f2abeb8ae2f,"Alex Rogers and Will Marion Cook, “Red Red Rose”",,1908,760,1000,floral,have
alex-rogers-why-adam-sinned__9ffdda5b.jpg,9ffdda5b-b62f-4cd0-ba0a-140c4d1b6fc6,"Alex Rogers, “Why Adam Sinned”",,1904,1502,2021,floral,have
r-c-mcpherson-cecil-mack-and-jas-t-brymn-build-a-nest-for-bi__ab51c6fb.jpg,ab51c6fb-afb7-41c4-aed0-ecad82b869dd,"R. C. McPherson (Cecil Mack) and Jas T. Brymn, “Build a Nest for Birdie”",,1906,1268,1650,floral,have
cecil-mack-and-chris-smith-abraham-lincoln-jones-or-the-chri__d6495bb2.jpg,d6495bb2-568e-4650-a241-b4d1d36533da,"Cecil Mack and Chris Smith, “Abraham Lincoln Jones, or, The Christening”",,1909,1248,1624,floral,have
atlas-moth__4fe3c8be.jpg,4fe3c8be-52ca-46e8-a76f-2e746895b9ab,Atlas Moth,Anonymous,ca. 1615,874,1200,floral,have
basketry-work-by-the-craftsman-ichida-sh-shichir-of-naniwa__43cbe9d3.jpg,43cbe9d3-ccb2-44fe-929d-b6c3f3e957fe,Basketry Work: By the Craftsman Ichida Shōshichirō of Naniwa,Utagawa Kunisada,1819,865,1200,floral,have
untitled__c6888227.jpg,c6888227-6bb6-414a-91fe-ff1550ac9cb8,,Madame B,ca. 1870s,3000,2060,floral,have
monkey-attempting-carpentry-and-inadvertently-catching-his-t__74fecb60.jpeg,74fecb60-823e-4361-8fbe-d4ba6f1d58a1,Monkey Attempting Carpentry and Inadvertently Catching His Testicles in the Split,,ca. 1525–50,2569,3279,"floral,trees",have
untitled__6aa4ca59.jpg,6aa4ca59-c10d-4256-b612-893dbcf47096,,Thomas Smillie,1890–1913,2048,1711,floral,have
black-high-school-age-student-at-the-robert-taylor-homes-a-h__a5d3e812.jpg,a5d3e812-3e51-407f-b2ec-a09791070cbb,"“Black high school age student at the Robert Taylor Homes, a highrise apartment...”",John H. White,1973–4,1023,1500,floral,have
untitled__19a42bd9.jpg,19a42bd9-45bb-4a74-b85e-c034e9f83a77,,John Bingley Garland,ca. 1850–60,1854,1502,floral,have
untitled__95b47045.jpg,95b47045-df55-41f7-be7e-36a49ce2d697,,John Bingley Garland,ca. 1850–60,1861,1554,floral,have
untitled__9371456a.jpeg,9371456a-adde-4055-a7b4-bf470d5593ef,,John Bingley Garland,ca. 1850–60,1841,1364,floral,have
untitled__3c080be4.jpeg,3c080be4-e905-4801-babb-7cfae687e3fb,,Philipp Hainhofer,1596–1633,802,1028,floral,have
untitled__5bd38e01.jpeg,5bd38e01-6e48-4cf3-8773-00e31b306c50,,Philipp Hainhofer,1596–1633,798,1050,floral,have
untitled__67bf16ce.jpeg,67bf16ce-54ef-49ba-8682-5f95f4f0ebdc,,Philipp Hainhofer,1596–1633,840,1014,floral,have
untitled__03ed0692.jpg,03ed0692-a716-4698-b584-8011d5f041a7,,Philipp Hainhofer,1596–1633,1400,1111,floral,have
untitled__0498cbd0.jpg,0498cbd0-d82b-47a1-9293-fe0b445700b7,,Philipp Hainhofer,1596–1633,991,1400,floral,have
untitled__e10f1c58.jpeg,e10f1c58-e9c4-4052-ae55-d7b7c9a9fdd0,,Philipp Hainhofer,1596–1633,786,1022,floral,have
silky-filamentous-sulphate-of-iron-ferrum-sulphuratum__c3ec7953.jpeg,c3ec7953-c52f-461b-90f5-99a1e59ddd73,Silky filamentous Sulphate of Iron (*Ferrum sulphuratum*),James Sowerby,1802–17,834,806,"floral,leaves",have
kimono-design__20e0021f.jpeg,20e0021f-bbcf-4818-93fd-cb9f20a15b99,Kimono design,Ueno Seikō,ca. 1902,694,948,floral,have
kimono-design__30299ff8.jpeg,30299ff8-469c-40f7-8259-a230c3f8d620,Kimono design,Ueno Seikō,ca. 1902,694,956,floral,have
kimono-design__37e06c71.jpeg,37e06c71-530e-4792-a085-0a2e4c88113b,Kimono design,Ueno Seikō,ca. 1902,700,964,floral,have
kimono-design__57caf241.jpeg,57caf241-c530-4528-a71f-67f40ef6248d,Kimono design,Ueno Seikō,ca. 1902,690,952,floral,have
kimono-design__5302c640.jpeg,5302c640-3624-4e4d-a29a-d70637c8a052,Kimono design,Ueno Seikō,ca. 1902,694,965,floral,have
kimono-design__77c7e65a.jpeg,77c7e65a-3eed-4ab1-b0d7-61cd204c1226,Kimono design,Ueno Seikō,ca. 1902,704,974,floral,have
kimono-design__d93f87bf.jpeg,d93f87bf-26f4-448d-84a9-f2f2854ce52f,Kimono design,Ueno Seikō,ca. 1902,700,972,floral,have
upholsterer__1364bf1c.jpg,1364bf1c-f88e-45ff-ac85-ff1c19dc6737,Upholsterer,Robert Bénard,18th century,1326,2097,floral,have
bride-in-the-greek-style__2f1dc349.jpg,2f1dc349-d36d-447a-a9e5-aef8530cdbd9,Bride in the Greek Style,Benigno Bossi,1771,800,1200,floral,have
frustules-of-diatoms__1849add6.jpg,1849add6-19f5-487b-aaec-68f8a4d67d63,Frustules of Diatoms,Julius Wiesner,1870,1059,1200,floral,have
untitled__44916560.jpg,44916560-e19b-4b4f-8697-9c86c28bd73c,,Elias Ashmole,1652,941,1200,floral,have
untitled__0d627dc8.jpg,0d627dc8-69ec-486e-9ee2-1b0afb89c396,,Elias Ashmole,1652,931,1200,floral,have
untitled__b9e50de9.jpg,b9e50de9-3f9f-4eb3-aa6f-1eb6045d3e03,,Elias Ashmole,1652,907,1200,floral,have
the-climax__7fc69a12.jpg,7fc69a12-c0f6-44cc-a841-6f3ae44eff07,The Climax,Aubrey Beardsley,1894,949,1200,floral,have
alchemy-scene-crowned-woman-in-red__ba302bd7.jpg,ba302bd7-ece5-416c-a69f-68401b5b5e7c,Alchemy Scene: Crowned Woman in Red,Anonymous,ca. 18th century,866,1200,floral,have
the-temptation-of-jesus-christ-7th-century__d5c10d4c.jpg,d5c10d4c-b877-4606-9236-27d069dc2308,The Temptation of Jesus Christ (7th century),John O. Westwood,1868,700,921,floral,have
a-young-daughter-of-the-picts__1e51c166.jpg,1e51c166-03c4-4b59-8245-1281404370bd,A Young Daughter of the Picts,Jacques Le Moyne de Morgues,ca. 1585,545,768,floral,have
thaddeus-davids-and-co-writing-inks__2c40b0c0.jpeg,2c40b0c0-b7fd-46a0-8bf0-7c37dc34c331,Thaddeus Davids and Co. Writing Inks,"Snyder, Black and Sturn",ca. 1857,829,1024,floral,have
guide-for-constructing-the-letters-h-and-i__0cfeb726.jpg,0cfeb726-6355-4476-9289-76f5df312f29,Guide for Constructing the Letters h and i,Joris Hoefnagel,ca. 1595,827,1200,floral,have
beatrice__3ba6e93b.jpg,3ba6e93b-58c4-4cb6-bb20-0f0be1633993,Beatrice,Odilon Redon,1897,1039,1200,floral,have
little-boy-lost__b60f2b55.jpg,b60f2b55-e3cc-4a8a-b3aa-c03b409b5a36,Little Boy Lost,William Blake,ca. 1825,857,1200,floral,have
cover-for-em-to-the-end-em__156843dd.jpg,156843dd-f343-48e8-a600-d2fed50885f7,Cover for <em>To the End</em>,,ca. 1898,422,680,floral,have
christ-on-the-cross-with-angels__b347eb16.jpg,b347eb16-24b2-4dea-9ade-61df666b1491,Christ on the Cross with Angels,,1483,739,1024,floral,have
tragedy-of-the-seas__c2553785.jpg,c2553785-2eae-4306-81fc-886d0952a6e1,Tragedy of the Seas,Charles Ellms,1841,494,799,floral,have
18th-century__45b8893d.jpg,45b8893d-001e-4da1-8ef3-4387918c30ec,18th Century,Albert Racinet,1869–73,678,1024,floral,have
arabic__47ead7ee.jpg,47ead7ee-7b31-49a8-9b01-c7fe11917335,Arabic,Albert Racinet,1869–73,683,1024,floral,have
renaissance__9a86e1af.jpg,9a86e1af-5519-439a-b06d-e73be1e756d3,Renaissance,Albert Racinet,1869–73,823,1200,"floral,foliage",have
chinese__9b81149a.jpg,9b81149a-76a8-4e19-a237-c3e7050af2c5,Chinese,Albert Racinet,1869–73,695,1024,floral,have
chinese-japanese__cec9fc68.jpg,cec9fc68-b871-4d71-a5b8-cef23fde079e,Chinese-Japanese,Albert Racinet,1869–73,688,1024,floral,have
fore-edge-for-a-copy-of-the-poetical-works-of-thomas-campbel__567be99f.jpg,567be99f-018e-48d7-84ca-e510846b0469,Fore-edge for a copy of *The Poetical Works of Thomas Campbell*,,1825,1024,333,floral,have
untitled__bb640680.jpg,bb640680-c3b7-4623-b3b1-676e12956a4b,,Robert Seaver,1782,799,490,floral,have
i-shall-not-touch-it-i-assure-you-said-she__e62fc568.jpg,e62fc568-0b40-48ba-b849-f7e034285298,"“I shall not touch it I assure you”, said she",Nathaniel Hawthorne,1921,620,806,floral,have
work-for-women-1898__2510cf3c.jpg,2510cf3c-b939-4168-809e-d61748b5a6a0,"Work for Women, 1898",Jan Toorop,1898,800,1367,floral,have
poster-for-a-rural-social-rehabilitation-institution-in-beek__0df5000a.jpg,0df5000a-2281-443c-b113-1e6cf65808a7,"Poster for a rural social rehabilitation institution in Beekbergen, 1896",Jan Toorop,1896,800,1075,floral,have
seated-woman__7e6a66f3.jpg,7e6a66f3-bc76-4b1b-924e-9d34ac5127e1,Seated Woman,Kusakabe Kimbei,Late 19th century,612,800,floral,have
tughra-official-signature-of-sultan-s-leiman-the-magnificent__5369e308.jpg,5369e308-8657-43a1-b944-87a312ac6a97,Tughra (Official Signature) Of Sultan Süleiman The Magnificent (R. 1520–66),Anonymous,ca. 1555–60,1000,851,floral,have
untitled__1933bdbf.jpg,1933bdbf-73af-4ea2-8d71-da96ab7c2f0a,,,ca. 1919,600,797,floral,have
untitled__4fd7f603.jpg,4fd7f603-7c43-48e5-abb3-18e5ef613cb4,,,ca. 1919,600,804,floral,have
the-buraq-worshipped-by-two-princes__73b298ea.jpg,73b298ea-9e7d-4510-8eef-8a1309287236,The Buraq Worshipped by Two Princes,,19th century,1023,635,floral,have
alchemical-diagram__27776e5d.jpg,27776e5d-d882-49fb-9ecf-4ed8ed8c2539,Alchemical diagram,,ca. 17th century,526,800,"floral,foliage",have
black-sun__844369ca.jpg,844369ca-1fb1-4b79-8c3f-1fc1513be1c5,Black Sun,,1582,530,800,floral,have
alchemical-image__d3e89dfd.jpg,d3e89dfd-577a-43f8-b764-cf6c948cb8b4,Alchemical image,,15th century,600,800,floral,have
untitled__56105744.jpg,56105744-1d5b-4aed-82cf-feafb26599dd,,Anne Wagner,1795-1834,1000,635,floral,have
untitled__877c371b.jpg,877c371b-0cd7-4eb9-bf77-c472796a9999,,Anne Wagner,1795-1834,1000,638,floral,have
untitled__a7097028.jpg,a7097028-6ee5-40dd-856f-97a8b6a0acc1,,Anne Wagner,1795-1834,1000,645,floral,have
untitled__df9dee6d.jpg,df9dee6d-c19c-46aa-94bc-594f57e03cfb,,Anne Wagner,1795-1834,1000,634,floral,have
untitled__ea733852.jpg,ea733852-70c2-459a-8f6f-bd6ecce02089,,Anne Wagner,1795-1834,1000,633,floral,have
fig-6-represents-a-crown-with-the-greater-part-of-the-fruit-__7639be58.jpg,7639be58-c757-4ee2-933c-44da6ff18ead,"Fig. 6 represents a crown with the greater part of the fruit left bare, while the crown is carved out of the peel at the top.",,1910,499,494,floral,have
the-young-hercules-strangling-a-snake__3427a0cf.jpg,3427a0cf-b024-4454-909e-d4ae6c6f41be,The Young Hercules Strangling a Snake,Cornelis Bos,1516–56,800,1168,"floral,foliage",have
a-naked-boy-leaning-over-a-crossbar__58574fbb.jpg,58574fbb-bc5d-4266-887c-aeb3e00aae2c,A Naked Boy Leaning Over a Crossbar,Cornelis Bos,ca. 1516–56,800,1125,"floral,foliage",have
a-woman-riding-a-deer-leads-a-procession__6726e883.jpg,6726e883-43db-4db1-b680-97adc8f8e4d8,A Woman Riding a Deer Leads a Procession,Cornelis Floris II; Hieronymus Cock,ca. 1550,1000,320,"floral,foliage",have
charity-trapped-in-a-shell-like-shape__652eb9e4.jpg,652eb9e4-2b6d-4d9c-b641-f35c8c8ee8fe,Charity Trapped in a Shell-Like Shape,Cornelis Floris II; Hieronymus Cock; Johannes or Lucas van Doetecum,1556,800,1191,"floral,foliage",have
figures-trapped-in-a-shell-like-ornament-with-a-man-and-woma__7ba18bf2.jpg,7ba18bf2-6f2a-45ec-9d56-f9ff1a59233d,Figures Trapped in a Shell-Like Ornament With a Man and Woman Clamped in Shells,Cornelis Floris II; Hieronymus Cock,1556,800,1159,"floral,foliage",have
men-and-fruits__93905bcc.jpg,93905bcc-776a-4167-8be5-ce99bc3f9d54,Men and Fruits,Cornelis Floris II; Hieronymus Cock,1556,800,1154,"floral,foliage",have
a-fountain-in-the-shape-of-a-cage__952cba91.jpg,952cba91-691e-4394-8335-849efb7927e0,A Fountain in the Shape of a Cage,Cornelis Floris II; Hieronymus Cock,1557,800,1150,"floral,foliage",have
men-and-women-surrounding-a-face__a5f363bc.jpg,a5f363bc-74e4-470f-90f3-7d6c52072535,Men and Women Surrounding a Face,Hieronymus Cock; Pieter van der Heyden; Jacob Floris,1567,800,1243,"floral,foliage",have
a-woman-and-two-satyrs-by-a-fountain__a97c8935.jpg,a97c8935-ade7-4114-8197-28cd4bd92573,A Woman and Two Satyrs by a Fountain,Cornelis Floris II; Hieronymus Cock; Johannes or Lucas van Doetecum,1556,800,1089,"floral,foliage",have
fragment-of-a-larger-design-1558-1608-designer-hans-vredeman__b5bbb988.jpg,b5bbb988-1391-409c-86c1-7e2b7600ea9b,"Fragment of a larger design (1558 - 1608), designer Hans Vredeman de Vries, engraver Johannes or Lucas van Doetecum, publisher Hieronymus Cock",Cornelis Floris II; Hieronymus Cock; Johannes or Lucas van Doetecum,1558–1608,762,2047,"floral,foliage",have
a-chariot-pulled-by-two-men-and-a-goat__b209c2aa.jpg,b209c2aa-985c-4da9-8cdf-4921dbba0a0c,A Chariot Pulled by Two Men and a Goat,Cornelis Floris II; Hieronymus Cock,1552,1000,336,"floral,foliage",have
man-surrounded-by-birds-and-various-creatures__da96dca5.jpg,da96dca5-a456-42bc-84a6-a7ea393026c5,Man Surrounded by Birds and Various Creatures,Cornelis Floris II; Hieronymus Cock; Johannes or Lucas van Doetecum,1557,800,1193,"floral,foliage",have
untitled__fcef4203.jpg,fcef4203-cf9e-4854-8e95-3e7654cb5e6d,,Hugo Simberg,ca. 1908,1023,765,floral,have
departing-on-a-trip-2__64bbbbfb.jpg,64bbbbfb-5082-4738-98fb-c7196c7ff215,Departing on a Trip 2,,19th century,800,238,floral,have
the-cover__722a9921.jpg,722a9921-694e-4d38-92fe-4a5740168e75,The Cover,,19th century,800,264,floral,have
dirges-and-laments__1e85bba7.jpg,1e85bba7-fedd-4625-ab43-0a7be3590818,Dirges and Laments,Robert Anning Bell,1902,1000,797,floral,have
adonais-an-elegy-on-the-death-of-john-keats__507c00c1.jpg,507c00c1-8593-48ba-aa92-76af9c72929f,Adonais: An Elegy on the Death of John Keats,Robert Anning Bell,1902,1000,795,floral,have
shorter-lyrics__5146dc5a.jpg,5146dc5a-bd04-4e43-8dfb-50cd714b6b1a,Shorter Lyrics,Robert Anning Bell,1902,1000,812,floral,have
the-triumph-of-life__dc524a3a.jpg,dc524a3a-12a0-4c3e-abf2-dadee642e800,The Triumph of Life,Robert Anning Bell,1902,1000,775,floral,have
miscellaneous-poems__ea12baff.jpg,ea12baff-fc7d-40de-82ef-621efac29800,Miscellaneous Poems,Robert Anning Bell,1902,1000,797,floral,have
untitled__4be0dee3.jpg,4be0dee3-a1e1-41ed-9652-cf24c07e28c8,,Joris Hoefnagel; Georg Bocskay,ca. 1595,706,1024,floral,have
untitled__6e4ae110.jpg,6e4ae110-2b88-4306-8125-814969424c7e,,Joris Hoefnagel; Georg Bocskay,ca. 1595,706,1024,floral,have
untitled__caeb6181.jpg,caeb6181-addc-42e4-ae3b-b604190a6857,,Joris Hoefnagel; Georg Bocskay,ca. 1595,706,1024,floral,have
untitled__f20ccff3.jpg,f20ccff3-faf8-44fa-bddf-b31d5f48ddde,,Joris Hoefnagel; Georg Bocskay,ca. 1595,706,1024,floral,have
the-embalmed-body-of-julia-pastrana-on-display__5eefefc5.jpg,5eefefc5-a5dd-470e-97cb-a9bd9e0bfdc7,The Embalmed Body of Julia Pastrana on Display,George Wick,ca. 1860s,745,1023,floral,have
francesca-auriol__205018e6.jpg,205018e6-a19e-44ae-9bcd-922570da2974,Francesca Auriol,,ca. 1860s,716,800,floral,have
untitled__1366d994.jpg,1366d994-bb54-4eb0-b7fb-a15cf059f4da,,Master of San Miniato,15th century,600,840,floral,have
untitled__1d1a6ae6.jpg,1d1a6ae6-e1e6-42e7-8c44-d1495b0fe912,,Master of San Miniato,15th century,600,789,floral,have
untitled__a4fbb2bc.jpg,a4fbb2bc-a177-4950-b07a-ab3ff5f12674,,Master of San Miniato,15th century,600,839,floral,have
the-wedding__7e470fc3.jpg,7e470fc3-7424-4316-8003-a4b99560924e,The Wedding,,ca. 1900,1024,496,floral,have
the-bride-ready-for-the-ceremony__a539080b.jpg,a539080b-1c03-480d-8f0b-eb0dff3bc4ab,The Bride Ready for the Ceremony,,ca. 1900,1024,505,floral,have
untitled__13e5edba.jpg,13e5edba-d97e-47f8-b75d-151ee48671b3,,,,187,250,floral,have
untitled__b13c7a76.jpg,b13c7a76-cd28-42e5-9d0d-1260c381cd55,,,,950,181,"floral,foliage",have
untitled__db36d4ee.jpg,db36d4ee-097b-4923-bd0e-8f05205419d0,,,,950,249,"floral,leaves",have
canon-table-page__8047d041.jpg,8047d041-9725-45f6-99e5-c14969ce43b8,Canon Table Page,T'oros Roslin,1256,555,700,floral,have
guide-for-constructing-the-letters-h-and-i__a5b50ecf.jpg,a5b50ecf-632a-4df7-b775-d9642105a5eb,Guide for Constructing the Letters h and i,Joris Hoefnagel; Georg Bocskay,ca. 1591–6,529,768,floral,have
decorated-incipit-page__b351cf1e.jpg,b351cf1e-91cd-4762-aa4d-ce4b4479057f,Decorated Incipit Page,,1637–8,553,800,floral,have
skeleton-leaves__52a16705.jpg,52a16705-b3b8-488d-8abb-0f691c47fc10,Skeleton Leaves,John P. Soule,1873,980,465,"floral,leaves",have
skeleton-leaves__8fd289d7.jpg,8fd289d7-6aca-4628-b404-0aae377f48f6,Skeleton Leaves,John P. Soule,1873,980,460,"floral,leaves",have
a-string-quartet__77ecea1f.jpg,77ecea1f-1c73-4bc3-8b0c-929c73c256da,A String Quartet,Vanessa Bell,1921,540,734,floral,have
untitled__60260e7d.jpg,60260e7d-fe75-4c88-b371-0229dcdd55d9,,Charles Mavelot,1695,800,564,floral,have
untitled__a46f2695.jpg,a46f2695-3a97-4758-afc0-b5db3ada0de4,,Charles Mavelot,1695,800,564,floral,have
untitled__a3419c58.jpg,a3419c58-f962-4550-9b7c-5e9bea399719,,Charles Mavelot,1695,800,564,floral,have
untitled__4787bc58.jpeg,4787bc58-bf9e-4161-866d-8b30576fdb03,,,1902,1607,2237,floral,have
untitled__734269f4.jpeg,734269f4-e950-467e-8475-6b11340857cf,,,1902,1588,2230,floral,have
all-hallowe-en-greetings__0cda6251.jpg,0cda6251-6469-44d2-82cc-3976a07339f4,All Hallowe'en Greetings,,1908,760,489,floral,have
shield-fern-fronds__0404969a.jpg,0404969a-9441-4ec6-a112-46d2ff56d71a,Shield Fern Fronds,Karl Blossfeldt,1928,1153,1500,botany,have
shells__8a57ad38.jpeg,8a57ad38-6f9b-4762-b70d-42cc5f203bfd,Shells,Anna Atkins,1823,2334,1722,botany,have
elgin-botanic-garden__4adb5c65.jpg,4adb5c65-8f83-4573-ba28-979ddcebda23,Elgin Botanic Garden,L. Simond; William Satchwell Leney,1802,1024,602,botany,have
different-stages-of-a-diseased-tongue-with-yellow-fever__5a68f315.jpg,5a68f315-4202-40e8-b59f-db5c1fe8caf6,Different Stages of a Diseased Tongue with Yellow Fever,Charles Philibert de Lasteyrie,1820,834,1024,botany,have
david-hosack__070ed3c8.jpg,070ed3c8-8fda-4bdf-a6b2-d5fcb42bb92d,David Hosack,A. B. Durand; Thomas Sully,1835,824,1024,botany,have
elgin-botanic-garden__d862cf01.jpg,d862cf01-e5dc-424b-887d-018055e76ab8,Elgin Botanic Garden,,1811,1023,722,"botany,gardens,trees",have
leaf__b24310db.jpg,b24310db-bb5a-49bd-a07d-012248fd8585,Leaf,William Henry Fox Talbot,ca. 1839,1000,804,"botany,leaves",have
frontispiece-to-the-temple-of-nature-1803-by-erasmus-darwin__b9462c98.jpg,b9462c98-9283-4017-9e89-4bbdf087fde7,Frontispiece to *The Temple of Nature* (1803) by Erasmus Darwin,,1803,738,1024,botany,have
rhus-typhina-sumach-or-stag-horn__2765a80a.jpg,2765a80a-8f05-4685-8508-b426ef7235a0,Rhus Typhina – Sumach or Stag-horn,Romeyn Beck Hough,1888–1913,600,933,"botany,trees",have
quercus-obtusiloba-post-oak__3adb0d02.jpg,3adb0d02-41c9-4ea3-8dc1-c8c7376b7c65,Quercus obtusiloba – Post Oak,Romeyn Beck Hough,1888–1913,600,912,"botany,trees",have
quercus-michauxii-basket-oak__450d5d77.jpg,450d5d77-6f1b-42b9-b672-c723bf547cd2,Quercus Michauxii – Basket Oak,Romeyn Beck Hough,1888–1913,600,915,"botany,trees",have
jaglans-nigra-black-walnut__52bcf01d.jpg,52bcf01d-01c6-4986-a955-dd5c69cc045f,Jaglans nigra – Black Walnut,Romeyn Beck Hough,1888–1913,600,918,"botany,trees",have
thuja-gigantea-pacific-arborvitae__68ef97db.jpg,68ef97db-350a-484b-b12e-0131d07010c0,Thuja gigantea – Pacific Arborvitae,Romeyn Beck Hough,1888–1913,600,891,"botany,trees",have
quercus-digitata-finger-oak__6d2e4aa6.jpg,6d2e4aa6-d0f6-46ac-813c-2e8cca53e47d,Quercus digitata – Finger Oak,Romeyn Beck Hough,1888–1913,600,911,"botany,trees",have
sassafras-officinale-sassafras__6c8a21d4.jpg,6c8a21d4-efa4-4517-9e1b-b93444c27fb3,Sassafras officinale – Sassafras,Romeyn Beck Hough,1888–1913,600,899,"botany,trees",have
asimina-triloba-papaw__8f7c50ad.jpg,8f7c50ad-4791-424d-94c5-ec3fdda0f4a6,Asimina triloba – Papaw,Romeyn Beck Hough,1888–1913,600,919,"botany,trees",have
castaneavesca-var-amer-chestnut__92594e6a.jpg,92594e6a-a081-4fcf-86c4-dbebb608ec20,"Castaneavesca, Var Amer. – Chestnut",Romeyn Beck Hough,1888–1913,600,904,"botany,trees",have
pletanus-occidentalis-sycamore-or-button-wood__9e59db8a.jpg,9e59db8a-073c-46db-a231-7807280a06fd,Pletanus occidentalis – Sycamore or Button-wood,Romeyn Beck Hough,1888–1913,600,896,"botany,trees",have
pyrus-rivularis-oregon-crab-apple__005354ab.jpg,005354ab-9c7e-49c4-ab50-16e13db639d3,Pyrus rivularis – Oregon Crab Apple,Romeyn Beck Hough,1888–1913,600,896,"botany,trees",have
gleditschia-triacanthos-honey-locust__0254c481.jpg,0254c481-6c93-4257-9e54-469f7da10163,Gleditschia triacanthos – Honey Locust,Romeyn Beck Hough,1888–1913,600,963,"botany,trees",have
quercus-coccinea-scarlet-oak__b032b882.jpg,b032b882-7e9d-4778-9f79-186ad13ced22,Quercus coccinea – Scarlet Oak,Romeyn Beck Hough,1888–1913,600,899,"botany,trees",have
quercus-rubra-red-oak__b7acace4.jpg,b7acace4-a9e2-454c-a774-ea4a16bd4d18,Quercus rubra – Red Oak,Romeyn Beck Hough,1888–1913,600,892,"botany,trees",have
quercus-prinus-rock-oak__d4f55f45.jpg,d4f55f45-10bb-44e9-9e4c-8dd0a68fafc8,Quercus Prinus – Rock Oak,Romeyn Beck Hough,1888–1913,600,908,"botany,trees",have
platanus-wrightii-arizona-sycamore__d8cf6667.jpg,d8cf6667-50ab-4103-82cc-64929a1bdcfc,Platanus Wrightii – Arizona Sycamore,Romeyn Beck Hough,1888–1913,600,912,"botany,trees",have
equoia-gigantea-big-tree-giant-redwood__e7978389.jpg,e7978389-c263-4e45-93d9-0de7d6630c6c,"equoia gigantea – Big Tree, Giant Redwood",Romeyn Beck Hough,1888–1913,600,908,"botany,trees",have
quercus-muhlenbergii-chinquapin-oak__e20f96f3.jpg,e20f96f3-4351-4fae-8681-8eb1cf817d5e,Quercus Muhlenbergii – Chinquapin Oak,Romeyn Beck Hough,1888–1913,600,914,"botany,trees",have
juglans-cinerea-butternut__e8e6ce7a.jpg,e8e6ce7a-bf80-4138-ae85-7bb7717ea331,Juglans cinerea – Butternut,Romeyn Beck Hough,1888–1913,600,917,"botany,trees",have
dalea-spinosa-dalea__efd6ca59.jpg,efd6ca59-14d8-495f-ae34-2724b9b13077,Dalea spinosa – Dalea,Romeyn Beck Hough,1888–1913,600,916,"botany,trees",have
transverse-section-of-plant-stem__a9a9fa6c.jpg,a9a9fa6c-f064-40a3-854b-dc16c9b43454,Transverse Section of Plant Stem,Arthur E Smith,1909,600,940,botany,have
section-of-wheat-stem__a1a35926.jpg,a1a35926-4b6b-4c23-872d-4eabb43534e9,Section of Wheat-Stem,Arthur E Smith,1909,600,714,botany,have
untitled__d8a37300.jpg,d8a37300-68c9-4761-86d7-e24de7904666,,Johann Remmelin,1667,782,984,botany,have
illustrative-plate-from-nehemiah-grew-s-em-the-anatomy-of-pl__2ff14ca8.jpg,2ff14ca8-9fb0-431c-9970-bc917a0265ae,Illustrative plate from Nehemiah Grew’s <em>The Anatomy of Plants</em> (1682).,Nehemiah Grew,1682,640,616,botany,have
illustrative-plate-from-nehemiah-grew-s-em-the-anatomy-of-pl__3ee0b040.jpg,3ee0b040-90d4-4ce9-bcc6-6917d6fa6d6a,Illustrative plate from Nehemiah Grew’s <em>The Anatomy of Plants</em> (1682).,Nehemiah Grew,1682,640,606,botany,have
illustrative-plate-from-nehemiah-grew-s-em-the-anatomy-of-pl__4f480f22.jpg,4f480f22-8051-4e6d-9ffc-87c8c4f66bcc,Illustrative plate from Nehemiah Grew’s <em>The Anatomy of Plants</em> (1682).,Nehemiah Grew,1682,640,468,botany,have
illustrative-plate-from-nehemiah-grew-s-em-the-anatomy-of-pl__7efe9559.jpg,7efe9559-ce2d-4c33-b5d4-749707224e98,Illustrative plate from Nehemiah Grew’s <em>The Anatomy of Plants</em> (1682).,Nehemiah Grew,1682,640,581,botany,have
illustrative-plate-from-nehemiah-grew-s-em-the-anatomy-of-pl__863c4fa9.jpg,863c4fa9-e634-4a38-b215-63f5f474e6b8,Illustrative plate from Nehemiah Grew’s <em>The Anatomy of Plants</em> (1682).,Nehemiah Grew,1682,640,603,botany,have
illustrative-plate-from-nehemiah-grew-s-em-the-anatomy-of-pl__ccb94a22.jpg,ccb94a22-8907-4b0a-82ab-5b29cb70155e,Illustrative plate from Nehemiah Grew’s <em>The Anatomy of Plants</em> (1682).,Nehemiah Grew,1682,639,454,botany,have
illustrative-plate-from-nehemiah-grew-s-em-the-anatomy-of-pl__cb7eea6a.jpg,cb7eea6a-cc5c-4667-a97c-b8640f1babb1,Illustrative plate from Nehemiah Grew’s <em>The Anatomy of Plants</em> (1682).,Nehemiah Grew,1682,640,452,botany,have
the-kite-entangled__f6a73a76.jpg,f6a73a76-4fc0-4897-bc20-b190889e46e7,The Kite Entangled,George Morland; William Ward,1790,4232,5656,trees,have
boy-releasing-a-kite__6b03d10e.jpg,6b03d10e-a556-4def-bc0c-b4861ebcfc87,Boy Releasing a Kite,Katsushika Hokusai,ca. 1800–10,3000,1157,trees,have
a-kite-flying-competition__e66e7af6.jpg,e66e7af6-72df-42e4-83d8-32bf90f0337e,A kite-flying competition,,ca. 1850,3059,2291,trees,have
kites-of-fukuroi-and-distant-view-of-akiba-in-totomi-provinc__168d78a9.jpg,168d78a9-18ef-4395-abe0-6f0c19df95ec,Kites of Fukuroi and Distant View of Akiba in Totomi Province,Utagawa Hiroshige,1859,2036,3000,trees,have
the-wretched-king-nebuchadnezzar__ba75740f.jpg,ba75740f-1167-42a0-8e41-74fce761af39,The wretched King Nebuchadnezzar,,1559,2808,2808,trees,have
conjoined-twins-from-verona__7e15046a.jpg,7e15046a-4705-41f9-82ee-5ddb5d1bab7e,Conjoined twins from Verona,,1559,2634,2959,trees,have
two-monsters-one-male-the-other-female-seen-in-our-time-in-i__2f7da1d0.jpg,2f7da1d0-ef00-4ef7-8501-60ec639b5998,"Two monsters, one male, the other female, seen in our time in Italy",,1559,2617,2839,trees,have
a-king-who-was-so-fat-that-he-had-his-fat-sucked-out-by-leec__4d8278f2.jpg,4d8278f2-8044-4bda-b91a-e5e460aa275a,A king who was so fat that he had his fat sucked out by leeches,,1559,2634,2959,trees,have
male-monster-who-has-been-seen-in-france-in-our-time__f9cf34d5.jpg,f9cf34d5-8148-4e3c-94fa-bfe68cc5d0b4,Male monster who has been seen in France in our time,,1559,2657,2992,trees,have
monster-caught-in-the-forest__6abb724a.jpg,6abb724a-a8ea-4096-9044-6e6342786f5e,Monster caught in the forest,,1559,2596,2981,trees,have
a-carload-of-potato-from-california__5a52eb69.jpg,5a52eb69-fcc9-44e5-b6bf-4fb230afef05,A Carload of Potato from California,Edward H. Mitchell,1909,3383,2198,trees,have
a-carload-of-strawberries-from-california__66f6eaa7.jpg,66f6eaa7-2369-47bf-a2d3-321e06af8514,A Carload of Strawberries from California,Edward H. Mitchell,1909,3385,2181,trees,have
a-carload-of-lemons-from-california__3ffbef7d.jpg,3ffbef7d-4e83-44cc-95b9-18f67de84592,A Carload of Lemons from California,Edward H. Mitchell,1909,3381,2186,trees,have
a-carload-of-peaches-from-california__d47a539c.jpg,d47a539c-ae29-409a-92a5-dd36a1fb8317,A Carload of Peaches from California,Edward H. Mitchell,1909,3374,2179,trees,have
a-carload-of-mammoth-apples-from-california__4f03ef5a.jpg,4f03ef5a-48c9-424e-b335-a01422217fde,A Carload of Mammoth Apples from California,Edward H. Mitchell,1909,3383,2179,trees,have
a-carload-of-mammoth-navel-oranges-from-california__b62510cc.jpg,b62510cc-fec1-4bbe-927f-c14ee7665578,A Carload of Mammoth Navel Oranges from California,Edward H. Mitchell,1909,6759,4326,trees,have
view-of-rocchetta-mattei-from-the-west__cf2ef83e.jpg,cf2ef83e-c28e-4308-b2b3-035076350ccd,View of Rocchetta Mattei from the west,Pietro Poppi,ca. 1879–83,4071,3327,trees,have
from-boulevard-de-clichy__94ab307b.jpg,94ab307b-8bd1-408a-a92f-56ef3841eddd,From Boulevard de Clichy,Henri Rivière,1888–1902,3156,2640,trees,have
from-rue-lamarck__8883560c.jpg,8883560c-80e7-420b-9ce2-bf86d1f264c0,From Rue Lamarck,Henri Rivière,1888–1902,3084,2572,trees,have
from-the-bois-de-boulogne__f2be43ec.jpg,f2be43ec-f98a-4b08-bc5b-b4bb72c3eeaf,From the Bois de Boulogne,Henri Rivière,1888–1902,2824,2364,trees,have
from-the-le-des-cygnes__25bea5b3.jpg,25bea5b3-9aaa-4e5b-9a24-ecb42924c0c0,From the Île des Cygnes,Henri Rivière,1888–1902,2856,2384,trees,have
from-the-quai-de-javel-signalman-s-hut__c1340585.jpg,c1340585-75a0-4321-a7a0-26975d830549,From the Quai de Javel (Signalman’s Hut),Henri Rivière,1888–1902,2860,2384,trees,have
from-the-quai-de-passy-coalmen__c9862197.jpg,c9862197-0d17-4e96-b7a7-2948168d1e87,From the Quai de Passy – Coalmen,Henri Rivière,1888–1902,2872,2400,trees,have
from-bas-meudon-station__3cca2537.jpg,3cca2537-db82-4d0b-a12b-22b7bf31a832,From Bas-Meudon Station,Henri Rivière,1888–1902,2880,2400,trees,have
from-the-trocad-ro-gardens-autumn__b6095181.jpg,b6095181-7a3d-4ffa-9dac-e6a77bb07990,"From the Trocadéro Gardens, Autumn",Henri Rivière,1888–1902,2900,2422,"leaves,trees",have
the-witches-at-the-walnut-tree-of-benevento__793c1848.jpg,793c1848-9da7-4887-a18e-17db14b6d02c,The Witches at the Walnut Tree of Benevento,Guglielmo della Porta,ca. 1534–77,3555,1764,trees,have
hamlet__bde46f80.jpg,bde46f80-5241-46ce-91d0-a0cfa31ae7c0,Hamlet,Aubrey Beardsley,1892,1340,2644,trees,have
la-beale-isoud-at-joyous-gard__9708ec06.jpg,9708ec06-89d2-4aef-8a4d-7bdf3e2e5ae1,La Beale Isoud at Joyous Gard,Aubrey Beardsley,1893–94,3910,2830,"climbing-plants,gardens,trees",have
baron-verdigris__c74e6e47.jpg,c74e6e47-c54d-4e99-b81f-3d6c18e0fbdb,Baron Verdigris,Aubrey Beardsley,1894,2412,3408,trees,have
the-platonic-lament__a6b31e21.jpg,a6b31e21-c479-49c3-b2b0-b31bee4ae00d,The Platonic Lament,Aubrey Beardsley,1894,2210,3010,"climbing-plants,trees",have
the-eyes-of-herod__aeb07395.jpg,aeb07395-baf4-42c2-86d0-7db604b1392b,The Eyes of Herod,Aubrey Beardsley,1894,2278,3012,trees,have
madame-r-jane__92517e15.jpg,92517e15-2dba-4b1b-a975-fae2c4cb1bcb,Madame Réjane,Aubrey Beardsley,1894,2684,2222,trees,have
design-for-a-golf-club-card__a29811a7.jpg,a29811a7-105c-4c9b-b379-f68f2ddd6ec4,Design for a golf club card,Aubrey Beardsley,ca. 1894,1500,2516,trees,have
et-in-arcadia-ego__6f12ce1c.jpg,6f12ce1c-c844-4cd5-9ae0-88ebfb5cd7fd,Et in Arcadia Ego,Aubrey Beardsley,1896,2430,3426,trees,have
the-return-of-tannh-user-to-venusberg__38f1b8e9.jpg,38f1b8e9-918e-45f8-b5bb-f62e7905242d,The Return of Tannhäuser to Venusberg,Aubrey Beardsley,1897,2602,2588,trees,have
diorama-of-a-caribbean-scene__7c73c6a9.jpg,7c73c6a9-2668-4488-ba51-510483a83e59,Diorama of a Caribbean scene,Gerrit Schouten,ca. 1830,4120,3273,trees,have
wiosna-spring__984a12d5.jpg,984a12d5-669e-4c69-98c6-f85ec4bb112c,Wiosna (Spring),Michalina Janoszanka,ca. 1920s,3267,3033,trees,have
zima-winter__d7c2c1d4.jpg,d7c2c1d4-6b75-4428-bb4f-2a9c2716e5a3,Zima (Winter),Michalina Janoszanka,ca. 1920s,3263,3012,trees,have
spring__62858081.jpg,62858081-a815-4903-bdbc-c131db8ca9b2,Spring,Michalina Janoszanka,1926,1500,1393,trees,have
untitled__c7eaa164.jpg,c7eaa164-7845-41d1-ae3c-1c2f2a143a9a,,Wallace Smith,1922,2263,3604,trees,have
untitled__1b3d777f.jpg,1b3d777f-ee8b-4bcf-b0e8-0fddd46c28f2,,Wallace Smith,1922,2114,3452,trees,have
adam-and-eve__2be6cd73.jpg,2be6cd73-c084-438b-8443-6f27ed1e9486,Adam and Eve,Johann Theodor de Bry,1590,2028,2580,trees,have
the-manner-of-making-their-boats__e2348e20.jpg,e2348e20-15ad-4edd-820e-e3300f87ade6,The manner of making their boats,Johann Theodor de Bry,1590,2276,1640,trees,have
facsimile-of-the-codex-r-os-ca-after-1566__9d689342.jpg,9d689342-7ba9-4df3-8bc7-9609a252324d,"Facsimile of the Codex Ríos, ca. after 1566",Agostino Aglio,1831–48,3373,4352,trees,have
syntax-tree__290dc64b.jpeg,290dc64b-77c6-482f-b28f-726614160044,Syntax Tree,,1890,2236,3236,trees,have
syntax-tree__38ad2d92.jpeg,38ad2d92-a40d-42c5-90c7-16682d75efe4,Syntax Tree,,1890,3240,2296,trees,have
syntax-tree__37f7535d.jpeg,37f7535d-9449-4b42-8708-5c58c2b030e4,Syntax Tree,,1890,2495,3944,trees,have
diagram-from-solomon-barrett-the-principles-of-grammar-1857__8056dab3.jpeg,8056dab3-2194-4808-ac8c-6f75cbb06bac,"Diagram from Solomon Barrett, *The Principles of Grammar* (1857).",,1857,2004,3044,trees,have
god-hath-spoken__a2669bbd.jpeg,a2669bbd-fbe8-441c-9c71-5d6d61cae2c7,“God hath spoken...”,,1857,2068,2760,trees,have
juno-demisit__da05c7eb.jpeg,da05c7eb-d44c-4724-ab78-5114e0df46d3,“Juno demisit...”,,1857,2068,2552,trees,have
untitled__d6641a6f.jpeg,d6641a6f-f8ff-4901-9976-ec932db28936,,Raffaele Mainella,1907,4516,6209,trees,have
untitled__d72ef354.jpeg,d72ef354-3682-4bb5-9156-20833d088be3,,Raffaele Mainella,1907,3184,6140,trees,have
family-of-yemenite-jews__269c1943.jpg,269c1943-0116-49eb-8447-a318e4bf5ed3,Family of Yemenite Jews,,ca. 1910,6043,4380,trees,have
bride-in-nazareth__90c3a357.jpg,90c3a357-4e5f-44a1-b3ec-42268da2b571,Bride in Nazareth,,ca. 1910,6008,4387,trees,have
school-children-in-jenin__0ba2a9ca.jpg,0ba2a9ca-ed08-4c9b-964f-6f7145683ee3,School children in Jenin,,ca. 1903,5898,2997,trees,have
sword-dance-at-a-wedding__0d5e2a03.jpg,0d5e2a03-36ee-4997-8f42-9624b150fee4,Sword dance at a wedding,,ca. 1910,6001,4442,trees,have
river-landscape__768f8085.jpg,768f8085-7c36-4932-b020-43fcebf3f57a,River Landscape,Maria Catharina Prestel; Jan van Huysum,1783,2552,2140,trees,have
landscape__affc4a8c.jpg,affc4a8c-8ca8-47bc-92cd-db6cd1a7be29,Landscape,Maria Catharina Prestel; Allaert van Everdingen,1783,2844,1900,trees,have
forest-road-with-resting-travelers__af2d00c8.jpg,af2d00c8-cadf-4ffa-9a07-28729825ff0a,Forest Road with Resting Travelers,Maria Catharina Prestel; Herman Saftleven,1783,3276,3772,"foliage,trees",have
sky-apparition-over-altdorf-with-a-red-and-a-yellow-sun-1578__096369e1.jpeg,096369e1-6f48-4487-9ca7-6a186883a57e,"Sky apparition over Altdorf with a red and a yellow sun, 1578.",,1578,5356,7133,trees,have
celestial-apparition-on-december-18-1564-near-schwabm-nchen-__e4554e26.jpeg,e4554e26-8318-49b0-89f4-8d23c6926c58,"Celestial apparition on December 18, 1564 near Schwabmünchen, Germany.",,1564,5016,6312,trees,have
comet-apparition-from-november-1577-with-a-view-of-nuremberg__f58db960.jpeg,f58db960-b084-427c-b489-648aa1aaf2fe,Comet apparition from November 1577 with a view of Nuremberg.,,1577,5504,6755,trees,have
untitled__3f46bbf8.jpeg,3f46bbf8-b6ed-4989-8de3-cab4b5c90611,,Edith Wharton,1904,2829,4209,"gardens,trees",have
boboli__708d2c2c.jpeg,708d2c2c-1b38-45ef-934e-b139f14eff92,Boboli,Edith Wharton,1904,2877,4269,"gardens,trees",have
villa-medici__0990b7cb.jpeg,0990b7cb-80a3-4e00-85d0-b365b71f05de,Villa Medici,Edith Wharton,1904,2875,4269,"gardens,trees",have
untitled__a1d8636c.jpeg,a1d8636c-0bf4-489f-b617-7c6393f6d0a9,,Edith Wharton,1904,2988,4260,"gardens,trees",have
untitled__a6d70784.jpeg,a6d70784-644a-42e8-bc2e-68d9ce8beb11,,Edith Wharton,1904,2853,4278,"gardens,trees",have
cicogna__bf919c85.jpeg,bf919c85-f26c-4735-bc7c-92b915fc8c27,Cicogna,Edith Wharton,1904,2889,4263,"gardens,trees",have
vicobello__d0dd7fe0.jpeg,d0dd7fe0-b36d-4243-9c42-dad0ff08bb31,Vicobello,Edith Wharton,1904,2886,4113,"gardens,trees",have
pliniana__e9e316c3.jpeg,e9e316c3-da68-4f35-b904-55375ecf1c99,Pliniana,Edith Wharton,1904,2820,4209,"gardens,trees",have
untitled__f0ca005c.jpeg,f0ca005c-21b2-4c78-a080-fd72e7f433e5,,Edith Wharton,1904,2829,4209,"gardens,trees",have
the-hare-who-laughed-until-his-lip-burst-a-fairy-tale-from-t__c87c3f73.jpg,c87c3f73-c676-498a-860c-8cbba225d6bb,"“The Hare Who Laughed Until His Lip Burst”, a fairy tale from the parish of Waiwara.",Tom Seidmann-Freud,1924,1774,1420,trees,have
view-of-the-south-coast-of-java__1b792e3c.jpg,1b792e3c-d0c2-489e-8e84-4a35abdcbd65,View of the south coast of Java,Franz Wilhelm Junghuhn,1854,4554,3579,trees,have
view-of-lake-patenggang-in-java__500ce79f.jpg,500ce79f-c9bc-4df2-93c7-7e943abf97bb,View of Lake Patenggang in Java,Franz Wilhelm Junghuhn,1854,4432,3324,trees,have
view-of-a-landscape-on-the-dieng-plateau__9317f263.jpg,9317f263-d241-4c57-9e25-a60c34cdb9c5,View of a landscape on the Dieng Plateau,Franz Wilhelm Junghuhn,1854,5538,4081,trees,have
mount-merapi__c3b631d8.jpg,c3b631d8-e52a-42e6-8e00-15f0cc8d9481,Mount Merapi,Franz Wilhelm Junghuhn,1854,5519,3770,trees,have
view-of-a-landscape-in-gunung-sewu__ce341ca0.jpg,ce341ca0-2434-470e-966e-ac81fe036868,View of a landscape in Gunung Sewu,Franz Wilhelm Junghuhn,1854,4879,3634,"foliage,trees",have
another-arrest-of-vidocq__cd47a842.jpeg,cd47a842-1d40-4aa3-9639-da1a2fd604c4,Another arrest of Vidocq,,1869,3636,2612,trees,have
mord-allen-and-tom-lemonier-in-my-old-home-in-dixie-land__da111b48.jpg,da111b48-64ed-4fdf-977e-a003d13afee5,"“Mord” Allen and Tom Lemonier, “In My Old Home (in Dixie Land)”",,1908,1593,2034,trees,have
sami-woman-utskarpen__12cba4ae.jpg,12cba4ae-8b8a-40c5-a162-8a87da847555,"Sami woman, Utskarpen",Charles Rabot,ca. 1881,2350,3196,trees,have
sami-hut__3c77e869.jpg,3c77e869-12cc-40f5-8fc3-e27a1a60ca99,Sami hut,Charles Rabot,ca. 1881,3196,2350,trees,have
sami-from-imandra-kola__315abc7f.jpg,315abc7f-6b9c-4755-829a-73ede21783a7,"Sami from Imandra, Kola",Charles Rabot,ca. 1881,3201,2352,trees,have
tunnel-to-underground-watercourse-dunderlandsdalen__a22f6e2e.jpg,a22f6e2e-cdda-49c3-9cb2-fe4615af0d8a,"Tunnel to underground watercourse, Dunderlandsdalen",Charles Rabot,ca. 1881,3196,2350,trees,have
trees-on-the-mountain__11575d96.jpg,11575d96-73ed-4161-84db-7221d171fc46,Trees on the Mountain,Jean Baptiste Camille Corot,1856,2897,3389,trees,have
the-young-woman-and-death__42e62473.jpeg,42e62473-1225-4813-bacb-dccefd5d48e8,The Young Woman and Death,Jean Baptiste Camille Corot,1854,848,1024,trees,have
two-boatmen-in-a-marsh-near-a-cluster-of-tree__62b5a7c4.jpg,62b5a7c4-124e-4fe8-b1d6-009f8d08e8dd,Two Boatmen in a Marsh near a Cluster of Tree,Henri-Constant-Joseph Dutilleux,1857,3400,2445,"foliage,trees",have
luncheon-in-a-clearing__89aa4468.jpg,89aa4468-5552-42a5-875d-c0852db55201,Luncheon in a Clearing,Jean Baptiste Camille Corot,1857,4034,3310,"foliage,trees",have
nightpiece__90b264eb.jpg,90b264eb-d6e7-4a04-889c-0fda9eb57de6,Nightpiece,Charles-François Daubigny,1862,4011,3331,trees,have
the-woodcutter-of-rembrandt__90b3b351.jpeg,90b3b351-61fd-48ce-98c1-f5d34eb3118a,The Woodcutter of Rembrandt,Jean Baptiste Camille Corot,1853,1261,1853,trees,have
cows-at-a-watering-place__ab11e11b.jpg,ab11e11b-cd47-41b8-9668-42ffb8395787,Cows at a Watering Place,Charles-François Daubigny,1862,3392,2817,trees,have
a-stream-in-a-glade__af935379.jpg,af935379-d679-4264-b5f0-220620170a6f,A Stream in a Glade,Charles-François Daubigny,1862,2685,3287,"foliage,trees",have
deer__c2a80a3d.jpg,c2a80a3d-8a73-4fd6-a99b-d421409d7b8f,Deer,Charles-François Daubigny,1862,3212,2678,trees,have
untitled__1b4a087f.jpg,1b4a087f-6e69-4083-8a25-afc789f459d9,,,ca. 1880,3500,3839,trees,have
fox-vulpes-vulpes__02a091b5.jpg,02a091b5-285c-4a47-8799-4b151ab2afe5,Fox (*Vulpes vulpes*),Jacob Goethals (possibly),ca. 1800,929,1200,trees,have
sowing-man__877ba52b.jpg,877ba52b-0105-47e8-bf9e-f0718a6417c5,Sowing Man,Bernard Essers,1927,1212,1200,trees,have
untitled__eca36e5d.jpg,eca36e5d-a2d6-4357-91cd-1b86d54beb1a,,Madame B,ca. 1870s,3000,2082,trees,have
mouse-gnawing-at-a-net-imprisoning-doves__53283bc4.jpeg,53283bc4-893f-44e0-8926-ec87a4f30bf1,Mouse Gnawing at a Net Imprisoning Doves,,ca. 1525–50,2430,2662,trees,have
untitled__8c448454.jpg,8c448454-0e69-44dd-bf76-ef27446d4cf4,,Katsushika Hokusai,1836,3252,2212,trees,have
untitled__0f651454.jpg,0f651454-24c8-4dd7-82c0-e316798de4f8,,Katsushika Hokusai,1836,3240,2236,trees,have
untitled__6e170f57.jpg,6e170f57-5535-46be-a398-843a65f8ed0b,,Thomas Smillie,1890–1913,2048,1596,trees,have
untitled__00dd3a24.jpg,00dd3a24-2368-4a86-8a0a-0c67d79dbe25,,Thomas Smillie,1890–1913,2048,1612,trees,have
untitled__00c572cc.jpg,00c572cc-f121-454e-b6c1-bd04f9cc3f2d,,Thomas Smillie,1890–1913,1633,2048,trees,have
untitled__addc8239.jpg,addc8239-d8f2-45c6-a419-598c8d2b016d,,Thomas Smillie,1890–1913,2048,1654,trees,have
untitled__ba6558f1.jpg,ba6558f1-83e3-4892-8f12-859a13a48e0b,,Thomas Smillie,1890–1913,2048,1591,trees,have
untitled__f50c7ac0.jpg,f50c7ac0-0c66-44f0-84d8-c98511d71b42,,Thomas Smillie,1890–1913,1657,2048,trees,have
exclamation-point-or-note-of-admiration__413e374d.jpg,413e374d-ed09-4997-a46a-81c61d49942a,Exclamation Point or Note of Admiration,Mr. Stops,1824,2348,2072,trees,have
period-or-full-stop__8b6487a2.jpg,8b6487a2-6f7e-48a3-8a0c-b2a15fb2b3bd,Period or Full Stop,Mr. Stops,1824,2386,2114,trees,have
interrogative-point__c6edce51.jpg,c6edce51-f828-4d38-a30b-e8da6141aab8,Interrogative Point,Mr. Stops,1824,2357,2122,trees,have
cradle-infancy-school-a-playground-the-fear-of-boys-dogs-fem__2c3d978b.jpg,2c3d978b-1de2-4b0a-8677-ea5189368870,"“Cradle & infancy, school a playground, the fear of boys, & dogs, & females, the love of little maids & berries...”",C. P. Cranch,ca. 1837–9,2400,1941,trees,have
george-taylor-2-residences__18beca1e.jpeg,18beca1e-a1e9-4aad-ba91-a8b0778d1291,George Taylor - 2 Residences,Meyer Goldbaum,ca. 1936,1133,1500,"gardens,trees",have
a-m-ferris-estate__1b6c73fd.jpeg,1b6c73fd-774d-4504-a799-a413c44f9954,A. M. Ferris Estate,William Merklin,ca. 1936,1122,1500,"gardens,trees",have
jumel-mansion__1410e075.jpeg,1410e075-c170-44d5-97fe-944370deb829,Jumel Mansion,Virginia Richards,ca. 1936,1143,1500,"gardens,trees",have
cheeseborough-estate__2f75af7c.jpeg,2f75af7c-c271-44fe-b49c-33f7be6b3c0f,Cheeseborough Estate,Helen Miller,ca. 1936,1152,1500,"gardens,trees",have
isaace-p-martin-garden__2d86cb3f.jpeg,2d86cb3f-010d-4a86-8288-356c936ab7e5,Isaace P. Martin Garden,William Merklin; Tabea Hosier; Gilbert Sackerman,ca. 1936,1157,1500,"gardens,trees",have
wood-residence__2d44bfb2.jpeg,2d44bfb2-b6db-4da7-9ceb-0664b756ba99,Wood Residence,Tabea Hosier,ca. 1936,1170,1500,"gardens,trees",have
thomas-ingham-estate__368aacd7.jpeg,368aacd7-4cc3-48f3-8647-e084274b7a67,Thomas Ingham Estate,William Merklin; Virginia Richards; Gilbert Sackerman,ca. 1936,1164,1500,"gardens,trees",have
garden-of-thomas-veitch__4f77ad4c.jpeg,4f77ad4c-419e-415d-a1c0-47eeb3e41a8e,Garden of Thomas Veitch,William Merklin; Helen Miller; Gilbert Sackerman,ca. 1936,1152,1500,"gardens,trees",have
j-g-bennett-estate__43f81bc9.jpeg,43f81bc9-9031-4069-99ae-e1a52b321329,J. G. Bennett Estate,William Merklin; Virginia Richards,ca. 1936,1163,1500,"gardens,trees",have
jumel-estate-5__4d4a7cfd.jpeg,4d4a7cfd-3dba-49d1-8ddc-5e87eb3bc729,Jumel Estate #5,Virginia Richards,ca. 1936,1159,1500,"gardens,trees",have
eliza-jumel-estate__56ee3472.jpeg,56ee3472-a0e4-4429-a5b4-2f9b8161e63d,Eliza Jumel Estate,Virginia Richards,ca. 1936,1140,1500,"gardens,trees",have
john-a-haven-estate__65f21eee.jpeg,65f21eee-9c63-4c2a-afc4-5d9bc2ce2faa,John A. Haven Estate,William Merklin; Tabea Hosier; Gilbert Sackerman,ca. 1936,1152,1500,"gardens,trees",have
ward-and-green-gardens__6a56219f.jpeg,6a56219f-5936-4a32-810d-babd48c3d406,Ward and Green Gardens,Meyer Goldbaum,ca. 1936,1140,1500,"gardens,trees",have
m-ward-estate__63a5d1bb.jpeg,63a5d1bb-1e99-4a5d-98bc-a4ba9136b324,M. Ward Estate,Virginia Richards,ca. 1936,1112,1500,"gardens,trees",have
eliza-b-jumel-estate__6af098f1.jpeg,6af098f1-4164-4e4a-af43-2125ea6e1fec,Eliza B. Jumel Estate,Virginia Richards,ca. 1936,1126,1500,"gardens,trees",have
flower-garden-lewis-estate__6489f025.jpeg,6489f025-51fd-4d64-978c-bc5ab5af538c,Flower Garden - Lewis Estate,William Merklin; Virginia Richards,ca. 1936,1151,1500,"gardens,trees",have
isaac-dyckman-house__7343a9b7.jpeg,7343a9b7-4b92-4b06-bd17-b0f66543c742,Isaac Dyckman House,Helen Miller,ca. 1936,1140,1500,"gardens,trees",have
w-a-wheelock-estate__71b25798.jpeg,71b25798-43a1-4df8-96e2-a1bc7dd578e7,W. A. Wheelock Estate,Tabea Hosier,ca. 1936,1175,1500,"gardens,trees",have
cheeseborough-estate__8a467053.jpeg,8a467053-3cc7-45be-8ab0-9b1c822dcbbb,Cheeseborough Estate,Helen Miller,ca. 1936,1129,1500,"gardens,trees",have
c-o-connor-and-j-m-hopkins-estate__88c98db6.jpeg,88c98db6-3b36-4d45-91a4-c954fbdf4c22,C. O'Connor and J.M. Hopkins Estate,William Merklin; Helen Miller; Gilbert Sackerman,ca. 1936,1131,1500,"gardens,trees",have
hayes-and-thompson-estate__95684ef1.jpeg,95684ef1-e9f9-41d0-8b9c-0e51bff5f097,Hayes and Thompson Estate,William Merklin; Gilbert Sackerman; George Stonehill,ca. 1936,1166,1500,"gardens,trees",have
peter-k-knapp-estate__96f87ac9.jpeg,96f87ac9-11c3-458e-8a73-5ebc034f11cb,Peter K. Knapp Estate,George Stonehill,ca. 1936,1161,1500,"gardens,trees",have
a-c-richards-garden__0b4d2efd.jpeg,0b4d2efd-1d87-4d94-bf58-15083008ede3,A. C. Richards' Garden,William Merklin; Gilbert Sackerman,ca. 1936,1149,1500,"gardens,trees",have
j-hopkins-estate__03798787.jpeg,03798787-2f2c-4163-8bb9-25e61a3ec614,J. Hopkins Estate,Meyer Goldbaum; George Stonehill,ca. 1936,1110,1500,"gardens,trees",have
frank-thompson-hilltop-estate__b4ceb38e.jpeg,b4ceb38e-d188-44c4-b04c-7cefa606cc01,Frank Thompson Hilltop Estate,Gilbert Sackerman; George Stonehill,ca. 1936,1142,1500,"gardens,trees",have
a-elliot-estate__b3c1d593.jpeg,b3c1d593-4048-49ea-9664-a1a101d2f079,A. Elliot Estate,Gilbert Sackerman,ca. 1936,1182,1500,"gardens,trees",have
madame-jumel-s-garden__b840eed4.jpeg,b840eed4-049c-4b76-82dc-f428723f42a8,Madame Jumel's Garden,Virginia Richards,ca. 1936,1137,1500,"gardens,trees",have
william-a-wheelock-estate__b9f53238.jpeg,b9f53238-0f8a-4447-8134-3fbfcf5218b7,William A. Wheelock Estate,Tabea Hosier,ca. 1936,1175,1500,"gardens,trees",have
estate-of-isaac-p-martin__c12b976f.jpeg,c12b976f-6ded-4385-b382-f3eea573ad7b,Estate of Isaac P. Martin,Meyer Goldbaum; George Stonehill,ca. 1936,1127,1500,"gardens,trees",have
jumel-estate__e288463f.jpeg,e288463f-5011-4fb8-ad6b-11e50aa6eb3b,Jumel Estate,Virginia Richards,ca. 1936,1116,1500,"gardens,trees",have
john-b-bull-garden__e019f3ca.jpeg,e019f3ca-7e8b-419a-aa38-04f1c315f83e,John B. Bull Garden,Gilbert Sackerman,ca. 1936,1181,1500,"gardens,trees",have
thomas-c-veitch-estate__f4218c91.jpeg,f4218c91-9520-4ba1-b917-8983e25c8ee3,Thomas C. Veitch Estate,William Merklin; Helen Miller; Gilbert Sackerman,ca. 1936,1156,1500,"gardens,trees",have
joseph-fisher-estate__f3d0673a.jpeg,f3d0673a-9de0-471e-a61d-1a26690a3cf1,Joseph Fisher Estate,George Stonehill,ca. 1936,1183,1500,"gardens,trees",have
m-ward-estate__fc8caca8.jpeg,fc8caca8-3d8c-46f6-ba96-2f85725d6169,M. Ward Estate,William Merklin; Helen Miller,ca. 1936,1163,1500,"gardens,trees",have
parterre-j-w-wood__f5937b93.jpeg,f5937b93-a279-40b7-9d29-e76fad199366,Parterre - J. W. Wood,Meyer Goldbaum; William Merklin,ca. 1936,1145,1500,"gardens,trees",have
j-audubon-estate__f3530d11.jpeg,f3530d11-28de-4216-bae9-44cef124b81d,J. Audubon Estate,Gilbert Sackerman; George Stonehill,ca. 1936,1145,1500,"gardens,trees",have
bud-billiken-day-parade-as-it-travels-chicago-s-south-side-o__ae3c077f.jpg,ae3c077f-3729-4bb0-b443-4f576c6ae7de,“Bud Billiken Day parade as it travels Chicago’s South Side on Dr. Martin L. King...”,John H. White,1973–4,1500,1019,trees,have
piat-gratev-rock-chusovaia-river__08bc44b3.jpeg,08bc44b3-e49f-49d9-9f77-98362d48716e,Piat Gratev Rock. [Chusovaia River],Sergei Prokudin-Gorsky,1912,1024,859,trees,have
she-beckoned-to-veikko__038bd2b1.jpg,038bd2b1-27e1-44fa-9de6-f5f76b4a6eb7,“She beckoned to Veikko”,Jay Van Everen,1922,983,1400,trees,have
a-missionary-of-the-middle-ages-tells-that-he-had-found-the-__d4277b5b.jpg,d4277b5b-85e6-4bdc-87d6-57f69cdb870e,A Missionary of the Middle Ages Tells That He Had Found the Point Where the Sky and the Earth Touch,Camille Flammarion,ca. 1888,1400,1173,trees,have
polia-witnesses-maidens-murdered-by-a-winged-youngster__595059a8.jpeg,595059a8-2872-4cb5-8f6b-e31cea1506ba,Polia witnesses maidens murdered by a “winged youngster”,,1499,1599,1302,"gardens,trees",have
poliphilo-surrounded-by-remains-of-classical-antiquity__6e7cde61.jpeg,6e7cde61-6360-41b2-929e-19e88015023e,Poliphilo surrounded by remains of classical antiquity,,1499,1616,1320,"gardens,trees",have
bubble-blowing-boy__6ab679e9.jpg,6ab679e9-735f-4bd8-8c95-75af4fdf9b1c,Bubble-Blowing Boy,Abraham Delfos; Caspar Netscher,ca. 1780,1096,1400,trees,have
the-road-leading-from-the-grotto-of-posillipo-inland-to-pian__47de9acf.jpg,47de9acf-c19f-4016-91ac-5944655a58e4,The road leading from the Grotto of Posillipo inland to Pianura,Peter Fabris,1776–9,1400,741,trees,have
the-fossa-grande-of-mount-vesuvius__73e1aac9.jpg,73e1aac9-56aa-4581-9fa0-bf3fe4be6518,The Fossa Grande of Mount Vesuvius,Peter Fabris,1776–9,1400,747,trees,have
chinese-grotto__373308ed.jpeg,373308ed-a291-4eb5-9789-f89450e8f7d1,Chinese Grotto,,1790,1690,948,"gardens,trees",have
grotto-esque-design-for-a-rustic-fountain__5c7a5c75.jpeg,5c7a5c75-2310-470f-9d9c-6c7400cbc3d9,Grotto-Esque Design for a Rustic Fountain,,1615,1663,1990,"gardens,trees",have
les-bains-d-apollon-versailles__786819b6.jpeg,786819b6-d4cb-4edb-8d1a-63a29c7c0efd,Les Bains d’Apollon à Versailles,Hubert Robert,1803,1280,959,"gardens,trees",have
rural-grotto__c49c62eb.jpeg,c49c62eb-2ca0-4bcc-a54c-d74bc2fc99ba,Rural Grotto,,1790,1710,986,"foliage,gardens,trees",have
cotham-marble-the-fanciful-figure-to-themselves-in-this-some__3b350013.jpeg,3b350013-9414-42a6-9879-1157c56ce88a,"Cotham Marble — “The fanciful figure to themselves in this something like a boat and men in one part, and hedge-rows in another, with trees in full foliage.”",James Sowerby,1802–17,966,866,trees,have
amorphous-quartz-or-flint-silex-quartzum__ec2ae2de.jpeg,ec2ae2de-155d-4dd2-b7d2-036fe0346c92,Amorphous Quartz or Flint (*Silex quartzum*),James Sowerby,1802–17,784,978,trees,have
william-james-and-henry-james-posing-for-a-kodak-in-1900__01380fa3.jpeg,01380fa3-3216-47e6-a49e-80df83b4d26f,William James and Henry James Posing for a Kodak in 1900,,1920,1063,1643,trees,have
untitled-photograph-by-carl-mydans-1935-possibly-depicting-a__51704cbe.jpeg,51704cbe-5efb-4878-a838-98c268d9e06a,"Untitled photograph by Carl Mydans, 1935, possibly depicting a farm in Prince George's County, Maryland. One of the so-called ""killed negatives"" that were hole punched by FSA staff to indicate that they should not be printed.",Carl Mydans,1935,1024,747,trees,have
signs-of-judgement-day__10dc1d05.jpeg,10dc1d05-ef55-481f-8474-455b135bcf3d,Signs of Judgement Day,,ca. 1330,966,1249,trees,have
genealogy-of-christ__520f3602.jpeg,520f3602-15bf-4c7d-b681-319a263d34a9,Genealogy of Christ,,ca. 1330,912,1269,trees,have
tree-of-jesse__6d627f2b.jpeg,6d627f2b-d5ae-4a9b-aee6-227c8dd02be7,Tree of Jesse,,ca. 1330,923,1294,trees,have
the-tree-of-knowledge__01085a9b.jpeg,01085a9b-092d-4270-bc36-b6a03c6bdda1,The Tree of Knowledge,,ca. 1330,838,1151,trees,have
color-woodblock-print-by-utagawa-kunisada-i-ca-1825__1203d144.jpg,1203d144-de36-4be7-82b9-1cbf59063ae3,"Color woodblock print by Utagawa Kunisada (I), ca. 1825",Utagawa Kunisada,ca. 1825,1400,648,trees,have
march__20d56f92.jpg,20d56f92-25e1-48cd-a7bd-162a437a23e9,March,Cornelis Dusart,ca. 1690,1000,1280,trees,have
snowballing__a9c73b71.jpg,a9c73b71-d584-42f1-9b11-0caf317e3e15,Snowballing,John Leech,,1400,1161,trees,have
two-unidentified-women-seated-near-beauchamp-point-october-1__363b7000.jpg,363b7000-a04b-480c-a9e4-bc07b03cf881,"Two unidentified women seated near Beauchamp Point, October 1900.",Theresa Babb,1900,1455,1400,trees,have
swimming-at-lake-city-as-viewed-from-dudley-talbot-s-lot-cir__57673685.jpg,57673685-0701-4844-883f-628a7c8470fb,Swimming at Lake City as viewed from Dudley Talbot's lot circa 1900.,Theresa Babb,1900,1431,1400,trees,have
theresa-and-black-beauty-the-cat-july-2-1898__94301aa5.jpg,94301aa5-2c75-4664-bfcb-eb6ea8ece74c,"Theresa and “Black Beauty” the cat, July 2 1898",Theresa Babb,1898,1229,1400,trees,have
grace-g-and-grace-parker-at-lake-city-sept-1900__0ee63425.jpg,0ee63425-b400-4715-8c07-c246c257e969,"Grace G. and Grace Parker at Lake City, Sept. 1900",Theresa Babb,1900,1434,1400,trees,have
boating-at-lake-city-on-megunticook-lake-in-august-1899__c66b696f.jpg,c66b696f-6c30-4747-bb6c-f3d5b4c4b767,Boating at Lake City on Megunticook Lake in August 1899.,Theresa Babb,1899,1418,1400,trees,have
picnic-at-sherman-s-point-in-camden-in-1900-theresa-is-seate__d0e0e01a.jpg,d0e0e01a-8919-4246-b1ee-45a469406523,Picnic at Sherman's Point in Camden in 1900. Theresa is seated in front.,Theresa Babb,1900,1434,1400,"foliage,trees",have
postmen-of-the-wilderness__cc0111a6.jpg,cc0111a6-8cf9-4a7e-ab68-89f2371161a7,Postmen of the Wilderness,Arthur Heming,1921,889,1200,trees,have
hamburg-fireworks__b5e2cea5.jpg,b5e2cea5-9630-4fa2-b45a-b3c1a3d31261,Hamburg Fireworks,Christian Friedrich Fritzsch,1745,1200,750,trees,have
kimono-design__2f8d9bd6.jpeg,2f8d9bd6-bb2e-4699-bf11-59562c0370a3,Kimono design,Ueno Seikō,ca. 1902,710,957,trees,have
kimono-design__a6f60258.jpeg,a6f60258-bfcc-408e-ad98-375aa8ad52c7,Kimono design,Ueno Seikō,ca. 1902,704,976,"foliage,trees",have
untitled__de0d0536.jpg,de0d0536-363b-4468-ad63-22edda918fef,,William Baillie-Grohman,1913,1400,993,trees,have
inferno-canto-vii-dante-and-virgil-are-in-a-barren-wood-with__9c663003.jpg,9c663003-6bd1-4b26-b16b-733a9e5bcbb8,"*Inferno*, Canto VII: Dante and Virgil are in a barren wood, with harpies representing the souls of suicides.",,ca. 1370,2880,1341,trees,have
the-pastorals-of-virgil__7626005f.jpeg,7626005f-f243-4a6d-a96c-75e4965830e3,The Pastorals of Virgil,William Blake,1821,4865,3521,trees,have
untitled__63aa99c6.jpg,63aa99c6-74da-4202-829f-a63d05596869,,Lewis Carroll,1864,865,1400,trees,have
alas__b671d2ee.jpg,b671d2ee-7af6-4bd5-a0f2-0954a0a0c6c1,Alas!,William Blake,1793,1787,2640,trees,have
our-rivers-and-atmosphere-the-multiplication-of-various-path__c7ff1d59.jpg,c7ff1d59-4527-4432-b56d-274e99ba3405,"Our Rivers and Atmosphere — The Multiplication of Various Pathogens, Microbes, and Bacteria",Albert Robida,1890,1400,938,trees,have
untitled__d858ffef.jpg,d858ffef-a069-47e2-81ba-0d2e938e9832,,,19th century,725,1200,trees,have
doctor-syntax-drawing-after-nature__4187f725.jpg,4187f725-5dd7-4eb9-8ac3-c8c772f78f0e,Doctor Syntax Drawing After Nature,Thomas Rowlandson,1813,1400,827,trees,have
doctor-syntax-pursued-by-a-bull__534fcf59.jpg,534fcf59-0d11-4f62-9e49-b8490064d2b4,Doctor Syntax Pursued by a Bull,Thomas Rowlandson,1813,1400,868,trees,have
tubo-timpanite__47aab9e4.jpg,47aab9e4-a8c9-4c25-9c9c-abdaf0415020,Tubo Timpanite,Filippo Buonanni,1722,795,1200,trees,have
pan-flute__851f6f66.jpg,851f6f66-f8e4-4a05-bfc9-3dbe76d6cd99,Pan flute,Filippo Buonanni,1722,805,1200,trees,have
man-with-rickshaw-on-tall-tree-lined-dirt-road__45700876.jpg,45700876-eee8-4b1f-a50f-a532b010828b,Man with rickshaw on tall tree lined dirt road.,Herbert Geddes,1908–1918,1280,1008,trees,have
man-using-handsaw-on-tree-trunk__8c875afa.jpg,8c875afa-85fe-4168-bb80-4407a61f7b1b,Man using handsaw on tree trunk.,Herbert Geddes,1908–1918,1280,843,trees,have
lake-side-resort__95dde1df.jpg,95dde1df-efe3-4e2a-a3b6-f09eb56b6c5b,Lake side resort.,Herbert Geddes,1908–1918,1280,843,trees,have
mount-nantai-and-daiya-river__055e2af8.jpg,055e2af8-6cfe-4b48-8873-964a6fefcb49,Mount Nantai and Daiya River,Herbert Geddes,1908–1918,1280,1006,trees,have
untitled__a7a38175.jpg,a7a38175-f131-44f7-ade8-61249803095a,,William Elliot Griffis,1922,634,1000,trees,have
untitled__98d8fdc2.jpg,98d8fdc2-6c76-408e-a961-19587a960e7e,,Elias Ashmole,1652,1200,959,trees,have
the-phlegmatic-temperament__e55ee108.jpg,e55ee108-9ab0-4742-8273-ca22fb4fbb10,The Phlegmatic Temperament,Maerten de Vos; Raphaël Sadeler (I),1583,2541,1986,trees,have
the-mosque-of-omar-jerusalem__2a5dfb17.jpg,2a5dfb17-e535-4a2f-99bd-0893663d0731,"The Mosque of Omar, Jerusalem",Francis Frith,1857,1400,995,trees,have
arrowhead-in-the-olden-time__b6c12acc.jpg,b6c12acc-0a1f-4c44-99f6-d101323d5848,Arrowhead in the Olden Time,Herman Melville,1860,1200,877,trees,have
the-branches-bent-down-and-twined-around-him__41a43788.jpg,41a43788-5f08-4364-a737-14d83f7f1176,"""The Branches Bent Down and Twined Around Him.""",W. W. Denslow,1900,876,1200,trees,have
the-tree-fell-with-a-crash-into-the-gulf__6f3e9ed2.jpg,6f3e9ed2-de79-4621-9d2f-1f014abfa37e,"""The Tree Fell With a Crash Into the Gulf""",W. W. Denslow,1900,918,1200,trees,have
untitled__d4ea88bf.jpg,d4ea88bf-fdcf-4503-8f72-7c9ae48b210d,,Earl Harvey Lyall,1913,1284,1097,trees,have
the-nine-worlds__668965f1.jpg,668965f1-4857-499e-aca8-b01d2ecf529d,The Nine Worlds,Mary E. Litchfield,1890,1444,843,trees,have
the-ash-yggdrasil__d71b4451.jpg,d71b4451-13f6-4aa9-adda-d662bd421935,The Ash Yggdrasil,Lørenz Frolich,1886,1200,1525,trees,have
untitled__17ca9a3d.jpg,17ca9a3d-ed95-4300-94f5-585c47b6f9e9,,Lorenz Stoer,1567,588,800,trees,have
untitled__57170f2d.jpg,57170f2d-2dfb-4bd2-a257-b36b0d3e9013,,Lorenz Stoer,1567,585,800,trees,have
untitled__61eb31cf.jpg,61eb31cf-c54c-4857-a9d4-f9f8fa854ac4,,Lorenz Stoer,1567,576,800,"foliage,trees",have
untitled__72505615.jpg,72505615-3e8c-4bc2-afba-a16b2645d910,,Lorenz Stoer,1567,572,800,trees,have
untitled__9d4e1bd5.jpg,9d4e1bd5-3dfb-4c2a-884e-e00ca701b5fc,,Lorenz Stoer,1567,585,800,trees,have
untitled__0100a05c.jpg,0100a05c-ffee-4a51-ac71-1f1e78ea39a0,,Lorenz Stoer,1567,573,800,trees,have
dark-sun-from-splendor-solis__e7339280.jpg,e7339280-925b-4f1c-93d2-78bd5066bb14,"Dark Sun, from Splendor Solis",Anonymous,ca. 16th century,777,1200,trees,have
tsuba-made-of-iron-stylized-pine-tree-and-plum-blossom-in-si__b1f0ffa7.jpg,b1f0ffa7-4e48-4554-a745-112824ef13dd,Tsuba made of iron. Stylized pine tree and plum blossom in silhouette.,Georg Oeder,1916,600,601,trees,have
big-fish-supper-club-route-2-bena-minnesota__49e77358.jpg,49e77358-5b49-460e-89b5-9d77e75ba6d0,"Big Fish Supper Club, Route 2, Bena, Minnesota.",John Margolies,1980,1024,703,trees,have
the-unicorn-purifies-water__641e6895.jpg,641e6895-11ba-4543-8001-7c3484c0bf6a,The Unicorn Purifies Water,,1495–1505,1024,998,trees,have
the-cicada__73487ca3.jpg,73487ca3-0669-499f-9757-54e838a42028,The Cicada,E. J. Detmold,1921,604,799,trees,have
paradise-lost-book-4-line-502__267dbba8.jpg,267dbba8-aaad-46f0-82f3-68d948fbdbc9,"Paradise Lost: Book 4, Line 502",John Martin,1827,1024,703,trees,have
paradise-lost-book-9-line-995__6ce1d7ff.jpg,6ce1d7ff-78b1-4085-b90c-8d2d2a83c81b,"Paradise Lost: Book 9, Line 995",John Martin,1827,1024,698,trees,have
paradise-lost-book-4-line-453__95b91c43.jpg,95b91c43-f094-4acf-8580-dd94b6dea5b4,"Paradise Lost: Book 4, Line 453",John Martin,1827,1024,712,trees,have
paradise-lost-book-5-line-308__05d57f1e.jpg,05d57f1e-7df5-4e16-af3b-676396713e53,"Paradise Lost: Book 5, Line 308",John Martin,1827,1024,703,trees,have
paradise-lost-book-9-line-780__ac92326f.jpg,ac92326f-a87e-407f-b889-67c135c1844a,"Paradise Lost: Book 9, Line 780",John Martin,1827,1024,712,trees,have
goethe-colour-chart__70653990.jpg,70653990-d8ec-40a2-8f5e-400dd706c25e,Goethe Colour Chart,Johann Wolfgang von Goethe,1810,941,1186,trees,have
natural-history-of-carolina-florida-and-the-bahama-islands-v__cacb60fb.jpg,cacb60fb-cd08-4f6b-b0aa-ef16e4746964,"Natural History of Carolina, Florida and the Bahama Islands, v1. Tab 74",Mark Catesby,1731,562,768,trees,have
hideyoshi-and-the-moon-at-shizugatake__e6e21c60.jpg,e6e21c60-926b-48ed-b5db-9f96e8f1d798,Hideyoshi and the Moon at Shizugatake,Tsukioka Yoshitoshi,1888,819,1200,trees,have
this-1493-herbal-shows-how-early-printed-works-imitated-manu__7944df05.jpg,7944df05-1f7c-45ba-b54f-34d3a7526572,This 1493 herbal shows how early printed works imitated manuscripts (Wellcome Library),,1493,989,1600,trees,have
battle-of-the-nudes__81171393.jpg,81171393-0d0f-4b11-bccb-50aa3b0e9cda,Battle of the Nudes,Antonio del Pollaiuolo,1470s–1480s,1122,781,trees,have
sir-john-soane-s-tomb__f92a0b3d.jpg,f92a0b3d-7e07-4421-9c22-240dd3dcd8aa,Sir John Soane's tomb,,1835,800,578,trees,have
monsal-dale-doctor-rocks__e3c85d6a.jpg,e3c85d6a-89a5-4e3b-aef6-83e3effbb6ff,"Monsal Dale, Doctor Rocks",,ca. 1890,876,653,trees,have
and-then-she-lay-on-a-little-green-patch-in-the-midst-of-the__70883e0e.jpg,70883e0e-991f-49ef-a6d4-837dcc0e58d1,"""And then she lay on a little green patch in the midst of the gloomy thick wood.""",Kay Nielsen,1922,560,800,trees,have
untitled__f971f7c5.jpg,f971f7c5-b68c-407a-9220-b6393d85ec4f,,Kay Nielsen,1922,593,800,trees,have
the-entry-of-the-animals-into-noah-s-ark-detail__63583671.jpg,63583671-58ab-4503-b294-105e22d38eac,The Entry of the Animals into Noah's Ark (Detail),Jan Brueghel the Elder,1613,1024,929,trees,have
adam-and-eve__b9dabcf2.jpg,b9dabcf2-a934-44fd-811c-480cc33a092f,Adam and Eve,Albrecht Dürer,1504,799,1023,"gardens,trees",have
the-deceitful-brook__73efda21.jpg,73efda21-b7d4-44ea-9852-e986241a43b7,The Deceitful Brook,,ca. 18th century,750,584,trees,have
fore-edge-for-a-copy-of-the-world-before-the-flood-a-poem__1444c5f4.jpg,1444c5f4-3511-4ed1-a299-84aa3819820c,"Fore-edge for a copy of *The World before the Flood, a Poem*",,1819,1024,285,trees,have
fore-edge-for-a-copy-of-the-royal-kalendar-and-court-and-cit__2a8463f7.jpg,2a8463f7-f90d-4c2a-961a-86f0194b9961,"Fore-edge for a copy of *The Royal Kalendar, and Court and City Register*",,1849,1024,310,trees,have
fore-edge-for-a-copy-of-rokeby-a-poem__49eca668.jpg,49eca668-cf66-4541-8220-0aff396de653,Fore-edge for a copy of *Rokeby; A Poem*,,1813,1024,317,trees,have
fore-edge-for-a-copy-of-the-holy-bible__6d74aae7.jpg,6d74aae7-9bf7-4b17-a65f-78b80418c886,Fore-edge for a copy of *The Holy Bible*,,1795,1023,388,trees,have
fore-edge-for-a-copy-of-letters-of-lady-rachel-russell-and-t__7a26054b.jpg,7a26054b-8404-41dc-bfb9-ffc62290e76a,Fore-edge for a copy of *Letters of Lady Rachel Russell ... and the Trial of Lord William Russell for High Treason*,,1801,1023,330,trees,have
fore-edge-for-a-copy-of-poems-by-william-cowper-of-the-inner__765b7243.jpg,765b7243-bc17-488e-9c64-1b7d0123d41c,"Fore-edge for a copy of *Poems, by William Cowper of the Inner Temple, Esq.*",,1808,1023,312,trees,have
fore-edge-for-a-copy-of-a-tour-through-the-isle-of-man__8fbec6f5.jpg,8fbec6f5-865e-43c2-998d-3b9862ddaec2,Fore-edge for a copy of *A Tour through the Isle of Man*,,1794,1024,239,trees,have
fore-edge-for-a-copy-of-select-british-poets-vol-i-the-poeti__ed3b1d55.jpg,ed3b1d55-7964-4ff2-96d5-f4a436eac050,"Fore-edge for a copy of *Select British Poets. Vol. I, The Poetical Works of John Milton*",,1825,1024,360,trees,have
the-plum-garden-at-kameido-shrine__16aaffca.jpg,16aaffca-82be-4530-815b-d52dbb055eb6,The Plum Garden at Kameido Shrine,Utagawa Hiroshige,1857,600,893,trees,have
mount-utsu-okabe__3c072a08.jpeg,3c072a08-17e9-4362-97f8-95c4ebb9a85b,"Mount Utsu, Okabe",Utagawa Hiroshige,1832,2048,1328,trees,have
fox-fires-on-new-year-s-eve-at-the-shozoku-nettle-tree-in-oj__0add1d08.jpg,0add1d08-aa67-454f-8805-a3b5d3259921,“Fox Fires” on New Year’s Eve at the Shozoku Nettle Tree in Oji,Utagawa Hiroshige,1857,600,894,trees,have
temple-grounds-of-the-akiba-shrine-in-ukiji__0cc254a8.jpg,0cc254a8-662c-416c-ae39-334c5f28e22b,Temple Grounds of the Akiba Shrine in Ukiji,Utagawa Hiroshige,1857,600,880,trees,have
maiko-beach-in-harima-province__0b8f8a97.jpg,0b8f8a97-0f77-4dbc-8406-1067c0c51c63,Maiko Beach in Harima Province,Utagawa Hiroshige,1853,600,883,trees,have
adam-tills-the-soil__573e3ea0.jpg,573e3ea0-deda-4ba7-994d-6ae29dbf8081,Adam Tills the Soil,Hans Holbein,1523–5,550,696,trees,have
the-abbot__8137387f.jpg,8137387f-dec7-4007-a2be-b8d05df3b915,The Abbot,Hans Holbein,1523–5,550,754,trees,have
untitled__ff0b234f.jpg,ff0b234f-2b58-489f-928b-bfc12aa2b6a0,,Robert Seaver,1782,800,500,trees,have
untitled__f4f3c2b7.jpg,f4f3c2b7-a39f-4579-bdf6-5ef57c8c1467,,Robert Seaver,1782,800,498,trees,have
gukovski-his-daughter-kameneff-and-marinashky__7c2c477b.jpg,7c2c477b-7c9e-45a6-8f67-5f8ecc360cc8,"Gukovski, His Daughter, Kameneff and Marinashky",Clare Sheridan,1921,800,679,trees,have
ridiculous-folly__019e7f28.jpg,019e7f28-ce3d-4772-870f-ed837bc50100,Ridiculous Folly,Francisco de Goya,1797–9,1000,698,trees,have
untitled__214151b1.jpg,214151b1-f2f8-4ca7-8033-68811aebcb08,,Adolph Metzner,1861–64,1024,704,trees,have
untitled__5725431e.jpg,5725431e-1678-4124-b8e3-0bfe5dcfe21b,,Adolph Metzner,1861–4,851,1024,trees,have
untitled__ae4cf55c.jpg,ae4cf55c-0527-4edf-970c-a04a24101b28,,Adolph Metzner,1861–4,1024,620,"foliage,trees",have
untitled__b4c5b1d8.jpg,b4c5b1d8-fe56-4b24-9499-84977183af2a,,Adolph Metzner,1861–4,851,1024,trees,have
untitled__11cf5a7e.jpg,11cf5a7e-0f48-4323-a5eb-5e39227b2412,,,1847,1548,740,trees,have
untitled__76364279.jpg,76364279-8129-4931-bc3b-616babcd551f,,,1847,642,670,trees,have
untitled__add09bc7.jpg,add09bc7-52c1-4182-a4a6-2f38e60576df,,,1847,1558,976,trees,have
untitled__a34438fa.jpg,a34438fa-4cec-4ade-9b03-d3b80a3c3be2,,,1847,623,600,trees,have
untitled__cc558a5c.jpg,cc558a5c-825d-48ca-8eff-da1ce5937b96,,,1847,639,616,trees,have
the-thriving-city-of-eden-as-it-appeared-in-fact__05e25ff7.jpg,05e25ff7-b44c-4831-b624-dd9e75820e38,The Thriving City of Eden as It Appeared in Fact,Phiz,1859,874,1024,"foliage,trees",have
untitled__eea47d18.jpg,eea47d18-aa14-4442-8b0c-aa70ebb21465,,,ca. 1410,712,707,trees,have
the-stuffed-ox-in-operation__383f6f88.jpg,383f6f88-2d0c-463c-9a3b-f19cc1844392,The Stuffed Ox in Operation,Richard Kearton,1909,800,610,"foliage,trees",have
artificial-tree-trunk-closed__0890bdbb.jpg,0890bdbb-3c7c-45bc-a7b1-499db65c4e40,Artificial Tree-Trunk Closed,Richard Kearton,1898,710,1024,"foliage,trees",have
cover-illustration-for-free-air__8b5a1206.jpg,8b5a1206-5070-4e3f-b423-7d9caecfe691,Cover Illustration for *Free Air*,,1919,761,1024,trees,have
untitled__34aeeb5d.jpg,34aeeb5d-024b-433a-b9c0-fbfd5fd10013,,Théodore Marcile,1609,693,1268,trees,have
untitled__7d5e5d7e.jpg,7d5e5d7e-75bc-4528-9e4a-45fc8a6221a0,,Théodore Marcile,1609,696,1082,"gardens,trees",have
untitled__76235850.jpg,76235850-94e5-4495-87c9-cba6ce67bc4d,,Théodore Marcile,1609,726,1275,"gardens,trees",have
untitled__819a56a5.jpg,819a56a5-c036-4f5d-9c7f-23ea37612973,,Théodore Marcile,1609,715,1264,trees,have
untitled__8e60c5d2.jpg,8e60c5d2-6ca4-45b8-bd00-b2ad35dd76f1,,Théodore Marcile,1609,739,1271,trees,have
untitled__c6737fcf.jpg,c6737fcf-4947-434c-a4b3-6645e36726f3,,Théodore Marcile,1609,704,1266,"gardens,trees",have
untitled__fe094305.jpg,fe094305-a815-42c4-8a68-a8bbd6a71990,,Théodore Marcile,1609,711,1134,"gardens,trees",have
the-great-comet-of-1881__d69f353c.jpg,d69f353c-59c6-4f49-990d-8c96547a72c5,The Great Comet of 1881,Étienne Léopold Trouvelot,1882,591,800,trees,have
the-sea-wolf__cfc77da0.jpg,cfc77da0-c4ed-4e6e-b186-8898cf3e7f38,The Sea Wolf,Charmian London,1921,900,1245,trees,have
the-falls-from-the-western-end-of-the-chasm__86a6b4b8.jpg,86a6b4b8-59a1-46d7-a0e5-cfcec0913bc6,The Falls from the Western End of the Chasm,Thomas Baines,1856,1000,757,trees,have
anthropomorphic-field__03529518.jpg,03529518-d55d-49b7-bbc3-fff4c039c1ef,Anthropomorphic Field,Athanasius Kircher,1645–6,742,459,trees,have
untitled__30a8ec1b.jpg,30a8ec1b-780d-4629-b13b-756befac1524,,Peter Rollos,ca. 1687,800,639,trees,have
untitled__0845ff90.jpg,0845ff90-02d2-4e8e-a6c6-c147f1c28000,,Anne Wagner,1795-1834,1000,641,trees,have
untitled__b6cfcd73.jpg,b6cfcd73-a867-4e9a-8603-f468e2309056,,Anne Wagner,1795-1834,1000,630,trees,have
the-picture-book__6e2bcab5.jpg,6e2bcab5-299b-4c47-9a2b-4f89417d4e64,The Picture Book,Gertrude Käsebier,ca. 1903,1024,737,trees,have
pastoral__e7905725.jpg,e7905725-1d55-4888-9b21-6e2dbb91f229,Pastoral,Gertrude Käsebier,Before 1905,866,1200,trees,have
fig-16-presents-the-pyramid-complete-and-it-certainly-produc__a0673d1c.jpg,a0673d1c-ee07-466d-9ecf-a82054aa54a8,"Fig. 16 presents the pyramid complete, and it certainly produces a novel and effective decoration for any Christmas or festival occasion, and is one that can be easily made if one has the time.",,1910,506,678,trees,have
lynx-hunter__a92b9fda.jpg,a92b9fda-2259-4627-9c44-2921bac1c978,Lynx Hunter,Arthur Heming,1921,755,1024,trees,have
postmen-of-the-wilderness__ce28ed90.jpg,ce28ed90-a5ca-4d48-89bd-6514ad95352b,Postmen of the Wilderness,Arthur Heming,1921,761,1024,trees,have
tempest-anderson-s-tent-at-o-hara-camp-with-cathedral-peak-b__8d081612.jpg,8d081612-73a1-4fba-a6ff-2a53ba8e97bf,Tempest Anderson’s Tent at O’Hara Camp With Cathedral Peak Behind,Tempest Anderson,1909,923,768,trees,have
japanese-depictions-of-north-americans__7e22269f.jpg,7e22269f-f2c0-448b-be4d-b0a298d3d4d6,Japanese Depictions of North Americans,,1860s,576,821,trees,have
palm__6e43e9d5.jpg,6e43e9d5-2537-4396-ba4b-ae5ea9efbaba,Palm,Claudine Bouzonnet-Stella; Jacques Stella,1657,800,630,trees,have
crossbow__97e18b44.jpg,97e18b44-e46c-4585-8fe9-6cf98b39c9f3,Crossbow,Claudine Bouzonnet-Stella; Jacques Stella,1657,800,630,"foliage,trees",have
pot-race__9be221ec.jpg,9be221ec-13fe-4715-a25d-b968eb0f9b4d,Pot Race,Claudine Bouzonnet-Stella; Jacques Stella,1657,800,622,trees,have
handstands__cf83f64d.jpg,cf83f64d-175a-48c4-a21f-01dc27c636e6,Handstands,Claudine Bouzonnet-Stella; Jacques Stella,1657,800,621,trees,have
jousting__e83a8e3a.jpg,e83a8e3a-ad3a-4739-bf5a-e27da1b0280c,Jousting,Claudine Bouzonnet-Stella; Jacques Stella,1657,800,627,trees,have
le-pape-guay__e8d85409.jpg,e8d85409-22fa-421b-8ad1-cfaa8d0dd33b,“Le Pape-Guay”,Claudine Bouzonnet-Stella; Jacques Stella,1657,800,626,trees,have
croquet__eac3df89.jpg,eac3df89-7ab3-4c8f-9e0a-d229e83742c0,Croquet,Claudine Bouzonnet-Stella; Jacques Stella,1657,800,597,trees,have
bombproof-dugout-at-gen-nogi-s-headquarters__9c582522.jpg,9c582522-4106-4117-9aa7-ec1fd77f4556,Bombproof Dugout at Gen. Nogi’s Headquarters,T.W. Ingersoll,1905,1024,519,trees,have
a-japanese-cavalry-hostler__cc0aa1f9.jpg,cc0aa1f9-a4e9-4e44-9c47-093ded3ea937,A Japanese Cavalry Hostler,T.W. Ingersoll,1905,1024,515,trees,have
dante-breaking-a-branch-from-one-of-the-trees-in-the-wood-of__171471e7.jpg,171471e7-9c01-42a3-8205-75250e69d791,Dante breaking a branch from one of the trees in the wood of the suicide,,1444–1450,1023,556,trees,have
allegory-for-the-sense-of-touch__324983fb.jpg,324983fb-1abf-4658-91ee-b55888a7b8d1,Allegory for the Sense of Touch,N. de Bruyn; Maerten de Vos,ca. 1560,690,534,trees,have
louviers-woman__c099108b.jpg,c099108b-50fc-46a3-aee9-0894f457203b,Louviers Woman,Mary Browne,1821,483,640,trees,have
captain-tuckey-s-voyage-in-africa__32ab42df.jpg,32ab42df-f1fa-428d-bc79-810846c0e479,Captain Tuckey’s Voyage in Africa,,1818,799,590,trees,have
untitled__271bd7b1.jpg,271bd7b1-9fdd-4d9b-b8b7-031ca95810fe,,Utagawa Yoshishige,1848,500,703,trees,have
untitled__6370c822.jpg,6370c822-da79-4d8b-9b37-d22776b8143c,,Utagawa Yoshishige,1848,500,690,trees,have
untitled__7f5fea82.jpg,7f5fea82-a40c-4d01-ac5f-bb520301669e,,Utagawa Yoshishige,1848,500,701,trees,have
untitled__813f7800.jpg,813f7800-7e3e-4dbc-8c31-ca18b7e0b332,,Utagawa Yoshishige,1848,500,707,trees,have
untitled__83b9ba65.jpg,83b9ba65-ba0e-40d7-9f9c-ebfa21f2396c,,Utagawa Yoshishige,1848,500,708,trees,have
untitled__9f89a861.jpg,9f89a861-a8f4-47fa-9534-e487edad7640,,Utagawa Yoshishige,1848,500,700,trees,have
untitled__a7994720.jpg,a7994720-760b-4f9f-830c-b22e22348529,,Utagawa Yoshishige,1848,500,696,trees,have
untitled__aeb0803b.jpg,aeb0803b-194e-47cb-a096-954252fe78eb,,Utagawa Yoshishige,1848,500,704,trees,have
untitled__b33e9125.jpg,b33e9125-7f76-4010-a1f3-f9a34986df04,,Utagawa Yoshishige,1848,500,701,trees,have
untitled__cdb765d7.jpg,cdb765d7-7f84-46b6-bed0-05db7ecde45a,,Utagawa Yoshishige,1848,500,700,trees,have
untitled__dcf2b32e.jpg,dcf2b32e-899c-499d-8f56-1fc19b5215cd,,Utagawa Yoshishige,1848,500,692,trees,have
untitled__f52a38e3.jpg,f52a38e3-62cb-43b9-8fcf-a9951661feb6,,Utagawa Yoshishige,1848,500,699,"foliage,trees",have
untitled__563b8a72.jpg,563b8a72-d379-464b-b58d-b15b150a883c,,Hugo Simberg,ca. 1908,468,639,trees,have
untitled__89df915e.jpg,89df915e-543d-4672-8944-659a6313efda,,Hugo Simberg,ca. 1908,1024,753,trees,have
untitled__bf6e5d6c.jpg,bf6e5d6c-a69a-4f8a-9615-c3afef465a41,,Hugo Simberg,ca. 1908,1024,612,trees,have
untitled__eb1cd7f6.jpg,eb1cd7f6-7770-48ac-bed9-d58615afdbc9,,Hugo Simberg,ca. 1908,1024,753,"foliage,trees",have
romulus-and-remus__ffd76cae.jpg,ffd76cae-09ed-4317-9e4f-d9fb36d347c6,Romulus and Remus,John Leech,1850,597,447,trees,have
untitled__0234b455.jpg,0234b455-a18d-4c7f-8f6c-33775f277ac8,,,ca. 1467,600,901,trees,have
untitled__d17f0f30.jpg,d17f0f30-8425-4e6a-b280-94a4f8fd30dd,,,ca. 1467,600,901,trees,have
contribution-to-a-friendship-book__1cacc97c.jpg,1cacc97c-64c9-4956-a1c9-3b0419a2f071,Contribution to a Friendship Book,Johannes Blittersdorff,1642,1000,1279,trees,have
the-horse__b0b09f41.jpg,b0b09f41-2ce8-4e52-8fd7-8b7edba0be2d,The Horse,William Blake,1805,1000,1564,trees,have
astronomy-a-meteor-shower-in-the-night-sky-mezzotint-after-1__435cf100.jpg,435cf100-0b3b-4c3e-b003-b792a57e90f4,"Astronomy: a meteor shower in the night sky. Mezzotint, after 1783",,1783,900,695,trees,have
comets__98f3bc4e.jpg,98f3bc4e-2371-4730-9c9e-11239fd15876,Comets,Anonymous,1835,1522,1200,trees,have
glooskap-looking-at-the-whale-smoking-his-pipe__1d50e065.jpg,1d50e065-6442-4dc3-9d81-d41a9b97dc6e,Glooskap Looking at the Whale Smoking His Pipe,Charels G. Leland,1884,560,597,trees,have
untitled__1ee03306.jpg,1ee03306-799b-4162-9cdf-55a6fbf58af2,,Everard Digby,1587,2452,3132,trees,have
untitled__1eddebb1.jpg,1eddebb1-b3db-4dcd-af15-db1e1737e85f,,Everard Digby,1587,2484,3132,trees,have
untitled__14ef571d.jpg,14ef571d-8865-4e53-b11c-84a8c28f308c,,Everard Digby,1587,2440,3128,trees,have
untitled__23950d92.jpg,23950d92-5a5a-4ea7-bd52-d7a80e623c3f,,Everard Digby,1587,2484,3152,trees,have
untitled__22e9154a.jpg,22e9154a-8b1c-4aae-8aa3-c9083b0e5182,,Everard Digby,1587,2460,3128,trees,have
untitled__228f118a.jpg,228f118a-67d2-45be-bc68-494e0027d046,,Everard Digby,1587,2452,3128,trees,have
untitled__235e1870.jpg,235e1870-8948-42b4-9843-867b3219b490,,Everard Digby,1587,2400,2940,trees,have
untitled__20c1aeea.jpg,20c1aeea-c041-4ee3-b776-b5ce1113619b,,Everard Digby,1587,2460,3120,trees,have
untitled__39c41da8.jpg,39c41da8-9da9-40f3-8985-9083282b6fec,,Everard Digby,1587,2444,3118,trees,have
untitled__3ae66815.jpg,3ae66815-3c0c-4f61-957e-b7da34991abb,,Everard Digby,1587,2420,3124,trees,have
untitled__454a3738.jpg,454a3738-dad4-430f-886d-503af87b938b,,Everard Digby,1587,2488,3136,trees,have
untitled__47b398c6.jpg,47b398c6-22af-4718-ad8b-f70a5af04728,,Everard Digby,1587,2420,3104,trees,have
untitled__407c1522.jpg,407c1522-a63a-4bbc-8c73-de336c1fdb7c,,Everard Digby,1587,2404,3096,trees,have
untitled__62c00f35.jpg,62c00f35-ea84-49a6-a381-750a660c99d9,,Everard Digby,1587,2436,2964,trees,have
untitled__64fca850.jpg,64fca850-324c-4d7b-b008-fc729276668e,,Everard Digby,1587,2464,3136,trees,have
untitled__78bfff6b.jpg,78bfff6b-027e-4c61-9ce8-673982675b8a,,Everard Digby,1587,2396,2904,trees,have
untitled__773f0b1a.jpg,773f0b1a-8210-4104-b7ff-3df8c96645b3,,Everard Digby,1587,2468,3152,trees,have
untitled__899124d6.jpg,899124d6-669e-4834-b346-fd6e4851c3c2,,Everard Digby,1587,2492,3140,trees,have
untitled__83e14a77.jpg,83e14a77-e37c-4e41-b32e-c512c4785cc7,,Everard Digby,1587,2468,3116,trees,have
untitled__96f43173.jpg,96f43173-ec01-4989-bb5f-7b5e4f6dca48,,Everard Digby,1587,2464,3116,trees,have
untitled__926a3fd1.jpg,926a3fd1-1c92-4987-8f6c-c2c556c42e29,,Everard Digby,1587,2456,3144,trees,have
untitled__965fc6ab.jpg,965fc6ab-d427-4b7d-a79e-26e58e045faf,,Everard Digby,1587,2448,3180,trees,have
untitled__06145f7d.jpg,06145f7d-8967-4f57-9a37-64e476c36922,,Everard Digby,1587,2448,3140,trees,have
untitled__a9287849.jpg,a9287849-ffc5-4c88-aeb1-6ec23e6477f7,,Everard Digby,1587,2488,3132,trees,have
untitled__a6e1de29.jpg,a6e1de29-485e-485b-90b4-f2282f6b2873,,Everard Digby,1587,2396,3092,trees,have
untitled__bdb70164.jpg,bdb70164-40f4-411f-b35e-4ed74c587dc2,,Everard Digby,1587,2428,3108,trees,have
untitled__e9faf9db.jpg,e9faf9db-5a20-4ddd-a637-f2eaa96649e4,,Everard Digby,1587,2488,3152,trees,have
untitled__e1dee4ed.jpg,e1dee4ed-d683-492c-9a17-ba1f0d213d13,,Everard Digby,1587,2424,3096,trees,have
untitled__e2c91824.jpg,e2c91824-713d-475a-b2e5-b4f0d62feb9e,,Everard Digby,1587,2456,3196,trees,have
untitled__fc602236.jpg,fc602236-67e5-4185-b8fa-efe0cc1417f8,,Everard Digby,1587,2456,3192,trees,have
shakespeare-s-statue-under-a-tree-with-swans__1f9509c9.jpg,1f9509c9-0f07-4939-92b1-3bb9fca44fc4,Shakespeare's statue under a tree with swans,,19th century,1024,839,trees,have
those-dervishes-who-have-toiled-and-been-abused-and-have-not__b5043549.jpg,b5043549-46a8-4004-a752-f5e6c576fefb,"“Those dervishes who have toiled and been abused, and have not known comfort in this world, they too [like the prophet] will ride Baraq [to heaven]”",,19th century,620,759,trees,have
he-dedicated-himself-to-his-guiding-pir-sufi-master-and-refr__f87d470d.jpg,f87d470d-dda5-4c43-b222-662f593fc47f,"“He dedicated himself to his guiding pir (Sufi master) and refrained from people’s ..... (?) and abstained from illicit activity, tobacco and alcohol”",,19th century,620,787,trees,have
the-balsam-garden-of-cairo-fustat__972ee64d.jpg,972ee64d-ae69-442b-a1ff-f5acee97c6c4,The balsam garden of Cairo (Fustat).,,ca. 1440,570,846,"herbs,trees",have
a-tree-a-spider-web-and-an-eagle__f6dc1d9f.jpg,f6dc1d9f-5b7a-4ea9-b0c7-81f0fcb98351,"A tree, a spider web, and an eagle.",,ca. 1440,570,841,"herbs,trees",have
untitled__1e83069a.jpg,1e83069a-962a-4197-bb39-3e0e213bc0b1,,Pierre Salas,ca. 1500,800,892,trees,have
untitled__50fea56f.jpg,50fea56f-0967-408f-9f9d-a9d4fdd41c20,,,,461,560,trees,have
untitled__392025c5.jpg,392025c5-f919-47fb-ba6e-c2970a4fc34a,,Jacques-Louis David,1770s,989,652,trees,have
a-street-scene-in-colombo-ceylon__018e6c9d.jpg,018e6c9d-f19c-49ac-b178-e74c5df3ffcf,"A Street Scene in Colombo, Ceylon",,ca. 1900,540,411,trees,have
untitled__8f399e2e.jpg,8f399e2e-7fc7-4edf-86ac-bdcfc489b00b,,Frederick Whitney,1909,1170,1500,trees,have
untitled__a741e484.jpg,a741e484-6619-4f9a-9bf1-95fe42eca8ac,,Frederick Whitney,1909,1169,1500,trees,have
untitled__c373d283.jpg,c373d283-b07f-4e40-8b33-84852d4e8c38,,Frederick Whitney,1909,1127,1500,trees,have
untitled__e94cde3d.jpg,e94cde3d-7818-491a-a58c-55c00d7dc6b1,,Frederick Whitney,1909,1122,1500,trees,have
at-the-french-windows-the-artist-s-wife__2799247c.jpg,2799247c-d8fe-4b4a-8b4a-74931b1d9b44,At the French Windows. The Artist's Wife,L.A. Ring,1897,604,799,trees,have
view-of-a-street-in-sterbro-outside-copenhagen-morning-light__07eab757.jpg,07eab757-a5b9-43fd-88a2-b6ad1426e13f,View of a Street in Østerbro Outside Copenhagen. Morning Light,Christen Købke,1836,800,526,trees,have
among-the-tree-tops-calaveras-grove__1c4f7210.jpg,1c4f7210-301a-4310-a817-7d374160302e,Among The Tree Tops Calaveras Grove,Carleton Watkins,1880-90,800,543,trees,have
landscape-with-orpheus__300e477d.jpg,300e477d-54d1-4123-a6b6-3fadcff126e0,Landscape with Orpheus,,ca. 1570,800,602,trees,have
elsie-and-the-gnome__b419f6e0.jpg,b419f6e0-3769-4c95-bee4-2d3e1e709e15,Elsie and the Gnome,Frances Griffiths; Elsie Wright,1922,540,561,trees,have
giving-instructions-to-bring-in-the-tiger__992b84cd.jpg,992b84cd-15ef-478a-b9bc-52cef367a795,Giving Instructions to Bring in the Tiger,,1902,820,588,trees,have
the-water-wonder-or-the-fishes-lords-of-the-creation__3c5b06d9.jpg,3c5b06d9-2fc4-47ad-8c08-e5b3bbe7a796,The water wonder or the fishes lords of the creation,,18th century,786,558,trees,have
mount-prodigal-gloucester-county-virginia__2c7a3d3d.jpg,2c7a3d3d-8285-4536-a0c7-a28d935221d5,"""Mount Prodigal"", Gloucester County, Virginia",,,800,638,trees,have
untitled__53d60e21.jpg,53d60e21-7815-4995-818e-c11765f773dc,,John Baptista Tavernier,1678,1000,542,trees,have
untitled__fb1d9eea.jpg,fb1d9eea-528a-4fac-96cd-3891fb027ba8,,John Baptista Tavernier,1678,1000,529,trees,have
there-stands-an-old-tree-cut-it-down-and-you-will-find-somet__deb83493.jpg,deb83493-b17f-438c-a2b9-9b96c717101d,"There Stands an Old Tree; Cut It Down, and You Will Find Something at the Roots.",Arthur Rackham,1916,540,550,trees,have
untitled__48cd0965.jpg,48cd0965-b1c7-4a19-a2ae-3f158eb5fb13,,,ca.1800,576,1089,trees,have
untitled__35439fb2.jpg,35439fb2-b4d2-4338-92ea-5e08d2b3d76f,,,1882,438,273,trees,have
untitled__313c53f9.jpg,313c53f9-3c90-4f49-9b4e-324cdef882d3,,,1882,438,278,trees,have
untitled__8c407cf5.jpg,8c407cf5-b0e1-44d3-8879-1d4fe82bc0f7,,,1882,465,470,trees,have
untitled__00ba935d.jpg,00ba935d-327f-4364-bc2a-35de2575e659,,,1882,522,463,trees,have
spring-morning-in-the-han-palace-detail__29f4273c.jpg,29f4273c-93f6-4381-b439-f36de050598e,Spring Morning in the Han Palace (detail),Qiu Ying,17th century,800,504,"gardens,trees",have
spring-morning-in-the-han-palace-detail__7008bd36.jpg,7008bd36-d833-46bf-aa8a-0b675bc5726f,Spring Morning in the Han Palace (detail),Qiu Ying,17th century,800,460,trees,have
untitled__592812aa.jpg,592812aa-1ed0-4ae4-9d69-4a3edc70c87c,,Leonhard Zubler,1607,700,599,trees,have
untitled__b2ec3661.jpg,b2ec3661-0d0b-4a38-9b96-120a3c1c483e,,William Cheselden,1733,540,754,"foliage,trees",have
untitled__16154773.jpeg,16154773-6a67-4b7a-8526-eee85fafca43,,,1902,1583,2238,trees,have
untitled__7a8eb949.jpeg,7a8eb949-3238-46a2-8a06-6a03682c82d0,,,1902,1562,2207,trees,have
untitled__88b05144.jpeg,88b05144-2b4d-4620-9a4e-e0e4c099524b,,,1902,1533,2177,trees,have
untitled__dd5584a3.jpeg,dd5584a3-48e5-4741-8109-89b35f661bab,,,1902,1588,2182,trees,have
untitled__e86807e0.jpeg,e86807e0-daa9-44ae-b03d-b4234d37ffe3,,,1902,1628,2280,trees,have
i-saw-them-fashion-the-syllables-of-my-name-the-pit-and-the-__4eddfceb.jpg,4eddfceb-f096-483a-a03b-59181d8d81b3,"""I saw them fashion the syllables of my name"" (The Pit and the Pendulum)",Harry Clarke,1919,528,700,trees,have
deep-deep-and-for-ever-into-some-ordinary-and-nameless-i-gra__9fb7a9ea.jpg,9fb7a9ea-6377-4258-83be-9ba22e4e2e64,"Deep, deep, and for ever, into some ordinary and nameless <i>grave </i>(The Premature Burial)",Harry Clarke,1919,530,700,"foliage,trees",have
in-his-toilsome-journey-to-the-water-his-fears-redouble-with__be530b25.jpg,be530b25-f039-44b8-a3d5-0403dfb1454e,In his toilsome journey to the water his fears redouble within him (The Mystery of Marie Rogêt),Harry Clarke,1919,530,700,trees,have
vuangfos-i-e-vrangfoss-lock-bandak-canal-telemarken-i-e-tele__3d6aedca.jpg,3d6aedca-414e-4cd4-9fc1-1f2aba4bcd8c,"[Vuangfos (i.e., Vrangfoss) Lock, Bandak Canal, Telemarken (i.e, Telemark), Norway]",,ca. 1890,640,473,trees,ok
general-view-molde-norway__99203a52.jpg,99203a52-8cd5-47e7-81f0-45a0c25ed94f,"[General view, Molde, Norway]",,ca. 1890,639,474,trees,ok
gols-church-with-hovenstuen-and-staburet-christiania-norway__a26acad5.jpg,a26acad5-4fa4-44ec-a42b-f32913b80959,"[Gols Church, with Hovenstuen and Staburet, Christiania, Norway]",,ca. 1890,640,468,trees,ok
rosalie-saw-before-her-eyes-a-tree-of-marvellous-beauty__8117fce7.jpg,8117fce7-b4a0-4202-b3ca-10a34e9a522b,Rosalie saw before her eyes a tree of marvellous beauty,Virginia Frances Sterrett,1920,620,824,"gardens,trees",have
a-carload-of-pears-from-california__0ed08f59.jpg,0ed08f59-d60a-4383-8f1f-873bc64cedb8,A Carload of Pears from California,Edward H. Mitchell,1909,3385,2192,leaves,have
a-carload-of-navel-oranges-from-california__ba5855cc.jpg,ba5855cc-22d7-48ce-bcdd-0220700bf5d8,A Carload of Navel Oranges from California,Edward H. Mitchell,1909,3386,2177,leaves,have
frontispiece__e9c24a86.jpg,e9c24a86-8cba-402b-9a92-60f6f2217fc0,Frontispiece,Henri Rivière,1888–1902,2952,2451,leaves,have
sloane-ms-1975-bl-ca-1175-1200-f-49r__cabf1a80.jpg,cabf1a80-f428-4a76-bba3-db0437bda9eb,"Sloane MS 1975 (BL), ca. 1175–1200, f. 49r.",,ca. 1175-1200,477,583,"herbals,leaves",have
picking-olives__ff0eb8db.jpg,ff0eb8db-84a8-4865-9a96-89cfc484a3e5,Picking olives,,ca. 1910,5773,4210,leaves,have
little-horn-of-leaves-which-covers-their-faces__6be5534d.jpeg,6be5534d-89d4-4f53-a330-b39ffc56c730,Little Horn of Leaves Which Covers Their Faces,Jean de Bosschère,1921,1735,2475,leaves,have
the-hare-and-the-weasel-a-swahili-fairy-tale__5f721b96.jpg,5f721b96-84e6-404e-9087-af77abaa5bc3,"“The Hare and the Weasel”, a Swahili fairy tale.",Tom Seidmann-Freud,1924,1774,1420,leaves,have
untitled__139d8391.jpg,139d8391-c297-49a4-9efd-a7066b757cfb,,Madame B,ca. 1870s,2040,2749,leaves,have
white-flamingoes-and-the-skies-they-simulate__5e22a302.jpg,5e22a302-0819-40b2-a29a-59d9a6b271f3,White Flamingoes and the Skies They Simulate,Gerald H. Thayer,1909,1542,1500,leaves,have
male-wood-duck-on-shallow-water__59340c23.jpg,59340c23-6b03-41db-9946-7e737e05e38e,Male Wood Duck on Shallow Water,Gerald H. Thayer,1909,1032,1500,leaves,have
how-the-animal-silhouette-are-seen-against-a-background-that__71de9232.jpg,71de9232-3a58-455e-83ac-413488ec444e,How the animal silhouette are seen against a background that matches it,Gerald H. Thayer,1909,1500,1025,leaves,have
cottontail-rabbit__0e3c8c05.jpg,0e3c8c05-7596-4d1b-b2bb-d66dcf5742db,Cottontail Rabbit,Gerald H. Thayer,1909,1500,1445,leaves,have
male-ruffed-grouse-in-the-forest__0ee74477.jpg,0ee74477-72e0-411d-8156-d46adcf04a11,Male Ruffed Grouse in the Forest,Gerald H. Thayer,1909,1500,1482,leaves,have
copperhead-snake-on-dead-leaves__affcda1a.jpg,affcda1a-147c-40af-8ce4-1f06b4477291,Copperhead Snake on Dead Leaves,Gerald H. Thayer,1909,1142,1500,leaves,have
blue-jays-in-winter-and-birds-of-paradise-in-the-forest__ac819a37.jpg,ac819a37-d424-494d-add0-40899317ecf2,Blue Jays in Winter and Birds of Paradise in the Forest,Gerald H. Thayer,1909,1500,1026,leaves,have
peacock-in-the-woods__d83857de.jpg,d83857de-7add-45c5-ae0c-d86b87f6b875,Peacock in the Woods,Gerald H. Thayer,1909,1225,1500,leaves,have
october__b25ba3e5.jpg,b25ba3e5-4222-4f05-a44f-c392f4557ab8,October,Walter Crane,ca. 1889,1040,1400,leaves,have
kimono-design__5a55cd0f.jpeg,5a55cd0f-78e8-4c55-b5ab-e9264a7e40c4,Kimono design,Ueno Seikō,ca. 1902,708,952,leaves,have
kimono-design__ecc365c5.jpeg,ecc365c5-be8c-4633-978d-6dbcf1c895bd,Kimono design,Ueno Seikō,ca. 1902,702,964,leaves,have
peach-water-tower-frontage-road-gaffney-south-carolina__4217c504.jpg,4217c504-2898-457e-87ea-67d0e21b4f10,"Peach water tower, Frontage Road, Gaffney, South Carolina.",John Margolies,1988,557,800,leaves,have
the-praying-mantis__09005bb5.jpg,09005bb5-1228-42a4-969d-8866289d6c4e,The Praying Mantis,E. J. Detmold,1921,693,799,leaves,have
fig-8-is-a-representation-of-loaves-of-bread-and-cake-and-is__97fa191f.jpg,97fa191f-0d0b-4742-942d-50387fcd3d61,"Fig. 8 is a representation of loaves of bread and cake, and is made by careful peeling.",,1910,453,500,leaves,have
untitled__68e99974.jpg,68e99974-59d8-4a2e-ae5c-e0aa99c9e833,,Hugo Simberg,ca. 1908,458,639,"foliage,leaves",have
aubrey-boucicault__0e224b83.jpg,0e224b83-2368-4ce3-bb19-bdcb143eb4c0,Aubrey Boucicault,Elmer Chickering,1913,600,896,leaves,have
untitled__74b01ec6.jpeg,74b01ec6-3e92-4492-8ea4-d5e410d934e9,,,1902,1692,2325,leaves,have
untitled__b3ab6bca.jpeg,b3ab6bca-1058-4e62-8318-843d7154c8eb,,,1902,1525,2179,leaves,have
untitled__e725cd0d.jpeg,e725cd0d-4004-4616-9972-0bb82671e3dc,,,1902,1592,2213,leaves,have
zeus-on-his-throne__ffabe6c1.jpg,ffabe6c1-cbd6-449b-85a2-b0ba97550445,Zeus on His Throne,Maria Catharina Prestel; Giulio Romano,1781,2620,3420,foliage,have
owl-with-two-owlets-sitting-on-branch__6d80850f.jpg,6d80850f-425f-42fb-a314-d7cd6d791c81,Owl with Two Owlets Sitting on Branch,Henri De Groux,1895,893,1200,foliage,have
untitled__8d0f8c3a.jpg,8d0f8c3a-6f6a-4ccc-b531-bc2ea547e359,,Madame B,ca. 1870s,2724,1932,foliage,have
the-greedy-dog__5e2a7b16.jpeg,5e2a7b16-5568-4149-85bf-41ef0d4d264e,The Greedy Dog,,ca. 1310,2175,1740,foliage,have
untitled__a0f35e35.jpg,a0f35e35-a5bc-4fb8-bbcf-3804a133ca3f,,Thomas Smillie,1890–1913,2048,1650,"foliage,gardens",have
caret__3ad90082.jpg,3ad90082-02e1-4149-8f80-8bc4a06ae60e,Caret,Mr. Stops,1824,2380,2168,foliage,have
the-worship-of-priapus__5e2050d4.jpeg,5e2050d4-8514-4fba-aeff-4e0f189caaa9,The worship of Priapus,,1499,1500,1100,foliage,have
bubbles__5d994497.jpg,5d994497-f8a8-4d19-b445-ac4cef05ce7b,Bubbles,John Everett Millais,1886,951,1400,foliage,have
the-baths-of-apollo-at-versailles__8e283ccd.jpg,8e283ccd-ed17-40a3-94ac-a7100b4767f7,The Baths of Apollo at Versailles,,1870,1400,706,"foliage,gardens",have
two-views-of-a-grotto-at-the-villa-di-pratolino__d29d26e0.jpeg,d29d26e0-e446-46ae-ba3a-729013f97d30,Two Views of a Grotto at the Villa di Pratolino,Stefano della Bella,1653,2000,1352,"foliage,gardens",have
untitled__8a896c8f.jpeg,8a896c8f-577f-4cdd-bb02-d43d80c15bcd,,Philipp Hainhofer,1596–1633,812,1062,foliage,have
la-tomba-di-nerone-nero-s-tomb__1378d2a8.jpeg,1378d2a8-db63-4c8f-823c-8c88565059cb,La Tomba di Nerone (Nero's Tomb),Giovanni Battista Piranesi,1748,3701,2661,foliage,have
fantasy-of-ruins-with-a-statue-of-minerva-in-the-center-fore__c567171d.jpeg,c567171d-bc1b-4121-9121-b2110c2c3ea3,Fantasy of Ruins with a Statue of Minerva in the Center Foreground,Giovanni Battista Piranesi,1748,1400,1088,foliage,have
after-the-fall__054b5a75.jpeg,054b5a75-b1a3-404a-90c4-a4d611d5b52f,After the fall,,ca. 1330,850,1169,foliage,have
the-murder-of-abel__e21b0e4d.jpeg,e21b0e4d-5ff7-44f0-8984-5b45f0f7811c,The murder of Abel,,ca. 1330,872,1151,foliage,have
distinguished-colored-men__c4026493.jpeg,c4026493-edd2-4bff-962e-a4acfc5cf18e,Distinguished Colored Men,A. Muller & Co.,1883,771,1024,foliage,have
grace-parker-sister-of-theresa-p-babb-photographed-in-1898__217aa2ec.jpg,217aa2ec-798b-4b48-88c2-efc40d265dfb,"Grace Parker, sister of Theresa P. Babb, photographed in 1898",Theresa Babb,1898,1415,1400,"foliage,gardens",have
mrs-hodgman-s-picnic-august-1900__3b6d4735.jpg,3b6d4735-658f-4f6f-b270-3884302a5d68,"Mrs. Hodgman's picnic, August 1900",Theresa Babb,1900,1481,1400,foliage,have
summer-house-group-lizzie-myrtle-french-teresa-grace-margare__7638e595.jpg,7638e595-19ae-4313-9845-1ddd28c6ef9a,"Summer house group: Lizzie, Myrtle French, Teresa?, Grace, & Margaret, June 24, 1898",Theresa Babb,1898,1408,1400,foliage,have
mothers-daughters-september-1899__00d31ce9.jpg,00d31ce9-3465-4446-9d28-b7e95ce696cc,"“Mothers & Daughters, September 1899”",Theresa Babb,1899,1371,1400,foliage,have
ancient-intersection-of-the-via-appia-and-via-ardeatina__f6cdd610.jpg,f6cdd610-e511-4357-a05e-58b698c49e27,Ancient Intersection of the Via Appia and Via Ardeatina,Giovanni Battista Piranesi,1756,1200,774,foliage,have
credit-is-dead-the-bad-payers-killed-him__19d31af6.jpg,19d31af6-8b7e-4231-be76-310d3c531469,Credit Is Dead; the Bad Payers Killed Him,Philippus Jacobus Brepols,ca. 1820,1400,1144,foliage,have
the-tubes-view-from-an-aeronef-at-700-meters__d1309fe2.jpg,d1309fe2-c17a-4e85-971e-7c87e6054776,The Tubes (View from an Aeronef at 700 Meters),Albert Robida,1890,834,1200,foliage,have
instrument-of-the-madur__7981e635.jpg,7981e635-68be-4977-9b17-f5be4825a88e,Instrument of the Madurè,Filippo Buonanni,1722,809,1200,foliage,have
untitled__3df95ee1.jpg,3df95ee1-fe24-4da8-96a4-e6e1b0d54266,,Elias Ashmole,1652,884,1200,foliage,have
seascape-gravelines__fcf15057.jpg,fcf15057-7995-4539-ac24-6e0543b528ed,Seascape (Gravelines),Georges Seurat,1890,4096,2842,foliage,have
untitled__8b2f0bb8.jpg,8b2f0bb8-a2e9-4ed9-9062-6b60c86719f1,,Lorenz Stoer,1567,589,800,foliage,have
untitled__ef18afe0.jpg,ef18afe0-987a-4875-bdc2-083062c65d96,,Lorenz Stoer,1567,574,800,foliage,have
the-holy-wound__4f2ec414.jpg,4f2ec414-03b4-4bf5-a0db-add0873f1821,The Holy Wound,Jean Le Noir,ca. 14th century,779,1200,foliage,have
antropomorphic-hill__535faf44.jpg,535faf44-b5f5-4124-8b2b-b42a7dbe1bed,Antropomorphic Hill,Jan Brandes,1785,1001,1200,foliage,have
greenfinch__00699830.jpg,00699830-57ec-4d04-b0d7-795f62050c6a,Greenfinch,Barbara Regina Dietzsch,ca. 1750,862,1200,foliage,have
the-romance-of-the-future-with-kinetoscopic-illustrations__56739446.jpg,56739446-045c-4ec5-b066-9a7f41067a7f,The Romance of the Future (With Kinetoscopic Illustrations),Albert Robida,1894,794,1100,foliage,have
roadside-flamingo-statue-frog-city-route-41-florida__630b4786.jpg,630b4786-3047-454c-b4bd-dcc21e10fe58,"Roadside flamingo statue, Frog City, Route 41, Florida.",John Margolies,1980,1024,713,foliage,have
arabian-ornaments-of-the-thirteenth-century-from-cairo__2154dd03.jpg,2154dd03-a8a2-4b1b-a71f-07668871881a,Arabian Ornaments of the Thirteenth Century from Cairo,Owen Jones,1865,800,1237,foliage,have
natural-history-of-carolina-florida-and-the-bahama-islands-v__f12b0c92.jpg,f12b0c92-b32e-4760-997c-4e0d47fbfccb,"Natural History of Carolina, Florida and the Bahama Islands, v1. Tab 38",Mark Catesby,1731,574,768,foliage,have
guide-for-constructing-the-letters-r-and-s__1b454cdc.jpg,1b454cdc-6819-4283-9052-1cfc681d9ec0,Guide for Constructing the Letters r and s,Joris Hoefnagel,ca. 1595,835,1200,foliage,have
guide-for-constructing-the-letters-c-and-d__a1d26df5.jpg,a1d26df5-4405-452c-baf0-1f5f42eede4a,Guide for Constructing the Letters c and d,Joris Hoefnagel,ca. 1595,858,1200,foliage,have
guide-for-constructing-the-letters-a-and-b__bb309e24.jpg,bb309e24-46b9-4c2a-91b0-2b397aff8bc8,Guide for Constructing the Letters a and b,Joris Hoefnagel,ca. 1595,844,1200,foliage,have
the-marsh-flower-a-sad-human-head__cd50d3b0.jpg,cd50d3b0-ccc1-41ab-a00a-5c84d1de7820,"The Marsh Flower, a Sad Human Head",Odilon Redon,1885,916,1200,foliage,have
the-sick-rose__5cdc3a1f.jpg,5cdc3a1f-30b5-485b-9f99-6d266701f71b,The Sick Rose,William Blake,ca. 1825,840,1200,foliage,have
night__6e24dd2e.jpg,6e24dd2e-6bfa-4c30-9f82-7234a266d9d0,Night,William Blake,ca. 1825,833,1200,foliage,have
two-pages-from-em-the-young-artist-s-coloring-guide-no-12-em__5ef68ae5.jpg,5ef68ae5-4453-494c-bbe0-54d4efb19543,Two pages from <em>The Young Artist's Coloring Guide. No. 12</em> (ca. 1850).,,ca. 1850,855,1599,foliage,have
you-ll-come-to-three-princesses-whom-you-will-see-standing-i__35a215fe.jpg,35a215fe-fe5f-4965-bf0e-78f0cb713f8a,"""You'll come to three Princesses, whom you will see standing in the earth up to their necks, with only their heads out.""",Kay Nielsen,1922,550,799,foliage,have
the-death-of-captain-thomas-and-escape-of-wyer-and-cammett__dc190f5f.jpg,dc190f5f-b29e-40c5-8ecf-c9e1fa68fbf3,"The Death of Captain Thomas, and Escape of Wyer and Cammett",Charles Ellms,1841,639,516,foliage,have
fore-edge-for-a-copy-of-hudibras-with-annotations-and-prefac__8dc9dd34.jpg,8dc9dd34-e5e0-481c-811c-5edd1bdd9e79,"Fore-edge for a copy of *Hudibras. With Annotations and Preface by Zachary Grey*, Volume Two",,1799,1024,344,foliage,have
scipio-africanus__c165fb85.jpg,c165fb85-8f60-41e0-b7c6-5c17f5dca505,Scipio Africanus,Mattia di Nanni di Stefano,ca. 1425–30,713,1024,foliage,have
cuckoo-and-pine__f15a7f88.jpg,f15a7f88-0c84-4086-824b-8bb2a2536b9a,Cuckoo and Pine,Utagawa Hiroshige,1840,1000,782,foliage,have
the-old-woman__6b9d9ce3.jpg,6b9d9ce3-ff18-4cf1-9e00-46d6807f2c80,The Old Woman,Hans Holbein,1523–5,550,738,foliage,have
this-giant-gave-them-his-brotherly-kindness__0c7aff03.jpg,0c7aff03-4406-4f6b-8ee9-9546d1b47538,This giant gave them his brotherly kindness,Nathaniel Hawthorne,1921,620,829,foliage,have
author-with-wooden-mask-off__33f226e3.jpg,33f226e3-3c6c-418e-ae7f-6f62513eafb3,Author With Wooden Mask Off,Richard Kearton,1909,652,754,foliage,have
nane-qagyuhl-man-dressed-in-a-full-body-bear-costume__2f3499da.jpg,2f3499da-2a4f-4c20-90d1-9462a940aa54,"Nane, Qagyuhl — Man dressed in a full-body bear costume.",Edward Curtis,ca. 1914,481,640,foliage,have
a-tluwulahu-costume-qagyuhl-woman-wearing-a-fringed-chilkat-__2d827e79.jpg,2d827e79-e870-4dc8-84f9-41db5bf17f12,"A Tluwulahu costume, Qagyuhl — Woman wearing a fringed Chilkat blanket, a hamatsa neckring and mask.",Edward Curtis,ca. 1914,480,640,foliage,have
paqusilahl-qagyuhl-dancer-representing-paqusilahl-man-of-the__88c43b03.jpg,88c43b03-081d-42e5-8c40-43cbf6c5e6b3,"Paqusilahl, Qagyuhl — Dancer representing Paqusilahl (""man of the ground embodiment"").",Edward Curtis,ca. 1914,478,640,foliage,have
sisiutl-qagyuhl-sisiutl-one-of-the-main-dancers-in-the-winte__992ffeea.jpg,992ffeea-2929-40e6-9547-8875b6fe63ce,"Sisiutl, Qagyuhl — Sisiutl, one of the main dancers in the Winter Dance ceremonies.",Edward Curtis,ca. 1914,640,488,foliage,have
untitled__67fcd439.jpg,67fcd439-bd41-4c3d-aa4e-4c6df3011551,,Théodore Marcile,1609,718,1197,"foliage,gardens",have
blind-man-s-bluff__9c1abea1.jpg,9c1abea1-b0e6-4411-a0f1-8198ffb4f0a6,Blind Man's Bluff,Claudine Bouzonnet-Stella; Jacques Stella,1657,800,630,foliage,have
kongcorong__7ad9c64a.jpg,7ad9c64a-cc55-4c12-b225-c13863e96971,Kongcorong,,,717,1024,foliage,have
untitled__b6a7e708.jpg,b6a7e708-66b4-47c7-8954-6a3e8b9e67b9,,Utagawa Yoshishige,1848,500,705,foliage,have
untitled__cd61f4e1.jpg,cd61f4e1-2fde-43f5-909b-04e08e275b04,,Hugo Simberg,1907,1023,726,foliage,have
carthaginian-policeman-approaching-marius__0e63ea7b.png,0e63ea7b-ae25-46ce-9f06-6a94f0a8fb0e,Carthaginian Policeman Approaching Marius,John Leech,1850,544,668,foliage,have
untitled__873a8634.jpg,873a8634-1af1-4074-b483-8d86b44a288d,,,ca. 1467,600,901,foliage,have
the-indian-puck-or-robin-good-fellow__9efad8f4.jpg,9efad8f4-c86b-4915-bb53-d5456f0e9f34,"The Indian Puck, or Robin Good-Fellow",Charels G. Leland,1884,560,893,foliage,have
glooskap-setting-his-dogs-on-the-witches__bb97e227.jpg,bb97e227-edb6-4b6a-8ba1-73778f38af45,Glooskap Setting His Dogs on the Witches,Charels G. Leland,1884,560,587,foliage,have
fireworks-at-the-hague-june-14-1713-on-the-occasion-of-the-p__19b9b0d9.jpg,19b9b0d9-1a9a-4436-97bb-49b7dbf15039,"Fireworks at The Hague, June 14, 1713 on the Occasion of the “Peace of Utrecht”",,1713,800,625,"foliage,gardens",have
the-mother-s-kiss__0244d80c.jpg,0244d80c-1436-4260-8e35-322d37989b3f,The Mother's Kiss,,ca. 1900,1024,500,foliage,have
the-bridesmaids-ready-for-the-ceremony__e00aef6a.jpg,e00aef6a-54bc-4581-a8f6-a5c5f07e8ea4,The Bridesmaids Ready for the Ceremony,,ca. 1900,1024,503,foliage,have
detail-from-the-frontispiece-of-i-the-hermit-i__a429091b.jpg,a429091b-4db1-4a17-a81c-d45cc6a77594,Detail from the frontispiece of <i>The Hermit</i>,,1814,591,681,foliage,have
untitled__87d8baf9.jpg,87d8baf9-25d8-4059-97db-b7b93adf34fa,,,,315,320,foliage,have
lies-coming-out-of-judge-jeffreys-mouth__02ed3c69.jpg,02ed3c69-da37-4b42-b56e-8c1db1510f62,Lies coming out of Judge Jeffreys’ mouth,,,479,560,foliage,have
untitled__2acf3d8c.jpg,2acf3d8c-c116-497f-b4ed-996cb443879a,,Wm. H. Page & Co.,1874,600,807,foliage,have
untitled__fb059ca0.jpg,fb059ca0-0308-4713-a544-7261b0b5ec94,,Frederick Whitney,1909,1243,1500,foliage,have
philoctets-wounded__511645c7.jpg,511645c7-58ed-4fde-b13a-11bcf821870f,Philoctets Wounded,Nicolai Abildgaard,1775,800,564,foliage,have
glass-and-shadows__10d6e5e6.jpg,10d6e5e6-1a60-48b2-a176-15db99a36854,Glass and Shadows,Baron Adolf De Meyer,1912,597,800,foliage,have
the-first-fairy-photograph__79108dae.jpg,79108dae-0dbe-427f-b1ea-1f1d44aedde5,The First Fairy Photograph,Frances Griffiths; Elsie Wright,1922,540,387,foliage,have
the-hairbell-fairy__c780fcbd.jpg,c780fcbd-32f9-45bb-8e36-829d964ba3a4,The Hairbell Fairy,Frances Griffiths; Elsie Wright,1922,540,717,foliage,have
the-dancing-fairy__c8152d48.jpg,c8152d48-c8d2-4f80-a400-5f864fc9c975,The Dancing Fairy,Frances Griffiths; Elsie Wright,1922,540,735,foliage,have
left-st-michael-rescues-the-faithful-from-the-flames-of-hell__73f11a07.jpg,73f11a07-d192-472f-a936-2999dc47235b,Left - St. Michael Rescues the Faithful From the Flames of Hell. Right - The Faithful Rescued by Saint Michael in Paradise,,Late 17th century,950,528,foliage,have
lion__b06b38e3.jpg,b06b38e3-294b-4043-a10f-7b807c1dc5fa,Lion,Edward Topsell,1658,598,369,foliage,have
untitled__bda27f72.jpg,bda27f72-aa7c-42dc-b492-14a9b2ac55c6,,Oliver Goldsmith,1825,500,656,foliage,have
untitled__5f3a0fa3.jpg,5f3a0fa3-1240-4232-828e-938ec5c03feb,,,ca. 1880,435,639,foliage,ok
charles-darwin__8942ce01.jpg,8942ce01-8e5f-41ad-87cb-5afba5f28a8b,Charles Darwin,Frederick Watty,1873,518,731,foliage,have
untitled__4c7a84b7.jpg,4c7a84b7-ddf1-49d8-912b-2061567603b1,,Charles Mavelot,1695,800,564,foliage,have
untitled__94d9aedf.jpg,94d9aedf-6b13-459c-a646-c8da4bae8248,,Charles Mavelot,1695,800,564,foliage,have
untitled__0f0adda6.jpg,0f0adda6-0535-4508-b9af-a8c54f3f1cc1,,Charles Mavelot,1695,800,564,foliage,have
untitled__eac9dcd2.jpg,eac9dcd2-1be2-4d8a-9fc1-89e27d1cea31,,Charles Mavelot,1695,800,564,foliage,have
untitled__f0c9ae60.jpg,f0c9ae60-61d1-40fc-9a4e-1bde080390b6,,Charles Mavelot,1695,800,564,foliage,have
untitled__32d24085.jpg,32d24085-da81-4fe1-bf7a-6a5a76b8af9f,,William Cheselden,1733,750,402,foliage,have
untitled__386d08bb.jpg,386d08bb-8706-4939-96a8-5a29bd94a454,,William Cheselden,1733,753,386,foliage,have
i-found-him-beneath-a-tree__138379f0.jpg,138379f0-dac3-48dd-adb2-330f787929e7,“I Found Him Beneath a Tree”,William Blake,1826,840,1022,herbals,have
herbarium-apuleii-ms-18-yale-medical-library-ca-1400-p-83__6a2bcaff.jpeg,6a2bcaff-2346-4773-a2b2-b5abf4f55b9c,"*Herbarium Apuleii*, Ms. 18 (Yale Medical Library), ca. 1400, p. 83.",,ca. 1400,2129,1995,herbals,have
tractatus-de-herbis-sloane-ms-4016-bl-ca-1440-f-56v__b02cef25.jpeg,b02cef25-1720-4f9c-b12e-75148ee981ef,"*Tractatus de Herbis*, Sloane MS 4016 (BL), ca. 1440, f. 56v.",,ca. 1440,569,859,herbals,have
hortus-sanitatis-me-4-1-herzog-august-bibliothek-1536-p-0033__e5804c20.jpeg,e5804c20-2452-4aaa-b6e7-8a0d053dfc53,"*Hortus sanitatis*, Me 4° 1 (Herzog August Bibliothek), 1536, p. 00339.",,1536,723,1097,herbals,have
untitled__1bb380b1.jpg,1bb380b1-6d27-406d-87d1-820d8e73a820,,,1190–1200,756,564,herbals,have
untitled__6918c0fa.jpg,6918c0fa-b90b-430a-a1c6-c39171fc5d28,,,1190–1200,653,800,herbals,have
untitled__85388896.jpg,85388896-e7f9-4d81-83cf-5cab19b01285,,,1190–1200,764,1024,herbals,have
untitled__9ae0cc58.jpg,9ae0cc58-e3ea-4c9f-bd71-cabb0bc34a20,,,1190–1200,596,800,herbals,have
untitled__b06986dc.jpg,b06986dc-689e-4efa-be4b-cac305d991d6,,,1190–1200,633,640,herbals,have
untitled__d96d0866.jpg,d96d0866-e8eb-466f-bb08-875a89cff5eb,,,1190–1200,687,800,herbals,have
untitled__d07d91d9.jpg,d07d91d9-7322-4be2-b57a-850a4e8c7067,,,1190–1200,702,800,herbals,have
untitled__d5ff6e14.jpg,d5ff6e14-5083-43af-82bc-a7dfae4e1caf,,,1190–1200,381,481,herbals,have
untitled__eff8631b.jpg,eff8631b-ed1f-44ac-9025-79db0930da8f,,,1190–1200,690,800,herbals,have
untitled__ee2b2fe7.jpg,ee2b2fe7-acae-463c-a7bd-929f1b11605e,,,1190–1200,666,800,herbals,have
untitled__f819bf43.jpg,f819bf43-16a2-40ea-a8ee-a975b6d7a21b,,,1190–1200,538,640,herbals,have
a-lion-a-leopard-a-rabbit-and-an-elephant__db44d409.jpg,db44d409-fc66-4e3d-a2b2-011507b59be4,"A lion, a leopard, a rabbit, and an elephant.",,ca.1440,570,848,herbs,have
from-the-market-gardens-of-grenelle__a9b1a983.jpg,a9b1a983-e99b-4469-8f50-62dd9915c679,From the Market Gardens of Grenelle,Henri Rivière,1888–1902,2872,2392,gardens,have
illustration-of-a-camera-obscura__a8dc319f.jpg,a8dc319f-38db-41b2-8db8-21e6fdcd8b84,Illustration of a camera obscura,James Ayscough,1755,4440,4672,gardens,have
tea-house-hidden-by-the-greenery-of-the-japanese-village-at-__1d9e7de4.jpg,1d9e7de4-55ab-4155-a512-deb43b5dd5b4,Tea house hidden by the greenery of the “Japanese village” at Albert Kahn’s Boulogne-Billancourt property,Albert Kahn collection,1910,2560,1898,gardens,have
gamberaia__42be1611.jpeg,42be1611-24e5-4da2-81e8-541b8aef2ebb,Gamberaia,Edith Wharton,1904,2742,4188,gardens,have
isola-bella__d37252a4.jpeg,d37252a4-07cf-4ae6-8bda-7e71b8feb2be,Isola Bella,Edith Wharton,1904,4212,2814,gardens,have
villa-gori__d7e4eaca.jpeg,d7e4eaca-cf3b-45f2-af11-b0aa7b86f673,Villa Gori,Edith Wharton,1904,2838,4059,gardens,have
untitled__ee48fddd.jpeg,ee48fddd-b268-4ba4-aaac-ef275580a379,,Edith Wharton,1904,2859,4263,gardens,have
untitled__e8f04253.jpeg,e8f04253-26df-4c12-bac1-506c40c91163,,Edith Wharton,1904,2850,4065,gardens,have
villa-campi__ffac2289.jpeg,ffac2289-546d-4bb4-968d-dfa4a74ad190,Villa Campi,Edith Wharton,1904,2748,4299,gardens,have
knocking-at-a-deaf-man-s-door__a6a542a7.jpg,a6a542a7-9462-40f0-add7-1b4981edf667,“Knocking at a deaf man’s door”,Jan Wierix,ca. 1568,4852,4902,gardens,have
detail-from-an-anonymous-print-of-figures-in-the-oude-doolho__32994237.jpg,32994237-7272-4d0e-9376-a31fad148eca,"Detail from an Anonymous Print of Figures in the Oude Doolhof, Including David, Left, and a Chinese Figure, Centre",,ca. 1831–54,2110,1010,gardens,have
petit-trianon-in-the-gardens-of-versailles__fb6ae5f8.jpg,fb6ae5f8-77e2-4f45-8afb-c1bdc928a191,Petit Trianon in the Gardens of Versailles,Florent Grau,1858,3964,1948,gardens,have
section__d74c356f.jpg,d74c356f-234f-4cab-81d5-d8a34ad39c16,Section,Mr. Stops,1824,2421,2168,gardens,have
the-fontana-dell-aquilone-in-the-vatican-gardens__6d883b76.jpeg,6d883b76-54e6-4d75-9d4d-358e5c12ce07,The Fontana dell’Aquilone in the Vatican Gardens,Giovanni Franceso Venturini,1675,1220,875,gardens,have
the-colossal-statue-of-appenino-by-giambologna-at-pratolino__73b93c47.jpeg,73b93c47-afae-4ad7-b3cc-ce5711aec72a,The Colossal Statue of Appenino by Giambologna at Pratolino,Stefano della Bella,1653,2000,1337,gardens,have
chariot-procession-of-poseidon-held-on-may-28-1589-for-the-w__72978901.jpeg,72978901-1d04-4a60-851b-8708a7894494,"Chariot Procession of Poseidon, Held on May 28, 1589, for the Wedding of Ferdinando I and Christine of Lorraine",Bernardo Buontalenti,1589,1400,974,gardens,have
grotesque-or-rural-bath-gothic-grotto-and-modern-grotto__ad32fe70.jpeg,ad32fe70-32f1-46e0-b1ab-43cee608b6a6,"“Grotesque or Rural Bath”, “Gothic Grotto”, and “Modern Grotto”",,1790,2977,1670,gardens,have
room-of-the-winds-in-villa-aldobrandini__ac00e33b.jpeg,ac00e33b-4810-4014-afc3-ac17e1dc72fe,Room of the Winds in Villa Aldobrandini,Giovanni Francesco Venturini,1691,1155,1455,gardens,have
visitors-entering-the-caves-of-villa-pallavicini-pegli__df5acced.jpg,df5acced-7a1a-489a-bf99-65c28f58ecb5,"Visitors Entering the Caves of Villa Pallavicini, Pegli",Celestino Degoix,1880,1397,1096,gardens,have
grotto-design-with-automata__df34ceaa.jpeg,df34ceaa-504c-4248-84b2-464ad4685293,Grotto Design with Automata,,1615,1400,894,gardens,have
grotto-of-the-animals-at-villa-di-castello__d2e44e8f.jpeg,d2e44e8f-d202-4b74-b272-0534edf151c1,“Grotto of the Animals” at Villa di Castello,,1906,1014,1286,gardens,have
grotto-at-villa-di-papa-giulio-rome__daae0d61.jpeg,daae0d61-7087-41d4-97f0-031460924093,"Grotto at Villa di Papa Giulio, Rome",,1904,1455,1068,gardens,have
grotto-at-villa-d-este-tivoli__e6de776d.jpg,e6de776d-1c6d-46d2-ae49-16198241042d,"Grotto at Villa d’Este, Tivoli",Giovanni Francesco Venturini,before 1691,1400,1046,gardens,have
tell-s-chapel-lake-lucerne__a986c80d.jpeg,a986c80d-cfee-4334-aac8-b001f4fd958c,"Tell’s Chapel, Lake Lucerne",J. M. W. Turner,1841,5084,3990,gardens,have
loie-fuller-detail__8bf6668b.jpg,8bf6668b-4401-42ce-9c65-ed3df683a66c,Loie Fuller (Detail),Samuel Joshua Beckett,1900,823,1023,gardens,have
maze-design-by-batty-langley__6f7143da.jpg,6f7143da-5a6b-49d6-82ec-a17a3cb7e260,Maze Design by Batty Langley,W. H. Matthews,1922,460,639,gardens,have
plan-du-labirinthe-de-versailles__79ac6a53.jpg,79ac6a53-c19f-4c90-9891-458275ba6d2f,Plan Du Labirinthe De Versailles,W. H. Matthews,1922,490,799,gardens,have
gardens-of-trinity-college-oxford-with-labyrinth__8db98e10.jpg,8db98e10-4302-40a8-9a03-6663fde8ec05,"Gardens of Trinity College, Oxford, With Labyrinth",W. H. Matthews,1922,1024,790,gardens,have
maze-design-by-batty-langley__81ce22a6.jpg,81ce22a6-14ee-4a45-88c7-a580d40f1cd2,Maze Design by Batty Langley,W. H. Matthews,1922,1024,764,gardens,have
labyrinth-at-choisy-le-roi-labyrinth-at-chantilly__b95b243d.jpg,b95b243d-a5b1-4959-829a-9e9bf511e7c6,Labyrinth at Choisy-Le-Roi / Labyrinth at Chantilly,W. H. Matthews,1922,572,800,gardens,have
allegorical-labyrinth__d4b89906.jpg,d4b89906-b6f1-450a-af67-0792fee7f07b,Allegorical Labyrinth,W. H. Matthews,1922,1024,634,gardens,have
women-bathing-before-an-architectural-panorama__2eca2af2.jpg,2eca2af2-abd0-4f2c-9ebc-ed185143c557,Women bathing before an architectural panorama,Fayzullah,ca. 1765,581,800,gardens,have
mr-william-bell-scott-wondering-what-it-is-those-fellows-see__97cf5eee.jpg,97cf5eee-994b-4166-aa0a-24c42314da4a,Mr William Bell Scott Wondering What It Is Those Fellows Seem to See in Gabriel,Max Beerbohm,1922,1174,876,gardens,have
untitled__648fde18.jpg,648fde18-34f5-4352-87f8-8b1b044c256d,,Peter Rollos,ca. 1687,800,631,gardens,have
preliminary-study-for-the-design-of-morningside-park-1873__13276ee1.jpg,13276ee1-3bd2-4082-8728-9fa6fbfe5409,Preliminary Study for the Design of Morningside Park (1873),,1873,760,387,gardens,have
showing-the-engagement-ring__5585e343.jpg,5585e343-5d89-4ebc-95e3-9ad91d02b111,Showing the Engagement Ring,,ca. 1900,1024,498,gardens,have
untitled__ca4535d4.jpg,ca4535d4-15ae-4f42-af07-87521666623b,,Pierre Salas,ca. 1500,800,891,gardens,have
1777-fireworks-in-solothurn__8dc9fe49.jpg,8dc9fe49-c308-44d1-be97-4c6710461775,1777 Fireworks in Solothurn,L. Midart,1779,800,626,gardens,have
gazebo-with-fountain-with-ground-plans-of-the-pleasure-garde__3bae77e8.jpg,3bae77e8-8a5a-42fa-995a-db2d345c1b33,"Gazebo with fountain, with ground plans of the pleasure gardens.",Georg Andreas Böckler,1664,560,765,gardens,have
view-of-the-palace-of-jules-mazarin-lustgarten-with-ground-p__6df8037e.jpg,6df8037e-1842-4fff-8572-41a66464f4ce,"View of the Palace of Jules Mazarin Lustgarten, with ground plans of the pleasure gardens.",Georg Andreas Böckler,1664,560,776,gardens,have
grotto-with-cascading-fountain-in-the-castle-at-saint-germai__7baf0c11.jpg,7baf0c11-5758-4478-bad5-e3ff308314f9,"Grotto with cascading fountain in the castle at Saint-Germain-en-Laye, with ground plans of the pleasure gardens.",Georg Andreas Böckler,1664,560,774,gardens,have
grotto-with-fountain-garden-of-the-castle-tanlay-with-ground__9beb4f68.jpg,9beb4f68-f2c9-472a-bd9e-0a38f944857c,"Grotto with fountain garden of the castle Tanlay, with ground plans of the pleasure gardens.",Georg Andreas Böckler,1664,560,773,gardens,have
palazzo-barberini-in-rome-with-ground-plans-of-the-pleasure-__9dbb868e.jpg,9dbb868e-6e80-4304-aac8-e77c74f0de31,"Palazzo Barberini in Rome, with ground plans of the pleasure gardens.",Georg Andreas Böckler,1664,560,774,gardens,have
view-of-merseburg-castle-with-ground-plans-of-the-pleasure-g__0ec6571a.jpg,0ec6571a-4399-4dab-8bcb-d6c20dfc2386,"View of Merseburg Castle, with ground plans of the pleasure gardens.",Georg Andreas Böckler,1664,556,556,gardens,have
front-view-of-saint-peter-s-basilica-in-rome-with-ground-pla__0e33de23.jpg,0e33de23-3a4d-4407-9456-9f6feaec0329,"Front view of Saint Peter's Basilica in Rome, with ground plans of the pleasure gardens.",Georg Andreas Böckler,1664,560,769,gardens,have
palazzo-barberini-in-rome-with-ground-plans-of-the-pleasure-__cc48571c.jpg,cc48571c-7e27-4df0-8c66-a1de7c68ce2a,"Palazzo Barberini in Rome, with ground plans of the pleasure gardens.",Georg Andreas Böckler,1664,560,747,gardens,have
view-of-weimar-castle-with-ground-plans-of-the-pleasure-gard__c64fa59a.jpg,c64fa59a-c1ca-4100-9256-73d7e744d194,"View of Weimar Castle, with ground plans of the pleasure gardens.",Georg Andreas Böckler,1664,560,796,gardens,have
villa-mondragone-with-plans-of-the-pleasure-garden__e5465c78.jpg,e5465c78-b678-4c5b-8f15-04e558000a19,Villa Mondragone with plans of the pleasure garden.,Georg Andreas Böckler,1664,560,776,gardens,have
view-of-the-gothaer-castle-with-ground-plans-of-the-pleasure__efa96c55.jpg,efa96c55-e9d8-4f92-8e49-278b48189024,View of the Gothaer Castle with ground plans of the pleasure garden.,Georg Andreas Böckler,1664,560,801,gardens,have
spring-morning-in-the-han-palace-detail__813beba6.jpg,813beba6-4bef-4c3a-8329-330625a1279f,Spring Morning in the Han Palace (detail),Qiu Ying,17th century,800,458,gardens,have
deteriorated-wall-mural-adjacent-to-a-vacant-lot-on-35th-str__a1f95ce7.jpg,a1f95ce7-e3c8-4281-9422-13bf7c8c05a8,“Deteriorated wall mural adjacent to a vacant lot on 35th Street in South Side...”,John H. White,1973–4,1500,1022,wildflowers,have
respiratory-system-of-a-tree__033f7b8e.jpg,033f7b8e-c42f-4d52-a938-b59cf91d20f9,Respiratory System of a Tree,,1896,1094,2293,"botanical-drawing,botanical-illustration",have
siegfried__0f3eef5e.jpg,0f3eef5e-7e5c-40cf-999d-1f58d21d6c02,Siegfried,Aubrey Beardsley,1893,2642,3662,climbing-plants,have
how-queen-guenever-made-her-a-nun__9aba9bdd.jpg,9aba9bdd-1ee0-4587-968f-f85dad7fb231,How Queen Guenever Made Her a Nun,Aubrey Beardsley,1893–94,2782,3540,climbing-plants,have
title-page-design__64ddc742.jpg,64ddc742-9625-42dd-a8e5-e66c15f87fe6,Title-page Design,Aubrey Beardsley,1894,2334,2990,climbing-plants,have
contents-page-design__30af5d6f.jpg,30af5d6f-988c-41a5-bf0a-dcfed676b3b9,Contents-page Design,Aubrey Beardsley,1894,2450,2976,climbing-plants,have
