uuid,title,artist,date,src,w,h,restriction,tags
12ecb4d9-4da8-435a-9579-56c8bb53a8ad,Alkanna,Johannes Hartlieb,1462,/collections/hartlieb-book-of-herbs/book-of-herbs-19.jpg,3692,4169,,"botanical,botany,flora,herbals,herbs,plants"
1ce2605d-6c2d-4d09-a785-f3a78e0a9c74,Gourd,Johannes Hartlieb,1462,/collections/hartlieb-book-of-herbs/book-of-herbs-46.jpg,3652,4345,,"botanical,botany,flora,herbals,herbs,plants"
2ab55e57-3c91-46e6-8e61-e33ca472be4b,Field eryngo,Johannes Hartlieb,1462,/collections/hartlieb-book-of-herbs/book-of-herbs-91.jpg,3732,4510,,"botanical,botany,flora,herbals,herbs,plants"
3e80d1c6-9d9a-41d2-83d8-dc635f604c96,Basil,Johannes Hartlieb,1462,/collections/hartlieb-book-of-herbs/book-of-herbs-29.jpg,3674,4499,,"botanical,botany,flora,herbals,herbs,plants"
382a6700-7fec-431b-9bcb-ebf426540d01,Stonecrop,Johannes Hartlieb,1462,/collections/hartlieb-book-of-herbs/book-of-herbs-123.jpg,3782,4411,,"botanical,botany,flora,herbals,herbs,plants"
4e66aff1-c588-415f-b63d-f32f778d5543,Fir sponge,Johannes Hartlieb,1462,/collections/hartlieb-book-of-herbs/book-of-herbs-28.jpg,3696,4587,,"botanical,botany,flora,herbals,herbs,plants"
4a1e0834-a564-4a42-a307-a630e1350a29,St John’s wort,Johannes Hartlieb,1462,/collections/hartlieb-book-of-herbs/book-of-herbs-44.jpg,3762,4532,,"botanical,botany,flora,herbals,herbs,plants"
4477b179-877e-4366-8f6f-9c8bf077d387,Rockfoil,Johannes Hartlieb,1462,/collections/hartlieb-book-of-herbs/book-of-herbs-148.jpg,3586,4378,,"botanical,botany,flora,herbals,herbs,plants"
42539c18-4dbb-4dd4-a286-b0ab8786933f,Verbena,Johannes Hartlieb,1462,/collections/hartlieb-book-of-herbs/book-of-herbs-162.jpg,3751,4400,,"botanical,botany,flora,herbals,herbs,plants"
5ef12e93-46d4-4745-afa8-391fbf3cc4ac,Nutmeg,Johannes Hartlieb,1462,/collections/hartlieb-book-of-herbs/book-of-herbs-122.jpg,3716,4620,,"botanical,botany,flora,herbals,herbs,plants"
65cf40e9-06ad-42b3-b635-2aeed3487499,Chicory,Johannes Hartlieb,1462,/collections/hartlieb-book-of-herbs/book-of-herbs-49.jpg,3597,4697,,"botanical,botany,flora,herbals,herbs,plants"
60d24336-a30b-4811-a30b-21a8d2049349,Scammony,Johannes Hartlieb,1462,/collections/hartlieb-book-of-herbs/book-of-herbs-57.jpg,3707,4763,,"botanical,botany,flora,herbals,herbs,plants"
7ab16e3f-0040-42ef-bd3f-e4b32d92d752,Marshmallow,Johannes Hartlieb,1462,/collections/hartlieb-book-of-herbs/book-of-herbs-24.jpg,3718,4191,,"botanical,botany,flora,herbals,herbs,plants"
7bb528d5-a8de-4544-9f68-9205a300654d,Cereal,Johannes Hartlieb,1462,/collections/hartlieb-book-of-herbs/book-of-herbs-72.jpg,3630,4334,,"botanical,botany,flora,herbals,herbs,plants"
74ec5a3e-1e71-44a0-ae34-8ee9c4912739,Watercress,Johannes Hartlieb,1462,/collections/hartlieb-book-of-herbs/book-of-herbs-116.jpg,3662,4466,,"botanical,botany,flora,herbals,herbs,plants"
7bb1c4d9-5e6a-4832-a911-c84e5e6c60e2,Radish,Johannes Hartlieb,1462,/collections/hartlieb-book-of-herbs/book-of-herbs-137.jpg,3753,4510,,"botanical,botany,flora,herbals,herbs,plants"
7a0ef6d2-231c-4bf5-a320-466ff054a438,Sage,Johannes Hartlieb,1462,/collections/hartlieb-book-of-herbs/book-of-herbs-149.jpg,3498,4389,,"botanical,botany,flora,herbals,herbs,plants"
77c13d1f-bc11-4e8e-ab1c-1c0f9a7a2df7,Mustard,Johannes Hartlieb,1462,/collections/hartlieb-book-of-herbs/book-of-herbs-152.jpg,3465,4477,,"botanical,botany,flora,herbals,herbs,plants"
852f0c49-ccd4-49ca-b4b5-5eafb6aaefd3,Clove,Johannes Hartlieb,1462,/collections/hartlieb-book-of-herbs/book-of-herbs-82.jpg,3696,4543,,"botanical,botany,flora,herbals,herbs,plants"
8d75042b-1d25-44c7-99df-c8c5e59e872a,Mandrake root,Johannes Hartlieb,1462,/collections/hartlieb-book-of-herbs/book-of-herbs-108.jpg,3695,4642,,"botanical,botany,flora,herbals,herbs,plants"
8375783f-74cf-46c2-bac4-6a02f42da7e7,Violets,Johannes Hartlieb,1462,/collections/hartlieb-book-of-herbs/book-of-herbs-164.jpg,3817,4323,,"botanical,botany,flora,herbals,herbs,plants"
890ccd5e-7107-4304-b667-442712ac1331,Sugarcane,Johannes Hartlieb,1462,/collections/hartlieb-book-of-herbs/book-of-herbs-171.jpg,3773,4422,,"botanical,botany,flora,herbals,herbs,plants"
99bbb3e8-3a5d-44c7-a971-9afc78468b66,Aloe,Johannes Hartlieb,1462,/collections/hartlieb-book-of-herbs/book-of-herbs-27.jpg,3740,4389,,"botanical,botany,flora,herbals,herbs,plants"
91f8e85c-55a3-4d82-99e5-da75c6c0299c,Onion,Johannes Hartlieb,1462,/collections/hartlieb-book-of-herbs/book-of-herbs-37.jpg,3630,4653,,"botanical,botany,flora,herbals,herbs,plants"
95123929-e9cf-4d62-8701-1bc43df597bf,Cabbage,Johannes Hartlieb,1462,/collections/hartlieb-book-of-herbs/book-of-herbs-48.jpg,3619,4389,,"botanical,botany,flora,herbals,herbs,plants"
91f7965a-35f4-4bab-a9ce-80e4d8f93744,Hellebore,Johannes Hartlieb,1462,/collections/hartlieb-book-of-herbs/book-of-herbs-61.jpg,3663,4356,,"botanical,botany,flora,herbals,herbs,plants"
986eb6c6-5730-4dcd-97cf-53f47d20d524,Rose,Johannes Hartlieb,1462,/collections/hartlieb-book-of-herbs/book-of-herbs-141.jpg,3721,4587,,"botanical,botany,flora,flowers,herbals,herbs,plants"
971d1ead-5ea3-4c7d-8e04-082e31df9978,Black nightshade,Johannes Hartlieb,1462,/collections/hartlieb-book-of-herbs/book-of-herbs-143.jpg,3818,4405,,"botanical,botany,flora,herbals,herbs,plants"
9a1b6de3-ee24-43ee-a5fc-0a41e4aed977,Mouse garlic,Johannes Hartlieb,1462,/collections/hartlieb-book-of-herbs/book-of-herbs-150.jpg,3465,4422,,"botanical,botany,flora,herbals,herbs,plants"
0fc65ab3-2402-4b11-889c-bf83b1952dba,Clover,Johannes Hartlieb,1462,/collections/hartlieb-book-of-herbs/book-of-herbs-157.jpg,3696,4675,,"botanical,botany,flora,herbals,herbs,plants"
064e5d90-3ec5-4758-95f2-05c2196cf920,Centaurium,Johannes Hartlieb,1462,/collections/hartlieb-book-of-herbs/book-of-herbs-51.jpg,3663,4400,,"botanical,botany,flora,herbals,herbs,plants"
a8b44674-a87b-4cb2-9f1a-39a62f2dc756,Balsam,Johannes Hartlieb,1462,/collections/hartlieb-book-of-herbs/book-of-herbs-35.jpg,3696,4477,,"botanical,botany,flora,herbals,herbs,plants"
acddc033-0730-4b73-a4eb-293d50c271ee,Chamomile,Johannes Hartlieb,1462,/collections/hartlieb-book-of-herbs/book-of-herbs-36.jpg,3630,4609,,"botanical,botany,flora,herbals,herbs,plants"
affdad4a-a718-46df-9049-3038086064b1,Physalis,Johannes Hartlieb,1462,/collections/hartlieb-book-of-herbs/book-of-herbs-98.jpg,3740,4521,,"botanical,botany,flora,herbals,herbs,plants"
b08495a2-a63c-4dfd-b231-133402019cb7,Mouse-ear hawkweed,Johannes Hartlieb,1462,/collections/hartlieb-book-of-herbs/book-of-herbs-25.jpg,3685,3641,,"botanical,botany,flora,herbals,herbs,plants"
bfa5a24c-234c-4151-b603-0cbd52934bb1,Danewort,Johannes Hartlieb,1462,/collections/hartlieb-book-of-herbs/book-of-herbs-65.jpg,3685,4081,,"botanical,botany,flora,herbals,herbs,plants"
b6d55ae5-bb55-4dc8-97e9-205a32690ee1,Hops,Johannes Hartlieb,1462,/collections/hartlieb-book-of-herbs/book-of-herbs-84.jpg,3630,4499,,"botanical,botany,flora,herbals,herbs,plants"
b075c4dd-95fe-4d46-98ca-fc3958c314cd,Ginger,Johannes Hartlieb,1462,/collections/hartlieb-book-of-herbs/book-of-herbs-170.jpg,3817,4367,,"botanical,botany,flora,herbals,herbs,plants"
b01fac04-15ff-4748-af57-0937f5a7b2ba,Autumn crocus,Johannes Hartlieb,1462,/collections/hartlieb-book-of-herbs/book-of-herbs-85.jpg,3707,4268,,"botanical,botany,flora,herbals,herbs,plants"
beef1673-e96f-434f-a09b-abc7abc37716,Stinging nettle,Johannes Hartlieb,1462,/collections/hartlieb-book-of-herbs/book-of-herbs-161.jpg,3773,4411,,"botanical,botany,flora,herbals,herbs,plants"
c4a05a5c-0923-4e2b-b657-cd86841208cb,Calla,Johannes Hartlieb,1462,/collections/hartlieb-book-of-herbs/book-of-herbs-58.jpg,3597,4576,,"botanical,botany,flora,herbals,herbs,plants"
cf872cfc-2b37-409e-9dfb-a557f0b27592,Fennel,Johannes Hartlieb,1462,/collections/hartlieb-book-of-herbs/book-of-herbs-68.jpg,3663,4466,,"botanical,botany,flora,herbals,herbs,plants"
c062de69-66ab-4a0d-ac25-19c1a95cae34,Forget-me-nots,Johannes Hartlieb,1462,/collections/hartlieb-book-of-herbs/book-of-herbs-100.jpg,3608,4026,,"botanical,botany,flora,herbals,herbs,plants"
d623903e-46ee-4bd4-af74-5b832faa08b0,Possibly watermelon or cucumber,Johannes Hartlieb,1462,/collections/hartlieb-book-of-herbs/book-of-herbs-42.jpg,3762,4752,,"botanical,botany,flora,herbals,herbs,plants"
de87d9c6-c08e-4283-96ac-238d66dd0968,Sowbread,Johannes Hartlieb,1462,/collections/hartlieb-book-of-herbs/book-of-herbs-43.jpg,3740,4433,,"botanical,botany,flora,herbals,herbs,plants"
d9ae0fc4-1878-40c5-8f23-d38bb257186c,Water Lily or Water Crowfoot,Johannes Hartlieb,1462,/collections/hartlieb-book-of-herbs/book-of-herbs-117.jpg,3640,4312,,"botanical,botany,flora,herbals,herbs,plants"
da0dfde2-0f68-41d5-aeeb-6535dd2e6e5d,Red bolus,Johannes Hartlieb,1462,/collections/hartlieb-book-of-herbs/book-of-herbs-158.jpg,3740,4455,,"botanical,botany,flora,herbals,herbs,plants"
efbc5443-ca8f-41c6-9581-4b18447daaa7,Euphorbia,Johannes Hartlieb,1462,/collections/hartlieb-book-of-herbs/book-of-herbs-66.jpg,3696,4070,,"botanical,botany,flora,herbals,herbs,plants"
e9aa840d-13c7-4a7c-9b68-32adbdfbb44f,Flax,Johannes Hartlieb,1462,/collections/hartlieb-book-of-herbs/book-of-herbs-153.jpg,3465,4510,,"botanical,botany,flora,herbals,herbs,plants"
ffd247ff-7258-439c-9ec0-28f74cb60e7b,Nardostachys,Johannes Hartlieb,1462,/collections/hartlieb-book-of-herbs/book-of-herbs-115.jpg,3641,4543,,"botanical,botany,flora,herbals,herbs,plants"
f021d639-4e6c-4d87-94d9-96aec3fc6295,Rice,Johannes Hartlieb,1462,/collections/hartlieb-book-of-herbs/book-of-herbs-140.jpg,3740,4378,,"botanical,botany,flora,herbals,herbs,plants"
21e24e72-7dd8-4be1-9a10-227d741e0a13,,Anne Allen; Jean-Baptiste Pillement,ca. 1790s,/collections/chinese-arabesques/40104_013ed29817a2f721_o-edit.jpeg,3344,4492,,"botanical,flora,leaves"
374cbcc6-5802-41b4-8e7d-e483f34d773a,,Anne Allen; Jean-Baptiste Pillement,ca. 1790s,/collections/chinese-arabesques/40097_e9241f37d4448145_o-edit.jpeg,3300,4480,,"botanical,floral"
3583b487-f426-4d25-b504-dad4ea2ded17,,Anne Allen; Jean-Baptiste Pillement,ca. 1790s,/collections/chinese-arabesques/40102_92fbec3e99cabab3_o-edit.jpeg,3340,4468,,"botanical,floral,flowers"
4e3b5132-65d5-4d5b-97a9-6b86f7c96926,,Anne Allen; Jean-Baptiste Pillement,ca. 1790s,/collections/chinese-arabesques/40093_0c5e46ede85ba22d_o-edit.jpeg,3319,4471,,botanical
66b34d24-007d-4de6-9f66-fffcfbc2fc78,,Anne Allen; Jean-Baptiste Pillement,ca. 1790s,/collections/chinese-arabesques/40101_8679be679d06ee2f_o-edit.jpeg,3324,4460,,"botanical,floral"
70bc67be-d94f-4e53-a06d-b695ff5b8458,,Anne Allen; Jean-Baptiste Pillement,ca. 1790s,/collections/chinese-arabesques/40103_1bacd191ffc91020_o-edit.jpeg,3284,4484,,"botanical,flora,flowers,foliage,leaves"
a0ffd973-cee8-4880-86c6-37231f3c1047,,Anne Allen; Jean-Baptiste Pillement,ca. 1790s,/collections/chinese-arabesques/40095_f08eee110404d737_o-edit.jpeg,3352,4492,,"botanical,floral"
be29cca2-a628-4dde-a60f-46b6a7cad948,,Anne Allen; Jean-Baptiste Pillement,ca. 1790s,/collections/chinese-arabesques/40100_83d66e950f339ee9_o-edit.jpeg,3335,4502,,"botanical,flowers"
d2f3d7e2-f6d3-43ed-bbf3-5f025fe8c08f,,Anne Allen; Jean-Baptiste Pillement,ca. 1790s,/collections/chinese-arabesques/40087_0370e13121c15eab_x-edit.jpeg,1733,2374,,botanical
1a314295-641c-4615-bfd6-8753dca02e99,Trench art of name carved in leaf,Hippolyte Hodeau,ca. 1917,/collections/hippolyte-hodeau-trench-art/Leaves-2.jpg,1460,1166,,"botanical,leaves"
55f1f99d-33cd-4d96-857c-2e76fafa6d3d,Trench art of name carved in leaf,Hippolyte Hodeau,ca. 1917,/collections/hippolyte-hodeau-trench-art/Leaves-4.jpg,1699,1349,,"botanical,leaves"
7ca90acf-ce31-46e5-aa0b-fc79a7e71a40,Trench art of names carved in leaves,Hippolyte Hodeau,ca. 1917,/collections/hippolyte-hodeau-trench-art/15595.164740.originaledit.jpg,2701,3542,,"botanical,leaves"
83d9f5c1-bee3-43f1-b7fe-a20497645fa3,Trench art of name carved in leaf,Hippolyte Hodeau,ca. 1917,/collections/hippolyte-hodeau-trench-art/Leaves-3.jpg,1634,1310,,"botanical,leaves"
00d2a7c5-2641-4ba5-8aaf-37ab2940bdb6,Trench art of name carved in leaf,Hippolyte Hodeau,ca. 1917,/collections/hippolyte-hodeau-trench-art/Leaves-5.jpg,1366,1036,,"botanical,leaves"
b46e48b1-3a7e-4c9e-8161-91dc8aada5db,Trench art of name carved in leaf,Hippolyte Hodeau,ca. 1917,/collections/hippolyte-hodeau-trench-art/Leaves-1.jpg,1259,919,,"botanical,leaves"
0628547e-d7e5-4fe3-8c61-1870fabbd899,The Snowdrop,Robert John Thornton,1807,/essays/from-snowdrop-to-nightjar/01-Thornton-24-Snowdrop-02-edit.jpeg,1118,1425,,"botanical,botanical-art,botanical-drawing,botanical-illustration,flora,flowers,wildflowers"
1df73c22-7da4-4082-8c67-9f9065cb4b5b,,Maria Sibylla Merian,1705,/collections/merian-metamorphosis/Merian_Metamorphosis_00026.jpg,3600,4760,,"botanical,flora,flowers,leaves,plants"
2ea651ee-4c2b-42c2-8907-22db1440f992,,Maria Sibylla Merian,1705,/collections/merian-metamorphosis/Merian_Metamorphosis_00012.jpg,3608,4656,,"botanical,flora,flowers,plants"
39c67357-3281-41ed-976c-dcbad5ffd210,,Maria Sibylla Merian,1705,/collections/merian-metamorphosis/Merian_Metamorphosis_00022.jpg,3601,4696,,"botanical,flora,flowers,plants"
331031ee-5a8e-48ee-b037-1dfe2ac3dda2,,Maria Sibylla Merian,1705,/collections/merian-metamorphosis/Merian_Metamorphosis_00006.jpg,3840,4872,,"botanical,flora,flowers,leaves,plants"
3ab0733b-c95c-4e37-abae-a31657524aa2,,Maria Sibylla Merian,1705,/collections/merian-metamorphosis/Merian_Metamorphosis_00002.jpg,3729,5751,,"botanical,flora,flowers,plants"
5d565a65-6470-47f9-8551-7c281adf6686,,Maria Sibylla Merian,1705,/collections/merian-metamorphosis/Merian_Metamorphosis_00028.jpg,3848,5136,,"botanical,flora,flowers,leaves,plants"
597bd332-e39f-4307-b6e1-46672014a4c4,,Maria Sibylla Merian,1705,/collections/merian-metamorphosis/Merian_Metamorphosis_00023.jpg,3608,5288,,"botanical,flora,flowers,plants"
5a90f382-ae7a-41fc-8aec-f2544382b8b6,,Maria Sibylla Merian,1705,/collections/merian-metamorphosis/Merian_Metamorphosis_00003.jpg,3806,4656,,"botanical,flora,flowers,leaves,plants"
67bf8b2e-08a1-40e6-b751-a230b6ce726c,,Maria Sibylla Merian,1705,/collections/merian-metamorphosis/Merian_Metamorphosis_00021.jpg,3560,4808,,"botanical,flora,flowers,plants"
7bf7b38d-36ce-4d70-b6fa-ea9b751975f5,,Maria Sibylla Merian,1705,/collections/merian-metamorphosis/Merian_Metamorphosis_00025.jpg,3689,4904,,"botanical,flora,flowers,leaves,plants"
732d8780-0a06-4150-942e-49966ba3020f,,Maria Sibylla Merian,1705,/collections/merian-metamorphosis/Merian_Metamorphosis_00009.jpg,3808,5272,,"botanical,flora,flowers,plants"
8f464ad3-bafa-46ff-a9f4-48fb9632290b,,Maria Sibylla Merian,1705,/collections/merian-metamorphosis/Merian_Metamorphosis_00024.jpg,3312,4136,,"botanical,flora,flowers,plants"
83fb52ac-e075-413e-830a-841bd46b05e7,,Maria Sibylla Merian,1705,/collections/merian-metamorphosis/Merian_Metamorphosis_00001.jpg,4125,6007,,"botanical,flora,flowers,plants"
9c85b969-24ac-4e2e-8e3e-bcc3dc37f66b,,Maria Sibylla Merian,1705,/collections/merian-metamorphosis/Merian_Metamorphosis_00031.jpg,3344,4112,,"botanical,flora,flowers,leaves,plants"
991b4fe5-639e-41ff-b074-330054f64288,,Maria Sibylla Merian,1705,/collections/merian-metamorphosis/Merian_Metamorphosis_00029.jpg,3849,4920,,"botanical,flora,flowers,leaves,plants"
ab0d27e0-8217-4e81-8afd-9bf02b3ffe7c,,Maria Sibylla Merian,1705,/collections/merian-metamorphosis/Merian_Metamorphosis_00032.jpg,3472,4688,,"botanical,flora,flowers,plants"
b2a42051-1e02-4059-9759-34d655d75543,,Maria Sibylla Merian,1705,/collections/merian-metamorphosis/Merian_Metamorphosis_00017.jpg,3672,5072,,"botanical,flora,flowers,plants"
b304a5cd-df14-4d09-8fba-0143397ac0d4,,Maria Sibylla Merian,1705,/collections/merian-metamorphosis/Merian_Metamorphosis_00016.jpg,3729,5120,,"botanical,flora,flowers,plants"
c92dab18-645f-4172-9a0e-4a11d9bfd50e,,Maria Sibylla Merian,1705,/collections/merian-metamorphosis/Merian_Metamorphosis_00020.jpg,3600,4552,,"botanical,flora,flowers,leaves,plants"
dc25c758-a61c-47d0-844a-706ab63836d3,,Maria Sibylla Merian,1705,/collections/merian-metamorphosis/Metamorphosisin00Meri_0144-edit.jpeg,3585,4856,,"botanical,flora,flowers,plants"
d884441d-a012-490f-8d36-1c8a7d1a1920,,Maria Sibylla Merian,1705,/collections/merian-metamorphosis/Merian_Metamorphosis_00041.jpg,3577,4904,,"botanical,flora,flowers,plants"
d0276d72-b754-417c-bdf5-5bdec81a111b,,Maria Sibylla Merian,1705,/collections/merian-metamorphosis/Merian_Metamorphosis_00033.jpg,3665,4800,,"botanical,flora,flowers,plants"
dec5c65c-2218-446f-94eb-2d9d7b88a23b,,Maria Sibylla Merian,1705,/collections/merian-metamorphosis/Merian_Metamorphosis_00011.jpg,3534,4928,,"botanical,flora,flowers,leaves,plants"
e67d0923-1ff9-44f5-8f7b-0d6c61526079,,Maria Sibylla Merian,1705,/collections/merian-metamorphosis/Merian_Metamorphosis_00039.jpg,3640,5104,,"botanical,flora,floral,flowers,plants"
e0a6ee43-cee5-4c56-8fc7-608126d3b5e4,,Maria Sibylla Merian,1705,/collections/merian-metamorphosis/Merian_Metamorphosis_00037.jpg,3696,5296,,"botanical,flora,floral,flowers,foliage,plants"
fed49f64-66c6-4a52-9e76-e0800592cd7b,,Maria Sibylla Merian,1705,/collections/merian-metamorphosis/Merian_Metamorphosis_00038.jpg,3272,4672,,"botanical,flora,flowers,plants"
f136c620-68af-489d-b067-e342f7de1e45,,Maria Sibylla Merian,1705,/collections/merian-metamorphosis/Merian_Metamorphosis_00030.jpg,3497,4424,,"botanical,flora,flowers,leaves,plants"
f9456bdc-be58-4726-85b0-4c176f499410,,Maria Sibylla Merian,1705,/collections/merian-metamorphosis/Merian_Metamorphosis_00010.jpg,3553,4944,,"botanical,flora,flowers,plants"
f8733955-3c18-47f6-b45c-f15bec383ccd,,Maria Sibylla Merian,1705,/collections/merian-metamorphosis/Merian_Metamorphosis_00008.jpg,3785,5104,,"botanical,flora,flowers,plants"
901c19c4-055a-4d92-a2c3-a8992273effc,Queen Anne Thistle,Karl Blossfeldt,1928,/shop/blossfeldt-urformen-00015.jpg,1153,1500,,"botanical,flora,plants"
ad0afa0c-80a9-4416-839b-8e3f5a701e4c,Bear's Breeches,Karl Blossfeldt,1928,/shop/blossfeldt-urformen-00014.jpg,1153,1500,,"botanical,leaves,plants"
5468c1c3-6950-404d-9aa0-99694e59bbf8,Oriental Poppy,Karl Blossfeldt,1928,/shop/blossfeldt-urformen-00012.jpg,1153,1500,,"botanical,flora,plants"
51c7b3df-dd16-4b93-9f69-a2a49f9e2b3b,Winter Horsetail and Californian Bearberry,Karl Blossfeldt,1928,/shop/blossfeldt-urformen-00002.jpg,1500,1136,,"botanical,plants"
7be03268-92c7-4339-8e31-9d29f4ea8aef,Winter Horsetail and Savannah–Wood,Karl Blossfeldt,1928,/shop/blossfeldt-urformen-00001.jpg,1500,1136,,"botanical,plants"
379469e2-c91f-43d5-b459-8d27a81622f2,Fern specimens,L. Prang,ca. 1861–97,/essays/anna-atkins-cyanotypes/Fern_Specimens_%28Boston_Public_Library%29-edit.jpeg,1191,740,,"botanical,botany,leaves,plants"
a86025bc-e85c-468e-bcd3-a4da945761ee,Tulip,Louis Moritz,ca. 1805,/shop/nov-2023-prints-00047.jpg,735,1200,,"botanical,flora,flowers"
0b9c20c6-05c3-4b1b-bd57-bde8c7d3bb37,Orchids,Theo van Hoytema,ca. 1900,/shop/nov-2023-prints-00020.jpg,1052,1200,,"botanical,flora,flowers"
aedc5e54-4e23-4ca8-8914-d9c37ea7f3ce,“Death is the line that marks the end of all”,Joris Hoefnagel,1592,/shop/nov-2023-prints-00002.jpg,1200,904,,botanical
19d60d08-c41d-4c6c-a4f3-4b90aece789e,,,1837,/collections/selection-of-whisk-ferns/seisenmatsuranfv2fuka_0022.jpeg,1827,1440,,"botanical,plants"
1d2f0679-012f-46ad-bb57-be4a5e180e62,,,1837,/collections/selection-of-whisk-ferns/seisenmatsuranfv2fuka_0020.jpeg,1831,1444,,"botanical,plants"
2ac5dfa7-1064-46f8-b155-4453d527c89f,,,1837,/collections/selection-of-whisk-ferns/seisenmatsuranfv1fuka_0024.jpeg,1831,1449,,"botanical,plants"
33d66dc7-61c5-4eba-96ce-9d6f4bc556a9,,,1837,/collections/selection-of-whisk-ferns/seisenmatsuranfv2fuka_0037.jpeg,1801,1440,,"botanical,plants"
32134290-ff8e-42b6-9006-fbcd60a45c0d,,,1837,/collections/selection-of-whisk-ferns/seisenmatsuranfv2fuka_0035.jpeg,1793,1436,,"botanical,plants"
3e47a0ac-5b58-4978-acad-7a1bbdc23b08,,,1837,/collections/selection-of-whisk-ferns/seisenmatsuranfv2fuka_0033.jpeg,1797,1436,,"botanical,plants"
30ac6da5-38b2-4c91-a4ea-8743cd0941a4,,,1837,/collections/selection-of-whisk-ferns/seisenmatsuranfv2fuka_0029.jpeg,1818,1440,,"botanical,plants"
5c3c99d3-9950-469f-88ed-83f05dcdba01,,,1837,/collections/selection-of-whisk-ferns/seisenmatsuranfv2fuka_0023.jpeg,1823,1440,,"botanical,plants"
54cc6b56-64d0-4e71-a654-2dc0137f96fb,,,1837,/collections/selection-of-whisk-ferns/seisenmatsuranfv1fuka_0030.jpeg,1814,1449,,"botanical,plants"
7d428b4c-7ffa-4fe8-b588-ce9b48a91a58,,,1837,/collections/selection-of-whisk-ferns/seisenmatsuranfv2fuka_0024.jpeg,1814,1436,,"botanical,plants"
801ad7e4-eb47-489e-bfa0-e3fb8b21418b,,,1837,/collections/selection-of-whisk-ferns/seisenmatsuranfv2fuka_0009.jpeg,1827,1440,,"botanical,plants"
834671d5-48d5-492d-9c86-3a4d97e7bf0a,,,1837,/collections/selection-of-whisk-ferns/seisenmatsuranfv1fuka_0014.jpeg,1827,1449,,"botanical,plants"
9c446eaf-54ec-483e-bc10-00f92cc8c4a6,,,1837,/collections/selection-of-whisk-ferns/seisenmatsuranfv2fuka_0019.jpeg,1831,1449,,"botanical,plants"
02d52f21-1131-4fb9-8076-6a5c1c316524,,,1837,/collections/selection-of-whisk-ferns/seisenmatsuranfv2fuka_0018.jpeg,1835,1449,,"botanical,plants"
adac418d-f914-46db-8f82-0c5f0fec3987,,,1837,/collections/selection-of-whisk-ferns/seisenmatsuranfv2fuka_0026.jpeg,1818,1440,,"botanical,plants"
a6887a44-ddc7-4129-a815-5c45f2619bf8,,,1837,/collections/selection-of-whisk-ferns/seisenmatsuranfv2fuka_0024.jpeg,1814,1436,,"botanical,plants"
a32758c8-ce2f-4f5b-a59b-7ec99bb079c7,,,1837,/collections/selection-of-whisk-ferns/seisenmatsuranfv2fuka_0016.jpeg,1827,1444,,"botanical,plants"
a9941063-8589-4564-be6a-498fa67910ef,,,1837,/collections/selection-of-whisk-ferns/seisenmatsuranfv2fuka_0006.jpeg,1801,1432,,"botanical,plants"
ec832cc3-4ad7-48f7-8b01-4792f6362178,,,1837,/collections/selection-of-whisk-ferns/seisenmatsuranfv2fuka_0031.jpeg,1806,1436,,"botanical,plants"
e8e4701d-9ae5-49d7-b282-bc2cb846109f,,,1837,/collections/selection-of-whisk-ferns/seisenmatsuranfv2fuka_0014.jpeg,1823,1440,,"botanical,plants"
e097e90b-fa9f-40ac-b8c7-9a585276381a,,,1837,/collections/selection-of-whisk-ferns/seisenmatsuranfv2fuka_0013.jpeg,1827,1444,,"botanical,plants"
f6eca0b3-144c-4afe-8b4e-769d785e7d9c,,,1837,/collections/selection-of-whisk-ferns/seisenmatsuranfv1fuka_0020.jpeg,1827,1449,,"botanical,plants"
633e0d01-b562-4062-8000-a713a27eeacc,Wild Mock Cucumber (Echinocystis Lobata),,1843,/essays/darwins-diagrams-of-plant-movement/03-floraofstateofn01torr_0567-edit.jpeg,1177,1539,,"botanical,flowers,leaves,plants"
16dccd8c-439b-4530-a968-d6afafb7a048,,M. F. Lewis,1860–1902,/collections/fungi-of-shropshire/lewis-fungi-44.jpg,1068,1400,,botanical
1f5d08f8-6d43-4551-a532-59f284c5415e,,M. F. Lewis,1860–1902,/collections/fungi-of-shropshire/lewis-fungi-39.jpg,1064,1400,,botanical
131496bb-ec50-49c1-8d3c-b014ffc088d6,,M. F. Lewis,1860–1902,/collections/fungi-of-shropshire/lewis-fungi-24.jpg,1070,1400,,botanical
1664a7f5-6805-47f9-9fd5-207cdfd199d8,,M. F. Lewis,1860–1902,/collections/fungi-of-shropshire/lewis-fungi-12.jpg,1105,1400,,botanical
1ad10187-de10-4ce0-9864-1d59ddaa75ac,,M. F. Lewis,1860–1902,/collections/fungi-of-shropshire/lewis-fungi-10.jpg,1135,1400,,botanical
29ef15a2-582c-4dfd-b39b-cb34fc6ab9e8,,M. F. Lewis,1860–1902,/collections/fungi-of-shropshire/lewis-fungi-41.jpg,1061,1400,,botanical
2cf5bae1-b04d-434f-9c1e-e71a2821480b,,M. F. Lewis,1860–1902,/collections/fungi-of-shropshire/lewis-fungi-38.jpg,1082,1400,,botanical
2e36dbe1-3d6c-4b20-927b-433ba5641389,,M. F. Lewis,1860–1902,/collections/fungi-of-shropshire/lewis-fungi-33.jpg,1142,1400,,botanical
2f2db969-12f3-4beb-a975-84421ffeb7ff,,M. F. Lewis,1860–1902,/collections/fungi-of-shropshire/lewis-fungi-31a1.jpg,1099,1400,,botanical
20f86fc2-e38f-4ca0-8447-4786e4a149a7,,M. F. Lewis,1860–1902,/collections/fungi-of-shropshire/lewis-fungi-19.jpg,1070,1400,,botanical
281fe1db-406f-4d18-bbb4-fedfe883bf30,,M. F. Lewis,1860–1902,/collections/fungi-of-shropshire/lewis-fungi-14.jpg,1132,1400,,botanical
2fa676a8-6efa-4915-a01f-ce76e5606fd1,,M. F. Lewis,1860–1902,/collections/fungi-of-shropshire/lewis-fungi-13a4.jpg,1138,1400,,botanical
2e3007ef-565a-4411-86fd-3e8f4c0876f5,,M. F. Lewis,1860–1902,/collections/fungi-of-shropshire/lewis-fungi-5.jpg,1121,1400,,botanical
3c843685-3cb5-41b1-b119-a109a97b1422,,M. F. Lewis,1860–1902,/collections/fungi-of-shropshire/lewis-fungi-31a2.jpg,1090,1400,,botanical
31724cde-ba7a-47e4-a75c-ea26a1e13a49,,M. F. Lewis,1860–1902,/collections/fungi-of-shropshire/lewis-fungi-27.jpg,1065,1400,,botanical
32f0d0c6-6232-43ce-9577-c16534d424a7,,M. F. Lewis,1860–1902,/collections/fungi-of-shropshire/lewis-fungi-8.jpg,1133,1400,,botanical
44858806-f822-4f50-9cd0-8fa99df0f177,,M. F. Lewis,1860–1902,/collections/fungi-of-shropshire/lewis-fungi-13a1.jpg,1162,1400,,botanical
4639cc74-39fb-40d7-9089-8c831a096f74,,M. F. Lewis,1860–1902,/collections/fungi-of-shropshire/lewis-fungi-1.jpg,1119,1400,,botanical
57b29991-6f61-427e-8a87-fec27180c0a0,,M. F. Lewis,1860–1902,/collections/fungi-of-shropshire/lewis-fungi-51a2.jpg,1064,1400,,botanical
5fa146a5-dd80-43b9-a171-7bc55aed2b9c,,M. F. Lewis,1860–1902,/collections/fungi-of-shropshire/lewis-fungi-51.jpg,1116,1400,,botanical
5252af08-2df1-44c4-ae3c-5a6b82c6183d,,M. F. Lewis,1860–1902,/collections/fungi-of-shropshire/lewis-fungi-34.jpg,1044,1400,,botanical
578cc44a-ea62-4dab-9a78-acdabc60ce41,,M. F. Lewis,1860–1902,/collections/fungi-of-shropshire/lewis-fungi-29.jpg,1053,1400,,botanical
5c500e19-b017-40bc-a882-d0ccc8d9accd,,M. F. Lewis,1860–1902,/collections/fungi-of-shropshire/lewis-fungi-9.jpg,1159,1400,,botanical
5f9e9846-47bc-4157-b115-56f0a7420dc7,,M. F. Lewis,1860–1902,/collections/fungi-of-shropshire/lewis-fungi-4.jpg,1160,1400,,botanical
6b0b0a07-8336-4d0c-b4e5-e9726856d973,,M. F. Lewis,1860–1902,/collections/fungi-of-shropshire/lewis-fungi-45.jpg,1066,1400,,botanical
6dffa32b-7a54-41b4-abb3-225be656a017,,M. F. Lewis,1860–1902,/collections/fungi-of-shropshire/lewis-fungi-21.jpg,1072,1400,,botanical
69561595-ac00-4786-a022-cea230aa9843,,M. F. Lewis,1860–1902,/collections/fungi-of-shropshire/lewis-fungi-20.jpg,1067,1400,,botanical
7e2a2b8f-5e4b-42fa-bc3f-de235d31920f,,M. F. Lewis,1860–1902,/collections/fungi-of-shropshire/lewis-fungi-47.jpg,1066,1400,,botanical
77b3b7d8-7d68-4df6-a05b-ae94a7034c44,,M. F. Lewis,1860–1902,/collections/fungi-of-shropshire/lewis-fungi-36.jpg,1073,1400,,botanical
7d4ea65e-fe18-4375-adc6-010144f75a17,,M. F. Lewis,1860–1902,/collections/fungi-of-shropshire/lewis-fungi-32.jpg,1140,1400,,botanical
76bda774-31d7-451d-8018-ef9a3795deb8,,M. F. Lewis,1860–1902,/collections/fungi-of-shropshire/lewis-fungi-30.jpg,1078,1400,,botanical
76ae5729-4a2e-4440-bede-8587cc38645e,,M. F. Lewis,1860–1902,/collections/fungi-of-shropshire/lewis-fungi-17.jpg,1123,1400,,botanical
72e6dd9c-5b7f-40a8-8a18-8cd55367fe02,,M. F. Lewis,1860–1902,/collections/fungi-of-shropshire/lewis-fungi-7.jpg,1144,1400,,botanical
7e85e3d1-fd8d-4808-828d-faca662a5a4b,,M. F. Lewis,1860–1902,/collections/fungi-of-shropshire/lewis-fungi-2.jpg,1164,1400,,botanical
847b3435-31c9-439b-870c-483a52712c16,,M. F. Lewis,1860–1902,/collections/fungi-of-shropshire/lewis-fungi-16.jpg,1131,1400,,botanical
8c33a8c7-b0b0-4f67-97d3-c65416f726e2,,M. F. Lewis,1860–1902,/collections/fungi-of-shropshire/lewis-fungi-13a3.jpg,1146,1400,,botanical
91022e47-25c8-4930-9ad7-d71deb840579,,M. F. Lewis,1860–1902,/collections/fungi-of-shropshire/lewis-fungi-31a4.jpg,1131,1400,,botanical
9f0e1593-bc71-438c-8fee-74fd6aa06c25,,M. F. Lewis,1860–1902,/collections/fungi-of-shropshire/lewis-fungi-15.jpg,1127,1400,,botanical
0f02b5be-4cbf-4c34-83e9-c17aafc1cc22,,M. F. Lewis,1860–1902,/collections/fungi-of-shropshire/lewis-fungi-48.jpg,1052,1400,,botanical
0e95a9e3-9ad1-40a9-9e6a-b6d94900c07e,,M. F. Lewis,1860–1902,/collections/fungi-of-shropshire/lewis-fungi-37.jpg,1045,1400,,botanical
0ffef397-ff80-4ef4-9d3c-ef6ec488e2eb,,M. F. Lewis,1860–1902,/collections/fungi-of-shropshire/lewis-fungi-23.jpg,1070,1400,,botanical
0ce6dfc0-4939-4037-959f-f48792fce268,,M. F. Lewis,1860–1902,/collections/fungi-of-shropshire/lewis-fungi-13a5.jpg,1103,1400,,botanical
008a37ba-a76b-47bf-824e-87fe8c7056c1,,M. F. Lewis,1860–1902,/collections/fungi-of-shropshire/lewis-fungi-13a2.jpg,1155,1400,,botanical
a1614160-bf73-4674-9a60-ce1d11e4dffd,,M. F. Lewis,1860–1902,/collections/fungi-of-shropshire/lewis-fungi-51a1.jpg,1099,1400,,botanical
a7d045e3-d2a0-48b8-8edf-cb246988f3aa,,M. F. Lewis,1860–1902,/collections/fungi-of-shropshire/lewis-fungi-49.jpg,1056,1400,,botanical
a1b7b558-60fc-49ea-ad1e-f0c2b8c6f771,,M. F. Lewis,1860–1902,/collections/fungi-of-shropshire/lewis-fungi-46.jpg,1064,1400,,botanical
b6acf05c-46b7-488a-ab58-fde99622c1a7,,M. F. Lewis,1860–1902,/collections/fungi-of-shropshire/lewis-fungi-40.jpg,1070,1400,,botanical
b9aa24c9-b0da-48a2-bc2f-d50871432f5b,,M. F. Lewis,1860–1902,/collections/fungi-of-shropshire/lewis-fungi-31a3.jpg,1095,1400,,botanical
ba1d9240-2a93-4d46-8889-24ff9192bb24,,M. F. Lewis,1860–1902,/collections/fungi-of-shropshire/lewis-fungi-31.jpg,1092,1400,,botanical
bce858f3-df09-4b28-adc4-037462c7d2c4,,M. F. Lewis,1860–1902,/collections/fungi-of-shropshire/lewis-fungi-25.jpg,1070,1400,,botanical
c8d09a20-2b0b-4a0c-aa05-3717781e4116,,M. F. Lewis,1860–1902,/collections/fungi-of-shropshire/lewis-fungi-51a5.jpg,1039,1400,,botanical
c81974d4-7c9d-4cf5-9064-1968e79c7397,,M. F. Lewis,1860–1902,/collections/fungi-of-shropshire/lewis-fungi-51a4.jpg,1076,1400,,botanical
cc25142c-0024-492c-a65d-7b877859d436,,M. F. Lewis,1860–1902,/collections/fungi-of-shropshire/lewis-fungi-51a3.jpg,1072,1400,,botanical
cda5b1dc-dd68-4198-8c53-49ee6cdd53a1,,M. F. Lewis,1860–1902,/collections/fungi-of-shropshire/lewis-fungi-3.jpg,1135,1400,,botanical
d1413231-35fd-44af-a582-0cefe55f3373,,M. F. Lewis,1860–1902,/collections/fungi-of-shropshire/lewis-fungi-50.jpg,1072,1400,,botanical
d8fb3e66-6d0d-4cf4-adb7-fcfb3b31d7d7,,M. F. Lewis,1860–1902,/collections/fungi-of-shropshire/lewis-fungi-42.jpg,1049,1400,,botanical
dccbb458-9c44-422d-970e-08688db1ab72,,M. F. Lewis,1860–1902,/collections/fungi-of-shropshire/lewis-fungi-35.jpg,1069,1400,,botanical
d6048a73-951a-4693-8262-11b305864ab4,,M. F. Lewis,1860–1902,/collections/fungi-of-shropshire/lewis-fungi-13.jpg,1127,1400,,botanical
de66051a-b86e-4f37-b7c0-d5c9748a8da3,,M. F. Lewis,1860–1902,/collections/fungi-of-shropshire/lewis-fungi-6.jpg,1155,1400,,botanical
eabdddbc-6eaf-4919-9438-2ac114351211,,M. F. Lewis,1860–1902,/collections/fungi-of-shropshire/lewis-fungi-31a5.jpg,1137,1400,,botanical
e821d750-6e8b-426e-953f-aadac728f829,,M. F. Lewis,1860–1902,/collections/fungi-of-shropshire/lewis-fungi-28.jpg,1083,1400,,botanical
ee6491d2-4b73-4c76-b2c9-a53188279b0e,,M. F. Lewis,1860–1902,/collections/fungi-of-shropshire/lewis-fungi-18.jpg,1112,1400,,botanical
e9fe46fc-0cb1-429f-bda0-100755850b35,,M. F. Lewis,1860–1902,/collections/fungi-of-shropshire/lewis-fungi-11.jpg,1143,1400,,botanical
f0b6bcb2-46d3-484f-97cd-29588dca9bd7,,M. F. Lewis,1860–1902,/collections/fungi-of-shropshire/lewis-fungi-43.jpg,1067,1400,,botanical
f0bb99a6-79e3-411a-9a87-1f6c9d586c75,,M. F. Lewis,1860–1902,/collections/fungi-of-shropshire/lewis-fungi-26.jpg,1056,1400,,botanical
f49a7102-ca04-4c89-8d6e-2ad34c9ff3aa,,M. F. Lewis,1860–1902,/collections/fungi-of-shropshire/lewis-fungi-22.jpg,1070,1400,,botanical
6df51f83-68b6-4f93-b6ec-e4b1a5fbd881,Poliphilo looking through a bower at Polia,,1499,/essays/hypnerotomachia-poliphili/13-rbsc_hypnerotomachia-poliphili_foliolncun1499Colonna_0147-edit.jpeg,1568,1636,,"botanical,gardens,plants"
008a33db-8d3d-459d-b2b9-4c312fb5dc35,Blood Collage,John Bingley Garland,ca. 1850,/shop/john-bingley-garland-edit.jpg,908,1200,,"botanical,flowers"
108de321-3827-46a2-9712-c5e185670fae,,John Bingley Garland,ca. 1850–60,/collections/garland-blood-collages/blood-book-39.jpg,1828,1360,,"botanical,plants"
24a61bb3-6be5-4506-a306-b4b584f57c66,,John Bingley Garland,ca. 1850–60,/collections/garland-blood-collages/blood-book-23.jpg,1814,1364,,botanical
f8018cab-a891-4ae8-a2d4-e6f46eb6c74d,,John Bingley Garland,ca. 1850–60,/collections/garland-blood-collages/blood-book-3.jpeg,1852,1376,,"botanical,flowers"
0cd1dad6-54a8-4a1b-b484-67c179c82dc5,,Philipp Hainhofer,1596–1633,/collections/hainhofer-stammbuch/hainhofer-stammbuch-158.jpg,1400,924,,"botanical,flowers"
2eb5c8f1-58c6-46a4-a64d-e7daeeafc1db,Various Seaweed,Charles F. Durant,1850,/essays/love-and-longing-in-the-seaweed-album/algology-pair-1.jpeg,2338,1647,,"botanical,botany,plants"
0f36c649-d3dc-4a5f-8b59-b590cabcd012,"Kallymenia (Left), Ulva (Right)",Margaret Gatty,1872,/essays/love-and-longing-in-the-seaweed-album/britishseaweedsd21872gatt_double.jpeg,1600,1194,,"botanical,flora,plants"
03eaf1aa-98c4-4731-a621-2e059a124f76,Lyngbya,William Henry Harvey,1857,/essays/love-and-longing-in-the-seaweed-album/nereisborealiame31857harv_0171-edit.jpeg,747,946,,botanical
045f11a3-c2f5-4f54-a672-f6c6375493f1,"*Ulva linza*, *Sargassum montagnei*, and *Polysiphonia nigrescens*",Charles F. Durant,1850,/essays/love-and-longing-in-the-seaweed-album/algaecorallines00dura_0065-edit.jpeg,1659,1155,,botanical
a0cd61f9-48d8-4549-afaf-c1c795bc4e5e,Callithamnion Spongiosum,Charles F. Durant,1850,/essays/love-and-longing-in-the-seaweed-album/algaecorallines00dura_0053-edit.jpeg,2296,1562,,"botanical,plants"
41534e51-9e2b-4de2-8dcc-4b3b29dd78c6,Arseniate of Copper (*Cuprum arseniatum*),James Sowerby,1802–17,/collections/sowerby-mineralogy/sowerby-mineral-20.jpeg,933,810,,"botanical,foliage,leaves,plants"
567a6a50-56c2-4808-ba22-97bc55798f69,Prehnite (*Silex Prehnites*),James Sowerby,1802–17,/collections/sowerby-mineralogy/sowerby-mineral-37.jpeg,818,1030,,"botanical,flora"
8584a495-8f6e-4e7b-aba0-43c913a8ee3a,Coralliform Limestone (*Calx carbonata coralliformis*),James Sowerby,1802–17,/collections/sowerby-mineralogy/sowerby-mineral-49.jpeg,892,1080,,"botanical,trees"
ce7f6888-91c2-41b1-9e51-a6e58b06e3bd,Nenuphar,J. J. Grandville,1847,/shop/nov-21-prints-00016.jpg,864,1200,,"botanical,flora"
1cfd0d73-0b7e-4f3c-9719-d03832ff68fa,Poisonous Mushrooms,A. Cornillon,1827,/collections/atlas-des-champignons/deschampignonscatladesc_0035-edit.jpeg,1400,1159,,botanical
328784f5-e55e-4f0e-ba4a-733189bbfcf8,Suspect Mushrooms,A. Cornillon,1827,/collections/atlas-des-champignons/deschampignonscatladesc_0026-edit.jpeg,1400,1164,,botanical
78793c10-e879-47e8-a40f-d6631b89919e,Poisonous Mushrooms,A. Cornillon,1827,/collections/atlas-des-champignons/deschampignonscatladesc_0029-edit.jpeg,1400,1167,,botanical
9d01aad8-ceac-4069-b448-627922a6e32c,Suspect Mushrooms,A. Cornillon,1827,/collections/atlas-des-champignons/deschampignonscatladesc_0023-edit.jpeg,1400,1156,,botanical
a7b7188e-bb1a-4040-832a-50fddc183a87,Suspect Mushrooms,A. Cornillon,1827,/collections/atlas-des-champignons/deschampignonscatladesc_0020-edit.jpeg,1400,1154,,botanical
be4018c8-8822-462c-85cd-3feef1862fc9,Poisonous Mushrooms,A. Cornillon,1827,/collections/atlas-des-champignons/deschampignonscatladesc_0032-edit.jpeg,1400,1181,,botanical
b08f9246-b251-40f5-8c65-e891d9547c8b,Edible Mushrooms,A. Cornillon,1827,/collections/atlas-des-champignons/deschampignonscatladesc_0014-edit.jpeg,1400,1165,,botanical
ccd0963e-147f-4baa-986c-787d7d6c9155,Edible Mushrooms,A. Cornillon,1827,/collections/atlas-des-champignons/deschampignonscatladesc_0008-edit.jpeg,1400,1155,,botanical
d150b534-7bcd-45ef-97fb-5b55534cca51,Edible Mushrooms,A. Cornillon,1827,/collections/atlas-des-champignons/deschampignonscatladesc_0017-edit.jpeg,1400,1168,,botanical
f5faed1e-1dd3-4370-a2a9-3c3f6dbfe3e4,Edible Mushrooms,A. Cornillon,1827,/collections/atlas-des-champignons/deschampignonscatladesc_0011-edit.jpeg,1400,1170,,botanical
2b28a73c-072c-4a0f-a82a-cd59128c33b2,,Martin Gerlach,1897,/collections/martin-gerlach-festons/RP-F-2002-21-4-27.jpg,1034,1400,,"botanical,floral,plants"
23eae6c8-97b8-4577-a4a6-c58068277175,,Martin Gerlach,1897,/collections/martin-gerlach-festons/RP-F-2002-21-2-3.jpg,1037,1400,,"botanical,flowers,plants"
39fc95c6-f54f-4e47-91d4-643ff70da27c,,Martin Gerlach,1897,/collections/martin-gerlach-festons/RP-F-2002-21-4-22.jpg,1036,1400,,"botanical,floral,flowers,plants"
3abd6a6a-f928-41f2-8e55-52467063cc59,,Martin Gerlach,1897,/collections/martin-gerlach-festons/RP-F-2002-21-3-25.jpg,1031,1400,,"botanical,flora,leaves,plants"
40b877b5-9890-48fb-b800-8ff42a03c363,,Martin Gerlach,1897,/collections/martin-gerlach-festons/RP-F-2002-21-4-24.jpg,1400,1033,,"botanical,flora,flowers,leaves,plants"
41825016-908a-4c1d-9a48-2742a6cc1639,,Martin Gerlach,1897,/collections/martin-gerlach-festons/RP-F-2002-21-2-12.jpg,1033,1400,,"botanical,flora,leaves,plants"
6ef80f1e-3662-4152-a4bf-b7a0903be5a0,,Martin Gerlach,1897,/collections/martin-gerlach-festons/RP-F-2002-21-2-6.jpg,1400,1046,,"botanical,flora,flowers,leaves,plants"
602edfb6-a5b5-40e5-86c4-94b7aa56a1e2,,Martin Gerlach,1897,/collections/martin-gerlach-festons/RP-F-2002-21-1-18.jpg,1400,1038,,"botanical,floral,flowers,leaves,plants"
8d27e44a-b42c-4874-8285-e42864a26d5e,,Martin Gerlach,1897,/collections/martin-gerlach-festons/RP-F-2002-21-2-29.jpg,1045,1400,,"botanical,flowers,plants"
8f5860ae-29f4-4445-ad91-44970c20b75c,,Martin Gerlach,1897,/collections/martin-gerlach-festons/RP-F-2002-21-2-26.jpg,1400,1029,,"botanical,flora,flowers,plants"
8ab0257f-fb5b-45e9-a8f2-237ea923380e,,Martin Gerlach,1897,/collections/martin-gerlach-festons/RP-F-2002-21-2-24.jpg,1030,1400,,"botanical,leaves,plants"
84fea7fc-b310-4e0b-85dc-4289dba18cee,,Martin Gerlach,1897,/collections/martin-gerlach-festons/RP-F-2002-21-2-21.jpg,1038,1400,,"botanical,floral,leaves,plants"
84876897-aea6-47c6-bbbd-a3509849e4aa,,Martin Gerlach,1897,/collections/martin-gerlach-festons/RP-F-2002-21-2-7.jpg,1040,1400,,"botanical,floral,plants"
957091f5-1971-4215-8ef1-ff88254ab561,,Martin Gerlach,1897,/collections/martin-gerlach-festons/RP-F-2002-21-4-28.jpg,1032,1400,,"botanical,floral,plants"
96137757-6a98-4560-b570-514b7dba762d,,Martin Gerlach,1897,/collections/martin-gerlach-festons/RP-F-2002-21-2-14.jpg,1041,1400,,"botanical,botany,floral,flowers,foliage,plants"
022e472a-455d-4caa-b1ae-c40aac91f09d,,Martin Gerlach,1897,/collections/martin-gerlach-festons/RP-F-2002-21-3-26.jpg,1041,1400,,"botanical,flora,leaves,plants"
0e642ff8-c198-4fdb-bdd7-01fa7ba41711,,Martin Gerlach,1897,/collections/martin-gerlach-festons/RP-F-2002-21-2-30.jpg,1034,1400,,"botanical,flora,plants"
0f2ee32b-80cd-439d-a2f7-a90211328f71,,Martin Gerlach,1897,/collections/martin-gerlach-festons/RP-F-2002-21-2-28.jpg,1400,1033,,"botanical,flora,flowers,plants"
09a72e6c-2f68-4b59-a57b-6aa59f5dd30d,,Martin Gerlach,1897,/collections/martin-gerlach-festons/RP-F-2002-21-2-20.jpg,1400,1045,,"botanical,floral,plants"
0559aa51-81cf-49ba-aca0-2994c27214ba,,Martin Gerlach,1897,/collections/martin-gerlach-festons/RP-F-2002-21-2-17.jpg,1400,1033,,"botanical,flora,leaves,plants"
a2881883-d36c-4e1d-a809-f2e6a4754451,,Martin Gerlach,1897,/collections/martin-gerlach-festons/RP-F-2002-21-2-13.jpg,1047,1400,,"botanical,plants"
b9e2335e-60da-4396-88fd-ca6c3caf4a62,,Martin Gerlach,1897,/collections/martin-gerlach-festons/RP-F-2002-21-3-12.jpg,1038,1400,,"botanical,flowers,plants"
b4315f93-bb75-4b65-bbd1-52ca4dcd221e,,Martin Gerlach,1897,/collections/martin-gerlach-festons/RP-F-2002-21-2-25.jpg,1035,1400,,"botanical,plants"
b7fb502b-ee90-4522-a857-961f2d3e7ead,,Martin Gerlach,1897,/collections/martin-gerlach-festons/RP-F-2002-21-1-25.jpg,1400,1039,,"botanical,floral,plants"
c965780c-dad5-410e-8b3f-d9240d921c10,,Martin Gerlach,1897,/collections/martin-gerlach-festons/RP-F-2002-21-2-27.jpg,1025,1400,,"botanical,flora,plants"
e1e93b1e-4117-478d-8be8-b958366fa57c,,Martin Gerlach,1897,/collections/martin-gerlach-festons/RP-F-2002-21-4-12.jpg,1032,1400,,"botanical,flora,plants"
eb2f2191-f4ae-436b-ae7f-d0981c7b6923,,Martin Gerlach,1897,/collections/martin-gerlach-festons/RP-F-2002-21-3-23.jpg,1040,1400,,"botanical,floral,plants"
e2463cee-5fe6-4592-92f9-816b93a872d2,,Martin Gerlach,1897,/collections/martin-gerlach-festons/RP-F-2002-21-2-8.jpg,1400,1035,,"botanical,floral,flowers,plants"
e4ffcfa2-8e79-4a51-a12f-4fb05f504f5f,,Martin Gerlach,1897,/collections/martin-gerlach-festons/RP-F-2002-21-2-1.jpg,1044,1400,,"botanical,flora,plants"
f373eefc-ad78-47a4-9cd6-38e1a1605b6b,,Martin Gerlach,1897,/collections/martin-gerlach-festons/RP-F-2002-21-3-8.jpg,1400,1042,,"botanical,flora,leaves,plants"
16e393f6-36c4-43fe-9613-a9b09c2d86fb,Ambergris Bought by the Dutch East India Company,,1705,/essays/picturing-scent/ambergris-composite.jpg,1200,909,,"botanical,leaves"
a303c31b-7e84-46b5-b53f-ba0814e7e3cb,Cattleya Orchid and Three Hummingbirds,Martin Johnson Heade,1871,/shop/nov-2020-prints-new-00038.jpg,1200,911,,"botanical,flora"
8f336a0c-b0e5-4ca5-9c47-85357d975f5b,The Development of a Crocus,Jan Luyken,1684,/shop/nov-2020-prints-new-00005.jpg,623,1000,,"botanical,leaves,plants"
b19a46c7-5bb5-4d0a-82c8-7f820c24d8ed,Liberty Caps and Other Mushrooms,James Sowerby,1803,/essays/fungi-folklore-and-fairyland/colouredfigureso00sowe_0719-edit.jpg,844,1200,,botanical
95f8ff72-2d8a-42bd-a94c-b2669edf1a01,,Elias Ashmole,1652,/collections/theatrum-chemicum/theatrumchemicum00ashm_0126.jpg,912,1200,,"botanical,foliage"
b4febdcc-7422-4c28-89b1-c069ce7a034e,,Richard Deakin,1855,/collections/richard-deakin-flora-of-the-colosseum-of-rome/floraofcolosseum00deak_0038-edit.jpg,715,1200,,"botanical,flora,flowers,leaves,plants"
cccbc7da-373b-462b-aea3-0d236bcf21e3,,Richard Deakin,1855,/collections/richard-deakin-flora-of-the-colosseum-of-rome/floraofcolosseum00deak_0126-edit.jpg,724,1200,,"botanical,flora,flowers,leaves,plants"
ee457c8d-5a8b-4f79-808b-3ca42e96a70c,,Richard Deakin,1855,/collections/richard-deakin-flora-of-the-colosseum-of-rome/floraofcolosseum00deak_0087-edit.jpg,1200,725,,"botanical,flora,flowers,leaves"
1c586f0b-f4cf-4b64-8994-13ea14f3e720,Pages on cannabis from John Parkinson's *Theatrum Botanicum* (1640).,John Parkinson,1640,/essays/how-the-english-found-cannabis/070046-edit.jpg,2646,2148,,"botanical,flora,plants"
fc4bc307-d011-492e-bee5-6e58628c14ec,Iris,Anonymous,ca. 1630,/shop/oct_19_new_prints_00051.jpg,754,1200,,"botanical,floral,flowers"
ec3214fc-ec7e-44a4-bf33-15875a7c12f8,Georgia O'Keeffe - Hands and Thimble,Alfred Stieglitz,1919,/shop/edit-Georgia-OKeeffeHands-and-Thimble.jpg,732,900,,botanical
7aec5b7d-5f06-490a-8468-d0cd72d971b0,Seasonal Heads,Anonymous,ca. 1580–1620,/shop/MET-season-heads-DP844988.jpg,840,1200,,"botanical,floral"
86585fa7-6261-4bc4-8996-10af0857a8fe,Banana Tree Flower with Io Moth,Maria Sibylla Merian,1719,/shop/edit-grioc0004372-D.jpg,899,1200,,"botanical,flora,flowers"
039e2edc-1336-4744-b371-06f96013826b,Pineapple with Australian and German Cockroaches,Maria Sibylla Merian,1719,/shop/edit-grioc0004373-D.jpg,858,1200,,"botanical,flora"
52ff80d9-6b43-440d-9119-13aecda794bc,Dressing Table Garden,J. J. Grandville,1844,/shop/edit-unautremondetran00gran_0_0160.jpeg,1080,1200,,"botanical,plants"
725a3798-4bfe-4411-97c5-b5d1b26436e0,"Natural History of Carolina, Florida and the Bahama Islands, v2. Tab 52",Mark Catesby,1743,/shop/edit-naturalhistoryCc1v2Cate_0165-1.jpg,974,768,,"botanical,flora,flowers,leaves"
e7c0a635-7bde-4094-9542-c35a4b2978fc,"Natural History of Carolina, Florida and the Bahama Islands, v2. Tab 24",Mark Catesby,1743,/shop/edit-naturalhistoryCc1v2Cate_0081-1.jpg,570,768,,"botanical,leaves,plants"
453f76e8-ea52-4663-9508-9550e56ef3a7,"Plate 92, Filicinae",Ernst Haeckel,1904,/shop/92-filicinae-07622u-1.jpeg,708,1024,,"botanical,flora,foliage,plants"
5679ac10-66ba-4768-b66a-1dcac918647e,"Plate 82, Hepaticae",Ernst Haeckel,1904,/shop/82-Hepaticae-07613u-1.jpeg,706,1024,,"botanical,plants"
441da501-279e-433a-9c66-53b829c3c0cc,"Plate 74, Orchideae",Ernst Haeckel,1904,/shop/74-Orchideae-07605u-1.jpeg,721,1024,,"botanical,floral,plants"
c3dd462c-67f4-4375-bf03-8e6bf5fa787a,"Plate 73, Ascomycetes",Ernst Haeckel,1904,/shop/73-Ascomycetes-07604u-1.jpeg,713,1024,,botanical
9f8b498e-de6f-438b-921a-4150ace8dd6e,"Plate 72, Muscinae",Ernst Haeckel,1904,/shop/72-Muscinae-07603u-1.jpeg,705,1024,,"botanical,flora"
3440ac94-f9b6-4fb3-83f0-89723f73acc7,"Plate 65, Florideae",Ernst Haeckel,1904,/shop/65-Florideae-07597u-1.jpeg,730,1024,,botanical
48aa5060-0e6b-4d23-9389-2a95f760e0ac,"Plate 62, Nepenthaceae",Ernst Haeckel,1904,/shop/62-Nepenthaceae-07594u-1.jpeg,709,1024,,"botanical,flora"
633acf63-85aa-4117-8a9d-39257e7c65f2,"Plate 52, Filicinae",Ernst Haeckel,1904,/shop/52-Filicinae-07586u-1.jpeg,713,1024,,"botanical,plants"
f3ed3fb7-78bd-4dfd-9b7e-ca113032177a,The Sacred Egyptian Bean,Robert John Thornton,1807,/shop/mobot31753003125132_0315-edit-1.jpg,941,1200,,"botanical,flora,flowers"
290751b4-7fcf-4e84-beb4-56192756132d,,Ogawa Kazumasa,1896,/collections/ogawa-kazumasa-s-hand-coloured-photographs-of-flowers-1896/40402285593_6c3b49349c_c.jpg,676,800,,"botanical,flora,flowers"
3231b36a-00ff-4df2-9405-b20074e08669,,Ogawa Kazumasa,1896,/collections/ogawa-kazumasa-s-hand-coloured-photographs-of-flowers-1896/40402286303_303e43588c_c.jpg,597,800,,"botanical,flora,flowers,foliage,plants"
3ff401e3-40d9-41cb-80f4-eaad9f131cc8,,Ogawa Kazumasa,1896,/collections/ogawa-kazumasa-s-hand-coloured-photographs-of-flowers-1896/40402288683_947f089447_c.jpg,688,800,,"botanical,flowers,leaves"
5a0b3878-708e-4b38-804d-6fd171d98f71,,Ogawa Kazumasa,1896,/collections/ogawa-kazumasa-s-hand-coloured-photographs-of-flowers-1896/40402286923_d126949c78_c.jpg,800,578,,"botanical,flora,flowers"
59ee64bb-b767-4b04-be0d-1dd084d6cf92,,Ogawa Kazumasa,1896,/collections/ogawa-kazumasa-s-hand-coloured-photographs-of-flowers-1896/40402285833_45ab438abd_c.jpg,622,800,,"botanical,flora,flowers"
541f33f7-1fd0-4cd3-b1e5-057bb8ab4bdb,,Ogawa Kazumasa,1896,/collections/ogawa-kazumasa-s-hand-coloured-photographs-of-flowers-1896/40402285413_b86d1df929_c.jpg,548,800,,"botanical,floral,flowers,leaves"
7ad2fd65-777b-441b-81b3-7d462b562d48,,Ogawa Kazumasa,1896,/collections/ogawa-kazumasa-s-hand-coloured-photographs-of-flowers-1896/40402287693_d08a8216bb_c.jpg,664,800,,"botanical,flora,flowers"
824ccd1a-cd58-47fc-b94d-47ef864d2581,,Ogawa Kazumasa,1896,/collections/ogawa-kazumasa-s-hand-coloured-photographs-of-flowers-1896/40402287213_bdca1c44cb_c.jpg,614,800,,"botanical,flora,flowers"
997f6e10-c04b-4381-9440-d1d0220719e2,,Ogawa Kazumasa,1896,/collections/ogawa-kazumasa-s-hand-coloured-photographs-of-flowers-1896/32425996377_1cd557ab51_c.jpg,641,799,,"botanical,flowers,foliage,plants"
98cd8636-1a0d-441d-86d3-29be0a8a35ef,,Ogawa Kazumasa,1896,/collections/ogawa-kazumasa-s-hand-coloured-photographs-of-flowers-1896/40402286723_9163932a06_c.jpg,613,800,,"botanical,flora,flowers"
96ab2d5a-e017-4dc4-bdb0-517a031ddc25,,Ogawa Kazumasa,1896,/collections/ogawa-kazumasa-s-hand-coloured-photographs-of-flowers-1896/40402286143_c64a1b9e13_c.jpg,617,800,,"botanical,flora,flowers"
065118b3-f797-43b6-bce6-d433526c690a,,Ogawa Kazumasa,1896,/collections/ogawa-kazumasa-s-hand-coloured-photographs-of-flowers-1896/32425996707_b4df7f8fd4_c.jpg,612,800,,"botanical,flora,flowers"
bfd557fe-517e-4d40-824a-0b69b5291e37,,Ogawa Kazumasa,1896,/collections/ogawa-kazumasa-s-hand-coloured-photographs-of-flowers-1896/32425996637_96f6330e79_c.jpg,598,800,,"botanical,floral,flowers,plants"
d4127248-94ad-4607-805f-79b40fbbf0d2,,Ogawa Kazumasa,1896,/collections/ogawa-kazumasa-s-hand-coloured-photographs-of-flowers-1896/40402288483_6a48490d78_c.jpg,595,800,,"botanical,flora,flowers"
eebf4092-f6fe-4b73-be52-6eec29fefbb6,,Ogawa Kazumasa,1896,/collections/ogawa-kazumasa-s-hand-coloured-photographs-of-flowers-1896/32425996557_69fff62e62_c.jpg,800,702,,"botanical,flora,flowers"
46dd4c99-ad76-44a3-a8ac-539e1699d6e2,Cover for <em>The Floral Kingdom</em>,,1877,/collections/the-art-of-book-covers-1820-1914/46348542824_b53752ea6e_o.jpg,505,680,,"botanical,floral"
82922701-dc06-486a-8d9f-4e7310a6b16c,"Carnations from John Gerard's <em>The herball, or, generall historie of plants</em> (1636)",,1636,/essays/filling-in-the-blanks-a-prehistory-of-the-adult-coloring-craze/46931561082_3643adf094_h.jpg,954,1600,,"botanical,flowers,plants"
dcecf1cd-cd1e-4b01-b812-0dca68e4e2b2,Another colored edition of Leonhart Fuchs’ <em>De historia stirpium commentarii insignes</em> (Wellcome Library),,1542,/essays/filling-in-the-blanks-a-prehistory-of-the-adult-coloring-craze/46983695281_affc3f2d9c_b.jpg,654,1023,,botanical
283ed236-a3b6-4f3a-bc07-799e5027756a,Orchid Blossoms,Martin Johnson Heade,1873,/collections/highlights-from-the-cleveland-museum-of-art-s-release-of-more-than-30k-images-of-public-domain-works/39975288263_bded8e51e0_c.jpg,645,800,,"botanical,flora,flowers"
4665878f-53bf-4261-91ff-77c50c8d2200,Sundew,Maddalena Bouchard,ca. 1774,/essays/flower-power-hamiltons-doctor-and-the-healing-power-of-nature/46808043052_a704026b25_h.jpg,988,1600,,"botanical,botany,leaves,plants"
08eeb31c-6e8d-43be-b38e-7730aeb3815d,Egyptian,Albert Racinet,1869–73,/collections/albert-racinet-s-l-ornement-polychrome-1869-73/41404980080_7750d4503f_b.jpg,687,1024,,botanical
e7c9c780-b4f4-4ef6-b800-832b71e85396,Fore-edge for a copy of *A Rationale Upon the Book of Common Prayer of the Church of England*,,ca. 19th century,/collections/fore-edge-book-paintings-from-the-boston-public-library/42646877511_f5ef1b2ddc_b.jpg,1023,324,,"botanical,floral,flowers"
9c30f2b8-8e20-46f2-8f80-bf311cc26052,,,1837,/collections/images-from-german-caterpillar-calendar-1837/25855318418_3bb80253e4_o.jpg,700,1093,,"botanical,flowers,plants"
318345a1-6a9a-4ce4-95eb-e17a36a4f16e,Theobroma Cacao,,1891,/essays/pods-pots-and-potions-putting-cacao-to-paper-in-early-modern-europe/27114837399_24c97b4fb4_b.jpg,739,758,,"botanical,foliage,trees"
81cac843-636f-4b8d-9cf1-9938ba0a5df7,Fruiting Branch of the Cacao Tree,Berthe Hoola van Nooten; P. Depannemaeker,ca. 1885,/essays/pods-pots-and-potions-putting-cacao-to-paper-in-early-modern-europe/cacoa-wellcome.jpeg,760,992,,"botanical,flowers,leaves,plants"
98cbdb9d-b10b-4ed1-8885-a104f462e696,The Cacao Tree,,1725,/essays/pods-pots-and-potions-putting-cacao-to-paper-in-early-modern-europe/38175938554_78d83d9a0f_c.jpg,800,572,,"botanical,flowers,leaves"
a4d8e32f-7570-4438-8ba3-709670ec2725,Cacao tree,,1577,/essays/pods-pots-and-potions-putting-cacao-to-paper-in-early-modern-europe/27114859529_f01512caea_z.jpg,635,640,,"botanical,leaves,plants"
59278115-bdef-4b07-baf2-89794743ebc4,"Water Gnat, Martagon Lily, Yellow-Bellied Toad, and European Screw Shell.",Joris Hoefnagel; Georg Bocskay,1561–1596,/collections/the-model-book-of-calligraphy-1561-1596/38207287852_ee0e8d2371_o.jpg,680,986,,"botanical,botany,flowers"
739cda6d-5418-415b-9837-521e921aba10,"Opium Poppy, Bladder Campion, and Broad Bean",Joris Hoefnagel; Georg Bocskay,1561–1596,/collections/the-model-book-of-calligraphy-1561-1596/38207263222_2f07a68364_o.jpg,680,986,,"botanical,botany,flowers"
86123a96-de74-419b-9060-7c943c7c7b2b,"Caterpillar, Pear, Tulip, and Purple Snail.",Joris Hoefnagel; Georg Bocskay,1561–1596,/collections/the-model-book-of-calligraphy-1561-1596/37528186614_8d87141d1b_o.jpg,680,986,,"botanical,botany,flowers"
035a0703-7d21-46ce-8c2e-8b0c107e0bcd,European Columbines and Sweet Cherry.,Joris Hoefnagel; Georg Bocskay,1561–1596,/collections/the-model-book-of-calligraphy-1561-1596/37528196074_45a2d99986_o.jpg,680,1011,,"botanical,botany,flowers"
06eeafe5-d44d-4e5b-8862-161c62562001,"Basil Thyme, Poppy Anemone, and Myrtle.",Joris Hoefnagel; Georg Bocskay,1561–1596,/collections/the-model-book-of-calligraphy-1561-1596/37528193034_4d5e6fe624_o.jpg,680,1000,,"botanical,botany,flowers,leaves"
abb53879-883a-493d-bda5-3090b4a21015,"Tulips, Fly, Kidney Bean, and Bean.",Joris Hoefnagel; Georg Bocskay,1561–1596,/collections/the-model-book-of-calligraphy-1561-1596/37528199364_3129e1852d_o.jpg,680,986,,"botanical,botany,flora,flowers"
d0cf61a6-2d5f-4cbd-b156-10a880156cf2,"Medlar, Poppy Anemone, and Pear.",Joris Hoefnagel; Georg Bocskay,1561–1596,/collections/the-model-book-of-calligraphy-1561-1596/26462919449_cb2d1c0a44_o.jpg,680,978,,"botanical,botany,flowers"
e9eb0cb2-4c85-4fe6-9b96-232be15547bb,"Poppy Anemones, Caterpillar, Fig, and Quince.",Joris Hoefnagel; Georg Bocskay,1561–96,/collections/the-model-book-of-calligraphy-1561-1596/38184350186_6bfc46979e_o.jpg,680,964,,"botanical,botany,flowers"
1cb9ea9d-c4e5-440c-94da-ed8c5a26180d,Under side of leaf,William Sharp,1854,/collections/william-sharp-s-chromolithographs-of-the-great-water-lily-1854/35497909324_959cd47a65_b.jpg,1023,786,,"botanical,plants"
2ae3ba66-4b41-4a20-9b61-6c4bca83eea9,Intermediate stages of bloom,William Sharp,1854,/collections/william-sharp-s-chromolithographs-of-the-great-water-lily-1854/36165006122_2fdfdf4183_b.jpg,1024,771,,"botanical,plants"
6c053309-9b9c-4d4c-a9d8-b50e1c876ba1,Young plants,William Sharp,1854,/collections/william-sharp-s-chromolithographs-of-the-great-water-lily-1854/36289593506_2a7d432684_b.jpg,1024,773,,"botanical,plants"
d20c3c1f-c106-4899-9a66-0cf67613ee19,Opening flower,William Sharp,1854,/collections/william-sharp-s-chromolithographs-of-the-great-water-lily-1854/36333671685_1b0ed03f55_b.jpg,1024,767,,"botanical,plants"
e4062052-caca-4f1b-8d77-a368dc3920b4,Complete bloom,William Sharp,1854,/collections/william-sharp-s-chromolithographs-of-the-great-water-lily-1854/36165006432_d566cd1901_b.jpg,1024,765,,"botanical,plants"
f673a71b-e484-48f6-a5e0-7f29bd4ba037,View of the form of the flower,William Sharp,1854,/collections/william-sharp-s-chromolithographs-of-the-great-water-lily-1854/35497911454_209d853aae_b.jpg,1024,760,,"botanical,plants"
2e9409ba-4962-4517-8830-71a2de99481c,Cannabis Indica,William O’Shaughnessy,1839,/essays/w-b-o-shaughnessy-and-the-introduction-of-cannabis-to-modern-western-medicine/34096068856_739931604a_b.jpg,798,1023,,"botanical,flowers,leaves,plants"
69dc19a2-3caa-4549-b524-870df17efc23,Botanical Garden of Calcutta,,1839,/essays/w-b-o-shaughnessy-and-the-introduction-of-cannabis-to-modern-western-medicine/34136638645_24dbc2afc7_c.jpg,800,525,,"botanical,gardens"
3fe84d8f-fd5c-44ee-9531-3b74c4feb6f8,,,1190–1200,/collections/miniatures-from-a-12th-century-medical-and-herbal-collection/31725683913_19156b8a3c_c.jpg,525,800,,"botanical,flora,herbals,plants"
363f0071-5079-4ec5-9c7a-f2abd33b0236,,,1190–1200,/collections/miniatures-from-a-12th-century-medical-and-herbal-collection/32537792795_ba3563562b_c.jpg,633,800,,"botanical,flora,herbals,plants"
5f509639-431d-46e1-952b-a3eb8ff06c47,,,1190–1200,/collections/miniatures-from-a-12th-century-medical-and-herbal-collection/31694005054_583bae9b4b_c.jpg,610,800,,"botanical,flora,herbals,plants"
8d487ea2-9d81-4a15-820b-b9637c3ff947,,,1190–1200,/collections/miniatures-from-a-12th-century-medical-and-herbal-collection/32385351812_6b895d8b09_c.jpg,618,799,,"botanical,flora,herbals,plants"
0c0fa5ba-8543-45c8-ac03-7f9061a87d50,,,1190–1200,/collections/miniatures-from-a-12th-century-medical-and-herbal-collection/32414953671_83426fbc5c_z.jpg,640,632,,"botanical,flora,herbals,plants"
b7f163a3-b184-4665-845e-32dcc6cffb4a,,,1190–1200,/collections/miniatures-from-a-12th-century-medical-and-herbal-collection/32414942541_176e4ac5d2_z.jpg,601,640,,"botanical,flora,herbals,plants"
b332d8ff-885a-419d-871e-062ae166af70,,,1190–1200,/collections/miniatures-from-a-12th-century-medical-and-herbal-collection/31694025584_8ee4c7de3d_c.jpg,527,800,,"botanical,flora,herbals,plants"
c61b4c34-332c-4e9d-90cb-a459cad4c8ab,,,1190–1200,/collections/miniatures-from-a-12th-century-medical-and-herbal-collection/32385148102_bb5e42c995_c.jpg,576,800,,"botanical,flora,herbals,plants"
c17dab78-9b4a-4207-be37-9c8eb261123a,,,1190–1200,/collections/miniatures-from-a-12th-century-medical-and-herbal-collection/32158679090_688aa706f3_b.jpg,630,1024,,"botanical,flora,herbals,plants"
e8ebf4fe-92e4-46f8-875d-63a0df74e0ba,,,1190–1200,/collections/miniatures-from-a-12th-century-medical-and-herbal-collection/31693891114_0ddcc98643_c.jpg,655,799,,"botanical,flora,herbals,plants"
e03e33ba-ee4a-4c04-924f-94a87d55b794,,,1190–1200,/collections/miniatures-from-a-12th-century-medical-and-herbal-collection/32385157892_44ed921e86_c.jpg,678,800,,"botanical,flora,herbals,plants"
e033ba4a-77fa-42db-b455-31b5e4373051,,,1190–1200,/collections/miniatures-from-a-12th-century-medical-and-herbal-collection/32537789975_eaeccd1a59_c.jpg,552,800,,"botanical,herbals,plants"
e1b57d3b-0d01-4d09-a4ca-ce32fae76051,,,1190–1200,/collections/miniatures-from-a-12th-century-medical-and-herbal-collection/31725727123_bd6fb6474a_c.jpg,579,800,,"botanical,flora,herbals,plants"
f99cedde-6140-40f1-ad82-0ada5730204e,,,1190–1200,/collections/miniatures-from-a-12th-century-medical-and-herbal-collection/32385132252_30926d77dc_c.jpg,607,800,,"botanical,flora,herbals,plants"
3c1700da-316f-46bd-b248-616185569a0f,,N. Rémond,1841,/collections/illustrations-from-a-descriptive-iconography-of-cacti-1841/29775803636_0dde27d532_b.jpg,680,952,,"botanical,botany,flora,flowers,plants"
4fd7989c-56e0-4181-9d99-2aeca3d7c299,,N. Rémond,1841,/collections/illustrations-from-a-descriptive-iconography-of-cacti-1841/29811468995_7d94af4d3d_b.jpg,680,886,,"botanical,botany,flora,flowers,plants"
4c129f7b-0d93-4464-b226-b76fda45bfc2,,N. Rémond,1841,/collections/illustrations-from-a-descriptive-iconography-of-cacti-1841/29775803796_76a77e32a0_b.jpg,680,896,,"botanical,botany,flowers,plants"
4ae96837-f374-4723-a66c-16c7a6f0f705,,N. Rémond,1841,/collections/illustrations-from-a-descriptive-iconography-of-cacti-1841/29775804096_aedce778d0_b.jpg,680,900,,"botanical,botany,flowers,plants"
504f93f3-76ab-4365-b10d-680c9124928c,,N. Rémond,1841,/collections/illustrations-from-a-descriptive-iconography-of-cacti-1841/29728782451_d9f281c0a5_b.jpg,680,837,,"botanical,botany,flora,flowers,plants"
78ac103d-8027-4516-890e-ea96350a0f85,,N. Rémond,1841,/collections/illustrations-from-a-descriptive-iconography-of-cacti-1841/29728782041_fe83a96292_b.jpg,680,928,,"botanical,botany,flora,flowers,plants"
884a96c8-dbca-4510-bec1-dafea08417a3,,N. Rémond,1841,/collections/illustrations-from-a-descriptive-iconography-of-cacti-1841/29728782031_effd0e35f0_b.jpg,680,860,,"botanical,botany,flowers,plants"
81661f44-ab2b-4911-9838-4a1a0a42befc,,N. Rémond,1841,/collections/illustrations-from-a-descriptive-iconography-of-cacti-1841/29518893040_b40d936dfd_b.jpg,680,793,,"botanical,botany,flowers,plants"
8e724ed6-ec50-43f1-8bea-eddd5c26c637,,N. Rémond,1841,/collections/illustrations-from-a-descriptive-iconography-of-cacti-1841/29728782521_5254761c4d_b.jpg,680,832,,"botanical,botany,flowers,plants"
92c03ab9-506e-43dc-bfd7-cdfe7fa65108,,N. Rémond,1841,/collections/illustrations-from-a-descriptive-iconography-of-cacti-1841/29728782381_8152c9890e_b.jpg,680,889,,"botanical,botany,flora,flowers,plants"
bb0ffa32-fd8c-43bc-9aa3-079e61b1b4d8,,N. Rémond,1841,/collections/illustrations-from-a-descriptive-iconography-of-cacti-1841/29775803906_baf0d22f0f_b.jpg,680,708,,"botanical,botany,flora,flowers,plants"
db1643a6-8416-43fe-a3f4-bd9a53453c0d,,N. Rémond,1841,/collections/illustrations-from-a-descriptive-iconography-of-cacti-1841/29811469485_679954a290_b.jpg,680,833,,"botanical,botany,flora,flowers,plants"
f8fce15e-837c-4275-902f-7e97cf4d9f46,,N. Rémond,1841,/collections/illustrations-from-a-descriptive-iconography-of-cacti-1841/29811469665_1c648d956a_b.jpg,680,809,,"botanical,botany,flora,flowers,plants"
29dc7366-7f57-4d30-804b-cebe636b8149,Conferva Fontinalis,Lewis Weston Dillwyn,1802–9,/essays/visions-of-algae-in-eighteenth-century-botany/29209449380_ebbc96316b_b.jpg,751,1023,,"botanical,botany"
6146f9c6-748a-4475-8e5a-061298722637,C. Fontinalis,Justin Girod-Chantran,1802,/essays/visions-of-algae-in-eighteenth-century-botany/29498732655_db838c702e_o.jpg,1004,1311,,"botanical,botany,leaves,plants"
fa738874-651f-4883-adf7-61b798456f22,C. Fontinalis,Johann Jacob Dillenius,1741,/essays/visions-of-algae-in-eighteenth-century-botany/29464126976_c85e1b14ca_b.jpg,683,1024,,"botanical,botany"
ff71d253-9b76-45c5-bc7b-278deda8a1d0,C. Fontinalis,Pier Antonio Micheli,1729,/essays/visions-of-algae-in-eighteenth-century-botany/28873667504_b99b6092e2_b.jpg,720,1024,,"botanical,botany"
1d1a0bdc-0a8c-479a-92fa-892a3761ae08,,Anne Wagner,1795-1834,/collections/the-friendship-book-of-anne-wagner-1795-1834/24165701893_9f0d229997_o.jpg,1000,659,,"botanical,flora"
508a8b5b-93db-4bca-a54e-247407f86df6,,Anne Wagner,1795-1834,/collections/the-friendship-book-of-anne-wagner-1795-1834/24164416944_b4ca4bf4c4_o.jpg,1000,650,,botanical
024767fe-3f59-4dc3-9a73-e9aa33fb4b18,,Anne Wagner,1795-1834,/collections/the-friendship-book-of-anne-wagner-1795-1834/24792566905_638ce2deaf_o.jpg,1000,587,,botanical
04882894-77b9-41f8-a422-fec49ed11aa0,,Anne Wagner,1795-1834,/collections/the-friendship-book-of-anne-wagner-1795-1834/24424897289_954a233908_o.jpg,1000,645,,"botanical,flowers,plants"
c29d9292-fc6e-493f-bb6f-f73f63ca4780,,Anne Wagner,1795-1834,/collections/the-friendship-book-of-anne-wagner-1795-1834/24424897199_97c78e587d_o.jpg,1000,609,,botanical
198852fc-8b02-4c4e-8c7b-a27ddb359bf7,Fig. 10 shows a realistic and a life-like design in the carving of a serpent which is made by the pulling away of the strips after they have been cut.,,1910,/collections/the-art-of-ornamental-orange-peeling-1910/22321647342_2338dbf946_z.jpg,640,445,,"botanical,foliage,plants"
9d7da6e2-66c9-4157-aad3-e2f821f621f7,"Fig. 2 shows how thin strips are cut from the sides of the four main sections, which are cut again from the top to the bottom, and from the bottom to the top, alternately, so as to form one continuous strip of small leaves, that with gentle pulling will lengthen into a goodly strip of peel.",,1910,/collections/the-art-of-ornamental-orange-peeling-1910/22334653355_7ee7004c6b.jpg,462,500,,botanical
f7a38622-7fc4-482c-bbea-41133563ee2b,Fig. 13 shows a pyramidal centerpiece for a table decoration.,,1910,/collections/the-art-of-ornamental-orange-peeling-1910/22334656655_a8c6b4bef4_z.jpg,640,463,,"botanical,flora"
8630a63c-86ff-4726-8eef-e803b246b40b,Hypnum Aquaticum,,1788,/essays/richard-spruce-and-the-trials-of-victorian-bryology/21979008949_de52a1ebf9_c.jpg,800,461,,"botanical,botany,leaves"
c2986d2d-a724-4de5-9196-e942bdfe7e7a,Bryum Glaucum,,1788,/essays/richard-spruce-and-the-trials-of-victorian-bryology/21544745863_f0e66a587a_c.jpg,800,770,,"botanical,botany,plants"
1c01b5dc-3597-4dfc-9dca-257404dd5a7d,Polygonatum,Gherardo Cibo,,/collections/watercolours-from-a-16th-century-de-materia-medica/20846107446_2576855f21_o.jpg,600,792,,"botanical,flora,floral,flowers,herbals,plants"
443fd7d7-7ab5-456c-b7be-3464d1c496df,Galanthus and Ipheion,Gherardo Cibo,,/collections/watercolours-from-a-16th-century-de-materia-medica/20684313750_c2b1798065_o.jpg,600,826,,"botanical,floral,flowers,herbals,plants"
565a234d-9af0-4e1a-8e32-63e89222787a,Callystegia soldanella,Gherardo Cibo,,/collections/watercolours-from-a-16th-century-de-materia-medica/20684388768_ebd0275950_o.jpg,600,854,,"botanical,flora,floral,flowers,herbals,plants"
6c1fa985-6c20-4267-a2a5-cd31b5ae048e,Phyllitis hemionitis,Gherardo Cibo,,/collections/watercolours-from-a-16th-century-de-materia-medica/20251362433_6b3eecbbcf_o.jpg,600,855,,"botanical,floral,flowers,herbals,leaves,plants"
8addf8ea-ef97-4063-acad-53da8d6d280c,Asplenium scolopendrium,Gherardo Cibo,,/collections/watercolours-from-a-16th-century-de-materia-medica/20862736362_3b7498671a_o.jpg,600,833,,"botanical,flora,floral,flowers,herbals,plants"
81dd29f1-1594-4dba-845f-7945ba60fb85,Abronia arenaria and Solidago virga-aurea,Gherardo Cibo,,/collections/watercolours-from-a-16th-century-de-materia-medica/20249780204_4af7df1669_o.jpg,600,833,,"botanical,floral,flowers,herbals,plants"
834ddacb-c0d7-4040-94c7-3bbc4e81addd,Gladiolus Italicus,Gherardo Cibo,,/collections/watercolours-from-a-16th-century-de-materia-medica/20684391338_d56e4a732d_o.jpg,600,826,,"botanical,flora,floral,flowers,herbals,plants"
88a48c67-41f8-45c2-ae25-d537bc66c2ba,Iris,Gherardo Cibo,,/collections/watercolours-from-a-16th-century-de-materia-medica/20862731252_8e77e7a855_o.jpg,600,856,,"botanical,floral,flowers,herbals,leaves,plants"
9ace8bd1-0f5f-4e95-9a21-a022db04b559,Crocus sativus,Gherardo Cibo,,/collections/watercolours-from-a-16th-century-de-materia-medica/20684304720_6b00914561_o.jpg,600,846,,"botanical,floral,flowers,herbals,plants"
006df5f7-275c-436e-a181-09016b3c43b9,Helleboris viridis,Gherardo Cibo,,/collections/watercolours-from-a-16th-century-de-materia-medica/20879595101_be37994770_o.jpg,600,841,,"botanical,flora,floral,flowers,herbals,plants"
0eda3a7f-e490-4a4f-a847-198d59cbc607,Mercurialis annua,Gherardo Cibo,,/collections/watercolours-from-a-16th-century-de-materia-medica/20846100436_850585ef4f_o.jpg,600,823,,"botanical,floral,flowers,herbals,plants"
a3b1035b-bacd-41c5-bdb9-545872c987c4,Asarum europaeum,Gherardo Cibo,,/collections/watercolours-from-a-16th-century-de-materia-medica/20872385175_34f004ac69_o.jpg,600,821,,"botanical,floral,flowers,herbals,plants"
ab4bf8da-db57-477f-bd13-bbff37b5a382,Origanum,Gherardo Cibo,,/collections/watercolours-from-a-16th-century-de-materia-medica/20685620649_bfb1e337b4_o.jpg,600,874,,"botanical,floral,flowers,herbals,plants"
b307d9c6-47e4-403d-af37-17b0d69f444c,Paeonia mascula,Gherardo Cibo,,/collections/watercolours-from-a-16th-century-de-materia-medica/20251370303_ddb000a087_o.jpg,600,904,,"botanical,flora,floral,flowers,herbals,plants"
ec3d6ea3-b5c1-4443-a769-4fc48038f56d,Fumaria,Gherardo Cibo,,/collections/watercolours-from-a-16th-century-de-materia-medica/20872376165_a88f4f2f91_o.jpg,600,864,,"botanical,floral,flowers,herbals,plants"
3962386e-a673-4da2-9050-a63956308e15,,Utagawa Yoshishige,1848,/collections/53-stations-of-the-tokaido-as-potted-landscapes-1848/16748134658_374679d3ee_o.jpg,500,708,,"botanical,foliage,trees"
c61ce9af-6674-43d2-a08b-494b7c478407,Section of Lily Bud,Arthur E Smith,1909,/collections/nature-through-microscope-and-camera-1909/14803704370_8b2161c8af_o.jpg,600,787,,"botanical,flora"
1bf171b8-8fab-435d-bc4c-752b512a308c,,Jan Christian Bierpfaff; Jeremias Falck,ca. 1645-50,/collections/an-alphabet-of-organic-type-ca-1650/14282884904_6c4ac12a14_z.jpg,639,615,,botanical
1b58e69c-3f48-44e5-a5e5-49f50f68d0b8,,Jan Christian Bierpfaff; Jeremias Falck,ca. 1645-50,/collections/an-alphabet-of-organic-type-ca-1650/14096765280_a210bcb40b_z.jpg,571,640,,botanical
1dd6aebe-3fc7-4fe9-a1f0-57d451ae5808,,Jan Christian Bierpfaff; Jeremias Falck,ca. 1645-50,/collections/an-alphabet-of-organic-type-ca-1650/14096720979_65a585ae13_c.jpg,611,800,,botanical
2d3e110d-eecb-49d1-bc3e-217d92631240,,Jan Christian Bierpfaff; Jeremias Falck,ca. 1645-50,/collections/an-alphabet-of-organic-type-ca-1650/14096819347_22d0b1ae48_z.jpg,534,640,,botanical
440674d4-32d5-409c-bde9-d9c06016615d,,Jan Christian Bierpfaff; Jeremias Falck,ca. 1645-50,/collections/an-alphabet-of-organic-type-ca-1650/14283366395_37b4266643_z.jpg,607,640,,botanical
4095c1e2-9809-492f-914a-83228dc04f7d,,Jan Christian Bierpfaff; Jeremias Falck,ca. 1645-50,/collections/an-alphabet-of-organic-type-ca-1650/14283387655_7ea485f952_c.jpg,604,799,,botanical
53b45fc2-3c47-4b5e-a86b-4221fd4670a5,,Jan Christian Bierpfaff; Jeremias Falck,ca. 1645-50,/collections/an-alphabet-of-organic-type-ca-1650/14280034711_1df6974357_c.jpg,683,800,,botanical
5cbd2f42-858a-4849-9882-6c823274cd77,,Jan Christian Bierpfaff; Jeremias Falck,ca. 1645-50,/collections/an-alphabet-of-organic-type-ca-1650/14260250786_03e195986c_c.jpg,591,799,,botanical
5f8d8e25-6a5b-4166-a85b-6e422023c849,,Jan Christian Bierpfaff; Jeremias Falck,ca. 1645-50,/collections/an-alphabet-of-organic-type-ca-1650/14283374845_d5bcdf359c_c.jpg,623,800,,botanical
60ce2f19-83a1-458d-8119-2187b3c613a0,,Jan Christian Bierpfaff; Jeremias Falck,ca. 1645-50,/collections/an-alphabet-of-organic-type-ca-1650/14097326377_e00bc11086_z.jpg,542,640,,botanical
6b6cb60b-a788-4360-bbd0-25be7a435703,,Jan Christian Bierpfaff; Jeremias Falck,ca. 1645-50,/collections/an-alphabet-of-organic-type-ca-1650/14096743240_cd21fe21a3_z.jpg,606,640,,botanical
6368cf3a-82ec-462b-8778-57f31cc524f9,,Jan Christian Bierpfaff; Jeremias Falck,ca. 1645-50,/collections/an-alphabet-of-organic-type-ca-1650/14096743558_575768636b_z.jpg,534,640,,botanical
7e18fc3c-bb09-4210-b8bb-f3582f85b52a,,Jan Christian Bierpfaff; Jeremias Falck,ca. 1645-50,/collections/an-alphabet-of-organic-type-ca-1650/14096761820_9201d668dc_z.jpg,586,640,,botanical
01439622-24ea-42b4-8489-11e4c629be80,,Jan Christian Bierpfaff; Jeremias Falck,ca. 1645-50,/collections/an-alphabet-of-organic-type-ca-1650/14280027751_943e294b43_z.jpg,624,640,,botanical
a291a01a-1598-45ea-bc4a-0a173d1623ee,,Jan Christian Bierpfaff; Jeremias Falck,ca. 1645-50,/collections/an-alphabet-of-organic-type-ca-1650/14282918134_cea2c9c250_z.jpg,640,630,,botanical
be1e4a9e-be49-4bdb-a510-5a12a438e6e7,,Jan Christian Bierpfaff; Jeremias Falck,ca. 1645-50,/collections/an-alphabet-of-organic-type-ca-1650/14282905414_4259155b2e_z.jpg,407,639,,botanical
c046b9e5-536c-49f7-bcbe-acdd0ab0f15b,,Jan Christian Bierpfaff; Jeremias Falck,ca. 1645-50,/collections/an-alphabet-of-organic-type-ca-1650/14283370675_3c8ebd2647_z.jpg,552,640,,botanical
ca167e11-aa92-4cbb-b70f-57584fae9951,,Jan Christian Bierpfaff; Jeremias Falck,ca. 1645-50,/collections/an-alphabet-of-organic-type-ca-1650/14096829257_b0e02e79bf_c.jpg,558,800,,botanical
d6247738-48e0-49ca-9358-bc4ee3371cc7,,Jan Christian Bierpfaff; Jeremias Falck,ca. 1645-50,/collections/an-alphabet-of-organic-type-ca-1650/14282896194_b874c79972_c.jpg,543,800,,botanical
deccb3d7-2e45-40c8-b9bf-f6139f349deb,,Jan Christian Bierpfaff; Jeremias Falck,ca. 1645-50,/collections/an-alphabet-of-organic-type-ca-1650/14282899524_7bfa4f499c_z.jpg,543,640,,botanical
dfe7d051-2b39-43fe-a6b2-56ad9e32844c,,Jan Christian Bierpfaff; Jeremias Falck,ca. 1645-50,/collections/an-alphabet-of-organic-type-ca-1650/14096763650_4000d2bd8c_c.jpg,663,800,,botanical
e9b79b20-9a3f-4e57-b6f3-fe0f9a3d6f3e,,Jan Christian Bierpfaff; Jeremias Falck,ca. 1645-50,/collections/an-alphabet-of-organic-type-ca-1650/14280041931_857dfaa0b1_z.jpg,557,639,,botanical
e5cd383d-dac6-486e-8ea3-7cf9c3c08ca6,,Jan Christian Bierpfaff; Jeremias Falck,ca. 1645-50,/collections/an-alphabet-of-organic-type-ca-1650/14303572503_55483b4ec1_c.jpg,609,800,,botanical
ed68753c-c234-4018-89e6-79c5523360e8,,Jan Christian Bierpfaff; Jeremias Falck,ca. 1645-50,/collections/an-alphabet-of-organic-type-ca-1650/14280062521_896b8637ca_c.jpg,598,800,,botanical
f1b20649-f5a5-4c4e-8d67-208349e2c23a,,Jan Christian Bierpfaff; Jeremias Falck,ca. 1645-50,/collections/an-alphabet-of-organic-type-ca-1650/14282881214_d732c6a02a_z.jpg,532,640,,botanical
2b9dc34e-1ad9-4662-86ae-71311e407a57,"Plants, and a man urinating into a pot.",,ca.1440,/collections/tractatus-de-herbis-ca-1440/13965765611_a3b2275a6e_b.jpg,570,844,,"botanical,herbals,herbs,plants"
30c8d47d-e91d-4742-9f95-160fd86d0c1d,A tree and an animal castrating itself.,,ca.1440,/collections/tractatus-de-herbis-ca-1440/13968949565_afaf6a2bf1_b.jpg,570,850,,"botanical,herbals,herbs,trees"
8b91b305-f0e9-429f-8cf2-56e0812087e0,Plants and men in the process of glass-making.,,ca.1440,/collections/tractatus-de-herbis-ca-1440/13965771652_0a8e0459eb_b.jpg,570,876,,"botanical,herbs"
8677452e-7176-4a1a-8695-3e154a3e38b0,A plant and boys standing in the branches of a fruit tree picking fruit.,,ca.1440,/collections/tractatus-de-herbis-ca-1440/13965766351_7a83c09f7b_b.jpg,570,838,,"botanical,herbs,plants"
08bccad3-ad38-4157-8618-220f08cb76bc,Juggler with plants.,,ca.1440,/collections/tractatus-de-herbis-ca-1440/13968948225_2c14c7eaac_b.jpg,570,830,,"botanical,herbals,herbs,plants"
aafccf64-3ed1-4926-ab9b-2bbea5af94eb,"Plants, a rat, a cat, and a human corpse.",,ca. 1440,/collections/tractatus-de-herbis-ca-1440/13969387314_682d666939_b.jpg,570,845,,"botanical,herbals,herbs,plants"
e057a6e9-23ee-4eb1-932f-9f9ccf07595c,"Plants, including a mandrake plant with a naked male body as the root.",,ca.1440,/collections/tractatus-de-herbis-ca-1440/13969388074_20154695bd_b.jpg,570,859,,"botanical,herbs,plants"
e8dfce7c-554a-4f62-a271-e1af04f0fc15,A plant and a fish.,,ca.1440,/collections/tractatus-de-herbis-ca-1440/13965772032_1614bf6752_b.jpg,570,863,,"botanical,herbs"
febf233d-8b5f-4823-96a3-b7e295a717a9,"Plants, and a bird of prey killing a duck.",,ca. 1440,/collections/tractatus-de-herbis-ca-1440/13965766711_32829637a8_b.jpg,570,834,,"botanical,herbals,herbs,plants"
e5d468f9-3e17-4a88-9fa6-c4ed7ba9a792,Embalming Jar by Frederik Ruysch,Frederik Ruysch,1710,/essays/frederik-ruysch-the-artist-of-death/12949326433_25f9bf2c73_b.jpg,710,932,,botanical
17f46095-83c8-4f41-83fd-c3b6354fe03c,,,,/collections/the-british-library-s-mechanical-curator-million/11447985745_e94914fd3d_b.jpg,950,416,,"botanical,flora,leaves"
2b67a72f-7db6-4b03-ba8f-fdc606c04269,Flowers From Bethlehem,Boulos Meo,1890s,/collections/flowers-and-pictures-of-the-holy-land/10171955973_b39175ee5b_o.jpg,500,626,,"botanical,flora,flowers,plants"
299f468a-33d5-461c-97ce-634614a7c56a,Flowers From Jerusalem,Boulos Meo,1890s,/collections/flowers-and-pictures-of-the-holy-land/10171954323_a93173fb0d_o.jpg,500,683,,"botanical,flora,flowers"
88a82819-0749-4a63-a385-54a9b7558859,Flowers From the Holy Land,Boulos Meo,1890s,/collections/flowers-and-pictures-of-the-holy-land/10171890966_5bc5a0e875_o.jpg,500,643,,"botanical,flowers"
ca29b251-33a8-48d0-b1e7-6e062bf7a07f,Flowers From Mount Zion,Boulos Meo,1890s,/collections/flowers-and-pictures-of-the-holy-land/10171953773_e9a1fb8f4a_o.jpg,500,655,,"botanical,flora,flowers,plants"
ff9281d4-a458-4cc7-98ea-5b4e94e01752,Flowers From Mount Moria,Boulos Meo,1890s,/collections/flowers-and-pictures-of-the-holy-land/10171953023_a898de375c_o.jpg,500,658,,"botanical,floral,flowers"
362dff8c-bf09-4d23-9dfd-b2e3e330e9ab,,Frederick Whitney,1909,/collections/blackboard-sketching-1909/blackboard-sketching-36.jpg,1113,1500,,"botanical,flora,flowers,plants"
4e9914dc-51fc-4483-875c-d85642216d6e,,Frederick Whitney,1909,/collections/blackboard-sketching-1909/blackboard-sketching-34.jpg,1126,1500,,"botanical,flora,foliage,trees"
7db4d35b-fed9-486c-9266-cfb08a1ca067,,Frederick Whitney,1909,/collections/blackboard-sketching-1909/blackboard-sketching-18.jpg,1118,1500,,"botanical,flowers,leaves,plants"
782349aa-bf66-4786-96ae-b5d02cf7d455,Skeleton Leaves,John P. Soule,1873,/collections/skeleton-leaves-1873/8447588274_f484f09e60_o.jpg,980,462,,"botanical,flora,floral,leaves"
d549273d-8acb-46a2-a950-366abf0aafde,Skeleton Leaves,John P. Soule,1873,/collections/skeleton-leaves-1873/8446500351_d2aa51cf7d_o.jpg,980,463,,"botanical,floral,leaves"
73c49972-6c47-451a-8be2-fc691c9834c9,,John Baptista Tavernier,1678,/collections/illustrations-from-the-six-voyages-of-john-baptista-tavernier-1678/8392759718_a092d58bfb_o.jpg,550,681,,botanical
1e926d13-18a6-404f-a1d3-5f10f316d2a6,,Owen Jones,1867,/collections/examples-of-chinese-ornament-1867/ExamplesChinese00Jone_0213-edit.jpeg,3511,5128,,"botanical,floral,flowers,foliage,plants"
1a4cc8b9-75cc-4923-b819-c95ba2836ded,,Owen Jones,1867,/collections/examples-of-chinese-ornament-1867/ExamplesChinese00Jone_0205-edit.jpeg,1752,2560,,"botanical,floral,flowers,foliage,plants"
11e1dab2-de37-46a7-8c95-f5bb5ef10234,,Owen Jones,1867,/collections/examples-of-chinese-ornament-1867/ExamplesChinese00Jone_0153-edit.jpeg,3495,5096,,"botanical,floral,flowers,foliage,plants"
13d2f416-92fa-453a-bab7-b454845e4fda,,Owen Jones,1867,/collections/examples-of-chinese-ornament-1867/ExamplesChinese00Jone_0105-edit.jpeg,3472,5112,,"botanical,floral,flowers,foliage,plants"
13d7f749-62ea-4c9e-b6a5-db82a36a6851,,Owen Jones,1867,/collections/examples-of-chinese-ornament-1867/ExamplesChinese00Jone_0055-edit.jpeg,3460,5110,,"botanical,floral,flowers,foliage,plants"
18e31f22-e9ff-4830-8a49-ddba8f6c1941,,Owen Jones,1867,/collections/examples-of-chinese-ornament-1867/ExamplesChinese00Jone_0035-edit.jpeg,3586,5216,,"botanical,floral,flowers,foliage,plants"
262bfd1f-6bf9-4f15-9e00-73a413342cdd,,Owen Jones,1867,/collections/examples-of-chinese-ornament-1867/ExamplesChinese00Jone_0115-edit.jpeg,3400,5144,,"botanical,floral,flowers,foliage,plants"
2e82b923-7f3c-4f54-a474-7eb563946236,,Owen Jones,1867,/collections/examples-of-chinese-ornament-1867/ExamplesChinese00Jone_0075-edit.jpeg,3376,5040,,"botanical,floral,flowers,foliage,plants"
32c33d73-4f43-44f8-9823-aff24e692ecf,,Owen Jones,1867,/collections/examples-of-chinese-ornament-1867/ExamplesChinese00Jone_0135-edit.jpeg,3504,5144,,"botanical,floral,flowers,foliage,plants"
4d7bb6b3-7647-4ce2-856a-7504a61cd9f7,,Owen Jones,1867,/collections/examples-of-chinese-ornament-1867/ExamplesChinese00Jone_0211-edit.jpeg,1747,2568,,"botanical,floral,flowers,foliage,plants"
4e268f9c-051a-43b9-baf2-e1350665884e,,Owen Jones,1867,/collections/examples-of-chinese-ornament-1867/ExamplesChinese00Jone_0057-edit.jpeg,3216,4441,,"botanical,floral,flowers,foliage,plants"
4e4600ed-ba56-4a0c-94e3-0c0f68bc4934,,Owen Jones,1867,/collections/examples-of-chinese-ornament-1867/ExamplesChinese00Jone_0053-edit.jpeg,3504,5118,,"botanical,floral,flowers,foliage,plants"
68a43bcb-9caf-4d1a-8f26-12fbca15c44d,,Owen Jones,1867,/collections/examples-of-chinese-ornament-1867/ExamplesChinese00Jone_0179-edit.jpeg,3504,5128,,"botanical,floral,flowers,foliage,plants"
72969fbe-003d-4991-bd67-9788a762d2ce,,Owen Jones,1867,/collections/examples-of-chinese-ornament-1867/ExamplesChinese00Jone_0143-edit.jpeg,3488,5096,,"botanical,floral,flowers,foliage,plants"
761b673a-7615-4929-967e-35b5ef69f801,,Owen Jones,1867,/collections/examples-of-chinese-ornament-1867/ExamplesChinese00Jone_0139-edit.jpeg,3460,5112,,"botanical,floral,flowers,foliage,plants"
7b16db7c-f56f-45a8-a9a5-5990254b93c6,,Owen Jones,1867,/collections/examples-of-chinese-ornament-1867/ExamplesChinese00Jone_0131-edit.jpeg,3446,5160,,"botanical,floral,flowers,foliage,plants"
792e1af4-ea23-4620-b122-5aefb39f69bf,,Owen Jones,1867,/collections/examples-of-chinese-ornament-1867/ExamplesChinese00Jone_0077-edit.jpeg,3448,5192,,"botanical,floral,flowers,foliage,plants"
7e167466-b54b-4138-9cbe-64905b540696,,Owen Jones,1867,/collections/examples-of-chinese-ornament-1867/ExamplesChinese00Jone_0039-edit.jpeg,3520,5192,,"botanical,floral,flowers,foliage,plants"
83e0e04d-d77d-4c0f-ab25-607b488c9a5c,,Owen Jones,1867,/collections/examples-of-chinese-ornament-1867/ExamplesChinese00Jone_0091-edit.jpeg,3340,5018,,"botanical,floral,flowers,foliage,plants"
9d6087f7-48cd-4868-ad99-ac54e4ac46eb,,Owen Jones,1867,/collections/examples-of-chinese-ornament-1867/ExamplesChinese00Jone_0085-edit.jpeg,3440,5120,,"botanical,floral,flowers,foliage,plants"
9c51dc8e-2406-4265-ac16-96742a31a1b2,,Owen Jones,1867,/collections/examples-of-chinese-ornament-1867/ExamplesChinese00Jone_0049-edit.jpeg,3423,5067,,"botanical,floral,flowers,foliage,plants"
93745b28-5bf9-4f13-9ad0-d3c67353909b,,Owen Jones,1867,/collections/examples-of-chinese-ornament-1867/ExamplesChinese00Jone_0043-edit.jpeg,3501,5143,,"botanical,floral,flowers,foliage,plants"
a7cafac2-f49f-4190-b4ef-551dbf5edc68,,Owen Jones,1867,/collections/examples-of-chinese-ornament-1867/ExamplesChinese00Jone_0117-edit.jpeg,3400,5038,,"botanical,floral,flowers,foliage,plants"
bc5ba41b-6598-41c6-82e2-cadde858f1f7,,Owen Jones,1867,/collections/examples-of-chinese-ornament-1867/ExamplesChinese00Jone_0173-edit.jpeg,3512,5192,,"botanical,floral,flowers,foliage,plants"
b24e8dbc-4502-41a2-bcd0-eee42a3d5662,,Owen Jones,1867,/collections/examples-of-chinese-ornament-1867/ExamplesChinese00Jone_0095-edit.jpeg,3450,5080,,"botanical,floral,flowers,foliage,plants"
bde2811c-a170-4bd3-b93e-7ea130b9e6cd,,Owen Jones,1867,/collections/examples-of-chinese-ornament-1867/ExamplesChinese00Jone_0087-edit.jpeg,3424,5088,,"botanical,floral,flowers,foliage,plants"
ba7fda50-57da-4cf7-a1f2-5af141daa912,,Owen Jones,1867,/collections/examples-of-chinese-ornament-1867/ExamplesChinese00Jone_0067-edit.jpeg,3322,4988,,"botanical,floral,flowers,foliage,plants"
c3ae8d6f-2c25-4607-9fef-a2aebee47ff8,,Owen Jones,1867,/collections/examples-of-chinese-ornament-1867/ExamplesChinese00Jone_0155-edit.jpeg,3448,5112,,"botanical,floral,flowers,foliage,plants"
cb5c90b5-8c6f-46f8-90f9-61cbfad3439b,,Owen Jones,1867,/collections/examples-of-chinese-ornament-1867/ExamplesChinese00Jone_0041-edit.jpeg,3425,5131,,"botanical,floral,flowers,foliage,plants"
d2cc506b-c2ba-4c25-ae6b-32d75b8dcc8e,,Owen Jones,1867,/collections/examples-of-chinese-ornament-1867/ExamplesChinese00Jone_0163-edit.jpeg,3408,5088,,"botanical,floral,flowers,foliage,plants"
dabcaaa6-321a-46c4-869b-2f7d4b02ebd0,,Owen Jones,1867,/collections/examples-of-chinese-ornament-1867/ExamplesChinese00Jone_0063-edit.jpeg,3464,5056,,"botanical,floral,flowers,foliage,plants"
e0b136c7-aace-4047-80ca-5100c8d0f213,,Owen Jones,1867,/collections/examples-of-chinese-ornament-1867/ExamplesChinese00Jone_0097-edit.jpeg,3120,5128,,"botanical,floral,flowers,foliage,plants"
f654ab3f-6cf5-4b22-80c3-7bc4d00cb325,,Owen Jones,1867,/collections/examples-of-chinese-ornament-1867/ExamplesChinese00Jone_0177-edit.jpeg,3416,5112,,"botanical,floral,flowers,foliage,plants"
f226f1fb-b2e1-4711-8f87-583a17004ff2,,Owen Jones,1867,/collections/examples-of-chinese-ornament-1867/ExamplesChinese00Jone_0141-edit.jpeg,3474,5064,,"botanical,floral,flowers,foliage,plants"
f946ecc9-50e9-4f46-9b6c-9f757559b043,,Owen Jones,1867,/collections/examples-of-chinese-ornament-1867/ExamplesChinese00Jone_0029-edit.jpeg,3449,5091,,"botanical,floral,flowers,foliage,plants"
f060fb2f-286c-466d-9fa5-7decc9fb71de,,Owen Jones,1867,/collections/examples-of-chinese-ornament-1867/ExamplesChinese00Jone_0005-edit.jpeg,3458,5087,,"botanical,floral,flowers,foliage,plants"
138d3235-d2d0-4ea9-9c51-6dfbf2b85b04,American Bog Plants,Robert John Thornton,1807,/collections/plates-from-robert-thornton-s-temple-of-flora-1807/8166830309_953a9747a8_o.jpg,590,786,,"botanical,flora,flowers,leaves,plants"
11fb5830-5f40-4a4f-971c-5cb5ef04113f,The Winged Passion Flower,Robert John Thornton,1807,/collections/plates-from-robert-thornton-s-temple-of-flora-1807/8166830791_17a868a5b6_o.jpg,590,781,,"botanical,flora,flowers,leaves,plants"
216d62ce-aeed-42de-8f4c-0845f22493fe,The Quadrangular Passion-Flower,Robert John Thornton,1807,/collections/plates-from-robert-thornton-s-temple-of-flora-1807/8166830697_25daf9be1c_o.jpg,590,785,,"botanical,flora,flowers,foliage"
6aabee19-2c43-45b7-9a86-e2863d8d6910,The Blue Egyptian Water Lily,Robert John Thornton,1807,/collections/plates-from-robert-thornton-s-temple-of-flora-1807/8166830125_8f6a979392_o.jpg,590,773,,"botanical,flora,flowers"
6f5f36ba-68b0-4298-ba8a-91ca897328dd,The White Lily,Robert John Thornton,1807,/collections/plates-from-robert-thornton-s-temple-of-flora-1807/8166830609_7d3ae4222f_o.jpg,590,778,,"botanical,flora,flowers"
8b19dded-fddd-42ee-9f66-9c68665dc4be,Tulips,Robert John Thornton,1807,/collections/plates-from-robert-thornton-s-temple-of-flora-1807/8166831351_572d2f2d00_o.jpg,590,780,,"botanical,flora,floral,flowers"
951d0813-5c4c-459e-b9e6-d07a55b5789c,The Maggot-Bearing Stapelia,Robert John Thornton,1807,/collections/plates-from-robert-thornton-s-temple-of-flora-1807/8166859448_3e950cd893_o.jpg,590,774,,"botanical,flora,flowers,plants"
97114d8c-c642-4b4b-b357-af58909a19dd,The Dragon Arum,Robert John Thornton,1807,/collections/plates-from-robert-thornton-s-temple-of-flora-1807/8166859510_bfa3ef4b5a_o.jpg,590,766,,"botanical,flora,flowers"
991c1425-c8dc-4e06-9a78-158156e4acf8,The Nodding Renealmia,Robert John Thornton,1807,/collections/plates-from-robert-thornton-s-temple-of-flora-1807/8166831029_2c3d1290dd_o.jpg,590,786,,"botanical,flora,flowers"
98d20ee8-f045-41a8-88a2-8cc27ab8ab92,A Group of Carnations,Robert John Thornton,1807,/collections/plates-from-robert-thornton-s-temple-of-flora-1807/8166860578_8d570a8d4d_o.jpg,590,793,,"botanical,flora,floral,flowers"
0bae3fba-7258-4cc0-bb76-086a68dd9ea1,The Night Blowing Cereus,Robert John Thornton,1807,/collections/plates-from-robert-thornton-s-temple-of-flora-1807/8166859922_4a9daed472_o.jpg,590,756,,"botanical,flora,flowers"
0b2f21a6-9dba-4b66-ac0c-193751ed28ac,A Group of Auriculas (Plate 46),Robert John Thornton,1807,/collections/plates-from-robert-thornton-s-temple-of-flora-1807/8166860410_d84e60ff78_o.jpg,590,763,,"botanical,flora,floral,flowers,plants"
ae1e9b2c-2929-47c1-b37f-34595797960d,The American Cow-Slip,Robert John Thornton,1807,/collections/plates-from-robert-thornton-s-temple-of-flora-1807/8166859276_714498002e_o.jpg,590,768,,"botanical,flora,flowers,plants"
abb9aa27-441e-4287-b087-9754fc5ec566,The Superb Lily,Robert John Thornton,1807,/collections/plates-from-robert-thornton-s-temple-of-flora-1807/8166830537_4902064477_o.jpg,590,783,,"botanical,flora,flowers"
c7d9ee6b-023f-4bde-822d-291fa0951864,The Tube Aloe,Robert John Thornton,1807,/collections/plates-from-robert-thornton-s-temple-of-flora-1807/8166860098_68e5e3d90c_o.jpg,590,743,,"botanical,flora,flowers"
e3b4cec2-b177-4e7b-8a79-5273867e3ed6,A Group of Auriculas,Robert John Thornton,1807,/collections/plates-from-robert-thornton-s-temple-of-flora-1807/8166831485_cf223697c7_o.jpg,590,806,,"botanical,flora,flowers"
f0e58d58-190f-4f3e-a9c8-91f16fd12130,Pitcher Plant,Robert John Thornton,1807,/collections/plates-from-robert-thornton-s-temple-of-flora-1807/8166859104_c0c0cc746a_o.jpg,590,788,,"botanical,flora,flowers"
2879d11c-ee39-4596-9776-e162a086eebe,Ball,J. J. Grandville,1849,/collections/the-flowers-personified-1847/lesfleursanimees-0555.jpg,1125,1500,,"botanical,floral,flowers"
29aab129-fa21-4b73-b7aa-4d1a4ea2589f,Arrowhead,J. J. Grandville,1849,/collections/the-flowers-personified-1847/lesfleursanimees-0474.jpg,1035,1500,,"botanical,floral,flowers"
4f5dfbca-4ab3-4c5e-acc2-fe6ce285ff53,Traffic of flowers,J. J. Grandville,1849,/collections/the-flowers-personified-1847/lesfleursanimees-0465.jpg,1148,1500,,"botanical,floral,flowers,plants"
5fb63055-d504-4d65-8da7-712bebb4dc4e,Grapevine,J. J. Grandville,1849,/collections/the-flowers-personified-1847/lesfleursanimees-0432.jpg,1114,1500,,"botanical,floral,flowers"
6295b769-4119-4aa2-b6bd-c194330a920c,Frontispiece to Volume II,J. J. Grandville,1849,/collections/the-flowers-personified-1847/lesfleursanimees-0384.jpg,1085,1500,,"botanical,floral,flowers,plants"
81a5a4e2-b07f-4bdb-9cee-ecc0581b4d81,Sweet briar,J. J. Grandville,1849,/collections/the-flowers-personified-1847/lesfleursanimees-0332.jpg,1061,1500,,"botanical,floral,flowers"
a6403e56-7b27-4ac2-8d6d-54a330ac4532,Tobacco,J. J. Grandville,1849,/collections/the-flowers-personified-1847/lesfleursanimees-0084.jpg,1041,1500,,"botanical,flora,floral,flowers"
c809c23f-27e8-45c0-b7f0-5e1c9e002691,Tuberose and daffodil,J. J. Grandville,1849,/collections/the-flowers-personified-1847/lesfleursanimees-0548.jpg,1086,1500,,"botanical,floral,flowers,foliage"
d4410994-2625-468d-bd93-2a3a6cc24cc9,Helichrysum,J. J. Grandville,1849,/collections/the-flowers-personified-1847/lesfleursanimees-0208.jpg,1005,1500,,"botanical,floral,flowers,plants"
bdab174a-9e38-486a-9884-05c6f6e25249,,Charles Mavelot,1695,/collections/17th-century-heraldry-designs-1695/7590453156_081cc8a3ee_c.jpg,800,564,,botanical
1257c4ec-088e-49b9-ace5-f45aebf08ea5,,,1678-1693,/collections/hortus-malabaricus-1678-1693/7561708064_fa46f02cd2_o.jpg,800,652,,"botanical,botany,flora,leaves,plants"
10ce67db-aabb-4ea2-8c26-3c54cdffbd83,,,1678-1693,/collections/hortus-malabaricus-1678-1693/7561709634_56ae0f7008_o.jpg,800,653,,"botanical,botany,flora,leaves"
10378e8f-c27e-4ac1-8df0-14e389d3e7e8,,,1678-1693,/collections/hortus-malabaricus-1678-1693/7561712850_157f058c3b_o.jpg,800,675,,"botanical,botany,flora,leaves,plants"
1bd3d580-3a8f-435b-8890-56baf90d55cf,,,1678-1693,/collections/hortus-malabaricus-1678-1693/7561713202_ab85a5cbc6_o.jpg,800,648,,"botanical,botany,flora"
3f32ddf3-a74b-4cad-a2ab-7e136cd49013,,,1678-1693,/collections/hortus-malabaricus-1678-1693/7561712660_fb00049d68_o.jpg,800,680,,"botanical,botany,flora,plants"
493d1ab2-7bf3-4a12-8ece-cc2b7efc069e,,,1678-1693,/collections/hortus-malabaricus-1678-1693/7561708896_02ea1461d4_o.jpg,800,651,,"botanical,botany,flora,leaves"
4eff5aeb-9328-4975-8afd-a850e8bb3767,,,1678-1693,/collections/hortus-malabaricus-1678-1693/7561713768_020fbd2e3b_o.jpg,800,661,,"botanical,botany,flora,leaves"
4df385fc-aa15-4c4a-bed5-4d8168319969,,,1678-1693,/collections/hortus-malabaricus-1678-1693/7561706908_939789e4fd_o.jpg,800,628,,"botanical,botany,flora,leaves"
552d34e5-7114-498c-911c-09191dd7564d,,,1678-1693,/collections/hortus-malabaricus-1678-1693/7561708734_c238161f29_o.jpg,800,640,,"botanical,botany,flora,flowers,leaves"
56993a60-d620-4e51-9ebe-c59f7a22382c,,,1678-1693,/collections/hortus-malabaricus-1678-1693/7561713030_a0ec7c7995_o.jpg,800,641,,"botanical,botany,flora,leaves,trees"
60b44889-ef14-4513-a035-b512143ff1bf,,,1678-1693,/collections/hortus-malabaricus-1678-1693/7561707860_6d68d83f5d_o.jpg,800,626,,"botanical,botany,flora,plants,trees"
6831a191-b708-4b58-924d-1910b691c542,,,1678-1693,/collections/hortus-malabaricus-1678-1693/7561711472_9c2ffc7313_o.jpg,800,665,,"botanical,botany,flora,foliage,plants"
711eb0bd-5836-4a01-95a2-8552630ac6f9,,,1678-1693,/collections/hortus-malabaricus-1678-1693/7561710642_6af1011480_o.jpg,800,659,,"botanical,botany,flora,trees"
79b0e25b-b6e0-4acf-bdf5-2fad4770d8b7,,,1678-1693,/collections/hortus-malabaricus-1678-1693/7561711820_d3afcb26bd_o.jpg,800,665,,"botanical,botany,flora,leaves,plants"
72e308f2-572e-45af-906c-4feb5384a64c,,,1678-1693,/collections/hortus-malabaricus-1678-1693/7561712008_83beb220a7_o.jpg,800,665,,"botanical,botany,flora,trees"
827af642-f0aa-48e9-aa97-fcb40529f418,,,1678-1693,/collections/hortus-malabaricus-1678-1693/7561713544_6a9b1ddfd7_o.jpg,800,671,,"botanical,botany,flora,flowers,leaves"
872b7021-5684-4a41-8a33-66e74f80b47d,,,1678-1693,/collections/hortus-malabaricus-1678-1693/7561711294_6bf542e167_o.jpg,800,665,,"botanical,botany,flora,plants"
95f38890-250b-4848-ba01-00e032bc5b17,,,1678-1693,/collections/hortus-malabaricus-1678-1693/7561709214_6d02fb2367_o.jpg,800,652,,"botanical,botany,flora,flowers,leaves,plants"
077e19a6-6e31-4539-a8f2-04863df0fdd0,,,1678-1693,/collections/hortus-malabaricus-1678-1693/7561707402_ab6eb9907b_o.jpg,800,629,,"botanical,botany,flora,leaves,plants"
0cf88540-4945-4a4e-a5fe-4eca558168a7,,,1678-1693,/collections/hortus-malabaricus-1678-1693/7561708580_2dfa8e153c_o.jpg,800,652,,"botanical,botany,flora,leaves,plants"
0b270b4c-79d1-477e-9dee-be0dc5527e6f,,,1678-1693,/collections/hortus-malabaricus-1678-1693/7561710810_a1cd905b66_o.jpg,800,659,,"botanical,botany,flora,plants,trees"
0ed17761-4aff-4880-a1f4-b7b86288a6ae,,,1678-1693,/collections/hortus-malabaricus-1678-1693/7561710942_6f3fdb55a5_o.jpg,800,659,,"botanical,botany,flora,plants"
bccc1ed3-3054-4a04-a1b6-627ccab85827,,,1678-93,/collections/hortus-malabaricus-1678-1693/7561715314_765ace86b3_o.jpg,800,630,,"botanical,botany,flora,plants"
ccb232e8-924a-4f7d-bd84-68387c7ab567,,,1678-1693,/collections/hortus-malabaricus-1678-1693/7561709864_a91d81cb82_o.jpg,800,651,,"botanical,botany,flora,flowers,plants"
cc546013-8916-48ce-b371-6885366fa5fa,,,1678-1693,/collections/hortus-malabaricus-1678-1693/7561714638_b65d0a9c45_o.jpg,800,632,,"botanical,botany,flora"
d0e0a244-c57e-4dce-8e0b-5c5b6d689e24,,,1678-93,/collections/hortus-malabaricus-1678-1693/7561710398_7eedc4f2f4_o.jpg,800,659,,"botanical,botany,flora,leaves"
ec928f30-f38f-4acb-8dbc-026eba7caebd,,,1678-93,/collections/hortus-malabaricus-1678-1693/7561707124_420377b98a_o.jpg,800,631,,"botanical,botany,flora,leaves,plants"
e26cd137-d875-436d-ab01-c97cf144c386,,,1678-93,/collections/hortus-malabaricus-1678-1693/7561708212_98867ed107_o.jpg,800,654,,"botanical,botany,flora,flowers,leaves,plants"
f8b66dad-8ccf-4e3c-b648-5772df316669,,,1678-93,/collections/hortus-malabaricus-1678-1693/7561713386_d9775dcf60_o.jpg,800,658,,"botanical,botany,flora,flowers,leaves"
373ab9b4-858c-4bb1-be83-5b4565524db2,Illustrative plate from Nehemiah Grew’s <em>The Anatomy of Plants</em> (1682).,Nehemiah Grew,1682,/essays/the-life-and-work-of-nehemiah-grew/5486434464_5c403a55cc_z.jpg,640,608,,"botanical,botany"
5b01dbc5-8cd9-489b-b10f-70fa1a05365c,A woman holding a kite,Katsushika Hokusai,ca. 1825,/collections/art-of-kite-flying/kite-flying-00028.jpg,4912,5488,,plants
07affc7e-ea07-4366-bc31-35ac5cdcb244,Vegetable lamb,,1481,/essays/animal-vegetable-lamb/02-vegetable-lamb-mandeville.jpg,1260,1266,,plants
f2f156eb-2c9f-454d-80ce-4480df9f8db9,Vegetable lamb,,1725,/essays/animal-vegetable-lamb/03-voiagetravayleof00mand_0302-edit.jpg,1167,1194,,plants
403c5d67-0b8e-4678-b697-af7b2d56d13b,Vegetable lamb,,1605,/essays/animal-vegetable-lamb/04-vegetable-lamb-duret.jpg,1429,1032,,"plants,wildflowers"
a586101b-4a05-4379-9d11-6f0cb259b23c,Illustration featuring 'Planta Tartarica Boromez' and other vegetal creatures,,1696,/essays/animal-vegetable-lamb/05-speculaphysicoma00zahn_0935-edit.jpg,1627,2612,,plants
e33ccbc2-398e-4fc1-89cd-745a1c07a34e,Frontispiece depicting the Garden of Eden,Christopher Switzer,1629,/essays/animal-vegetable-lamb/07-Paradisi-in-sole-Paradisius-Terrestris.jpg,2695,4307,,"flowers,plants,trees"
367e46ab-8136-4a6a-9117-8f48d25d9312,"Rhizome of a fern, shaped by the Chinese to represent a tan-coloured dog",,1887,/essays/animal-vegetable-lamb/09-vegetablelamboft00leehrich_0041-edit.jpg,3536,1984,,plants
fe235f57-bf33-49f0-b579-11e065d7748f,Barometz or Agnus Scythycus,William Hibbart,1791,/essays/animal-vegetable-lamb/10-b28760086_0008-edit.jpg,3792,2388,,plants
fa48236d-f2e5-4126-ae48-1a76f776e0ae,Agnus scythycus borometz,Elizabeth Blackwell,1750–1773,/essays/animal-vegetable-lamb/11-mobot31753000818994_0524-edit.jpg,2998,2954,,plants
200877e8-385c-4637-b456-08a890589252,"Mythical animals, including a vegetable lamb",,1801,/essays/animal-vegetable-lamb/12-bertuch1801bd1_0189-edit.jpg,2196,1764,,plants
0c192190-366a-46e7-925f-8144970cc2a0,,Harold A. Taylor,early 20th century,/collections/harold-taylor-flowers/cacdoha_000075_access.jpg,6300,5100,,"flowers,leaves,plant-photography,plants"
49b9f403-8abc-4af1-8007-e1476adf6f0d,,Harold A. Taylor,early 20th century,/collections/harold-taylor-flowers/cacdoha_000080_access.jpg,6300,5100,,"flowers,leaves,plant-photography,plants"
a3f31840-a1cf-4f2e-b4f3-c2508afc501e,,Harold A. Taylor,early 20th century,/collections/harold-taylor-flowers/cacdoha_000081_access.jpg,6300,5100,,"flowers,leaves,plant-photography,plants"
c7b88836-2969-443c-b4fe-7ced50c9f9c6,,Harold A. Taylor,early 20th century,/collections/harold-taylor-flowers/cacdoha_000082_access.jpg,6300,5100,,"flowers,leaves,plant-photography,plants"
77348fce-1ff7-4dae-b7a4-c150de676376,,Harold A. Taylor,early 20th century,/collections/harold-taylor-flowers/cacdoha_000129_access.jpg,6300,5100,,"flowers,leaves,plant-photography,plants,wildflowers"
1c9d6ea4-0b73-4949-9c77-b467a572390a,,Harold A. Taylor,early 20th century,/collections/harold-taylor-flowers/cacdoha_000133_access.jpg,6300,5100,,"flowers,leaves,plant-photography,plants,wildflowers"
2b4f5977-0a34-4230-8174-5b9298caf8c2,,Harold A. Taylor,early 20th century,/collections/harold-taylor-flowers/cacdoha_000134_access.jpg,6300,5100,,"flowers,leaves,plant-photography,plants"
fcfef66d-e783-4d25-9655-b6c69f51e443,,Harold A. Taylor,early 20th century,/collections/harold-taylor-flowers/cacdoha_000137_access.jpg,6300,5100,,"flowers,leaves,plant-photography,plants"
c839536e-ebb4-486a-8b91-a5e2baaa2882,,Harold A. Taylor,early 20th century,/collections/harold-taylor-flowers/cacdoha_000138_access.jpg,6300,5100,,"flowers,leaves,plant-photography,plants"
1017f3ab-bc52-4bef-8a05-6ac3afd6f700,,Harold A. Taylor,early 20th century,/collections/harold-taylor-flowers/cacdoha_000139_access.jpg,6300,5100,,"flowers,leaves,plant-photography,plants"
6fe9e877-4a00-4ea4-b48d-623ec09e4194,,Harold A. Taylor,early 20th century,/collections/harold-taylor-flowers/cacdoha_000159_access.jpg,6300,5100,,"flowers,leaves,plant-photography,plants"
12c92374-87d1-4c91-b2db-5267b1b387f4,,Harold A. Taylor,early 20th century,/collections/harold-taylor-flowers/cacdoha_000160_access.jpg,6300,5100,,"flowers,plant-photography,plants"
775825bb-a243-446c-b02e-fdaec366c321,,Harold A. Taylor,early 20th century,/collections/harold-taylor-flowers/cacdoha_000181_access.jpg,6300,5100,,"flowers,leaves,plant-photography,plants"
e6c974ab-102b-482e-85d5-481d00568be7,,Harold A. Taylor,early 20th century,/collections/harold-taylor-flowers/cacdoha_000211_access.jpg,6300,5100,,"flowers,gardens,leaves,plant-photography,plants"
7b99be3e-dcf2-44b3-9148-ca85abee369c,,Harold A. Taylor,early 20th century,/collections/harold-taylor-flowers/cacdoha_000212_access.jpg,6300,5100,,"flowers,leaves,plant-photography,plants,wildflowers"
304cd1dc-43be-411a-9c3a-deac969d1c10,,Harold A. Taylor,early 20th century,/collections/harold-taylor-flowers/cacdoha_000213_access.jpg,6300,5100,,"flowers,gardens,leaves,plant-photography,plants"
ff2949ac-96d0-4170-acb8-5c171bc21bf6,,Harold A. Taylor,early 20th century,/collections/harold-taylor-flowers/cacdoha_000218_access.jpg,6300,5100,,"flowers,leaves,plant-photography,plants"
756863da-b094-4960-b0e1-6abd574ce1a8,,Harold A. Taylor,early 20th century,/collections/harold-taylor-flowers/cacdoha_000223_access.jpg,6300,5100,,"flowers,gardens,leaves,plant-photography,plants"
198a72c6-6b6a-4a97-814d-4f14e4cb230e,,Harold A. Taylor,early 20th century,/collections/harold-taylor-flowers/cacdoha_000232_access.jpg,6300,5100,,"flowers,gardens,leaves,plant-photography,plants"
0bae6f8d-41c4-432d-b6f5-6d81810881e6,,Harold A. Taylor,early 20th century,/collections/harold-taylor-flowers/cacdoha_000234_access.jpg,6300,5100,,"flowers,leaves,plant-photography,plants"
9060b3f2-f058-4377-a9c3-61c65f7d1ac8,,Harold A. Taylor,early 20th century,/collections/harold-taylor-flowers/cacdoha_000239_access.jpg,6300,5100,,"flowers,leaves,plant-photography,plants"
2ad296a7-e36d-4750-8eb1-fd2db976de0f,,Harold A. Taylor,early 20th century,/collections/harold-taylor-flowers/cacdoha_000243_access.jpg,6300,5100,,"flowers,leaves,plant-photography,plants"
2698caf6-b0b7-4e21-adb4-07d563b92a4b,,Harold A. Taylor,early 20th century,/collections/harold-taylor-flowers/cacdoha_000247_access.jpg,6300,5100,,"flowers,leaves,plant-photography,plants"
058a6196-e48f-49e1-85fe-e2534a1f292c,,Harold A. Taylor,early 20th century,/collections/harold-taylor-flowers/cacdoha_000248_access.jpg,6300,5100,,"flowers,leaves,plant-photography,plants"
7afc4176-3c54-4dc0-be53-834b462ff619,,Harold A. Taylor,early 20th century,/collections/harold-taylor-flowers/cacdoha_000253_access.jpg,6300,5100,,"flowers,leaves,plant-photography,plants"
e848df09-82ed-450b-89d4-943980f04258,,Harold A. Taylor,early 20th century,/collections/harold-taylor-flowers/cacdoha_000254_access.jpg,6300,5100,,"flowers,leaves,plant-photography,plants"
9dda096a-b9c7-41d9-b0c1-6c22fb9553ee,,Harold A. Taylor,early 20th century,/collections/harold-taylor-flowers/cacdoha_000256_access.jpg,6300,5100,,"flowers,leaves,plant-photography,plants"
69b837c3-165a-497d-95d1-1583ec0a55c1,,Harold A. Taylor,early 20th century,/collections/harold-taylor-flowers/cacdoha_000279_access.jpg,6300,5100,,"flowers,leaves,plant-photography,plants"
0489be9b-050d-42df-9b44-2396328f89d4,,Harold A. Taylor,early 20th century,/collections/harold-taylor-flowers/cacdoha_000283_access.jpg,6300,5100,,"flowers,leaves,plant-photography,plants"
8e96a29a-b6ad-42ca-ba1c-d682ba6cbe6c,,Harold A. Taylor,early 20th century,/collections/harold-taylor-flowers/cacdoha_000288_access.jpg,6300,5100,,"flowers,leaves,plant-photography,plants"
ff288c1f-56e1-4570-aef7-ff7c24369aef,,Harold A. Taylor,early 20th century,/collections/harold-taylor-flowers/cacdoha_000289_access.jpg,6300,5100,,"flowers,leaves,plant-photography,plants"
35d94a83-0d42-4ea8-80bf-410e6ec8e7da,,Harold A. Taylor,early 20th century,/collections/harold-taylor-flowers/cacdoha_000290_access.jpg,6300,5100,,"flowers,leaves,plant-photography,plants"
ce5950ef-e17e-4c6b-8bf3-214cb6a00c91,,Harold A. Taylor,early 20th century,/collections/harold-taylor-flowers/cacdoha_000291_access.jpg,6300,5100,,"flowers,leaves,plant-photography,plants"
2ab36616-92fd-4e59-a552-3e1cb207af03,,Harold A. Taylor,early 20th century,/collections/harold-taylor-flowers/cacdoha_000295_access.jpg,6300,5100,,"flowers,leaves,plant-photography,plants"
61c76d2f-8028-43fc-89b0-b4e1c4e8aed9,,Harold A. Taylor,early 20th century,/collections/harold-taylor-flowers/cacdoha_000297_access.jpg,6300,5100,,"flowers,leaves,plant-photography,plants"
3b9bc134-486c-4e09-ac6b-c18d694bd705,,Harold A. Taylor,early 20th century,/collections/harold-taylor-flowers/cacdoha_000298_access.jpg,6300,5100,,"flowers,leaves,plant-photography,plants"
28fd474b-86df-4ebd-8900-dcb457060373,,Harold A. Taylor,early 20th century,/collections/harold-taylor-flowers/cacdoha_000306_access.jpg,6300,5100,,"flowers,leaves,plant-photography,plants"
57b6fb49-0cf3-479e-aca9-be8d2b5587c6,,Harold A. Taylor,early 20th century,/collections/harold-taylor-flowers/cacdoha_000308_access.jpg,6300,5100,,"flowers,leaves,plant-photography,plants"
77d2212d-e572-43f3-b260-428598eb10c0,,Harold A. Taylor,early 20th century,/collections/harold-taylor-flowers/cacdoha_000319_access.jpg,6300,5100,,"flowers,leaves,plant-photography,plants"
c763d72b-88d5-466b-8fd8-68875cdab439,,Harold A. Taylor,early 20th century,/collections/harold-taylor-flowers/cacdoha_000409_access.jpg,6300,5100,,"flowers,leaves,plant-photography,plants"
238cbfad-9cd4-49e5-851c-dddf7cd6ceac,,Harold A. Taylor,early 20th century,/collections/harold-taylor-flowers/cacdoha_000429_access.jpg,6300,5100,,"flowers,leaves,plant-photography,plants"
097a5643-4bc1-4f9f-ba6b-27933f9099d2,,Harold A. Taylor,early 20th century,/collections/harold-taylor-flowers/cacdoha_000441_access.jpg,6300,5100,,"flowers,leaves,plant-photography,plants"
dd421389-236d-4b9e-85e6-06989a589e07,,Harold A. Taylor,early 20th century,/collections/harold-taylor-flowers/cacdoha_000442_access.jpg,6300,5100,,"flowers,leaves,plant-photography,plants"
b55cf546-957e-4d8b-9a84-c7e25873971f,,Harold A. Taylor,early 20th century,/collections/harold-taylor-flowers/cacdoha_000443_access.jpg,6300,5100,,"flowers,leaves,plant-photography,plants"
32362b9e-a7dc-4db0-a331-2435cfb953f4,,Harold A. Taylor,early 20th century,/collections/harold-taylor-flowers/cacdoha_000445_access.jpg,6300,5100,,"flowers,leaves,plant-photography,plants"
0795afd6-65b5-4185-813b-85354eb6f4bf,,Harold A. Taylor,early 20th century,/collections/harold-taylor-flowers/cacdoha_000446_access.jpg,6300,5100,,"flowers,leaves,plant-photography,plants"
6c2d4809-7940-426c-a35c-e40b2fe04302,,Harold A. Taylor,early 20th century,/collections/harold-taylor-flowers/cacdoha_000449_access.jpg,6300,5100,,"flowers,leaves,plant-photography,plants"
fa63e2fe-e1f2-460a-abba-40cea950c05a,,Harold A. Taylor,early 20th century,/collections/harold-taylor-flowers/cacdoha_000451_access.jpg,6300,5100,,"flowers,leaves,plant-photography,plants"
6effc87a-c098-4702-9baf-0aa8b7f5c67d,,Harold A. Taylor,early 20th century,/collections/harold-taylor-flowers/cacdoha_000455_access.jpg,6300,5100,,"flowers,leaves,plant-photography,plants"
aefe4bc4-5563-44cc-8584-6c65ea1659ec,,Harold A. Taylor,early 20th century,/collections/harold-taylor-flowers/cacdoha_000466_access.jpg,6300,5100,,"flowers,leaves,plant-photography,plants"
f6230d42-341a-47d1-a02b-dbec25e1478e,,Harold A. Taylor,early 20th century,/collections/harold-taylor-flowers/cacdoha_000469_access.jpg,6300,5100,,"flowers,leaves,plant-photography,plants,wildflowers"
d7141c83-a38f-4978-9030-169d1610bdfc,,Harold A. Taylor,early 20th century,/collections/harold-taylor-flowers/cacdoha_000472_access.jpg,6300,5100,,"flowers,leaves,plant-photography,plants"
58f47d07-596e-4faa-a141-4bd7ef9765a5,,Harold A. Taylor,early 20th century,/collections/harold-taylor-flowers/cacdoha_000477_access.jpg,6300,5100,,"flowers,leaves,plant-photography,plants"
9a9b291d-70f7-461d-af9b-353d07dedc97,,Harold A. Taylor,early 20th century,/collections/harold-taylor-flowers/cacdoha_000493_access.jpg,6300,5100,,"flowers,leaves,plant-photography,plants,wildflowers"
af9a9c99-a326-4ad8-8b08-0ce044ce2669,The roots of the Baara,,1559,/collections/histoires-prodigieuses/histoires-prodigieuses-00026.jpg,2618,2855,,"plants,trees"
66269439-5f3a-4412-9fbe-5ad3fdd8590c,Pernice (partridge),Jacques de Fornazeris,1594,/collections/fornazeris-birds/RP-P-1981-173-edit.jpg,2079,2721,,plants
57bb3f7e-d21e-49f0-a4f9-3aa8846678f5,Fagiano (pheasant),Jacques de Fornazeris,1594,/collections/fornazeris-birds/RP-P-1981-170-edit.jpg,2100,2715,,plants
19514aaf-6ff3-4029-82d2-abbbedde6aa2,Sacco Marino (pelican),Jacques de Fornazeris,1594,/collections/fornazeris-birds/RP-P-1981-171-edit.jpg,2106,2757,,plants
b815407b-b88c-4dc3-b76c-5d0b4af9a935,Anatra saluatica (duck),Jacques de Fornazeris,1594,/collections/fornazeris-birds/RP-P-1981-172-edit.jpg,2106,2754,,"flowers,plants"
05bbe6d9-ae3f-4687-b12b-a86088e11a94,The Kiss of Judas,Aubrey Beardsley,1893,/collections/aubrey-beardsley/beardsley-illustration-00010.jpg,2186,3006,,"climbing-plants,plants,trees"
35c5f4e1-06e9-4d9b-aba9-a1867db64ddb,Merlin,Aubrey Beardsley,1893–94,/collections/aubrey-beardsley/beardsley-illustration-00008.jpg,2675,2665,,plants
a6041d66-7ff6-4a6c-bd80-b207b5289841,Dreams,Aubrey Beardsley,1894,/collections/aubrey-beardsley/beardsley-illustration-00017.jpg,1882,2578,,plants
a07aac0c-1535-4053-9d72-563a33c75daf,A Suggested Reform in Ballet Costume (Unfinished Drawing),Aubrey Beardsley,1895,/collections/aubrey-beardsley/beardsley-illustration-00011.jpg,3026,3231,,"leaves,plants"
340cc233-0393-435e-ac64-65cf84fe6a2b,Frontispiece,Aubrey Beardsley,1897,/collections/aubrey-beardsley/beardsley-illustration-00039.jpg,2074,3646,,"flowers,gardens,plants,trees"
53fdb242-2419-4e3d-9b17-9981647545b1,,Wilhelm Dilich,1598,/collections/christening-of-lady-elisabeth-of-hesse/iiif-service_gdc_gdcwdl_wd_l__08_91_7_wdl_08917_bsb00001428_00005v2-full-pct_100-0-default.jpg,3195,4744,,"botanical-art,flowers,plants"
a0af87fb-7b6d-4df0-84dd-f88906587cec,,Wilhelm Dilich,1598,/collections/christening-of-lady-elisabeth-of-hesse/iiif-service_gdc_gdcwdl_wd_l__08_91_7_wdl_08917_bsb00001428_00011-full-pct_100-0-default.jpg,3170,4702,,"botanical-art,flowers,plants"
73f18d07-8514-4f11-adf8-a4f55a417a96,,Wilhelm Dilich,1598,/collections/christening-of-lady-elisabeth-of-hesse/iiif-service_gdc_gdcwdl_wd_l__08_91_7_wdl_08917_bsb00001428_00013-full-pct_100-0-default.jpg,3200,4707,,"botanical-art,flowers,plants"
dcf7a383-ff3d-4931-8561-8f7b7bb507ac,,Wilhelm Dilich,1598,/collections/christening-of-lady-elisabeth-of-hesse/iiif-service_gdc_gdcwdl_wd_l__08_91_7_wdl_08917_bsb00001428_00014-full-pct_100-0-default.jpg,3164,4688,,"botanical-art,flowers,plants"
b1d1d2ed-cc61-4cff-9eb6-f2a60e5c7718,,Wilhelm Dilich,1598,/collections/christening-of-lady-elisabeth-of-hesse/iiif-service_gdc_gdcwdl_wd_l__08_91_7_wdl_08917_bsb00001428_00016-full-pct_100-0-default.jpg,3126,4689,,"botanical-art,flowers,plants"
ea1c47ea-4916-4875-93ea-d379a1c7359c,,Wilhelm Dilich,1598,/collections/christening-of-lady-elisabeth-of-hesse/iiif-service_gdc_gdcwdl_wd_l__08_91_7_wdl_08917_bsb00001428_00022-full-pct_100-0-default.jpg,3121,4722,,"botanical-art,flowers,plants"
6e32e1e0-eeb7-482f-ad01-34f0388f5c05,,Wilhelm Dilich,1598,/collections/christening-of-lady-elisabeth-of-hesse/iiif-service_gdc_gdcwdl_wd_l__08_91_7_wdl_08917_bsb00001428_00023-full-pct_100-0-default.jpg,3184,4682,,"botanical-art,flowers,plants"
1a962dfc-f7cc-4ae1-ac4c-fd5e2487edce,,Wilhelm Dilich,1598,/collections/christening-of-lady-elisabeth-of-hesse/iiif-service_gdc_gdcwdl_wd_l__08_91_7_wdl_08917_bsb00001428_00026-full-pct_100-0-default.jpg,3093,4688,,"botanical-art,flowers,plants"
a1e33db7-96b9-4ec1-98dc-2730a0d2fd4c,,Wilhelm Dilich,1598,/collections/christening-of-lady-elisabeth-of-hesse/iiif-service_gdc_gdcwdl_wd_l__08_91_7_wdl_08917_bsb00001428_00028-full-pct_100-0-default.jpg,3104,4710,,"botanical-art,flowers,plants"
547354f0-9a51-4241-829b-60ac008909a1,,Wilhelm Dilich,1598,/collections/christening-of-lady-elisabeth-of-hesse/iiif-service_gdc_gdcwdl_wd_l__08_91_7_wdl_08917_bsb00001428_00030-full-pct_100-0-default.jpg,6188,4677,,"botanical-art,flowers,plants"
f28f3d0f-20b9-46db-a908-d4a4a65564c4,,Wilhelm Dilich,1598,/collections/christening-of-lady-elisabeth-of-hesse/iiif-service_gdc_gdcwdl_wd_l__08_91_7_wdl_08917_bsb00001428_00033-full-pct_100-0-default.jpg,3224,4672,,"botanical-art,flowers,plants"
213c7807-7ac9-4b9f-859b-4985d37dfeb6,,Wilhelm Dilich,1598,/collections/christening-of-lady-elisabeth-of-hesse/iiif-service_gdc_gdcwdl_wd_l__08_91_7_wdl_08917_bsb00001428_00037-full-pct_100-0-default.jpg,3247,4665,,"botanical-art,flowers,plants"
2100f158-532a-4407-a093-febab7af73cc,,Wilhelm Dilich,1598,/collections/christening-of-lady-elisabeth-of-hesse/iiif-service_gdc_gdcwdl_wd_l__08_91_7_wdl_08917_bsb00001428_00038-full-pct_100-0-default.jpg,4699,3098,,"botanical-art,flowers,plants"
fd5ead32-0b5a-4c3b-a321-a43b1060b09e,,Wilhelm Dilich,1598,/collections/christening-of-lady-elisabeth-of-hesse/iiif-service_gdc_gdcwdl_wd_l__08_91_7_wdl_08917_bsb00001428_00042-full-pct_100-0-default.jpg,6099,4676,,"botanical-art,flowers,plants"
4e09a08c-4a4f-48f4-b588-33dcff07aca3,,Wilhelm Dilich,1598,/collections/christening-of-lady-elisabeth-of-hesse/iiif-service_gdc_gdcwdl_wd_l__08_91_7_wdl_08917_bsb00001428_00046-full-pct_100-0-default.jpg,6201,4679,,"botanical-art,flowers,plants"
56c7383f-3fcd-4e3f-a2e0-1950e9fb112c,,Wilhelm Dilich,1598,/collections/christening-of-lady-elisabeth-of-hesse/iiif-service_gdc_gdcwdl_wd_l__08_91_7_wdl_08917_bsb00001428_00056-full-pct_100-0-default.jpg,3137,4688,,"botanical-art,flowers,plants"
1d2968a8-1dc8-47cf-9f54-a2e039e788b7,,Wilhelm Dilich,1598,/collections/christening-of-lady-elisabeth-of-hesse/iiif-service_gdc_gdcwdl_wd_l__08_91_7_wdl_08917_bsb00001428_00067-full-pct_100-0-default.jpg,3236,4672,,"botanical-art,flowers,plants"
436226a0-2a8b-4181-9aef-060e23a6b615,,Wilhelm Dilich,1598,/collections/christening-of-lady-elisabeth-of-hesse/iiif-service_gdc_gdcwdl_wd_l__08_91_7_wdl_08917_bsb00001428_00071-full-pct_100-0-default.jpg,3198,4689,,"botanical-art,flowers,plants"
324cd8f9-6f92-4be6-a605-0939783bac68,,Wilhelm Dilich,1598,/collections/christening-of-lady-elisabeth-of-hesse/iiif-service_gdc_gdcwdl_wd_l__08_91_7_wdl_08917_bsb00001428_00086-full-pct_100-0-default.jpg,3214,4694,,"botanical-art,flowers,plants"
74612300-4bb7-4abf-ab94-3bab806966bf,,Wilhelm Dilich,1598,/collections/christening-of-lady-elisabeth-of-hesse/iiif-service_gdc_gdcwdl_wd_l__08_91_7_wdl_08917_bsb00001428_00094-full-pct_100-0-default.jpg,6228,4689,,"botanical-art,flowers,plants"
3570c3bc-f144-4539-8d1a-dfb3802dfa3d,,Wilhelm Dilich,1598,/collections/christening-of-lady-elisabeth-of-hesse/iiif-service_gdc_gdcwdl_wd_l__08_91_7_wdl_08917_bsb00001428_00102-full-pct_100-0-default.jpg,6234,4692,,"botanical-art,flowers,plants"
c6b45c40-7114-470a-b5d3-d5092b27ef2d,,Wilhelm Dilich,1598,/collections/christening-of-lady-elisabeth-of-hesse/iiif-service_gdc_gdcwdl_wd_l__08_91_7_wdl_08917_bsb00001428_00104-full-pct_100-0-default.jpg,3172,4711,,"botanical-art,flowers,plants"
1a725b06-7bdc-4d10-9e36-3e8898857ae3,,Wilhelm Dilich,1598,/collections/christening-of-lady-elisabeth-of-hesse/iiif-service_gdc_gdcwdl_wd_l__08_91_7_wdl_08917_bsb00001428_00106-full-pct_100-0-default.jpg,6220,4688,,"botanical-art,flowers,plants"
c1e9ee3a-838f-4926-a9b7-2722f3d4ac76,,Wilhelm Dilich,1598,/collections/christening-of-lady-elisabeth-of-hesse/iiif-service_gdc_gdcwdl_wd_l__08_91_7_wdl_08917_bsb00001428_00116-full-pct_100-0-default.jpg,6183,4683,,"botanical-art,flowers,plants"
61bd4bb7-c012-4385-bf9f-2b4cf8acd1e8,,Wilhelm Dilich,1598,/collections/christening-of-lady-elisabeth-of-hesse/iiif-service_gdc_gdcwdl_wd_l__08_91_7_wdl_08917_bsb00001428_00120-full-pct_100-0-default.jpg,6211,4686,,"botanical-art,flowers,plants"
7f6972e2-98d7-43a4-b1f0-a32b4a48c104,,Wilhelm Dilich,1598,/collections/christening-of-lady-elisabeth-of-hesse/iiif-service_gdc_gdcwdl_wd_l__08_91_7_wdl_08917_bsb00001428_00126-full-pct_100-0-default.jpg,6232,4672,,"botanical-art,flowers,plants"
abf6c4e9-658b-45ed-b13f-edc82e9a2858,,Wilhelm Dilich,1598,/collections/christening-of-lady-elisabeth-of-hesse/iiif-service_gdc_gdcwdl_wd_l__08_91_7_wdl_08917_bsb00001428_00134-full-pct_100-0-default.jpg,6206,4674,,"botanical-art,flowers,plants"
547251f6-afd4-4729-9ff5-d512713eae04,,Wilhelm Dilich,1598,/collections/christening-of-lady-elisabeth-of-hesse/iiif-service_gdc_gdcwdl_wd_l__08_91_7_wdl_08917_bsb00001428_00150-full-pct_100-0-default.jpg,6184,4694,,"botanical-art,flowers,plants"
021137b1-8bde-4447-b21a-5d3e41a329ac,,Wilhelm Dilich,1598,/collections/christening-of-lady-elisabeth-of-hesse/iiif-service_gdc_gdcwdl_wd_l__08_91_7_wdl_08917_bsb00001428_00157-full-pct_100-0-default.jpg,3130,4702,,"botanical-art,flowers,plants"
0675d06d-6be5-4533-bbef-9e4d4c0a74bf,,Wilhelm Dilich,1598,/collections/christening-of-lady-elisabeth-of-hesse/iiif-service_gdc_gdcwdl_wd_l__08_91_7_wdl_08917_bsb00001428_00174-full-pct_100-0-default.jpg,4698,3218,,"botanical-art,flowers,plants"
edf0034f-d389-48ca-8662-b22c22a9b511,,Wilhelm Dilich,1598,/collections/christening-of-lady-elisabeth-of-hesse/iiif-service_gdc_gdcwdl_wd_l__08_91_7_wdl_08917_bsb00001428_00175-full-pct_100-0-default.jpg,4700,3137,,"botanical-art,flowers,plants"
74908f8d-293d-4479-a23e-243870ee5e83,,Wilhelm Dilich,1598,/collections/christening-of-lady-elisabeth-of-hesse/iiif-service_gdc_gdcwdl_wd_l__08_91_7_wdl_08917_bsb00001428_00178-full-pct_100-0-default.jpg,4726,3143,,"botanical-art,flowers,plants"
015f1f04-8c84-45a0-a845-4f777cd756c6,,Wilhelm Dilich,1598,/collections/christening-of-lady-elisabeth-of-hesse/iiif-service_gdc_gdcwdl_wd_l__08_91_7_wdl_08917_bsb00001428_00179-full-pct_100-0-default.jpg,4688,3194,,"botanical-art,flowers,plants"
d2474d7f-b7b1-43e2-ba3a-0d5d1607927b,,Wilhelm Dilich,1598,/collections/christening-of-lady-elisabeth-of-hesse/iiif-service_gdc_gdcwdl_wd_l__08_91_7_wdl_08917_bsb00001428_00194-full-pct_100-0-default.jpg,6153,4691,,"botanical-art,flowers,plants"
d9a62b64-edae-4dc0-9ad2-9c7eb1e2e062,"Blackberry, unripe fruits and flower (Rubus sectio rubus)",Master of Claude de France,ca. 1510–1515,/collections/book-of-flower-studies/DP-18128-001.jpg,2631,3957,,"botanical-art,botanical-illustration,flowers,plants"
7167bb62-f509-4e39-93ae-f2897312eded,Forget-me-not (Myosotis sylvatica),Master of Claude de France,ca. 1510–1515,/collections/book-of-flower-studies/DP-18128-002.jpg,2619,3940,,"botanical-art,botanical-illustration,flowers,plants"
7d2cc71e-7721-445c-8d6d-d6fc0f299459,Marigold (Calendula arvensis),Master of Claude de France,ca. 1510–1515,/collections/book-of-flower-studies/DP-18128-003.jpg,2626,3958,,"botanical-art,botanical-illustration,flowers,plants"
0beae2a6-8c4c-4131-9e56-a4ab10cd6c5f,Chicory (Cichorium intybus),Master of Claude de France,ca. 1510–1515,/collections/book-of-flower-studies/DP-18128-004.jpg,2633,3970,,"botanical-art,botanical-illustration,flowers,plants"
45762e3e-f354-4264-8f77-f3aeda5e3ecd,Snow in Summer (Cerastium tomentosum),Master of Claude de France,ca. 1510–1515,/collections/book-of-flower-studies/DP-18128-005.jpg,2638,3966,,"botanical-art,botanical-illustration,flowers,plants"
31dec399-cbdd-4b80-9542-6162111c679e,Dark Mullein (Verbascum nigrum),Master of Claude de France,ca. 1510–1515,/collections/book-of-flower-studies/DP-18128-006.jpg,2648,3974,,"botanical-art,botanical-illustration,flowers,plants"
444ddf84-34cc-4782-8e67-d606f6e8e8b8,Hen and Chicks (Sempervivum tectorum),Master of Claude de France,ca. 1510–1515,/collections/book-of-flower-studies/DP-18128-007.jpg,2643,3935,,"botanical-art,botanical-illustration,flowers,plants"
35bb459e-194b-4ea4-813c-0dd079490b60,Scottish Thistle (Onopordium acanthium),Master of Claude de France,ca. 1510–1515,/collections/book-of-flower-studies/DP-18128-008.jpg,2633,3955,,"botanical-art,botanical-illustration,flowers,plants"
1b116855-8e36-4303-8b61-c459b06cd0d5,Grapevine (Vitis vinifera),Master of Claude de France,ca. 1510–1515,/collections/book-of-flower-studies/DP-18128-009.jpg,2647,3953,,"botanical-art,botanical-illustration,flowers,plants"
70d2a36a-d52d-47db-9444-5d012925f582,Blue Pimpernel (Anagallis foemina),Master of Claude de France,ca. 1510–1515,/collections/book-of-flower-studies/DP-18128-010.jpg,2613,3904,,"botanical-art,botanical-illustration,flowers,plants"
d393d62d-c1a5-4ce9-87ea-774cfa8399c5,Hazelnut (Corylus avellane),Master of Claude de France,ca. 1510–1515,/collections/book-of-flower-studies/DP-18128-011.jpg,2607,3883,,"botanical-art,botanical-illustration,flowers,plants"
921f5d11-a31b-433c-9b79-4a283ab2dc42,Red Carnation (Dianthus sp.),Master of Claude de France,ca. 1510–1515,/collections/book-of-flower-studies/DP-18128-012.jpg,2639,3918,,"botanical-art,botanical-illustration,flowers,plants"
c1130b23-b2f7-4a0b-b71b-b81c8f9c7b2f,Sweet Violet (Viola odorata),Master of Claude de France,ca. 1510–1515,/collections/book-of-flower-studies/DP-18128-013.jpg,2616,3953,,"botanical-art,botanical-illustration,flowers,plants"
f7574fe8-838b-4c50-b662-d2ba926dae59,Saffron Crocus (Crocus sativus),Master of Claude de France,ca. 1510–1515,/collections/book-of-flower-studies/DP-18128-014.jpg,2657,3985,,"botanical-art,botanical-illustration,flowers,plants"
12a888ea-12d2-45db-9f8d-e5d7ab9ba11b,St. Peter's Keys (Primula veris),Master of Claude de France,ca. 1510–1515,/collections/book-of-flower-studies/DP-18128-015.jpg,2652,3980,,"botanical-art,botanical-illustration,flowers,plants"
3ed986ba-59fd-4358-8b27-d88bf24c87c5,Wild Strawberry (Fragaria vesca),Master of Claude de France,ca. 1510–1515,/collections/book-of-flower-studies/DP-18128-016.jpg,2599,3960,,"botanical-art,botanical-illustration,flowers,plants"
f2b4aa77-8385-4fa2-9a32-b673e48f8047,Oxeye Daisy (Leucanthemum vulgare),Master of Claude de France,ca. 1510–1515,/collections/book-of-flower-studies/DP-18128-017.jpg,2621,3960,,"botanical-art,botanical-illustration,flowers,plants"
1a61fb07-1f26-4bd2-8f85-440af6a99df7,Primrose (Primula vulgaris),Master of Claude de France,ca. 1510–1515,/collections/book-of-flower-studies/DP-18128-018.jpg,2619,3973,,"botanical-art,botanical-illustration,flowers,plants"
177ceae4-107d-4cd2-aec2-fde3eba1ccc3,Common Daisy (Bellis perennis),Master of Claude de France,ca. 1510–1515,/collections/book-of-flower-studies/DP-18128-019.jpg,2619,3967,,"botanical-art,botanical-illustration,flowers,plants"
cf913671-716b-457f-ae18-ac5aeb5c86b7,White Lily (Lilium candidum),Master of Claude de France,ca. 1510–1515,/collections/book-of-flower-studies/DP-18128-020.jpg,2611,3960,,"botanical-art,botanical-illustration,flowers,plants"
86d60d89-bb53-469d-b1dc-f8d0df6656a0,Heart's Ease Violet (Viola tricolor),Master of Claude de France,ca. 1510–1515,/collections/book-of-flower-studies/DP-18128-021.jpg,2618,3962,,"botanical-art,botanical-illustration,flowers,plants"
e4f005b1-f7bc-456d-bc9a-e86bb071b5ec,Corn Poppy (Papaver rhoeas),Master of Claude de France,ca. 1510–1515,/collections/book-of-flower-studies/DP-18128-022.jpg,2621,3990,,"botanical-art,botanical-illustration,flowers,plants"
b27e1efb-204e-440e-b847-a81591a275eb,Cornflower (Centaurea cyanus),Master of Claude de France,ca. 1510–1515,/collections/book-of-flower-studies/DP-18128-023.jpg,2626,4000,,"botanical-art,botanical-illustration,flowers,plants"
6fae42ce-3d38-45f1-9992-17cbb1b760ce,Red Catchfly (Silene dioica),Master of Claude de France,ca. 1510–1515,/collections/book-of-flower-studies/DP-18128-024.jpg,2629,4000,,"botanical-art,botanical-illustration,flowers,plants"
79efcafb-dcbd-41bb-bd60-ee0451a4cdb3,Iris (Iris versicolor),Master of Claude de France,ca. 1510–1515,/collections/book-of-flower-studies/DP-18128-025.jpg,2639,4000,,"botanical-art,botanical-illustration,flowers,plants"
3fb905fa-e884-4189-aed0-61a819a02c2e,Borage (Borago officinalis),Master of Claude de France,ca. 1510–1515,/collections/book-of-flower-studies/DP-18128-026.jpg,2620,3997,,"botanical-art,botanical-illustration,flowers,plants"
4ad37903-1814-4ddf-bba0-6fb34dee9e80,Snowdrop (Galanthus nivalis),Master of Claude de France,ca. 1510–1515,/collections/book-of-flower-studies/DP-18128-027.jpg,2641,4000,,"botanical-art,botanical-illustration,flowers,plants"
1236147c-1361-4ae8-ab50-2112130c9dff,Dandelion (Taraxacum officinale),Master of Claude de France,ca. 1510–1515,/collections/book-of-flower-studies/DP-18128-028.jpg,2625,4000,,"botanical-art,botanical-illustration,flowers,plants"
96841d30-b76d-4bb0-932e-cfc8aba437d6,Foxglove (Digitalis purpurea),Master of Claude de France,ca. 1510–1515,/collections/book-of-flower-studies/DP-18128-029.jpg,2577,3995,,"botanical-art,botanical-illustration,flowers,plants"
a8ebc286-ca41-4dbb-8695-fdef65937731,Autumn Buttercup (Ranunculus bullatus),Master of Claude de France,ca. 1510–1515,/collections/book-of-flower-studies/DP-18128-030.jpg,2642,4000,,"botanical-art,botanical-illustration,flowers,plants"
205db2db-97ec-472a-9279-806525f8fb5a,St. Bernard's Lily (Anthericum liliago),Master of Claude de France,ca. 1510–1515,/collections/book-of-flower-studies/DP-18128-031.jpg,2567,4000,,"botanical-art,botanical-illustration,flowers,plants"
e6cc917e-e04c-4229-a879-0e72963934f2,Wild Pea (Pisum sativum),Master of Claude de France,ca. 1510–1515,/collections/book-of-flower-studies/DP-18128-032.jpg,2633,4000,,"botanical-art,botanical-illustration,flowers,plants"
970642d8-9b35-4f7c-9df8-a598577ac00c,Cultivated Daisy (Bellis perennis),Master of Claude de France,ca. 1510–1515,/collections/book-of-flower-studies/DP-18128-033.jpg,2563,3965,,"botanical-art,botanical-illustration,flowers,plants"
7f59dff9-c13e-4289-ba51-2e14cec3517b,Columbine (Aquilegia vulgaris),Master of Claude de France,ca. 1510–1515,/collections/book-of-flower-studies/DP-18128-034.jpg,2557,4000,,"botanical-art,botanical-illustration,flowers,plants"
dc0ff281-6edd-4a3b-8cd9-4f2bd45c908c,Apothecary Rose (Rosa gallica),Master of Claude de France,ca. 1510–1515,/collections/book-of-flower-studies/DP-18128-035.jpg,2669,4000,,"botanical-art,botanical-illustration,flowers,plants"
fa7443df-ebdd-40d7-8985-768a0b1146a9,White Rose of York (Rosa alba),Master of Claude de France,ca. 1510–1515,/collections/book-of-flower-studies/DP-18128-038.jpg,2677,4000,,"botanical-art,botanical-illustration,flowers,plants"
a94cbb84-961e-4f62-bd7c-355012af5f16,Speedwell (Veronica chamaedrys),Master of Claude de France,ca. 1510–1515,/collections/book-of-flower-studies/DP-18128-039.jpg,2662,4000,,"botanical-art,botanical-illustration,flowers,plants"
265b8200-dd7d-4c82-89eb-ece55f2636b0,"Fava Bean, fruits and flowers (Vicia faba)",Master of Claude de France,ca. 1510–1515,/collections/book-of-flower-studies/DP-18128-040.jpg,2667,4000,,"botanical-art,botanical-illustration,flowers,plants"
b8f04981-1cee-4f0f-a695-bd6d9a0ab66d,Snow-in-Summer (Cerastium tomentosum),Master of Claude de France,ca. 1510–1515,/collections/book-of-flower-studies/DP-18128-041.jpg,2654,4000,,"botanical-art,botanical-illustration,flowers,plants"
ed3d583c-18f1-48ee-ab36-fbde9462eb5a,,Christoph Jamnitzer,1610,/collections/christoph-jamnitzer-neuw-grotesken-buch/RP-P-1973-136.jpg,4274,3509,,"flowers,plants"
38508b99-9f6e-4e95-9a28-da561d2869b3,,Christoph Jamnitzer,1610,/collections/christoph-jamnitzer-neuw-grotesken-buch/RP-P-1973-154.jpg,4240,3432,,"flowers,plants"
01023a28-4514-4151-9ded-cef4eb1cc413,Vegetation,Paul Nash,1924,/collections/paul-nash-s-genesis/6-Vegetation.jpg,2894,3686,,plants
08c9598f-715d-4b30-bd2d-bf2d0c0a3616,Bamboo and Rising Sun,Kunimaru Utagawa,1829,/shop/newprints-nov24-00007.jpg,1329,1500,,"leaves,plants"
3af6674a-ca03-4821-bb4b-6479c289598a,Poison hemlock (Conium maculatum L),American Colony,ca. 1900–20,/collections/wildflowers-of-palestine/2019691805 - master-pnp-matpc-00100-00189u.jpeg,3942,5527,,"botany,floral,flowers,herbs,plant-photography,plants,wildflowers"
d21cd4ea-7190-49db-93b1-55698f1216af,Red purple Iris (Iris Helenae W. Barb),American Colony,ca. 1900–20,/collections/wildflowers-of-palestine/2019691794 - master-pnp-matpc-00100-00186u.jpeg,3878,5544,,"botany,floral,flowers,herbs,plant-photography,plants,wildflowers"
8670c662-fe1c-4630-a22e-e931aa9eb434,Maritime squill (Urginea maritima Baker),American Colony,ca. 1900–20,/collections/wildflowers-of-palestine/2019691796 - master-pnp-matpc-00100-00184u.jpeg,3952,5576,,"botany,floral,flowers,herbs,plant-photography,plants,wildflowers"
d36e37ea-6229-4e1f-a395-f9882d52dab1,Red ranunculus (R. asiaticus L.),American Colony,ca. 1900–20,/collections/wildflowers-of-palestine/2019697009 - master-pnp-matpc-05800-05842u.jpeg,5741,4285,,"botany,floral,flowers,herbs,plant-photography,plants,wildflowers"
b842648f-9917-4ba8-aa8f-29da9a21a2b5,Flowers of prickly sea-lavender,American Colony,ca. 1900–20,/collections/wildflowers-of-palestine/2019697014 - master-pnp-matpc-05800-05849u.jpeg,5797,4316,,"botany,floral,flowers,herbs,plant-photography,plants,wildflowers"
e06387d5-21c4-40d0-b876-30113e37420f,Hollyshock (Althaea rosea Cav.),American Colony,ca. 1900–20,/collections/wildflowers-of-palestine/2019697011 - master-pnp-matpc-05800-05846u.jpeg,5817,4285,,"botany,floral,flowers,herbs,plant-photography,plants,wildflowers"
796794f8-3fac-49b1-8fc2-5a2af6dcbe53,Bethlehem-star (Ornithogalum fimbriatum Wild),American Colony,ca. 1900–20,/collections/wildflowers-of-palestine/2019691797 - master-pnp-matpc-00100-00183u.jpeg,3924,5579,,"botany,floral,flowers,herbs,plant-photography,plants,wildflowers"
17afec56-b6aa-448c-8651-747f32bd3479,"Gladiolus, Cornflag (G. segetum Gawl)",American Colony,ca. 1900–20,/collections/wildflowers-of-palestine/2019691779 - master-pnp-matpc-00100-00187u.jpeg,3883,5608,,"botany,floral,flowers,herbs,plant-photography,plants,wildflowers"
8e53a127-d80e-4cb6-abbb-2b8a75555c51,Tulip (Tulipa montana Lindl),American Colony,ca. 1900–20,/collections/wildflowers-of-palestine/2019691798 - master-pnp-matpc-00100-00182u.jpeg,3889,5585,,"botany,floral,flowers,herbs,plant-photography,plants,wildflowers"
ec4f0047-89f1-450f-acd6-ed4520a7039d,Fritillary (Fritillaria libanotica Boiss.),American Colony,ca. 1900–20,/collections/wildflowers-of-palestine/2019696080 - master-pnp-matpc-02300-02394u.jpeg,4979,3684,,"botany,floral,flowers,herbs,plant-photography,plants,wildflowers"
d569087a-5e53-4fd3-9d67-a8344dbd78b0,Papyrus at Lake Merom (Cyperus Papyrus L.),American Colony,ca. 1900–20,/collections/wildflowers-of-palestine/2019696075 - master-pnp-matpc-02300-02389u.jpeg,4982,3648,,"botany,floral,flowers,herbs,plant-photography,plants,wildflowers"
58609226-483f-433d-9d52-6cae2930d0e2,Wild garlic (Allium Ampeloprasum L.),American Colony,ca. 1900–20,/collections/wildflowers-of-palestine/2019696078 - master-pnp-matpc-02300-02392u.jpeg,4959,3693,,"botany,floral,flowers,herbs,plant-photography,plants,wildflowers"
ed3fe0f2-5786-475b-84a3-c8bf587e35d1,Wild pink onion (Allium trichocoleim Bornm.),American Colony,ca. 1900–20,/collections/wildflowers-of-palestine/2019696079 - master-pnp-matpc-02300-02393u.jpeg,4960,3650,,"botany,floral,flowers,herbs,plant-photography,plants,wildflowers"
ae1800db-124b-4dd6-88e6-11fa887d20cb,Palestine arums (Arum palaestinum Boiss),American Colony,ca. 1900–20,/collections/wildflowers-of-palestine/2019691799 - master-pnp-matpc-00100-00181u.jpeg,3912,5585,,"botany,floral,flowers,herbs,plant-photography,plants,wildflowers"
273c08bb-8a98-4ca2-96ab-f8d95c105696,Tulip (Tulipa precox Ten.),American Colony,ca. 1900–20,/collections/wildflowers-of-palestine/2019696081 - master-pnp-matpc-02300-02395u.jpeg,4960,3682,,"botany,floral,flowers,herbs,plant-photography,plants,wildflowers"
708b062d-d1e6-4183-a7a0-cb7c28c34924,Yellow amaryllis (Sternbergia Clusiana Gawl),American Colony,ca. 1900–20,/collections/wildflowers-of-palestine/2019696082 - master-pnp-matpc-02300-02396u.jpeg,5044,3647,,"botany,floral,flowers,herbs,plant-photography,plants,wildflowers"
71fd0ca5-e211-4139-bd39-a6793a3b42c3,Yellow amaryllis (Sternbergia Clusiana Gawl),American Colony,ca. 1900–20,/collections/wildflowers-of-palestine/2019700649 - master-pnp-matpc-10200-10206u.jpg,5848,4347,,"botany,floral,flowers,herbs,plant-photography,plants,wildflowers"
093c58a1-bbcf-424a-b457-9d7dcdc775da,Clematis (C. cirrhosa L.),American Colony,ca. 1900–20,/collections/wildflowers-of-palestine/2019696096 - master-pnp-matpc-02400-02406u.jpeg,4981,3648,,"botany,floral,flowers,herbs,plant-photography,plants,wildflowers"
8048a22c-ec06-4cd7-838a-83172602a7d3,Anemone showing the roots (Anemone coronaria L.),American Colony,ca. 1900–20,/collections/wildflowers-of-palestine/2019696098 - master-pnp-matpc-02400-02408u.jpeg,4943,3650,,"botany,floral,flowers,herbs,plant-photography,plants,wildflowers"
9f216a0b-d829-42dd-b4cd-ee19ff081878,Hypecoum (H. grandiflorum Benth.),American Colony,ca. 1900–20,/collections/wildflowers-of-palestine/2019696103 - master-pnp-matpc-02400-02413u.jpeg,4980,3678,,"botany,floral,flowers,herbs,plant-photography,plants,wildflowers"
2775ccfd-8158-4c5a-a7ac-c18fb3138e21,Syrian poppy (P. syriacum Boiss. et Bl.); [Unidentified flower],American Colony,ca. 1900–20,/collections/wildflowers-of-palestine/2019696105 - master-pnp-matpc-02400-02415u.jpeg,4944,3678,,"botany,floral,flowers,herbs,plant-photography,plants,wildflowers"
ae2e311d-d247-44a2-966b-b67e43439775,Wild peppergrass (L. chalepense L.),American Colony,ca. 1900–20,/collections/wildflowers-of-palestine/2019696107 - master-pnp-matpc-02400-02417u.jpeg,4906,3704,,"botany,floral,flowers,herbs,plant-photography,plants,wildflowers"
6c5b2578-727c-4b86-bb6d-e01d4e472111,Field of erucaria (E. aleppica Gaertn.),American Colony,ca. 1900–20,/collections/wildflowers-of-palestine/2019696109 - master-pnp-matpc-02400-02419u.jpeg,4927,3689,,"botany,floral,flowers,herbs,plant-photography,plants,wildflowers"
d03a5ce4-d2c9-4e37-8bd3-0c5a7b67170c,Wood-mallow (Malva sylvestris L.),American Colony,ca. 1900–20,/collections/wildflowers-of-palestine/2019696118 - master-pnp-matpc-02400-02428u.jpeg,4979,3643,,"botany,floral,flowers,herbs,plant-photography,plants,wildflowers"
580ba373-d250-415d-8547-c2087ef64ca9,Field of thoroughwax (Bupleurum subovatum Link),American Colony,ca. 1900–20,/collections/wildflowers-of-palestine/2019696121 - master-pnp-matpc-02400-02431u.jpeg,4960,3633,,"botany,floral,flowers,herbs,plant-photography,plants,wildflowers"
1bb211f5-1ade-4535-9ef1-3beca132db2b,Field of yellow carrot (Daucus aureus Desf.),American Colony,ca. 1900–20,/collections/wildflowers-of-palestine/2019696122 - master-pnp-matpc-02400-02432u.jpeg,4962,3647,,"botany,floral,flowers,herbs,plant-photography,plants,wildflowers"
008d8e3b-4378-4dbf-a465-412d0540d0d7,Mandrake with fruit (Mandragora officinarum L.),American Colony,ca. 1900–20,/collections/wildflowers-of-palestine/2019696127 - master-pnp-matpc-02400-02437u.jpeg,4941,3675,,"botany,floral,flowers,herbs,plant-photography,plants,wildflowers"
8a9570bd-7ce5-4f2f-9d11-8d41c81e4139,Daisy (Bellis silvestris Cyr.),American Colony,ca. 1900–20,/collections/wildflowers-of-palestine/2019696131 - master-pnp-matpc-02400-02441u.jpeg,4966,3657,,"botany,floral,flowers,herbs,plant-photography,plants,wildflowers"
12a454b2-596a-4aea-a3c4-4ab891774b1a,Field of daisies (Bellis silvestris Cyr.),American Colony,ca. 1900–20,/collections/wildflowers-of-palestine/2019696132 - master-pnp-matpc-02400-02442u.jpeg,5027,3655,,"botany,floral,flowers,herbs,plant-photography,plants,wildflowers"
43b1f8a1-f3e3-4fc7-8dd7-2148aaf0a59e,Field of chamomile (Matricaria Chamomilla L.),American Colony,ca. 1900–20,/collections/wildflowers-of-palestine/2019696134 - master-pnp-matpc-02400-02444u.jpeg,5001,3599,,"botany,floral,flowers,herbs,plant-photography,plants,wildflowers"
05c82cb2-5c57-4d17-8c3a-6c0bd607989e,Field of chrysanthemums (C. coronarium L.),American Colony,ca. 1900–20,/collections/wildflowers-of-palestine/2019696135 - master-pnp-matpc-02400-02445u.jpeg,4937,3732,,"botany,floral,flowers,herbs,plant-photography,plants,wildflowers"
9fe050fe-da28-4191-be9d-054971063d2b,"Chrysanthemum, corn-marigold (C. coronarium L.)",American Colony,ca. 1900–20,/collections/wildflowers-of-palestine/2019696136 - master-pnp-matpc-02400-02446u.jpeg,4981,3658,,"botany,floral,flowers,herbs,plant-photography,plants,wildflowers"
e4f14695-2d39-493f-aa63-f575db02b3da,Globe-thistle (Echinops viscosus L.),American Colony,ca. 1900–20,/collections/wildflowers-of-palestine/2019696138 - master-pnp-matpc-02400-02450u.jpeg,4925,3672,,"botany,floral,flowers,herbs,plant-photography,plants,wildflowers"
2f84ad36-d836-4491-9a85-e4a0cfefec8b,"Globe-thistle, large. (E. sphaerocephalus L.)",American Colony,ca. 1900–20,/collections/wildflowers-of-palestine/2019696139 - master-pnp-matpc-02400-02451u.jpeg,4960,3696,,"botany,floral,flowers,herbs,plant-photography,plants,wildflowers"
cb94664c-8c13-4dd9-ad74-141dd53d2527,Milk-thistle. (Silybum Marianum (L.) Gaertn.),American Colony,ca. 1900–20,/collections/wildflowers-of-palestine/2019696140 - master-pnp-matpc-02400-02452u.jpeg,4962,3703,,"botany,floral,flowers,herbs,plant-photography,plants,wildflowers"
aa537090-2f7e-425e-b738-3105d8891838,Onopordon (cotton-thistle). (O. heteracanthum C. A. M.),American Colony,ca. 1900–20,/collections/wildflowers-of-palestine/2019696141 - master-pnp-matpc-02400-02453u.jpeg,5014,3691,,"botany,floral,flowers,herbs,plant-photography,plants,wildflowers"
b4b997da-8d90-4627-850b-102a3b9ab187,Wild salsify. (Scorzonera papposa DC.),American Colony,ca. 1900–20,/collections/wildflowers-of-palestine/2019696144 - master-pnp-matpc-02400-02456u.jpeg,5008,3653,,"botany,floral,flowers,herbs,plant-photography,plants,wildflowers"
c233938b-05f8-4de7-9d72-3745fafbd5af,Hyacinth squill (Scilla hyacinthoides L.),American Colony,ca. 1900–20,/collections/wildflowers-of-palestine/2019697007 - master-pnp-matpc-05800-05840u.jpeg,5766,4291,,"botany,floral,flowers,herbs,plant-photography,plants,wildflowers"
36c56028-f004-4647-8434-65aaa3f45aea,Gladiolus (G. atroviolaceus Boiss.),American Colony,ca. 1900–20,/collections/wildflowers-of-palestine/2019697008 - master-pnp-matpc-05800-05841u.jpeg,5816,4266,,"botany,floral,flowers,herbs,plant-photography,plants,wildflowers"
2e30342d-9aba-4465-a919-a59e9cce3543,Caper (Capparis spinosa L.),American Colony,ca. 1900–20,/collections/wildflowers-of-palestine/2019697074 - master-pnp-matpc-05800-05843u.jpeg,5816,4272,,"botany,floral,flowers,herbs,plant-photography,plants,wildflowers"
b8fe08ed-b64a-45cf-b4f4-c36397df6941,Field of blue lupines,American Colony,ca. 1900–20,/collections/wildflowers-of-palestine/2019697075 - master-pnp-matpc-05800-05844u.jpeg,5810,4253,,"botany,floral,flowers,herbs,plant-photography,plants,wildflowers"
f213ac85-d9cf-46f8-87de-c0df95c30289,White Mignonette (Reseda alba L),American Colony,ca. 1900–20,/collections/wildflowers-of-palestine/2019701860 - master-pnp-matpc-11400-11449u.jpeg,5842,4310,,"botany,floral,flowers,herbs,plant-photography,plants,wildflowers"
881c26b0-a111-4c0c-9f4c-078437ce0c0a,Gundelia (G. Tournefortii L.),American Colony,ca. 1900–20,/collections/wildflowers-of-palestine/2019696192 - master-pnp-matpc-02400-02449u.jpg,4953,3711,,"botany,floral,flowers,herbs,plant-photography,plants,wildflowers"
591355a5-da2d-4caa-b679-02b46abd91c9,Venus' looking-glass (Specularia sepculum-veneris),American Colony,ca. 1900–20,/collections/wildflowers-of-palestine/2019702024 - master-pnp-matpc-11700-11708u.jpeg,3811,5374,,"botany,floral,flowers,herbs,plant-photography,plants,wildflowers"
4a89a4ff-1204-407e-bc08-c95141f3213d,Tulip (Tulipa Montana Lindl),American Colony,ca. 1900–20,/collections/wildflowers-of-palestine/2019702079 - master-pnp-matpc-11600-11654u.jpeg,3870,5388,,"botany,floral,flowers,herbs,plant-photography,plants,wildflowers"
8ae10dc2-258e-4f87-937e-a239fff48f04,[Unnamed flower],American Colony,ca. 1900–20,/collections/wildflowers-of-palestine/2019705190 - master-pnp-matpc-15000-15000u.jpeg,3753,5277,,"botany,floral,flowers,herbs,plant-photography,plants,wildflowers"
e12ae410-f8a0-4a8d-bcc0-3282e6464808,Field of yellow carrot (Daucus aureus Desf.),American Colony,ca. 1900–20,/collections/wildflowers-of-palestine/2019705227 - master-pnp-matpc-15000-15049u.jpeg,3514,3482,,"botany,floral,flowers,herbs,plant-photography,plants,wildflowers"
0b93bf14-76df-4fed-9038-1774fbe8fa65,"Gladiolus, Cornflag (G. segetum Gawl)",American Colony,ca. 1900–20,/collections/wildflowers-of-palestine/2019705230 - master-pnp-matpc-15000-15052u.jpeg,3508,3488,,"botany,floral,flowers,herbs,plant-photography,plants,wildflowers"
002beabc-a4d4-48dc-9641-541b84babab8,Papaver Syriacum Boiss. Etbl,American Colony,ca. 1900–20,/collections/wildflowers-of-palestine/2019700644 - master-pnp-matpc-10100-10188u.jpg,5847,4335,,"botany,floral,flowers,herbs,plant-photography,plants,wildflowers"
35c968be-e400-49ab-8416-8a3e0e0142bc,Romulea (R. Bulbocodium (L.) Seb. et Mauri),American Colony,ca. 1900–20,/collections/wildflowers-of-palestine/2019696085 - master-pnp-matpc-02300-02399u.jpeg,5002,3727,,"botany,floral,flowers,herbs,plant-photography,plants,wildflowers"
9f01bb0e-a7ec-4301-b332-b8337a4814e4,Anemone,American Colony,ca. 1900–20,/collections/wildflowers-of-palestine/2019700651 - master-pnp-matpc-10200-10208u.jpeg,5791,4273,,"botany,floral,flowers,herbs,plant-photography,plants,wildflowers"
af8b62bc-c23b-4c85-97d3-af3d11251550,Yellow amaryllis (Sternbergia Clusiana Gawl),American Colony,ca. 1900–20,/collections/wildflowers-of-palestine/2019696082%20-%20master-pnp-matpc-02300-02396u.jpeg,5044,3647,,"botany,floral,flowers,herbs,plant-photography,plants,wildflowers"
cbe2ff3a-d083-4bb4-9a41-ccebd7fea9c8,Gundelia (G. Tournefortii L.),American Colony,ca. 1900–20,/collections/wildflowers-of-palestine/2019696192%20-%20master-pnp-matpc-02400-02449u.jpg,4953,3711,,"botany,floral,flowers,herbs,plant-photography,plants,wildflowers"
17d2b982-e08b-4b13-8c8a-1f76651b7131,,Anne Allen; Jean-Baptiste Pillement,ca. 1790s,/collections/chinese-arabesques/40092_0df19a8f49d45b59_o-edit.jpeg,3256,4412,,plants
3c3e7323-bd34-4efa-bdb8-53cc11d8484b,,Anne Allen; Jean-Baptiste Pillement,ca. 1790s,/collections/chinese-arabesques/40088_5c52b0e3b694a146_o-edit.jpeg,3140,4260,,"foliage,plants"
9d8f2ec6-cc4c-4324-8072-eabd225a1c9d,,Anne Allen; Jean-Baptiste Pillement,ca. 1790s,/collections/chinese-arabesques/40089_481bde4b08829cfc_o-edit.jpeg,3252,4344,,"flowers,gardens,plants"
a12b1e66-e6bc-4c7f-ae36-1ab4bc46fd24,,Anne Allen; Jean-Baptiste Pillement,ca. 1790s,/collections/chinese-arabesques/40091_282260_f8f9c80bf9020a48_x-edit.jpeg,1740,2354,,plants
a9f2f6f8-b83e-428a-b83c-268a57224fe5,,Anne Allen; Jean-Baptiste Pillement,ca. 1790s,/collections/chinese-arabesques/40099_df6157ad310b06c2_o-edit.jpeg,3305,4488,,"gardens,plants"
d1d460eb-e2a6-49ff-839d-bcf7bce2db58,,Anne Allen; Jean-Baptiste Pillement,ca. 1790s,/collections/chinese-arabesques/40096_67b38a8fe4aa72a7_o-edit.jpeg,3292,4480,,"flowers,gardens,plants"
d499b8dc-4fb1-4801-a1a5-a1a65fc405da,,Anne Allen; Jean-Baptiste Pillement,ca. 1790s,/collections/chinese-arabesques/40098_9f701ad9565f3385_o-edit.jpeg,3340,4472,,"foliage,gardens,plants"
13746682-5d91-43c7-994d-e81b7fb4d354,"Oversize LJS 419 Erbario (University of Pennsylvania), ca. 1400–1500, f. 39v.",,ca. 15th century,/collections/mandrakes/mandrake-00008.jpg,2700,3396,,"herbals,plants"
27e3f74a-59de-429d-ab57-2d343959d713,"Antonius Musa, *Herbal*, MS.573 (Wellcome), ca. 1225–1275, f. 35v.",,ca. 1225-1275,/collections/mandrakes/mandrake-00069.jpeg,3180,3003,,"herbals,plants"
3cb95ea8-a82a-4326-8447-6639a40c4ea2,"*Ortus sanitatis*, 9413026 (NLM), 1491, p. 254.",,1491,/collections/mandrakes/mandrake-00038.jpeg,1248,1752,,"herbals,plants"
520c6fca-af0c-40ba-af2e-d9f4c6f384c9,"*[O]fft vnd vil habe ich by mir selbst betracht die wu[n]dersam werck des schepfers der natuer...*, 9412223 (National Library of Medicine), 1485, p. 415.",,1485,/collections/mandrakes/mandrake-00012.jpeg,2428,3708,,"herbals,plants"
549c8edb-0bbf-49d5-8f07-7242f46baf8b,"RARE RBR N-2-1 (Dumbarton Oaks Research Library), ca. 1700–1799, p. 1.",,ca. 1700-99,/collections/mandrakes/mandrake-00014.jpg,4556,2940,,"herbals,plants"
630b0b88-19c6-40ab-8885-344d34b38e24,"Engraving from *Atlas géographique et iconographique du cours complet d'Écriture sainte*, 1844.",,1844,/collections/mandrakes/mandrake-00071.jpg,2684,3718,,"herbals,plants"
7db05e35-fc18-48ba-8d4a-0405823edd40,"*Herbarium Apuleii*, Ms. 18 (Yale Medical Library), ca. 1400, p. 82.",,ca. 1400,/collections/mandrakes/mandrake-00041.jpeg,2100,2178,,"herbals,plants"
73f94376-dbf4-4f9f-b00d-862cff23dba6,"Oversize LJS 419 Erbario (University of Pennsylvania), ca. 1400–1500, f. 38v.",,ca. 15th century,/collections/mandrakes/mandrake-00007.jpg,2744,3024,,"herbals,plants"
7efc5a90-7cc3-41f0-a77c-0f9d33f31415,"Engraving based on plates 1 and 2 from Augustin Calmet, *Dictionnaire historique, critique, chronologique, géographique et littéral de la Bible*, 1730.",,1730,/collections/mandrakes/mandrake-00073.jpg,2364,3464,,"herbals,plants"
a235530e-9f14-4bf1-9764-080f7bad6a41,"Johannes Hartlieb’s *Kräuterbuch*, 2021667734 (LoC), 1462, image 220.",,1472,/collections/mandrakes/mandrake-00029.jpeg,3648,4552,,"herbals,plants"
b877134b-14ee-47c8-bc5f-c8e83a76447d,"Oversize LJS 419 Erbario (University of Pennsylvania), ca. 1400–1500, f. 36r.",,ca. 15th century,/collections/mandrakes/mandrake-00006.jpg,2528,2828,,"herbals,plants"
cbf35082-035e-4c53-8ddb-4f984ea0fe7c,"Sloane MS 1975 (BL), ca. 1175–1200, f. 49r.",,ca. 1175-1200,/collections/mandrakes/mandrake-00064.jpeg,995,1749,,"herbals,plants"
c06c3e6c-d8bc-4737-9c2a-443febaa0f0e,"*Ortus sanitatis*, 9413026 (NLM), 1491, p. 256.",,1491,/collections/mandrakes/mandrake-00039.jpg,1293,1743,,"herbals,plants"
da9efbce-efab-4c81-a6e7-dbcab605618e,"*[O]fft vnd vil habe ich by mir selbst betracht die wu[n]dersam werck des schepfers der natuer...*, 9412223 (National Library of Medicine), 1485, p. 417.",,1485,/collections/mandrakes/mandrake-00013.jpeg,2288,3496,,"herbals,plants"
d35e8600-2930-42b3-a270-64f073015c0b,"Harley MS 3736 (BL), ca. 16th century, f. 59r.",,ca. 16th century,/collections/mandrakes/mandrake-00051.jpg,1212,1708,,"herbals,plants"
f2ca51e1-420a-4637-b1d5-8e881821f1ef,"Cod. 5264 (Österreich Nationalbibliothek), ca. 1450, f. 58v.",,ca. 1450,/collections/mandrakes/mandrake-00043.jpg,2332,2977,,"herbals,plants"
f0a2fb76-d520-4f51-91d8-2bee780e7626,"Johannes Hartlieb, *Kräuterbuch*, in Cod. Pal. germ. 311 (Universitätsbibliothek Heidelberg), ca. 1455–1460, f. 289v.",,ca. 1455–60,/collections/mandrakes/mandrake-00022.jpg,1088,1528,,"herbals,plants"
e9db8577-36c5-4340-b23c-7be8008ab933,The Gardener at Work,Paul Krafft,1907,/collections/capital-and-labor/capitallabor00harr_0103.jpeg,2218,3351,,"gardens,plants"
27094324-7b18-46d5-b75b-19dd297e1c8a,Villa Chigi,Maxwell Armfield,1904,/collections/edith-wharton-italian-villas/italianvillast00whar_0173-edit.jpeg,2838,4068,,"gardens,plants,trees"
18e95d33-e700-4e1f-8308-2558f3ca68f4,,Maria Sibylla Merian,1705,/collections/merian-metamorphosis/Merian_Metamorphosis_00035.jpg,3568,4624,,"flora,flowers,leaves,plants"
1444ec59-7cb9-4799-8377-6c52064bdc30,,Maria Sibylla Merian,1705,/collections/merian-metamorphosis/Merian_Metamorphosis_00019.jpg,3664,5048,,"flora,flowers,plants"
4ae6bfe6-a778-4fe6-861d-40f968592ff0,,Maria Sibylla Merian,1705,/collections/merian-metamorphosis/Merian_Metamorphosis_00040.jpg,3632,4712,,"flora,flowers,plants"
5ef2f729-b5b0-4526-b75a-9178da9d74b3,,Maria Sibylla Merian,1705,/collections/merian-metamorphosis/Merian_Metamorphosis_00013.jpg,4016,5240,,"flora,flowers,leaves,plants"
62a1b824-c85a-4847-a363-c57f6cd462c8,,Maria Sibylla Merian,1705,/collections/merian-metamorphosis/Merian_Metamorphosis_00005.jpg,3902,4952,,"flora,flowers,plants"
7bf94a69-714f-4db9-99ea-c411c802b333,,Maria Sibylla Merian,1705,/collections/merian-metamorphosis/Merian_Metamorphosis_00034.jpg,3552,4632,,"botany,flora,flowers,plants"
7a96d0bd-214a-4a59-b515-9c3d3bc07036,,Maria Sibylla Merian,1705,/collections/merian-metamorphosis/Merian_Metamorphosis_00014.jpg,3648,4912,,"flora,flowers,plants"
970804cd-a593-4165-8cc0-ef4257298f5f,,Maria Sibylla Merian,1705,/collections/merian-metamorphosis/Merian_Metamorphosis_00036.jpg,3648,5312,,"flora,flowers,leaves,plants"
0f8cfbb4-9625-4ebe-ba88-7f906e0c17ff,,Maria Sibylla Merian,1705,/collections/merian-metamorphosis/Merian_Metamorphosis_00027.jpg,3432,4424,,"flora,flowers,plants"
0b96d3ac-8cf3-4ffd-865f-f906a2fd7962,,Maria Sibylla Merian,1705,/collections/merian-metamorphosis/Merian_Metamorphosis_00007.jpg,3561,4728,,"flora,flowers,plants"
a2e530a5-a211-4463-bd51-6a508ef0d80e,,Maria Sibylla Merian,1705,/collections/merian-metamorphosis/Merian_Metamorphosis_00018.jpg,3481,4496,,"flora,flowers,plants"
a4604f29-c388-45a7-ae47-34b465b86947,,Maria Sibylla Merian,1705,/collections/merian-metamorphosis/Merian_Metamorphosis_00015.jpg,3744,5176,,"flora,flowers,leaves,plants"
bc50421e-5689-4211-b117-c2428427f67b,,Maria Sibylla Merian,1705,/collections/merian-metamorphosis/Merian_Metamorphosis_00042.jpg,3360,4488,,"flora,flowers,leaves,plants"
e9a970df-cf9b-4df5-af08-5c1fec6dba9d,,Maria Sibylla Merian,1705,/collections/merian-metamorphosis/Merian_Metamorphosis_00004.jpg,3848,5048,,"flora,flowers,plants"
613d6da6-46ab-4e5d-b762-bdc5f2a5cc7e,German Ostrich Fern Frond,Karl Blossfeldt,1928,/shop/blossfeldt-urformen-00008.jpg,1153,1500,,plants
ba639772-d92c-4203-ad02-890d443598da,American Maiden-hair Fern Fronds,Karl Blossfeldt,1928,/shop/blossfeldt-urformen-00010.jpg,1153,1500,,"botany,plants"
96ec284a-e264-4899-b242-0185be727617,Prickly Shield–Fern,Karl Blossfeldt,1928,/shop/blossfeldt-urformen-00006.jpg,1153,1500,,plants
4b94801d-9ae1-4dc9-be0f-e642cd5256c7,,Madame B,ca. 1870s,/collections/madame-b-album/madame-b-album-00052.jpeg,3000,2116,,plants
5b65d210-4ff9-457e-8452-388e390ef597,,Madame B,ca. 1870s,/collections/madame-b-album/madame-b-album-00054.jpeg,3000,2065,,plants
83a13562-633b-4142-84cc-705a13e694d1,"“I expand and live in the warm day, like corn & melons”",C. P. Cranch,ca. 1837–9,/collections/cranch-new-philosophy/cranch-philosophy-3.jpg,2398,3064,,"foliage,plants"
66e534ea-3a5c-4609-a64c-698c8a820367,Pine-Tuft Caterpillar and Porcelain-White Spider,Gerald H. Thayer,1909,/collections/concealing-coloration/concealing-coloration-16.jpg,1192,1500,,"leaves,plants,trees"
a95d4dbb-d98a-46e2-bfe9-46345ddf8968,"Various caterpillars, some passing for the leaves on which they are feeding",Gerald H. Thayer,1909,/collections/concealing-coloration/concealing-coloration-13.jpg,1164,1500,,"leaves,plants,trees"
c94d802f-9b09-49a3-8686-8f73107954b8,Luna Caterpillar and Sphinx Caterpillar,Gerald H. Thayer,1909,/collections/concealing-coloration/concealing-coloration-12.jpg,1217,1500,,"leaves,plants,trees"
d37020b7-3aeb-4837-b60d-737f123ddd90,"Unspotted Beach-Leaf-Edge , Oak-Leaf-Edge, and Crumpled-and-Withered-Leaf-Edge-Mimicking Caterpillars.",Gerald H. Thayer,1909,/collections/concealing-coloration/concealing-coloration-14.jpg,1127,1500,,"leaves,plants,trees"
e1d6fd35-4dec-4296-a0b7-491040470854,"Crumped-Leaf Caterpillar and Curled-Dead-Leaf-Mimicking Sphinx Caterpillar, in Position",Gerald H. Thayer,1909,/collections/concealing-coloration/concealing-coloration-15.jpg,1299,1500,,"leaves,plants,trees"
d737afae-a17a-4aea-baf8-f5fc7c324fba,The circumnutation of a young carnation leaf (_Dianthus caryophyllus_) across a three-day period in June,Charles Darwin,1896,/essays/darwins-diagrams-of-plant-movement/01-powerofmovementi00darw_0247-edit-2.jpeg,861,659,,plants
1409a0d7-3da4-464e-92fc-13194b00eaf5,"An ivory sarcophagus, containing two perfectly preserved corpses",,1499,/essays/hypnerotomachia-poliphili/08-rbsc_hypnerotomachia-poliphili_foliolncun1499Colonna_0267-edit.jpeg,1632,1260,,plants
565dd9e7-2d08-490d-8595-b1f5b4e6c70e,,John Bingley Garland,ca. 1850–60,/collections/garland-blood-collages/blood-book-11.jpg,1826,1382,,plants
60f84a4e-1bfb-4d51-9b76-45a723c80e72,,John Bingley Garland,ca. 1850–60,/collections/garland-blood-collages/blood-book-40.jpg,1848,1519,,plants
7fdca472-48e7-4e96-880a-82e45b6f1ff1,,John Bingley Garland,ca. 1850–60,/collections/garland-blood-collages/blood-book-36.jpg,1864,1527,,plants
087bfab4-57f2-4eb6-8839-6a7ae97e64da,,John Bingley Garland,ca. 1850–60,/collections/garland-blood-collages/blood-book-26.jpg,1849,1478,,"flowers,plants"
2ce7983d-f7f1-45a5-ac5f-2c09aa337f76,Ivy; Silver Poplar,,1864,/collections/phantom-flowers/phantom-flowers-3.jpg,811,1400,,"botany,flowers,leaves,plants"
4b497307-9ecf-458a-91d4-5ec4d1b05828,Magnolia Glauca,,1864,/collections/phantom-flowers/phantom-flowers-2.jpg,806,1400,,"botany,flowers,leaves,plants"
5380d423-21bf-4823-819c-d06857669f68,"Holly; Hydrangea Hortensia; Hydrangea Quercifolia, or Oak-Leaved Hydrangea",,1864,/collections/phantom-flowers/phantom-flowers-8.jpg,879,1400,,"botany,flowers,leaves,plants"
5fee26fa-c19b-4a2e-a048-b5ee18dd8127,Norway Maple (*Acer platanoides*); English Ash,,1864,/collections/phantom-flowers/phantom-flowers-5.jpg,875,1400,,"botany,flowers,leaves,plants"
9f25a949-1871-4ec9-8448-742044d8f7bd,"Dwarf Pear; Everlasting Pea, or Chichling Vetch (*Lathyrus*)",,1864,/collections/phantom-flowers/phantom-flowers-7.jpg,878,1400,,"botany,flowers,leaves,plants"
0a639905-71c1-4a06-8791-c8fcc214deb7,Willow; Ivy,,1864,/collections/phantom-flowers/phantom-flowers-9.jpg,883,1400,,"botany,flowers,leaves,plants"
a1f1399b-0ec1-47b5-a355-27d02d29e3a3,American Swamp Magnolia (*Magnolia glauca*); Wild Hop (*Ptelia trifoliata*); Silver Poplar (*Abele*),,1864,/collections/phantom-flowers/phantom-flowers-4.jpg,876,1400,,"botany,flowers,leaves,plants"
b43cd33e-c575-406d-9d28-a74f74ef9329,"European Sycamore (*Acer pseudo-platanus*); Rose; Deutzia Scabra, or Rough-Leaved Deutzia",,1864,/collections/phantom-flowers/phantom-flowers-6.jpg,887,1400,,"botany,flowers,leaves,plants"
bbe8766d-5ca1-469e-8a64-8300e8dae4f6,Stramonium,,1864,/collections/phantom-flowers/phantom-flowers-1.jpg,792,1400,,"botany,flowers,leaves,plants"
c77f4763-474a-42a2-9d61-25a69a5c8c84,Maple Leaves in a Bubble,,1878,/collections/visualising-bubbles/soap-bubble-52.jpg,1451,1400,,plants
249950a7-f3e5-4b03-b990-dcfec48d317e,Creation,,ca. 1330,/collections/holkham-bible/holkham-bible-2.jpeg,920,1247,,plants
a6253a0c-726e-4e9e-ba9a-7519e5b1c93f,The first five signs before Judgement Day,,ca. 1330,/collections/holkham-bible/holkham-bible-38.jpeg,959,1313,,plants
16963d0f-a2c3-42c2-8ce2-250749727520,"“Annie Kittridge and Grace, March 1899.”",Theresa Babb,1899,/collections/babb-photographs/Babb-29.jpg,1388,1400,,plants
135b004c-5adf-4d3b-a3b8-a0b6da88f5e2,Kimono design,Ueno Seikō,ca. 1902,/collections/unkindo-kimono-designs/yachigusav15ueno_0015.jpeg,698,958,,"flora,plants"
785c6395-2603-4d89-9245-5d7623506bf2,Kimono design,Ueno Seikō,ca. 1902,/collections/unkindo-kimono-designs/yachigusav8ueno_0011.jpeg,696,976,,"flowers,foliage,plants"
49963a97-c9ec-4715-83fc-9326d51ceb22,,Martin Gerlach,1897,/collections/martin-gerlach-festons/RP-F-2002-21-3-30.jpg,1031,1400,,plants
4da52d51-632d-4bb0-bda4-0d1706ab9e44,,Martin Gerlach,1897,/collections/martin-gerlach-festons/RP-F-2002-21-3-17.jpg,1036,1400,,plants
4a569767-27a1-4f7d-96d2-be7eba8c40cb,,Martin Gerlach,1897,/collections/martin-gerlach-festons/RP-F-2002-21-2-23.jpg,1400,1043,,"botany,flora,plants"
4ccc9345-9b7f-4efc-bd26-be6847dfa3b1,,Martin Gerlach,1897,/collections/martin-gerlach-festons/RP-F-2002-21-2-11.jpg,1400,1037,,"flora,flowers,plants"
448be463-ef81-4ac2-9b18-abddecd06123,,Martin Gerlach,1897,/collections/martin-gerlach-festons/RP-F-2002-21-1-30.jpg,1039,1400,,"botany,flora,leaves,plants"
49bc82f8-e1af-4f0d-97b9-060c1411aa86,,Martin Gerlach,1897,/collections/martin-gerlach-festons/RP-F-2002-21-1-5.jpg,1400,1015,,"floral,plants"
67a3fe22-56bd-4e28-a231-275dc3df3247,,Martin Gerlach,1897,/collections/martin-gerlach-festons/RP-F-2002-21-2-18.jpg,1400,1035,,plants
6630d5fa-8720-440f-8ad1-df0491e05456,,Martin Gerlach,1897,/collections/martin-gerlach-festons/RP-F-2002-21-2-16.jpg,1023,1400,,"botany,flora,foliage,plants"
6242c9f3-6267-40c5-a1b4-889045472b21,,Martin Gerlach,1897,/collections/martin-gerlach-festons/RP-F-2002-21-1-6.jpg,1047,1400,,"botany,floral,leaves,plants"
80768347-22b3-402a-9491-8cfeedf7b30d,,Martin Gerlach,1897,/collections/martin-gerlach-festons/RP-F-2002-21-2-22.jpg,1043,1400,,"botany,flora,flowers,plants"
92072e6b-ed02-4262-b1e0-a9918b8aeb60,,Martin Gerlach,1897,/collections/martin-gerlach-festons/RP-F-2002-21-1-22.jpg,1040,1400,,"flowers,plants"
0dcea6ba-a5cc-4ded-8e53-9bf13c3895fb,,Martin Gerlach,1897,/collections/martin-gerlach-festons/RP-F-2002-21-3-2.jpg,1042,1400,,plants
0ff2e483-ee33-4fd4-91c0-617c08bf2126,,Martin Gerlach,1897,/collections/martin-gerlach-festons/RP-F-2002-21-2-19.jpg,1043,1400,,"leaves,plants"
a4965fb7-dc8c-43b1-8c22-7ae0d84ee068,,Martin Gerlach,1897,/collections/martin-gerlach-festons/RP-F-2002-21-4-4.jpg,1035,1400,,"botany,leaves,plants"
a2f6f5db-9819-4628-84c5-1d96ca7b85b0,,Martin Gerlach,1897,/collections/martin-gerlach-festons/RP-F-2002-21-2-4.jpg,1400,1027,,"botany,flowers,leaves,plants"
afded7a3-24b3-473f-bef4-9d0d750ba016,,Martin Gerlach,1897,/collections/martin-gerlach-festons/RP-F-2002-21-1-7.jpg,1044,1400,,plants
c91e4a94-3acb-4196-8c0e-2fa7914c039d,,Martin Gerlach,1897,/collections/martin-gerlach-festons/RP-F-2002-21-3-29.jpg,1400,1037,,plants
c07dc4b2-351c-4330-b563-e976fc76f9b2,,Martin Gerlach,1897,/collections/martin-gerlach-festons/RP-F-2002-21-2-10.jpg,1043,1400,,"botany,flowers,plants"
d2dd3c1b-a6ad-4355-9e5a-12c723895ca5,,Martin Gerlach,1897,/collections/martin-gerlach-festons/RP-F-2002-21-3-7.jpg,1041,1400,,"botany,flora,flowers,plants"
d6532070-2f97-435e-a4d7-a159694f2e70,,Martin Gerlach,1897,/collections/martin-gerlach-festons/RP-F-2002-21-2-5.jpg,1041,1400,,plants
eb043f0e-c111-4382-834f-73135cd41eda,,Martin Gerlach,1897,/collections/martin-gerlach-festons/RP-F-2002-21-2-2.jpg,1039,1400,,"flora,flowers,plants"
f0dfcff6-6472-4cfd-b7fe-3cc2d7b9d7da,,Martin Gerlach,1897,/collections/martin-gerlach-festons/RP-F-2002-21-4-16.jpg,1400,1036,,"foliage,plants"
f7f95689-4826-45a0-b88b-ed0e12f22c3d,,Martin Gerlach,1897,/collections/martin-gerlach-festons/RP-F-2002-21-3-19.jpg,1038,1400,,plants
8546884c-248b-469d-9d26-719d5af8990b,"A Caught Tendril of *Bryonia dioica*, Spirally Contracted in Reversed Directions",James Bell Pettigrew,1875,"/essays/the-spiralist/C._Darwin,_The_movements...climbing_plants._Wellcome_L0028188-edit.jpg",1400,728,,plants
487f08a5-6ec2-4ba9-b628-e39f0322a468,Advertisement for Franklin Barrett's Fish,,1913,/essays/propagating-propaganda/aquarium271913phil_0002-edit.jpg,2448,3576,,plants
a53a0f4b-6ceb-43db-a288-1377afc58367,Full Moon with White Rabbit,Ohara Koson,ca. 1920,/shop/nov-2020-prints-new-00014.jpg,551,1000,,plants
48723d73-7a83-4024-bcf8-e60495fc3865,,Elias Ashmole,1652,/collections/theatrum-chemicum/theatrumchemicum00ashm_0374.jpg,1192,1200,,plants
122b5fc7-fd1f-4f6c-9050-cbe07139c481,,,15th century,/collections/erbario-15th-century-herbal/erbario-00056.jpeg,797,1148,,"flora,herbals,leaves,plants"
171ad29c-4ba0-4cb7-adac-31fdc8b026d4,,,15th century,/collections/erbario-15th-century-herbal/erbario-00024.jpeg,814,1140,,"flora,herbals,leaves,plants"
2aa30ebc-36c2-4f5b-ab35-1c1e0b77f5be,,,15th century,/collections/erbario-15th-century-herbal/erbario-00052.jpeg,793,1152,,"flora,herbals,leaves,plants"
21feba49-ed7e-4e1b-906f-78f6dad07d6c,,,15th century,/collections/erbario-15th-century-herbal/erbario-00032.jpeg,650,942,,"flora,herbals,leaves,plants"
2f59126d-9d2f-4051-bec3-bfda73daabdd,,,15th century,/collections/erbario-15th-century-herbal/erbario-00015.jpeg,835,1146,,"flora,herbals,leaves,plants"
302902d5-7114-4311-8e4d-2400d61deed7,,,15th century,/collections/erbario-15th-century-herbal/erbario-00057.jpeg,786,1147,,"flora,herbals,leaves,plants"
36bf945c-2fe7-48d0-be30-366eb43e3c32,,,15th century,/collections/erbario-15th-century-herbal/erbario-00051.jpeg,793,1154,,"flora,herbals,leaves,plants"
3073c28b-9cf7-441f-a5a8-5a7f4abf2ee9,,,15th century,/collections/erbario-15th-century-herbal/erbario-00045.jpeg,644,845,,"flora,herbals,leaves,plants"
32de6398-ad46-42a2-8a91-159efc3c2c25,,,15th century,/collections/erbario-15th-century-herbal/erbario-00006.jpeg,822,1135,,"flora,herbals,leaves,plants"
42fb6bc1-a24b-42ee-a43a-0410aa931f46,,,15th century,/collections/erbario-15th-century-herbal/erbario-00048.jpeg,798,1146,,"flora,herbals,leaves,plants"
4f51d38b-2c6c-4a86-996e-8805373d96fb,,,15th century,/collections/erbario-15th-century-herbal/erbario-00035.jpeg,670,725,,"flora,herbals,leaves,plants"
4b56f7cb-7a80-48ab-9aaa-d9b8f6659dcd,,,15th century,/collections/erbario-15th-century-herbal/erbario-00001.jpeg,892,1104,,"flora,herbals,leaves,plants"
54b5cf0f-2b02-409d-97ab-0ed68010481a,,,15th century,/collections/erbario-15th-century-herbal/erbario-00059.jpeg,1153,1271,,"flora,herbals,leaves,plants"
52382435-e904-4a96-b923-1ab4121a2c11,,,15th century,/collections/erbario-15th-century-herbal/erbario-00043.jpeg,742,868,,"flora,herbals,leaves,plants"
5817965b-cc5e-476d-819a-db245234cf06,,,15th century,/collections/erbario-15th-century-herbal/erbario-00014.jpeg,818,1139,,"flora,herbals,leaves,plants"
60217872-9bdb-4e13-a706-81d0a57ab34c,,,15th century,/collections/erbario-15th-century-herbal/erbario-00047.jpeg,813,1058,,"flora,herbals,leaves,plants"
6405b33a-f7a7-41fb-8a2b-2a074ff0d338,,,15th century,/collections/erbario-15th-century-herbal/erbario-00016.jpeg,754,922,,"flora,herbals,leaves,plants"
656567fd-cc45-4df1-af5c-932efef59aea,,,15th century,/collections/erbario-15th-century-herbal/erbario-00005.jpeg,2634,3018,,"flora,herbals,leaves,plants"
64d572fe-7c98-4dc0-85ff-6ea510bb5326,,,15th century,/collections/erbario-15th-century-herbal/erbario-00004.jpeg,2744,3828,,"flora,herbals,leaves,plants"
7d5d68c7-a9af-478c-8a4a-0eea0eb02ef8,,,15th century,/collections/erbario-15th-century-herbal/erbario-00055.jpeg,807,1160,,"flora,herbals,leaves,plants"
73fc623d-dd23-402e-958d-c8ecb7b5e06b,,,15th century,/collections/erbario-15th-century-herbal/erbario-00044.jpeg,900,932,,"herbals,plants"
782f80ab-bac3-42e1-90c0-233a89bccdb4,,,15th century,/collections/erbario-15th-century-herbal/erbario-00025.jpeg,738,905,,"flora,herbals,leaves,plants"
80404445-8e71-427b-bf9b-888385d69208,,,15th century,/collections/erbario-15th-century-herbal/erbario-00029.jpeg,732,725,,"flora,herbals,leaves,plants"
87537495-ac07-4f1c-b2fa-62aed79452cb,,,15th century,/collections/erbario-15th-century-herbal/erbario-00023.jpeg,737,871,,"flora,herbals,leaves,plants"
88d689b4-38e5-473f-b6cc-b9a54eb766a2,,,15th century,/collections/erbario-15th-century-herbal/erbario-00007.jpeg,755,807,,"flora,herbals,leaves,plants"
920d10c7-84be-4e9d-8ab0-10875589f52c,,,15th century,/collections/erbario-15th-century-herbal/erbario-00041.jpeg,736,809,,"flora,herbals,leaves,plants"
95e93ef4-a349-4dbd-99db-361f274507c2,,,15th century,/collections/erbario-15th-century-herbal/erbario-00036.jpeg,776,920,,"flora,herbals,leaves,plants"
9b70f6e4-7702-4cd6-b083-d25a5dfec9a4,,,15th century,/collections/erbario-15th-century-herbal/erbario-00034.jpeg,738,955,,"herbals,plants"
96280fdf-0cc1-4331-b551-948df26df7ea,,,15th century,/collections/erbario-15th-century-herbal/erbario-00031.jpeg,710,807,,"flora,herbals,leaves,plants"
97728d22-ac87-472d-a1de-22e778b75d69,,,15th century,/collections/erbario-15th-century-herbal/erbario-00022.jpeg,732,835,,"flora,herbals,leaves,plants"
96e834d5-e4a5-4f5d-81af-7bbc8687a5ce,,,15th century,/collections/erbario-15th-century-herbal/erbario-00013.jpeg,804,1015,,"flora,herbals,leaves,plants"
98f011c2-cfe6-4b6d-afc0-fc0d4e19da1c,,,15th century,/collections/erbario-15th-century-herbal/erbario-00012.jpeg,810,863,,"flora,herbals,leaves,plants"
9b77752c-45fe-4b69-ba6d-44a02f324c2c,,,15th century,/collections/erbario-15th-century-herbal/erbario-00010.jpeg,829,1142,,"flora,herbals,leaves,plants"
03da2826-f086-4f11-b547-ed27b53b4030,,,15th century,/collections/erbario-15th-century-herbal/erbario-00021.jpeg,805,732,,"flora,herbals,leaves,plants"
affd4b2c-d193-4805-9eb3-ad6398a783cc,,,15th century,/collections/erbario-15th-century-herbal/erbario-00028.jpeg,900,1162,,"herbals,plants"
aeeee708-d909-47b5-8422-b70b491bded7,,,15th century,/collections/erbario-15th-century-herbal/erbario-00040.jpeg,758,982,,"flora,herbals,leaves,plants"
aea6160b-a1cc-45b1-9fc3-08177c69129c,,,15th century,/collections/erbario-15th-century-herbal/erbario-00039.jpeg,759,815,,"flora,herbals,leaves,plants"
a6c7f3d7-1fcb-45ff-855c-6de9c901ac24,,,15th century,/collections/erbario-15th-century-herbal/erbario-00030.jpeg,800,715,,"flora,herbals,leaves,plants"
a84cac4e-3ea3-4e27-9081-0e50d1dcc3b5,,,15th century,/collections/erbario-15th-century-herbal/erbario-00027.jpeg,786,923,,"flora,herbals,leaves,plants"
af2cf9f5-3695-4723-bf96-e7d5f9b7e5b1,,,15th century,/collections/erbario-15th-century-herbal/erbario-00017.jpeg,743,840,,"flora,herbals,leaves,plants"
a893802c-c731-429e-a11d-61b0ccc55ad9,,,15th century,/collections/erbario-15th-century-herbal/erbario-00008.jpeg,827,1138,,"flora,herbals,leaves,plants"
bdf3d8e4-4c3b-4255-96b3-96ccb5666e38,,,15th century,/collections/erbario-15th-century-herbal/erbario-00058.jpeg,791,1158,,"flora,herbals,leaves,plants"
b12a3d73-9d3e-4ee2-88c6-1839e2714f81,,,15th century,/collections/erbario-15th-century-herbal/erbario-00054.jpeg,790,1154,,"flora,herbals,leaves,plants"
bdf66f8e-ef77-402b-ab4e-45ea26ebe48e,,,15th century,/collections/erbario-15th-century-herbal/erbario-00050.jpeg,801,1149,,"flora,herbals,leaves,plants"
b8708ead-d8ea-4cb5-853f-23344d500c6f,,,15th century,/collections/erbario-15th-century-herbal/erbario-00049.jpeg,814,1018,,"flora,herbals,leaves,plants"
be48331f-3f99-4bde-a6f5-c3e7f087835b,,,15th century,/collections/erbario-15th-century-herbal/erbario-00046.jpeg,802,1106,,"flora,herbals,leaves,plants"
b6a5ea15-2d90-437b-ba1d-0f606311f6ae,,,15th century,/collections/erbario-15th-century-herbal/erbario-00002.jpeg,2538,2644,,"flora,herbals,leaves,plants"
c112f270-1f4c-4038-bcec-6d55fdabb6d3,,,15th century,/collections/erbario-15th-century-herbal/erbario-00038.jpeg,762,1093,,"flora,herbals,leaves,plants"
ceeac115-937d-4b6a-9f84-ddb1d060242d,,,15th century,/collections/erbario-15th-century-herbal/erbario-00026.jpeg,807,1133,,"flora,herbals,leaves,plants"
c3490d70-5017-449e-8027-e8ffd8b13212,,,15th century,/collections/erbario-15th-century-herbal/erbario-00020.jpeg,742,828,,"flora,herbals,leaves,plants"
c67ebdbc-c156-4cb7-80b5-4527b4ba1b0a,,,15th century,/collections/erbario-15th-century-herbal/erbario-00019.jpeg,824,1133,,"flora,herbals,leaves,plants"
c73e681a-5cf9-490c-b3ba-048be21e6d7b,,,15th century,/collections/erbario-15th-century-herbal/erbario-00018.jpeg,759,816,,"flora,herbals,leaves,plants"
d46b2842-6363-44b7-a498-2d111753eda0,,,15th century,/collections/erbario-15th-century-herbal/erbario-00033.jpeg,733,921,,"flora,herbals,leaves,plants"
dcdbc6e8-39b9-4787-8156-83a5c2b7d211,,,15th century,/collections/erbario-15th-century-herbal/erbario-00003.jpeg,2208,2702,,"flora,herbals,leaves,plants"
e6cb2aaa-6833-41f2-9a9b-b572947bfc1d,,,15th century,/collections/erbario-15th-century-herbal/erbario-00037.jpeg,708,870,,"flora,herbals,leaves,plants"
f74cbafe-74cb-499c-a3be-061c3c081cb5,,,15th century,/collections/erbario-15th-century-herbal/erbario-00053.jpeg,803,1154,,"flora,herbals,leaves,plants"
fdb191b6-bbf9-4666-bab9-be793a9cb4a3,,,15th century,/collections/erbario-15th-century-herbal/erbario-00011.jpeg,679,861,,"flora,herbals,leaves,plants"
feeb6cb4-aea9-4b25-a7a8-f95679051c43,,,15th century,/collections/erbario-15th-century-herbal/erbario-00009.jpeg,736,855,,"flora,herbals,leaves,plants"
196a07ce-74cb-4b3a-a00a-e0ec4a48b11a,The Hunters Enter the Woods,,1495–1505,/collections/the-unicorn-tapestries-1495-1505/48350370437_a14cdc0209_c.jpg,716,800,,plants
1c1ee1d2-e311-4bf8-b344-34543aa5c1b6,Arthbroomia Rigida,Edward Lear,1888,/collections/edward-lears-nonsense-botany-1871-77/48299227817_6150b7012a_c.jpg,508,800,,"botany,flora,flowers,plants"
1891691e-030b-4223-9d85-55540ce34b99,Piggiwiggia Pyramidalis,Edward Lear,1888,/collections/edward-lears-nonsense-botany-1871-77/48299114941_f074d0670a_c.jpg,508,800,,"botany,flora,flowers,plants"
30b29769-669a-4728-874f-d8c4138a6352,"Tigerlillia  
Terribilis",Edward Lear,1888,/collections/edward-lears-nonsense-botany-1871-77/48299114396_673ea8a1c3_c.jpg,508,800,,"botany,flora,flowers,plants"
3b772911-edb1-4768-b61a-a505baed86c7,Jinglia Tinkettlia,Edward Lear,1888,/collections/edward-lears-nonsense-botany-1871-77/48299114776_09a29be767_c.jpg,508,800,,"botany,flora,flowers,plants"
485714eb-64de-4e64-a7ea-7c8588f6824e,"Minpsysia  
Deliciosa",Edward Lear,1888,/collections/edward-lears-nonsense-botany-1871-77/48299114641_4b640e873a_c.jpg,508,800,,"botany,flora,flowers,plants"
4b7edf3c-c7eb-4b0e-9e39-399ad679af6d,Guittara Pensilis,Edward Lear,1888,/collections/edward-lears-nonsense-botany-1871-77/48299114981_d3e8a39ec7_c.jpg,508,800,,"botany,flora,flowers,plants"
587bb727-cb01-449e-a3c6-7f6038509405,Smalltoothcombia Domestica,Edward Lear,1888,/collections/edward-lears-nonsense-botany-1871-77/48299114321_41ff9d5b97_c.jpg,508,800,,"botany,flora,flowers,plants"
51eae134-cfda-49b3-8b65-51008b5e6b49,Fishia Marina,Edward Lear,1888,/collections/edward-lears-nonsense-botany-1871-77/48299228127_b0269f52ff_c.jpg,508,800,,"botany,flora,flowers,plants"
69e9f9bb-4c57-4b22-9f30-fb88221ec020,Armchairia Comfortabilis,Edward Lear,1888,/collections/edward-lears-nonsense-botany-1871-77/48299227492_3841597335_c.jpg,508,800,,"botany,flora,flowers,plants"
624b4495-a3c4-4a97-8c7b-8918c07de3c6,Enkoopia Chickabiddia,Edward Lear,1888,/collections/edward-lears-nonsense-botany-1871-77/48299227882_21eec12a9c_c.jpg,508,800,,"botany,flora,flowers,plants"
61f7155f-ced7-4ef5-a1ae-ae21d832cf55,Phattfacia Stupenda,Edward Lear,1888,/collections/edward-lears-nonsense-botany-1871-77/48299114971_1889577b7f_c.jpg,508,800,,"botany,flora,flowers,plants"
6c3e163e-af3f-4d64-af11-1c89ca5016d4,Manypeeplia Upsidownia,Edward Lear,1888,/collections/edward-lears-nonsense-botany-1871-77/48299114976_6ed6fc03f9_c.jpg,508,800,,"botany,flora,flowers,plants"
6c12515a-08cb-4424-b2a5-02c9008e9281,Baccopipia Gracilis,Edward Lear,1888,/collections/edward-lears-nonsense-botany-1871-77/48299115096_e104d5bdb6_c.jpg,508,800,,"botany,flora,flowers,plants"
70336a31-a376-4d1e-9d03-6b768de0b543,Bottlephorkia Spoonifolia,Edward Lear,1888,/collections/edward-lears-nonsense-botany-1871-77/48299115081_f70e4857ed_c.jpg,508,800,,"botany,flora,flowers,plants"
895853fa-0369-4407-8fe6-d23b2180c0fa,"Stunnia  
Dinnerbellia",Edward Lear,1888,/collections/edward-lears-nonsense-botany-1871-77/48299227647_99c12151df_c.jpg,508,800,,"botany,flora,flowers,plants"
8f212f99-cb38-4182-8826-5e591daee611,"Shoebootia  
Utilis",Edward Lear,1888,/collections/edward-lears-nonsense-botany-1871-77/48299227702_1214dd5393_c.jpg,508,800,,"botany,flora,flowers,plants"
9d2b85b9-2048-4c01-9677-a9293222102c,Queeriflora Babyöides,Edward Lear,1888,/collections/edward-lears-nonsense-botany-1871-77/48299114221_1f1bacac6f_c.jpg,508,800,,"botany,flora,flowers,plants"
9da0293a-bae6-421b-915d-35ff3123d59f,"Barkia  
Howlaloudia",Edward Lear,1888,/collections/edward-lears-nonsense-botany-1871-77/48299227947_6473f2ec8f_c.jpg,508,800,,"botany,flora,flowers,plants"
cc703dee-95c0-436d-b6c7-7967f4337f78,"Puffia  
Leatherbéllowsa",Edward Lear,1888,/collections/edward-lears-nonsense-botany-1871-77/48299227407_92be9abc25_c.jpg,508,800,,"botany,flora,flowers,plants"
d67d5829-4e1c-408f-b735-4d88bdfb7ef1,Tickia Orologica,Edward Lear,1888,/collections/edward-lears-nonsense-botany-1871-77/48299114451_d8939d546d_c.jpg,508,800,,"botany,flora,flowers,plants"
da2e69a3-cbd7-47c3-8b0b-eb0102190568,Pollybirdia Singularis,Edward Lear,1888,/collections/edward-lears-nonsense-botany-1871-77/48299227957_7ef2381be2_c.jpg,508,800,,"botany,flora,flowers,plants"
1cff6909-d3cf-4643-a62e-e07f925d95a0,,Karl Blossfeldt,1928,/collections/karl-blossfeldt-s-urformen-der-kunst-1928/46938031795_02986af8a6_c.jpg,608,800,,plants
14235ed0-6011-44a5-aafe-f96ac2356ebd,,Karl Blossfeldt,1928,/collections/karl-blossfeldt-s-urformen-der-kunst-1928/46938033885_451d04b6f8_c.jpg,591,800,,plants
1a87b5d9-1868-4242-b6ac-857262975931,,Karl Blossfeldt,1928,/collections/karl-blossfeldt-s-urformen-der-kunst-1928/46938034395_199068ddf5_c.jpg,606,800,,plants
28757466-14d5-4d37-969d-732744a53521,,Karl Blossfeldt,1928,/collections/karl-blossfeldt-s-urformen-der-kunst-1928/46938032395_4d03c8bcce_o.jpg,1054,802,,plants
351b15fc-3c5e-47f0-bdbd-5c5389f8da41,,Karl Blossfeldt,1928,/collections/karl-blossfeldt-s-urformen-der-kunst-1928/46938034425_faa8a37070_o.jpg,1082,826,,plants
309cf465-8ac6-4f98-ad7a-3274c219744c,,Karl Blossfeldt,1928,/collections/karl-blossfeldt-s-urformen-der-kunst-1928/40887645223_0f0dc40470_o.jpg,1079,801,,plants
36358a58-b3fc-40a0-8527-179e5b880efe,,Karl Blossfeldt,1928,/collections/karl-blossfeldt-s-urformen-der-kunst-1928/47802183292_469ec3d63e_o.jpg,1067,792,,plants
32a7350f-566b-4ac1-a638-6abe4fe3c915,,Karl Blossfeldt,1928,/collections/karl-blossfeldt-s-urformen-der-kunst-1928/46938031945_e57fd68d08_c.jpg,609,800,,plants
32a29548-6383-45cf-b85c-24237f71a23b,,Karl Blossfeldt,1928,/collections/karl-blossfeldt-s-urformen-der-kunst-1928/46938033335_d9d06be028_c.jpg,614,800,,plants
3f8ed506-6fb4-47fd-b9eb-ae8adb01e6be,,Karl Blossfeldt,1928,/collections/karl-blossfeldt-s-urformen-der-kunst-1928/46938034525_4193c8be6c_c.jpg,608,800,,plants
42f0d641-f581-44a8-a911-c4216f72109a,,Karl Blossfeldt,1928,/collections/karl-blossfeldt-s-urformen-der-kunst-1928/40887645993_08b045b244_c.jpg,599,800,,plants
45e3f017-2617-4b2b-82d4-2aedbcf76122,,Karl Blossfeldt,1928,/collections/karl-blossfeldt-s-urformen-der-kunst-1928/47802184142_27af4818d9_c.jpg,611,800,,plants
49fe588a-9e05-4da6-b294-3bc557457385,,Karl Blossfeldt,1928,/collections/karl-blossfeldt-s-urformen-der-kunst-1928/40887646513_2ee0dfb8ed_c.jpg,580,800,,plants
71754620-b001-40cb-9ff6-cf400c132251,,Karl Blossfeldt,1928,/collections/karl-blossfeldt-s-urformen-der-kunst-1928/46938031485_cbe595ab1f_c.jpg,604,800,,plants
8478a8c0-fbad-4bc5-8cef-35791a541d7d,,Karl Blossfeldt,1928,/collections/karl-blossfeldt-s-urformen-der-kunst-1928/46938033625_1ba0c14f4e_o.jpg,1079,820,,plants
97c842f8-239a-4b44-a7cd-5df4252382da,,Karl Blossfeldt,1928,/collections/karl-blossfeldt-s-urformen-der-kunst-1928/40887645933_69a589af4b_c.jpg,605,799,,plants
9b676412-24e5-4d61-94ac-35ee10c508ba,,Karl Blossfeldt,1928,/collections/karl-blossfeldt-s-urformen-der-kunst-1928/40887646923_35a87b164f_c.jpg,593,799,,plants
0fc78321-d428-4d9b-a82a-dac618cfca76,,Karl Blossfeldt,1928,/collections/karl-blossfeldt-s-urformen-der-kunst-1928/47802183602_b480d3f358_c.jpg,595,800,,plants
09e30fec-bdbc-4342-b495-591679f308bd,,Karl Blossfeldt,1928,/collections/karl-blossfeldt-s-urformen-der-kunst-1928/46938032265_8761e43fab_c.jpg,607,800,,plants
0e5dc0f7-7827-4c9e-b4c9-140fa4218b10,,Karl Blossfeldt,1928,/collections/karl-blossfeldt-s-urformen-der-kunst-1928/46938033745_65e83a9214_o.jpg,1082,821,,plants
b3465e37-0cd7-420a-9095-059deb0a2915,,Karl Blossfeldt,1928,/collections/karl-blossfeldt-s-urformen-der-kunst-1928/40887647573_e3744c16ff_o.jpg,1082,802,,plants
b22ac81c-fa54-4326-bfbd-98360c6e77ba,,Karl Blossfeldt,1928,/collections/karl-blossfeldt-s-urformen-der-kunst-1928/46938031525_105fa13577_o.jpg,1060,794,,plants
b4f422fc-2a79-4b44-9b7d-d274dded5ccc,,Karl Blossfeldt,1928,/collections/karl-blossfeldt-s-urformen-der-kunst-1928/47064883034_fbfd2d1000_c.jpg,607,799,,plants
b918fbf4-2b61-481e-8ff6-05845053d234,,Karl Blossfeldt,1928,/collections/karl-blossfeldt-s-urformen-der-kunst-1928/46938032025_c6a0d43657_c.jpg,615,800,,plants
b3ee807a-f4f3-4b08-bd72-de397c5ec123,,Karl Blossfeldt,1928,/collections/karl-blossfeldt-s-urformen-der-kunst-1928/40887646393_f284eb77d9_o.jpg,1115,821,,plants
bbb31900-139f-4574-8526-cda176c5ec9a,,Karl Blossfeldt,1928,/collections/karl-blossfeldt-s-urformen-der-kunst-1928/46938033935_dc1f23307e_c.jpg,595,800,,plants
caa6aca2-f1d2-4bd2-bf0f-a587a49daa0e,,Karl Blossfeldt,1928,/collections/karl-blossfeldt-s-urformen-der-kunst-1928/46938031705_077056a332_c.jpg,595,800,,plants
cf14a47d-56d3-4cf1-9aa5-9f1de756c078,,Karl Blossfeldt,1928,/collections/karl-blossfeldt-s-urformen-der-kunst-1928/47802183432_458eecddc2_c.jpg,607,800,,plants
cb130eab-d47c-4375-a8bc-7e1a757a11be,,Karl Blossfeldt,1928,/collections/karl-blossfeldt-s-urformen-der-kunst-1928/40887647413_ac931c950b_c.jpg,606,800,,plants
c0a71760-71c1-4d3d-8e98-25144d9e3230,,Karl Blossfeldt,1928,/collections/karl-blossfeldt-s-urformen-der-kunst-1928/46938034495_1f04bc27d9_c.jpg,601,800,,plants
dece0005-5c5d-490c-ad66-39fb75aef924,,Karl Blossfeldt,1928,/collections/karl-blossfeldt-s-urformen-der-kunst-1928/46938031615_14b6e553a8_c.jpg,601,799,,plants
d22fd0fb-0c93-428f-a822-4add9e9bbf85,,Karl Blossfeldt,1928,/collections/karl-blossfeldt-s-urformen-der-kunst-1928/47802184322_172feba113_c.jpg,605,799,,plants
ecace3b4-bf65-46b9-a189-31fc94a144dc,,Karl Blossfeldt,1928,/collections/karl-blossfeldt-s-urformen-der-kunst-1928/46938032115_cd0e444b8a_c.jpg,591,800,,plants
e43cf538-4a6d-48e4-94bf-7d1dcbf63fd0,,Karl Blossfeldt,1928,/collections/karl-blossfeldt-s-urformen-der-kunst-1928/40887645843_b63629d4e1_c.jpg,623,799,,plants
e4a9cc9b-37a8-4ab3-9fda-b9845d1604d3,,Karl Blossfeldt,1928,/collections/karl-blossfeldt-s-urformen-der-kunst-1928/47802183682_a6b4e60469_c.jpg,607,800,,plants
f8c9e756-e3bf-4ded-a5e3-a968e463290b,,Karl Blossfeldt,1928,/collections/karl-blossfeldt-s-urformen-der-kunst-1928/47802183742_ea98d0af55_c.jpg,608,800,,plants
fd18d6d7-68fc-4b97-82cd-32a697da17c6,,Karl Blossfeldt,1928,/collections/karl-blossfeldt-s-urformen-der-kunst-1928/46938033475_9d4f39a061_c.jpg,586,800,,plants
aa204abc-1ed7-4b77-a5f9-9a05553878f0,"Natural History of Carolina, Florida and the Bahama Islands, v1. Tab 50",Mark Catesby,1731,/shop/edit-naturalhistoryCIc2Cate_0165-1.jpg,583,768,,"flora,plants"
6aed70a9-9c23-4e19-abeb-24c748118383,"Natural History of Carolina, Florida and the Bahama Islands, v2. Tab 77",Mark Catesby,1743,/shop/edit-naturalhistoryCc1v2Cate_0240-1.jpg,584,768,,plants
7b62e841-1308-4fbd-a1aa-e6bfb3dd1afb,"Natural History of Carolina, Florida and the Bahama Islands, v2. Tab 72",Mark Catesby,1743,/shop/edit-naturalhistoryCc1v2Cate_0225-1.jpg,580,768,,"flowers,plants"
e63db0ad-6cc7-45f3-b9a5-b0432f752b53,"Natural History of Carolina, Florida and the Bahama Islands, v2. Tab 58",Mark Catesby,1743,/shop/edit-naturalhistoryCc1v2Cate_0183-1.jpg,1024,757,,"botany,flowers,plants"
b8b44f6c-e6db-474d-96ce-794f3286f780,Fruit Stall,Matthew Darly,ca. 1777,/shop/edit-DP812638-1.jpg,708,1024,,plants
914a5844-f897-4833-b83b-416cace6837b,Uncolored portraits of the artists involved in the production of Leonhart Fuchs’ <em>De historia stirpium commentarii insignes</em>.,,1542,/essays/filling-in-the-blanks-a-prehistory-of-the-adult-coloring-craze/46983694881_ffdf4df2df_o.jpg,735,1154,,plants
14609e98-e754-4a20-bbc4-694d18df0a11,Chrysanthemums by a Stream,Follower of Ogata Korin,late 1700s–early 1800s,/collections/highlights-from-the-cleveland-museum-of-art-s-release-of-more-than-30k-images-of-public-domain-works/46887555232_118d6d0cd7_o.jpg,1122,506,,"flora,flowers,plants"
fe50f598-ba0a-4e1a-bc9d-fa7f9f1e8d3f,The Fountain Aquarium,Philip Henry Gosse,1856,/essays/bringing-the-ocean-home/29029770798_89c21b24a8_b.jpg,852,1023,,plants
f3e2adfd-58e7-4e93-99f7-d4e511435538,Plumose Anemone,Philip Henry Gosse,1856,/essays/bringing-the-ocean-home/28033497117_a07611578b_b.jpg,641,1024,,plants
110d047a-c1bf-4a90-8bb2-a8a3489fe381,Blooming Irises in Horikiri,Utagawa Hiroshige,1857,/collections/utagawa-hiroshige-last-great-master-of-ukiyo-e/26805207727_2a777cc8f3_b.jpg,600,887,,"flowers,plants"
85b727da-19c0-410d-b437-b74e43d07ba5,,J. J. Grandville,1877,/collections/public-and-private-life-of-animals-1877/34847776715_754654f10f_o.jpg,593,738,,plants
4ab3d76a-4d45-417b-92a0-88ef32b5e0ef,Author Hidden Under Wooden Mask,Richard Kearton,1909,/essays/stuffed-ox-dummy-tree-artificial-rock-deception-in-the-work-of-richard-and-cherry-kearton/34582843561_ee8030cae1_o.jpg,653,759,,"flora,flowers,plants"
5344e64c-bea2-410b-8e7a-59935564c6ea,Witches Feasting,,1720,/essays/woodcuts-and-witches/34267945782_993aa2e592_c.jpg,799,711,,plants
1d79a27d-eb61-40ed-a77b-3b044b1ca6d8,No Shadow In Any Nook Or Corner (Kuma Naki Kage),Shibata Zeshin,1867,/collections/a-selection-from-the-met-s-public-domain-collection-now-free-from-all-restrictions/32811431461_f08307907f_b.jpg,1000,668,,plants
93718d2b-7b66-42d3-9017-a245e08843a5,Hall Of Quiet Study,,19th century,/collections/a-selection-from-the-met-s-public-domain-collection-now-free-from-all-restrictions/32120750873_3140a48157_b.jpg,1000,745,,plants
95508af2-bb53-4172-bba0-f970e9dfb7c7,,N. Rémond,1841,/collections/illustrations-from-a-descriptive-iconography-of-cacti-1841/29518892920_8e6b7e03d3_b.jpg,680,851,,"botany,flora,plants"
9facd30d-ebce-42d7-ac66-e8968d889c0d,Alchemical image,,15th century,/collections/the-surreal-art-of-alchemical-diagrams/28644500371_14a73c9b92_c.jpg,552,800,,plants
8255147c-01ef-4576-bd41-9f04b709cf87,Broussonelia papyrifera – Paper Mulberry,Romeyn Beck Hough,1888–1913,/collections/the-american-woods/20838411292_0214a79261_o.jpg,600,896,,"botany,plants,trees"
92249df1-cd70-41d6-a187-fe1009fcb26f,Prosopis juliflora – Mesquit,Romeyn Beck Hough,1888–1913,/collections/the-american-woods/20659939120_7c8e16a4ac_o.jpg,600,899,,"botany,plants,trees"
a9630d24-9d79-4298-9927-85564ba941c3,Platanus racemosa – California Sycamore,Romeyn Beck Hough,1888–1913,/collections/the-american-woods/20847995885_ee40afc8a4_o.jpg,600,928,,"botany,plants,trees"
e0a15ff9-f2dc-4a5d-bebc-4144dadcb7fc,Liriodendron Tulipifern – Tulip Tree or White-wood,Romeyn Beck Hough,1888–1913,/collections/the-american-woods/20847996595_dbec19d754_o.jpg,600,923,,"botany,plants,trees"
e6b850c1-d8f2-4a5d-b490-40e5a9f7b2db,Vitis aestivalis – Summer Grape,Romeyn Beck Hough,1888–1913,/collections/the-american-woods/20821700126_3d9f9056f4_o.jpg,600,914,,"botany,plants,trees"
924d826f-ff1b-4cec-8cb9-4ef85d8cef5d,Fig. 11 shows oranges peeled in a similar manner to Fig. 10 and placed on receptacles.,,1910,/collections/the-art-of-ornamental-orange-peeling-1910/21711895804_7f1d6e552a_z.jpg,451,640,,"flora,foliage,plants"
a575a62d-52eb-40aa-ab03-37ea0c164e34,Fig. 3 shows how the strips can be converted into all kinds of artistic effects.,,1910,/collections/the-art-of-ornamental-orange-peeling-1910/22334653125_15a064abb0.jpg,462,500,,"flora,foliage,plants"
499ec5ef-0624-4f16-a6ca-ce1d32223645,Daphnoides,Gherardo Cibo,,/collections/watercolours-from-a-16th-century-de-materia-medica/20879592191_21bf24a844_o.jpg,600,814,,"floral,flowers,herbals,plants,trees"
518877aa-6a1a-4d98-a8f0-8c3308858d5b,Viola odorata,Gherardo Cibo,,/collections/watercolours-from-a-16th-century-de-materia-medica/20879585661_a8388f1d13_o.jpg,600,865,,"floral,flowers,herbals,plants"
6e5865fe-89ff-4eda-a86a-d5df60690c79,Olea europaea,Gherardo Cibo,,/collections/watercolours-from-a-16th-century-de-materia-medica/20249775144_7dd69968fb_o.jpg,600,834,,"floral,flowers,herbals,plants"
a85cda78-1194-4266-b368-74d5e2c4356e,Plantago maior,Gherardo Cibo,,/collections/watercolours-from-a-16th-century-de-materia-medica/20684392628_d4e5e1df67_o.jpg,600,827,,"floral,flowers,herbals,plants"
c55d8cfa-f4ad-4808-b583-62d1ccd339a3,Euphrasia officinalis,Gherardo Cibo,,/collections/watercolours-from-a-16th-century-de-materia-medica/20251369423_6b9939bd9a_o.jpg,600,847,,"floral,flowers,herbals,plants"
84d2d60c-91fb-4de2-89da-1c67c4caf0d4,"Tempest Anderson and New Vine Growth in the Trespe Ravine, St Vincent",Tempest Anderson,1907,/essays/tempest-anderson-pioneer-of-volcano-photography/In_Trespe_Ravine_YORYM-TA0230.jpg,987,768,,"leaves,plants"
114481e4-fe2b-4fb9-a128-97466b16d80e,Stem of Section of Mare's Tail,Arthur E Smith,1909,/collections/nature-through-microscope-and-camera-1909/14990365805_05ba8b69fc_o.jpg,600,780,,plants
f7383d97-e7c6-4db8-9890-3018bf8ff3af,Sting of Nettle,Arthur E Smith,1909,/collections/nature-through-microscope-and-camera-1909/14803763158_e9930e669d_o.jpg,600,954,,"botany,plants"
052eabea-c5ee-4e8f-94e3-bbcfe2be8c91,Fireworks in Hamburg to Celebrate the Coronation of Emperor Franz I. Stephan in 1745 (Detail),,1745,/essays/picturing-pyrotechnics/14504355655_a853a2d216_c.jpg,771,800,,plants
68b51c7c-533b-4651-aaad-6be6376ff355,Selection of Substances Used for the Production of Medicine Based on the Teaching of the Four (Medical) Tantras,,ca. 19th century,/essays/the-wellcome-librarys-top-10-open-images/14143093607_bdf5e67731_c.jpg,800,484,,"botany,plants"
604076aa-231f-405d-8d79-cddadf05ab17,"Plants, sheep, and a dragon.",,ca.1440,/collections/tractatus-de-herbis-ca-1440/13968947305_9798c35b8b_b.jpg,570,836,,"herbals,herbs,plants"
8081e21f-e9be-489e-9e4e-8d862cf86faf,"The plant Hyppurius (field horsetail), on the left, and Jacinta or hyacinth on the right.",,ca.1440,/collections/tractatus-de-herbis-ca-1440/13969387974_6b4bd46546_b.jpg,570,863,,"botany,herbs,plants"
8799a8d2-873f-4683-bb83-549bf395cd1b,"Plants and a demon: the herb Ypericon, supposed to repel demons.",,ca.1440,/collections/tractatus-de-herbis-ca-1440/13965767021_f0051a9c34_b.jpg,570,859,,"herbs,plants"
e7bb25d8-8262-4de3-a275-b2e2eee0bb72,"Plants, a turtle, a man, and another animal.",,ca.1440,/collections/tractatus-de-herbis-ca-1440/13945843986_fa72dc530a_b.jpg,570,868,,"herbs,plants"
48b6ea2b-61e2-482f-a66f-597ae44bb84d,The Wedding Breakfast,,ca. 1900,/collections/the-25-stages-from-courtship-to-marriage/11353818974_31b3116419_b.jpg,1023,500,,plants
a7ed9800-eef2-4778-9ac5-b7fe56d79be9,The Bridegroom's Kiss,,ca. 1900,/collections/the-25-stages-from-courtship-to-marriage/11353873893_6e043dca8b_b.jpg,1023,497,,plants
a314d6df-deb0-4332-a679-9ea7dc0967b0,Decorating for the Wedding,,ca. 1900,/collections/the-25-stages-from-courtship-to-marriage/11353816314_8642c8e786_b.jpg,1024,503,,"flowers,plants"
cdc14b97-79bf-4652-93e7-3b925ba46a4b,One O'Clock in the Morning,,ca. 1900,/collections/the-25-stages-from-courtship-to-marriage/11353721825_a153d573f6_b.jpg,1023,504,,plants
f86dc1c2-48e4-45fb-95ea-f50849fee35d,Alone at Last,,ca. 1900,/collections/the-25-stages-from-courtship-to-marriage/11353726315_41dcb95444_b.jpg,1024,499,,plants
848b71f7-1d06-441e-9dc9-a63a791ec901,,,ca.1870,/collections/wear-celluloid-collars-and-cuffs-ca-1870/9673472460_9c30d7d642_c.jpg,800,506,,plants
ee59303d-4866-4cd2-8602-0294253e10c5,Flowers From the Mount of Olives,Boulos Meo,1890s,/collections/flowers-and-pictures-of-the-holy-land/10171822235_88b1c3ac00_o.jpg,500,647,,"botany,floral,flowers,plants"
160cd840-1018-4447-85b9-9bc5a392ded3,,Frederick Whitney,1909,/collections/blackboard-sketching-1909/blackboard-sketching-64.jpg,1122,1500,,plants
0cba085a-7dab-49d5-ae88-90dda2fec699,Both Caps Missed Fire,,1902,/collections/illustrative-plates-from-how-i-killed-the-tiger-1902/8741658696_47b58620c6_o.jpg,820,590,,plants
48d27da6-795c-4522-921e-fd37ac6425f7,Illustration from the “studio of Titian” featured in <em>De Humani Corporis Fabrica</em>.,Studio of Titian,1543,/essays/vesalius-and-the-body-metaphor/8655709856_8e015b5c18_o.jpg,523,888,,plants
779a3b9a-80ac-439a-b7c3-7f10bc4700c9,"Detail from a page in <em>The school of the heart; or, The heart of it self gone away from God brought back again to him, and instructed by him. In 47 emblems</em> (1676), by George Wither",George Wither,1676,/collections/the-heart-in-art/8464335321_9ba4f86b85_o.jpg,620,689,,plants
55d7653b-8b09-4aee-a6dd-1cd6ff868561,,Daniel de La Feuille,1699,/collections/emblems-ancient-and-modern-1699/devisesetembleme00lafeu_0011.jpg,2007,2610,,plants
73006f82-8072-477a-b278-09210ab103aa,A. C. Swinburne,Frederick Watty,1873,/collections/cartoon-portraits-of-leading-19th-century-figures-1873/7802389572_0e822e8fa9_o.jpg,518,731,,plants
3a8451a2-c419-4470-bc21-33d9bf0c856c,Tea and coffee,J. J. Grandville,1849,/collections/the-flowers-personified-1847/lesfleursanimees-0535.jpg,1138,1500,,"floral,flowers,plants"
39b0e7fc-b1fe-4968-9aad-992402deb6b9,Sweet pea,J. J. Grandville,1849,/collections/the-flowers-personified-1847/lesfleursanimees-0392.jpg,1090,1500,,"floral,flowers,plants"
5ad4699d-4b4a-48d2-a7b9-faabc232e815,Pincushion and marigold,J. J. Grandville,1849,/collections/the-flowers-personified-1847/lesfleursanimees-0461.jpg,1112,1500,,"floral,flowers,plants"
a2bf52e2-8780-4a5a-a418-e566de24ba5a,Myrtle,J. J. Grandville,1849,/collections/the-flowers-personified-1847/lesfleursanimees-0172.jpg,982,1500,,"floral,flowers,plants"
f59542f9-4a6e-4033-a475-83665e0e3f4c,,,1678-93,/collections/hortus-malabaricus-1678-1693/7561711638_9ba0b61be9_o.jpg,800,665,,"botany,flora,plants"
42b323eb-4de8-494b-9074-3ebb37f69d23,Embalming Jar,Frederic Ruysch,1710,/collections/the-embalming-jars-of-frederik-ruysch/6754179321_c9a2db3ba8_o.jpg,500,800,,plants
5671021c-abb5-4700-b01d-37640a5430b2,Embalming Jar,Frederic Ruysch,1710,/collections/the-embalming-jars-of-frederik-ruysch/6754178677_22fbd00159_o.jpg,650,878,,plants
8230880d-c6ec-4368-8e14-8bbb3a73bd2e,"""The Earth grew dark, and its figures passed by me, like flitting shadows, and among them all I beheld only—Morella"" (Morella)",Harry Clarke,1919,/collections/harry-clarke-s-illustrations-for-poe-s-tales-of-mystery-and-imagination-1919/30177926591_6585c60610_o.jpg,526,700,,plants
1feaea61-1cc2-43e3-9c1d-e445f08d283a,,Arnoldus Montanus,1671,/collections/arnoldus-montanus-new-and-unknown-world-1671/26469876564_a753e6c2ab_b.jpg,667,505,,"plants,trees"
58782bba-794c-44e2-8de0-8596ff9af4be,,Arnoldus Montanus,1671,/collections/arnoldus-montanus-new-and-unknown-world-1671/26800888680_e2f3448672_b.jpg,674,553,,"plants,trees"
8585d608-a687-4b1b-ae21-bbd584142f27,,Arnoldus Montanus,1671,/collections/arnoldus-montanus-new-and-unknown-world-1671/27042222316_cc43efc96a_b.jpg,705,540,,"plants,trees"
0217ff8b-c7ed-4f7c-9064-fc2b105c38e5,,Arnoldus Montanus,1671,/collections/arnoldus-montanus-new-and-unknown-world-1671/26980868832_307cf61113_b.jpg,675,533,,"plants,trees"
a5a4c27a-71e6-4a4b-9321-c66f07507bdc,,Arnoldus Montanus,1671,/collections/arnoldus-montanus-new-and-unknown-world-1671/26469879654_cfd4895341_b.jpg,726,590,,"plants,trees"
c3818539-6bd0-4f32-8edf-94957c4c2e9c,,Arnoldus Montanus,1671,/collections/arnoldus-montanus-new-and-unknown-world-1671/27042169776_5b42762053_b.jpg,669,523,,"plants,trees"
c2ddf7ab-e6d1-4f67-9221-c17e94772597,,Arnoldus Montanus,1671,/collections/arnoldus-montanus-new-and-unknown-world-1671/26800923760_0a20c4b170_b.jpg,689,543,,"plants,trees"
637bbd9c-ec9d-441b-804f-6b06e1952824,A Carload of Almonds from California,Edward H. Mitchell,1909,/collections/giant-produce-postcards/master-pnp-pcrd-1a00000-1a00000-1a00300-1a00358u.jpg,3386,2201,,"flowers,trees"
043afaf6-38a0-4e0f-ba38-30593f1f83ed,Ruvacca Plimos,Sara Weiss,1903,/collections/journeys-to-the-planet-mars/journeystoplanet00weis_0052.jpg,2836,3091,,"botanical-art,botanical-drawing,botanical-illustration,flowers,leaves"
fc46b653-dd91-413c-a4bf-df699a093de2,Isoina,Sara Weiss,1903,/collections/journeys-to-the-planet-mars/journeystoplanet00weis_0061.jpg,2870,3100,,"botanical-art,botanical-drawing,botanical-illustration,flowers,leaves"
4566303b-37e7-44e7-9c8d-4d60965aab16,Valseta,Sara Weiss,1903,/collections/journeys-to-the-planet-mars/journeystoplanet00weis_0065.jpg,2942,3064,,"botanical-art,botanical-drawing,botanical-illustration,flowers,leaves"
8b3afa98-381e-4e14-aa44-8beafe443459,Loisa Infuen,Sara Weiss,1903,/collections/journeys-to-the-planet-mars/journeystoplanet00weis_0079.jpg,3173,2558,,"botanical-art,botanical-drawing,botanical-illustration,flowers,leaves"
9c7e52ef-9649-437c-a65e-f476a7dbc6f2,Hinifro Enora,Sara Weiss,1903,/collections/journeys-to-the-planet-mars/journeystoplanet00weis_0083.jpg,2865,4009,,"botanical-art,botanical-drawing,botanical-illustration,flowers,leaves"
de998dd9-b4ba-4acf-8430-5c950abf480e,Oina Mista,Sara Weiss,1903,/collections/journeys-to-the-planet-mars/journeystoplanet00weis_0100.jpg,3449,2924,,"botanical-art,botanical-drawing,botanical-illustration,flowers,leaves"
f9916d33-d708-47c2-9f48-5ccc61099842,Loisa Micana,Sara Weiss,1903,/collections/journeys-to-the-planet-mars/journeystoplanet00weis_0110.jpg,2798,3482,,"botanical-art,botanical-drawing,botanical-illustration,flowers,leaves"
21eb89e8-ed49-452a-9224-5c5517453606,Loisa Gentolissima,Sara Weiss,1903,/collections/journeys-to-the-planet-mars/journeystoplanet00weis_0113.jpg,2708,4600,,"botanical-art,botanical-drawing,botanical-illustration,flowers,leaves"
9d0a97b6-4d7a-47d7-9b0a-a9871b992c2a,Roina,Sara Weiss,1903,/collections/journeys-to-the-planet-mars/journeystoplanet00weis_0305.jpg,2746,3861,,"botanical-art,botanical-drawing,botanical-illustration,flowers,leaves"
b0243ce1-cf38-4dad-ada4-25ee883f7d00,Erinca Micana,Sara Weiss,1903,/collections/journeys-to-the-planet-mars/journeystoplanet00weis_0380.jpg,2788,4026,,"botanical-art,botanical-drawing,botanical-illustration,flowers,leaves"
e2b50a68-b61b-4402-bb60-a34b3fafcc65,Floitza,Sara Weiss,1903,/collections/journeys-to-the-planet-mars/journeystoplanet00weis_0386.jpg,2673,3201,,"botanical-art,botanical-drawing,botanical-illustration,flowers,leaves"
34b72301-6491-4d65-b864-18774f9c200b,Hnobersa,Sara Weiss,1903,/collections/journeys-to-the-planet-mars/journeystoplanet00weis_0389.jpg,4076,2569,,"botanical-art,botanical-drawing,botanical-illustration,flowers,leaves"
52ff82e3-a745-4ebf-b4d6-1db141193add,Rodel. The National Flower.,Sara Weiss,1903,/collections/journeys-to-the-planet-mars/journeystoplanet00weis_0446.jpg,3118,3011,,"botanical-art,botanical-drawing,botanical-illustration,flowers,leaves"
551f767e-ed45-4afa-ac02-e12f17e04c33,Behind Fremiet’s Elk (Trocadéro),Henri Rivière,1888–1902,/collections/36-views-of-the-eiffel-tower/27-image_riviere_henri_derriere_lelan_g.22392-27_2023175.jpg,2392,2856,,"flowers,gardens"
48c11af2-862f-4e0b-968d-62bd5965d18b,A Collector’s Cabinet,Frans Francken the Younger,1619,/essays/art-in-art/05-public_1086.tif-full.jpg,6966,4623,,flowers
efb5b80e-52ad-4080-9a78-9adbaaf4367f,Incipit Vita Nova (Here begins a new life),Aubrey Beardsley,1893,/collections/aubrey-beardsley/beardsley-illustration-00004.jpg,2550,2550,,flowers
74564013-5cc7-47cc-838f-ffb97d38aef7,,Aubrey Beardsley,1893,/collections/aubrey-beardsley/beardsley-illustration-00012.jpg,2129,3092,,flowers
27306417-50e6-449a-87d7-b5bd1dfac170,The Stomach Dance,Aubrey Beardsley,1894,/collections/aubrey-beardsley/beardsley-illustration-00029.jpg,2258,3042,,flowers
8e36e5d4-0778-4354-b29d-44d0d3f8da1e,The Climax,Aubrey Beardsley,1894,/collections/aubrey-beardsley/beardsley-illustration-00032.jpg,2200,3012,,flowers
65268e77-9daa-4492-9ca3-9debbea8fed1,Cover design for the second volume,Aubrey Beardsley,ca. 1894,/collections/aubrey-beardsley/beardsley-later-works-00002.jpg,2000,2556,,flowers
09f0f75c-469e-4065-a0ee-ad6b3b3f5e1c,Lysistrata,Aubrey Beardsley,1896,/collections/aubrey-beardsley/beardsley-illustration-00040.jpg,2740,1968,,flowers
66e6d7fb-182b-482c-bec4-9c990d462867,Rabindranath Tagore at Albert Kahn’s Boulogne-Billancourt property,Albert Kahn collection,1921,/essays/albert-kahns-archives-of-the-planet/02-Proprieted_AlbertKahn-Boulogne-FranceRabindranathTagore_A36199.jpg,2560,1899,,"flowers,gardens"
5dda9dd1-4977-4373-849c-632b1b0ae49b,,Christoph Jamnitzer,1610,/collections/christoph-jamnitzer-neuw-grotesken-buch/RP-P-1953-115.jpg,5913,4642,,flowers
4c1cc263-c3b0-40a9-954a-2d53bf5b547d,,Christoph Jamnitzer,1610,/collections/christoph-jamnitzer-neuw-grotesken-buch/RP-P-1953-116.jpg,5676,4494,,flowers
107c03ac-2d14-4f2b-a4a3-a181af6051e6,,Christoph Jamnitzer,1610,/collections/christoph-jamnitzer-neuw-grotesken-buch/RP-P-1953-118.jpg,6017,4646,,flowers
fe67e756-2d04-4bf0-a007-5a8af68924fe,,Christoph Jamnitzer,1610,/collections/christoph-jamnitzer-neuw-grotesken-buch/RP-P-1953-120.jpg,6078,4748,,flowers
bcb2908f-6908-404d-a078-173018eebd2b,,Christoph Jamnitzer,1610,/collections/christoph-jamnitzer-neuw-grotesken-buch/RP-P-1953-121.jpg,5880,4752,,flowers
4b630a65-68c4-43ca-bc4f-6d38f8925805,,Christoph Jamnitzer,1610,/collections/christoph-jamnitzer-neuw-grotesken-buch/RP-P-1953-123.jpg,5819,4625,,flowers
41feef53-2a3b-4727-8a68-baf58e389bbf,,Christoph Jamnitzer,1610,/collections/christoph-jamnitzer-neuw-grotesken-buch/RP-P-1953-127.jpg,5851,4131,,flowers
0f21ed3b-2bd7-4702-8287-8a936a13135c,,Christoph Jamnitzer,1610,/collections/christoph-jamnitzer-neuw-grotesken-buch/RP-P-1953-132.jpg,6023,4675,,flowers
1f5f358e-b9af-49a3-9fea-872df8a536a8,,Christoph Jamnitzer,1610,/collections/christoph-jamnitzer-neuw-grotesken-buch/RP-P-1973-131.jpg,5693,4516,,flowers
6ebe34da-67db-4ea8-89cf-e352a5340aaa,,Christoph Jamnitzer,1610,/collections/christoph-jamnitzer-neuw-grotesken-buch/RP-P-1973-132.jpg,5695,4711,,flowers
b93bb772-e512-4a9b-9f84-ea06faeb88f8,,Christoph Jamnitzer,1610,/collections/christoph-jamnitzer-neuw-grotesken-buch/RP-P-1973-133.jpg,5473,4852,,flowers
f80bfe23-7ec0-4be8-9789-c2469a624bf2,,Christoph Jamnitzer,1610,/collections/christoph-jamnitzer-neuw-grotesken-buch/RP-P-1973-135.jpg,6067,4658,,flowers
29162188-9920-4996-ac2a-325e3cec8804,,Christoph Jamnitzer,1610,/collections/christoph-jamnitzer-neuw-grotesken-buch/RP-P-1973-141.jpg,5930,4455,,flowers
a2587909-52b9-4275-9ca8-1f942f267410,,Christoph Jamnitzer,1610,/collections/christoph-jamnitzer-neuw-grotesken-buch/RP-P-1973-142.jpg,4268,3477,,flowers
eb1737c0-387e-4a18-ade6-1ccedd178458,,Christoph Jamnitzer,1610,/collections/christoph-jamnitzer-neuw-grotesken-buch/RP-P-1973-143.jpg,5814,4719,,flowers
5627603c-00cb-4885-8c4d-c545b8f01480,,Christoph Jamnitzer,1610,/collections/christoph-jamnitzer-neuw-grotesken-buch/RP-P-1973-144.jpg,5950,4906,,flowers
3a150c78-2ace-4412-8ee1-1c5ad65f56f8,,Christoph Jamnitzer,1610,/collections/christoph-jamnitzer-neuw-grotesken-buch/RP-P-1973-151.jpg,4334,3514,,flowers
57378885-aa6b-4969-a834-84403aa33246,,Christoph Jamnitzer,1610,/collections/christoph-jamnitzer-neuw-grotesken-buch/RP-P-1973-152.jpg,4444,3531,,flowers
3e1b957e-287a-45c4-855e-c3928f7a6a73,,Christoph Jamnitzer,1610,/collections/christoph-jamnitzer-neuw-grotesken-buch/RP-P-1973-153.jpg,4571,3713,,flowers
2112a3e8-042a-449a-877a-8211f3d01994,,Christoph Jamnitzer,1610,/collections/christoph-jamnitzer-neuw-grotesken-buch/RP-P-1973-155.jpg,4266,3558,,flowers
5c5487f4-4471-4768-98ca-caaee8ff9e69,,Christoph Jamnitzer,1610,/collections/christoph-jamnitzer-neuw-grotesken-buch/RP-P-1973-156.jpg,4241,3431,,flowers
9a9f473c-29b5-40e8-a285-71f7dc437fe2,,Christoph Jamnitzer,1610,/collections/christoph-jamnitzer-neuw-grotesken-buch/RP-P-1973-157.jpg,5979,4708,,flowers
e35bf1ae-df5e-4d15-9df7-53aefadb2734,,Christoph Jamnitzer,1610,/collections/christoph-jamnitzer-neuw-grotesken-buch/RP-P-OB-8131.jpg,5483,4675,,flowers
da522b3f-e8b4-476c-82a6-9b77632aa149,,Christoph Jamnitzer,1610,/collections/christoph-jamnitzer-neuw-grotesken-buch/RP-P-OB-8132.jpg,6001,4682,,flowers
c7f3a9fd-56e3-48f3-bd64-8f60b029727d,"Facsimile of the Codex Ríos, ca. after 1566",Agostino Aglio,1831–48,/collections/antiquities-of-mexico/antiquities-of-mexico-00026.jpg,2797,2946,,flowers
2bec9cb2-7e18-45a8-bb42-1403e506f53f,,Raffaele Mainella,1907,/collections/nos-invisibles/BSG_FOLRSUP15RES_0226.jpeg,4383,6258,,flowers
d96eb346-44c4-4dd4-9b77-739803625463,,Raffaele Mainella,1907,/collections/nos-invisibles/BSG_FOLRSUP15RES_0360.jpeg,3652,6096,,flowers
79a989cf-65a0-40f9-be49-43c64d758560,Afternoon coffee,,ca. 1910,/collections/photographs-of-palestinian-life/palestine-00089.jpg,6029,4395,,flowers
1cb373ac-2a58-4b49-b4bc-4f398c7ced11,Gentlewoman with Dog,Maria Catharina Prestel; Martin Schongauer,1783,/collections/maria-catharina-prestel/maria-catharina-prestel-00006.jpg,2028,2712,,flowers
7ec56501-b0b9-4b4d-8f8b-fddc0f198edb,"“Fable of the Hares and the Frogs”, a fable from Aesop.",Tom Seidmann-Freud,1924,/collections/rabbit-tales/dbbs_derivate_00000176-edit-10.jpg,1774,1420,,flowers
033be42e-e1d8-4462-94c3-26b5384ef903,Fringe Cups,Karl Blossfeldt,1928,/shop/blossfeldt-urformen-00013.jpg,1153,1500,,"botany,flowers"
1de4c14f-ff39-4016-a669-fd71432d6df0,"Cecil Mack and Ford Dabney, “That Minor Strain: Ziegfeld Follies of 1910”",,1910,/collections/gotham-attucks/gotham-attucks-1.jpg,588,741,,flowers
9a8fbcbb-84d8-4cff-a496-0cc306d36d2c,,Madame B,ca. 1870s,/collections/madame-b-album/madame-b-album-00025.jpg,3000,2115,,flowers
60efd3e6-20d7-4384-8f4f-a36602b3f6d4,Kalīlah Reprimanding Dimnah,,ca. 1525–50,/essays/travelling-tales/01-DP300745-edit.jpeg,2435,2516,,"flowers,gardens"
253ccbf6-b7e8-4fd1-be4f-234baa5e2122,“Black woman sits on a porch swing on Chicago’s West Side and surveys her rose garden. She…”,John H. White,1973–4,/collections/documerica/documerica-14.jpg,1008,1500,,flowers
d6706db3-55a5-4854-a6ec-e9ecaf3ce659,June,Walter Crane,ca. 1889,/collections/crane-months/crane-months-7.jpg,1033,1400,,flowers
907f9666-8d28-4841-afc7-eef1115a41b7,"After falling asleep on the couch, Poliphilo finds himself on a broad and wild plain",,1499,/essays/hypnerotomachia-poliphili/rbsc_hypnerotomachia-poliphili_foliolncun1499Colonna_0025-edit-2.jpeg,1626,1316,,"flowers,foliage,trees"
4d8c35de-3ab2-4c2a-b68d-dd6dc15f3376,,John Bingley Garland,ca. 1850–60,/collections/garland-blood-collages/blood-book-17.jpg,1830,1390,,flowers
897905ba-ab5c-45ad-a9aa-175e1e1e4467,,John Bingley Garland,ca. 1850–60,/collections/garland-blood-collages/blood-book-9.jpg,1848,1412,,flowers
c1977e2f-6946-4ec9-9502-7c0c1563fc89,,John Bingley Garland,ca. 1850–60,/collections/garland-blood-collages/blood-book-27.jpg,1816,1372,,flowers
ccdb0558-f833-4093-ba12-e4669c206e5b,,John Bingley Garland,,/collections/garland-blood-collages/blood-book-feature-1.jpg,1368,1023,,flowers
e906e8e8-279a-4505-a890-60e8006b199e,,John Bingley Garland,ca. 1850–60,/collections/garland-blood-collages/blood-book-7.jpg,1852,1387,,flowers
807d6468-d91e-438a-bd3f-d09741e0bfe5,Bubble-Blowing Putti,Anthonie van den Bos,ca. 1800,/collections/visualising-bubbles/soap-bubble-32.jpg,1400,725,,"flowers,foliage"
c3e039c7-8654-4384-a102-43e18b332312,Blowing Soap Bubbles Under the Plum Blossom,Suzuki Harunobu,ca. 1750,/collections/visualising-bubbles/soap-bubble-21.jpg,1002,1400,,flowers
88743437-295b-4a28-aaf9-28702df40b97,,Philipp Hainhofer,1596–1633,/collections/hainhofer-stammbuch/hainhofer-stammbuch-151.jpg,1059,1400,,flowers
6b7e8207-d244-41d0-83dd-645b1f639078,Kimono design,Ueno Seikō,ca. 1902,/collections/unkindo-kimono-designs/yachigusav15ueno_0006.jpeg,688,936,,"floral,flowers"
0d87faef-5638-43f9-b28c-69b628b13e76,Kimono design,Ueno Seikō,ca. 1902,/collections/unkindo-kimono-designs/yachigusav15ueno_0009.jpeg,704,969,,"floral,flowers"
2091e91e-a684-4750-95ce-68159830b671,"Flowers And Structures Beautiful, Insects Gorgeous.",John Augustus Knapp,1895,/collections/etidorhpa/etidorhpaorendof00lloy_0329.jpg,1000,1400,,"flora,flowers"
364c5cfc-01eb-4be7-8522-6bb913e9d7ea,The Convalescent,Myles Birket Foster; C. Cousen,ca. 1877,/essays/charles-baudelaire-and-the-convalescent-flaneur/A_young_woman_convalescing_in_a_country_garden_watches_a_bir_Wellcome_V0015158-edit.jpg,1400,967,,"flowers,gardens"
1b903f2e-bd6a-4a55-80ba-991ff1e04289,"People in special attire, with lanterns, posing for photograph.",Herbert Geddes,1908–1918,"/collections/herbert-geddes-life-in-japan/People_in_special_attire,_with_lanterns,_posing_for_photograph._(19923866606).jpg",1280,1006,,flowers
86a2ebb3-28dd-41a5-8a45-b7cf35ce1295,Two young women in Kimonos.,Herbert Geddes,1908–1918,"/collections/herbert-geddes-life-in-japan/Two_young_women_in_Kimonos,_one_standing,_one_seated_on_wooden_bench_outside_open_greenhouses_filled_with_blooming_flowers._(19761857308).jpg",1280,1003,,flowers
9c37321a-d411-4e88-9932-65a41ca23561,Men preparing for sumo wrestling outdoors.,Herbert Geddes,1908–1918,/collections/herbert-geddes-life-in-japan/Men_preparing_for_sumo_wrestling_outdoors._(19763476309).jpg,720,1024,,flowers
9520815b-e316-4fa4-bd7f-129688885e1d,The Sanguine Temperament,Maerten de Vos; Raphaël Sadeler (I),1583,/collections/elements-and-temperaments-maerten-de-vos/sanguine.jpg,2526,2041,,"flowers,gardens"
fc364b09-e5a1-4572-a023-93eb3d36061f,Earth,Maerten de Vos; Adriaen Collaert,1580-4,/collections/elements-and-temperaments-maerten-de-vos/earth.jpg,2448,2004,,flowers
68e9810c-dc19-4890-a27e-e78d29be664b,"A woman stands before a decorated carriage, Juneteenth celebrations in Corpus Christi, Texas",George McCuistion,1913,/collections/juneteenth-photographs/mccuistion-6.jpg,1500,1974,,flowers
9cf6ad6d-784a-4d87-a2f7-1e80b02b0cb5,"Juneteenth celebrations in Corpus Christi, Texas",,1855,/collections/juneteenth-photographs/mccuistion-5.jpg,1500,1106,,flowers
a0fcbca4-8dd0-4031-9aa6-24a810e33db5,"Two women and a man in a decorated carriage, Juneteenth celebrations in Corpus Christi, Texas",George McCuistion,1913,/collections/juneteenth-photographs/mccuistion-4.jpg,1500,1169,,flowers
b8c08580-e3a1-4359-872a-5b6b96a0f7a0,"Group of women in decorated carriage, Juneteenth celebrations in Corpus Christi, Texas",George McCuistion,1913,/collections/juneteenth-photographs/mccuistion-3.jpg,1500,1175,,flowers
cacef24a-ab2c-4311-9b94-6e2ad8cc483d,"Photograph by George McCuistion of Juneteenth celebrations in Corpus Christi, Texas",George McCuistion,1913,/collections/juneteenth-photographs/mccuistion-1.jpg,1500,1180,,flowers
55cd9e9d-ffa8-4f29-b5e6-f90cf09b6e6e,,Richard Deakin,1855,/collections/richard-deakin-flora-of-the-colosseum-of-rome/floraofcolosseum00deak_0015-edit.jpg,713,1200,,"flora,flowers"
9a1bd404-c8b5-44f2-8f69-3ab0be9024d2,,Richard Deakin,1855,/collections/richard-deakin-flora-of-the-colosseum-of-rome/floraofcolosseum00deak_0050-edit.jpg,736,1200,,"flora,flowers,foliage,gardens"
f8dc3382-2e3d-425d-9009-b929a6c10c7a,,Richard Deakin,1855,/collections/richard-deakin-flora-of-the-colosseum-of-rome/floraofcolosseum00deak_0006-edit.jpg,1200,692,,"flora,flowers"
d4ace984-ec81-46cd-a0b7-2d5cbdb54531,Chapter VIII. The Deadly Poppy Field,W. W. Denslow,1900,/collections/w-w-denslow-illustrations-wonderful-wizard-of-oz-1900/0101v.jpg,914,1200,,flowers
62ace4f5-2354-4ee5-81d9-e783346cfedc,"Gloria Frederici, Andromeda",Sidney Hall,1824-5,/collections/uranias-mirror-or-a-view-of-the-heavens/dec2019-23.jpg,827,1200,,flowers
a71a89e7-fcea-4400-baaa-a21a43f6033e,Vase of Flowers,Jan Davidsz de Heem,ca. 1660,/shop/oct_19_new_prints_00113.jpg,974,1200,,flowers
85319a51-64d8-443e-b4b2-6f51f6d41835,The White-Faced Decticus,E. J. Detmold,1921,/collections/fabres-book-of-insects-1921/48189612762_d58384de19_b.jpg,1024,780,,"flora,flowers"
9fb93d68-d13c-4a32-8083-c809902d57da,The Sacred Beetle,E. J. Detmold,1921,/collections/fabres-book-of-insects-1921/48189555961_410b02c13e_c.jpg,738,800,,flowers
24f4d039-11f4-44fa-b2a9-ec3e1350311e,Jonquil (Pl. 29),Eugène Grasset,1896,/collections/plants-and-their-application-to-ornament-1896/40722085103_a5f6ce9130_b.jpg,697,1024,,"floral,flowers"
22c50bc5-a534-4c34-9f52-c25a3785208f,Crown Imperial,Eugène Grasset,1896,/collections/plants-and-their-application-to-ornament-1896/33810902988_5602ec2f63_b.jpg,699,1024,,"floral,flowers"
4fd6c7a4-c69b-4702-a343-a87077ff0bb3,Periwinkle,Eugène Grasset,1896,/collections/plants-and-their-application-to-ornament-1896/32745237027_3e5beb41ed_b.jpg,672,1023,,"floral,flowers"
47070d5c-096e-4bc9-9052-9bd4f89e0c58,Cyclamen,Eugène Grasset,1896,/collections/plants-and-their-application-to-ornament-1896/33810902888_4d14cb3154_b.jpg,692,1024,,"floral,flowers"
5a5a520d-585a-414a-ac38-6714f25c81cd,Solomon's Seal (Pl. 36),Eugène Grasset,1896,/collections/plants-and-their-application-to-ornament-1896/32745237267_6843821563_b.jpg,687,1024,,"floral,flowers"
5b8df122-b4ff-4077-a6f9-b1f119a4700b,Waterlily (Pl. 8),Eugène Grasset,1896,/collections/plants-and-their-application-to-ornament-1896/46772441095_4cef9876e0_b.jpg,689,1024,,"floral,flowers"
69881b6d-09d8-4ee3-b9df-cbdf6e59f283,Lily of the Valley,Eugène Grasset,1896,/collections/plants-and-their-application-to-ornament-1896/33810902668_4b8479a451_b.jpg,696,1024,,"floral,flowers"
728e52d6-2ce4-4b2d-ae3e-7d97b0045118,Solomon's Seal (Pl. 35),Eugène Grasset,1896,/collections/plants-and-their-application-to-ornament-1896/32745237357_8100537851_b.jpg,696,1024,,"floral,flowers"
8fd53a85-6f85-4266-9c39-e9ba831847bf,Iris,Eugène Grasset,1896,/collections/plants-and-their-application-to-ornament-1896/32745237827_56acddeab4_b.jpg,689,1024,,"floral,flowers"
906620e8-d4b9-44f8-b63b-37bb1c92860f,Dandelion,Eugène Grasset,1896,/collections/plants-and-their-application-to-ornament-1896/32745237157_12de564385_b.jpg,696,1024,,"floral,flowers"
08943089-5f6e-457e-be12-92a3eddd30b7,Arrow-Head (Pl. 26),Eugène Grasset,1896,/collections/plants-and-their-application-to-ornament-1896/32745237587_a2b0b99f75_b.jpg,698,1024,,"floral,flowers"
aeb53f89-fcdd-4d21-8e10-7514d4c5343d,Jonquil (Pl. 30),Eugène Grasset,1896,/collections/plants-and-their-application-to-ornament-1896/33810902778_68a87d7d38_b.jpg,692,1023,,"floral,flowers"
b58a607f-bcc5-4e56-b425-7ffaba07ec3c,Colombine,Eugène Grasset,1896,/collections/plants-and-their-application-to-ornament-1896/32745237677_76d5ed0e4b_b.jpg,701,1023,,"floral,flowers"
e0d0df2e-df2f-480b-8d80-ce3fa2c2d8b8,Arrow-Head (Pl. 27),Eugène Grasset,1896,/collections/plants-and-their-application-to-ornament-1896/32745237537_60e12a7749_b.jpg,688,1024,,"floral,flowers"
ff5b5822-5fd2-4558-83b1-5f35fdbd7b14,Water Lily (Pl. 9),Eugène Grasset,1896,/collections/plants-and-their-application-to-ornament-1896/32745237727_7f9b4d626c_b.jpg,682,1024,,"floral,flowers"
ee366f5a-5093-4ebe-b334-6aec62b7ca60,"Natural History of Carolina, Florida and the Bahama Islands, v1. Tab 45",Mark Catesby,1731,/shop/edit-naturalhistoryCIc2Cate_0150-1.jpg,545,768,,"flora,flowers,leaves"
07ef2cf1-02d1-462e-a038-d79362587feb,"Natural History of Carolina, Florida and the Bahama Islands, v2. app. Tab 20",Mark Catesby,1743,/shop/edit-naturalhistoryCc1v2Cate_0369-1.jpg,590,768,,"botany,flowers,trees"
a0a286b1-d390-410c-934c-ac05f4cff0b5,The Green Stall,Matthew Darly,ca. 1777,/shop/edit-DP812640-1.jpg,752,1024,,flowers
7a0aa17a-9e6d-4b47-a5c3-ac9949ec0c01,Flora Dispensing her Favours on the Earth,Robert John Thornton,1807,/shop/mobot31753003125132_0133-edit-1.jpg,956,1200,,flowers
4ec31a06-e612-486b-8ff3-924d0bf9e8ae,,Ogawa Kazumasa,1896,/collections/ogawa-kazumasa-s-hand-coloured-photographs-of-flowers-1896/40402285573_5aabdd2ae2_b.jpg,663,800,,"flora,flowers"
49d3bb08-54a7-4ee7-a491-2d0a0638bcbd,,Ogawa Kazumasa,1896,/collections/ogawa-kazumasa-s-hand-coloured-photographs-of-flowers-1896/32425997157_41e4d6de84_c.jpg,788,800,,"flowers,foliage"
0ccaaa11-786c-4b4c-90ff-794ce426c99a,,Ogawa Kazumasa,1896,/collections/ogawa-kazumasa-s-hand-coloured-photographs-of-flowers-1896/40402286473_7457e8f6ba_c.jpg,800,785,,"flora,flowers,leaves"
efbf82ac-cf9e-4332-9296-5ccb52d6c9ba,,Ogawa Kazumasa,1896,/collections/ogawa-kazumasa-s-hand-coloured-photographs-of-flowers-1896/40402285913_45ab438abd_c.jpg,641,799,,"flora,flowers"
7ec8e5fd-168f-4a59-a832-ce4767870577,Fight between a Tiger and a Buffalo,Henri Rousseau,1908,/collections/highlights-from-the-cleveland-museum-of-art-s-release-of-more-than-30k-images-of-public-domain-works/46887555322_3797cda43e_c.jpg,800,716,,"flora,flowers,foliage"
7397abce-a261-41d7-8355-6f748012b1c8,Mossy Trunk and Cherry Blossoms,Utagawa Hiroshige,1837,/collections/utagawa-hiroshige-last-great-master-of-ukiyo-e/26805217137_61fe6ec540_b.jpg,1000,786,,"floral,flowers"
fd8b4337-0c0e-4b9a-a7d1-d09f7b4e6317,"Symbolic Representation, 1890",Jan Toorop,1890,/collections/the-salad-oil-style-of-jan-toorop/37676835375_817b89099c_o.jpg,1000,821,,flowers
20913f7f-c824-4bea-bd80-d560a9d98f05,"Spider, Love-in-a-Mist, Potter Wasp, and Red Currant.",Joris Hoefnagel; Georg Bocskay,1561–1596,/collections/the-model-book-of-calligraphy-1561-1596/38207281692_e23f20eae1_o.jpg,680,986,,"botany,flowers"
a870edd8-996c-4ed3-8c24-e538a42a44e2,"Dragonfly, Pear, Carnation, and Insect.",Joris Hoefnagel; Georg Bocskay,1561–1596,/collections/the-model-book-of-calligraphy-1561-1596/26462886089_c018229544_o.jpg,680,986,,"botany,flowers"
dec9372f-f473-443e-80da-340e64afec55,Dianthus and Almond.,Joris Hoefnagel; Georg Bocskay,1561–1596,/collections/the-model-book-of-calligraphy-1561-1596/26462916159_b7de5acc9f_o.jpg,680,986,,"botany,flowers"
ec5abf5a-287d-43d1-8f5a-8b3e927e30b2,"Fly, Caterpillar, Pear, and Centipede.",Joris Hoefnagel; Georg Bocskay,1561–96,/collections/the-model-book-of-calligraphy-1561-1596/38207285022_4dfff2407b_o.jpg,680,986,,"botany,flowers"
9f0bbdad-fcc7-4b4e-8a2d-879cb9c355b2,Flower Kept Alive by Putting in Water,Kusakabe Kimbei,Late 19th century,/collections/kusakabe-kimbei-s-photographs-of-late-19th-century-japan/35780301223_725cb4d95a_o.jpg,990,751,,flowers
8c1b3369-5845-445b-841b-46be8fffcfa1,"Children at Raja Yoga Academy, Point Loma",Bain News Service,1915,/essays/in-search-of-the-third-bird-kenneth-morris-and-the-three-unusual-arts/29360008695_f223ff5b13_b.jpg,1024,748,,flowers
2cf3017a-d4b8-4084-bff5-8478a344bf5c,,Anne Wagner,1795-1834,/collections/the-friendship-book-of-anne-wagner-1795-1834/24674739972_35369819d8_o.jpg,1000,639,,"floral,flowers"
64ca4b49-1b28-40fe-b145-1b95a08ac78b,,Anne Wagner,1795-1834,/collections/the-friendship-book-of-anne-wagner-1795-1834/24497040020_b0a413cd80_o.jpg,1000,633,,"flowers,leaves"
7265228d-232f-4780-b460-27e13fc51503,,Anne Wagner,1795-1834,/collections/the-friendship-book-of-anne-wagner-1795-1834/24699061241_410605f75b_o.jpg,1000,620,,flowers
8e1e5cc5-582c-460b-88bd-007e32f18244,,Anne Wagner,1795-1834,/collections/the-friendship-book-of-anne-wagner-1795-1834/24766339756_05783328fb_o.jpg,1000,626,,flowers
f54e2de0-86e7-4263-bc7d-0c49a3ac8b17,,Anne Wagner,1795-1834,/collections/the-friendship-book-of-anne-wagner-1795-1834/24792566665_37365a320a_o.jpg,1000,646,,"floral,flowers"
79051415-0caf-421f-a518-8cc06f57b3b6,"Carl Ferdinand Stelzner, Carl Overweg with His Bride Helene de Jough",,1857,/essays/sharing-photographs/24746985476_612aa5a8a0_b.jpg,872,1024,,flowers
af69dcff-79ec-4c85-9ef5-2ae5ed3d3c73,Happy Days,Gertrude Käsebier,ca. 1903,/essays/sharing-photographs/24679705311_e5b068da46_o.jpg,866,1200,,flowers
0772b49c-868d-496a-981e-ad7486a9ccba,"Fig. 12 presents a treatment of the orange similar to Fig. 11, but in a more elaborate manner.",,1910,/collections/the-art-of-ornamental-orange-peeling-1910/22308607116_72dd74c926_z.jpg,438,640,,"floral,flowers"
f3f601aa-e0d2-44b6-a73b-53c1cd5ad669,,,ca. 1867,/collections/19th-century-album-of-ottoman-fashion/19638926254_251b1b4a03_b.jpg,530,722,,flowers
505f9442-5ed4-4834-93b5-660095e2b505,A Study in Butter — The Awakening of Iolanthe,Caroline S. Brooks,ca. 1878,/collections/the-butter-sculptures-of-caroline-s-brooks/16939668193_5899bc7619_b.jpg,1000,676,,flowers
daebd99f-7173-477e-964e-8e7ffb9c5465,,,,/collections/photograph-collection-of-a-19th-century-sexologist/16960955879_02ea1282e8_b.jpg,550,702,,flowers
cd2a8a93-967a-4811-88af-7637b6d2260d,,Hugo Simberg,ca. 1908,/collections/the-photographs-of-hugo-simberg/16665976318_60da2ae89a_b.jpg,1024,336,,flowers
2684bf3c-980c-499e-9943-ca06866990ac,A Young Daughter of the Picts,Jacques Le Moyne,ca. 1585,/collections/a-young-daughter-of-the-picts-ca-1585/15323777604_612daf1624_b.jpg,727,1024,,"floral,flowers"
8c51d804-2033-4d89-81d8-35d2aca6464d,Advert for Hall’s Coca Wine: The Elixir of Life,,ca. 1916,/essays/wild-heart-turning-white-georg-trakl-and-cocaine/15583187151_410bf4a9bf_b.jpg,727,1024,,flowers
279cd50a-9e15-4df4-9238-ad1d2df176f0,Waiting for Him,,ca. 1900,/collections/the-25-stages-from-courtship-to-marriage/11353870133_693ff2175d_b.jpg,1023,505,,flowers
9c7d7c53-e693-49a0-bc8f-b1989c309120,"""I Just Knew It Would Be a Boy.""",,ca. 1900,/collections/the-25-stages-from-courtship-to-marriage/11353875573_4c3bd49709_b.jpg,1024,499,,flowers
08602606-dc99-4297-a450-48ff429d7c53,,Pierre Salas,ca. 1500,/collections/the-little-book-of-love/12521482974_3bb84fa3f1_b.jpg,800,516,,flowers
d3014aa1-fc69-40fe-8a80-12df90695242,,Pierre Salas,ca. 1500,/collections/the-little-book-of-love/12520931215_9d213cd237_b.jpg,800,1015,,flowers
61a36f19-2607-4698-92da-28eaf65f40a1,Solothurn,G. Locher,ca. 1775,/essays/ambassadors-milkmaids-and-hot-air-balloons/12286206166_9747660495_c.jpg,580,800,,flowers
1ce6c187-16e2-4bdc-8cee-02dec1710fd6,General View of Jaffa,Boulos Meo,1890s,/collections/flowers-and-pictures-of-the-holy-land/10171890576_5d2c6f6b67_o.jpg,800,590,,flowers
3c574a0f-eff5-4987-bd98-1bc071a38c1a,The Jordan,Boulos Meo,1890s,/collections/flowers-and-pictures-of-the-holy-land/10171712374_5aa23957f8_o.jpg,800,593,,"flowers,trees"
479141b0-b732-4a3c-9e41-815a3a65aaea,Tomb of the Kings / Flowers from the Tombs of the Kings,Boulos Meo,1890s,/collections/flowers-and-pictures-of-the-holy-land/flowers-jerusalem-spread.jpg,1400,547,,"flora,flowers"
440969cd-8b6e-4357-927a-6806d96246fa,Tombs of the Kings,Boulos Meo,1890s,/collections/flowers-and-pictures-of-the-holy-land/10171822645_02384f17d6_o.jpg,800,590,,flowers
5b1b7bd8-c458-4be1-a923-46ceaa6e430c,Flowers From the Tombs of the Kings,Boulos Meo,1890s,/collections/flowers-and-pictures-of-the-holy-land/10171711284_715183ccb7_o.jpg,500,676,,"botany,floral,flowers"
52063fc9-2c2f-4f38-90e8-477515f55e27,Jerusalem,Boulos Meo,1890s,/collections/flowers-and-pictures-of-the-holy-land/10172399163_9a85ac24ee_o.jpg,800,594,,flowers
7d908f09-3972-4021-98fd-49538a70040c,Flowers from Jordan,Boulos Meo,1890s,/collections/flowers-and-pictures-of-the-holy-land/10171824195_7f5d247cd2_o.jpg,500,622,,"flora,flowers"
8506531e-de35-4a34-87dc-e54151eb7fb1,Jerusalem From the North,Boulos Meo,1890s,/collections/flowers-and-pictures-of-the-holy-land/10171954063_f7f0976414_o.jpg,800,595,,flowers
0127a806-58da-41b4-95eb-ce4065e2bc95,Jews' Wailing Place,Boulos Meo,1890s,/collections/flowers-and-pictures-of-the-holy-land/10171892416_e19e95a6cc_o.jpg,800,595,,flowers
e80ae8df-c243-4e8b-a140-ebd9d6e531c9,Mount of Olives,Boulos Meo,1890s,/collections/flowers-and-pictures-of-the-holy-land/10171710394_a7bd417a9f_o.jpg,800,591,,"flowers,trees"
e32036b8-9211-461a-a2eb-02f6f6bfadd7,The Rock,Boulos Meo,1890s,/collections/flowers-and-pictures-of-the-holy-land/10171952773_3e98f615f1_o.jpg,800,593,,flowers
ed79c6f0-29b9-4515-b4e3-891ced57ba4c,Flowers From Jerusalem,Boulos Meo,1890s,/collections/flowers-and-pictures-of-the-holy-land/10171819675_b982d70d5f_o.jpg,500,633,,"botany,flowers"
f75d0e10-e78a-43b3-87bd-fcd0e4499b4d,Church of the Nativity,Boulos Meo,1890s,/collections/flowers-and-pictures-of-the-holy-land/10171711674_1f40b3aca3_o.jpg,800,592,,flowers
f2f3b267-1bf0-4f7f-a944-896ecb2eedbb,Church of the Holy Sepulchre,Boulos Meo,1890s,/collections/flowers-and-pictures-of-the-holy-land/10171707834_0c28eae2de_o.jpg,500,708,,flowers
7f7e50ea-1e38-44a0-85a3-576189b7d2eb,"A girl with flowers, a family appearing behind.",,ca. 1905,/collections/double-exposures/8508102884_814d936a0a_c.jpg,800,646,,flowers
9df35361-8f19-4917-805c-4838ad696d1f,The Snowdrop,Robert John Thornton,1807,/collections/plates-from-robert-thornton-s-temple-of-flora-1807/8166860634_8b6b499277_o.jpg,590,773,,"flora,flowers"
c3ba1727-657f-417a-a9b0-55062fef74e5,Large Flowering Sensitive Plant,Robert John Thornton,1807,/collections/plates-from-robert-thornton-s-temple-of-flora-1807/8166830859_1ac42e04eb_o.jpg,590,761,,"botany,flora,flowers"
c63a8199-33e2-4f32-944b-d8676172f730,John Ruskin,Frederick Watty,1873,/collections/cartoon-portraits-of-leading-19th-century-figures-1873/7802390562_15d08db13c_o.jpg,518,731,,flowers
14e6c45d-578d-4717-80dd-eb7016de817e,Hemlock,J. J. Grandville,1849,/collections/the-flowers-personified-1847/lesfleursanimees-0277.jpg,1073,1500,,"floral,flowers"
26971c31-5bef-4d62-a74e-bdb12a518f86,Hawthorne,J. J. Grandville,1849,/collections/the-flowers-personified-1847/lesfleursanimees-0424.jpg,1127,1500,,"floral,flowers"
2f480bd7-63c7-4b8c-858b-dd7101858d73,Honeysuckle,J. J. Grandville,1849,/collections/the-flowers-personified-1847/lesfleursanimees-0214.jpg,1107,1500,,"floral,flowers"
22899e29-cdf1-4ce4-9cf0-a4261c7fd8d2,Cornflower and corn poppy,J. J. Grandville,1849,/collections/the-flowers-personified-1847/lesfleursanimees-0030.jpg,1011,1500,,"floral,flowers"
382222ae-54c0-49cf-a5be-103d54da783b,Lilac,J. J. Grandville,1849,/collections/the-flowers-personified-1847/lesfleursanimees-0542.jpg,1116,1500,,"floral,flowers"
3eb291e5-9e66-40e0-84d5-9c1a43d0dcd8,Poppy,J. J. Grandville,1849,/collections/the-flowers-personified-1847/lesfleursanimees-0338.jpg,1067,1500,,"floral,flowers,gardens"
3bad3729-a702-4dea-8efa-27dc9de94ee7,Mirabilis,J. J. Grandville,1849,/collections/the-flowers-personified-1847/lesfleursanimees-0228.jpg,1077,1500,,"floral,flowers"
4170bde0-09a1-456d-9a65-2fd67cafb43a,Dahlia,J. J. Grandville,1849,/collections/the-flowers-personified-1847/lesfleursanimees-0405.jpg,1134,1500,,"floral,flowers"
43032def-b2cd-4438-8d9f-546c1087fcec,Carnation,J. J. Grandville,1849,/collections/the-flowers-personified-1847/lesfleursanimees-0248.jpg,1057,1500,,"floral,flowers"
4d470656-8592-4fb0-ab5b-dbd3f06199d0,Rose,J. J. Grandville,1849,/collections/the-flowers-personified-1847/lesfleursanimees-0108.jpg,1042,1500,,"floral,flowers,foliage"
53626458-1396-4405-a7e3-a9d25abbe6c9,Water lily,J. J. Grandville,1849,/collections/the-flowers-personified-1847/lesfleursanimees-0162.jpg,1128,1500,,"flora,floral,flowers"
56a1e9f3-9ae7-4dd3-a12f-bdcea74a865c,Narcissus,J. J. Grandville,1849,/collections/the-flowers-personified-1847/lesfleursanimees-0132.jpg,1035,1500,,"floral,flowers"
72ce62b2-0b1f-4303-aa21-d29ad900b784,Return of the flowers,J. J. Grandville,1849,/collections/the-flowers-personified-1847/lesfleursanimees-0560.jpg,1202,1500,,"floral,flowers"
8f8338ae-632c-455f-a2c8-dd452dedd2c9,Orange blossom,J. J. Grandville,1849,/collections/the-flowers-personified-1847/lesfleursanimees-0356.jpg,1039,1500,,"floral,flowers"
9d04579f-7618-478a-a776-76def5bece9f,Peach blossom,J. J. Grandville,1849,/collections/the-flowers-personified-1847/lesfleursanimees-0417.jpg,1082,1500,,"floral,flowers,foliage"
0c213d8f-5090-4903-babe-d5eeb009d688,Camellia,J. J. Grandville,1849,/collections/the-flowers-personified-1847/lesfleursanimees-0194.jpg,1130,1500,,"flora,floral,flowers"
abfc2fdd-1d49-4fc1-858b-6110b147fd49,Erratum,J. J. Grandville,1849,/collections/the-flowers-personified-1847/lesfleursanimees-0566.jpg,1170,1500,,"floral,flowers"
a8688f0e-9b8a-40d6-bcf9-8b56c9328902,Frontispiece to Volume I,J. J. Grandville,1849,/collections/the-flowers-personified-1847/lesfleursanimees-0010.jpg,1063,1500,,"floral,flowers"
b61cd150-782c-40f8-8224-10cd1b133a47,Gillyflower,J. J. Grandville,1849,/collections/the-flowers-personified-1847/lesfleursanimees-0526.jpeg,1208,1500,,"floral,flowers"
bd66d8bc-4784-46e2-a2b4-4e05f7f6adb3,Marshmallow,J. J. Grandville,1849,/collections/the-flowers-personified-1847/lesfleursanimees-0369.jpg,1065,1500,,"floral,flowers"
bbaf094a-637e-43f3-8f14-9827a832ec7f,Marguerite,J. J. Grandville,1849,/collections/the-flowers-personified-1847/lesfleursanimees-0188.jpg,1078,1500,,"floral,flowers"
b55bedad-fd02-4a80-b444-23cf3b4d5583,Pansy,J. J. Grandville,1849,/collections/the-flowers-personified-1847/lesfleursanimees-0058.jpg,1094,1500,,"floral,flowers"
b5d515ab-df5d-4e7d-a7a5-fdbd8c5f1f4a,Lily,J. J. Grandville,1849,/collections/the-flowers-personified-1847/lesfleursanimees-0042.jpg,1094,1500,,"floral,flowers"
cf9513ba-c6a3-4afe-9d70-f2d7d8522eab,Sensitive,J. J. Grandville,1849,/collections/the-flowers-personified-1847/lesfleursanimees-0410.jpg,1071,1500,,"floral,flowers"
c4e34079-77b9-42cd-bde7-8791275fd349,Sunflower,J. J. Grandville,1849,/collections/the-flowers-personified-1847/lesfleursanimees-0298.jpg,1078,1500,,"flora,floral,flowers"
d7c6eb38-97be-489d-b950-6d77b6957003,*Tropaeolum majus*,J. J. Grandville,1849,/collections/the-flowers-personified-1847/lesfleursanimees-0362.jpg,1112,1500,,"floral,flowers,foliage"
d91908c8-178e-46a8-a969-bf77810919db,Flax,J. J. Grandville,1849,/collections/the-flowers-personified-1847/lesfleursanimees-0326.jpg,1062,1500,,"floral,flowers"
ec001af9-b4b9-4fb6-8c31-e303e788c07d,Dried Periwinkle,J. J. Grandville,1849,/collections/the-flowers-personified-1847/lesfleursanimees-0577.jpg,1082,1500,,"floral,flowers"
ed0602b9-a9d7-489d-a734-97343372b3bf,Hortensia and crown imperial,J. J. Grandville,1849,/collections/the-flowers-personified-1847/lesfleursanimees-0494.jpg,1129,1500,,"floral,flowers"
e51f04f5-8658-41de-a507-d5cd635f57e3,Myosotis,J. J. Grandville,1849,/collections/the-flowers-personified-1847/lesfleursanimees-0444.jpg,1055,1500,,"floral,flowers"
e1df83bc-77c6-44b4-9a93-23d821578cfa,Primerose and snowdrop,J. J. Grandville,1849,/collections/the-flowers-personified-1847/lesfleursanimees-0376.jpg,1061,1500,,"floral,flowers,trees"
e405a930-6089-4502-84a0-f7bf60353280,Milk thistle,J. J. Grandville,1849,/collections/the-flowers-personified-1847/lesfleursanimees-0346.jpg,1168,1500,,"floral,flowers"
edc30883-1816-4865-888f-5e4762794a1f,Violet,J. J. Grandville,1849,/collections/the-flowers-personified-1847/lesfleursanimees-0144.jpg,1129,1500,,"flora,floral,flowers,leaves"
f88fd225-98cb-468f-a364-62a39d32e2d8,Verbena,J. J. Grandville,1849,/collections/the-flowers-personified-1847/lesfleursanimees-0521.jpg,1134,1500,,"floral,flowers,trees"
f7bc7d22-d86b-4a7b-b06d-4af06e41e538,Jasmin,J. J. Grandville,1849,/collections/the-flowers-personified-1847/lesfleursanimees-0452.jpg,1065,1500,,"floral,flowers"
fcabaa18-d90b-4ce7-a2ab-ce544640f2fc,Cactus,J. J. Grandville,1849,/collections/the-flowers-personified-1847/lesfleursanimees-0398.jpg,1090,1500,,"floral,flowers"
f7af3c6b-5285-481d-b8ae-0b5b80fa0bb8,Pomegranate,J. J. Grandville,1849,/collections/the-flowers-personified-1847/lesfleursanimees-0308.jpg,1060,1500,,"floral,flowers"
f8d0a6d6-1c20-4acd-a8cf-ec8571444df5,Laurel,J. J. Grandville,1849,/collections/the-flowers-personified-1847/lesfleursanimees-0178.jpg,995,1500,,"floral,flowers"
f59cd4e4-a6d4-4220-ae74-b487683194f9,Tulip,J. J. Grandville,1849,/collections/the-flowers-personified-1847/lesfleursanimees-0096.jpg,1068,1500,,"floral,flowers"
426b2c82-2b2a-405c-9fb2-b9685d039e4f,,,1902,/collections/shin-bijutsukai/shin-bijutsukai-0284.jpeg,1512,2176,,"flowers,leaves"
90ec095c-8ec6-4717-85be-89a8c1ab26ed,,,1902,/collections/shin-bijutsukai/shin-bijutsukai-0315.jpeg,1627,2244,,flowers
bc5326bd-cd39-494d-8a2c-e4905e29f5b1,,,1902,/collections/shin-bijutsukai/shin-bijutsukai-0324.jpeg,1550,2168,,"floral,flowers"
b80c413e-ae1b-472d-b861-cb6fde9b8c5f,,,1902,/collections/shin-bijutsukai/shin-bijutsukai-0319.jpeg,1649,2268,,flowers
bb151626-8d77-407f-b5e7-8a6961ce308e,,,1902,/collections/shin-bijutsukai/shin-bijutsukai-0257.jpeg,1610,2282,,flowers
6e1c868e-e087-4930-adf5-38a2b7fd4d91,"But there was no voice throughout the vast, illimitable desert (Silence)",Harry Clarke,1919,/collections/harry-clarke-s-illustrations-for-poe-s-tales-of-mystery-and-imagination-1919/29632546804_c242f646a1_o.jpg,525,700,,flowers
4e61cafb-54a9-4f43-9ee6-cbcd4dc75504,Hallow'een Greetings: Happy Reflections,,ca. 1920,/collections/halloween-postcards/4056411062_d06d3a5904_o.jpg,494,760,,flowers
1c676160-6694-44ee-b25a-4347e1b8f56e,"“The Fearmaker [Furchtmaker]”, a Bilen fairy tale.",Tom Seidmann-Freud,1924,/collections/rabbit-tales/dbbs_derivate_00000176-5.jpg,1774,1420,,flora
f5e1d82f-8e40-414e-a183-beca72effa11,View of the south coast of Java,Franz Wilhelm Junghuhn,1854,/collections/junghuhn-java-album/02-RP-P-2018-1025-edit.jpg,4554,3579,,flora
72aeb591-ceb4-41a7-baec-ae8299a0e73f,Mythological Bird,Anonymous,1750,/shop/nov-2023-prints-00051.jpg,707,1200,,flora
044adeb6-b236-4090-a8b6-ed384d5c66e1,Dripping Mushroom,Julie de Graag,1916,/shop/nov-2023-prints-00025.jpg,883,1200,,flora
2c5e7a56-160f-4589-b237-cb77a06c6324,Squirrel on a Tree Branch,Anonymous,ca. 1700,/shop/nov-2023-prints-00017.jpg,935,1200,,flora
1985bcb9-850c-40a0-b0f9-7d2d7b1f138d,,Madame B,ca. 1870s,/collections/madame-b-album/madame-b-album-00024.jpg,3000,2080,,"flora,trees"
62685dfd-20bb-42e8-bafd-f8f3a85b6af6,Turtle Ferrying a Monkey,,ca. 1525–50,/essays/travelling-tales/11-DP300774-edit.jpeg,2548,2100,,flora
1887109c-be91-4a75-8ae5-961cd8ca3c10,,John Bingley Garland,ca. 1850–60,/collections/garland-blood-collages/blood-book-13.jpg,1824,1380,,flora
19ebdd4b-f4e3-409b-ad12-a94c7f3fe9ac,,John Bingley Garland,ca. 1850–60,/collections/garland-blood-collages/blood-book-5.jpg,1844,1378,,flora
06444668-cc70-4421-be3f-dab5d9e146b2,,John Bingley Garland,ca. 1850–60,/collections/garland-blood-collages/blood-book-12.jpg,1818,1448,,flora
b61d578a-0eab-4376-8a77-66a9f33ac3dd,,John Bingley Garland,ca. 1850–60,/collections/garland-blood-collages/blood-book-14.jpg,1806,1448,,flora
9876925e-18e5-4b0b-ba21-b1d188330ba8,"Grotto in the Gardens of Hortus Palatinus, Heidelberg",Matthieu Marian,1620,/essays/petrified-waters/caus1620_0034-edit-3.jpg,1400,1031,,"flora,gardens"
ac007f5c-f2d1-4906-b0f7-3df440c5f2b1,Various Seaweed,Charles F. Durant,1850,/essays/love-and-longing-in-the-seaweed-album/alogology-pair-3.jpeg,2331,1647,,"botany,flora,leaves"
b887d8fd-f8dd-4f72-a2c7-02a588691c09,Various Seaweed,Charles F. Durant,1850,/essays/love-and-longing-in-the-seaweed-album/algology-pair-2.jpeg,2337,1646,,"botany,flora"
ccb53d7d-506d-41ce-b609-18b99b4ddb1f,Jungle Orchids and Hummingbirds,Martin Johnson Heade,1872,/shop/nov-2020-prints-new-00037.jpg,1200,930,,flora
1ac30939-81b3-44ae-809d-6f53bf9cf0ca,,Elias Ashmole,1652,/collections/theatrum-chemicum/theatrumchemicum00ashm_0068.jpg,931,1200,,flora
f86b3c8b-724f-4143-87a5-dcc2104cb903,Dandelion,Barbara Regina Dietzsch,ca. 1755,/shop/oct_19_new_prints_00063.jpg,876,1200,,flora
ce15e1c4-1a4a-4db1-ba69-e51cec4b8b8c,The Unicorn Rests in a Garden,,1495–1505,/collections/the-unicorn-tapestries-1495-1505/48350236866_1244b97304_c.jpg,564,799,,flora
6221ec6d-bf8a-43e5-a8e8-63601b4a0f72,The Sisyphus,E. J. Detmold,1921,/collections/fabres-book-of-insects-1921/48189612622_c8d3c91639_c.jpg,755,800,,flora
5c5827be-1743-4658-ae4d-04d14b76bf46,"Natural History of Carolina, Florida and the Bahama Islands, v1. Tab 11",Mark Catesby,1731,/shop/edit-naturalhistoryCIc2Cate_0050-1.jpg,1024,748,,"flora,leaves"
0335a604-29be-4b58-bb28-38009bef5155,"Natural History of Carolina, Florida and the Bahama Islands, v1. Tab 30",Mark Catesby,1731,/shop/edit-naturalhistoryCIc2Cate_0105-1.jpg,1024,737,,"flora,leaves"
5c2f5124-eaae-482b-9b10-cdd41269204e,"Natural History of Carolina, Florida and the Bahama Islands, v1. Tab 10",Mark Catesby,1731,/shop/edit-naturalhistoryCIc2Cate_0047-1.jpg,553,768,,"flora,leaves"
3fff456d-1a53-41bd-a357-67ab21f6354c,"Natural History of Carolina, Florida and the Bahama Islands, v2. app. Tab 8",Mark Catesby,1743,/shop/edit-naturalhistoryCc1v2Cate_0333-1.jpg,1004,768,,flora
3eeae9a7-1758-4a68-bcc6-4e4fcac0e536,"Natural History of Carolina, Florida and the Bahama Islands, v2. Tab 46",Mark Catesby,1743,/shop/edit-naturalhistoryCc1v2Cate_0147-1.jpg,1002,768,,"flora,foliage"
a807f172-89d5-44e7-8308-add24752e286,"Natural History of Carolina, Florida and the Bahama Islands, v2. Tab 45",Mark Catesby,1743,/shop/edit-naturalhistoryCc1v2Cate_0144-1.jpg,1019,768,,"flora,leaves"
eeb320ab-c6a4-49c4-a6b9-301c379be212,Guide for Constructing the Letters k and l,Joris Hoefnagel,ca. 1595,/shop/edit-00272801-1.jpg,827,1200,,flora
2e36a25b-3cf9-4329-9791-c4204aad018c,"Plate 99, Trochilidae",Ernst Haeckel,1904,/shop/99-Trochilidae-07627u-1.jpeg,711,1024,,flora
1a77d087-57af-4a8f-96db-27ffb49f954a,Bookplate of Charles Davies Sherborn,,1890,/essays/the-poetry-of-victorian-science/42744932155_1633754237_b.jpg,860,1024,,flora
47fabffa-74ae-42ca-8050-5ce84070ecbd,Parasitic Anemone,Philip Henry Gosse,1856,/essays/bringing-the-ocean-home/29029767708_5ff8f8f76a_b.jpg,631,1024,,flora
6cfd3411-0b83-485c-9a05-1435e9b88bea,,,1847,/collections/illustrations-from-the-lights-of-canopus-1847/LoC-1024x479.jpg,1024,479,,flora
671c0f8c-6a31-4b58-b9a3-9b7d21501107,,,1847,/collections/illustrations-from-the-lights-of-canopus-1847/22.jpg,626,550,,flora
7e249b11-52d7-42c3-b502-9ee7096517db,,,1847,/collections/illustrations-from-the-lights-of-canopus-1847/2-1.jpg,645,831,,flora
bc877e59-33fd-4caa-8211-6991453429af,,,1847,/collections/illustrations-from-the-lights-of-canopus-1847/15.jpg,1538,825,,flora
49dda200-25a2-434f-8501-4de512921bad,The Flower Garden,Matthew Darly,1777,/collections/a-selection-from-the-met-s-public-domain-collection-now-free-from-all-restrictions/32120747283_d0b1a8c35d_b.jpg,650,923,,"flora,gardens"
f2333711-6c9c-4242-9b29-79494ecfcaa5,The Rainbow,Félix Bracquemond,after 1885,/collections/rainbows-in-art/30701705850_2595ca6eae_b.jpg,1000,756,,flora
2eaab0ee-637c-406f-8c70-90df32a897c9,The Fabulous Creature Buraq,,ca. 1660–80,/essays/out-of-their-love-they-made-it-a-visual-history-of-buraq/29703964031_7a3d8332cf_b.jpg,1000,736,,flora
9f5416ef-14c4-42cf-860f-f14536c7ff97,Buraq,,1717,/essays/out-of-their-love-they-made-it-a-visual-history-of-buraq/29405338080_5f733fc7e8_z.jpg,636,432,,flora
084ec467-83ca-4579-baef-f73e1f5efb64,"'Solvtio Perfecta', illustration in <em>Donum Dei: Ortus diviciarum sapiencie Dei</em>, 17th century",,,/collections/the-surreal-art-of-alchemical-diagrams/28616300872_246db9f2ee_c.jpg,517,800,,flora
c0b9ef50-df88-4f15-ada4-babbc224343b,,Anne Wagner,1795-1834,/collections/the-friendship-book-of-anne-wagner-1795-1834/24497039460_ee9c6a30a8_o.jpg,1000,644,,flora
3c629637-d6af-4e96-9581-bf8433be834c,,Giuseppe Maria Mitelli,1718,/collections/illustrations-from-an-italian-book-of-proverbs-1718/20070694959_4127606c0e_c.jpg,563,800,,flora
8b363634-e202-46df-ae87-3d366b2d75b4,Manticore,,13th century,/essays/a-bestiary-of-sir-thomas-browne/18703957409_9715232332_c.jpg,800,798,,flora
101517b5-bbfe-472d-801c-4f77a34392c4,,,,/collections/photograph-collection-of-a-19th-century-sexologist/17147194485_1e2f7a5edc_b.jpg,900,783,,flora
103d2b95-c452-4f65-ab5d-85b9df9e0d91,,,ca. 1467,/collections/journey-from-venice-to-palestine-mount-sinai-and-egypt-ca-1467/16440744479_243c5e24c4_o.jpg,600,901,,flora
5efb8d49-2726-4a47-ae3d-7485bbc5d561,The Mud-Turtle Jumping Over the Wigwam of His Father-in-Law,Charels G. Leland,1884,/collections/the-algonquin-legends-of-new-england-1884/15275682301_fa130b4218_o.jpg,560,463,,flora
47cd0a90-4fde-45e7-bd01-620df1b35b5f,,Frederick Whitney,1909,/collections/blackboard-sketching-1909/blackboard-sketching-60.jpg,1169,1500,,flora
b81b4f94-bf2b-49c9-93bb-635c07cbed8b,,,ca. 1700,/collections/the-vessels-of-hermes-an-alchemical-album-ca-1700/8383077503_f3fece7842_o.jpg,700,1094,,flora
6c86037d-2c83-4d09-8f44-c1428b7094b5,Spring Morning in the Han Palace (detail),Qiu Ying,17th century,/collections/spring-morning-in-the-han-palace-17th-c/800px-Qiu_Ying_-_Spring_Morning_in_the_Han_Palace_-_Walters_3548_-_View_B.jpg,800,461,,"flora,gardens"
14af2ca2-7e0d-46a3-9cc2-16c1306d69d1,,,1678-1693,/collections/hortus-malabaricus-1678-1693/7561714328_67b7db25d8_o.jpg,800,631,,"botany,flora,foliage,trees"
745cf0b4-82c1-4d5b-8c4c-21f808b1dff5,,,1678-1693,/collections/hortus-malabaricus-1678-1693/7561712230_08927caed1_o.jpg,800,665,,"botany,flora"
891c2b4e-4d9a-45f7-bf2a-6b978f532b3e,Embalming Jar,Frederic Ruysch,1710,/collections/the-embalming-jars-of-frederik-ruysch/6754178373_77f215abc0_o.jpg,650,895,,flora
c0c1f51e-dc21-4115-9ca4-e32cd9cfdb0f,The Wholeness of Nature Reflected in the Mirror of Art,Robert Fludd,1617,/essays/robert-fludd-and-his-images-of-the-divine/utriusque_cosmi_maioris_fvm4tyd_0_e1qus37_download_full-edit.jpeg,8061,8206,,flora
b3770bac-b2a2-4dc2-b6c3-6a8e035882c2,A part of the wall crumbled with a terrible noise,Virginia Frances Sterrett,1920,/collections/old-french-fairytales-illustrated-by-virginia-frances-sterrett-1920/40879052692_aa394cfcde_b.jpg,620,826,,flora
f330d9e3-7bc7-4808-b3f8-7b30b73f7650,Violette consented willingly to pass the night in the forest,Virginia Frances Sterrett,1920,/collections/old-french-fairytales-illustrated-by-virginia-frances-sterrett-1920/40212592544_40b4df660c_b.jpg,620,816,,flora
211230ef-441e-4ac3-815d-06cacc798cae,,Anne Allen; Jean-Baptiste Pillement,ca. 1790s,/collections/chinese-arabesques/40094_40ba245f38b9a1b3_o-edit.jpeg,3344,4532,,floral
45dba210-f1a3-4880-8f61-d7dc94f35ab0,,Anne Allen; Jean-Baptiste Pillement,ca. 1790s,/collections/chinese-arabesques/40090_f4a02b5c2f272701_x-edit.jpeg,1864,2538,,floral
3d8a96a8-28bf-41cf-8869-b91d8c3bb964,Carrying cauliflowers,,ca. 1910,/collections/photographs-of-palestinian-life/palestine-00088.jpg,6008,4409,,floral
4a522d8b-9688-4f0b-bf15-fc333a75ae52,"“The Hare's Bride”, a fairy tale from Buckow in Mecklenburg.",Tom Seidmann-Freud,1924,/collections/rabbit-tales/dbbs_derivate_00000176-6.jpg,1774,1420,,floral
2e3ceeec-ed00-43aa-977e-02eb6378e082,"Jas T. Brymn and Cecil Mack, “Porto Rico”",,1910,/collections/gotham-attucks/gotham-attucks-6.jpg,1212,1624,,floral
6929784d-b9cb-40e7-9d9b-f8a8dba8b67a,"Christy Bishop and Victor Sciacca, “We‘ll Go Joyriding Up in the Air”",,1911,/collections/gotham-attucks/gotham-attucks-5.jpg,4114,5237,,floral
7800729e-6587-41e6-845c-3f2abeb8ae2f,"Alex Rogers and Will Marion Cook, “Red Red Rose”",,1908,/collections/gotham-attucks/gotham-attucks-21.jpg,760,1000,,floral
9ffdda5b-b62f-4cd0-ba0a-140c4d1b6fc6,"Alex Rogers, “Why Adam Sinned”",,1904,/collections/gotham-attucks/gotham-attucks-20.jpg,1502,2021,,floral
ab51c6fb-afb7-41c4-aed0-ecad82b869dd,"R. C. McPherson (Cecil Mack) and Jas T. Brymn, “Build a Nest for Birdie”",,1906,/collections/gotham-attucks/gotham-attucks-9.jpg,1268,1650,,floral
d6495bb2-568e-4650-a241-b4d1d36533da,"Cecil Mack and Chris Smith, “Abraham Lincoln Jones, or, The Christening”",,1909,/collections/gotham-attucks/gotham-attucks-10.jpg,1248,1624,,floral
4fe3c8be-52ca-46e8-a76f-2e746895b9ab,Atlas Moth,Anonymous,ca. 1615,/shop/nov-2023-prints-00050.jpg,874,1200,,floral
43cbe9d3-ccb2-44fe-929d-b6c3f3e957fe,Basketry Work: By the Craftsman Ichida Shōshichirō of Naniwa,Utagawa Kunisada,1819,/shop/nov-2023-prints-00008.jpg,865,1200,,floral
c6888227-6bb6-414a-91fe-ff1550ac9cb8,,Madame B,ca. 1870s,/collections/madame-b-album/madame-b-album-00049.jpg,3000,2060,,floral
74fecb60-823e-4361-8fbe-d4ba6f1d58a1,Monkey Attempting Carpentry and Inadvertently Catching His Testicles in the Split,,ca. 1525–50,/essays/travelling-tales/09-DP300728-edit.jpeg,2569,3279,,"floral,trees"
6aa4ca59-c10d-4256-b612-893dbcf47096,,Thomas Smillie,1890–1913,/collections/smillie-smithsonian/smillie-smithsonian-56.jpg,2048,1711,,floral
a5d3e812-3e51-407f-b2ec-a09791070cbb,"“Black high school age student at the Robert Taylor Homes, a highrise apartment...”",John H. White,1973–4,/collections/documerica/documerica-6.jpg,1023,1500,,floral
19a42bd9-45bb-4a74-b85e-c034e9f83a77,,John Bingley Garland,ca. 1850–60,/collections/garland-blood-collages/blood-book-28.jpg,1854,1502,,floral
95b47045-df55-41f7-be7e-36a49ce2d697,,John Bingley Garland,ca. 1850–60,/collections/garland-blood-collages/blood-book-38.jpg,1861,1554,,floral
9371456a-adde-4055-a7b4-bf470d5593ef,,John Bingley Garland,ca. 1850–60,/collections/garland-blood-collages/blood-book-2.jpeg,1841,1364,,floral
3c080be4-e905-4801-babb-7cfae687e3fb,,Philipp Hainhofer,1596–1633,/collections/hainhofer-stammbuch/hainhofer-stammbuch-059.jpeg,802,1028,,floral
5bd38e01-6e48-4cf3-8773-00e31b306c50,,Philipp Hainhofer,1596–1633,/collections/hainhofer-stammbuch/hainhofer-stammbuch-202.jpeg,798,1050,,floral
67bf16ce-54ef-49ba-8682-5f95f4f0ebdc,,Philipp Hainhofer,1596–1633,/collections/hainhofer-stammbuch/hainhofer-stammbuch-044.jpeg,840,1014,,floral
03ed0692-a716-4698-b584-8011d5f041a7,,Philipp Hainhofer,1596–1633,/collections/hainhofer-stammbuch/hainhofer-stammbuch-183.jpg,1400,1111,,floral
0498cbd0-d82b-47a1-9293-fe0b445700b7,,Philipp Hainhofer,1596–1633,/collections/hainhofer-stammbuch/hainhofer-stammbuch-120.jpg,991,1400,,floral
e10f1c58-e9c4-4052-ae55-d7b7c9a9fdd0,,Philipp Hainhofer,1596–1633,/collections/hainhofer-stammbuch/hainhofer-stammbuch-091.jpeg,786,1022,,floral
c3ec7953-c52f-461b-90f5-99a1e59ddd73,Silky filamentous Sulphate of Iron (*Ferrum sulphuratum*),James Sowerby,1802–17,/collections/sowerby-mineralogy/sowerby-mineral-7.jpeg,834,806,,"floral,leaves"
20e0021f-bbcf-4818-93fd-cb9f20a15b99,Kimono design,Ueno Seikō,ca. 1902,/collections/unkindo-kimono-designs/yachigusav15ueno_0005.jpeg,694,948,,floral
30299ff8-469c-40f7-8259-a230c3f8d620,Kimono design,Ueno Seikō,ca. 1902,/collections/unkindo-kimono-designs/yachigusav8ueno_0017.jpeg,694,956,,floral
37e06c71-530e-4792-a085-0a2e4c88113b,Kimono design,Ueno Seikō,ca. 1902,/collections/unkindo-kimono-designs/yachigusav8ueno_0024.jpeg,700,964,,floral
57caf241-c530-4528-a71f-67f40ef6248d,Kimono design,Ueno Seikō,ca. 1902,/collections/unkindo-kimono-designs/yachigusav8ueno_0009.jpeg,690,952,,floral
5302c640-3624-4e4d-a29a-d70637c8a052,Kimono design,Ueno Seikō,ca. 1902,/collections/unkindo-kimono-designs/yachigusav15ueno_0016.jpeg,694,965,,floral
77c7e65a-3eed-4ab1-b0d7-61cd204c1226,Kimono design,Ueno Seikō,ca. 1902,/collections/unkindo-kimono-designs/yachigusav15ueno_0014.jpeg,704,974,,floral
d93f87bf-26f4-448d-84a9-f2f2854ce52f,Kimono design,Ueno Seikō,ca. 1902,/collections/unkindo-kimono-designs/yachigusav15ueno_0032.jpeg,700,972,,floral
1364bf1c-f88e-45ff-ac85-ff1c19dc6737,Upholsterer,Robert Bénard,18th century,/essays/postures-of-transport/s3_V0024000_V0024192EL-edit.jpg,1326,2097,,floral
2f1dc349-d36d-447a-a9e5-aef8530cdbd9,Bride in the Greek Style,Benigno Bossi,1771,/collections/greek-masquerade/nov-2020-prints-new-00033.jpg,800,1200,,floral
1849add6-19f5-487b-aaec-68f8a4d67d63,Frustules of Diatoms,Julius Wiesner,1870,/shop/nov-2020-prints-new-00043.jpg,1059,1200,,floral
44916560-e19b-4b4f-8697-9c86c28bd73c,,Elias Ashmole,1652,/collections/theatrum-chemicum/theatrumchemicum00ashm_0236.jpg,941,1200,,floral
0d627dc8-69ec-486e-9ee2-1b0afb89c396,,Elias Ashmole,1652,/collections/theatrum-chemicum/theatrumchemicum00ashm_0115.jpg,931,1200,,floral
b9e50de9-3f9f-4eb3-aa6f-1eb6045d3e03,,Elias Ashmole,1652,/collections/theatrum-chemicum/theatrumchemicum00ashm_0036.jpg,907,1200,,floral
7fc69a12-c0f6-44cc-a841-6f3ae44eff07,The Climax,Aubrey Beardsley,1894,/shop/oct_19_new_prints_00013.jpg,949,1200,,floral
ba302bd7-ece5-416c-a69f-68401b5b5e7c,Alchemy Scene: Crowned Woman in Red,Anonymous,ca. 18th century,/shop/oct_19_new_prints_00034.jpg,866,1200,,floral
d5c10d4c-b877-4606-9236-27d069dc2308,The Temptation of Jesus Christ (7th century),John O. Westwood,1868,/collections/john-o-westwoods-facsimiles-of-anglo-saxon-and-irish-manuscripts-1868/facsimilesofmini00west_0231-edit.jpg,700,921,,floral
1e51c166-03c4-4b59-8245-1281404370bd,A Young Daughter of the Picts,Jacques Le Moyne de Morgues,ca. 1585,/shop/edit-britishart.yale_.eduvufindRecord3658134-1.jpg,545,768,,floral
2c40b0c0-b7fd-46a0-8bf0-7c37dc34c331,Thaddeus Davids and Co. Writing Inks,"Snyder, Black and Sturn",ca. 1857,/shop/08364u-edit-1.jpeg,829,1024,,floral
0cfeb726-6355-4476-9289-76f5df312f29,Guide for Constructing the Letters h and i,Joris Hoefnagel,ca. 1595,/shop/edit-00272701-1.jpg,827,1200,,floral
3ba6e93b-58c4-4cb6-bb20-0f0be1633993,Beatrice,Odilon Redon,1897,/shop/RP-P-1922-164-edit-1.jpg,1039,1200,,floral
b60f2b55-e3cc-4a8a-b3aa-c03b409b5a36,Little Boy Lost,William Blake,ca. 1825,/shop/DP816654-edit-1.jpg,857,1200,,floral
156843dd-f343-48e8-a600-d2fed50885f7,Cover for <em>To the End</em>,,ca. 1898,/collections/the-art-of-book-covers-1820-1914/46348544014_56f9f51ae6_o.jpg,422,680,,floral
b347eb16-24b2-4dea-9ade-61df666b1491,Christ on the Cross with Angels,,1483,/essays/filling-in-the-blanks-a-prehistory-of-the-adult-coloring-craze/46983701111_eaf55f654d_b.jpg,739,1024,,floral
c2553785-2eae-4306-81fc-886d0952a6e1,Tragedy of the Seas,Charles Ellms,1841,/collections/the-tragedy-of-the-seas-1841/29659873387_d5d2d14eb7_c.jpg,494,799,,floral
45b8893d-001e-4da1-8ef3-4387918c30ec,18th Century,Albert Racinet,1869–73,/collections/albert-racinet-s-l-ornement-polychrome-1869-73/41404980740_25f0084935_b.jpg,678,1024,,floral
47ead7ee-7b31-49a8-9b01-c7fe11917335,Arabic,Albert Racinet,1869–73,/collections/albert-racinet-s-l-ornement-polychrome-1869-73/29343542838_0cc0397334_b.jpg,683,1024,,floral
9a86e1af-5519-439a-b06d-e73be1e756d3,Renaissance,Albert Racinet,1869–73,/shop/edit-pd6-jj-166-id-329076-jpeg.jpg,823,1200,,"floral,foliage"
9b81149a-76a8-4e19-a237-c3e7050af2c5,Chinese,Albert Racinet,1869–73,/collections/albert-racinet-s-l-ornement-polychrome-1869-73/42310897715_f64c0f5b4c_b.jpg,695,1024,,floral
cec9fc68-b871-4d71-a5b8-cef23fde079e,Chinese-Japanese,Albert Racinet,1869–73,/collections/albert-racinet-s-l-ornement-polychrome-1869-73/42310900275_a518bf4fed_b.jpg,688,1024,,floral
567be99f-018e-48d7-84ca-e510846b0469,Fore-edge for a copy of *The Poetical Works of Thomas Campbell*,,1825,/collections/fore-edge-book-paintings-from-the-boston-public-library/27777891967_3eabd90803_b.jpg,1024,333,,floral
bb640680-c3b7-4623-b3b1-676e12956a4b,,Robert Seaver,1782,/collections/the-diverting-history-of-john-gilpin-shewing-how-he-went-further-than-he-intended-and-came-safe-home-again-1782/41050550821_9e7b985928_c.jpg,799,490,,floral
e62fc568-0b40-48ba-b849-f7e034285298,"“I shall not touch it I assure you”, said she",Nathaniel Hawthorne,1921,/collections/nathaniel-hawthorne-s-tanglewood-tales-illustrated-by-virginia-frances-sterrett-1921/40026864275_ba0857344a_b.jpg,620,806,,floral
2510cf3c-b939-4168-809e-d61748b5a6a0,"Work for Women, 1898",Jan Toorop,1898,/collections/the-salad-oil-style-of-jan-toorop/38533318092_3a1c44a531_o.jpg,800,1367,,floral
0df5000a-2281-443c-b113-1e6cf65808a7,"Poster for a rural social rehabilitation institution in Beekbergen, 1896",Jan Toorop,1896,/collections/the-salad-oil-style-of-jan-toorop/38564849301_bc36662ef3_o.jpg,800,1075,,floral
7e6a66f3-bc76-4b1b-924e-9d34ac5127e1,Seated Woman,Kusakabe Kimbei,Late 19th century,/collections/kusakabe-kimbei-s-photographs-of-late-19th-century-japan/36589518635_57d94b24fe_c.jpg,612,800,,floral
5369e308-8657-43a1-b944-87a312ac6a97,Tughra (Official Signature) Of Sultan Süleiman The Magnificent (R. 1520–66),Anonymous,ca. 1555–60,/collections/a-selection-from-the-met-s-public-domain-collection-now-free-from-all-restrictions/32935580775_81684b7f7b_b.jpg,1000,851,,floral
1933bdbf-73af-4ea2-8d71-da96ab7c2f0a,,,ca. 1919,/collections/pages-from-an-illustrated-catalogue-of-period-ornaments-ca-1919/30006058325_e9563a2b5e_b.jpg,600,797,,floral
4fd7f603-7c43-48e5-abb3-18e5ef613cb4,,,ca. 1919,/collections/pages-from-an-illustrated-catalogue-of-period-ornaments-ca-1919/30006055855_c899f8344b_b.jpg,600,804,,floral
73b298ea-9e7d-4510-8eef-8a1309287236,The Buraq Worshipped by Two Princes,,19th century,/essays/out-of-their-love-they-made-it-a-visual-history-of-buraq/29750413786_1bb6a41ab1_b.jpg,1023,635,,floral
27776e5d-d882-49fb-9ecf-4ed8ed8c2539,Alchemical diagram,,ca. 17th century,/collections/the-surreal-art-of-alchemical-diagrams/28104534664_9aa9f4d441_c.jpg,526,800,,"floral,foliage"
844369ca-1fb1-4b79-8c3f-1fc1513be1c5,Black Sun,,1582,/collections/the-surreal-art-of-alchemical-diagrams/28722135905_493c3cba87_c.jpg,530,800,,floral
d3e89dfd-577a-43f8-b764-cf6c948cb8b4,Alchemical image,,15th century,/collections/the-surreal-art-of-alchemical-diagrams/28644499851_2d2e1f8d26_c.jpg,600,800,,floral
56105744-1d5b-4aed-82cf-feafb26599dd,,Anne Wagner,1795-1834,/collections/the-friendship-book-of-anne-wagner-1795-1834/24674741252_2df5d80afc_o.jpg,1000,635,,floral
877c371b-0cd7-4eb9-bf77-c472796a9999,,Anne Wagner,1795-1834,/collections/the-friendship-book-of-anne-wagner-1795-1834/24766338556_e4aebdafa1_o.jpg,1000,638,,floral
a7097028-6ee5-40dd-856f-97a8b6a0acc1,,Anne Wagner,1795-1834,/collections/the-friendship-book-of-anne-wagner-1795-1834/24766338416_814a5d762f_o.jpg,1000,645,,floral
df9dee6d-c19c-46aa-94bc-594f57e03cfb,,Anne Wagner,1795-1834,/collections/the-friendship-book-of-anne-wagner-1795-1834/24674741472_77affa66be_o.jpg,1000,634,,floral
ea733852-70c2-459a-8f6f-bd6ecce02089,,Anne Wagner,1795-1834,/collections/the-friendship-book-of-anne-wagner-1795-1834/24499851650_7f335dfec7_o.jpg,1000,633,,floral
7639be58-c757-4ee2-933c-44da6ff18ead,"Fig. 6 represents a crown with the greater part of the fruit left bare, while the crown is carved out of the peel at the top.",,1910,/collections/the-art-of-ornamental-orange-peeling-1910/22146620080_6f88edfcee.jpg,499,494,,floral
3427a0cf-b024-4454-909e-d4ae6c6f41be,The Young Hercules Strangling a Snake,Cornelis Bos,1516–56,/collections/16th-century-ornament-prints/17057949183_e2fd7a1836_o.jpg,800,1168,,"floral,foliage"
58574fbb-bc5d-4266-887c-aeb3e00aae2c,A Naked Boy Leaning Over a Crossbar,Cornelis Bos,ca. 1516–56,/collections/16th-century-ornament-prints/17491995199_4944406aa5_o.jpg,800,1125,,"floral,foliage"
6726e883-43db-4db1-b680-97adc8f8e4d8,A Woman Riding a Deer Leads a Procession,Cornelis Floris II; Hieronymus Cock,ca. 1550,/collections/16th-century-ornament-prints/17057955953_a6df331692_o.jpg,1000,320,,"floral,foliage"
652eb9e4-2b6d-4d9c-b641-f35c8c8ee8fe,Charity Trapped in a Shell-Like Shape,Cornelis Floris II; Hieronymus Cock; Johannes or Lucas van Doetecum,1556,/collections/16th-century-ornament-prints/17678307975_9f29b0e9ee_o.jpg,800,1191,,"floral,foliage"
7ba18bf2-6f2a-45ec-9d56-f9ff1a59233d,Figures Trapped in a Shell-Like Ornament With a Man and Woman Clamped in Shells,Cornelis Floris II; Hieronymus Cock,1556,/collections/16th-century-ornament-prints/17490456478_498a92d76a_o.jpg,800,1159,,"floral,foliage"
93905bcc-776a-4167-8be5-ce99bc3f9d54,Men and Fruits,Cornelis Floris II; Hieronymus Cock,1556,/collections/16th-century-ornament-prints/17651954296_b68dba372f_o.jpg,800,1154,,"floral,foliage"
952cba91-691e-4394-8335-849efb7927e0,A Fountain in the Shape of a Cage,Cornelis Floris II; Hieronymus Cock,1557,/collections/16th-century-ornament-prints/17058174073_160e2d65ef_o.jpg,800,1150,,"floral,foliage"
a5f363bc-74e4-470f-90f3-7d6c52072535,Men and Women Surrounding a Face,Hieronymus Cock; Pieter van der Heyden; Jacob Floris,1567,/collections/16th-century-ornament-prints/17675827192_612b483eae_o.jpg,800,1243,,"floral,foliage"
a97c8935-ade7-4114-8197-28cd4bd92573,A Woman and Two Satyrs by a Fountain,Cornelis Floris II; Hieronymus Cock; Johannes or Lucas van Doetecum,1556,/collections/16th-century-ornament-prints/17491991539_5ebded7cfd_o.jpg,800,1089,,"floral,foliage"
b5bbb988-1391-409c-86c1-7e2b7600ea9b,"Fragment of a larger design (1558 - 1608), designer Hans Vredeman de Vries, engraver Johannes or Lucas van Doetecum, publisher Hieronymus Cock",Cornelis Floris II; Hieronymus Cock; Johannes or Lucas van Doetecum,1558–1608,/collections/16th-century-ornament-prints/17651931686_714749cc5d_k.jpg,762,2047,,"floral,foliage"
b209c2aa-985c-4da9-8cdf-4921dbba0a0c,A Chariot Pulled by Two Men and a Goat,Cornelis Floris II; Hieronymus Cock,1552,/collections/16th-century-ornament-prints/17057953823_66dd960914_o.jpg,1000,336,,"floral,foliage"
da96dca5-a456-42bc-84a6-a7ea393026c5,Man Surrounded by Birds and Various Creatures,Cornelis Floris II; Hieronymus Cock; Johannes or Lucas van Doetecum,1557,/collections/16th-century-ornament-prints/17057950583_e04b0a5487_o.jpg,800,1193,,"floral,foliage"
fcef4203-cf9e-4854-8e95-3e7654cb5e6d,,Hugo Simberg,ca. 1908,/collections/the-photographs-of-hugo-simberg/16667412609_78bac1c721_b.jpg,1023,765,,floral
64bbbbfb-5082-4738-98fb-c7196c7ff215,Departing on a Trip 2,,19th century,/essays/a-mongolian-manual-of-astrology-and-divination/15809593293_cac63fdfc0_c.jpg,800,238,,floral
722a9921-694e-4d38-92fe-4a5740168e75,The Cover,,19th century,/essays/a-mongolian-manual-of-astrology-and-divination/16403747166_b295d72a6c_c.jpg,800,264,,floral
1e85bba7-fedd-4625-ab43-0a7be3590818,Dirges and Laments,Robert Anning Bell,1902,/collections/poems-of-shelley-illustrated-by-robert-anning-bell-1902/16193943358_a002e69d1b_b.jpg,1000,797,,floral
507c00c1-8593-48ba-aa92-76af9c72929f,Adonais: An Elegy on the Death of John Keats,Robert Anning Bell,1902,/collections/poems-of-shelley-illustrated-by-robert-anning-bell-1902/16195672717_5c0b43f6cc_b.jpg,1000,795,,floral
5146dc5a-bd04-4e43-8dfb-50cd714b6b1a,Shorter Lyrics,Robert Anning Bell,1902,/collections/poems-of-shelley-illustrated-by-robert-anning-bell-1902/16195671207_4fa4355860_b.jpg,1000,812,,floral
dc524a3a-12a0-4c3e-abf2-dadee642e800,The Triumph of Life,Robert Anning Bell,1902,/collections/poems-of-shelley-illustrated-by-robert-anning-bell-1902/16193944668_553a427088_b.jpg,1000,775,,floral
ea12baff-fc7d-40de-82ef-621efac29800,Miscellaneous Poems,Robert Anning Bell,1902,/collections/poems-of-shelley-illustrated-by-robert-anning-bell-1902/16355593036_2bdca89f42_b.jpg,1000,797,,floral
4be0dee3-a1e1-41ed-9652-cf24c07e28c8,,Joris Hoefnagel; Georg Bocskay,ca. 1595,/collections/hoefnagel-s-guide-to-constructing-the-letters-ca-1595/16342033551_1624cf667a_b.jpg,706,1024,,floral
6e4ae110-2b88-4306-8125-814969424c7e,,Joris Hoefnagel; Georg Bocskay,ca. 1595,/collections/hoefnagel-s-guide-to-constructing-the-letters-ca-1595/16317835176_523bd1103e_b.jpg,706,1024,,floral
caeb6181-addc-42e4-ae3b-b604190a6857,,Joris Hoefnagel; Georg Bocskay,ca. 1595,/collections/hoefnagel-s-guide-to-constructing-the-letters-ca-1595/16156409690_8e7a065eb4_b.jpg,706,1024,,floral
f20ccff3-faf8-44fa-bddf-b31d5f48ddde,,Joris Hoefnagel; Georg Bocskay,ca. 1595,/collections/hoefnagel-s-guide-to-constructing-the-letters-ca-1595/16156410860_0f4cd07db2_b.jpg,706,1024,,floral
5eefefc5-a5dd-470e-97cb-a9bd9e0bfdc7,The Embalmed Body of Julia Pastrana on Display,George Wick,ca. 1860s,/essays/julia-pastrana-a-monster-to-the-whole-world/15881456681_f65333ceb4_b.jpg,745,1023,,floral
205018e6-a19e-44ae-9bcd-922570da2974,Francesca Auriol,,ca. 1860s,/collections/highlights-from-folger-shakespeare-library-s-release-of-almost-80000-images/14884379326_826845b395_c.jpg,716,800,,floral
1366d994-bb54-4eb0-b7fb-a15cf059f4da,,Master of San Miniato,15th century,/collections/the-prophecy-of-the-popes-15th-century/14272451398_a7ba86bdbf_o.jpg,600,840,,floral
1d1a6ae6-e1e6-42e7-8c44-d1495b0fe912,,Master of San Miniato,15th century,/collections/the-prophecy-of-the-popes-15th-century/14457686032_bb22182d5c_o.jpg,600,789,,floral
a4fbb2bc-a177-4950-b07a-ab3ff5f12674,,Master of San Miniato,15th century,/collections/the-prophecy-of-the-popes-15th-century/14272446210_dc16927404_o.jpg,600,839,,floral
7e470fc3-7424-4316-8003-a4b99560924e,The Wedding,,ca. 1900,/collections/the-25-stages-from-courtship-to-marriage/11353777676_1b5df84a72_b.jpg,1024,496,,floral
a539080b-1c03-480d-8f0b-eb0dff3bc4ab,The Bride Ready for the Ceremony,,ca. 1900,/collections/the-25-stages-from-courtship-to-marriage/11353816994_5b5933c7c3_b.jpg,1024,505,,floral
13e5edba-d97e-47f8-b75d-151ee48671b3,,,,/collections/the-british-library-s-mechanical-curator-million/11448875964_23b52e2f80_o.jpg,187,250,,floral
b13c7a76-cd28-42e5-9d0d-1260c381cd55,,,,/collections/the-british-library-s-mechanical-curator-million/11449625294_48581c130d_b.jpg,950,181,,"floral,foliage"
db36d4ee-097b-4923-bd0e-8f05205419d0,,,,/collections/the-british-library-s-mechanical-curator-million/11447984315_64c2e3705d_b.jpg,950,249,,"floral,leaves"
8047d041-9725-45f6-99e5-c14969ce43b8,Canon Table Page,T'oros Roslin,1256,/collections/a-selection-from-the-getty-s-open-content-program/9510945996_36bfacf4dd_o.jpg,555,700,,floral
a5b50ecf-632a-4df7-b775-d9642105a5eb,Guide for Constructing the Letters h and i,Joris Hoefnagel; Georg Bocskay,ca. 1591–6,/collections/a-selection-from-the-getty-s-open-content-program/9508371969_d4606362c1_o.jpg,529,768,,floral
b351cf1e-91cd-4762-aa4d-ce4b4479057f,Decorated Incipit Page,,1637–8,/collections/a-selection-from-the-getty-s-open-content-program/9510945310_dab3cc3607_o.jpg,553,800,,floral
52a16705-b3b8-488d-8abb-0f691c47fc10,Skeleton Leaves,John P. Soule,1873,/collections/skeleton-leaves-1873/8447588320_39a42185e5_o.jpg,980,465,,"floral,leaves"
8fd289d7-6aca-4628-b404-0aae377f48f6,Skeleton Leaves,John P. Soule,1873,/collections/skeleton-leaves-1873/8446500417_c39e86c49a_o.jpg,980,460,,"floral,leaves"
77ecea1f-1c73-4bc3-8b0c-929c73c256da,A String Quartet,Vanessa Bell,1921,/essays/simple-songs-virginia-woolf-and-music/8322701000_47bca423b1_o.jpg,540,734,,floral
60260e7d-fe75-4c88-b371-0229dcdd55d9,,Charles Mavelot,1695,/collections/17th-century-heraldry-designs-1695/7590457496_f065869c9a_c.jpg,800,564,,floral
a46f2695-3a97-4758-afc0-b5db3ada0de4,,Charles Mavelot,1695,/collections/17th-century-heraldry-designs-1695/7590451192_45b4e03128_c.jpg,800,564,,floral
a3419c58-f962-4550-9b7c-5e9bea399719,,Charles Mavelot,1695,/collections/17th-century-heraldry-designs-1695/7590455852_1e7d1c59ca_c.jpg,800,564,,floral
4787bc58-bf9e-4161-866d-8b30576fdb03,,,1902,/collections/shin-bijutsukai/shin-bijutsukai-0219.jpeg,1607,2237,,floral
734269f4-e950-467e-8475-6b11340857cf,,,1902,/collections/shin-bijutsukai/shin-bijutsukai-0333.jpeg,1588,2230,,floral
0cda6251-6469-44d2-82cc-3976a07339f4,All Hallowe'en Greetings,,1908,/collections/halloween-postcards/halloween-card-47.jpg,760,489,,floral
0404969a-9441-4ec6-a112-46d2ff56d71a,Shield Fern Fronds,Karl Blossfeldt,1928,/shop/blossfeldt-urformen-00011.jpg,1153,1500,,botany
8a57ad38-6f9b-4762-b70d-42cc5f203bfd,Shells,Anna Atkins,1823,/essays/anna-atkins-cyanotypes/57484312-edit.jpeg,2334,1722,,botany
4adb5c65-8f83-4573-ba28-979ddcebda23,Elgin Botanic Garden,L. Simond; William Satchwell Leney,1802,/essays/flower-power-hamiltons-doctor-and-the-healing-power-of-nature/39895094083_10f1ebe3a0_b.jpg,1024,602,,botany
5a68f315-4202-40e8-b59f-db5c1fe8caf6,Different Stages of a Diseased Tongue with Yellow Fever,Charles Philibert de Lasteyrie,1820,/essays/flower-power-hamiltons-doctor-and-the-healing-power-of-nature/39895092103_3d05afb3f9_b.jpg,834,1024,,botany
070ed3c8-8fda-4bdf-a6b2-d5fcb42bb92d,David Hosack,A. B. Durand; Thomas Sully,1835,/essays/flower-power-hamiltons-doctor-and-the-healing-power-of-nature/46859953471_1847308c2e_b.jpg,824,1024,,botany
d862cf01-e5dc-424b-887d-018055e76ab8,Elgin Botanic Garden,,1811,/essays/flower-power-hamiltons-doctor-and-the-healing-power-of-nature/39895093123_06ca688ef3_b.jpg,1023,722,,"botany,gardens,trees"
b24310db-bb5a-49bd-a07d-012248fd8585,Leaf,William Henry Fox Talbot,ca. 1839,/collections/a-selection-from-the-met-s-public-domain-collection-now-free-from-all-restrictions/32781708912_67222344f8_b.jpg,1000,804,,"botany,leaves"
b9462c98-9283-4017-9e89-4bbdf087fde7,Frontispiece to *The Temple of Nature* (1803) by Erasmus Darwin,,1803,/essays/visions-of-algae-in-eighteenth-century-botany/29482472606_aef59ef0ce_b.jpg,738,1024,,botany
2765a80a-8f05-4685-8508-b426ef7235a0,Rhus Typhina – Sumach or Stag-horn,Romeyn Beck Hough,1888–1913,/collections/the-american-woods/20225381444_bf691a5045_o.jpg,600,933,,"botany,trees"
3adb0d02-41c9-4ea3-8dc1-c8c7376b7c65,Quercus obtusiloba – Post Oak,Romeyn Beck Hough,1888–1913,/collections/the-american-woods/20227003793_7babd71e29_o.jpg,600,912,,"botany,trees"
450d5d77-6f1b-42b9-b672-c723bf547cd2,Quercus Michauxii – Basket Oak,Romeyn Beck Hough,1888–1913,/collections/the-american-woods/20227003983_a23d8d5123_o.jpg,600,915,,"botany,trees"
52bcf01d-01c6-4986-a955-dd5c69cc045f,Jaglans nigra – Black Walnut,Romeyn Beck Hough,1888–1913,/collections/the-american-woods/20661261189_a0beeeaf1e_o.jpg,600,918,,"botany,trees"
68ef97db-350a-484b-b12e-0131d07010c0,Thuja gigantea – Pacific Arborvitae,Romeyn Beck Hough,1888–1913,/collections/the-american-woods/20821700346_986991214a_o.jpg,600,891,,"botany,trees"
6d2e4aa6-d0f6-46ac-813c-2e8cca53e47d,Quercus digitata – Finger Oak,Romeyn Beck Hough,1888–1913,/collections/the-american-woods/20838410552_9d81984915_o.jpg,600,911,,"botany,trees"
6c8a21d4-efa4-4517-9e1b-b93444c27fb3,Sassafras officinale – Sassafras,Romeyn Beck Hough,1888–1913,/collections/the-american-woods/20855142511_557031a2aa_o.jpg,600,899,,"botany,trees"
8f7c50ad-4791-424d-94c5-ec3fdda0f4a6,Asimina triloba – Papaw,Romeyn Beck Hough,1888–1913,/collections/the-american-woods/20855143071_01ddcb450e_o.jpg,600,919,,"botany,trees"
92594e6a-a081-4fcf-86c4-dbebb608ec20,"Castaneavesca, Var Amer. – Chestnut",Romeyn Beck Hough,1888–1913,/collections/the-american-woods/20821701856_724e095ac1_o.jpg,600,904,,"botany,trees"
9e59db8a-073c-46db-a231-7807280a06fd,Pletanus occidentalis – Sycamore or Button-wood,Romeyn Beck Hough,1888–1913,/collections/the-american-woods/20838411752_c5e9abdf64_o.jpg,600,896,,"botany,trees"
005354ab-9c7e-49c4-ab50-16e13db639d3,Pyrus rivularis – Oregon Crab Apple,Romeyn Beck Hough,1888–1913,/collections/the-american-woods/20661261779_130a7bc618_o.jpg,600,896,,"botany,trees"
0254c481-6c93-4257-9e54-469f7da10163,Gleditschia triacanthos – Honey Locust,Romeyn Beck Hough,1888–1913,/collections/the-american-woods/20225384084_a55408cc42_o.jpg,600,963,,"botany,trees"
b032b882-7e9d-4778-9f79-186ad13ced22,Quercus coccinea – Scarlet Oak,Romeyn Beck Hough,1888–1913,/collections/the-american-woods/20855141451_1a306473ee_o.jpg,600,899,,"botany,trees"
b7acace4-a9e2-454c-a774-ea4a16bd4d18,Quercus rubra – Red Oak,Romeyn Beck Hough,1888–1913,/collections/the-american-woods/20855142601_9f89888751_o.jpg,600,892,,"botany,trees"
d4f55f45-10bb-44e9-9e4c-8dd0a68fafc8,Quercus Prinus – Rock Oak,Romeyn Beck Hough,1888–1913,/collections/the-american-woods/20855141031_3fa9b8fca8_o.jpg,600,908,,"botany,trees"
d8cf6667-50ab-4103-82cc-64929a1bdcfc,Platanus Wrightii – Arizona Sycamore,Romeyn Beck Hough,1888–1913,/collections/the-american-woods/20661260839_551ebdce1e_o.jpg,600,912,,"botany,trees"
e7978389-c263-4e45-93d9-0de7d6630c6c,"equoia gigantea – Big Tree, Giant Redwood",Romeyn Beck Hough,1888–1913,/collections/the-american-woods/20227003593_3300bdb26f_o.jpg,600,908,,"botany,trees"
e20f96f3-4351-4fae-8681-8eb1cf817d5e,Quercus Muhlenbergii – Chinquapin Oak,Romeyn Beck Hough,1888–1913,/collections/the-american-woods/20821700836_3b17261eb5_o.jpg,600,914,,"botany,trees"
e8e6ce7a-bf80-4138-ae85-7bb7717ea331,Juglans cinerea – Butternut,Romeyn Beck Hough,1888–1913,/collections/the-american-woods/20855141911_877ae8fc74_o.jpg,600,917,,"botany,trees"
efd6ca59-14d8-495f-ae34-2724b9b13077,Dalea spinosa – Dalea,Romeyn Beck Hough,1888–1913,/collections/the-american-woods/20661262799_e316078cb5_o.jpg,600,916,,"botany,trees"
a9a9fa6c-f064-40a3-854b-dc16c9b43454,Transverse Section of Plant Stem,Arthur E Smith,1909,/collections/nature-through-microscope-and-camera-1909/14990365625_5c11be40be_o.jpg,600,940,,botany
a1a35926-4b6b-4c23-872d-4eabb43534e9,Section of Wheat-Stem,Arthur E Smith,1909,/collections/nature-through-microscope-and-camera-1909/14990010262_64fee0667c_b.jpg,600,714,,botany
d8a37300-68c9-4761-86d7-e24de7904666,,Johann Remmelin,1667,/collections/remmelin-s-anatomical-flap-book-1667/9017086930_a860217658_o.jpg,782,984,,botany
2ff14ca8-9fb0-431c-9970-bc917a0265ae,Illustrative plate from Nehemiah Grew’s <em>The Anatomy of Plants</em> (1682).,Nehemiah Grew,1682,/essays/the-life-and-work-of-nehemiah-grew/5486434440_ce70cb54b6_z.jpg,640,616,,botany
3ee0b040-90d4-4ce9-bcc6-6917d6fa6d6a,Illustrative plate from Nehemiah Grew’s <em>The Anatomy of Plants</em> (1682).,Nehemiah Grew,1682,/essays/the-life-and-work-of-nehemiah-grew/5486434450_e2aed44270_z.jpg,640,606,,botany
4f480f22-8051-4e6d-9ffc-87c8c4f66bcc,Illustrative plate from Nehemiah Grew’s <em>The Anatomy of Plants</em> (1682).,Nehemiah Grew,1682,/essays/the-life-and-work-of-nehemiah-grew/5485971794_5462e947c1_z.jpg,640,468,,botany
7efe9559-ce2d-4c33-b5d4-749707224e98,Illustrative plate from Nehemiah Grew’s <em>The Anatomy of Plants</em> (1682).,Nehemiah Grew,1682,/essays/the-life-and-work-of-nehemiah-grew/5486434448_9dee268f03_z.jpg,640,581,,botany
863c4fa9-e634-4a38-b215-63f5f474e6b8,Illustrative plate from Nehemiah Grew’s <em>The Anatomy of Plants</em> (1682).,Nehemiah Grew,1682,/essays/the-life-and-work-of-nehemiah-grew/5486434458_d33f18eeeb_z.jpg,640,603,,botany
ccb94a22-8907-4b0a-82ab-5b29cb70155e,Illustrative plate from Nehemiah Grew’s <em>The Anatomy of Plants</em> (1682).,Nehemiah Grew,1682,/essays/the-life-and-work-of-nehemiah-grew/5485971804_26f7c91e5c_z.jpg,639,454,,botany
cb7eea6a-cc5c-4667-a97c-b8640f1babb1,Illustrative plate from Nehemiah Grew’s <em>The Anatomy of Plants</em> (1682).,Nehemiah Grew,1682,/essays/the-life-and-work-of-nehemiah-grew/5485971806_12cea135ac_z.jpg,640,452,,botany
f6a73a76-4fc0-4897-bc20-b190889e46e7,The Kite Entangled,George Morland; William Ward,1790,/collections/art-of-kite-flying/kite-flying-00048.jpg,4232,5656,,trees
6b03d10e-a556-4def-bc0c-b4861ebcfc87,Boy Releasing a Kite,Katsushika Hokusai,ca. 1800–10,/collections/art-of-kite-flying/kite-flying-00005.jpg,3000,1157,,trees
e66e7af6-72df-42e4-83d8-32bf90f0337e,A kite-flying competition,,ca. 1850,/collections/art-of-kite-flying/kite-flying-00027.jpg,3059,2291,,trees
168d78a9-18ef-4395-abe0-6f0c19df95ec,Kites of Fukuroi and Distant View of Akiba in Totomi Province,Utagawa Hiroshige,1859,/collections/art-of-kite-flying/kite-flying-00007.jpg,2036,3000,,trees
ba75740f-1167-42a0-8e41-74fce761af39,The wretched King Nebuchadnezzar,,1559,/collections/histoires-prodigieuses/histoires-prodigieuses-00003.jpg,2808,2808,,trees
7e15046a-4705-41f9-82ee-5ddb5d1bab7e,Conjoined twins from Verona,,1559,/collections/histoires-prodigieuses/histoires-prodigieuses-00017.jpg,2634,2959,,trees
2f7da1d0-ef00-4ef7-8501-60ec639b5998,"Two monsters, one male, the other female, seen in our time in Italy",,1559,/collections/histoires-prodigieuses/histoires-prodigieuses-00022.jpg,2617,2839,,trees
4d8278f2-8044-4bda-b91a-e5e460aa275a,A king who was so fat that he had his fat sucked out by leeches,,1559,/collections/histoires-prodigieuses/histoires-prodigieuses-00023.jpg,2634,2959,,trees
f9cf34d5-8148-4e3c-94fa-bfe68cc5d0b4,Male monster who has been seen in France in our time,,1559,/collections/histoires-prodigieuses/histoires-prodigieuses-00025.jpg,2657,2992,,trees
6abb724a-a8ea-4096-9044-6e6342786f5e,Monster caught in the forest,,1559,/collections/histoires-prodigieuses/histoires-prodigieuses-00027.jpg,2596,2981,,trees
5a52eb69-fcc9-44e5-b6bf-4fb230afef05,A Carload of Potato from California,Edward H. Mitchell,1909,/collections/giant-produce-postcards/master-pnp-pcrd-1a00000-1a00000-1a00300-1a00361u.jpg,3383,2198,,trees
66f6eaa7-2369-47bf-a2d3-321e06af8514,A Carload of Strawberries from California,Edward H. Mitchell,1909,/collections/giant-produce-postcards/master-pnp-pcrd-1a00000-1a00000-1a00300-1a00360u.jpg,3385,2181,,trees
3ffbef7d-4e83-44cc-95b9-18f67de84592,A Carload of Lemons from California,Edward H. Mitchell,1909,/collections/giant-produce-postcards/master-pnp-pcrd-1a00000-1a00000-1a00300-1a00356u.jpg,3381,2186,,trees
d47a539c-ae29-409a-92a5-dd36a1fb8317,A Carload of Peaches from California,Edward H. Mitchell,1909,/collections/giant-produce-postcards/master-pnp-pcrd-1a00000-1a00000-1a00300-1a00354u.jpg,3374,2179,,trees
4f03ef5a-48c9-424e-b335-a01422217fde,A Carload of Mammoth Apples from California,Edward H. Mitchell,1909,/collections/giant-produce-postcards/master-pnp-pcrd-1a00000-1a00000-1a00300-1a00352u.jpg,3383,2179,,trees
b62510cc-fec1-4bbe-927f-c14ee7665578,A Carload of Mammoth Navel Oranges from California,Edward H. Mitchell,1909,/collections/giant-produce-postcards/master-pnp-ppmsca-19000-19095u.jpg,6759,4326,,trees
cf2ef83e-c28e-4308-b2b3-035076350ccd,View of Rocchetta Mattei from the west,Pietro Poppi,ca. 1879–83,/essays/a-thousand-and-one-nights-in-italy/01-A6A85CAD-C659-4D62-A306-D47713FA5231.jpg,4071,3327,,trees
94ab307b-8bd1-408a-a92f-56ef3841eddd,From Boulevard de Clichy,Henri Rivière,1888–1902,/collections/36-views-of-the-eiffel-tower/10-image_riviere_henri_du_boulevard_de_g.22392-10_2023140.jpg,3156,2640,,trees
8883560c-80e7-420b-9ce2-bf86d1f264c0,From Rue Lamarck,Henri Rivière,1888–1902,/collections/36-views-of-the-eiffel-tower/14-image_riviere_henri_de_la_rue_lamar_g.22392-14_2023141.jpg,3084,2572,,trees
f2be43ec-f98a-4b08-bc5b-b4bb72c3eeaf,From the Bois de Boulogne,Henri Rivière,1888–1902,/collections/36-views-of-the-eiffel-tower/22-image_riviere_henri_du_bois_de_boul_g.22392-22_2023171.jpg,2824,2364,,trees
25bea5b3-9aaa-4e5b-9a24-ecb42924c0c0,From the Île des Cygnes,Henri Rivière,1888–1902,/collections/36-views-of-the-eiffel-tower/24-image_riviere_henri_de_lile_des_cy_g.22392-24_2023173.jpg,2856,2384,,trees
c1340585-75a0-4321-a7a0-26975d830549,From the Quai de Javel (Signalman’s Hut),Henri Rivière,1888–1902,/collections/36-views-of-the-eiffel-tower/28-image_riviere_henri_du_quai_de_jave_g.22392-28_2023176.jpg,2860,2384,,trees
c9862197-0d17-4e96-b7a7-2948168d1e87,From the Quai de Passy – Coalmen,Henri Rivière,1888–1902,/collections/36-views-of-the-eiffel-tower/31-image_riviere_henri_du_quai_de_pass_g.22392-31_2023178.jpg,2872,2400,,trees
3cca2537-db82-4d0b-a12b-22b7bf31a832,From Bas-Meudon Station,Henri Rivière,1888–1902,/collections/36-views-of-the-eiffel-tower/32-image_riviere_henri_de_la_gare_du_b_g.22392-32_2023179.jpg,2880,2400,,trees
b6095181-7a3d-4ffa-9dac-e6a77bb07990,"From the Trocadéro Gardens, Autumn",Henri Rivière,1888–1902,/collections/36-views-of-the-eiffel-tower/34-image_riviere_henri_des_jardins_du_g.22392-34_2023181.jpg,2900,2422,,"leaves,trees"
793c1848-9da7-4887-a18e-17db14b6d02c,The Witches at the Walnut Tree of Benevento,Guglielmo della Porta,ca. 1534–77,/essays/roma-lister-aradia/03-DP811268-edit.jpg,3555,1764,,trees
bde46f80-5241-46ce-91d0-a0cfa31ae7c0,Hamlet,Aubrey Beardsley,1892,/collections/aubrey-beardsley/beardsley-illustration-00002.jpg,1340,2644,,trees
9708ec06-89d2-4aef-8a4d-7bdf3e2e5ae1,La Beale Isoud at Joyous Gard,Aubrey Beardsley,1893–94,/collections/aubrey-beardsley/beardsley-illustration-00034.jpg,3910,2830,,"climbing-plants,gardens,trees"
c74e6e47-c54d-4e99-b81f-3d6c18e0fbdb,Baron Verdigris,Aubrey Beardsley,1894,/collections/aubrey-beardsley/beardsley-illustration-00019.jpg,2412,3408,,trees
a6b31e21-c479-49c3-b2b0-b31bee4ae00d,The Platonic Lament,Aubrey Beardsley,1894,/collections/aubrey-beardsley/beardsley-illustration-00026.jpg,2210,3010,,"climbing-plants,trees"
aeb07395-baf4-42c2-86d0-7db604b1392b,The Eyes of Herod,Aubrey Beardsley,1894,/collections/aubrey-beardsley/beardsley-illustration-00028.jpg,2278,3012,,trees
92517e15-2dba-4b1b-a975-fae2c4cb1bcb,Madame Réjane,Aubrey Beardsley,1894,/collections/aubrey-beardsley/beardsley-illustration-00036.jpg,2684,2222,,trees
a29811a7-105c-4c9b-b379-f68f2ddd6ec4,Design for a golf club card,Aubrey Beardsley,ca. 1894,/collections/aubrey-beardsley/beardsley-later-works-00009.jpg,1500,2516,,trees
6f12ce1c-c844-4cd5-9ae0-88ebfb5cd7fd,Et in Arcadia Ego,Aubrey Beardsley,1896,/collections/aubrey-beardsley/beardsley-illustration-00058.jpg,2430,3426,,trees
38f1b8e9-918e-45f8-b5bb-f62e7905242d,The Return of Tannhäuser to Venusberg,Aubrey Beardsley,1897,/collections/aubrey-beardsley/beardsley-illustration-00038.jpg,2602,2588,,trees
7c73c6a9-2668-4488-ba51-510483a83e59,Diorama of a Caribbean scene,Gerrit Schouten,ca. 1830,/collections/gerrit-schouten-suriname-dioramas/360-5139c-ed.jpg,4120,3273,,trees
984a12d5-669e-4c69-98c6-f85ec4bb112c,Wiosna (Spring),Michalina Janoszanka,ca. 1920s,/collections/michalina-janoszanka/Michalina_Janoszanka_-_Wiosna-edit.jpg,3267,3033,,trees
d7c2c1d4-6b75-4428-bb4f-2a9c2716e5a3,Zima (Winter),Michalina Janoszanka,ca. 1920s,/collections/michalina-janoszanka/Michalina_Janoszanka_-_Zima-edit.jpg,3263,3012,,trees
62858081-a815-4903-bdbc-c131db8ca9b2,Spring,Michalina Janoszanka,1926,/shop/Spring-shop.jpg,1500,1393,,trees
c7eaa164-7845-41d1-ae3c-1c2f2a143a9a,,Wallace Smith,1922,/essays/relaxations-for-the-impotent/fantaziusmallare00hechrich_0027-edit-2.jpg,2263,3604,,trees
1b3d777f-ee8b-4bcf-b0e8-0fddd46c28f2,,Wallace Smith,1922,/essays/relaxations-for-the-impotent/04-fantaziusmallare00hechrich_0167-edit.jpg,2114,3452,,trees
2be6cd73-c084-438b-8443-6f27ed1e9486,Adam and Eve,Johann Theodor de Bry,1590,/collections/briefe-and-true-report-de-bry-engravings/477644606.jpg,2028,2580,,trees
e2348e20-15ad-4edd-820e-e3300f87ade6,The manner of making their boats,Johann Theodor de Bry,1590,/collections/briefe-and-true-report-de-bry-engravings/477644632.jpg,2276,1640,,trees
9d689342-7ba9-4df3-8bc7-9609a252324d,"Facsimile of the Codex Ríos, ca. after 1566",Agostino Aglio,1831–48,/collections/antiquities-of-mexico/antiquities-of-mexico-00018.jpg,3373,4352,,trees
290dc64b-77c6-482f-b28f-726614160044,Syntax Tree,,1890,/collections/diagramming-sentences-in-the-19th-century/comprehensiveeng00gaus_0342-edit.jpeg,2236,3236,,trees
38ad2d92-a40d-42c5-90c7-16682d75efe4,Syntax Tree,,1890,/collections/diagramming-sentences-in-the-19th-century/comprehensiveeng00gaus_0338-edit.jpeg,3240,2296,,trees
37f7535d-9449-4b42-8708-5c58c2b030e4,Syntax Tree,,1890,/collections/diagramming-sentences-in-the-19th-century/comprehensiveeng00gaus_0340-edit.jpeg,2495,3944,,trees
8056dab3-2194-4808-ac8c-6f75cbb06bac,"Diagram from Solomon Barrett, *The Principles of Grammar* (1857).",,1857,/collections/diagramming-sentences-in-the-19th-century/principlesofgram00barrrich_0047-edit.jpeg,2004,3044,,trees
a2669bbd-fbe8-441c-9c71-5d6d61cae2c7,“God hath spoken...”,,1857,/collections/diagramming-sentences-in-the-19th-century/principlesofgram00barrrich_0008-edit.jpeg,2068,2760,,trees
da05c7eb-d44c-4724-ab78-5114e0df46d3,“Juno demisit...”,,1857,/collections/diagramming-sentences-in-the-19th-century/principlesofgram00barrrich_0116-edit.jpeg,2068,2552,,trees
d6641a6f-f8ff-4901-9976-ec932db28936,,Raffaele Mainella,1907,/collections/nos-invisibles/BSG_FOLRSUP15RES_0122.jpeg,4516,6209,,trees
d72ef354-3682-4bb5-9156-20833d088be3,,Raffaele Mainella,1907,/collections/nos-invisibles/BSG_FOLRSUP15RES_0290.jpeg,3184,6140,,trees
269c1943-0116-49eb-8447-a318e4bf5ed3,Family of Yemenite Jews,,ca. 1910,/collections/photographs-of-palestinian-life/palestine-00069.jpg,6043,4380,,trees
90c3a357-4e5f-44a1-b3ec-42268da2b571,Bride in Nazareth,,ca. 1910,/collections/photographs-of-palestinian-life/palestine-00068.jpg,6008,4387,,trees
0ba2a9ca-ed08-4c9b-964f-6f7145683ee3,School children in Jenin,,ca. 1903,/collections/photographs-of-palestinian-life/palestine-00028.jpg,5898,2997,,trees
0d5e2a03-36ee-4997-8f42-9624b150fee4,Sword dance at a wedding,,ca. 1910,/collections/photographs-of-palestinian-life/palestine-00090.jpg,6001,4442,,trees
768f8085-7c36-4932-b020-43fcebf3f57a,River Landscape,Maria Catharina Prestel; Jan van Huysum,1783,/collections/maria-catharina-prestel/maria-catharina-prestel-00010.jpg,2552,2140,,trees
affc4a8c-8ca8-47bc-92cd-db6cd1a7be29,Landscape,Maria Catharina Prestel; Allaert van Everdingen,1783,/collections/maria-catharina-prestel/maria-catharina-prestel-00004.jpg,2844,1900,,trees
af2d00c8-cadf-4ffa-9a07-28729825ff0a,Forest Road with Resting Travelers,Maria Catharina Prestel; Herman Saftleven,1783,/collections/maria-catharina-prestel/maria-catharina-prestel-00015.jpg,3276,3772,,"foliage,trees"
096369e1-6f48-4487-9ca7-6a186883a57e,"Sky apparition over Altdorf with a red and a yellow sun, 1578.",,1578,/collections/celestial-phenomena-16th-century-germany/celestial-phenomena-00009.jpeg,5356,7133,,trees
e4554e26-8318-49b0-89f4-8d23c6926c58,"Celestial apparition on December 18, 1564 near Schwabmünchen, Germany.",,1564,/collections/celestial-phenomena-16th-century-germany/celestial-phenomena-00018.jpeg,5016,6312,,trees
f58db960-b084-427c-b489-648aa1aaf2fe,Comet apparition from November 1577 with a view of Nuremberg.,,1577,/collections/celestial-phenomena-16th-century-germany/celestial-phenomena-00031.jpeg,5504,6755,,trees
3f46bbf8-b6ed-4989-8de3-cab4b5c90611,,Edith Wharton,1904,/collections/edith-wharton-italian-villas/italianvillast00whar_0217-edit.jpeg,2829,4209,,"gardens,trees"
708d2c2c-1b38-45ef-934e-b139f14eff92,Boboli,Edith Wharton,1904,/collections/edith-wharton-italian-villas/italianvillast00whar_0052-edit.jpeg,2877,4269,,"gardens,trees"
0990b7cb-80a3-4e00-85d0-b365b71f05de,Villa Medici,Edith Wharton,1904,/collections/edith-wharton-italian-villas/italianvillast00whar_0156-edit.jpeg,2875,4269,,"gardens,trees"
a1d8636c-0bf4-489f-b617-7c6393f6d0a9,,Edith Wharton,1904,/collections/edith-wharton-italian-villas/italianvillast00whar_0260-edit.jpeg,2988,4260,,"gardens,trees"
a6d70784-644a-42e8-bc2e-68d9ce8beb11,,Edith Wharton,1904,/collections/edith-wharton-italian-villas/italianvillast00whar_0192-edit.jpeg,2853,4278,,"gardens,trees"
bf919c85-f26c-4735-bc7c-92b915fc8c27,Cicogna,Edith Wharton,1904,/collections/edith-wharton-italian-villas/italianvillast00whar_0288-edit.jpeg,2889,4263,,"gardens,trees"
d0dd7fe0-b36d-4243-9c42-dad0ff08bb31,Vicobello,Edith Wharton,1904,/collections/edith-wharton-italian-villas/italianvillast00whar_0104-edit.jpeg,2886,4113,,"gardens,trees"
e9e316c3-da68-4f35-b904-55375ecf1c99,Pliniana,Edith Wharton,1904,/collections/edith-wharton-italian-villas/italianvillast00whar_0323-edit.jpeg,2820,4209,,"gardens,trees"
f0ca005c-21b2-4c78-a080-fd72e7f433e5,,Edith Wharton,1904,/collections/edith-wharton-italian-villas/italianvillast00whar_0217-edit.jpeg,2829,4209,,"gardens,trees"
c87c3f73-c676-498a-860c-8cbba225d6bb,"“The Hare Who Laughed Until His Lip Burst”, a fairy tale from the parish of Waiwara.",Tom Seidmann-Freud,1924,/collections/rabbit-tales/dbbs_derivate_00000176-8.jpg,1774,1420,,trees
1b792e3c-d0c2-489e-8e84-4a35abdcbd65,View of the south coast of Java,Franz Wilhelm Junghuhn,1854,/collections/junghuhn-java-album/02-RP-P-2018-1025-edit.jpg,4554,3579,,trees
500ce79f-c9bc-4df2-93c7-7e943abf97bb,View of Lake Patenggang in Java,Franz Wilhelm Junghuhn,1854,/collections/junghuhn-java-album/08-RP-P-2018-1023-edit.jpg,4432,3324,,trees
9317f263-d241-4c57-9e25-a60c34cdb9c5,View of a landscape on the Dieng Plateau,Franz Wilhelm Junghuhn,1854,/collections/junghuhn-java-album/09-RP-P-2018-1020-edit.jpg,5538,4081,,trees
c3b631d8-e52a-42e6-8e00-15f0cc8d9481,Mount Merapi,Franz Wilhelm Junghuhn,1854,/collections/junghuhn-java-album/11-border-faked.jpg,5519,3770,,trees
ce341ca0-2434-470e-966e-ac81fe036868,View of a landscape in Gunung Sewu,Franz Wilhelm Junghuhn,1854,/collections/junghuhn-java-album/04-RP-P-2018-1021-edit.jpg,4879,3634,,"foliage,trees"
cd47a842-1d40-4aa3-9639-da1a2fd604c4,Another arrest of Vidocq,,1869,/essays/eugene-francois-vidocq-and-the-birth-of-the-detective/07-mmoiresdevidoc00vido_0199-edit.jpeg,3636,2612,,trees
da111b48-64ed-4fdf-977e-a003d13afee5,"“Mord” Allen and Tom Lemonier, “In My Old Home (in Dixie Land)”",,1908,/collections/gotham-attucks/gotham-attucks-11.jpg,1593,2034,,trees
12cba4ae-8b8a-40c5-a162-8a87da847555,"Sami woman, Utskarpen",Charles Rabot,ca. 1881,/collections/charles-rabot/NVE_RABOT_0299.jpg,2350,3196,,trees
3c77e869-12cc-40f5-8fc3-e27a1a60ca99,Sami hut,Charles Rabot,ca. 1881,/collections/charles-rabot/NVE_RABOT_0296.jpg,3196,2350,,trees
315abc7f-6b9c-4755-829a-73ede21783a7,"Sami from Imandra, Kola",Charles Rabot,ca. 1881,/collections/charles-rabot/NVE_RABOT_0274.jpg,3201,2352,,trees
a22f6e2e-cdda-49c3-9cb2-fe4615af0d8a,"Tunnel to underground watercourse, Dunderlandsdalen",Charles Rabot,ca. 1881,/collections/charles-rabot/NVE_RABOT_0326.jpg,3196,2350,,trees
11575d96-73ed-4161-84db-7221d171fc46,Trees on the Mountain,Jean Baptiste Camille Corot,1856,/essays/cliche-verre-and-friendship-in-19th-century-france/06-1925.558_print-edit.jpg,2897,3389,,trees
42e62473-1225-4813-bacb-dccefd5d48e8,The Young Woman and Death,Jean Baptiste Camille Corot,1854,/essays/cliche-verre-and-friendship-in-19th-century-france/05-DAC_1963-16-1-4_001_OA-edit.jpeg,848,1024,,trees
62b5a7c4-124e-4fe8-b1d6-009f8d08e8dd,Two Boatmen in a Marsh near a Cluster of Tree,Henri-Constant-Joseph Dutilleux,1857,/essays/cliche-verre-and-friendship-in-19th-century-france/02-1997.179_print-edit.jpg,3400,2445,,"foliage,trees"
89aa4468-5552-42a5-875d-c0852db55201,Luncheon in a Clearing,Jean Baptiste Camille Corot,1857,/essays/cliche-verre-and-friendship-in-19th-century-france/luncheon_in_a_clearing_%28un_dejeuner_dans_la_clairiere%29_1967.18.12-edit2.jpg,4034,3310,,"foliage,trees"
90b264eb-d6e7-4a04-889c-0fda9eb57de6,Nightpiece,Charles-François Daubigny,1862,/essays/cliche-verre-and-friendship-in-19th-century-france/moonlit_landscape_2000.7.12-edit.jpg,4011,3331,,trees
90b3b351-61fd-48ce-98c1-f5d34eb3118a,The Woodcutter of Rembrandt,Jean Baptiste Camille Corot,1853,/essays/cliche-verre-and-friendship-in-19th-century-france/DP883972-edit2.jpeg,1261,1853,,trees
ab11e11b-cd47-41b8-9668-42ffb8395787,Cows at a Watering Place,Charles-François Daubigny,1862,/essays/cliche-verre-and-friendship-in-19th-century-france/07-1925.575_print-edit.jpg,3392,2817,,trees
af935379-d679-4264-b5f0-220620170a6f,A Stream in a Glade,Charles-François Daubigny,1862,/essays/cliche-verre-and-friendship-in-19th-century-france/04-1925.566_print-edit.jpg,2685,3287,,"foliage,trees"
c2a80a3d-8a73-4fd6-a99b-d421409d7b8f,Deer,Charles-François Daubigny,1862,/essays/cliche-verre-and-friendship-in-19th-century-france/08-1992.340_print-edit.jpg,3212,2678,,trees
1b4a087f-6e69-4083-8a25-afc789f459d9,,,ca. 1880,/collections/paper-lantern-catalogue/DP110894_2.jpg,3500,3839,,trees
02a091b5-285c-4a47-8799-4b151ab2afe5,Fox (*Vulpes vulpes*),Jacob Goethals (possibly),ca. 1800,/shop/nov-2023-prints-00052.jpg,929,1200,,trees
877ba52b-0105-47e8-bf9e-f0718a6417c5,Sowing Man,Bernard Essers,1927,/shop/nov-2023-prints-00023.jpg,1212,1200,,trees
eca36e5d-a2d6-4357-91cd-1b86d54beb1a,,Madame B,ca. 1870s,/collections/madame-b-album/madame-b-album-00030.jpg,3000,2082,,trees
53283bc4-893f-44e0-8926-ec87a4f30bf1,Mouse Gnawing at a Net Imprisoning Doves,,ca. 1525–50,/essays/travelling-tales/13-DP300753-edit.jpeg,2430,2662,,trees
8c448454-0e69-44dd-bf76-ef27446d4cf4,,Katsushika Hokusai,1836,/collections/hokusai-warriors/hokusai-c10.jpg,3252,2212,,trees
0f651454-24c8-4dd7-82c0-e316798de4f8,,Katsushika Hokusai,1836,/collections/hokusai-warriors/hokusai-c24.jpg,3240,2236,,trees
6e170f57-5535-46be-a398-843a65f8ed0b,,Thomas Smillie,1890–1913,/collections/smillie-smithsonian/smillie-smithsonian-23.jpg,2048,1596,,trees
00dd3a24-2368-4a86-8a0a-0c67d79dbe25,,Thomas Smillie,1890–1913,/collections/smillie-smithsonian/smillie-smithsonian-10.jpg,2048,1612,,trees
00c572cc-f121-454e-b6c1-bd04f9cc3f2d,,Thomas Smillie,1890–1913,/collections/smillie-smithsonian/smillie-smithsonian-15.jpg,1633,2048,,trees
addc8239-d8f2-45c6-a419-598c8d2b016d,,Thomas Smillie,1890–1913,/collections/smillie-smithsonian/smillie-smithsonian-29.jpg,2048,1654,,trees
ba6558f1-83e3-4892-8f12-859a13a48e0b,,Thomas Smillie,1890–1913,/collections/smillie-smithsonian/smillie-smithsonian-12.jpg,2048,1591,,trees
f50c7ac0-0c66-44f0-84d8-c98511d71b42,,Thomas Smillie,1890–1913,/collections/smillie-smithsonian/smillie-smithsonian-20.jpg,1657,2048,,trees
413e374d-ed09-4997-a46a-81c61d49942a,Exclamation Point or Note of Admiration,Mr. Stops,1824,/collections/punctuation-personified/punctuation-personified-19.jpg,2348,2072,,trees
8b6487a2-6f7e-48a3-8a0c-b2a15fb2b3bd,Period or Full Stop,Mr. Stops,1824,/collections/punctuation-personified/punctuation-personified-15.jpg,2386,2114,,trees
c6edce51-f828-4d38-a30b-e8da6141aab8,Interrogative Point,Mr. Stops,1824,/collections/punctuation-personified/punctuation-personified-17.jpg,2357,2122,,trees
2c3d978b-1de2-4b0a-8677-ea5189368870,"“Cradle & infancy, school a playground, the fear of boys, & dogs, & females, the love of little maids & berries...”",C. P. Cranch,ca. 1837–9,/collections/cranch-new-philosophy/cranch-philosophy-19.jpg,2400,1941,,trees
18beca1e-a1e9-4aad-ba91-a8b0778d1291,George Taylor - 2 Residences,Meyer Goldbaum,ca. 1936,/collections/manhattans-last-arcadia/george_taylor_-_2_residences_1943.8.10503.jpeg,1133,1500,,"gardens,trees"
1b6c73fd-774d-4504-a799-a413c44f9954,A. M. Ferris Estate,William Merklin,ca. 1936,/collections/manhattans-last-arcadia/a._m._ferris_estate_1943.8.10488.jpeg,1122,1500,,"gardens,trees"
1410e075-c170-44d5-97fe-944370deb829,Jumel Mansion,Virginia Richards,ca. 1936,/collections/manhattans-last-arcadia/jumel_mansion_1943.8.10824.jpeg,1143,1500,,"gardens,trees"
2f75af7c-c271-44fe-b49c-33f7be6b3c0f,Cheeseborough Estate,Helen Miller,ca. 1936,/collections/manhattans-last-arcadia/cheeseborough_estate_1943.8.10480.jpeg,1152,1500,,"gardens,trees"
2d86cb3f-010d-4a86-8288-356c936ab7e5,Isaace P. Martin Garden,William Merklin; Tabea Hosier; Gilbert Sackerman,ca. 1936,/collections/manhattans-last-arcadia/isaace_p._martin_garden_1943.8.10827.jpeg,1157,1500,,"gardens,trees"
2d44bfb2-b6db-4da7-9ceb-0664b756ba99,Wood Residence,Tabea Hosier,ca. 1936,/collections/manhattans-last-arcadia/wood_residence_1943.8.10730.jpeg,1170,1500,,"gardens,trees"
368aacd7-4cc3-48f3-8647-e084274b7a67,Thomas Ingham Estate,William Merklin; Virginia Richards; Gilbert Sackerman,ca. 1936,/collections/manhattans-last-arcadia/thomas_ingham_estate_1943.8.10499.jpeg,1164,1500,,"gardens,trees"
4f77ad4c-419e-415d-a1c0-47eeb3e41a8e,Garden of Thomas Veitch,William Merklin; Helen Miller; Gilbert Sackerman,ca. 1936,/collections/manhattans-last-arcadia/garden_of_thomas_veitch_1943.8.10484.jpeg,1152,1500,,"gardens,trees"
43f81bc9-9031-4069-99ae-e1a52b321329,J. G. Bennett Estate,William Merklin; Virginia Richards,ca. 1936,/collections/manhattans-last-arcadia/j._g._bennett_estate_1943.8.10489.jpeg,1163,1500,,"gardens,trees"
4d4a7cfd-3dba-49d1-8ddc-5e87eb3bc729,Jumel Estate #5,Virginia Richards,ca. 1936,/collections/manhattans-last-arcadia/jumel_estate_5_1943.8.10492.jpeg,1159,1500,,"gardens,trees"
56ee3472-a0e4-4429-a5b4-2f9b8161e63d,Eliza Jumel Estate,Virginia Richards,ca. 1936,/collections/manhattans-last-arcadia/eliza_jumel_estate_1943.8.10491.jpeg,1140,1500,,"gardens,trees"
65f21eee-9c63-4c2a-afc4-5d9bc2ce2faa,John A. Haven Estate,William Merklin; Tabea Hosier; Gilbert Sackerman,ca. 1936,/collections/manhattans-last-arcadia/john_a._haven_estate_1943.8.10500.jpeg,1152,1500,,"gardens,trees"
6a56219f-5936-4a32-810d-babd48c3d406,Ward and Green Gardens,Meyer Goldbaum,ca. 1936,/collections/manhattans-last-arcadia/ward_and_green_gardens_1943.8.10497.jpeg,1140,1500,,"gardens,trees"
63a5d1bb-1e99-4a5d-98bc-a4ba9136b324,M. Ward Estate,Virginia Richards,ca. 1936,/collections/manhattans-last-arcadia/m._ward_estate_1943.8.10495.jpeg,1112,1500,,"gardens,trees"
6af098f1-4164-4e4a-af43-2125ea6e1fec,Eliza B. Jumel Estate,Virginia Richards,ca. 1936,/collections/manhattans-last-arcadia/eliza_b._jumel_estate_1943.8.10558.jpeg,1126,1500,,"gardens,trees"
6489f025-51fd-4d64-978c-bc5ab5af538c,Flower Garden - Lewis Estate,William Merklin; Virginia Richards,ca. 1936,/collections/manhattans-last-arcadia/flower_garden_-_lewis_estate_1943.8.10527.jpeg,1151,1500,,"gardens,trees"
7343a9b7-4b92-4b06-bd17-b0f66543c742,Isaac Dyckman House,Helen Miller,ca. 1936,/collections/manhattans-last-arcadia/isaac_dyckman_house_1943.8.10496.jpeg,1140,1500,,"gardens,trees"
71b25798-43a1-4df8-96e2-a1bc7dd578e7,W. A. Wheelock Estate,Tabea Hosier,ca. 1936,/collections/manhattans-last-arcadia/w._a._wheelock_estate_1943.8.10498.jpeg,1175,1500,,"gardens,trees"
8a467053-3cc7-45be-8ab0-9b1c822dcbbb,Cheeseborough Estate,Helen Miller,ca. 1936,/collections/manhattans-last-arcadia/cheeseborough_estate_1943.8.10505.jpeg,1129,1500,,"gardens,trees"
88c98db6-3b36-4d45-91a4-c954fbdf4c22,C. O'Connor and J.M. Hopkins Estate,William Merklin; Helen Miller; Gilbert Sackerman,ca. 1936,/collections/manhattans-last-arcadia/c._o_connor_and_j.m._hopkins_estate_1943.8.10482.jpeg,1131,1500,,"gardens,trees"
95684ef1-e9f9-41d0-8b9c-0e51bff5f097,Hayes and Thompson Estate,William Merklin; Gilbert Sackerman; George Stonehill,ca. 1936,/collections/manhattans-last-arcadia/hayes_and_thompson_estate_1943.8.10506.jpeg,1166,1500,,"gardens,trees"
96f87ac9-11c3-458e-8a73-5ebc034f11cb,Peter K. Knapp Estate,George Stonehill,ca. 1936,/collections/manhattans-last-arcadia/peter_k._knapp_estate_1943.8.10481.jpeg,1161,1500,,"gardens,trees"
0b4d2efd-1d87-4d94-bf58-15083008ede3,A. C. Richards' Garden,William Merklin; Gilbert Sackerman,ca. 1936,/collections/manhattans-last-arcadia/a._c._richards__garden_1943.8.10485.jpeg,1149,1500,,"gardens,trees"
03798787-2f2c-4163-8bb9-25e61a3ec614,J. Hopkins Estate,Meyer Goldbaum; George Stonehill,ca. 1936,/collections/manhattans-last-arcadia/j._hopkins_estate_1943.8.10476.jpeg,1110,1500,,"gardens,trees"
b4ceb38e-d188-44c4-b04c-7cefa606cc01,Frank Thompson Hilltop Estate,Gilbert Sackerman; George Stonehill,ca. 1936,/collections/manhattans-last-arcadia/frank_thompson_hilltop_estate_1943.8.10502.jpeg,1142,1500,,"gardens,trees"
b3c1d593-4048-49ea-9664-a1a101d2f079,A. Elliot Estate,Gilbert Sackerman,ca. 1936,/collections/manhattans-last-arcadia/a._elliot_estate_1943.8.10512.jpeg,1182,1500,,"gardens,trees"
b840eed4-049c-4b76-82dc-f428723f42a8,Madame Jumel's Garden,Virginia Richards,ca. 1936,/collections/manhattans-last-arcadia/madame_jumel_s_garden_1943.8.10490.jpeg,1137,1500,,"gardens,trees"
b9f53238-0f8a-4447-8134-3fbfcf5218b7,William A. Wheelock Estate,Tabea Hosier,ca. 1936,/collections/manhattans-last-arcadia/william_a._wheelock_estate_1943.8.10504.jpeg,1175,1500,,"gardens,trees"
c12b976f-6ded-4385-b382-f3eea573ad7b,Estate of Isaac P. Martin,Meyer Goldbaum; George Stonehill,ca. 1936,/collections/manhattans-last-arcadia/estate_of_isaac_p._martin_1943.8.10501.jpeg,1127,1500,,"gardens,trees"
e288463f-5011-4fb8-ad6b-11e50aa6eb3b,Jumel Estate,Virginia Richards,ca. 1936,/collections/manhattans-last-arcadia/jumel_estate_1943.8.10828.jpeg,1116,1500,,"gardens,trees"
e019f3ca-7e8b-419a-aa38-04f1c315f83e,John B. Bull Garden,Gilbert Sackerman,ca. 1936,/collections/manhattans-last-arcadia/john_b._bull_garden_1943.8.10474.jpeg,1181,1500,,"gardens,trees"
f4218c91-9520-4ba1-b917-8983e25c8ee3,Thomas C. Veitch Estate,William Merklin; Helen Miller; Gilbert Sackerman,ca. 1936,/collections/manhattans-last-arcadia/thomas_c._veitch_estate_1943.8.10826.jpeg,1156,1500,,"gardens,trees"
f3d0673a-9de0-471e-a61d-1a26690a3cf1,Joseph Fisher Estate,George Stonehill,ca. 1936,/collections/manhattans-last-arcadia/joseph_fisher_estate_1943.8.10479.jpeg,1183,1500,,"gardens,trees"
fc8caca8-3d8c-46f6-ba96-2f85725d6169,M. Ward Estate,William Merklin; Helen Miller,ca. 1936,/collections/manhattans-last-arcadia/m._ward_estate_1943.8.10487.jpeg,1163,1500,,"gardens,trees"
f5937b93-a279-40b7-9d29-e76fad199366,Parterre - J. W. Wood,Meyer Goldbaum; William Merklin,ca. 1936,/collections/manhattans-last-arcadia/parterre_-_j._w._wood_1943.8.10825.jpeg,1145,1500,,"gardens,trees"
f3530d11-28de-4216-bae9-44cef124b81d,J. Audubon Estate,Gilbert Sackerman; George Stonehill,ca. 1936,/collections/manhattans-last-arcadia/j._audubon_estate_1943.8.10477.jpeg,1145,1500,,"gardens,trees"
ae3c077f-3729-4bb0-b443-4f576c6ae7de,“Bud Billiken Day parade as it travels Chicago’s South Side on Dr. Martin L. King...”,John H. White,1973–4,/collections/documerica/documerica-61.jpg,1500,1019,,trees
08bc44b3-e49f-49d9-9f77-98362d48716e,Piat Gratev Rock. [Chusovaia River],Sergei Prokudin-Gorsky,1912,/essays/in-search-of-true-color/08service-pnp-ppem-02300-02315v.jpeg,1024,859,,trees
038bd2b1-27e1-44fa-9de6-f5f76b4a6eb7,“She beckoned to Veikko”,Jay Van Everen,1922,/collections/mighty-mikko/mikko-7.jpg,983,1400,,trees
d4277b5b-85e6-4bdc-87d6-57f69cdb870e,A Missionary of the Middle Ages Tells That He Had Found the Point Where the Sky and the Earth Touch,Camille Flammarion,ca. 1888,/collections/flammarion-engraving/flam-engraving-2.jpg,1400,1173,,trees
595059a8-2872-4cb5-8f6b-e31cea1506ba,Polia witnesses maidens murdered by a “winged youngster”,,1499,/essays/hypnerotomachia-poliphili/16-rbsc_hypnerotomachia-poliphili_foliolncun1499Colonna_0406-edit.jpeg,1599,1302,,"gardens,trees"
6e7cde61-6360-41b2-929e-19e88015023e,Poliphilo surrounded by remains of classical antiquity,,1499,/essays/hypnerotomachia-poliphili/09-rbsc_hypnerotomachia-poliphili_foliolncun1499Colonna_0026-edit.jpeg,1616,1320,,"gardens,trees"
6ab679e9-735f-4bd8-8c95-75af4fdf9b1c,Bubble-Blowing Boy,Abraham Delfos; Caspar Netscher,ca. 1780,/collections/visualising-bubbles/soap-bubble-26.jpg,1096,1400,,trees
47de9acf-c19f-4016-91ac-5944655a58e4,The road leading from the Grotto of Posillipo inland to Pianura,Peter Fabris,1776–9,/collections/campi-phlegraei/campi-phlegraei-41.jpg,1400,741,,trees
73e1aac9-56aa-4581-9fa0-bf3fe4be6518,The Fossa Grande of Mount Vesuvius,Peter Fabris,1776–9,/collections/campi-phlegraei/campi-phlegraei-34.jpg,1400,747,,trees
373308ed-a291-4eb5-9789-f89450e8f7d1,Chinese Grotto,,1790,/essays/petrified-waters/16-grotesquearchite00wrig_0045-edit.jpeg,1690,948,,"gardens,trees"
5c7a5c75-2310-470f-9d9c-6c7400cbc3d9,Grotto-Esque Design for a Rustic Fountain,,1615,/essays/petrified-waters/11-raisonsdesforce00Caus_0123-edit.jpeg,1663,1990,,"gardens,trees"
786819b6-d4cb-4edb-8d1a-63a29c7c0efd,Les Bains d’Apollon à Versailles,Hubert Robert,1803,/essays/petrified-waters/19-1280px-Hubert_Robert_-_Les_Bains_d_Apollon_a_Versailles_-_P179_-_Musee_Carnavalet-edit.jpeg,1280,959,,"gardens,trees"
c49c62eb-2ca0-4bcc-a54c-d74bc2fc99ba,Rural Grotto,,1790,/essays/petrified-waters/grotesquearchite00wrig_0051-edit.jpeg,1710,986,,"foliage,gardens,trees"
3b350013-9414-42a6-9879-1157c56ce88a,"Cotham Marble — “The fanciful figure to themselves in this something like a boat and men in one part, and hedge-rows in another, with trees in full foliage.”",James Sowerby,1802–17,/collections/sowerby-mineralogy/sowerby-mineral-56.jpeg,966,866,,trees
ec2ae2de-155d-4dd2-b7d2-036fe0346c92,Amorphous Quartz or Flint (*Silex quartzum*),James Sowerby,1802–17,/collections/sowerby-mineralogy/sowerby-mineral-65.jpeg,784,978,,trees
01380fa3-3216-47e6-a49e-80df83b4d26f,William James and Henry James Posing for a Kodak in 1900,,1920,/essays/pajamas-from-spirit-land/b31359620_0002_0188-edit.jpeg,1063,1643,,trees
51704cbe-5efb-4878-a838-98c268d9e06a,"Untitled photograph by Carl Mydans, 1935, possibly depicting a farm in Prince George's County, Maryland. One of the so-called ""killed negatives"" that were hole punched by FSA staff to indicate that they should not be printed.",Carl Mydans,1935,/essays/the-kept-and-the-killed/8a00040v-edit.jpeg,1024,747,,trees
10dc1d05-ef55-481f-8474-455b135bcf3d,Signs of Judgement Day,,ca. 1330,/collections/holkham-bible/holkham-bible-39.jpeg,966,1249,,trees
520f3602-15bf-4c7d-b681-319a263d34a9,Genealogy of Christ,,ca. 1330,/collections/holkham-bible/holkham-bible-11.jpeg,912,1269,,trees
6d627f2b-d5ae-4a9b-aee6-227c8dd02be7,Tree of Jesse,,ca. 1330,/collections/holkham-bible/holkham-bible-10.jpeg,923,1294,,trees
01085a9b-092d-4270-bc36-b6a03c6bdda1,The Tree of Knowledge,,ca. 1330,/collections/holkham-bible/holkham-bible-4.jpeg,838,1151,,trees
1203d144-de36-4be7-82b9-1cbf59063ae3,"Color woodblock print by Utagawa Kunisada (I), ca. 1825",Utagawa Kunisada,ca. 1825,/collections/snowball-fights/snowball-fight-16.jpg,1400,648,,trees
20d56f92-25e1-48cd-a7bd-162a437a23e9,March,Cornelis Dusart,ca. 1690,/collections/snowball-fights/snowball-fight-12a.jpg,1000,1280,,trees
a9c73b71-d584-42f1-9b11-0caf317e3e15,Snowballing,John Leech,,/collections/snowball-fights/snowball-fight-18.jpg,1400,1161,,trees
363b7000-a04b-480c-a9e4-bc07b03cf881,"Two unidentified women seated near Beauchamp Point, October 1900.",Theresa Babb,1900,/collections/babb-photographs/Babb-44.jpg,1455,1400,,trees
57673685-0701-4844-883f-628a7c8470fb,Swimming at Lake City as viewed from Dudley Talbot's lot circa 1900.,Theresa Babb,1900,/collections/babb-photographs/Babb-43.jpg,1431,1400,,trees
94301aa5-2c75-4664-bfcb-eb6ea8ece74c,"Theresa and “Black Beauty” the cat, July 2 1898",Theresa Babb,1898,/collections/babb-photographs/Babb-17.jpg,1229,1400,,trees
0ee63425-b400-4715-8c07-c246c257e969,"Grace G. and Grace Parker at Lake City, Sept. 1900",Theresa Babb,1900,/collections/babb-photographs/Babb-3.jpg,1434,1400,,trees
c66b696f-6c30-4747-bb6c-f3d5b4c4b767,Boating at Lake City on Megunticook Lake in August 1899.,Theresa Babb,1899,/collections/babb-photographs/Babb-35.jpg,1418,1400,,trees
d0e0e01a-8919-4246-b1ee-45a469406523,Picnic at Sherman's Point in Camden in 1900. Theresa is seated in front.,Theresa Babb,1900,/collections/babb-photographs/Babb-42.jpg,1434,1400,,"foliage,trees"
cc0111a6-8cf9-4a7e-ab68-89f2371161a7,Postmen of the Wilderness,Arthur Heming,1921,/shop/nov-21-prints-00012.jpg,889,1200,,trees
b5e2cea5-9630-4fa2-b45a-b3c1a3d31261,Hamburg Fireworks,Christian Friedrich Fritzsch,1745,/shop/nov-21-prints-00005.jpg,1200,750,,trees
2f8d9bd6-bb2e-4699-bf11-59562c0370a3,Kimono design,Ueno Seikō,ca. 1902,/collections/unkindo-kimono-designs/yachigusav8ueno_0006.jpeg,710,957,,trees
a6f60258-bfcc-408e-ad98-375aa8ad52c7,Kimono design,Ueno Seikō,ca. 1902,/collections/unkindo-kimono-designs/yachigusav8ueno_0028.jpeg,704,976,,"foliage,trees"
de0d0536-363b-4468-ad63-22edda918fef,,William Baillie-Grohman,1913,/collections/sport-in-art/sportinart_0161.jpg,1400,993,,trees
9c663003-6bd1-4b26-b16b-733a9e5bcbb8,"*Inferno*, Canto VII: Dante and Virgil are in a barren wood, with harpies representing the souls of suicides.",,ca. 1370,/collections/dante-divine-comedy-in-art/dante-commedia-10.jpg,2880,1341,,trees
7626005f-f243-4a6d-a96c-75e4965830e3,The Pastorals of Virgil,William Blake,1821,/essays/reading-like-a-roman/ycba_f7731af7-80a2-4aff-be55-9304ea7b207d-edit.jpeg,4865,3521,,trees
63aa99c6-74da-4202-829f-a63d05596869,,Lewis Carroll,1864,/collections/carroll-illustrations-for-alice-undergound/Lewis-Carroll-Alice-Under-Ground-30.jpg,865,1400,,trees
b671d2ee-7af6-4bd5-a0f2-0954a0a0c6c1,Alas!,William Blake,1793,/collections/william-blakes-the-gates-of-paradise/blake-gates-of-paradise-10.jpg,1787,2640,,trees
c7ff1d59-4527-4432-b56d-274e99ba3405,"Our Rivers and Atmosphere — The Multiplication of Various Pathogens, Microbes, and Bacteria",Albert Robida,1890,/collections/albert-robida-la-vie-electrique/levingtimesiclel00robi_0247.jpg,1400,938,,trees
d858ffef-a069-47e2-81ba-0d2e938e9832,,,19th century,/collections/hatha-yoga-images-from-the-joga-pradipika/yoga-poses-f035.jpg,725,1200,,trees
4187f725-5dd7-4eb9-8ac3-c8c772f78f0e,Doctor Syntax Drawing After Nature,Thomas Rowlandson,1813,/collections/dr-syntax/dr-syntax-00051.jpg,1400,827,,trees
534fcf59-0d11-4f62-9e49-b8490064d2b4,Doctor Syntax Pursued by a Bull,Thomas Rowlandson,1813,/collections/dr-syntax/dr-syntax-00035.jpg,1400,868,,trees
47aab9e4-a8c9-4c25-9c9c-abdaf0415020,Tubo Timpanite,Filippo Buonanni,1722,/collections/filippo-buonanni-harmonic-cabinet/harmonic-cabinet-00030.jpg,795,1200,,trees
851f6f66-f8e4-4a05-bfc9-3dbe76d6cd99,Pan flute,Filippo Buonanni,1722,/collections/filippo-buonanni-harmonic-cabinet/harmonic-cabinet-00004.jpg,805,1200,,trees
45700876-eee8-4b1f-a50f-a532b010828b,Man with rickshaw on tall tree lined dirt road.,Herbert Geddes,1908–1918,/collections/herbert-geddes-life-in-japan/Man_with_rickshaw_on_tall_tree_lined_dirt_road._(19955330021).jpg,1280,1008,,trees
8c875afa-85fe-4168-bb80-4407a61f7b1b,Man using handsaw on tree trunk.,Herbert Geddes,1908–1918,/collections/herbert-geddes-life-in-japan/Man_using_handsaw_on_tree_trunk._(19762147198).jpg,1280,843,,trees
95dde1df-efe3-4e2a-a3b6-f09eb56b6c5b,Lake side resort.,Herbert Geddes,1908–1918,/collections/herbert-geddes-life-in-japan/Lake_side_resort._(19955401371).jpg,1280,843,,trees
055e2af8-6cfe-4b48-8873-964a6fefcb49,Mount Nantai and Daiya River,Herbert Geddes,1908–1918,/collections/herbert-geddes-life-in-japan/Mount_Nantai_and_Daiya_River.jpg,1280,1006,,trees
a7a38175-f131-44f7-ade8-61249803095a,,William Elliot Griffis,1922,/collections/korean-fairy-tales/koreanfairytales00grif_0008.jpg,634,1000,,trees
98d8fdc2-6c76-408e-a961-19587a960e7e,,Elias Ashmole,1652,/collections/theatrum-chemicum/theatrumchemicum00ashm_0239.jpg,1200,959,,trees
e55ee108-9ab0-4742-8273-ca22fb4fbb10,The Phlegmatic Temperament,Maerten de Vos; Raphaël Sadeler (I),1583,/collections/elements-and-temperaments-maerten-de-vos/phlegmatic.jpg,2541,1986,,trees
2a5dfb17-e535-4a2f-99bd-0893663d0731,"The Mosque of Omar, Jerusalem",Francis Frith,1857,/essays/the-skeptical-pilgrim-melvilles-clarel/The_Mosque_of_Omar%2C_Jerusalem_MET_DP116346.jpg,1400,995,,trees
b6c12acc-0a1f-4c44-99f6-d101323d5848,Arrowhead in the Olden Time,Herman Melville,1860,/essays/the-skeptical-pilgrim-melvilles-clarel/melvillemariner00weavrich_0397-edit.jpg,1200,877,,trees
41a43788-5f08-4364-a737-14d83f7f1176,"""The Branches Bent Down and Twined Around Him.""",W. W. Denslow,1900,/collections/w-w-denslow-illustrations-wonderful-wizard-of-oz-1900/0261v.jpg,876,1200,,trees
6f3e9ed2-de79-4621-9d2f-1f014abfa37e,"""The Tree Fell With a Crash Into the Gulf""",W. W. Denslow,1900,/collections/w-w-denslow-illustrations-wonderful-wizard-of-oz-1900/0139v.jpg,918,1200,,trees
d4ea88bf-fdcf-4503-8f72-7c9ae48b210d,,Earl Harvey Lyall,1913,/collections/the-cubies-abc-1913/cubiesabcnewyork00lyal_0057.jpg,1284,1097,,trees
668965f1-4857-499e-aca8-b01d2ecf529d,The Nine Worlds,Mary E. Litchfield,1890,/collections/yggdrasil-the-sacred-ash-tree-of-norse-mythology/nineworldsstorie00litc_1_0016.jpg,1444,843,,trees
d71b4451-13f6-4aa9-adda-d662bd421935,The Ash Yggdrasil,Lørenz Frolich,1886,/collections/yggdrasil-the-sacred-ash-tree-of-norse-mythology/talestasgardgods00wgrich_0049.jpg,1200,1525,,trees
17ca9a3d-ed95-4300-94f5-585c47b6f9e9,,Lorenz Stoer,1567,/collections/the-geometric-landscapes-of-lorenz-stoer-1567/49017829751_7a1fa757a3_c.jpg,588,800,,trees
57170f2d-2dfb-4bd2-a257-b36b0d3e9013,,Lorenz Stoer,1567,/collections/the-geometric-landscapes-of-lorenz-stoer-1567/49018032182_dc94019f3d_c.jpg,585,800,,trees
61eb31cf-c54c-4857-a9d4-f9f8fa854ac4,,Lorenz Stoer,1567,/collections/the-geometric-landscapes-of-lorenz-stoer-1567/49018032487_f11f084bb1_c.jpg,576,800,,"foliage,trees"
72505615-3e8c-4bc2-afba-a16b2645d910,,Lorenz Stoer,1567,/collections/the-geometric-landscapes-of-lorenz-stoer-1567/49018032057_c359ffaa13_c.jpg,572,800,,trees
9d4e1bd5-3dfb-4c2a-884e-e00ca701b5fc,,Lorenz Stoer,1567,/collections/the-geometric-landscapes-of-lorenz-stoer-1567/49018032002_af931611e7_c.jpg,585,800,,trees
0100a05c-ffee-4a51-ac71-1f1e78ea39a0,,Lorenz Stoer,1567,/collections/the-geometric-landscapes-of-lorenz-stoer-1567/49017307808_a27ece4e94_c.jpg,573,800,,trees
e7339280-925b-4f1c-93d2-78bd5066bb14,"Dark Sun, from Splendor Solis",Anonymous,ca. 16th century,/shop/oct_19_new_prints_00036.jpg,777,1200,,trees
b1f0ffa7-4e48-4554-a745-112824ef13dd,Tsuba made of iron. Stylized pine tree and plum blossom in silhouette.,Georg Oeder,1916,/collections/photographs-of-japanese-sword-guards-1916//48782059628_66ef54eab1_o.jpg,600,601,,trees
49e77358-5b49-460e-89b5-9d77e75ba6d0,"Big Fish Supper Club, Route 2, Bena, Minnesota.",John Margolies,1980,/collections/john-margolies-photographs-of-roadside-america/48635803258_e09b8cc08f_b.jpg,1024,703,,trees
641e6895-11ba-4543-8001-7c3484c0bf6a,The Unicorn Purifies Water,,1495–1505,/collections/the-unicorn-tapestries-1495-1505/48350236531_9f1dba6146_b.jpg,1024,998,,trees
73487ca3-0669-499f-9757-54e838a42028,The Cicada,E. J. Detmold,1921,/collections/fabres-book-of-insects-1921/48189613122_72bbda82f3_c.jpg,604,799,,trees
267dbba8-aaad-46f0-82f3-68d948fbdbc9,"Paradise Lost: Book 4, Line 502",John Martin,1827,/collections/john-martin-s-illustrations-of-paradise-lost-1827/48008592311_325e928457_b.jpg,1024,703,,trees
6ce1d7ff-78b1-4085-b90c-8d2d2a83c81b,"Paradise Lost: Book 9, Line 995",John Martin,1827,/collections/john-martin-s-illustrations-of-paradise-lost-1827/48008593316_410d1e43f9_b.jpg,1024,698,,trees
95b91c43-f094-4acf-8580-dd94b6dea5b4,"Paradise Lost: Book 4, Line 453",John Martin,1827,/collections/john-martin-s-illustrations-of-paradise-lost-1827/48008677552_8bef6af469_b.jpg,1024,712,,trees
05d57f1e-7df5-4e16-af3b-676396713e53,"Paradise Lost: Book 5, Line 308",John Martin,1827,/collections/john-martin-s-illustrations-of-paradise-lost-1827/48008598638_22b1f5ee63_b.jpg,1024,703,,trees
ac92326f-a87e-407f-b889-67c135c1844a,"Paradise Lost: Book 9, Line 780",John Martin,1827,/collections/john-martin-s-illustrations-of-paradise-lost-1827/48008593126_8c821a584a_b.jpg,1024,712,,trees
70653990-d8ec-40a2-8f5e-400dd706c25e,Goethe Colour Chart,Johann Wolfgang von Goethe,1810,/shop/edit-ZurFarbenlehre00GoetA.jpg,941,1186,,trees
cacb60fb-cd08-4f6b-b0aa-ef16e4746964,"Natural History of Carolina, Florida and the Bahama Islands, v1. Tab 74",Mark Catesby,1731,/shop/edit-naturalhistoryCIc2Cate_0237-1.jpg,562,768,,trees
e6e21c60-926b-48ed-b5db-9f96e8f1d798,Hideyoshi and the Moon at Shizugatake,Tsukioka Yoshitoshi,1888,/shop/edit-RP-P-1989-218-1.jpg,819,1200,,trees
7944df05-1f7c-45ba-b54f-34d3a7526572,This 1493 herbal shows how early printed works imitated manuscripts (Wellcome Library),,1493,/essays/filling-in-the-blanks-a-prehistory-of-the-adult-coloring-craze/46983697431_7b280eff3a_h.jpg,989,1600,,trees
81171393-0d0f-4b11-bccb-50aa3b0e9cda,Battle of the Nudes,Antonio del Pollaiuolo,1470s–1480s,/collections/highlights-from-the-cleveland-museum-of-art-s-release-of-more-than-30k-images-of-public-domain-works/46887554842_8d70196e6d_o.jpg,1122,781,,trees
f92a0b3d-7e07-4421-9c22-240dd3dcd8aa,Sir John Soane's tomb,,1835,/collections/the-tomb-and-the-telephone-box-soane-s-mausoleum-1816/32975749418_b1ab67af1a_c.jpg,800,578,,trees
e3c85d6a-89a5-4e3b-aef6-83e3effbb6ff,"Monsal Dale, Doctor Rocks",,ca. 1890,/essays/rambling-reflections-on-summers-in-switzerland-and-sheffield/46271316151_edd6fc3a55_b.jpg,876,653,,trees
70883e0e-991f-49ef-a6d4-837dcc0e58d1,"""And then she lay on a little green patch in the midst of the gloomy thick wood.""",Kay Nielsen,1922,/collections/east-of-the-sun-and-west-of-the-moon-illustrated-by-kay-nielsen-1922-edition/44838023135_f0bfbd7e0a_c.jpg,560,800,,trees
f971f7c5-b68c-407a-9220-b6393d85ec4f,,Kay Nielsen,1922,/collections/east-of-the-sun-and-west-of-the-moon-illustrated-by-kay-nielsen-1922-edition/44838029455_ce617a1c72_c.jpg,593,800,,trees
63583671-58ab-4503-b294-105e22d38eac,The Entry of the Animals into Noah's Ark (Detail),Jan Brueghel the Elder,1613,/essays/elephants-horses-and-the-proportions-of-paradise/43913700170_584e2c4d87_b.jpg,1024,929,,trees
b9dabcf2-a934-44fd-811c-480cc33a092f,Adam and Eve,Albrecht Dürer,1504,/essays/elephants-horses-and-the-proportions-of-paradise/44816298625_8de28b8aae_b.jpg,799,1023,,"gardens,trees"
73efda21-b7d4-44ea-9852-e986241a43b7,The Deceitful Brook,,ca. 18th century,/collections/scrapbook-of-hand-coloured-juvenile-woodcut-emblems/41404086700_ce40cd40f3_b.jpg,750,584,,trees
1444c5f4-3511-4ed1-a299-84aa3819820c,"Fore-edge for a copy of *The World before the Flood, a Poem*",,1819,/collections/fore-edge-book-paintings-from-the-boston-public-library/42596245862_06d452ef3e_b.jpg,1024,285,,trees
2a8463f7-f90d-4c2a-961a-86f0194b9961,"Fore-edge for a copy of *The Royal Kalendar, and Court and City Register*",,1849,/collections/fore-edge-book-paintings-from-the-boston-public-library/42596245272_af764df3b4_b.jpg,1024,310,,trees
49eca668-cf66-4541-8220-0aff396de653,Fore-edge for a copy of *Rokeby; A Poem*,,1813,/collections/fore-edge-book-paintings-from-the-boston-public-library/42596248162_a787f5e301_b.jpg,1024,317,,trees
6d74aae7-9bf7-4b17-a65f-78b80418c886,Fore-edge for a copy of *The Holy Bible*,,1795,/collections/fore-edge-book-paintings-from-the-boston-public-library/42646877091_4b61eba0e2_b.jpg,1023,388,,trees
7a26054b-8404-41dc-bfb9-ffc62290e76a,Fore-edge for a copy of *Letters of Lady Rachel Russell ... and the Trial of Lord William Russell for High Treason*,,1801,/collections/fore-edge-book-paintings-from-the-boston-public-library/40838744310_c93b63f44f_b.jpg,1023,330,,trees
765b7243-bc17-488e-9c64-1b7d0123d41c,"Fore-edge for a copy of *Poems, by William Cowper of the Inner Temple, Esq.*",,1808,/collections/fore-edge-book-paintings-from-the-boston-public-library/27777893957_2168dd92b1_b.jpg,1023,312,,trees
8fbec6f5-865e-43c2-998d-3b9862ddaec2,Fore-edge for a copy of *A Tour through the Isle of Man*,,1794,/collections/fore-edge-book-paintings-from-the-boston-public-library/42646881111_87820200dc_b.jpg,1024,239,,trees
ed3b1d55-7964-4ff2-96d5-f4a436eac050,"Fore-edge for a copy of *Select British Poets. Vol. I, The Poetical Works of John Milton*",,1825,/collections/fore-edge-book-paintings-from-the-boston-public-library/42646878841_d2211e3741_b.jpg,1024,360,,trees
16aaffca-82be-4530-815b-d52dbb055eb6,The Plum Garden at Kameido Shrine,Utagawa Hiroshige,1857,/collections/utagawa-hiroshige-last-great-master-of-ukiyo-e/41672263761_b844421b7e_b.jpg,600,893,,trees
3c072a08-17e9-4362-97f8-95c4ebb9a85b,"Mount Utsu, Okabe",Utagawa Hiroshige,1832,/shop/nqvVF2nuTaqklign_7xrYAM-edit_preview.jpeg,2048,1328,,trees
0add1d08-aa67-454f-8805-a3b5d3259921,“Fox Fires” on New Year’s Eve at the Shozoku Nettle Tree in Oji,Utagawa Hiroshige,1857,/collections/utagawa-hiroshige-last-great-master-of-ukiyo-e/40962685844_b3f13bc1b6_b.jpg,600,894,,trees
0cc254a8-662c-416c-ae39-334c5f28e22b,Temple Grounds of the Akiba Shrine in Ukiji,Utagawa Hiroshige,1857,/collections/utagawa-hiroshige-last-great-master-of-ukiyo-e/40962670824_94cf340009_b.jpg,600,880,,trees
0b8f8a97-0f77-4dbc-8406-1067c0c51c63,Maiko Beach in Harima Province,Utagawa Hiroshige,1853,/collections/utagawa-hiroshige-last-great-master-of-ukiyo-e/41672268691_c39900fd39_b.jpg,600,883,,trees
573e3ea0-deda-4ba7-994d-6ae29dbf8081,Adam Tills the Soil,Hans Holbein,1523–5,/collections/hans-holbeins-dance-of-death-1523-5/40606051085_82e3d4db7e_o.jpg,550,696,,trees
8137387f-dec7-4007-a2be-b8d05df3b915,The Abbot,Hans Holbein,1523–5,/collections/hans-holbeins-dance-of-death-1523-5/26629085607_8db31f78d4_o.jpg,550,754,,trees
ff0b234f-2b58-489f-928b-bfc12aa2b6a0,,Robert Seaver,1782,/collections/the-diverting-history-of-john-gilpin-shewing-how-he-went-further-than-he-intended-and-came-safe-home-again-1782/41050551031_a3e2e66501_c.jpg,800,500,,trees
f4f3c2b7-a39f-4579-bdf6-5ef57c8c1467,,Robert Seaver,1782,/collections/the-diverting-history-of-john-gilpin-shewing-how-he-went-further-than-he-intended-and-came-safe-home-again-1782/41050551251_aaeeccfebd_c.jpg,800,498,,trees
7c2c477b-7c9e-45a6-8f67-5f8ecc360cc8,"Gukovski, His Daughter, Kameneff and Marinashky",Clare Sheridan,1921,/collections/russian-portraits-1921/25279873707_1e8437e681_c.jpg,800,679,,trees
019e7f28-ce3d-4772-870f-ed837bc50100,Ridiculous Folly,Francisco de Goya,1797–9,/collections/the-whims-1799-and-the-follies-1815-23-of-francisco-goya/37985504464_1818b33380_b.jpg,1000,698,,trees
214151b1-f2f8-4ca7-8033-68811aebcb08,,Adolph Metzner,1861–64,/collections/the-civil-war-sketches-of-adolph-metzner-1861-64/11-2.jpg,1024,704,,trees
5725431e-1678-4124-b8e3-0bfe5dcfe21b,,Adolph Metzner,1861–4,/collections/the-civil-war-sketches-of-adolph-metzner-1861-64/8-2.jpg,851,1024,,trees
ae4cf55c-0527-4edf-970c-a04a24101b28,,Adolph Metzner,1861–4,/collections/the-civil-war-sketches-of-adolph-metzner-1861-64/13-2.jpg,1024,620,,"foliage,trees"
b4c5b1d8-fe56-4b24-9499-84977183af2a,,Adolph Metzner,1861–4,/collections/the-civil-war-sketches-of-adolph-metzner-1861-64/8-2.jpg,851,1024,,trees
11cf5a7e-0f48-4323-a5eb-5e39227b2412,,,1847,/collections/illustrations-from-the-lights-of-canopus-1847/19.jpg,1548,740,,trees
76364279-8129-4931-bc3b-616babcd551f,,,1847,/collections/illustrations-from-the-lights-of-canopus-1847/8.jpg,642,670,,trees
add09bc7-52c1-4182-a4a6-2f38e60576df,,,1847,/collections/illustrations-from-the-lights-of-canopus-1847/6.jpg,1558,976,,trees
a34438fa-4cec-4ade-9b03-d3b80a3c3be2,,,1847,/collections/illustrations-from-the-lights-of-canopus-1847/25.jpg,623,600,,trees
cc558a5c-825d-48ca-8eff-da1ce5937b96,,,1847,/collections/illustrations-from-the-lights-of-canopus-1847/7.jpg,639,616,,trees
05e25ff7-b44c-4831-b624-dd9e75820e38,The Thriving City of Eden as It Appeared in Fact,Phiz,1859,/essays/master-of-disaster-ignatius-donnelly/36625472874_4693b3847c_b.jpg,874,1024,,"foliage,trees"
eea47d18-aa14-4442-8b0c-aa70ebb21465,,,ca. 1410,/collections/the-flower-of-battle-italian-fighting-manual-ca-1410/34870299002_0a39ea0f8a_o.jpg,712,707,,trees
383f6f88-2d0c-463c-9a3b-f19cc1844392,The Stuffed Ox in Operation,Richard Kearton,1909,/essays/stuffed-ox-dummy-tree-artificial-rock-deception-in-the-work-of-richard-and-cherry-kearton/34673233376_99d778d1e2_c.jpg,800,610,,"foliage,trees"
0890bdbb-3c7c-45bc-a7b1-499db65c4e40,Artificial Tree-Trunk Closed,Richard Kearton,1898,/essays/stuffed-ox-dummy-tree-artificial-rock-deception-in-the-work-of-richard-and-cherry-kearton/33906475323_0c6d0a0f57_b.jpg,710,1024,,"foliage,trees"
8b5a1206-5070-4e3f-b423-7d9caecfe691,Cover Illustration for *Free Air*,,1919,/essays/american-freedom-sinclair-lewis-and-the-open-road/33573401045_6618553575_b.jpg,761,1024,,trees
34aeeb5d-024b-433a-b9c0-fbfd5fd10013,,Théodore Marcile,1609,/collections/the-city-of-truth-or-ethics-1609/31837351143_1b7facfca3_o.jpg,693,1268,,trees
7d5e5d7e-75bc-4528-9e4a-45fc8a6221a0,,Théodore Marcile,1609,/collections/the-city-of-truth-or-ethics-1609/32270309200_f5b3e818fa_o.jpg,696,1082,,"gardens,trees"
76235850-94e5-4495-87c9-cba6ce67bc4d,,Théodore Marcile,1609,/collections/the-city-of-truth-or-ethics-1609/32496503712_443d4c3574_o.jpg,726,1275,,"gardens,trees"
819a56a5-c036-4f5d-9c7f-23ea37612973,,Théodore Marcile,1609,/collections/the-city-of-truth-or-ethics-1609/32649566775_95e4362c18_o.jpg,715,1264,,trees
8e60c5d2-6ca4-45b8-bd00-b2ad35dd76f1,,Théodore Marcile,1609,/collections/the-city-of-truth-or-ethics-1609/31837358563_2a043dbf2e_o.jpg,739,1271,,trees
c6737fcf-4947-434c-a4b3-6645e36726f3,,Théodore Marcile,1609,/collections/the-city-of-truth-or-ethics-1609/32608875166_d57aca6991_o.jpg,704,1266,,"gardens,trees"
fe094305-a815-42c4-8a68-a8bbd6a71990,,Théodore Marcile,1609,/collections/the-city-of-truth-or-ethics-1609/32527122181_26040bee15_o.jpg,711,1134,,"gardens,trees"
d69f353c-59c6-4f49-990d-8c96547a72c5,The Great Comet of 1881,Étienne Léopold Trouvelot,1882,/collections/the-trouvelot-astronomical-drawings-1882/31498233502_190d20e6b7_c.jpg,591,800,,trees
cfc77da0-c4ed-4e6e-b186-8898cf3e7f38,The Sea Wolf,Charmian London,1921,/essays/astral-travels-with-jack-london/23559577574_3afffe9900_o.jpg,900,1245,,trees
86a6b4b8-59a1-46d7-a0e5-cfcec0913bc6,The Falls from the Western End of the Chasm,Thomas Baines,1856,/collections/rainbows-in-art/30701707220_26933c5e47_b.jpg,1000,757,,trees
03529518-d55d-49b7-bbc3-fff4c039c1ef,Anthropomorphic Field,Athanasius Kircher,1645–6,/collections/the-art-of-hidden-faces-anthropomorphic-landscapes/24754029934_f2a9901dea_b.jpg,742,459,,trees
30a8ec1b-780d-4629-b13b-756befac1524,,Peter Rollos,ca. 1687,/collections/le-centre-de-l-amour-ca-1687/24622896230_19d0aae421_b.jpg,800,639,,trees
0845ff90-02d2-4e8e-a6c6-c147f1c28000,,Anne Wagner,1795-1834,/collections/the-friendship-book-of-anne-wagner-1795-1834/24699060781_c8ed3d32a4_o.jpg,1000,641,,trees
b6cfcd73-a867-4e9a-8603-f468e2309056,,Anne Wagner,1795-1834,/collections/the-friendship-book-of-anne-wagner-1795-1834/24792567355_fdce4fe11e_o.jpg,1000,630,,trees
6e2bcab5-299b-4c47-9a2b-4f89417d4e64,The Picture Book,Gertrude Käsebier,ca. 1903,/essays/sharing-photographs/24405554469_ef34899446_b.jpg,1024,737,,trees
e7905725-1d55-4888-9b21-6e2dbb91f229,Pastoral,Gertrude Käsebier,Before 1905,/essays/sharing-photographs/24405554909_395b6f5ae4_o.jpg,866,1200,,trees
a0673d1c-ee07-466d-9ecf-a82054aa54a8,"Fig. 16 presents the pyramid complete, and it certainly produces a novel and effective decoration for any Christmas or festival occasion, and is one that can be easily made if one has the time.",,1910,/collections/the-art-of-ornamental-orange-peeling-1910/22147654578_8be4aaa10b_b.jpg,506,678,,trees
a92b9fda-2259-4627-9c44-2921bac1c978,Lynx Hunter,Arthur Heming,1921,/essays/tribal-life-in-old-lyme-canadas-colorblind-chronicler-and-his-connecticut-exile/20462775263_5b8a845f2d_b.jpg,755,1024,,trees
ce28ed90-a5ca-4d48-89bd-6514ad95352b,Postmen of the Wilderness,Arthur Heming,1921,/essays/tribal-life-in-old-lyme-canadas-colorblind-chronicler-and-his-connecticut-exile/20897035259_73d12d6fb3_b.jpg,761,1024,,trees
8d081612-73a1-4fba-a6ff-2a53ba8e97bf,Tempest Anderson’s Tent at O’Hara Camp With Cathedral Peak Behind,Tempest Anderson,1909,/essays/tempest-anderson-pioneer-of-volcano-photography/My_Tent_OHara_Camp_YORYM_TA2372.jpg,923,768,,trees
7e22269f-f2c0-448b-be4d-b0a298d3d4d6,Japanese Depictions of North Americans,,1860s,/collections/japanese-depictions-of-north-americans-1860s/20282263562_dc20d5a956_b.jpg,576,821,,trees
6e43e9d5-2537-4396-ba4b-ae5ea9efbaba,Palm,Claudine Bouzonnet-Stella; Jacques Stella,1657,/collections/the-games-and-pleasures-of-childhood-1657/19664407456_b0632b97fb_o.jpg,800,630,,trees
97e18b44-e46c-4585-8fe9-6cf98b39c9f3,Crossbow,Claudine Bouzonnet-Stella; Jacques Stella,1657,/collections/the-games-and-pleasures-of-childhood-1657/19502419868_e51fd24c49_o.jpg,800,630,,"foliage,trees"
9be221ec-13fe-4715-a25d-b968eb0f9b4d,Pot Race,Claudine Bouzonnet-Stella; Jacques Stella,1657,/collections/the-games-and-pleasures-of-childhood-1657/19502601580_fa62cab160_o.jpg,800,622,,trees
cf83f64d-175a-48c4-a21f-01dc27c636e6,Handstands,Claudine Bouzonnet-Stella; Jacques Stella,1657,/collections/the-games-and-pleasures-of-childhood-1657/19664342486_ab525898c9_o.jpg,800,621,,trees
e83a8e3a-ad3a-4739-bf5a-e27da1b0280c,Jousting,Claudine Bouzonnet-Stella; Jacques Stella,1657,/collections/the-games-and-pleasures-of-childhood-1657/19069630383_023c24b9d5_o.jpg,800,627,,trees
e8d85409-22fa-421b-8ad1-cfaa8d0dd33b,“Le Pape-Guay”,Claudine Bouzonnet-Stella; Jacques Stella,1657,/collections/the-games-and-pleasures-of-childhood-1657/19664242256_f07665b19c_o.jpg,800,626,,trees
eac3df89-7ab3-4c8f-9e0a-d229e83742c0,Croquet,Claudine Bouzonnet-Stella; Jacques Stella,1657,/collections/the-games-and-pleasures-of-childhood-1657/19690481785_514d0702d3_o.jpg,800,597,,trees
9c582522-4106-4117-9aa7-ec1fd77f4556,Bombproof Dugout at Gen. Nogi’s Headquarters,T.W. Ingersoll,1905,/collections/colorised-stereographs-of-the-russo-japanese-war-1905/11237601953_ab3d407a8e_b.jpg,1024,519,,trees
cc0aa1f9-a4e9-4e44-9c47-093ded3ea937,A Japanese Cavalry Hostler,T.W. Ingersoll,1905,/collections/colorised-stereographs-of-the-russo-japanese-war-1905/11237604523_d2226fce15_b.jpg,1024,515,,trees
171471e7-9c01-42a3-8205-75250e69d791,Dante breaking a branch from one of the trees in the wood of the suicide,,1444–1450,/collections/14th-century-illuminations-for-dante-s-divine-comedy/18126089591_83258da137_b.jpg,1023,556,,trees
324983fb-1abf-4658-91ee-b55888a7b8d1,Allegory for the Sense of Touch,N. de Bruyn; Maerten de Vos,ca. 1560,/essays/scurvy-and-the-terra-incognita/17365716911_c72a17a805_o.jpg,690,534,,trees
c099108b-50fc-46a3-aee9-0894f457203b,Louviers Woman,Mary Browne,1821,/collections/illustrations-from-a-teenage-holiday-journal-1821/17245436735_0781107323_z.jpg,483,640,,trees
32ab42df-f1fa-428d-bc79-810846c0e479,Captain Tuckey’s Voyage in Africa,,1818,/essays/forgotten-failures-of-african-exploration/17024745787_43fa0a3988_c.jpg,799,590,,trees
271bd7b1-9fdd-4d9b-b8b7-031ca95810fe,,Utagawa Yoshishige,1848,/collections/53-stations-of-the-tokaido-as-potted-landscapes-1848/16749599289_afd3a50551_o.jpg,500,703,,trees
6370c822-da79-4d8b-9b37-d22776b8143c,,Utagawa Yoshishige,1848,/collections/53-stations-of-the-tokaido-as-potted-landscapes-1848/16934826101_2d759a99f4_o.jpg,500,690,,trees
7f5fea82-a40c-4d01-ac5f-bb520301669e,,Utagawa Yoshishige,1848,/collections/53-stations-of-the-tokaido-as-potted-landscapes-1848/16748134868_526dd0ffb8_o.jpg,500,701,,trees
813f7800-7e3e-4dbc-8c31-ca18b7e0b332,,Utagawa Yoshishige,1848,/collections/53-stations-of-the-tokaido-as-potted-landscapes-1848/16728468767_c190932e7d_o.jpg,500,707,,trees
83b9ba65-ba0e-40d7-9f9c-ebfa21f2396c,,Utagawa Yoshishige,1848,/collections/53-stations-of-the-tokaido-as-potted-landscapes-1848/16934826241_97a78737df_o.jpg,500,708,,trees
9f89a861-a8f4-47fa-9534-e487edad7640,,Utagawa Yoshishige,1848,/collections/53-stations-of-the-tokaido-as-potted-landscapes-1848/16728469007_28fbc4f6bd_o.jpg,500,700,,trees
a7994720-760b-4f9f-830c-b22e22348529,,Utagawa Yoshishige,1848,/collections/53-stations-of-the-tokaido-as-potted-landscapes-1848/16313407534_62afde93bd_o.jpg,500,696,,trees
aeb0803b-194e-47cb-a096-954252fe78eb,,Utagawa Yoshishige,1848,/collections/53-stations-of-the-tokaido-as-potted-landscapes-1848/16934504202_4d9dd37d52_o.jpg,500,704,,trees
b33e9125-7f76-4010-a1f3-f9a34986df04,,Utagawa Yoshishige,1848,/collections/53-stations-of-the-tokaido-as-potted-landscapes-1848/16934826291_27f6436e96_o.jpg,500,701,,trees
cdb765d7-7f84-46b6-bed0-05db7ecde45a,,Utagawa Yoshishige,1848,/collections/53-stations-of-the-tokaido-as-potted-landscapes-1848/16935802205_2a425ec7cc_o.jpg,500,700,,trees
dcf2b32e-899c-499d-8f56-1fc19b5215cd,,Utagawa Yoshishige,1848,/collections/53-stations-of-the-tokaido-as-potted-landscapes-1848/16313407414_02aeaf21b3_o.jpg,500,692,,trees
f52a38e3-62cb-43b9-8fcf-a9951661feb6,,Utagawa Yoshishige,1848,/collections/53-stations-of-the-tokaido-as-potted-landscapes-1848/16728469367_b0a239df31_o.jpg,500,699,,"foliage,trees"
563b8a72-d379-464b-b58d-b15b150a883c,,Hugo Simberg,ca. 1908,/collections/the-photographs-of-hugo-simberg/16853292355_bed98ff1ab_z.jpg,468,639,,trees
89df915e-543d-4672-8944-659a6313efda,,Hugo Simberg,ca. 1908,/collections/the-photographs-of-hugo-simberg/16645993127_f835c7e0f7_b.jpg,1024,753,,trees
bf6e5d6c-a69a-4f8a-9615-c3afef465a41,,Hugo Simberg,ca. 1908,/collections/the-photographs-of-hugo-simberg/16667149869_f136f29912_b.jpg,1024,612,,trees
eb1cd7f6-7770-48ac-bed9-d58615afdbc9,,Hugo Simberg,ca. 1908,/collections/the-photographs-of-hugo-simberg/16233326773_ebac1fd5fe_b.jpg,1024,753,,"foliage,trees"
ffd76cae-09ed-4317-9e4f-d9fb36d347c6,Romulus and Remus,John Leech,1850,/essays/the-eternal-guffaw-john-leech-and-the-comic-history-of-rome/16451065439_1865c8e29d_o.jpg,597,447,,trees
0234b455-a18d-4c7f-8f6c-33775f277ac8,,,ca. 1467,/collections/journey-from-venice-to-palestine-mount-sinai-and-egypt-ca-1467/16439365398_2b82215c2f_o.jpg,600,901,,trees
d17f0f30-8425-4e6a-b280-94a4f8fd30dd,,,ca. 1467,/collections/journey-from-venice-to-palestine-mount-sinai-and-egypt-ca-1467/16439366168_0365036f54_o.jpg,600,901,,trees
1cacc97c-64c9-4956-a1c9-3b0419a2f071,Contribution to a Friendship Book,Johannes Blittersdorff,1642,/essays/boys-will-be-boys-playing-around-in-a-17th-century-friendship-book/15896149186_ec44155d5c_o.jpg,1000,1279,,trees
b0b09f41-2ce8-4e52-8fd7-8b7edba0be2d,The Horse,William Blake,1805,/essays/william-blake-and-paul-mellon-the-life-of-the-mind/15209190630_2b45cc0ed6_o.jpg,1000,1564,,trees
435cf100-0b3b-4c3e-b003-b792a57e90f4,"Astronomy: a meteor shower in the night sky. Mezzotint, after 1783",,1783,/collections/flowers-of-the-sky/15342670715_9490851a68_o.jpg,900,695,,trees
98f3bc4e-2371-4730-9c9e-11239fd15876,Comets,Anonymous,1835,/shop/oct_19_new_prints_00030.jpg,1522,1200,,trees
1d50e065-6442-4dc3-9d81-d41a9b97dc6e,Glooskap Looking at the Whale Smoking His Pipe,Charels G. Leland,1884,/collections/the-algonquin-legends-of-new-england-1884/15092262787_a48e2bf0d9_o.jpg,560,597,,trees
1ee03306-799b-4162-9cdf-55a6fbf58af2,,Everard Digby,1587,/collections/the-art-of-swimming-1587/digby-edit2-70.jpg,2452,3132,,trees
1eddebb1-b3db-4dcd-af15-db1e1737e85f,,Everard Digby,1587,/collections/the-art-of-swimming-1587/digby-edit2-60.jpg,2484,3132,,trees
14ef571d-8865-4e53-b11c-84a8c28f308c,,Everard Digby,1587,/collections/the-art-of-swimming-1587/digby-edit2-2.jpg,2440,3128,,trees
23950d92-5a5a-4ea7-bd52-d7a80e623c3f,,Everard Digby,1587,/collections/the-art-of-swimming-1587/digby-edit2-78.jpg,2484,3152,,trees
22e9154a-8b1c-4aae-8aa3-c9083b0e5182,,Everard Digby,1587,/collections/the-art-of-swimming-1587/digby-edit2-72.jpg,2460,3128,,trees
228f118a-67d2-45be-bc68-494e0027d046,,Everard Digby,1587,/collections/the-art-of-swimming-1587/digby-edit2-41.jpg,2452,3128,,trees
235e1870-8948-42b4-9843-867b3219b490,,Everard Digby,1587,/collections/the-art-of-swimming-1587/digby-edit2-17.jpg,2400,2940,,trees
20c1aeea-c041-4ee3-b776-b5ce1113619b,,Everard Digby,1587,/collections/the-art-of-swimming-1587/digby-edit2-1.jpg,2460,3120,,trees
39c41da8-9da9-40f3-8985-9083282b6fec,,Everard Digby,1587,/collections/the-art-of-swimming-1587/digby-edit2-82.jpg,2444,3118,,trees
3ae66815-3c0c-4f61-957e-b7da34991abb,,Everard Digby,1587,/collections/the-art-of-swimming-1587/digby-edit2-25.jpg,2420,3124,,trees
454a3738-dad4-430f-886d-503af87b938b,,Everard Digby,1587,/collections/the-art-of-swimming-1587/digby-edit2-62.jpg,2488,3136,,trees
47b398c6-22af-4718-ad8b-f70a5af04728,,Everard Digby,1587,/collections/the-art-of-swimming-1587/digby-edit2-23.jpg,2420,3104,,trees
407c1522-a63a-4bbc-8c73-de336c1fdb7c,,Everard Digby,1587,/collections/the-art-of-swimming-1587/digby-edit2-6.jpg,2404,3096,,trees
62c00f35-ea84-49a6-a381-750a660c99d9,,Everard Digby,1587,/collections/the-art-of-swimming-1587/digby-edit2-80.jpg,2436,2964,,trees
64fca850-324c-4d7b-b008-fc729276668e,,Everard Digby,1587,/collections/the-art-of-swimming-1587/digby-edit2-51.jpg,2464,3136,,trees
78bfff6b-027e-4c61-9ce8-673982675b8a,,Everard Digby,1587,/collections/the-art-of-swimming-1587/digby-edit2-29.jpg,2396,2904,,trees
773f0b1a-8210-4104-b7ff-3df8c96645b3,,Everard Digby,1587,/collections/the-art-of-swimming-1587/digby-edit2-5.jpg,2468,3152,,trees
899124d6-669e-4834-b346-fd6e4851c3c2,,Everard Digby,1587,/collections/the-art-of-swimming-1587/digby-edit2-15.jpg,2492,3140,,trees
83e14a77-e37c-4e41-b32e-c512c4785cc7,,Everard Digby,1587,/collections/the-art-of-swimming-1587/digby-edit2-7.jpg,2468,3116,,trees
96f43173-ec01-4989-bb5f-7b5e4f6dca48,,Everard Digby,1587,/collections/the-art-of-swimming-1587/digby-edit2-76.jpg,2464,3116,,trees
926a3fd1-1c92-4987-8f6c-c2c556c42e29,,Everard Digby,1587,/collections/the-art-of-swimming-1587/digby-edit2-43.jpg,2456,3144,,trees
965fc6ab-d427-4b7d-a79e-26e58e045faf,,Everard Digby,1587,/collections/the-art-of-swimming-1587/digby-edit2-13.jpg,2448,3180,,trees
06145f7d-8967-4f57-9a37-64e476c36922,,Everard Digby,1587,/collections/the-art-of-swimming-1587/digby-edit2-37.jpg,2448,3140,,trees
a9287849-ffc5-4c88-aeb1-6ec23e6477f7,,Everard Digby,1587,/collections/the-art-of-swimming-1587/digby-edit2-66.jpg,2488,3132,,trees
a6e1de29-485e-485b-90b4-f2282f6b2873,,Everard Digby,1587,/collections/the-art-of-swimming-1587/digby-edit2-4.jpg,2396,3092,,trees
bdb70164-40f4-411f-b35e-4ed74c587dc2,,Everard Digby,1587,/collections/the-art-of-swimming-1587/digby-edit2-39.jpg,2428,3108,,trees
e9faf9db-5a20-4ddd-a637-f2eaa96649e4,,Everard Digby,1587,/collections/the-art-of-swimming-1587/digby-edit2-33.jpg,2488,3152,,trees
e1dee4ed-d683-492c-9a17-ba1f0d213d13,,Everard Digby,1587,/collections/the-art-of-swimming-1587/digby-edit2-31.jpg,2424,3096,,trees
e2c91824-713d-475a-b2e5-b4f0d62feb9e,,Everard Digby,1587,/collections/the-art-of-swimming-1587/digby-edit2-11.jpg,2456,3196,,trees
fc602236-67e5-4185-b8fa-efe0cc1417f8,,Everard Digby,1587,/collections/the-art-of-swimming-1587/digby-edit2-47.jpg,2456,3192,,trees
1f9509c9-0f07-4939-92b1-3bb9fca44fc4,Shakespeare's statue under a tree with swans,,19th century,/collections/highlights-from-folger-shakespeare-library-s-release-of-almost-80000-images/14720818179_fc0591c88e_b.jpg,1024,839,,trees
b5043549-46a8-4004-a752-f5e6c576fefb,"“Those dervishes who have toiled and been abused, and have not known comfort in this world, they too [like the prophet] will ride Baraq [to heaven]”",,19th century,/collections/punishment-in-the-afterlife-an-eastern-turki-manuscript/14155080116_6ecd03633c_b.jpg,620,759,,trees
f87d470d-dda5-4c43-b222-662f593fc47f,"“He dedicated himself to his guiding pir (Sufi master) and refrained from people’s ..... (?) and abstained from illicit activity, tobacco and alcohol”",,19th century,/collections/punishment-in-the-afterlife-an-eastern-turki-manuscript/14198291533_d224ab2811_b.jpg,620,787,,trees
972ee64d-ae69-442b-a1ff-f5acee97c6c4,The balsam garden of Cairo (Fustat).,,ca. 1440,/collections/tractatus-de-herbis-ca-1440/13945845126_df8c519403_b.jpg,570,846,,"herbs,trees"
f6dc1d9f-5b7a-4ea9-b0c7-81f0fcb98351,"A tree, a spider web, and an eagle.",,ca. 1440,/collections/tractatus-de-herbis-ca-1440/13968949015_e3de758180_b.jpg,570,841,,"herbs,trees"
1e83069a-962a-4197-bb39-3e0e213bc0b1,,Pierre Salas,ca. 1500,/collections/the-little-book-of-love/12521656654_bf89443e55_b.jpg,800,892,,trees
50fea56f-0967-408f-9f9d-a9d4fdd41c20,,,,/collections/the-british-library-s-mechanical-curator-million/11448608495_9cf32308c5_o.jpg,461,560,,trees
392025c5-f919-47fb-ba6e-c2970a4fc34a,,Jacques-Louis David,1770s,/collections/the-sketchbooks-of-jacques-louis-david/10343320114_0f5c4e6d52_o.jpg,989,652,,trees
018e6c9d-f19c-49ac-b178-e74c5df3ffcf,"A Street Scene in Colombo, Ceylon",,ca. 1900,/essays/elizabeth-bislands-race-around-the-world/10292626534_e157927b9b_o.jpg,540,411,,trees
8f399e2e-7fc7-4edf-86ac-bdcfc489b00b,,Frederick Whitney,1909,/collections/blackboard-sketching-1909/blackboard-sketching-42.jpg,1170,1500,,trees
a741e484-6619-4f9a-9bf1-95fe42eca8ac,,Frederick Whitney,1909,/collections/blackboard-sketching-1909/blackboard-sketching-26.jpg,1169,1500,,trees
c373d283-b07f-4e40-8b33-84852d4e8c38,,Frederick Whitney,1909,/collections/blackboard-sketching-1909/blackboard-sketching-66.jpg,1127,1500,,trees
e94cde3d-7818-491a-a58c-55c00d7dc6b1,,Frederick Whitney,1909,/collections/blackboard-sketching-1909/blackboard-sketching-58.jpg,1122,1500,,trees
2799247c-d8fe-4b4a-8b4a-74931b1d9b44,At the French Windows. The Artist's Wife,L.A. Ring,1897,/essays/visual-nation-making-and-forgetting/9493053129_ca6e226f07_c.jpg,604,799,,trees
07eab757-a5b9-43fd-88a2-b6ad1426e13f,View of a Street in Østerbro Outside Copenhagen. Morning Light,Christen Købke,1836,/essays/visual-nation-making-and-forgetting/9495826772_3b8abb3b98_c.jpg,800,526,,trees
1c4f7210-301a-4310-a817-7d374160302e,Among The Tree Tops Calaveras Grove,Carleton Watkins,1880-90,/collections/a-selection-from-the-getty-s-open-content-program/9510946120_e10ced04d6_c.jpg,800,543,,trees
300e477d-54d1-4123-a6b6-3fadcff126e0,Landscape with Orpheus,,ca. 1570,/collections/a-selection-from-the-getty-s-open-content-program/9510944702_d1a137ee48_o.jpg,800,602,,trees
b419f6e0-3769-4c95-bee4-2d3e1e709e15,Elsie and the Gnome,Frances Griffiths; Elsie Wright,1922,/essays/sir-arthur-and-the-fairies/8970056337_7d29b60bda_o.jpg,540,561,,trees
992b84cd-15ef-478a-b9bc-52cef367a795,Giving Instructions to Bring in the Tiger,,1902,/collections/illustrative-plates-from-how-i-killed-the-tiger-1902/8741633068_dbf8ae859d_o.jpg,820,588,,trees
3c5b06d9-2fc4-47ad-8c08-e5b3bbe7a796,The water wonder or the fishes lords of the creation,,18th century,/collections/the-world-turned-upside-down-18th-century/8597012377_86425612be_o.jpg,786,558,,trees
2c7a3d3d-8285-4536-a0c7-a28d935221d5,"""Mount Prodigal"", Gloucester County, Virginia",,,/collections/double-exposures/8506993597_25c9c8c1cd_o.jpg,800,638,,trees
53d60e21-7815-4995-818e-c11765f773dc,,John Baptista Tavernier,1678,/collections/illustrations-from-the-six-voyages-of-john-baptista-tavernier-1678/8392820352_146d4d041a_o.jpg,1000,542,,trees
fb1d9eea-528a-4fac-96cd-3891fb027ba8,,John Baptista Tavernier,1678,/collections/illustrations-from-the-six-voyages-of-john-baptista-tavernier-1678/8392799714_1b32f34cc9_o.jpg,1000,529,,trees
deb83493-b17f-438c-a2b9-9b96c717101d,"There Stands an Old Tree; Cut It Down, and You Will Find Something at the Roots.",Arthur Rackham,1916,/essays/the-forgotten-tales-of-the-brothers-grimm/8291272030_23ea8623e4_o.jpg,540,550,,trees
48cd0965-b1c7-4a19-a2ae-3f158eb5fb13,,,ca.1800,/collections/illustrations-from-a-chapbook-on-robinson-crusoe-ca-1800/8252981280_632ac61fec_o.jpg,576,1089,,trees
35439fb2-b4d2-4338-92ea-5e08d2b3d76f,,,1882,/collections/woodcuts-from-18th-century-chapbooks/8067339482_3d27777216_o.jpg,438,273,,trees
313c53f9-3c90-4f49-9b4e-324cdef882d3,,,1882,/collections/woodcuts-from-18th-century-chapbooks/8067336958_c524b2ceb0_o.jpg,438,278,,trees
8c407cf5-b0e1-44d3-8879-1d4fe82bc0f7,,,1882,/collections/woodcuts-from-18th-century-chapbooks/8067339394_8e55f7ba6c_o.jpg,465,470,,trees
00ba935d-327f-4364-bc2a-35de2575e659,,,1882,/collections/woodcuts-from-18th-century-chapbooks/8067336638_68204f8484_o.jpg,522,463,,trees
29f4273c-93f6-4381-b439-f36de050598e,Spring Morning in the Han Palace (detail),Qiu Ying,17th century,/collections/spring-morning-in-the-han-palace-17th-c/800px-Qiu_Ying_-_Spring_Morning_in_the_Han_Palace_-_Walters_3548_-_View_J.jpg,800,504,,"gardens,trees"
7008bd36-d833-46bf-aa8a-0b675bc5726f,Spring Morning in the Han Palace (detail),Qiu Ying,17th century,/collections/spring-morning-in-the-han-palace-17th-c/800px-Qiu_Ying_-_Spring_Morning_in_the_Han_Palace_-_Walters_3548_-_View_A.jpg,800,460,,trees
592812aa-1ed0-4ae4-9d69-4a3edc70c87c,,Leonhard Zubler,1607,/collections/novum-instrumentum-geometricum-1607/700px-Fotothek_df_tg_0001494_Geometrie_5E_Vermessung_5E_Entfernung_HC3B6he_5E_Winkelinstrument_5E_Berg.jpg,700,599,,trees
b2ec3661-0d0b-4a38-9b96-120a3c1c483e,,William Cheselden,1733,/collections/william-cheselden-s-osteographia-1733/6068918533_cf3b806911_o.jpg,540,754,,"foliage,trees"
16154773-6a67-4b7a-8526-eee85fafca43,,,1902,/collections/shin-bijutsukai/shin-bijutsukai-0147.jpeg,1583,2238,,trees
7a8eb949-3238-46a2-8a06-6a03682c82d0,,,1902,/collections/shin-bijutsukai/shin-bijutsukai-0197.jpeg,1562,2207,,trees
88b05144-2b4d-4620-9a4e-e0e4c099524b,,,1902,/collections/shin-bijutsukai/shin-bijutsukai-0296.jpeg,1533,2177,,trees
dd5584a3-48e5-4741-8109-89b35f661bab,,,1902,/collections/shin-bijutsukai/shin-bijutsukai-0173.jpeg,1588,2182,,trees
e86807e0-daa9-44ae-b03d-b4234d37ffe3,,,1902,/collections/shin-bijutsukai/shin-bijutsukai-0269.jpeg,1628,2280,,trees
4eddfceb-f096-483a-a03b-59181d8d81b3,"""I saw them fashion the syllables of my name"" (The Pit and the Pendulum)",Harry Clarke,1919,/collections/harry-clarke-s-illustrations-for-poe-s-tales-of-mystery-and-imagination-1919/30177927671_dce727087b_o.jpg,528,700,,trees
9fb7a9ea-6377-4258-83be-9ba22e4e2e64,"Deep, deep, and for ever, into some ordinary and nameless <i>grave </i>(The Premature Burial)",Harry Clarke,1919,/collections/harry-clarke-s-illustrations-for-poe-s-tales-of-mystery-and-imagination-1919/29632548284_f88cafb43a_o.jpg,530,700,,"foliage,trees"
be530b25-f039-44b8-a3d5-0403dfb1454e,In his toilsome journey to the water his fears redouble within him (The Mystery of Marie Rogêt),Harry Clarke,1919,/collections/harry-clarke-s-illustrations-for-poe-s-tales-of-mystery-and-imagination-1919/30177927561_ff7792fe04_o.jpg,530,700,,trees
3d6aedca-414e-4cd4-9fc1-1f2aba4bcd8c,"[Vuangfos (i.e., Vrangfoss) Lock, Bandak Canal, Telemarken (i.e, Telemark), Norway]",,ca. 1890,/collections/landscape-and-marine-views-of-norway/3175040164_3b182699fc_z.jpg?zz=1,640,473,,trees
99203a52-8cd5-47e7-81f0-45a0c25ed94f,"[General view, Molde, Norway]",,ca. 1890,/collections/landscape-and-marine-views-of-norway/3174191573_f88fa2d43e_z.jpg?zz=1,639,474,,trees
a26acad5-4fa4-44ec-a42b-f32913b80959,"[Gols Church, with Hovenstuen and Staburet, Christiania, Norway]",,ca. 1890,/collections/landscape-and-marine-views-of-norway/3175012360_4f9b2beaaf_z.jpg?zz=1,640,468,,trees
8117fce7-b4a0-4202-b3ca-10a34e9a522b,Rosalie saw before her eyes a tree of marvellous beauty,Virginia Frances Sterrett,1920,/collections/old-french-fairytales-illustrated-by-virginia-frances-sterrett-1920/27049795958_1e8eca1fe7_b.jpg,620,824,,"gardens,trees"
0ed08f59-d60a-4383-8f1f-873bc64cedb8,A Carload of Pears from California,Edward H. Mitchell,1909,/collections/giant-produce-postcards/master-pnp-pcrd-1a00000-1a00000-1a00300-1a00355u.jpg,3385,2192,,leaves
ba5855cc-22d7-48ce-bcdd-0220700bf5d8,A Carload of Navel Oranges from California,Edward H. Mitchell,1909,/collections/giant-produce-postcards/master-pnp-pcrd-1a00000-1a00000-1a00300-1a00353u.jpg,3386,2177,,leaves
e9c24a86-8cba-402b-9a92-60f6f2217fc0,Frontispiece,Henri Rivière,1888–1902,/collections/36-views-of-the-eiffel-tower/01-image_riviere_henri_frontispice_le_g.22392-1_2023157.jpg,2952,2451,,leaves
cabf1a80-f428-4a76-bba3-db0437bda9eb,"Sloane MS 1975 (BL), ca. 1175–1200, f. 49r.",,ca. 1175-1200,/collections/mandrakes/mandrake-00059.jpg,477,583,,"herbals,leaves"
ff0eb8db-84a8-4865-9a96-89cfc484a3e5,Picking olives,,ca. 1910,/collections/photographs-of-palestinian-life/palestine-00107.jpg,5773,4210,,leaves
6be5534d-89d4-4f53-a330-b39ffc56c730,Little Horn of Leaves Which Covers Their Faces,Jean de Bosschère,1921,/collections/weird-islands/weird-islands-00034.jpeg,1735,2475,,leaves
5f721b96-84e6-404e-9087-af77abaa5bc3,"“The Hare and the Weasel”, a Swahili fairy tale.",Tom Seidmann-Freud,1924,/collections/rabbit-tales/dbbs_derivate_00000176-9.jpg,1774,1420,,leaves
139d8391-c297-49a4-9efd-a7066b757cfb,,Madame B,ca. 1870s,/collections/madame-b-album/madame-b-album-00051.jpg,2040,2749,,leaves
5e22a302-0819-40b2-a29a-59d9a6b271f3,White Flamingoes and the Skies They Simulate,Gerald H. Thayer,1909,/collections/concealing-coloration/concealing-coloration-10.jpg,1542,1500,,leaves
59340c23-6b03-41db-9946-7e737e05e38e,Male Wood Duck on Shallow Water,Gerald H. Thayer,1909,/collections/concealing-coloration/concealing-coloration-3.jpg,1032,1500,,leaves
71de9232-3a58-455e-83ac-413488ec444e,How the animal silhouette are seen against a background that matches it,Gerald H. Thayer,1909,/collections/concealing-coloration/concealing-coloration-5.jpg,1500,1025,,leaves
0e3c8c05-7596-4d1b-b2bb-d66dcf5742db,Cottontail Rabbit,Gerald H. Thayer,1909,/collections/concealing-coloration/concealing-coloration-7.jpg,1500,1445,,leaves
0ee74477-72e0-411d-8156-d46adcf04a11,Male Ruffed Grouse in the Forest,Gerald H. Thayer,1909,/collections/concealing-coloration/concealing-coloration-2.jpg,1500,1482,,leaves
affcda1a-147c-40af-8ce4-1f06b4477291,Copperhead Snake on Dead Leaves,Gerald H. Thayer,1909,/collections/concealing-coloration/concealing-coloration-11.jpg,1142,1500,,leaves
ac819a37-d424-494d-add0-40899317ecf2,Blue Jays in Winter and Birds of Paradise in the Forest,Gerald H. Thayer,1909,/collections/concealing-coloration/concealing-coloration-6.jpg,1500,1026,,leaves
d83857de-7add-45c5-ae0c-d86b87f6b875,Peacock in the Woods,Gerald H. Thayer,1909,/collections/concealing-coloration/concealing-coloration-1.jpg,1225,1500,,leaves
b25ba3e5-4222-4f05-a44f-c392f4557ab8,October,Walter Crane,ca. 1889,/collections/crane-months/crane-months-11.jpg,1040,1400,,leaves
5a55cd0f-78e8-4c55-b5ab-e9264a7e40c4,Kimono design,Ueno Seikō,ca. 1902,/collections/unkindo-kimono-designs/yachigusav14ueno_0003.jpeg,708,952,,leaves
ecc365c5-be8c-4633-978d-6dbcf1c895bd,Kimono design,Ueno Seikō,ca. 1902,/collections/unkindo-kimono-designs/yachigusav15ueno_0024.jpeg,702,964,,leaves
4217c504-2898-457e-87ea-67d0e21b4f10,"Peach water tower, Frontage Road, Gaffney, South Carolina.",John Margolies,1988,/collections/john-margolies-photographs-of-roadside-america/48636305492_8273523524_c.jpg,557,800,,leaves
09005bb5-1228-42a4-969d-8866289d6c4e,The Praying Mantis,E. J. Detmold,1921,/collections/fabres-book-of-insects-1921/48189612567_bc8885cd47_c.jpg,693,799,,leaves
97fa191f-0d0b-4742-942d-50387fcd3d61,"Fig. 8 is a representation of loaves of bread and cake, and is made by careful peeling.",,1910,/collections/the-art-of-ornamental-orange-peeling-1910/21711894234_ec9ee165da.jpg,453,500,,leaves
68e99974-59d8-4a2e-ae5c-e0aa99c9e833,,Hugo Simberg,ca. 1908,/collections/the-photographs-of-hugo-simberg/16853294085_037c863339_z.jpg,458,639,,"foliage,leaves"
0e224b83-2368-4ce3-bb19-bdcb143eb4c0,Aubrey Boucicault,Elmer Chickering,1913,/essays/cabinet-card-photographs-from-the-harvard-theatre-collection/14593190897_381d520569_o.jpg,600,896,,leaves
74b01ec6-3e92-4492-8ea4-d5e410d934e9,,,1902,/collections/shin-bijutsukai/shin-bijutsukai-0030.jpeg,1692,2325,,leaves
b3ab6bca-1058-4e62-8318-843d7154c8eb,,,1902,/collections/shin-bijutsukai/shin-bijutsukai-0316.jpeg,1525,2179,,leaves
e725cd0d-4004-4616-9972-0bb82671e3dc,,,1902,/collections/shin-bijutsukai/shin-bijutsukai-0151.jpeg,1592,2213,,leaves
ffabe6c1-cbd6-449b-85a2-b0ba97550445,Zeus on His Throne,Maria Catharina Prestel; Giulio Romano,1781,/collections/maria-catharina-prestel/maria-catharina-prestel-00009.jpg,2620,3420,,foliage
6d80850f-425f-42fb-a314-d7cd6d791c81,Owl with Two Owlets Sitting on Branch,Henri De Groux,1895,/shop/nov-2023-prints-00026.jpg,893,1200,,foliage
8d0f8c3a-6f6a-4ccc-b531-bc2ea547e359,,Madame B,ca. 1870s,/collections/madame-b-album/madame-b-album-00050.jpg,2724,1932,,foliage
5e2a7b16-5568-4149-85bf-41ef0d4d264e,The Greedy Dog,,ca. 1310,/essays/travelling-tales/14-iiif-service_gdc_gdcwdl_wd_l__08_93_3_wdl_08933_bsb00045958_00078-full-pct_100-0-default-edit.jpeg,2175,1740,,foliage
a0f35e35-a5bc-4fb8-bbcf-3804a133ca3f,,Thomas Smillie,1890–1913,/collections/smillie-smithsonian/smillie-smithsonian-16.jpg,2048,1650,,"foliage,gardens"
3ad90082-02e1-4149-8f80-8bc4a06ae60e,Caret,Mr. Stops,1824,/collections/punctuation-personified/punctuation-personified-24.jpg,2380,2168,,foliage
5e2050d4-8514-4fba-aeff-4e0f189caaa9,The worship of Priapus,,1499,/essays/hypnerotomachia-poliphili/02-ppriapus-full-spread.jpeg,1500,1100,,foliage
5d994497-f8a8-4d19-b445-ac4cef05ce7b,Bubbles,John Everett Millais,1886,/collections/visualising-bubbles/soap-bubble-56.jpg,951,1400,,foliage
8e283ccd-ed17-40a3-94ac-a7100b4767f7,The Baths of Apollo at Versailles,,1870,/essays/petrified-waters/18-RP-F-F05342-edit.jpg,1400,706,,"foliage,gardens"
d29d26e0-e446-46ae-ba3a-729013f97d30,Two Views of a Grotto at the Villa di Pratolino,Stefano della Bella,1653,/essays/petrified-waters/02-DP827733-edit-2000.jpeg,2000,1352,,"foliage,gardens"
8a896c8f-577f-4cdd-bb02-d43d80c15bcd,,Philipp Hainhofer,1596–1633,/collections/hainhofer-stammbuch/hainhofer-stammbuch-157.jpeg,812,1062,,foliage
1378d2a8-db63-4c8f-823c-8c88565059cb,La Tomba di Nerone (Nero's Tomb),Giovanni Battista Piranesi,1748,/essays/a-paper-archaeology/DP828189-edit.jpeg,3701,2661,,foliage
c567171d-bc1b-4121-9121-b2110c2c3ea3,Fantasy of Ruins with a Statue of Minerva in the Center Foreground,Giovanni Battista Piranesi,1748,/essays/a-paper-archaeology/DP828228-edit.jpeg,1400,1088,,foliage
054b5a75-b1a3-404a-90c4-a4d611d5b52f,After the fall,,ca. 1330,/collections/holkham-bible/holkham-bible-6.jpeg,850,1169,,foliage
e21b0e4d-5ff7-44f0-8984-5b45f0f7811c,The murder of Abel,,ca. 1330,/collections/holkham-bible/holkham-bible-7.jpeg,872,1151,,foliage
c4026493-edd2-4bff-962e-a4acfc5cf18e,Distinguished Colored Men,A. Muller & Co.,1883,/essays/william-wells-brown-wildcat-banker/service-pnp-pga-02200-02252v-edit.jpeg,771,1024,,foliage
217aa2ec-798b-4b48-88c2-efc40d265dfb,"Grace Parker, sister of Theresa P. Babb, photographed in 1898",Theresa Babb,1898,/collections/babb-photographs/Babb-4.jpg,1415,1400,,"foliage,gardens"
3b6d4735-658f-4f6f-b270-3884302a5d68,"Mrs. Hodgman's picnic, August 1900",Theresa Babb,1900,/collections/babb-photographs/Babb-12.jpg,1481,1400,,foliage
7638e595-19ae-4313-9845-1ddd28c6ef9a,"Summer house group: Lizzie, Myrtle French, Teresa?, Grace, & Margaret, June 24, 1898",Theresa Babb,1898,/collections/babb-photographs/Babb-15.jpg,1408,1400,,foliage
00d31ce9-3465-4446-9d28-b7e95ce696cc,"“Mothers & Daughters, September 1899”",Theresa Babb,1899,/collections/babb-photographs/Babb-11.jpg,1371,1400,,foliage
f6cdd610-e511-4357-a05e-58b698c49e27,Ancient Intersection of the Via Appia and Via Ardeatina,Giovanni Battista Piranesi,1756,/shop/nov-21-prints-00001.jpg,1200,774,,foliage
19d31af6-8b7e-4231-be76-310d3c531469,Credit Is Dead; the Bad Payers Killed Him,Philippus Jacobus Brepols,ca. 1820,/essays/the-art-of-making-debts/Credit_est_mort_les_mauvais_Payeurs_lont_tue_(titel_op_object)_RP-P-OB-201.947-edit-full.jpg,1400,1144,,foliage
d1309fe2-c17a-4e85-971e-7c87e6054776,The Tubes (View from an Aeronef at 700 Meters),Albert Robida,1890,/collections/albert-robida-la-vie-electrique/levingtimesiclel00robi_0043.jpg,834,1200,,foliage
7981e635-68be-4977-9b17-f5be4825a88e,Instrument of the Madurè,Filippo Buonanni,1722,/collections/filippo-buonanni-harmonic-cabinet/harmonic-cabinet-00017.jpg,809,1200,,foliage
3df95ee1-fe24-4da8-96a4-e6e1b0d54266,,Elias Ashmole,1652,/collections/theatrum-chemicum/theatrumchemicum00ashm_0075.jpg,884,1200,,foliage
fcf15057-7995-4539-ac24-6e0543b528ed,Seascape (Gravelines),Georges Seurat,1890,/essays/primary-sources/seascape_(gravelines)_2012.89.8-edit.jpg,4096,2842,,foliage
8b2f0bb8-a2e9-4ed9-9062-6b60c86719f1,,Lorenz Stoer,1567,/collections/the-geometric-landscapes-of-lorenz-stoer-1567/49018032247_69ff1e30e1_c.jpg,589,800,,foliage
ef18afe0-987a-4875-bdc2-083062c65d96,,Lorenz Stoer,1567,/collections/the-geometric-landscapes-of-lorenz-stoer-1567/49018032427_ebf73c4f69_c.jpg,574,800,,foliage
4f2ec414-03b4-4bf5-a0db-add0873f1821,The Holy Wound,Jean Le Noir,ca. 14th century,/shop/oct_19_new_prints_00046.jpg,779,1200,,foliage
535faf44-b5f5-4124-8b2b-b42a7dbe1bed,Antropomorphic Hill,Jan Brandes,1785,/shop/oct_19_new_prints_00066.jpg,1001,1200,,foliage
00699830-57ec-4d04-b0d7-795f62050c6a,Greenfinch,Barbara Regina Dietzsch,ca. 1750,/shop/oct_19_new_prints_00061.jpg,862,1200,,foliage
56739446-045c-4ec5-b066-9a7f41067a7f,The Romance of the Future (With Kinetoscopic Illustrations),Albert Robida,1894,/collections/octave-uzannes-the-end-of-books-1894/scribnersmagazin16newy_0242-copy.jpg,794,1100,,foliage
630b4786-3047-454c-b4bd-dcc21e10fe58,"Roadside flamingo statue, Frog City, Route 41, Florida.",John Margolies,1980,/collections/john-margolies-photographs-of-roadside-america/48636306697_52799563e3_b.jpg,1024,713,,foliage
2154dd03-a8a2-4b1b-a71f-07668871881a,Arabian Ornaments of the Thirteenth Century from Cairo,Owen Jones,1865,/essays/brilliant-visions-peyote-among-the-aesthetes/48364864861_93bfa0fc6c_o.jpg,800,1237,,foliage
f12b0c92-b32e-4760-997c-4e0d47fbfccb,"Natural History of Carolina, Florida and the Bahama Islands, v1. Tab 38",Mark Catesby,1731,/shop/edit-naturalhistoryCIc2Cate_0129-1.jpg,574,768,,foliage
1b454cdc-6819-4283-9052-1cfc681d9ec0,Guide for Constructing the Letters r and s,Joris Hoefnagel,ca. 1595,/shop/edit-00273201-1.jpg,835,1200,,foliage
a1d26df5-4405-452c-baf0-1f5f42eede4a,Guide for Constructing the Letters c and d,Joris Hoefnagel,ca. 1595,/shop/edit-00272401-1.jpg,858,1200,,foliage
bb309e24-46b9-4c2a-91b0-2b397aff8bc8,Guide for Constructing the Letters a and b,Joris Hoefnagel,ca. 1595,/shop/edit-00272301-1.jpg,844,1200,,foliage
cd50d3b0-ccc1-41ab-a00a-5c84d1de7820,"The Marsh Flower, a Sad Human Head",Odilon Redon,1885,/shop/RP-P-1922-145-edit-1.jpg,916,1200,,foliage
5cdc3a1f-30b5-485b-9f99-6d266701f71b,The Sick Rose,William Blake,ca. 1825,/shop/DP816680-edit-1.jpg,840,1200,,foliage
6e24dd2e-6bfa-4c30-9f82-7234a266d9d0,Night,William Blake,ca. 1825,/shop/DP816661-edit-1.jpg,833,1200,,foliage
5ef68ae5-4453-494c-bbe0-54d4efb19543,Two pages from <em>The Young Artist's Coloring Guide. No. 12</em> (ca. 1850).,,ca. 1850,/essays/filling-in-the-blanks-a-prehistory-of-the-adult-coloring-craze/46983702501_8a5ba19cf8_h.jpg,855,1599,,foliage
35a215fe-fe5f-4965-bf0e-78f0cb713f8a,"""You'll come to three Princesses, whom you will see standing in the earth up to their necks, with only their heads out.""",Kay Nielsen,1922,/collections/east-of-the-sun-and-west-of-the-moon-illustrated-by-kay-nielsen-1922-edition/43934094820_221126f573_c.jpg,550,799,,foliage
dc190f5f-b29e-40c5-8ecf-c9e1fa68fbf3,"The Death of Captain Thomas, and Escape of Wyer and Cammett",Charles Ellms,1841,/collections/the-tragedy-of-the-seas-1841/43688140765_2b394f294e_z.jpg,639,516,,foliage
8dc9dd34-e5e0-481c-811c-5edd1bdd9e79,"Fore-edge for a copy of *Hudibras. With Annotations and Preface by Zachary Grey*, Volume Two",,1799,/collections/fore-edge-book-paintings-from-the-boston-public-library/27777893367_8cc43f5cd8_b.jpg,1024,344,,foliage
c165fb85-8f60-41e0-b7c6-5c17f5dca505,Scipio Africanus,Mattia di Nanni di Stefano,ca. 1425–30,/essays/exquisite-rot-spalted-wood-and-the-lost-art-of-intarsia/28277032678_bcac562d36_b.jpg,713,1024,,foliage
f15a7f88-0c84-4086-824b-8bb2a2536b9a,Cuckoo and Pine,Utagawa Hiroshige,1840,/collections/utagawa-hiroshige-last-great-master-of-ukiyo-e/41672249971_dd152560c3_b.jpg,1000,782,,foliage
6b9d9ce3-ff18-4cf1-9e00-46d6807f2c80,The Old Woman,Hans Holbein,1523–5,/collections/hans-holbeins-dance-of-death-1523-5/26629047687_1d7db46747_o.jpg,550,738,,foliage
0c7aff03-4406-4f6b-8ee9-9546d1b47538,This giant gave them his brotherly kindness,Nathaniel Hawthorne,1921,/collections/nathaniel-hawthorne-s-tanglewood-tales-illustrated-by-virginia-frances-sterrett-1921/40026867065_3efe6bf3ff_b.jpg,620,829,,foliage
33f226e3-3c6c-418e-ae7f-6f62513eafb3,Author With Wooden Mask Off,Richard Kearton,1909,/essays/stuffed-ox-dummy-tree-artificial-rock-deception-in-the-work-of-richard-and-cherry-kearton/33871440234_ba0916e1f6_o.jpg,652,754,,foliage
2f3499da-2a4f-4c20-90d1-9462a940aa54,"Nane, Qagyuhl — Man dressed in a full-body bear costume.",Edward Curtis,ca. 1914,/collections/edward-curtis-photographs-of-kwakwaka-wakw-ceremonial-dress-and-masks-ca-1914/33573032661_78f233212b_o.jpg,481,640,,foliage
2d827e79-e870-4dc8-84f9-41db5bf17f12,"A Tluwulahu costume, Qagyuhl — Woman wearing a fringed Chilkat blanket, a hamatsa neckring and mask.",Edward Curtis,ca. 1914,/collections/edward-curtis-photographs-of-kwakwaka-wakw-ceremonial-dress-and-masks-ca-1914/33702253005_256479ee79_z.jpg,480,640,,foliage
88c43b03-081d-42e5-8c40-43cbf6c5e6b3,"Paqusilahl, Qagyuhl — Dancer representing Paqusilahl (""man of the ground embodiment"").",Edward Curtis,ca. 1914,/collections/edward-curtis-photographs-of-kwakwaka-wakw-ceremonial-dress-and-masks-ca-1914/33318034750_5183aac31c_o.jpg,478,640,,foliage
992ffeea-2929-40e6-9547-8875b6fe63ce,"Sisiutl, Qagyuhl — Sisiutl, one of the main dancers in the Winter Dance ceremonies.",Edward Curtis,ca. 1914,/collections/edward-curtis-photographs-of-kwakwaka-wakw-ceremonial-dress-and-masks-ca-1914/33702252885_06844bb021_o.jpg,640,488,,foliage
67fcd439-bd41-4c3d-aa4e-4c6df3011551,,Théodore Marcile,1609,/collections/the-city-of-truth-or-ethics-1609/32270297380_b9372a932c_o.jpg,718,1197,,"foliage,gardens"
9c1abea1-b0e6-4411-a0f1-8198ffb4f0a6,Blind Man's Bluff,Claudine Bouzonnet-Stella; Jacques Stella,1657,/collections/the-games-and-pleasures-of-childhood-1657/19502579840_4bb912584b_o.jpg,800,630,,foliage
7ad9c64a-cc55-4c12-b225-c13863e96971,Kongcorong,,,/essays/forgotten-failures-of-african-exploration/16611962793_1de88ed9e9_b.jpg,717,1024,,foliage
b6a7e708-66b4-47c7-8954-6a3e8b9e67b9,,Utagawa Yoshishige,1848,/collections/53-stations-of-the-tokaido-as-potted-landscapes-1848/16728469117_57e9cea79a_o.jpg,500,705,,foliage
cd61f4e1-2fde-43f5-909b-04e08e275b04,,Hugo Simberg,1907,/collections/the-photographs-of-hugo-simberg/16827425446_c377b55aa2_b.jpg,1023,726,,foliage
0e63ea7b-ae25-46ce-9f06-6a94f0a8fb0e,Carthaginian Policeman Approaching Marius,John Leech,1850,/essays/the-eternal-guffaw-john-leech-and-the-comic-history-of-rome/16449395858_553a96125f_o.png,544,668,,foliage
873a8634-1af1-4074-b483-8d86b44a288d,,,ca. 1467,/collections/journey-from-venice-to-palestine-mount-sinai-and-egypt-ca-1467/16625876052_cfdf274da6_o.jpg,600,901,,foliage
9efad8f4-c86b-4915-bb53-d5456f0e9f34,"The Indian Puck, or Robin Good-Fellow",Charels G. Leland,1884,/collections/the-algonquin-legends-of-new-england-1884/15092243968_3353f5b040_o.jpg,560,893,,foliage
bb97e227-edb6-4b6a-8ba1-73778f38af45,Glooskap Setting His Dogs on the Witches,Charels G. Leland,1884,/collections/the-algonquin-legends-of-new-england-1884/15092059519_2fccefb77f_o.jpg,560,587,,foliage
19b9b0d9-1a9a-4436-97bb-49b7dbf15039,"Fireworks at The Hague, June 14, 1713 on the Occasion of the “Peace of Utrecht”",,1713,/essays/picturing-pyrotechnics/14503601992_4db1ea131d_c.jpg,800,625,,"foliage,gardens"
0244d80c-1436-4260-8e35-322d37989b3f,The Mother's Kiss,,ca. 1900,/collections/the-25-stages-from-courtship-to-marriage/11353725565_ff809b5bf4_b.jpg,1024,500,,foliage
e00aef6a-54bc-4581-a8f6-a5c5f07e8ea4,The Bridesmaids Ready for the Ceremony,,ca. 1900,/collections/the-25-stages-from-courtship-to-marriage/11353872513_987502ccdb_b.jpg,1024,503,,foliage
a429091b-4db1-4a17-a81c-d45cc6a77594,Detail from the frontispiece of <i>The Hermit</i>,,1814,/collections/the-hermit-or-the-unparalleled-sufferings-and-surprising-adventures-of-philip-quarll-1814/hermitorunparall00longuoft_0006.jpg,591,681,,foliage
87d8baf9-25d8-4059-97db-b7b93adf34fa,,,,/collections/the-british-library-s-mechanical-curator-million/11448353816_7b04632f87_n.jpg,315,320,,foliage
02ed3c69-da37-4b42-b56e-8c1db1510f62,Lies coming out of Judge Jeffreys’ mouth,,,/collections/the-british-library-s-mechanical-curator-million/11448608575_537cc0b35d_o.jpg,479,560,,foliage
2acf3d8c-c116-497f-b4ed-996cb443879a,,Wm. H. Page & Co.,1874,/collections/specimens-of-chromatic-wood-type-and-borders-1874/11191668446_612d805340_o.jpg,600,807,,foliage
fb059ca0-0308-4713-a544-7261b0b5ec94,,Frederick Whitney,1909,/collections/blackboard-sketching-1909/blackboard-sketching-22.jpg,1243,1500,,foliage
511645c7-58ed-4fde-b13a-11bcf821870f,Philoctets Wounded,Nicolai Abildgaard,1775,/essays/visual-nation-making-and-forgetting/9493038105_5a2e2d80e2_c.jpg,800,564,,foliage
10d6e5e6-1a60-48b2-a176-15db99a36854,Glass and Shadows,Baron Adolf De Meyer,1912,/collections/a-selection-from-the-getty-s-open-content-program/9510944450_05eb5f75e9_o.jpg,597,800,,foliage
79108dae-0dbe-427f-b1ea-1f1d44aedde5,The First Fairy Photograph,Frances Griffiths; Elsie Wright,1922,/essays/sir-arthur-and-the-fairies/8970056301_fc37167f90_o.jpg,540,387,,foliage
c780fcbd-32f9-45bb-8e36-829d964ba3a4,The Hairbell Fairy,Frances Griffiths; Elsie Wright,1922,/essays/sir-arthur-and-the-fairies/8971246860_d20742eec8_o.jpg,540,717,,foliage
c8152d48-c8d2-4f80-a400-5f864fc9c975,The Dancing Fairy,Frances Griffiths; Elsie Wright,1922,/essays/sir-arthur-and-the-fairies/8970056399_d8bd49a90c_o.jpg,540,735,,foliage
73f11a07-d192-472f-a936-2999dc47235b,Left - St. Michael Rescues the Faithful From the Flames of Hell. Right - The Faithful Rescued by Saint Michael in Paradise,,Late 17th century,/collections/17th-century-ethiopian-manuscript-the-miracles-of-the-archangel-michael/8720894090_944f1edd2a_o.jpg,950,528,,foliage
b06b38e3-294b-4043-a10f-7b807c1dc5fa,Lion,Edward Topsell,1658,/collections/the-history-of-four-footed-beasts-and-serpents-1658/8615277329_4dcfdbcdb9_o.jpg,598,369,,foliage
bda27f72-aa7c-42dc-b492-14a9b2ac55c6,,Oliver Goldsmith,1825,/collections/engravings-from-oliver-goldsmith-s-history-of-the-earth-and-animated-nature-1825/8314833478_5ee76bdf39_o.jpg,500,656,,foliage
5f3a0fa3-1240-4232-828e-938ec5c03feb,,,ca. 1880,/collections/posed-portraits-of-19th-century-baseball-stars/4051196082_21e695beff_z.jpg?zz=1,435,639,,foliage
8942ce01-8e5f-41ad-87cb-5afba5f28a8b,Charles Darwin,Frederick Watty,1873,/collections/cartoon-portraits-of-leading-19th-century-figures-1873/7802388440_b473627973_o.jpg,518,731,,foliage
4c7a84b7-ddf1-49d8-912b-2061567603b1,,Charles Mavelot,1695,/collections/17th-century-heraldry-designs-1695/7590452284_2ba14a947d_c.jpg,800,564,,foliage
94d9aedf-6b13-459c-a646-c8da4bae8248,,Charles Mavelot,1695,/collections/17th-century-heraldry-designs-1695/7590450032_43660ba78e_c.jpg,800,564,,foliage
0f0adda6-0535-4508-b9af-a8c54f3f1cc1,,Charles Mavelot,1695,/collections/17th-century-heraldry-designs-1695/7590450758_0b61fdfed0_c.jpg,800,564,,foliage
eac9dcd2-1be2-4d8a-9fc1-89e27d1cea31,,Charles Mavelot,1695,/collections/17th-century-heraldry-designs-1695/7590449586_87b69f42b1_c.jpg,800,564,,foliage
f0c9ae60-61d1-40fc-9a4e-1bde080390b6,,Charles Mavelot,1695,/collections/17th-century-heraldry-designs-1695/7590451854_3feb33a773_c.jpg,800,564,,foliage
32d24085-da81-4fe1-bf7a-6a5a76b8af9f,,William Cheselden,1733,/collections/william-cheselden-s-osteographia-1733/7362671026_3563875932_o.jpg,750,402,,foliage
386d08bb-8706-4939-96a8-5a29bd94a454,,William Cheselden,1733,/collections/william-cheselden-s-osteographia-1733/7177447075_3bc0e396c2_o.jpg,753,386,,foliage
138379f0-dac3-48dd-adb2-330f787929e7,“I Found Him Beneath a Tree”,William Blake,1826,/collections/mandrakes/mandrake-00017.jpg,840,1022,,herbals
6a2bcaff-2346-4773-a2b2-b5abf4f55b9c,"*Herbarium Apuleii*, Ms. 18 (Yale Medical Library), ca. 1400, p. 83.",,ca. 1400,/collections/mandrakes/mandrake-00042.jpeg,2129,1995,,herbals
b02cef25-1720-4f9c-b12e-75148ee981ef,"*Tractatus de Herbis*, Sloane MS 4016 (BL), ca. 1440, f. 56v.",,ca. 1440,/collections/mandrakes/mandrake-00015.jpeg,569,859,,herbals
e5804c20-2452-4aaa-b6e7-8a0d053dfc53,"*Hortus sanitatis*, Me 4° 1 (Herzog August Bibliothek), 1536, p. 00339.",,1536,/collections/mandrakes/mandrake-00011.jpeg,723,1097,,herbals
1bb380b1-6d27-406d-87d1-820d8e73a820,,,1190–1200,/collections/miniatures-from-a-12th-century-medical-and-herbal-collection/31693944834_0e2e9ab9f6_b.jpg,756,564,,herbals
6918c0fa-b90b-430a-a1c6-c39171fc5d28,,,1190–1200,/collections/miniatures-from-a-12th-century-medical-and-herbal-collection/31694048034_c95e647a60_c.jpg,653,800,,herbals
85388896-e7f9-4d81-83cf-5cab19b01285,,,1190–1200,/collections/miniatures-from-a-12th-century-medical-and-herbal-collection/31694017254_d6653ac082_b.jpg,764,1024,,herbals
9ae0cc58-e3ea-4c9f-bd71-cabb0bc34a20,,,1190–1200,/collections/miniatures-from-a-12th-century-medical-and-herbal-collection/31694043534_bf6c4bf5dc_c.jpg,596,800,,herbals
b06986dc-689e-4efa-be4b-cac305d991d6,,,1190–1200,/collections/miniatures-from-a-12th-century-medical-and-herbal-collection/32537780175_0641367455_z.jpg,633,640,,herbals
d96d0866-e8eb-466f-bb08-875a89cff5eb,,,1190–1200,/collections/miniatures-from-a-12th-century-medical-and-herbal-collection/32385151582_38df49949c_c.jpg,687,800,,herbals
d07d91d9-7322-4be2-b57a-850a4e8c7067,,,1190–1200,/collections/miniatures-from-a-12th-century-medical-and-herbal-collection/32414967881_ec0a930271_c.jpg,702,800,,herbals
d5ff6e14-5083-43af-82bc-a7dfae4e1caf,,,1190–1200,/collections/miniatures-from-a-12th-century-medical-and-herbal-collection/32496694226_dab1a17b09.jpg,381,481,,herbals
eff8631b-ed1f-44ac-9025-79db0930da8f,,,1190–1200,/collections/miniatures-from-a-12th-century-medical-and-herbal-collection/32158615340_9478bd4f21_c.jpg,690,800,,herbals
ee2b2fe7-acae-463c-a7bd-929f1b11605e,,,1190–1200,/collections/miniatures-from-a-12th-century-medical-and-herbal-collection/31694011894_d92ef0295b_c.jpg,666,800,,herbals
f819bf43-16a2-40ea-a8ee-a975b6d7a21b,,,1190–1200,/collections/miniatures-from-a-12th-century-medical-and-herbal-collection/32385173092_35cae60c0a_z.jpg,538,640,,herbals
db44d409-fc66-4e3d-a2b2-011507b59be4,"A lion, a leopard, a rabbit, and an elephant.",,ca.1440,/collections/tractatus-de-herbis-ca-1440/13969389384_6c695a74a7_b.jpg,570,848,,herbs
a9b1a983-e99b-4469-8f50-62dd9915c679,From the Market Gardens of Grenelle,Henri Rivière,1888–1902,/collections/36-views-of-the-eiffel-tower/06-image_riviere_henri_des_jardins_mar_g.22392-6_2023159.jpg,2872,2392,,gardens
a8dc319f-38db-41b2-8db8-21e6fdcd8b84,Illustration of a camera obscura,James Ayscough,1755,/essays/the-early-modern-camera-obscura/03-b30373177_0002-edit.jpg,4440,4672,,gardens
1d9e7de4-55ab-4155-a512-deb43b5dd5b4,Tea house hidden by the greenery of the “Japanese village” at Albert Kahn’s Boulogne-Billancourt property,Albert Kahn collection,1910,/essays/albert-kahns-archives-of-the-planet/03-Proprieted_AlbertKahn-Boulogne-FrancePasjaponaismenantal_ouestdelamaisondethecacheeparlaverdureduvillagejaponais_B14.jpg,2560,1898,,gardens
42be1611-24e5-4da2-81e8-541b8aef2ebb,Gamberaia,Edith Wharton,1904,/collections/edith-wharton-italian-villas/italianvillast00whar_0077-edit.jpeg,2742,4188,,gardens
d37252a4-07cf-4ae6-8bda-7e71b8feb2be,Isola Bella,Edith Wharton,1904,/collections/edith-wharton-italian-villas/italianvillast00whar_0299-edit.jpeg,4212,2814,,gardens
d7e4eaca-cf3b-45f2-af11-b0aa7b86f673,Villa Gori,Edith Wharton,1904,/collections/edith-wharton-italian-villas/italianvillast00whar_0113-edit.jpeg,2838,4059,,gardens
ee48fddd-b268-4ba4-aaac-ef275580a379,,Edith Wharton,1904,/collections/edith-wharton-italian-villas/italianvillast00whar_0306-edit.jpeg,2859,4263,,gardens
e8f04253-26df-4c12-bac1-506c40c91163,,Edith Wharton,1904,/collections/edith-wharton-italian-villas/italianvillast00whar_0121-edit.jpeg,2850,4065,,gardens
ffac2289-546d-4bb4-968d-dfa4a74ad190,Villa Campi,Edith Wharton,1904,/collections/edith-wharton-italian-villas/italianvillast00whar_0010-edit.jpeg,2748,4299,,gardens
a6a542a7-9462-40f0-add7-1b4981edf667,“Knocking at a deaf man’s door”,Jan Wierix,ca. 1568,/collections/wierix-flemish-proverbs/RP-P-1939-400.jpg,4852,4902,,gardens
32994237-7272-4d0e-9376-a31fad148eca,"Detail from an Anonymous Print of Figures in the Oude Doolhof, Including David, Left, and a Chinese Figure, Centre",,ca. 1831–54,/essays/oude-doolhof/11-Chinese-crop.jpg,2110,1010,,gardens
fb6ae5f8-77e2-4f45-8afb-c1bdc928a191,Petit Trianon in the Gardens of Versailles,Florent Grau,1858,/collections/an-adventure/petit-trianon-stereo.jpg,3964,1948,,gardens
d74c356f-234f-4cab-81d5-d8a34ad39c16,Section,Mr. Stops,1824,/collections/punctuation-personified/punctuation-personified-27.jpg,2421,2168,,gardens
6d883b76-54e6-4d75-9d4d-358e5c12ce07,The Fontana dell’Aquilone in the Vatican Gardens,Giovanni Franceso Venturini,1675,/essays/petrified-waters/03-Falda-grotto-style-fountain.jpeg,1220,875,,gardens
73b93c47-afae-4ad7-b3cc-ce5711aec72a,The Colossal Statue of Appenino by Giambologna at Pratolino,Stefano della Bella,1653,/essays/petrified-waters/13-DP827725-edit.jpeg,2000,1337,,gardens
72978901-1d04-4a60-851b-8708a7894494,"Chariot Procession of Poseidon, Held on May 28, 1589, for the Wedding of Ferdinando I and Christine of Lorraine",Bernardo Buontalenti,1589,/essays/petrified-waters/12-MM27496-edit.jpeg,1400,974,,gardens
ad32fe70-32f1-46e0-b1ab-43cee608b6a6,"“Grotesque or Rural Bath”, “Gothic Grotto”, and “Modern Grotto”",,1790,/essays/petrified-waters/15-grotesquearchite00wrig_0041-triple.jpeg,2977,1670,,gardens
ac00e33b-4810-4014-afc3-ac17e1dc72fe,Room of the Winds in Villa Aldobrandini,Giovanni Francesco Venturini,1691,/essays/petrified-waters/09-DP109524-edit.jpeg,1155,1455,,gardens
df5acced-7a1a-489a-bf99-65c28f58ecb5,"Visitors Entering the Caves of Villa Pallavicini, Pegli",Celestino Degoix,1880,/essays/petrified-waters/20-RP-F-F01093-AN-edit.jpg,1397,1096,,gardens
df34ceaa-504c-4248-84b2-464ad4685293,Grotto Design with Automata,,1615,/essays/petrified-waters/10-raisonsdesforce00Caus_0083-edit.jpeg,1400,894,,gardens
d2e44e8f-d202-4b74-b272-0534edf151c1,“Grotto of the Animals” at Villa di Castello,,1906,/essays/petrified-waters/05-romanceofitalian00chamuoft_0041-edit.jpeg,1014,1286,,gardens
daae0d61-7087-41d4-97f0-031460924093,"Grotto at Villa di Papa Giulio, Rome",,1904,/essays/petrified-waters/04-gri_33125008561694_0144-edit.jpeg,1455,1068,,gardens
e6de776d-1c6d-46d2-ae49-16198241042d,"Grotto at Villa d’Este, Tivoli",Giovanni Francesco Venturini,before 1691,/essays/petrified-waters/07-BI-1893-A39-85-edit.jpg,1400,1046,,gardens
a986c80d-cfee-4334-aac8-b001f4fd958c,"Tell’s Chapel, Lake Lucerne",J. M. W. Turner,1841,/essays/little-switzerlands-alpine-kitsch-in-england/ycba_42b079a6-8f43-4e6c-aedc-4f8d0e516f3f.jpeg,5084,3990,,gardens
8bf6668b-4401-42ce-9c65-ed3df683a66c,Loie Fuller (Detail),Samuel Joshua Beckett,1900,/essays/loie-fuller-and-the-serpentine/49019152622_c7ff00a5ee_b.jpg,823,1023,,gardens
6f7143da-5a6b-49d6-82ec-a17a3cb7e260,Maze Design by Batty Langley,W. H. Matthews,1922,/collections/mazes-and-labyrinths-1922/40179585103_4b4e25a2f9_z.jpg,460,639,,gardens
79ac6a53-c19f-4c90-9891-458275ba6d2f,Plan Du Labirinthe De Versailles,W. H. Matthews,1922,/collections/mazes-and-labyrinths-1922/47092264082_ff5fc47402_c.jpg,490,799,,gardens
8db98e10-4302-40a8-9a03-6663fde8ec05,"Gardens of Trinity College, Oxford, With Labyrinth",W. H. Matthews,1922,/collections/mazes-and-labyrinths-1922/40179584943_d3fa4acbdb_b.jpg,1024,790,,gardens
81ce22a6-14ee-4a45-88c7-a580d40f1cd2,Maze Design by Batty Langley,W. H. Matthews,1922,/collections/mazes-and-labyrinths-1922/47092264012_efffd27e9f_b.jpg,1024,764,,gardens
b95b243d-a5b1-4959-829a-9e9bf511e7c6,Labyrinth at Choisy-Le-Roi / Labyrinth at Chantilly,W. H. Matthews,1922,/collections/mazes-and-labyrinths-1922/40179585223_f1bd73c589_c.jpg,572,800,,gardens
d4b89906-b6f1-450a-af67-0792fee7f07b,Allegorical Labyrinth,W. H. Matthews,1922,/collections/mazes-and-labyrinths-1922/40179584803_d64a4ea92b_b.jpg,1024,634,,gardens
2eca2af2-abd0-4f2c-9ebc-ed185143c557,Women bathing before an architectural panorama,Fayzullah,ca. 1765,/collections/highlights-from-the-cleveland-museum-of-art-s-release-of-more-than-30k-images-of-public-domain-works/46887554342_e18c964398_c.jpg,581,800,,gardens
97cf5eee-994b-4166-aa0a-24c42314da4a,Mr William Bell Scott Wondering What It Is Those Fellows Seem to See in Gabriel,Max Beerbohm,1922,/essays/o-uommibatto-how-the-pre-raphaelites-became-obsessed-with-the-wombat/46679785491_4222c097c0_o.jpg,1174,876,,gardens
648fde18-34f5-4352-87f8-8b1b044c256d,,Peter Rollos,ca. 1687,/collections/le-centre-de-l-amour-ca-1687/24291493193_21ee74b8ae_b.jpg,800,631,,gardens
13276ee1-3bd2-4082-8728-9fa6fbfe5409,Preliminary Study for the Design of Morningside Park (1873),,1873,/collections/highlights-from-the-20000-maps-made-freely-available-online-by-new-york-public-library/13540190983_dcabfd000d_b.jpg,760,387,,gardens
5585e343-5d89-4ebc-95e3-9ad91d02b111,Showing the Engagement Ring,,ca. 1900,/collections/the-25-stages-from-courtship-to-marriage/11353871273_49903793f5_b.jpg,1024,498,,gardens
ca4535d4-15ae-4f42-af07-87521666623b,,Pierre Salas,ca. 1500,/collections/the-little-book-of-love/12521047123_8ded11880b_b.jpg,800,891,,gardens
8dc9fe49-c308-44d1-be97-4c6710461775,1777 Fireworks in Solothurn,L. Midart,1779,/essays/ambassadors-milkmaids-and-hot-air-balloons/12285652765_1d550a0e31_b.jpg,800,626,,gardens
3bae77e8-8a5a-42fa-995a-db2d345c1b33,"Gazebo with fountain, with ground plans of the pleasure gardens.",Georg Andreas Böckler,1664,/collections/bockler-s-pleasure-garden-plans-1664/8770404266_8f6554b2aa_o.jpg,560,765,,gardens
6df8037e-1842-4fff-8572-41a66464f4ce,"View of the Palace of Jules Mazarin Lustgarten, with ground plans of the pleasure gardens.",Georg Andreas Böckler,1664,/collections/bockler-s-pleasure-garden-plans-1664/8770400452_665c97264d_o.jpg,560,776,,gardens
7baf0c11-5758-4478-bad5-e3ff308314f9,"Grotto with cascading fountain in the castle at Saint-Germain-en-Laye, with ground plans of the pleasure gardens.",Georg Andreas Böckler,1664,/collections/bockler-s-pleasure-garden-plans-1664/8770399604_9f69740ff8_o.jpg,560,774,,gardens
9beb4f68-f2c9-472a-bd9e-0a38f944857c,"Grotto with fountain garden of the castle Tanlay, with ground plans of the pleasure gardens.",Georg Andreas Böckler,1664,/collections/bockler-s-pleasure-garden-plans-1664/8770406772_0e6df5b542_o.jpg,560,773,,gardens
9dbb868e-6e80-4304-aac8-e77c74f0de31,"Palazzo Barberini in Rome, with ground plans of the pleasure gardens.",Georg Andreas Böckler,1664,/collections/bockler-s-pleasure-garden-plans-1664/8770405916_72791d0cdf_o.jpg,560,774,,gardens
0ec6571a-4399-4dab-8bcb-d6c20dfc2386,"View of Merseburg Castle, with ground plans of the pleasure gardens.",Georg Andreas Böckler,1664,/collections/bockler-s-pleasure-garden-plans-1664/8770403594_6318ebd518_o.jpg,556,556,,gardens
0e33de23-3a4d-4407-9456-9f6feaec0329,"Front view of Saint Peter's Basilica in Rome, with ground plans of the pleasure gardens.",Georg Andreas Böckler,1664,/collections/bockler-s-pleasure-garden-plans-1664/8770402282_4a23900f52_o.jpg,560,769,,gardens
cc48571c-7e27-4df0-8c66-a1de7c68ce2a,"Palazzo Barberini in Rome, with ground plans of the pleasure gardens.",Georg Andreas Böckler,1664,/collections/bockler-s-pleasure-garden-plans-1664/8770399068_f6dd46b7db_o.jpg,560,747,,gardens
c64fa59a-c1ca-4100-9256-73d7e744d194,"View of Weimar Castle, with ground plans of the pleasure gardens.",Georg Andreas Böckler,1664,/collections/bockler-s-pleasure-garden-plans-1664/8770402284_fe2e2d6fb9_o.jpg,560,796,,gardens
e5465c78-b678-4c5b-8f15-04e558000a19,Villa Mondragone with plans of the pleasure garden.,Georg Andreas Böckler,1664,/collections/bockler-s-pleasure-garden-plans-1664/8770399110_689e60d7ed_o.jpg,560,776,,gardens
efa96c55-e9d8-4f92-8e49-278b48189024,View of the Gothaer Castle with ground plans of the pleasure garden.,Georg Andreas Böckler,1664,/collections/bockler-s-pleasure-garden-plans-1664/8770397946_0d26de324a_o.jpg,560,801,,gardens
813beba6-4bef-4c3a-8329-330625a1279f,Spring Morning in the Han Palace (detail),Qiu Ying,17th century,/collections/spring-morning-in-the-han-palace-17th-c/800px-Qiu_Ying_-_Spring_Morning_in_the_Han_Palace_-_Walters_3548_-_View_D.jpg,800,458,,gardens
a1f95ce7-e3c8-4281-9422-13bf7c8c05a8,“Deteriorated wall mural adjacent to a vacant lot on 35th Street in South Side...”,John H. White,1973–4,/collections/documerica/documerica-36.jpg,1500,1022,,wildflowers
033f7b8e-c42f-4d52-a938-b59cf91d20f9,Respiratory System of a Tree,,1896,/collections/plain-home-talk/plainhometalkabo00foot_0353.jpg,1094,2293,,"botanical-drawing,botanical-illustration"
0f3eef5e-7e5c-40cf-999d-1f58d21d6c02,Siegfried,Aubrey Beardsley,1893,/collections/aubrey-beardsley/beardsley-illustration-00007.jpg,2642,3662,,climbing-plants
9aba9bdd-1ee0-4587-968f-f85dad7fb231,How Queen Guenever Made Her a Nun,Aubrey Beardsley,1893–94,/collections/aubrey-beardsley/beardsley-illustration-00035.jpg,2782,3540,,climbing-plants
64ddc742-9625-42dd-a8e5-e66c15f87fe6,Title-page Design,Aubrey Beardsley,1894,/collections/aubrey-beardsley/beardsley-illustration-00021.jpg,2334,2990,,climbing-plants
30af5d6f-988c-41a5-bf0a-dcfed676b3b9,Contents-page Design,Aubrey Beardsley,1894,/collections/aubrey-beardsley/beardsley-illustration-00022.jpg,2450,2976,,climbing-plants
