uuid,title,artist,date,src,w,h,restriction,tags
3e3e41e6-f12e-4807-bea9-a032083e5dc1,"The Cruelty of the Bull, 1647",,ca. 1756–91,/collections/art-of-kite-flying/kite-flying-00051.jpg,3811,3267,,monsters
550b6149-6a7e-4a15-a98a-fd4cb5109950,Kite-flying scene,Utagawa Hiroshige,ca. 1797–1858,/collections/art-of-kite-flying/kite-flying-00006.jpg,3000,1962,,monsters
168d78a9-18ef-4395-abe0-6f0c19df95ec,Kites of Fukuroi and Distant View of Akiba in Totomi Province,Utagawa Hiroshige,1859,/collections/art-of-kite-flying/kite-flying-00007.jpg,2036,3000,,monsters
66c89845-e7a8-466e-ad59-3d4c97ed9b97,Satan,,1559,/collections/histoires-prodigieuses/histoires-prodigieuses-00001.jpg,2794,2965,,"beasts,devils,human-animal-hybrid,hybrid-figures,monsters,supernatural"
1f2c7402-75d9-4808-be69-9a704d3dcbf0,"A story of our times, of two girls joined together",,1559,/collections/histoires-prodigieuses/histoires-prodigieuses-00005.jpg,2596,2970,,"beasts,monsters"
340dcbe6-8acb-44de-990d-9f305ea817f9,The Monster of Cracow,,1559,/collections/histoires-prodigieuses/histoires-prodigieuses-00006-2.jpg,2597,2930,,"beasts,devils,human-animal-hybrid,hybrid-figures,monsters,supernatural"
5ef6bed8-e1ce-4dbc-8e9f-246560a09f83,Monster born on the borders of England and Normandy,,1559,/collections/histoires-prodigieuses/histoires-prodigieuses-00009.jpg,2573,3019,,"beasts,monsters"
c12994d4-4312-45fd-a66b-00dd51717196,"Little male monster, who has four arms and four legs",,1559,/collections/histoires-prodigieuses/histoires-prodigieuses-00014.jpg,2625,3041,,"beasts,monsters"
7e15046a-4705-41f9-82ee-5ddb5d1bab7e,Conjoined twins from Verona,,1559,/collections/histoires-prodigieuses/histoires-prodigieuses-00017.jpg,2634,2959,,"beasts,monsters"
2f7da1d0-ef00-4ef7-8501-60ec639b5998,"Two monsters, one male, the other female, seen in our time in Italy",,1559,/collections/histoires-prodigieuses/histoires-prodigieuses-00022.jpg,2617,2839,,"beasts,monsters"
f9cf34d5-8148-4e3c-94fa-bfe68cc5d0b4,Male monster who has been seen in France in our time,,1559,/collections/histoires-prodigieuses/histoires-prodigieuses-00025.jpg,2657,2992,,"beasts,monsters"
5662193e-1c0d-49f2-90d3-b0be3e184022,A rich noblewoman fortifying herself against the laws of nature,,1559,/collections/histoires-prodigieuses/histoires-prodigieuses-00028.jpg,2607,2733,,"beasts,devils,monsters,supernatural"
123fd004-6e34-4013-bc50-a30f24db8ef3,An embalmed serpent sent by the Venetians to King Francis,,1559,/collections/histoires-prodigieuses/histoires-prodigieuses-00029.jpg,2651,2926,,"beasts,devils,monsters,serpents,supernatural"
50798c69-87e8-43da-a584-4dac1d2f378c,The Devil in India,Jörg Breu the Elder,1515,/collections/histoires-prodigieuses/breu-satan-crop.jpg,1576,1672,,"beasts,devils,human-animal-hybrid,hybrid-figures,monsters,supernatural"
a6041d66-7ff6-4a6c-bd80-b207b5289841,Dreams,Aubrey Beardsley,1894,/collections/aubrey-beardsley/beardsley-illustration-00017.jpg,1882,2578,,"dragons,grotesque,hybrid-figures,monsters"
cfafee22-0192-48b9-bcc5-b97d7379ba9f,Unpublished design,Aubrey Beardsley,1894,/collections/aubrey-beardsley/beardsley-illustration-00018.jpg,2227,2047,,"grotesque,hybrid-figures,monsters"
e28d20a0-d4be-425b-9f66-4664d6d752ad,Image of a blemmyes,,ca. 1175–1200,/collections/blemmyes/14350289515_96fd2805c2_c-edit.jpg,625,722,,"bestiary,monsters"
49a6c1c8-1ea1-4819-8a06-6dee48232225,Image of a blemmyes,,ca. 1250,/collections/blemmyes/blemmyae-wonders-of-the-east-cotton-tiberiusbv-edit.jpg,1370,1941,,"bestiary,monsters"
cd246621-357c-4bb0-95fa-4f91e231e97f,Image of a blemmyes,,ca. 1260,/collections/blemmyes/BL-rutland-psalter.jpg,700,672,,"bestiary,monsters"
49ad4a35-7735-4d4a-a72c-264b22fcb80d,Blemmyes and other “monsters”,,ca. 1277 or after,/collections/blemmyes/556fcce3-91c2-4fc5-a182-fd93892c63eb_3131-edit.jpg,2321,3080,,"bestiary,monsters"
31e9a124-1014-4cc5-b666-b82f40273207,Image of blemmyes,,ca. 1442–1448,/collections/blemmyes/cpg300_0748-edit.jpg,1176,1727,,"bestiary,human-animal-hybrid,monsters"
1e3b0b7d-28ac-4c9c-b47a-d45831a9b6a6,Image of blemmyes,,ca. 1450–1475,/collections/blemmyes/v2_bsb00009566_00132_full_full_0_default-edit.jpg,3358,4287,,"bestiary,monsters"
6a442538-5da0-4415-b26e-1c9a7d30d353,Blemmyes and other “monsters”,,ca. 1475,/collections/blemmyes/0a906710-bfa1-41f1-affc-8a9523b1c903_4117-edit.jpg,1398,1190,,"bestiary,human-animal-hybrid,monsters"
d179ecb4-303b-4595-8369-f7d06c2fa43b,Blemmyes and other “monsters”,,1481,/collections/blemmyes/iiif-service_rbc_rbc0001_2008_2008rosen0080_0395-full-pct_100-0-default-edit.jpg,1680,2368,,"bestiary,human-animal-hybrid,monsters"
d3e4b0d6-3fdf-4eb2-8d57-37b50f05831c,Image of blemmyes,,1537,/collections/blemmyes/p259a-edit.jpg,1134,1688,,"bestiary,monsters"
3b1bae6a-8ded-4eb4-a092-63c5333c70c5,Blemmyes and other “monsters”,,1500,/collections/blemmyes/munster-edit.jpg,1682,1200,,"bestiary,human-animal-hybrid,monsters"
fa677efd-fc23-4fba-adab-16632e029981,Blemmyes and dog-headed beings,,1553,/collections/blemmyes/Blemmyes-arabic-edit.jpeg,1315,2114,,"bestiary,human-animal-hybrid,monsters"
df1a9965-2f28-44be-a2f2-e5ac4f17b351,Image of a blemmyes,,1557,/collections/blemmyes/blemmyes-wellcome-2-edit.jpg,1370,1368,,"bestiary,monsters"
1475e9ca-a392-4167-a151-f21da80e32b7,Image of a blemmyes,,1557,/collections/blemmyes/blemmyes-wellcome-1-edit.jpg,1406,1374,,"bestiary,monsters"
2df7ee58-9f64-4e69-a47f-cef8b8248b9c,Blemmyes and other “monsters”,Adriaen Coenen,1577,/collections/blemmyes/fish-book-blemmyes.jpg,2160,1564,,"bestiary,human-animal-hybrid,monsters"
e195f262-4f54-472d-bf41-baa6f55661dd,Image of blemmyes,,ca. 1625–1650,/collections/blemmyes/0ffd67a623da5e7d1bc0098e4cb5b1757ccf77f8-edit.jpeg,1072,1374,,"bestiary,monsters"
446f722b-7b03-4200-b8ba-2fa1f7305e65,Image of blemmyes,,1642,/collections/blemmyes/vlyssisaldrouan00aldra_0415-edit.jpg,2118,2451,,"bestiary,monsters"
96f95644-de63-45ce-b9ec-1de979bc8d06,Image of a blemmyes,,1653,/collections/blemmyes/anthropometamorp00jbjo_0076-edit.jpg,755,872,,"bestiary,monsters"
1013aef2-1057-4198-ba50-4e7672d375d9,Blemmyes and other “monsters”,,1665,/collections/blemmyes/pgasparisschotti00scho_0524-edit.jpg,2596,3520,,"bestiary,human-animal-hybrid,monsters"
42d444e7-e9a9-4967-a007-479fade36afc,Image of blemmyes,,1665,/collections/blemmyes/fortuniuslicetus00lice_0155-edit.jpg,1988,1428,,"bestiary,monsters"
09a721de-b54d-4191-a5d8-b8236f0a9b61,Blemmyes and other “monsters”,,1696,/collections/blemmyes/speculaphysicoma00zahn_1293-edit.jpg,2207,3575,,"bestiary,human-animal-hybrid,monsters"
867bd753-5fff-454b-88fa-1f9c5a758df3,Image of a blemmyes among humans,,1724,/collections/blemmyes/mursdessauvagesa01lafi_0139-edit.jpg,2152,2861,,"bestiary,monsters"
ecb78978-0c80-4d2b-ac6e-3f20385c9195,Sea Monsters Unmasked,Henry Lee,1883,/collections/sea-monsters-sea-fables/seamonstersunmas00leeh_0007-edit.jpg,2448,4146,,"monsters,sea-monsters,sea-serpents"
2bda5e89-88c1-409a-9e77-e1498cae080c,The Octopus (Octopus vulgaris),Henry Lee,1883,/collections/sea-monsters-sea-fables/seamonstersunmas00leeh_0034-edit.jpg,3036,2259,,"monsters,sea-monsters,sea-serpents"
5472449e-e582-4ff6-9c56-cd50af9a9d4d,Fascimile of De Montfort's Poulpe colossal,Henry Lee,1883,/collections/sea-monsters-sea-fables/seamonstersunmas00leeh_0048-edit.jpg,1956,2968,,"monsters,sea-monsters,sea-serpents"
6548e941-d517-4fbc-8457-db0b2c83908d,"Gigantic Calamary Caught by the French Despatch Vessel Alecton, Neear Teneriffe",Henry Lee,1883,/collections/sea-monsters-sea-fables/seamonstersunmas00leeh_0055-edit.jpg,2133,3231,,"monsters,sea-monsters,sea-serpents"
1c86a4da-3775-4405-8625-e22085710d04,"Head and Tentacles of a Great Calamary (Architeuthis princeps) Taken in Logie Bay, Newfoundland, Nov. 1873",Henry Lee,1883,/collections/sea-monsters-sea-fables/seamonstersunmas00leeh_0060-edit.jpg,2084,2784,,"monsters,sea-monsters,sea-serpents"
f5246747-30c8-4f14-bba9-207388dceab7,Pontoppidan's Sea Serpent,Henry Lee,1883,/collections/sea-monsters-sea-fables/seamonstersunmas00leeh_0079-edit.jpg,856,3044,,"monsters,sea-monsters,sea-serpents"
7a9718f9-a1d8-40d8-9890-6d1fed44ce46,The Animal Draws By Mr. Bing as Having Been Seen by Hans Egede,Henry Lee,1883,/collections/sea-monsters-sea-fables/seamonstersunmas00leeh_0082-edit.jpg,3515,2333,,"monsters,sea-monsters,sea-serpents"
d1b36a60-cc78-40fd-98d8-7c941fc4c425,The Animal Which Egede Probably Saw,Henry Lee,1883,/collections/sea-monsters-sea-fables/seamonstersunmas00leeh_0083-edit.jpg,2024,1796,,"monsters,sea-monsters,sea-serpents"
20c84c72-cc16-4861-bea2-e006b13ca82f,The Sea Serpent and Sperm Whale as Seen from the Pauline,Henry Lee,1883,/collections/sea-monsters-sea-fables/seamonstersunmas00leeh_0107-edit.jpg,3402,2051,,"monsters,sea-monsters,sea-serpents"
c4cf2332-a387-4357-b1ae-acdf3e116bbf,Sea Fables Explained,Henry Lee,1883,/collections/sea-monsters-sea-fables/seafablesexplain00leeh_0001-edit.jpg,1931,3174,,"monsters,sea-monsters,sea-serpents"
f9638eac-381a-4f9a-adab-a3f9aa29efb4,Fish Avatar for Vishnu.,Henry Lee; Calmet and Maurice (after),1883,/collections/sea-monsters-sea-fables/seafablesexplain00leeh_0_0016-edit.jpg,1184,3032,,"human-animal-hybrid,monsters,sea-monsters,sea-serpents"
d2389fea-25f8-4993-92c7-dd5b8cdcf342,Christian Symbol. From the Catacombs at Rome.,Henry Lee,1883,/collections/sea-monsters-sea-fables/seafablesexplain00leeh_0_0021-edit.jpg,1860,720,,"monsters,sea-monsters,sea-serpents"
abe2c360-9961-41dd-b2d9-2e4d1d85b894,Mermaid and fishes of Amboyna.,Henry Lee; Valentyn (after),1883,/collections/sea-monsters-sea-fables/seafablesexplain00leeh_0_0025-edit.jpg,1908,1386,,"human-animal-hybrid,monsters,sea-monsters,sea-serpents"
fff22a93-683a-4754-a641-9cf883c529a0,A Japanese Artificial Mermaid.,Henry Lee,1883,/collections/sea-monsters-sea-fables/seafablesexplain00leeh_0_0035-edit.jpg,1852,856,,"human-animal-hybrid,monsters,sea-monsters"
62186771-5641-481f-9a38-b08b5927c8ed,"An Artificial Mermaid, Probably Japanese.",Henry Lee,1883,/collections/sea-monsters-sea-fables/seafablesexplain00leeh_0_0036-edit.jpg,764,1640,,"human-animal-hybrid,monsters,sea-monsters"
23e4fdff-4e10-4d6a-b0de-d917909b29d1,A Mermaid. From a Japanese picture.,Henry Lee,1883,/collections/sea-monsters-sea-fables/seafablesexplain00leeh_0_0037-edit.jpg,880,1152,,"monsters,sea-monsters"
f878f76e-caac-4f88-97d4-1cc9448b5a05,"Figure of an Octopus on a Gold Ornament, Found by Dr. Schliemann at Mycenae.",Henry Lee,1883,/collections/sea-monsters-sea-fables/seafablesexplain00leeh_0_0055-edit.jpg,1796,1848,,"monsters,sea-monsters"
318461e7-6560-4a68-a5c9-6a64eb4efcfd,"Golden Ornament in Form of an Octopus, Found by Dr. Schliemann at Mycenae.",Henry Lee,1883,/collections/sea-monsters-sea-fables/seafablesexplain00leeh_0_0056-edit.jpg,1848,1284,,"monsters,sea-monsters"
1f8fee53-a61f-4f3a-b308-d5aa78284d09,"The Goose Tree. Copied from Gerard's Herball, 1st edition.",Henry Lee,1883,/collections/sea-monsters-sea-fables/seafablesexplain00leeh_0_0108-edit.jpg,1920,2612,,"animal-hybrid,monsters,sea-monsters"
1f15acac-cd30-454d-9cea-7259797c402f,Development of Barnacles Into Geese. After Aldrovandus.,Aldrovandus (after); Henry Lee,1883,/collections/sea-monsters-sea-fables/seafablesexplain00leeh_0_0115-edit.jpg,1950,1737,,"animal-hybrid,monsters,sea-monsters"
17d1e8c8-61b1-455c-a08e-1b508b330db1,"A Girl with Two Faces, reprint of a ca. 1892 engraving",José Guadalupe Posada,1930,/collections/posada-monstrous-births/posada-DP869382.jpg,1156,1673,,monsters
673e2026-05d0-4f82-9923-25fae0ff6389,Siamese Twins,José Guadalupe Posada,ca. 1880–1910,/collections/posada-monstrous-births/posada-DP869363.jpg,1998,1334,,monsters
46c11e24-cca2-45ba-a244-6c4163c74720,A Man with a Small Foot Emerging from His Side,José Guadalupe Posada,ca. 1880–1910,/collections/posada-monstrous-births/posada-DP869380.jpg,1455,1692,,monsters
6b4310b5-5e96-4270-8824-52bb7a817a07,A Woman Who Gave Birth to Three Children and Four Animals,José Guadalupe Posada,ca. 1894,/collections/posada-monstrous-births/posada-DP868000.jpg,1759,1181,,monsters
1febe1d1-b82a-44d4-ab1b-8f291d5a5487,A Pig with the Face of a Man,José Guadalupe Posada,ca. 1899,/collections/posada-monstrous-births/posada-DP868524.jpg,2124,3112,,monsters
4f32e821-51ef-40e6-8584-49d42b8f3470,,Wallace Smith,1922,/essays/relaxations-for-the-impotent/03-fantaziusmallare00hechrich_0111-edit.jpg,3598,2248,,"grotesque,monsters"
9267f102-9f7a-4262-8a31-bba999af4e1d,The Sea Bishop,François Desprez,1562,/collections/recueil-de-la-diversite-des-habits/RP-P-OB-33.895A.jpg,2872,4678,,monsters
e20e86a8-d14f-4e66-ba25-5ab4180197b4,The Cyclops,François Desprez,1562,/collections/recueil-de-la-diversite-des-habits/RP-P-OB-33.871A.jpg,2982,4878,,monsters
fbbca150-6d6e-4af5-b0f9-0d81ecd15c7d,The Sea Monk,François Desprez,1562,/collections/recueil-de-la-diversite-des-habits/RP-P-OB-33.883A.jpg,2920,4782,,monsters
cf7b266f-180d-4b0b-bd7e-1dc174216f70,"""Coming Events Cast Their Shadows Before.""",Charles H. Bennett,1856,/collections/shadows/42630547-edit.jpg,1058,1188,,monsters
266e9570-de1c-4472-8729-c08ccb94dda2,,Katsushika Hokusai,1836,/collections/hokusai-warriors/hokusai-c21.jpg,3232,2204,,monsters
2d12e7a2-bd38-4195-a30d-a413e3bff268,,Katsushika Hokusai,1836,/collections/hokusai-warriors/hokusai-c5.jpg,3228,2232,,monsters
3857b986-53c9-4e14-9bb4-22a93e1e168c,,Katsushika Hokusai,1836,/collections/hokusai-warriors/hokusai-c22.jpg,3228,2220,,"demons,monsters"
3c29a2b4-7067-47ce-8342-48180cbb9d2d,,Katsushika Hokusai,1836,/collections/hokusai-warriors/hokusai-c18.jpg,3240,2208,,monsters
477ecfbc-c0c9-4029-a2d6-cde98ae9c371,,Katsushika Hokusai,1836,/collections/hokusai-warriors/hokusai-c25.jpg,3244,2224,,monsters
56ef8a6d-08e8-4512-968f-7f67e4102160,,Katsushika Hokusai,1836,/collections/hokusai-warriors/hokusai-c16.jpg,3224,2220,,monsters
5eaec654-8af3-4a4c-a54e-7d0488fa996e,,Katsushika Hokusai,1836,/collections/hokusai-warriors/hokusai-c11.jpg,3240,2236,,monsters
593a785e-936e-4cf0-9c13-8581d88168b9,,Katsushika Hokusai,1836,/collections/hokusai-warriors/hokusai-c1.jpg,3244,2240,,monsters
6c597ad0-9867-4105-aa04-dd4c2d84bcd0,,Katsushika Hokusai,1836,/collections/hokusai-warriors/hokusai-c19.jpg,3236,2212,,monsters
6622ffdd-e177-4790-9ed5-e1e24e4f6406,,Katsushika Hokusai,1836,/collections/hokusai-warriors/hokusai-c7.jpg,3212,2224,,"demons,monsters"
69f1c39a-55b5-4913-9c6e-39321197156e,,Katsushika Hokusai,1836,/collections/hokusai-warriors/hokusai-c6.jpg,3216,2228,,"dragons,monsters"
7f243022-bd49-4b40-98ec-29e30214cad4,,Katsushika Hokusai,1836,/collections/hokusai-warriors/hokusai-c13.jpg,3224,2292,,monsters
74039186-f624-4ed5-8806-cf5f1d315402,,Katsushika Hokusai,1836,/collections/hokusai-warriors/hokusai-c2.jpg,3248,2232,,"dragons,monsters"
8b8ef751-784f-41d4-8b96-8780cae36680,,Katsushika Hokusai,1836,/collections/hokusai-warriors/hokusai-c27.jpg,3244,2204,,monsters
88226448-3425-430f-b393-aaa8ffbaa07e,,Katsushika Hokusai,1836,/collections/hokusai-warriors/hokusai-c15.jpg,3236,2252,,"monsters,supernatural"
8c448454-0e69-44dd-bf76-ef27446d4cf4,,Katsushika Hokusai,1836,/collections/hokusai-warriors/hokusai-c10.jpg,3252,2212,,monsters
921ff85b-0127-439d-aa4e-21172e3e6e43,,Katsushika Hokusai,1836,/collections/hokusai-warriors/hokusai-c28.jpg,3236,2260,,monsters
9c6f205a-7ec0-4667-8f73-1dabb328a201,,Katsushika Hokusai,1836,/collections/hokusai-warriors/hokusai-c4.jpg,3228,2252,,monsters
0f651454-24c8-4dd7-82c0-e316798de4f8,,Katsushika Hokusai,1836,/collections/hokusai-warriors/hokusai-c24.jpg,3240,2236,,monsters
04263c37-6bcf-4aea-b0e3-710e1818d538,,Katsushika Hokusai,1836,/collections/hokusai-warriors/hokusai-c14.jpg,3220,2232,,monsters
ab87cd0c-5e11-4535-8cd8-032f5690512c,,Katsushika Hokusai,1836,/collections/hokusai-warriors/hokusai-c14.jpg,3220,2232,,monsters
aad3f24b-9b11-46a0-b388-5f4d4b6560ef,,Katsushika Hokusai,1836,/collections/hokusai-warriors/hokusai-c9.jpg,3252,2228,,monsters
cc6ea1c8-89e8-4677-a742-19ced0acc5bc,,Katsushika Hokusai,1836,/collections/hokusai-warriors/hokusai-c8.jpg,3232,2228,,monsters
c881f96a-f1e3-4b67-9b89-45ffa03bd6d5,,Katsushika Hokusai,1836,/collections/hokusai-warriors/hokusai-c3.jpg,3232,2240,,"dragons,monsters"
d514cbf6-66c3-4bff-b5bf-5c3c83f0cb01,,Katsushika Hokusai,1836,/collections/hokusai-warriors/hokusai-c23.jpg,3216,2244,,monsters
d3f3ad64-6d8c-47ab-9202-4013885078e8,,Katsushika Hokusai,1836,/collections/hokusai-warriors/hokusai-c12.jpg,3240,2232,,monsters
e034dd39-fab6-4852-8802-a2cf654d44ab,,Katsushika Hokusai,1836,/collections/hokusai-warriors/hokusai-c26.jpg,3236,2204,,monsters
e3f6e80c-e341-42bb-a75a-85377dbb1b50,,Katsushika Hokusai,1836,/collections/hokusai-warriors/hokusai-c17.jpg,3232,2212,,"demons,monsters"
f9534a6d-7e2c-4665-9470-c86d45ec3ff4,,Katsushika Hokusai,1836,/collections/hokusai-warriors/hokusai-c29.jpg,3256,2248,,monsters
f4ff4236-1d6f-4e0c-b55b-a212b6529731,,Katsushika Hokusai,1836,/collections/hokusai-warriors/hokusai-c20.jpg,3228,2208,,monsters
ee665507-3ab1-4cde-bd16-78b3f30e3abc,The French People Overwhelming the Hydra of Federalism,Villeneuve,ca. 1790s,/essays/revolutionary-colossus/image_villeneuve_le_peuple_francais_terrassant_lhydre_du_federalisme-edit.jpg,596,1008,,monsters
9c95669d-bf05-404d-a69a-b39eacfe27f6,Grotesque Decoration with Animal Heads,Daniel Hopfer,ca. 1520,/shop/nov-2020-prints-new-00008.jpg,1200,802,,"grotesques,monsters"
2c912149-1580-40ef-89d7-2fd09fdfdaa0,,,ca. 1350,/collections/jacob-van-maerlant-der-naturen-bloeme/der-naturen-bloeme-00008.jpeg,748,619,,"bestiary,monsters"
42e1803f-62bf-40fe-9cc5-fddeac77f1e1,,,ca. 1350,/collections/jacob-van-maerlant-der-naturen-bloeme/der-naturen-bloeme-00058.jpeg,756,504,,"bestiary,dragons,hybrid-figures,monsters"
bb74c27b-65c6-4357-b3cf-22332188a273,,,ca. 1350,/collections/jacob-van-maerlant-der-naturen-bloeme/der-naturen-bloeme-00004.jpeg,795,561,,"bestiary,monsters"
b1b02bc6-befd-4ff4-a1d3-14c21f23d22c,Hunter in kayak / Hunters encountering Sarqiserasak,Knud Rasmussen,1913,/collections/eskimo-folktales/eskimofolktales00rasm_0045.jpg,2148,1424,,monsters
590e1add-a93f-4686-bfc7-573a99d3f068,"An Animal Found in Spain, January 27th 1775",D. A. Rovinskii,1881,/collections/d-a-rovinskiis-collection-of-russian-lubki-18th-19th-century/oct_19_new_prints_00006-1-1024x910.jpg,1024,910,,monsters
7d7c2165-c3a2-4df9-b876-2bdd1d1a0d86,Harpy,D. A. Rovinskii,1881,/collections/d-a-rovinskiis-collection-of-russian-lubki-18th-19th-century/ABkavakIT5OIwxCQ4Czq5wY-1024x859.jpg,1024,859,,"dragons,monsters"
11051fc1-4415-4713-9b74-0e94b839ab7d,,,ca. 1775,/collections/compendium-of-demonology-and-magic-ca-1775/19077326508_f5f9369111_o.jpg,620,780,,"demonology,demons,monsters"
04f5b34b-eabf-4c2f-907d-a047c7e8d7f8,The Sleep of Reason Produces Monsters,Francisco Goya,ca. 1799,/collections/the-art-of-dreams/DP816992.jpeg,1857,2600,,monsters
2ae4e35f-0379-437d-9094-112760ebf015,,Arent van Bolten,ca. 1610,/collections/arent-van-bolten-s-grotesques/12460833273_e63a747b30_b.jpg,850,648,,"creatures,grotesques,monsters"
42c848de-67b9-4081-9a9f-99bdc90db485,,Arent van Bolten,ca. 1610,/collections/arent-van-bolten-s-grotesques/12461189034_79589c28ae_b.jpg,850,671,,"fantastical-creatures,grotesques,monsters"
6f648b27-adec-4834-9e57-57141c45d107,,Arent van Bolten,ca. 1610,/collections/arent-van-bolten-s-grotesques/12460659845_dfe439b7b2_b.jpg,850,703,,"fantastical-creatures,grotesques,monsters"
6f3895e7-38c3-4e44-9604-97dd3dbb0842,,Arent van Bolten,ca. 1610,/collections/arent-van-bolten-s-grotesques/12461190134_b8a9004a14_b.jpg,850,612,,"creatures,grotesques,monsters"
996ef60a-8720-4a35-97cc-bf05fb6b238b,,Arent van Bolten,ca. 1610,/collections/arent-van-bolten-s-grotesques/12461189734_bd0d60e75d_b.jpg,850,614,,"fantastical-creatures,grotesques,monsters"
0ba2f754-1337-4bf2-a970-d8325d457e7a,,Arent van Bolten,ca. 1610,/collections/arent-van-bolten-s-grotesques/12461189354_011e728b70_b.jpg,850,619,,"grotesques,monsters"
bc588339-cce0-4274-84e8-a4ce02316cb9,,Arent van Bolten,ca. 1610,/collections/arent-van-bolten-s-grotesques/12460659685_4fd7377f8c_b.jpg,850,724,,"grotesques,monsters"
dce1d284-111c-4e72-a74e-8a51d8e9b06f,,Arent van Bolten,ca. 1610,/collections/arent-van-bolten-s-grotesques/12460990783_9eebcea603_b.jpg,850,640,,"grotesques,monsters"
f20e629f-cee8-48fd-b758-648f36edbd08,,Arent van Bolten,ca. 1610,/collections/arent-van-bolten-s-grotesques/12461189514_aee9e4e429_b.jpg,850,626,,"dragons,grotesques,monsters"
1c4f25cf-8efe-475b-9e40-4311acf28cd4,,,ca. 1495,/collections/rainbow-coloured-beasts-from-15th-century-book-of-hours/11856154344_7360f17acc_c.jpg,800,493,,"beasts,dragons,grotesques,monsters"
2fc49344-3074-4012-bdce-dbf932451709,,,ca. 1495,/collections/rainbow-coloured-beasts-from-15th-century-book-of-hours/11855725415_ea6f2f3e5d_o.jpg,488,494,,"beasts,grotesques,monsters"
63bca76d-da57-4ff5-b90a-058920de24c1,,,ca. 1495,/collections/rainbow-coloured-beasts-from-15th-century-book-of-hours/11855722585_580bfbb524_b.jpg,750,546,,"beasts,grotesques,monsters"
715bf306-2290-4a36-a008-5c44702f2da3,,,ca. 1495,/collections/rainbow-coloured-beasts-from-15th-century-book-of-hours/11856006413_16de047b21_z.jpg,600,640,,"beasts,grotesques,monsters"
8f8cf023-5b21-495d-8f4c-15ef3945f730,,,ca. 1495,/collections/rainbow-coloured-beasts-from-15th-century-book-of-hours/11855726585_c86d944597_z.jpg,629,640,,"beasts,grotesques,monsters"
98995fb5-b895-4097-8fc9-8b890b10fc03,,,ca. 1495,/collections/rainbow-coloured-beasts-from-15th-century-book-of-hours/11856007363_38c67c9959_b.jpg,654,676,,"beasts,grotesques,monsters"
a74ee979-f14d-4395-a47e-1c63c4e7e38c,,,ca. 1495,/collections/rainbow-coloured-beasts-from-15th-century-book-of-hours/11855722965_5a474a591f_z.jpg,638,640,,"beasts,grotesques,monsters"
c949b9f7-f490-40e2-9b42-6e301d899803,,,ca. 1495,/collections/rainbow-coloured-beasts-from-15th-century-book-of-hours/11856005293_cecfb3bc4d_c.jpg,800,423,,"beasts,grotesques,monsters"
f1f5ad99-c86e-47e8-80b1-00375f131c2b,,,ca. 1495,/collections/rainbow-coloured-beasts-from-15th-century-book-of-hours/11856530616_0eeeff0ca6_o.jpg,431,353,,"beasts,grotesques,monsters"
1a742351-0bc3-465a-842c-f10a8eed6d7c,,Fortunio Liceti,1665,/collections/fortunio-liceti-s-monsters-1665/10962374026_335b88123b_b.jpg,800,572,,monsters
12d48ee5-3cb0-4d10-b9ca-2352cacc7591,,Fortunio Liceti,1665,/collections/fortunio-liceti-s-monsters-1665/10962468264_b50e1151fe_b.jpg,800,653,,monsters
10a49005-969e-4ec6-a37f-593f148e4af0,,Fortunio Liceti,1665,/collections/fortunio-liceti-s-monsters-1665/10962466324_1f586c86c0_b.jpg,800,602,,monsters
242c34c1-2146-43e6-9e78-0017f8f2d860,,Fortunio Liceti,1665,/collections/fortunio-liceti-s-monsters-1665/10962470494_72239b464a_b.jpg,800,606,,monsters
38029bfd-a4fd-4c75-a7de-01784fe01b9e,,Fortunio Liceti,1665,/collections/fortunio-liceti-s-monsters-1665/10962375166_ded27fe65e_b.jpg,800,614,,monsters
5eb73ce7-e9db-4f2e-a480-7fca3a14ac88,,Fortunio Liceti,1665,/collections/fortunio-liceti-s-monsters-1665/10962533943_9b91fb44c8_b.jpg,800,620,,monsters
5d27676d-3081-4680-93c1-badc88adac09,,Fortunio Liceti,1665,/collections/fortunio-liceti-s-monsters-1665/10962531823_8733ae5e8d_b.jpg,800,640,,monsters
5f22ba20-1514-4ef0-bac2-d222678a7112,,Fortunio Liceti,1665,/collections/fortunio-liceti-s-monsters-1665/10962467794_4784c895e1_b.jpg,800,630,,monsters
78186b8a-8b52-4cb7-90ee-4179ecfabee1,,Fortunio Liceti,1665,/collections/fortunio-liceti-s-monsters-1665/10962374566_b475ac0503_b.jpg,800,598,,monsters
789d730d-e686-4d89-84a5-72dfea39c693,,Fortunio Liceti,1665,/collections/fortunio-liceti-s-monsters-1665/10962469294_0b339e8ba0_b.jpg,800,632,,monsters
83e0b5af-0b84-4b39-b6d3-372377fec6c1,,Fortunio Liceti,1665,/collections/fortunio-liceti-s-monsters-1665/10962376126_90f04f47ef_b.jpg,800,634,,monsters
8346487d-6ac9-4044-bfa5-b56b7c96b96c,,Fortunio Liceti,1665,/collections/fortunio-liceti-s-monsters-1665/10962372706_70d334a25c_b.jpg,800,573,,monsters
02f139fe-e3d5-4ba3-89d9-e8d66ac91ffb,,Fortunio Liceti,1665,/collections/fortunio-liceti-s-monsters-1665/fortuniuslicetus00lice_lead.jpeg,1996,1520,,monsters
a2f846f6-867d-4d6b-afcb-5f2440511f1c,,Fortunio Liceti,1665,/collections/fortunio-liceti-s-monsters-1665/10962299075_a95af6e88c_b.jpg,800,589,,monsters
bbcb4815-eb60-4a52-8d57-80d42a381f3d,,Fortunio Liceti,1665,/collections/fortunio-liceti-s-monsters-1665/10962470104_d9f5e245a8_b.jpg,800,621,,monsters
c71bd478-6764-405e-a1da-3798e2eea87c,,Fortunio Liceti,1665,/collections/fortunio-liceti-s-monsters-1665/10962532093_1419713f09_o.jpg,800,643,,monsters
d6585f33-be7e-455e-8ad7-4072d0e838b5,,Fortunio Liceti,1665,/collections/fortunio-liceti-s-monsters-1665/10962300355_9cc4b93826_b.jpg,800,632,,monsters
f3eba96b-336b-4d53-bfac-9ef73b589dd3,,Fortunio Liceti,1665,/collections/fortunio-liceti-s-monsters-1665/10962532883_934fa4f621_b.jpg,800,606,,monsters
f7456d45-1ba1-4c6d-a07e-b89370a3191d,,Fortunio Liceti,1665,/collections/fortunio-liceti-s-monsters-1665/10962466794_6427fe2df7_b.jpg,800,586,,monsters
fac588d9-b3ab-47c8-9e27-7e4d4c9ca2ce,,Fortunio Liceti,1665,/collections/fortunio-liceti-s-monsters-1665/10962299575_9874300971_b.jpg,800,592,,monsters
f674c4fb-ea56-46f5-ae68-549acfcf25b2,,Fortunio Liceti,1665,/collections/fortunio-liceti-s-monsters-1665/10962375826_27eebc200f_b.jpg,800,607,,monsters
f19b11f3-7b33-488a-8325-2fbe9c2f7cfb,Centaur Phyllirides,,1482,/collections/the-hyginus-star-atlas-1482/7948976610_d683aa8d67_o.jpg,450,687,,"chimera,monsters"
3c9067ff-95ea-45f8-a2bb-b85fb7a0c5a9,The Paper Nautilus (Argonauta argo) Sailing.,Henry Lee,1883,/collections/sea-monsters-sea-fables/seafablesexplain00leeh_0_0080-edit.jpg,1736,1724,,sea-monsters
b31cfd6f-7dcd-4569-ae55-a45f58ac258d,,Christoph Jamnitzer,1610,/collections/christoph-jamnitzer-neuw-grotesken-buch/RP-P-1953-133B.jpg,5143,3783,,"animal-hybrid,grotesque,grotesques,sea-monsters"
3b6b815a-daac-402a-accd-de396e1ba3a5,The arrival of the Englishmen in Virginia,Johann Theodor de Bry,1590,/collections/briefe-and-true-report-de-bry-engravings/477644612.jpg,2304,1672,,sea-monsters
a95c652b-4ae3-4cb5-84c4-10a6f74ccf18,,Aubrey Beardsley,1893,/collections/aubrey-beardsley/beardsley-illustration-00013.jpg,1793,1969,,"demons,grotesque"
f14e754c-548d-4b2c-be3b-237a23159cb5,"Yamauba Blackening her Teeth, with Kintarō",Kitagawa Utamaro,ca. 1795,/collections/yamauba-and-kintaro/MET_DP144022-edit.jpg,1291,1911,,"demons,witches"
1d8c5211-7768-41e0-a594-72d34de4b24d,Yamauba Breastfeeding Kintaro,Kitagawa Utamaro,ca. 1800,/collections/yamauba-and-kintaro/Yamauba_no_chichi_o_suh_kintaro_LCCN2009615452-edit.jpg,5985,8678,,"demons,witches"
0851c119-de4e-418a-9092-16580a552560,Kintaro Grabbing Yamauba's Hair,Kitagawa Utamaro,ca. 1801–1806,/collections/yamauba-and-kintaro/Yamauba_no_kami_o_tsukamu_kintaro_LCCN2009615451-edit.jpg,6225,9216,,"demons,witches"
4703083c-f4da-4041-b33e-06d75c3fd0a1,Yamauba holding chestnuts and Kintarō,Kitagawa Utamaro,ca. 1804,/collections/yamauba-and-kintaro/1952394-Yamauba-Holding-Chestnuts-while-Kintaro-Reaches-edit.jpg,1457,3000,,"demons,witches"
90e07925-68a6-4e9d-bbd3-05c0e6d22669,Yamauba Tying Kintarō’s Topknot,Kitagawa Utamaro,ca. 1795,/collections/yamauba-and-kintaro/山姥と金太郎-Yamauba_and_Kintoki_MET_DP135608-edit.jpg,2497,3888,,"demons,witches"
3d6acd11-4931-45f0-a04a-a867a2d764a2,Yamauba and Kintarō,Kitagawa Utamaro,ca. 1795,/collections/yamauba-and-kintaro/山姥と金太郎-Yamauba_and_Kintoki_MET_DP135581-edit.jpg,2566,3796,,"demons,witches"
46f71b65-7fa2-4117-8faf-f84f6f1d6a1e,Yamauba and Kintarō Playing with a Cherry,Kitagawa Utamaro,ca. 1795,/collections/yamauba-and-kintaro/山姥と金太郎-Yamauba_and_Kintoki_MET_DP135601-edit.jpg,2652,3856,,"demons,witches"
381f45da-f4cf-41b1-b24f-334e842d603d,Yamauba Combing Her Hair with Kintarō,Kitagawa Utamaro,ca. 1801,/collections/yamauba-and-kintaro/山姥と金太郎-Yamauba_Combing_Her_Hair_and_Kintoki_MET_DP135580-edit.jpg,2656,3839,,"demons,witches"
3bb12e97-e8ce-4fb4-89c9-f524538713e8,Yamauba Playing with Kintarō,Kitagawa Utamaro,ca. 1795,/collections/yamauba-and-kintaro/山姥と金太郎-Yamauba_Playing_with_the_Young_Kintoki_MET_DP137081-edit.jpg,2544,3933,,"demons,witches"
947e2da2-d05b-4276-8583-2b6bd0e37590,Yamauba with Kintarō Holding a toy Mask,Kitagawa Utamaro,ca. 1801,/collections/yamauba-and-kintaro/1929731-Yamauba-with-Kintaro-Holding-a-Toy-Mask-edit.jpg,2059,3000,,"demons,witches"
408cd280-67b1-460f-9f92-cd5252b5ceaf,In Limbo,Marcus Gheeraerts,ca. 1580,/collections/passio-verbigenae/passio-verbigenae-12.jpg,3358,4778,,"demons,grotesques,hell"
2a89f1d2-4843-4d63-b36e-0c049334e3ca,"*Inferno*, Canto: XXXIV: Dante and Virgil witnessing the gigantic Satan.",Priamo della Quercia,ca. 1450,/collections/dante-divine-comedy-in-art/dante-commedia-18.jpeg,1024,527,,demons
9f9a5210-8f51-4e1c-b878-aee666929333,"*Inferno*, Canto XXXIV: Dante and Virgil watch Lucifer who is devouring Cassius, Brutus, and Judas with three mouths.",,ca. 1370,/collections/dante-divine-comedy-in-art/dante-commedia-9.jpg,1619,1364,,"demons,hell"
54e2f7cf-dc72-45ae-bed5-c28910d9d5b4,Sorceress,Jan van de Velde II,1626,/collections/the-sorceress-jan-van-de-velde/Heks%2C_RP-P-OB-15.310-edit-small.jpg,1200,904,,"demons,witchcraft,witches"
19b58311-547c-4aa6-8344-2c9f4aecf160,"Under dawn’s red sun, the parade of demons ends. From left: the one-eyed Aobōzu, who kidnaps children, a water dwelling creature (kappa), and Nuribotoke, a Buddha-like demon with dangling eyeballs.",Kawanable Kyōsai,1890,/collections/night-parade-of-one-hundred-demons/2013_767_28.jpg,1500,953,,"demons,ghosts"
1e6aa712-be50-4bfe-9789-6ad12efb382e,"Frightening beasts have features, from left, of a hag, an elephant, and a rabbit.",Kawanable Kyōsai,1890,/collections/night-parade-of-one-hundred-demons/2013_767_26.jpg,1500,954,,"demons,ghosts"
151d9b91-5955-4e17-a0ff-7f6f15ac4cfb,"A helmet for a court dance (bugaku), a chime (kei), ritual scepter (nyoi), and a folding fan turn into flying and running demons.",Kawanable Kyōsai,1890,/collections/night-parade-of-one-hundred-demons/2013_767_12.jpg,1500,955,,"demons,ghosts"
24139a77-cf67-4ba6-8a8b-20be763e859c,"Animal demons, including one resembling a mad Shinto priest, carouse on an enormous bolt of cloth. A clawed monster hides underneath.",Kawanable Kyōsai,1890,/collections/night-parade-of-one-hundred-demons/2013_767_17.jpg,1500,955,,"demons,ghosts"
4ea8c74a-533e-4938-b56c-99f9c88997ac,"At left, a beaked demon holds an umbrella monster, followed by a rope monster riding a hobbyhorse, and a hairy monster with a long, horned snout (kirin).",Kawanable Kyōsai,1890,/collections/night-parade-of-one-hundred-demons/2013_767_18.jpg,1500,957,,"demons,ghosts"
59b6ff33-4ce5-4937-9d68-1f32bcf23e0b,"At right is the demon Nurarihyon, in the guise of an old man with a huge head and Buddhist rosary. He is followed by rodent-like monsters.",Kawanable Kyōsai,1890,/collections/night-parade-of-one-hundred-demons/2013_767_25.jpg,1500,956,,"demons,ghosts"
58371129-831b-4816-b920-c642c3aafdcc,"A group of rowdy ghouls appears, including, at far right, a demon in a red robe with a hand scroll.",Kawanable Kyōsai,1890,/collections/night-parade-of-one-hundred-demons/2013_767_24.jpg,1500,958,,"demons,ghosts"
5f4c952d-194f-4bcf-be66-5e10c366eb46,"Adults and children huddle around a brazier, or coal fire, to hear ghost stories.",Kawanable Kyōsai,,/collections/night-parade-of-one-hundred-demons/2013_767_05.jpg,1500,952,,"demons,ghosts"
69221123-ebf2-41d1-846b-2fddbf24d1ad,"At right, a demon with a large nose and wings (tengū) carries panpipes (shō) and a pilgrim’s staff. His servant follows in wooden clogs (geta), with a wolf-like head and gaping mouth.",Kawanable Kyōsai,1890,/collections/night-parade-of-one-hundred-demons/2013_767_11.jpg,1500,958,,"demons,ghosts"
65da238c-6fa7-4e32-b58d-1c022e0e1ae6,"Musical instruments, a lute (biwa) and zither (koto), appear as monsters.",Kawanable Kyōsai,1890,/collections/night-parade-of-one-hundred-demons/2013_767_10.jpg,1500,945,,"demons,ghosts"
6a11467f-44f9-452a-a348-3c3b5db683ac,"A one-eyed, malformed goddess, Benzaiten, is accompanied by an elephant, reptilian monsters, and, at left, the fierce Buddhist guardian Fudō Myōō holding a sword.",Kawanable Kyōsai,1890,/collections/night-parade-of-one-hundred-demons/2013_767_08.jpg,1500,957,,"demons,ghosts"
77bc782f-0533-49d9-8dfc-c90a6627ff15,"At right, a horned demon bears a spiked spear. At left, a beaked demon wields a wooden mallet over a one-eyed red demon’s head.",Kawanable Kyōsai,1890,/collections/night-parade-of-one-hundred-demons/2013_767_15.jpg,1500,953,,"demons,ghosts"
8bd3af7a-1e90-428f-9904-6302b8a42619,"A row of demons, some with banners, another with a gourd-like head, march forward.",Kawanable Kyōsai,1890,/collections/night-parade-of-one-hundred-demons/2013_767_23.jpg,1500,963,,"demons,ghosts"
84b84fb6-2f6f-4ab9-8b31-7b2f54163a5f,"A man, perhaps the artist himself, has set down his calligraphy brush and reaches to extinguish a lamp. Once darkness falls, the demons will appear.",Kawanable Kyōsai,,/collections/night-parade-of-one-hundred-demons/2013_767_06.jpg,1500,945,,"demons,ghosts"
95c881ee-dadc-485a-936c-9b87271211be,"Everyday kitchen utensils such as lids, pots, and trivets have turned into monsters.",Kawanable Kyōsai,1890,/collections/night-parade-of-one-hundred-demons/2013_767_19.jpg,1500,953,,"demons,ghosts"
acd713f1-2e71-4a9f-82b2-c8b934b1e943,"A green dragon chases demons, including a winged hag, at right, who is embracing a tiny creature. Below, a pink one-eyed monster wears a grass skirt.",Kawanable Kyōsai,1890,/collections/night-parade-of-one-hundred-demons/2013_767_27.jpg,1500,1213,,"demons,ghosts"
a66d2542-e617-45a6-bd0c-7b7e170636df,"Ritual implements such as a monk’s fly whisk, boots, and a Buddhist gong become monsters.",Kawanable Kyōsai,1890,/collections/night-parade-of-one-hundred-demons/2013_767_09.jpg,1500,958,,"demons,ghosts"
ca872eab-cc7d-46c1-968a-8e33806d6456,"At left, a monster holds up a mirror for an Otafuku-esque ghoul to apply black dye to her teeth. At right, a chubby faced figure carries a bag beside a three-eyed ghoul.",Kawanable Kyōsai,1890,/collections/night-parade-of-one-hundred-demons/2013_767_16.jpg,1500,953,,"demons,ghosts"
c0d421d5-7afd-4459-84d2-ade8050c1a63,"At left, a small demon riding a badger with a stirrup on its head follows a hairy headed demon and at far right, a shrouded, furry animal.",Kawanable Kyōsai,1890,/collections/night-parade-of-one-hundred-demons/2013_767_14.jpg,1500,960,,"demons,ghosts"
c30834d1-6fe1-48ed-bb7c-dda575eb0488,"At right, a monster grips a feathered spear. An ogre follows, wearing a nobleman’s cap (eboshi) and carrying a similar spear.",Kawanable Kyōsai,1890,/collections/night-parade-of-one-hundred-demons/2013_767_13.jpg,1500,966,,"demons,ghosts"
f5bdcfc1-b435-4467-b008-b3d0f95c5e5b,"Several monsters, continue the procession, including one with a Buddhist monk’s alms bowl on its head.",Kawanable Kyōsai,1890,/collections/night-parade-of-one-hundred-demons/2013_767_22.jpg,1500,950,,"demons,ghosts"
fbfb6a1f-8de4-4d05-8f22-2b3af68616eb,"Monsters, including a badger wearing a courtier’s cap, carry Buddhist ritual implements, such as a magical scroll inscribed in Sanskrit, at far right.",Kawanable Kyōsai,1890,/collections/night-parade-of-one-hundred-demons/2013_767_21.jpg,1500,946,,"demons,ghosts"
f190a62b-05a2-4fee-b1df-54e5636e1318,"Demons emerge from a large, wooden chest.",Kawanable Kyōsai,1890,/collections/night-parade-of-one-hundred-demons/2013_767_20.jpg,1500,955,,"demons,ghosts"
fbefaf57-0335-4745-8d1f-81440df17400,"Skeleton soldiers, a horse with the head of a man, and other monsters advance in the growing darkness.",Kawanable Kyōsai,1890,/collections/night-parade-of-one-hundred-demons/2013_767_07.jpg,1500,951,,"demons,ghosts"
17880d0e-f1a8-481e-9564-012c50154449,,,1921,/collections/persian-demons-from-a-book-of-magic-and-astrology-1921/persian_astrology_00031.jpeg,572,737,,"demons,devils,ghosts"
16f0639c-7de1-48f6-9409-7b9399870cf7,,,1921,/collections/persian-demons-from-a-book-of-magic-and-astrology-1921/persian_astrology_00025.jpeg,562,732,,"demons,devils,ghosts"
19e99eea-9662-4367-bc44-aea12a9a417f,,,1921,/collections/persian-demons-from-a-book-of-magic-and-astrology-1921/persian_astrology_00017.jpeg,578,731,,"demons,devils,ghosts"
123e1817-b7e6-4982-a607-6f06417bb4e2,,,1921,/collections/persian-demons-from-a-book-of-magic-and-astrology-1921/persian_astrology_00005.jpeg,903,558,,"demons,devils,ghosts"
2eb472b0-cc79-46e5-96d7-4287db704d13,,,1921,/collections/persian-demons-from-a-book-of-magic-and-astrology-1921/persian_astrology_00036.jpeg,575,731,,"demons,devils,ghosts"
34dd38b9-2ada-41b0-86e4-c92943092510,,,1921,/collections/persian-demons-from-a-book-of-magic-and-astrology-1921/persian_astrology_00022.jpeg,576,728,,"demons,devils,ghosts"
341b82cb-2c38-4561-94ac-8611ecac6b30,,,1921,/collections/persian-demons-from-a-book-of-magic-and-astrology-1921/persian_astrology_00012.jpeg,900,563,,"demons,devils,ghosts"
3fb59d47-c95e-4151-bf7c-9311b5501e50,,,1921,/collections/persian-demons-from-a-book-of-magic-and-astrology-1921/persian_astrology_00009.jpeg,903,567,,"demons,devils,ghosts"
3f6d4b90-e033-46e6-80a7-1e5036f8b4bf,,,1921,/collections/persian-demons-from-a-book-of-magic-and-astrology-1921/persian_astrology_00006.jpeg,901,566,,"demons,devils,ghosts"
46c3d41f-f8e1-441f-8395-c9db353afb8d,,,1921,/collections/persian-demons-from-a-book-of-magic-and-astrology-1921/persian_astrology_00038.jpeg,577,740,,"demons,devils,ghosts"
427dbecd-44eb-46da-81d1-dd44ac166592,,,1921,/collections/persian-demons-from-a-book-of-magic-and-astrology-1921/persian_astrology_00029.jpeg,568,726,,"demons,devils,ghosts"
594b40fb-839b-4e1b-9d60-98223d9f5792,,,1921,/collections/persian-demons-from-a-book-of-magic-and-astrology-1921/persian_astrology_00018.jpeg,576,724,,"demons,devils,ghosts"
5c8ec4bb-0738-48bb-aefe-ba0e83329dd0,,,1921,/collections/persian-demons-from-a-book-of-magic-and-astrology-1921/persian_astrology_00015.jpeg,574,729,,"demons,devils,ghosts"
6d789f56-ccc9-4b3c-95f0-3e945e78275f,,,1921,/collections/persian-demons-from-a-book-of-magic-and-astrology-1921/persian_astrology_00021.jpeg,578,729,,"demons,devils,ghosts"
62ae4687-4ef4-4466-a50d-585a3c105f54,,,1921,/collections/persian-demons-from-a-book-of-magic-and-astrology-1921/persian_astrology_00034.jpeg,579,735,,"demons,devils,ghosts"
65c5127e-8659-4085-bc47-eb3d308f9bc7,,,1921,/collections/persian-demons-from-a-book-of-magic-and-astrology-1921/persian_astrology_00023.jpeg,576,730,,"demons,devils,ghosts"
61972a81-f627-4633-a3ff-f7ac36296db5,,,1921,/collections/persian-demons-from-a-book-of-magic-and-astrology-1921/persian_astrology_00001.jpeg,904,556,,"demons,devils,ghosts"
79c9b86c-7cff-4652-9757-629830dc48ea,,,1921,/collections/persian-demons-from-a-book-of-magic-and-astrology-1921/persian_astrology_00037.jpeg,570,739,,"demons,devils,ghosts"
7b6e0f88-85dc-46d9-a369-a639249f23a6,,,1921,/collections/persian-demons-from-a-book-of-magic-and-astrology-1921/persian_astrology_00026.jpeg,575,739,,"demons,devils,ghosts"
7f128272-12c0-4c27-aa6c-2208f68bf35f,,,1921,/collections/persian-demons-from-a-book-of-magic-and-astrology-1921/persian_astrology_00007.jpeg,904,566,,"demons,devils,ghosts"
89e35f55-663a-41d6-ab7d-698cee664c55,,,1921,/collections/persian-demons-from-a-book-of-magic-and-astrology-1921/persian_astrology_00010.jpeg,904,564,,"demons,devils,ghosts"
8d23af4c-8f8a-4727-af7a-3663bb0eab42,,,1921,/collections/persian-demons-from-a-book-of-magic-and-astrology-1921/persian_astrology_00004.jpeg,901,555,,"demons,devils,ghosts"
9453400f-8803-40ea-b2fc-120483ee395b,,,1921,/collections/persian-demons-from-a-book-of-magic-and-astrology-1921/persian_astrology_00013.jpeg,576,732,,"demons,devils,ghosts"
0bf383a1-7698-449a-849a-bc5dce332077,,,1921,/collections/persian-demons-from-a-book-of-magic-and-astrology-1921/persian_astrology_00028.jpeg,576,735,,"demons,devils,ghosts"
0dd211be-5956-45a9-ae22-a44b18fc0aef,,,1921,/collections/persian-demons-from-a-book-of-magic-and-astrology-1921/persian_astrology_00024.jpeg,573,726,,"demons,devils,ghosts"
07515016-67eb-4144-8142-092ef6c9c20a,,,1921,/collections/persian-demons-from-a-book-of-magic-and-astrology-1921/persian_astrology_00014.jpeg,576,730,,"demons,devils,ghosts"
b22166e7-687f-4860-97b1-38bae4206a39,,,1921,/collections/persian-demons-from-a-book-of-magic-and-astrology-1921/persian_astrology_00011.jpeg,903,563,,"demons,devils,ghosts"
b0a2bd22-e3b7-4652-a85b-d0684954f0ab,,,1921,/collections/persian-demons-from-a-book-of-magic-and-astrology-1921/persian_astrology_00002.jpeg,903,559,,"demons,devils,ghosts"
c3b309d8-7557-4c53-bffb-f6e93b86a5c8,,,1921,/collections/persian-demons-from-a-book-of-magic-and-astrology-1921/persian_astrology_00019.jpeg,571,727,,"demons,devils,ghosts"
c875b3dd-d8c1-4d09-a037-6406ade01dcc,,,1921,/collections/persian-demons-from-a-book-of-magic-and-astrology-1921/persian_astrology_00008.jpeg,901,565,,"demons,devils,ghosts"
dff38d28-8ff7-47b3-8e04-765d8783937e,,,1921,/collections/persian-demons-from-a-book-of-magic-and-astrology-1921/persian_astrology_00035.jpeg,574,738,,"demons,devils,ghosts"
d37bc3fd-1e33-47ab-b5ab-592bf3da3551,,,1921,/collections/persian-demons-from-a-book-of-magic-and-astrology-1921/persian_astrology_00030.jpeg,581,739,,"demons,devils,ghosts"
e2b2e37a-c592-476c-a885-4b9a1c43e052,,,1921,/collections/persian-demons-from-a-book-of-magic-and-astrology-1921/persian_astrology_00027.jpeg,562,733,,"demons,devils,ghosts"
e3f01737-592b-421a-ac2f-4a89539af2b4,,,1921,/collections/persian-demons-from-a-book-of-magic-and-astrology-1921/persian_astrology_00016.jpeg,576,730,,"demons,devils,ghosts"
f2a0e747-680d-4b94-b531-f492cbf57ee9,,,1921,/collections/persian-demons-from-a-book-of-magic-and-astrology-1921/persian_astrology_00032.jpeg,578,739,,"demons,devils,ghosts"
50a44f46-974d-4092-a1ab-e6f0b5c2a4cf,Part of the Tablet Supposed to Contain a Mention of the Babylonian Garden of Eden,,1903,/collections/spells-against-the-evil-spirits-of-babylonia-1903/devilsevilspirit01thomuoft_0012.jpg,600,802,,"demons,devils,ghosts"
f2f05843-d9f4-4d88-b321-1915555e8dae,Babylonian Demons,,1903,/collections/spells-against-the-evil-spirits-of-babylonia-1903/devilsevilspirit01thomuoft_0074-1024x677.jpg,1024,677,,"demons,devils,ghosts"
25ae3c08-d6b4-4817-ad32-c61c952d6e36,Asmodeus,Louis le Breton,1863,/essays/defining-the-demonic/37876359332_c4b8b2ac08_c.jpg,720,800,,"chimera,demonology,demons,serpents"
3c4ee8c1-2a3a-4356-9da1-0a6ae0f7b6f3,Behemoth,Louis le Breton,1863,/essays/defining-the-demonic/37858870426_c780a1df89_c.jpg,694,800,,"demonology,demons"
495a8d73-d9ea-4b2f-8d47-8f5e1039f8d7,Bael,Louis le Breton,1863,/essays/defining-the-demonic/26131109689_79e150ec0f_c.jpg,761,800,,"demonology,demons"
6b3a7954-fce6-4bec-85c2-7ba74b853a09,Eurynome,Louis le Breton,1863,/essays/defining-the-demonic/37197683024_150a11b4b4_c.jpg,708,800,,"demonology,demons,grotesques"
90a44be2-cd79-4c7e-9f85-3c8ad4468d7a,Amon,Louis le Breton,1863,/essays/defining-the-demonic/37876366882_ac9b88b5f1_c.jpg,704,800,,"demonology,demons,serpents"
006b132c-f11b-4635-b045-e63096f0a55c,Belphégor,Louis le Breton,1863,/essays/defining-the-demonic/37876335022_5364f7923e_c.jpg,740,800,,"demonology,demons"
a7c19da9-38e9-43dd-9a3f-05aea261baa7,Detail from the Frontispiece to the 1863 Edition of Collin de Plancy's *Dictionnaire Infernal*,Louis le Breton,1863,/essays/defining-the-demonic/37869836936_1564908362_c.jpg,742,800,,"demonology,demons"
ac62779c-7c49-4c9e-8cc0-77f07cab10b2,Ephialtes,Louis le Breton,1863,/essays/defining-the-demonic/37858864196_aea55e730f_c.jpg,800,670,,"demonology,demons"
ccc85b53-b037-40d7-a7e7-099dc63520b7,Frontispiece to the 1863 edition of Collin de Plancy <em>Le diable peint par lui-même</em>.,,1863,/essays/defining-the-demonic/37858855136_acc4392290_h.jpg,971,1599,,"demonology,demons"
c5209967-9573-4e74-8184-d10e099d40d5,Amduscias,Louis le Breton,1863,/essays/defining-the-demonic/37876376312_e3c2ea242b_c.jpg,723,800,,"demonology,demons"
c8df8611-7855-4a8d-89cf-9ec0c83f5db8,Adramelech,Louis le Breton,1863,/essays/defining-the-demonic/37907424811_dc1510c4a6_c.jpg,708,800,,"demonology,demons"
c97ef43b-fb47-4cb9-a930-01c3503831c4,Astaroth,Louis le Breton,1863,/essays/defining-the-demonic/24054705548_a87ba6852f_c.jpg,726,799,,"beasts,demonology,demons"
e508abf1-5d38-4907-b30f-89938f8c1e65,Belzebuth,Louis le Breton,1863,/essays/defining-the-demonic/26131124269_6d36ac3372_c.jpg,741,800,,"demonology,demons"
3830dbd8-f252-4387-9710-99010370d4df,"Representation of the Inner State of a Sinner, Who Repents and Begins to Fly From Sin",Johannes Gossner,1851,/collections/the-heart-of-man-either-a-temple-of-god-or-a-habitation-of-satan-represented-in-ten-emblematical-figures-1851/35348985023_5d8f419d35_b.jpg,690,1024,,demons
8eb466a5-b379-4e39-822d-4e73c5f114ea,The Death of the Ungodly and the Reward of Sin,Johannes Gossner,1851,/collections/the-heart-of-man-either-a-temple-of-god-or-a-habitation-of-satan-represented-in-ten-emblematical-figures-1851/36023045291_ff5c9b8a3f_b.jpg,673,1024,,demons
1fc74653-d7d1-4320-8df2-38508d92cd43,"Illustration for the Story of Jasper Cunningham of Aberdeen, Who Tries to Seduce His Sister While They Are Walking in a Garden.",,1720,/essays/woodcuts-and-witches/34045008120_ba7fc53bf8_o.jpg,760,486,,"demonology,demons,devils,witchcraft,witches"
25aac028-e21d-42b2-85be-fbf0e0dd81ac,Witches on Broomsticks,,1720,/essays/woodcuts-and-witches/34267945282_ffe06c30fb_c.jpg,800,673,,"demonology,demons,devils,witchcraft,witches"
3bd0778d-4e2e-4437-bed1-acaa9806d354,Facsimile from 1816 of woodcut in <em>Newes from Scotland</em> (1591),,1816,/essays/woodcuts-and-witches/34385852236_fc37ca430c_c.jpg,800,631,,"demonology,demons,devils,witchcraft,witches"
3e40fe19-e65a-4f8b-b02b-3d16a427ea76,Witches Presenting Wax Dolls to the Devil,,1720,/essays/woodcuts-and-witches/34427876715_0e59110873_b.jpg,1000,863,,"demonology,demons,devils,witchcraft,witches"
5344e64c-bea2-410b-8e7a-59935564c6ea,Witches Feasting,,1720,/essays/woodcuts-and-witches/34267945782_993aa2e592_c.jpg,799,711,,"demonology,demons,devils,witchcraft,witches"
83e2087e-15a3-4259-8195-18bccb89a651,Matthew Hopkins Witch Finder Generall,,1648,/essays/woodcuts-and-witches/33618772023_c76b2d624d_o.jpg,656,828,,"creatures,demonology,demons,devils,supernatural,witchcraft,witches"
8f3ce923-2af7-4711-a781-2ecab29fd97c,Witch Feeding Her Familiars with Blood,,1579,/essays/woodcuts-and-witches/34267941912_bb2996871b_c.jpg,800,467,,"demonology,demons,devils,witchcraft,witches"
8dbc9da9-f653-4055-91ec-c045fb8de594,"Image from the title page of <em>A Rehearsall both Straung and True, of Hainous and Horrible Actes Committed by Elizabeth Stile</em>",,1579,/essays/woodcuts-and-witches/34385854036_c6dae624e1_c.jpg,799,465,,"demonology,demons,devils,witchcraft,witches"
94f5b66d-872f-421b-a958-3048e5f84179,Witch's Cat,,1579,/essays/woodcuts-and-witches/34385852456_ccc3522dbb_c.jpg,800,600,,"demonology,demons,devils,witchcraft,witches"
b2a133b5-f3fa-47d3-b011-aef8de0b30b5,Witches Dancing with Devils,,1720,/essays/woodcuts-and-witches/34385864146_c55d0419ee_c.jpg,800,681,,"demonology,demons,devils,witchcraft,witches"
e71918e2-10e7-4ff1-9daf-0e972e3fbfdc,Title page to <em>Malleus Maleficarum</em>,,1669,/essays/woodcuts-and-witches/J._Sprenger_and_H._Institutoris2C_Malleus_maleficarum._Wellcome_L0000980.jpg,1024,1450,,"demonology,demons,devils,witchcraft,witches"
de21d9be-27c4-4878-9e25-83345834f8f8,Singerie of a Barbershop,Pieter van der Borcht the Elder,16th century,/collections/the-singerie-monkeys-acting-as-humans-in-art/28317709791_c4ab66bb79_b.jpg,700,1024,,"demons,supernatural"
115679bd-50c6-4b73-bcc1-e44e3e01ef4d,,,ca. 1775,/collections/compendium-of-demonology-and-magic-ca-1775/19258956972_a2e1ee01a8_o.jpg,620,470,,"demonology,demons"
1928fabd-4c25-40b1-b70c-d89bf8677a81,,,ca. 1775,/collections/compendium-of-demonology-and-magic-ca-1775/19077327518_daebc0e833_o.jpg,620,790,,"demonology,demons"
2acf9f03-4399-4171-b99a-24b39cf1a2c8,,,ca. 1775,/collections/compendium-of-demonology-and-magic-ca-1775/18644366743_43b9d8b3f3_o.jpg,620,471,,"demonology,demons"
2d5df8fd-96f8-42c5-8393-eff1ab54a0c3,,,ca. 1775,/collections/compendium-of-demonology-and-magic-ca-1775/19264902405_68fd66b330_o.jpg,620,809,,"demonology,demons,serpents,supernatural"
3032f5b0-bec2-492f-8d92-b588be2d254b,,,ca. 1775,/collections/compendium-of-demonology-and-magic-ca-1775/19077318908_f09d6dc5da_o.jpg,620,778,,"demonology,demons"
43f876a1-cb89-46ee-92ab-f18174c59d88,,,ca. 1775,/collections/compendium-of-demonology-and-magic-ca-1775/19238839766_083e892e13_o.jpg,620,800,,"chimera,demonology,demons"
4a66a6ce-60af-4657-bdc7-55c8880d813b,,,ca. 1775,/collections/compendium-of-demonology-and-magic-ca-1775/19077332418_f73ba77b30_o.jpg,620,809,,"demonology,demons"
4d41bf02-c7d9-4182-8549-5dafc62e6751,,,ca. 1775,/collections/compendium-of-demonology-and-magic-ca-1775/19258968982_e9f9501f57_o.jpg,620,810,,"demonology,demons"
5985a7ca-b3b0-4011-9fdb-dd77096c2290,,,ca. 1775,/collections/compendium-of-demonology-and-magic-ca-1775/19078788939_617a4e2594_o.jpg,620,818,,"demonology,demons"
673f47e9-66a4-42ca-980c-b3d53a4b5460,,,ca. 1775,/collections/compendium-of-demonology-and-magic-ca-1775/19264893515_d4010b7e29_o.jpg,620,792,,"demonology,demons"
7ca107d7-d3b8-406e-9590-8056eaf505a0,,,ca. 1775,/collections/compendium-of-demonology-and-magic-ca-1775/19238846526_1dbbc6367b_o.jpg,620,822,,"demonology,demons"
98b34664-5d63-4ca2-b510-169af4610050,,,ca. 1775,/collections/compendium-of-demonology-and-magic-ca-1775/18642437284_6c48ab733d_o.jpg,620,786,,"demonology,demons"
0cd2052a-f3c2-4b3d-bdec-96c2607d8d92,,,ca. 1775,/collections/compendium-of-demonology-and-magic-ca-1775/19078784709_94d2a482e5_o.jpg,620,797,,"demonology,demons"
b68eaaf4-0367-4b23-8607-70fd9498685a,,,ca. 1775,/collections/compendium-of-demonology-and-magic-ca-1775/19078769359_65fea94e8f_o.jpg,620,783,,"chimera,demonology,demons,dragons"
b152aa27-f618-4240-9330-b3d642656d76,,,ca. 1775,/collections/compendium-of-demonology-and-magic-ca-1775/18642460204_231602cb2e_o.jpg,620,807,,"demonology,demons"
b31d2bb8-9194-4bd5-a2b5-90f6548f99e2,,,ca. 1775,/collections/compendium-of-demonology-and-magic-ca-1775/19268791971_8aa3f5a9d6_o.jpg,620,808,,"demonology,demons"
dbcda6f3-9e09-43a8-bc57-29669e14ab74,,,ca. 1775,/collections/compendium-of-demonology-and-magic-ca-1775/18642446454_044eae9e63_o.jpg,620,808,,"demonology,demons"
dde0403c-947a-4c25-8686-1b9aa511d1ab,,,ca. 1775,/collections/compendium-of-demonology-and-magic-ca-1775/19078792349_8f612a1baa_o.jpg,620,801,,"demonology,demons,supernatural"
efcd7f25-ac70-4fa2-a912-b902a9384bf7,,,ca. 1775,/collections/compendium-of-demonology-and-magic-ca-1775/19264889995_38d2fbacb2_o.jpg,620,790,,"demonology,demons"
e738e535-3b6c-4b69-9057-e93431fce931,,,ca. 1775,/collections/compendium-of-demonology-and-magic-ca-1775/19077317628_d51207329f_o.jpg,620,786,,"chimera,demonology,demons,serpents"
e4fea52c-65b1-4c23-b412-f5d7eca2bd30,,,ca. 1775,/collections/compendium-of-demonology-and-magic-ca-1775/19264894675_918f683549_o.jpg,620,789,,"demonology,demons"
ec074b57-6d9e-4109-95bb-af2bd366810a,,,ca. 1775,/collections/compendium-of-demonology-and-magic-ca-1775/19111251559_fc649140f1_o.jpg,620,788,,"demonology,demons"
f9a8810f-4a1d-4204-89f4-2cef10e25a07,,,ca. 1775,/collections/compendium-of-demonology-and-magic-ca-1775/19238835106_b57eaa8160_o.jpg,620,793,,"demonology,demons"
1340c77d-84ca-4415-91b1-27d595a92391,Dante and Virgil witnessing the gigantic figure of Dis,,1444–1450,/collections/14th-century-illuminations-for-dante-s-divine-comedy/17502437134_796b32cffc_b.jpg,1024,527,,"demons,hell"
171471e7-9c01-42a3-8205-75250e69d791,Dante breaking a branch from one of the trees in the wood of the suicide,,1444–1450,/collections/14th-century-illuminations-for-dante-s-divine-comedy/18126089591_83258da137_b.jpg,1023,556,,"demons,hell"
548d6208-ec27-45d6-8091-3c0440ed7fc2,"Virgil and Dante entering the eighth circle, that of adulterers, seducers, and flatterers",,1444–1450,/collections/14th-century-illuminations-for-dante-s-divine-comedy/17937124608_1499ca53e0_b.jpg,1023,532,,"demons,hell"
5ebcf286-659e-41aa-8207-69029f76f3cc,“God’s Providence”,,1705,/essays/in-the-image-of-god-john-comenius-and-the-first-children-s-picture-book/14196927193_3baca842a1_c.jpg,799,576,,demons
993921ae-f9a2-4901-a248-c20287c224fa,,,1590,/collections/radical-fashion-from-the-schembart-carnival-1590/8639591157_5d2485167c_o.png,398,622,,demons
ee2d1dde-063a-4e67-8928-d75f08a2a135,The Temptation of St Anthony,Martin Schongauer,1470,/shop/edit-DP819995.jpg,805,1069,,"creatures,demonic"
d12d9e24-0547-4693-86d2-856cbdb923a8,Demon in Chains,Style of Muhammad Siya Qalam,ca. 1453,/collections/highlights-from-the-cleveland-museum-of-art-s-release-of-more-than-30k-images-of-public-domain-works/46939707331_eaf326bdef_o.jpg,1122,860,,demonic
ba75740f-1167-42a0-8e41-74fce761af39,The wretched King Nebuchadnezzar,,1559,/collections/histoires-prodigieuses/histoires-prodigieuses-00003.jpg,2808,2808,,"beasts,devils,human-animal-hybrid,hybrid-figures,supernatural"
b03e79d4-86a3-4cda-be7e-31acd94ca3ba,The monster that appeared by chance to St. Anthony,,1559,/collections/histoires-prodigieuses/histoires-prodigieuses-00010.jpg,2601,2987,,"beasts,devils,human-animal-hybrid,hybrid-figures,supernatural"
5823d54a-08a2-48b7-bf84-72de993f6a22,Cruel persecutions and massacres of Christians,,1559,/collections/histoires-prodigieuses/histoires-prodigieuses-00011.jpg,2761,3047,,"beasts,devils,human-animal-hybrid,hybrid-figures,supernatural"
23395613-2068-4682-b842-03b6893aa946,A priest who employed a familiar spirit for 40 years,,1559,/collections/histoires-prodigieuses/histoires-prodigieuses-00020.jpg,2586,2535,,"beasts,devils,supernatural"
6abb724a-a8ea-4096-9044-6e6342786f5e,Monster caught in the forest,,1559,/collections/histoires-prodigieuses/histoires-prodigieuses-00027.jpg,2596,2981,,"beasts,devils,human-animal-hybrid,hybrid-figures,supernatural"
972ce019-bf02-4f11-b460-bb532449b624,A three-tiered camera obscura system attributed to Roger Bacon,Athanasius Kircher,1671,/essays/the-early-modern-camera-obscura/04-athanasiikirche00kirc_0130-edit.jpg,1219,1440,,devils
63261fca-78ba-4b7e-b2f0-ab4505c4d35e,Prophecies of apocalypse,,ca. 1827–61,/collections/various-apocalyptic-scenes-from-the-prophetic-messenger-ca-1827-61/s3_V0024000_V0024791.jpg,1200,926,,devils
cc1fb21c-4fca-4d68-8547-14ff3d8fd930,Devil (Wood),Karl Brendel,1922,/collections/hans-prinzhorn-s-artistry-of-the-mentally-ill-1922/47225935971_0840595a58_c.jpg,430,800,,devils
1291b791-ca0f-4eef-a135-539ef1ee7656,The Idol of the Devil,George Psalmanazar,1705,/essays/made-in-taiwan-how-a-frenchman-fooled-18th-century-london/26668912307_10f78a200a_o.jpg,953,1564,,"devils,serpents"
ead2fc1f-c68e-4eaf-985e-ed2f638e67c1,"Representation of the Inner State of a Man, Who Is a Servant of Sin, and Suffers the Devil to Reign Within Him.",Johannes Gossner,1851,/collections/the-heart-of-man-either-a-temple-of-god-or-a-habitation-of-satan-represented-in-ten-emblematical-figures-1851/36155625025_6939390662_b.jpg,684,1023,,devils
1dab3711-c639-437c-8219-971767c0be65,Phenakistoscope,,1833,/collections/phenakistoscopes-1833/480px-Optical_illusion_disc_with_somersaults_and_horseback_riding.gif,480,480,,devils
51bafafd-e073-4a18-9128-e6fcd2238951,Phenakistoscope,,1833,/collections/phenakistoscopes-1833/29262438121_ceca2249be_b.jpg,669,658,,devils
b4f51634-6d5e-4488-91d6-290d105977a5,,Peter Rollos,ca. 1687,/collections/le-centre-de-l-amour-ca-1687/24892070296_a770089a8d_b.jpg,800,691,,devils
162ff5d9-fbea-4335-a4e7-0c37fbb340f4,Kellar,Strobridge & Co.,1898,/collections/harry-kellar-s-show-posters/22176286179_8e5b55d7c7_c.jpg,579,800,,devils
bf48f045-3472-47be-a13d-d839b8bad138,,J. H. Brown,1863,/collections/spectropia-or-surprising-spectral-illusions-1865/22167957910_a9eb78eab7_c.jpg,616,800,,"devils,ghosts"
91735b3c-4e0d-4115-8320-c3d7bb94ed80,Experiment on Complementary Colours,,1883,/collections/popular-scientific-recreations/popular-scientific-recreations-00009.jpeg,1343,1362,,devils
a5df9d8f-fa79-406a-8489-af918c75ab58,Hallowe'en,H. B. Griggs,1908,/collections/halloween-postcards/halloween-card-9.jpg,957,1500,,"devils,ghosts"
d424135d-b193-4bd8-8c73-9f43a136bcb7,Hallowe'en,,ca. 1912,/collections/halloween-postcards/halloween-card-17.jpg,2327,1500,,"devils,ghosts"
7eff0e08-024d-44f3-a298-46a4039101f5,"The Mowing-Devil: or, Strange News out of Hardford-shire",,1678,/collections/the-mowing-devil/mowing-devil-small.jpg,1130,1500,,devil
4e895484-f076-4731-8625-ecdca12a77c4,"The Mowing-Devil: or, Strange News out of Hardford-shire (detail)",,1678,/collections/the-mowing-devil/056978-Large_12000px-edit-detail.jpg,8080,4648,,devil
d19dfa9c-7ce4-447f-a1e6-e869653f30f4,"Bohemian Puppets / Upper: Devil, Priest, Peasant / Lower: Soldier, King and Queen",,1920,/collections/book-of-marionettes/bookofmarionette00joserich_0197.jpg,2283,3555,,devil
f41f0002-62db-4ec7-9698-44bd60ecde64,A man who has nearly worn himself out in the service of the devil,,1896,/collections/plain-home-talk/plainhometalkabo00foot_0060.jpg,918,1458,,devil
6b129c24-27df-4027-92ca-732891a4c840,Henri Rochefort,Henri Demare,1870,/essays/henri-rochefort-origins-french-populism/image_demare_henri_dit_nix_henri_rochefort_qb.1348_299764-edit.jpg,3371,4266,,devil
a66c5422-75b1-4ea5-9cfe-6342c3e1687d,How Many Have You Sent?,John Samuel Pughe,1906,/essays/scenes-of-reading-on-the-early-portrait-postcard/04-master-pnp-ppmsca-26100-26105u-edit.jpg,7320,4736,,devil
7e51a9cf-6442-41f5-98fd-70a0efa8d3e2,The Devil and his Protegée or Another Separation in Contemplation,James Gillray,1810,/essays/little-boney/10-32353761-edit.jpeg,3712,5304,,devil
4f51c082-ddd2-40bf-b08c-0bf136f94f3d,"*Inferno*, Canto XXXIV: Lucifer.",Petrus de Plasiis,ca. 1491,/collections/dante-divine-comedy-in-art/dante-commedia-33.jpg,1862,1916,,"devil,hell"
c1954608-31fb-45ac-af07-0bb4135a6bbb,"*Inferno*, Canto XXXIII–XXXIV.",Andrea di Cione di Orcagna,ca. 1470,/collections/dante-divine-comedy-in-art/dante-commedia-25.jpg,1400,1066,,"devil,hell"
aff445c3-57c6-40f9-b136-616ab4cf25b4,Aradia or the Gospel of the Witches,,1899,/essays/roma-lister-aradia/02-aradiaorgospelof00lela_0007-edit.jpg,2006,3096,,grotesques
f35c77f0-8e9b-4179-9745-23ea1f59bbc1,The Snare of Vintage,Aubrey Beardsley,1894,/collections/aubrey-beardsley/beardsley-illustration-00016.jpg,1926,2588,,"grotesques,hybrid-figures"
13315754-3adc-44b8-b124-5551bba7248a,The Toilet of Helen,Aubrey Beardsley,1896,/collections/aubrey-beardsley/beardsley-later-works-00032.jpg,1654,2300,,grotesques
5dda9dd1-4977-4373-849c-632b1b0ae49b,,Christoph Jamnitzer,1610,/collections/christoph-jamnitzer-neuw-grotesken-buch/RP-P-1953-115.jpg,5913,4642,,"animal-hybrid,grotesque,grotesques,human-animal-hybrid"
4c1cc263-c3b0-40a9-954a-2d53bf5b547d,,Christoph Jamnitzer,1610,/collections/christoph-jamnitzer-neuw-grotesken-buch/RP-P-1953-116.jpg,5676,4494,,"animal-hybrid,dragons,grotesque,grotesques"
107c03ac-2d14-4f2b-a4a3-a181af6051e6,,Christoph Jamnitzer,1610,/collections/christoph-jamnitzer-neuw-grotesken-buch/RP-P-1953-118.jpg,6017,4646,,"grotesque,grotesques"
fe67e756-2d04-4bf0-a007-5a8af68924fe,,Christoph Jamnitzer,1610,/collections/christoph-jamnitzer-neuw-grotesken-buch/RP-P-1953-120.jpg,6078,4748,,"grotesque,grotesques,human-animal-hybrid"
bcb2908f-6908-404d-a078-173018eebd2b,,Christoph Jamnitzer,1610,/collections/christoph-jamnitzer-neuw-grotesken-buch/RP-P-1953-121.jpg,5880,4752,,"animal-hybrid,grotesque,grotesques"
4b630a65-68c4-43ca-bc4f-6d38f8925805,,Christoph Jamnitzer,1610,/collections/christoph-jamnitzer-neuw-grotesken-buch/RP-P-1953-123.jpg,5819,4625,,"animal-hybrid,grotesque,grotesques"
41feef53-2a3b-4727-8a68-baf58e389bbf,,Christoph Jamnitzer,1610,/collections/christoph-jamnitzer-neuw-grotesken-buch/RP-P-1953-127.jpg,5851,4131,,"grotesque,grotesques"
0f21ed3b-2bd7-4702-8287-8a936a13135c,,Christoph Jamnitzer,1610,/collections/christoph-jamnitzer-neuw-grotesken-buch/RP-P-1953-132.jpg,6023,4675,,"grotesque,grotesques"
1f5f358e-b9af-49a3-9fea-872df8a536a8,,Christoph Jamnitzer,1610,/collections/christoph-jamnitzer-neuw-grotesken-buch/RP-P-1973-131.jpg,5693,4516,,"grotesque,grotesques,human-animal-hybrid"
6ebe34da-67db-4ea8-89cf-e352a5340aaa,,Christoph Jamnitzer,1610,/collections/christoph-jamnitzer-neuw-grotesken-buch/RP-P-1973-132.jpg,5695,4711,,"animal-hybrid,grotesque,grotesques"
b93bb772-e512-4a9b-9f84-ea06faeb88f8,,Christoph Jamnitzer,1610,/collections/christoph-jamnitzer-neuw-grotesken-buch/RP-P-1973-133.jpg,5473,4852,,"grotesque,grotesques,human-animal-hybrid"
f80bfe23-7ec0-4be8-9789-c2469a624bf2,,Christoph Jamnitzer,1610,/collections/christoph-jamnitzer-neuw-grotesken-buch/RP-P-1973-135.jpg,6067,4658,,"grotesque,grotesques"
ed3d583c-18f1-48ee-ab36-fbde9462eb5a,,Christoph Jamnitzer,1610,/collections/christoph-jamnitzer-neuw-grotesken-buch/RP-P-1973-136.jpg,4274,3509,,"grotesque,grotesques"
29162188-9920-4996-ac2a-325e3cec8804,,Christoph Jamnitzer,1610,/collections/christoph-jamnitzer-neuw-grotesken-buch/RP-P-1973-141.jpg,5930,4455,,"animal-hybrid,grotesque,grotesques"
a2587909-52b9-4275-9ca8-1f942f267410,,Christoph Jamnitzer,1610,/collections/christoph-jamnitzer-neuw-grotesken-buch/RP-P-1973-142.jpg,4268,3477,,"animal-hybrid,grotesque,grotesques"
eb1737c0-387e-4a18-ade6-1ccedd178458,,Christoph Jamnitzer,1610,/collections/christoph-jamnitzer-neuw-grotesken-buch/RP-P-1973-143.jpg,5814,4719,,"grotesque,grotesques"
5627603c-00cb-4885-8c4d-c545b8f01480,,Christoph Jamnitzer,1610,/collections/christoph-jamnitzer-neuw-grotesken-buch/RP-P-1973-144.jpg,5950,4906,,"grotesque,grotesques,human-animal-hybrid"
3a150c78-2ace-4412-8ee1-1c5ad65f56f8,,Christoph Jamnitzer,1610,/collections/christoph-jamnitzer-neuw-grotesken-buch/RP-P-1973-151.jpg,4334,3514,,"grotesque,grotesques"
57378885-aa6b-4969-a834-84403aa33246,,Christoph Jamnitzer,1610,/collections/christoph-jamnitzer-neuw-grotesken-buch/RP-P-1973-152.jpg,4444,3531,,"grotesque,grotesques"
3e1b957e-287a-45c4-855e-c3928f7a6a73,,Christoph Jamnitzer,1610,/collections/christoph-jamnitzer-neuw-grotesken-buch/RP-P-1973-153.jpg,4571,3713,,"animal-hybrid,grotesque,grotesques,human-animal-hybrid"
38508b99-9f6e-4e95-9a28-da561d2869b3,,Christoph Jamnitzer,1610,/collections/christoph-jamnitzer-neuw-grotesken-buch/RP-P-1973-154.jpg,4240,3432,,"grotesque,grotesques"
2112a3e8-042a-449a-877a-8211f3d01994,,Christoph Jamnitzer,1610,/collections/christoph-jamnitzer-neuw-grotesken-buch/RP-P-1973-155.jpg,4266,3558,,"grotesque,grotesques"
5c5487f4-4471-4768-98ca-caaee8ff9e69,,Christoph Jamnitzer,1610,/collections/christoph-jamnitzer-neuw-grotesken-buch/RP-P-1973-156.jpg,4241,3431,,"animal-hybrid,grotesque,grotesques,sea-serpents"
9a9f473c-29b5-40e8-a285-71f7dc437fe2,,Christoph Jamnitzer,1610,/collections/christoph-jamnitzer-neuw-grotesken-buch/RP-P-1973-157.jpg,5979,4708,,"animal-hybrid,grotesque,grotesques"
e35bf1ae-df5e-4d15-9df7-53aefadb2734,,Christoph Jamnitzer,1610,/collections/christoph-jamnitzer-neuw-grotesken-buch/RP-P-OB-8131.jpg,5483,4675,,"animal-hybrid,dragons,grotesque,grotesques"
da522b3f-e8b4-476c-82a6-9b77632aa149,,Christoph Jamnitzer,1610,/collections/christoph-jamnitzer-neuw-grotesken-buch/RP-P-OB-8132.jpg,6001,4682,,"grotesque,grotesques,human-animal-hybrid"
2b0845f7-969d-4ab6-a1c3-7d22fcdfee83,The Crucifixion,Marcus Gheeraerts,ca. 1580,/collections/passio-verbigenae/passio-verbigenae-10.jpg,3394,4818,,grotesques
340fdd93-6f23-4c6b-8f4b-d2638663b88e,The Flagellation,Marcus Gheeraerts,ca. 1580,/collections/passio-verbigenae/passio-verbigenae-9.jpg,3308,4786,,grotesques
30d365e2-776d-40f5-a56d-7b553a770d3a,The Arrest of Christ,Marcus Gheeraerts,ca. 1580,/collections/passio-verbigenae/passio-verbigenae-3.jpg,3290,4754,,grotesques
4f678d4b-2a15-40b6-8534-01af814f15e3,Christ Carrying the Cross,Marcus Gheeraerts,ca. 1580,/collections/passio-verbigenae/passio-verbigenae-5.jpg,3372,4804,,grotesques
47aad522-7bb5-4781-b53f-f214e48e5946,The Agony in the Garden,Marcus Gheeraerts,ca. 1580,/collections/passio-verbigenae/passio-verbigenae-2.jpg,3282,4704,,grotesques
5ea211fd-cd54-44cc-9166-b00ff2bea01b,The Lamentation,Marcus Gheeraerts,ca. 1580,/collections/passio-verbigenae/passio-verbigenae-11.jpg,3320,4776,,grotesques
7d435e2e-f287-43d5-8126-c4f19f0ba09f,The Resurrection,Marcus Gheeraerts,ca. 1580,/collections/passio-verbigenae/passio-verbigenae-1.jpg,3360,4802,,grotesques
7dbf5a1d-1311-42c6-bbae-f4a090aecfce,Christ Before Caiaphas,Marcus Gheeraerts,ca. 1580,/collections/passio-verbigenae/passio-verbigenae-4.jpg,3382,4804,,grotesques
0e0707e3-cecd-46c4-997e-d9a0ab88cf79,Christ is Scourged and Crowned with Thorns,Marcus Gheeraerts,ca. 1580,/collections/passio-verbigenae/passio-verbigenae-6.jpg,3286,4664,,grotesques
0d2c09c7-57a5-4420-b08d-ad23c98ad3f6,The Last Supper,Marcus Gheeraerts,ca. 1580,/collections/passio-verbigenae/passio-verbigenae-13.jpg,3326,4798,,grotesques
a6f0c18e-8823-4e91-af30-55a9196fe28c,Christ Disrobed,Marcus Gheeraerts,ca. 1580,/collections/passio-verbigenae/passio-verbigenae-8.jpg,3352,4802,,grotesques
bb1f543f-afa5-4f04-99c9-8653ddd66c42,Ecce Homo,Marcus Gheeraerts,ca. 1580,/collections/passio-verbigenae/passio-verbigenae-7.jpg,3322,4690,,grotesques
373308ed-a291-4eb5-9789-f89450e8f7d1,Chinese Grotto,,1790,/essays/petrified-waters/16-grotesquearchite00wrig_0045-edit.jpeg,1690,948,,grotesques
5c7a5c75-2310-470f-9d9c-6c7400cbc3d9,Grotto-Esque Design for a Rustic Fountain,,1615,/essays/petrified-waters/11-raisonsdesforce00Caus_0123-edit.jpeg,1663,1990,,grotesques
6d883b76-54e6-4d75-9d4d-358e5c12ce07,The Fontana dell’Aquilone in the Vatican Gardens,Giovanni Franceso Venturini,1675,/essays/petrified-waters/03-Falda-grotto-style-fountain.jpeg,1220,875,,grotesques
786819b6-d4cb-4edb-8d1a-63a29c7c0efd,Les Bains d’Apollon à Versailles,Hubert Robert,1803,/essays/petrified-waters/19-1280px-Hubert_Robert_-_Les_Bains_d_Apollon_a_Versailles_-_P179_-_Musee_Carnavalet-edit.jpeg,1280,959,,grotesques
73b93c47-afae-4ad7-b3cc-ce5711aec72a,The Colossal Statue of Appenino by Giambologna at Pratolino,Stefano della Bella,1653,/essays/petrified-waters/13-DP827725-edit.jpeg,2000,1337,,grotesques
72978901-1d04-4a60-851b-8708a7894494,"Chariot Procession of Poseidon, Held on May 28, 1589, for the Wedding of Ferdinando I and Christine of Lorraine",Bernardo Buontalenti,1589,/essays/petrified-waters/12-MM27496-edit.jpeg,1400,974,,grotesques
8e283ccd-ed17-40a3-94ac-a7100b4767f7,The Baths of Apollo at Versailles,,1870,/essays/petrified-waters/18-RP-F-F05342-edit.jpg,1400,706,,grotesques
9876925e-18e5-4b0b-ba21-b1d188330ba8,"Grotto in the Gardens of Hortus Palatinus, Heidelberg",Matthieu Marian,1620,/essays/petrified-waters/caus1620_0034-edit-3.jpg,1400,1031,,grotesques
ad32fe70-32f1-46e0-b1ab-43cee608b6a6,"“Grotesque or Rural Bath”, “Gothic Grotto”, and “Modern Grotto”",,1790,/essays/petrified-waters/15-grotesquearchite00wrig_0041-triple.jpeg,2977,1670,,grotesques
ac00e33b-4810-4014-afc3-ac17e1dc72fe,Room of the Winds in Villa Aldobrandini,Giovanni Francesco Venturini,1691,/essays/petrified-waters/09-DP109524-edit.jpeg,1155,1455,,grotesques
c49c62eb-2ca0-4bcc-a54c-d74bc2fc99ba,Rural Grotto,,1790,/essays/petrified-waters/grotesquearchite00wrig_0051-edit.jpeg,1710,986,,grotesques
df5acced-7a1a-489a-bf99-65c28f58ecb5,"Visitors Entering the Caves of Villa Pallavicini, Pegli",Celestino Degoix,1880,/essays/petrified-waters/20-RP-F-F01093-AN-edit.jpg,1397,1096,,grotesques
df34ceaa-504c-4248-84b2-464ad4685293,Grotto Design with Automata,,1615,/essays/petrified-waters/10-raisonsdesforce00Caus_0083-edit.jpeg,1400,894,,grotesques
d2e44e8f-d202-4b74-b272-0534edf151c1,“Grotto of the Animals” at Villa di Castello,,1906,/essays/petrified-waters/05-romanceofitalian00chamuoft_0041-edit.jpeg,1014,1286,,grotesques
daae0d61-7087-41d4-97f0-031460924093,"Grotto at Villa di Papa Giulio, Rome",,1904,/essays/petrified-waters/04-gri_33125008561694_0144-edit.jpeg,1455,1068,,grotesques
d29d26e0-e446-46ae-ba3a-729013f97d30,Two Views of a Grotto at the Villa di Pratolino,Stefano della Bella,1653,/essays/petrified-waters/02-DP827733-edit-2000.jpeg,2000,1352,,grotesques
e6de776d-1c6d-46d2-ae49-16198241042d,"Grotto at Villa d’Este, Tivoli",Giovanni Francesco Venturini,before 1691,/essays/petrified-waters/07-BI-1893-A39-85-edit.jpg,1400,1046,,grotesques
0cfeb726-6355-4476-9289-76f5df312f29,Guide for Constructing the Letters h and i,Joris Hoefnagel,ca. 1595,/shop/edit-00272701-1.jpg,827,1200,,grotesques
3427a0cf-b024-4454-909e-d4ae6c6f41be,The Young Hercules Strangling a Snake,Cornelis Bos,1516–56,/collections/16th-century-ornament-prints/17057949183_e2fd7a1836_o.jpg,800,1168,,grotesques
58574fbb-bc5d-4266-887c-aeb3e00aae2c,A Naked Boy Leaning Over a Crossbar,Cornelis Bos,ca. 1516–56,/collections/16th-century-ornament-prints/17491995199_4944406aa5_o.jpg,800,1125,,grotesques
6726e883-43db-4db1-b680-97adc8f8e4d8,A Woman Riding a Deer Leads a Procession,Cornelis Floris II; Hieronymus Cock,ca. 1550,/collections/16th-century-ornament-prints/17057955953_a6df331692_o.jpg,1000,320,,grotesques
652eb9e4-2b6d-4d9c-b641-f35c8c8ee8fe,Charity Trapped in a Shell-Like Shape,Cornelis Floris II; Hieronymus Cock; Johannes or Lucas van Doetecum,1556,/collections/16th-century-ornament-prints/17678307975_9f29b0e9ee_o.jpg,800,1191,,grotesques
7ba18bf2-6f2a-45ec-9d56-f9ff1a59233d,Figures Trapped in a Shell-Like Ornament With a Man and Woman Clamped in Shells,Cornelis Floris II; Hieronymus Cock,1556,/collections/16th-century-ornament-prints/17490456478_498a92d76a_o.jpg,800,1159,,grotesques
93905bcc-776a-4167-8be5-ce99bc3f9d54,Men and Fruits,Cornelis Floris II; Hieronymus Cock,1556,/collections/16th-century-ornament-prints/17651954296_b68dba372f_o.jpg,800,1154,,grotesques
952cba91-691e-4394-8335-849efb7927e0,A Fountain in the Shape of a Cage,Cornelis Floris II; Hieronymus Cock,1557,/collections/16th-century-ornament-prints/17058174073_160e2d65ef_o.jpg,800,1150,,grotesques
a5f363bc-74e4-470f-90f3-7d6c52072535,Men and Women Surrounding a Face,Hieronymus Cock; Pieter van der Heyden; Jacob Floris,1567,/collections/16th-century-ornament-prints/17675827192_612b483eae_o.jpg,800,1243,,grotesques
a97c8935-ade7-4114-8197-28cd4bd92573,A Woman and Two Satyrs by a Fountain,Cornelis Floris II; Hieronymus Cock; Johannes or Lucas van Doetecum,1556,/collections/16th-century-ornament-prints/17491991539_5ebded7cfd_o.jpg,800,1089,,grotesques
b5bbb988-1391-409c-86c1-7e2b7600ea9b,"Fragment of a larger design (1558 - 1608), designer Hans Vredeman de Vries, engraver Johannes or Lucas van Doetecum, publisher Hieronymus Cock",Cornelis Floris II; Hieronymus Cock; Johannes or Lucas van Doetecum,1558–1608,/collections/16th-century-ornament-prints/17651931686_714749cc5d_k.jpg,762,2047,,grotesques
b209c2aa-985c-4da9-8cdf-4921dbba0a0c,A Chariot Pulled by Two Men and a Goat,Cornelis Floris II; Hieronymus Cock,1552,/collections/16th-century-ornament-prints/17057953823_66dd960914_o.jpg,1000,336,,grotesques
da96dca5-a456-42bc-84a6-a7ea393026c5,Man Surrounded by Birds and Various Creatures,Cornelis Floris II; Hieronymus Cock; Johannes or Lucas van Doetecum,1557,/collections/16th-century-ornament-prints/17057950583_e04b0a5487_o.jpg,800,1193,,grotesques
1f636200-7cf6-449a-afa0-06a8cb9e56bf,,Frans Huys; Cornelis Floris,1555,/collections/flemish-mask-designs-in-the-grotesque-style-1555/14601632401_e14f366e13_b.jpg,710,794,,grotesques
3d963cf8-b806-43ed-a856-6e8c99712544,,Frans Huys; Cornelis Floris,1555,/collections/flemish-mask-designs-in-the-grotesque-style-1555/14624954653_fdfaabed65_b.jpg,710,754,,grotesques
4e4af0ce-9efa-4433-9e39-b9842d7202fd,,Frans Huys; Cornelis Floris,1555,/collections/flemish-mask-designs-in-the-grotesque-style-1555/14604897405_8242f63382_b.jpg,710,782,,grotesques
7033dcd0-12de-47e7-875f-1f131e6a9bf0,,Frans Huys; Cornelis Floris,1555,/collections/flemish-mask-designs-in-the-grotesque-style-1555/14581884546_420a04ba3c_b.jpg,710,743,,grotesques
72ffce4c-ee96-4b85-b584-8710b84de166,,Frans Huys; Cornelis Floris,1555,/collections/flemish-mask-designs-in-the-grotesque-style-1555/14418489747_bac1c93da8_b.jpg,710,710,,grotesques
8e7a6197-b939-432e-8d2b-67d594abb9fc,,Frans Huys; Cornelis Floris,1555,/collections/flemish-mask-designs-in-the-grotesque-style-1555/14604896205_a0029576ca_b.jpg,710,723,,grotesques
96cb720e-cce2-4abb-b176-dcef1bbb6dff,,Frans Huys; Cornelis Floris,1555,/collections/flemish-mask-designs-in-the-grotesque-style-1555/14602899214_ce9cf07235_b.jpg,710,772,,grotesques
a5383af3-8f65-4a10-8cf2-7235d3778f1a,,Frans Huys; Cornelis Floris,1555,/collections/flemish-mask-designs-in-the-grotesque-style-1555/14418490077_b650a52bcd_b.jpg,710,758,,grotesques
e329c08f-0a22-439e-8e76-2e6138db7acf,,Frans Huys; Cornelis Floris,1555,/collections/flemish-mask-designs-in-the-grotesque-style-1555/14602900034_83a47b562e_b.jpg,710,781,,grotesques
e3a4b610-86ee-4826-9780-05c384e33fad,,Frans Huys; Cornelis Floris,1555,/collections/flemish-mask-designs-in-the-grotesque-style-1555/14604306772_cc69fc090d_b.jpg,710,721,,grotesques
f72e3dcc-62fc-45e6-a4c8-b1248404d6d3,,Frans Huys; Cornelis Floris,1555,/collections/flemish-mask-designs-in-the-grotesque-style-1555/14624953613_47c5f8eeda_b.jpg,710,782,,grotesques
1bf171b8-8fab-435d-bc4c-752b512a308c,,Jan Christian Bierpfaff; Jeremias Falck,ca. 1645-50,/collections/an-alphabet-of-organic-type-ca-1650/14282884904_6c4ac12a14_z.jpg,639,615,,grotesques
1b58e69c-3f48-44e5-a5e5-49f50f68d0b8,,Jan Christian Bierpfaff; Jeremias Falck,ca. 1645-50,/collections/an-alphabet-of-organic-type-ca-1650/14096765280_a210bcb40b_z.jpg,571,640,,grotesques
1dd6aebe-3fc7-4fe9-a1f0-57d451ae5808,,Jan Christian Bierpfaff; Jeremias Falck,ca. 1645-50,/collections/an-alphabet-of-organic-type-ca-1650/14096720979_65a585ae13_c.jpg,611,800,,grotesques
2d3e110d-eecb-49d1-bc3e-217d92631240,,Jan Christian Bierpfaff; Jeremias Falck,ca. 1645-50,/collections/an-alphabet-of-organic-type-ca-1650/14096819347_22d0b1ae48_z.jpg,534,640,,grotesques
440674d4-32d5-409c-bde9-d9c06016615d,,Jan Christian Bierpfaff; Jeremias Falck,ca. 1645-50,/collections/an-alphabet-of-organic-type-ca-1650/14283366395_37b4266643_z.jpg,607,640,,grotesques
4095c1e2-9809-492f-914a-83228dc04f7d,,Jan Christian Bierpfaff; Jeremias Falck,ca. 1645-50,/collections/an-alphabet-of-organic-type-ca-1650/14283387655_7ea485f952_c.jpg,604,799,,grotesques
53b45fc2-3c47-4b5e-a86b-4221fd4670a5,,Jan Christian Bierpfaff; Jeremias Falck,ca. 1645-50,/collections/an-alphabet-of-organic-type-ca-1650/14280034711_1df6974357_c.jpg,683,800,,grotesques
5cbd2f42-858a-4849-9882-6c823274cd77,,Jan Christian Bierpfaff; Jeremias Falck,ca. 1645-50,/collections/an-alphabet-of-organic-type-ca-1650/14260250786_03e195986c_c.jpg,591,799,,grotesques
5f8d8e25-6a5b-4166-a85b-6e422023c849,,Jan Christian Bierpfaff; Jeremias Falck,ca. 1645-50,/collections/an-alphabet-of-organic-type-ca-1650/14283374845_d5bcdf359c_c.jpg,623,800,,grotesques
60ce2f19-83a1-458d-8119-2187b3c613a0,,Jan Christian Bierpfaff; Jeremias Falck,ca. 1645-50,/collections/an-alphabet-of-organic-type-ca-1650/14097326377_e00bc11086_z.jpg,542,640,,grotesques
6b6cb60b-a788-4360-bbd0-25be7a435703,,Jan Christian Bierpfaff; Jeremias Falck,ca. 1645-50,/collections/an-alphabet-of-organic-type-ca-1650/14096743240_cd21fe21a3_z.jpg,606,640,,grotesques
6368cf3a-82ec-462b-8778-57f31cc524f9,,Jan Christian Bierpfaff; Jeremias Falck,ca. 1645-50,/collections/an-alphabet-of-organic-type-ca-1650/14096743558_575768636b_z.jpg,534,640,,grotesques
7e18fc3c-bb09-4210-b8bb-f3582f85b52a,,Jan Christian Bierpfaff; Jeremias Falck,ca. 1645-50,/collections/an-alphabet-of-organic-type-ca-1650/14096761820_9201d668dc_z.jpg,586,640,,grotesques
01439622-24ea-42b4-8489-11e4c629be80,,Jan Christian Bierpfaff; Jeremias Falck,ca. 1645-50,/collections/an-alphabet-of-organic-type-ca-1650/14280027751_943e294b43_z.jpg,624,640,,grotesques
a291a01a-1598-45ea-bc4a-0a173d1623ee,,Jan Christian Bierpfaff; Jeremias Falck,ca. 1645-50,/collections/an-alphabet-of-organic-type-ca-1650/14282918134_cea2c9c250_z.jpg,640,630,,grotesques
be1e4a9e-be49-4bdb-a510-5a12a438e6e7,,Jan Christian Bierpfaff; Jeremias Falck,ca. 1645-50,/collections/an-alphabet-of-organic-type-ca-1650/14282905414_4259155b2e_z.jpg,407,639,,grotesques
c046b9e5-536c-49f7-bcbe-acdd0ab0f15b,,Jan Christian Bierpfaff; Jeremias Falck,ca. 1645-50,/collections/an-alphabet-of-organic-type-ca-1650/14283370675_3c8ebd2647_z.jpg,552,640,,grotesques
ca167e11-aa92-4cbb-b70f-57584fae9951,,Jan Christian Bierpfaff; Jeremias Falck,ca. 1645-50,/collections/an-alphabet-of-organic-type-ca-1650/14096829257_b0e02e79bf_c.jpg,558,800,,grotesques
d6247738-48e0-49ca-9358-bc4ee3371cc7,,Jan Christian Bierpfaff; Jeremias Falck,ca. 1645-50,/collections/an-alphabet-of-organic-type-ca-1650/14282896194_b874c79972_c.jpg,543,800,,grotesques
deccb3d7-2e45-40c8-b9bf-f6139f349deb,,Jan Christian Bierpfaff; Jeremias Falck,ca. 1645-50,/collections/an-alphabet-of-organic-type-ca-1650/14282899524_7bfa4f499c_z.jpg,543,640,,grotesques
dfe7d051-2b39-43fe-a6b2-56ad9e32844c,,Jan Christian Bierpfaff; Jeremias Falck,ca. 1645-50,/collections/an-alphabet-of-organic-type-ca-1650/14096763650_4000d2bd8c_c.jpg,663,800,,grotesques
e9b79b20-9a3f-4e57-b6f3-fe0f9a3d6f3e,,Jan Christian Bierpfaff; Jeremias Falck,ca. 1645-50,/collections/an-alphabet-of-organic-type-ca-1650/14280041931_857dfaa0b1_z.jpg,557,639,,grotesques
e5cd383d-dac6-486e-8ea3-7cf9c3c08ca6,,Jan Christian Bierpfaff; Jeremias Falck,ca. 1645-50,/collections/an-alphabet-of-organic-type-ca-1650/14303572503_55483b4ec1_c.jpg,609,800,,grotesques
ed68753c-c234-4018-89e6-79c5523360e8,,Jan Christian Bierpfaff; Jeremias Falck,ca. 1645-50,/collections/an-alphabet-of-organic-type-ca-1650/14280062521_896b8637ca_c.jpg,598,800,,grotesques
f1b20649-f5a5-4c4e-8d67-208349e2c23a,,Jan Christian Bierpfaff; Jeremias Falck,ca. 1645-50,/collections/an-alphabet-of-organic-type-ca-1650/14282881214_d732c6a02a_z.jpg,532,640,,grotesques
4740bd57-a9ac-4932-b396-e2b91e3a56cd,Vignette,Aubrey Beardsley,1882,/collections/aubrey-beardsley/beardsley-illustration-00006.jpg,1269,1539,,grotesque
d1fc9b9f-d223-46ae-aa41-552890495191,Withered Spring,Aubrey Beardsley,ca. 1872–98,/collections/aubrey-beardsley/beardsley-illustration-00001.jpg,2332,3990,,grotesque
bde46f80-5241-46ce-91d0-a0cfa31ae7c0,Hamlet,Aubrey Beardsley,1892,/collections/aubrey-beardsley/beardsley-illustration-00002.jpg,1340,2644,,grotesque
efb5b80e-52ad-4080-9a78-9adbaaf4367f,Incipit Vita Nova (Here begins a new life),Aubrey Beardsley,1893,/collections/aubrey-beardsley/beardsley-illustration-00004.jpg,2550,2550,,grotesque
0f3eef5e-7e5c-40cf-999d-1f58d21d6c02,Siegfried,Aubrey Beardsley,1893,/collections/aubrey-beardsley/beardsley-illustration-00007.jpg,2642,3662,,grotesque
485a2c76-fe14-4bf2-ba98-4ef7337e2ad5,Of a Neophyte and How the Black Art Was Revealed unto Him by the Fiend Asomuel,Aubrey Beardsley,1893,/collections/aubrey-beardsley/beardsley-illustration-00009.jpg,2848,3871,,grotesque
05bbe6d9-ae3f-4687-b12b-a86088e11a94,The Kiss of Judas,Aubrey Beardsley,1893,/collections/aubrey-beardsley/beardsley-illustration-00010.jpg,2186,3006,,grotesque
74564013-5cc7-47cc-838f-ffb97d38aef7,,Aubrey Beardsley,1893,/collections/aubrey-beardsley/beardsley-illustration-00012.jpg,2129,3092,,grotesque
a34d5317-97f8-4f23-90b8-66b93236092a,Design for eight initial keys,Aubrey Beardsley,ca. 1893–96,/collections/aubrey-beardsley/beardsley-illustration-00015.jpg,2256,2711,,grotesque
64ddc742-9625-42dd-a8e5-e66c15f87fe6,Title-page Design,Aubrey Beardsley,1894,/collections/aubrey-beardsley/beardsley-illustration-00021.jpg,2334,2990,,"grotesque,hybrid-figures"
30af5d6f-988c-41a5-bf0a-dcfed676b3b9,Contents-page Design,Aubrey Beardsley,1894,/collections/aubrey-beardsley/beardsley-illustration-00022.jpg,2450,2976,,"grotesque,hybrid-figures"
a6b31e21-c479-49c3-b2b0-b31bee4ae00d,The Platonic Lament,Aubrey Beardsley,1894,/collections/aubrey-beardsley/beardsley-illustration-00026.jpg,2210,3010,,grotesque
6ef89f8b-83a5-4d5f-aca0-81ceb146ec08,Enter Herodias,Aubrey Beardsley,1894,/collections/aubrey-beardsley/beardsley-illustration-00027.jpg,2274,3048,,grotesque
aeb07395-baf4-42c2-86d0-7db604b1392b,The Eyes of Herod,Aubrey Beardsley,1894,/collections/aubrey-beardsley/beardsley-illustration-00028.jpg,2278,3012,,grotesque
27306417-50e6-449a-87d7-b5bd1dfac170,The Stomach Dance,Aubrey Beardsley,1894,/collections/aubrey-beardsley/beardsley-illustration-00029.jpg,2258,3042,,grotesque
6e69c50b-9e0f-4b19-9c0d-93cf60b33646,The Toilet of Salomé,Aubrey Beardsley,1894,/collections/aubrey-beardsley/beardsley-illustration-00030.jpg,2214,3022,,grotesque
8e36e5d4-0778-4354-b29d-44d0d3f8da1e,The Climax,Aubrey Beardsley,1894,/collections/aubrey-beardsley/beardsley-illustration-00032.jpg,2200,3012,,grotesque
fcc10fab-9ed3-4b72-9fb0-13165e8a9364,The Scarlet Pastorale,Aubrey Beardsley,1894,/collections/aubrey-beardsley/beardsley-illustration-00037.jpg,2302,3238,,grotesque
359359d7-fdea-46cc-ac51-a8a9084a05bd,Messalina and her Companion,Aubrey Beardsley,1895,/collections/aubrey-beardsley/beardsley-later-works-00017.jpg,1392,2086,,grotesque
8609fd75-49bb-4668-a8eb-b3f8bfb92a0b,A Design,Aubrey Beardsley,1896,/collections/aubrey-beardsley/beardsley-illustration-00044.jpg,2210,1846,,grotesque
2a9bb539-05d1-4b7c-9893-9dd5b2f71130,The Third Tableau of ‘Das Rheingold’,Aubrey Beardsley,1896,/collections/aubrey-beardsley/beardsley-illustration-00049.jpg,2380,3390,,grotesque
31a9c4ea-4140-4042-a3fb-a71c65578821,The Fourth Tableau of ‘Das Rheingold’,Aubrey Beardsley,1896,/collections/aubrey-beardsley/beardsley-illustration-00051.jpg,2944,3508,,grotesque
2dc7a5d3-3581-4a75-8662-bf533384f94f,The Death of Pierrot,Aubrey Beardsley,1896,/collections/aubrey-beardsley/beardsley-illustration-00052.jpg,2400,3434,,grotesque
457a9f4f-5184-40e7-90c4-7fda67ab1ec8,"Don Juan, Sganarelle, and the Beggar, illustration for a translation of Molière’s Don Juan",Aubrey Beardsley,1896,/collections/aubrey-beardsley/beardsley-illustration-00054.jpg,2014,3218,,grotesque
275691e6-c42a-48a4-a6b2-1230a1337d56,"Erda, illustration for Wagner’s Das Rheingold",Aubrey Beardsley,1896,/collections/aubrey-beardsley/beardsley-illustration-00055.jpg,1628,2416,,grotesque
78c41a99-5346-4970-a464-67124c5df955,"Alberich, illustration for Wagner’s Das Rheingold",Aubrey Beardsley,1896,/collections/aubrey-beardsley/beardsley-illustration-00056.jpg,1540,1550,,"grotesque,human-animal-hybrid,hybrid-figures"
ba48edcd-9403-460e-8ecd-0d92ecafb3e9,"Les Liaisons Dangereuses, illustration for Pierre Choderlos de Laclos’ novel",Aubrey Beardsley,1896,/collections/aubrey-beardsley/beardsley-illustration-00057.jpg,1978,2886,,grotesque
546a11ba-f64d-4f2e-b574-e4cf058a161d,The Cave of Spleen,Aubrey Beardsley,1897,/collections/aubrey-beardsley/beardsley-later-works-00026.jpg,1802,2556,,"grotesque,hybrid-figures"
1c431ce1-5332-4463-a62c-f37ef4b79100,The Rape of the Lock,Aubrey Beardsley,1897,/collections/aubrey-beardsley/beardsley-later-works-00027.jpg,1765,2547,,grotesque
2df95e74-c0d8-4c51-97fe-f2a06adcf7fc,The Battle of the Beau and the Belles,Aubrey Beardsley,1897,/collections/aubrey-beardsley/beardsley-later-works-00028.jpg,1805,2579,,grotesque
64898c38-c3d7-44dc-b284-167937be7c57,Personal bookplate (ex libris),Aubrey Beardsley,ca. 1897,/collections/aubrey-beardsley/beardsley-illustration-00059.jpg,2078,2988,,grotesque
202c4ae7-7e12-420c-b035-bb1a670c4477,,Wallace Smith,1922,/essays/relaxations-for-the-impotent/01-fantaziusmallare00hechrich_0137-edit.jpg,3606,2138,,grotesque
c7eaa164-7845-41d1-ae3c-1c2f2a143a9a,,Wallace Smith,1922,/essays/relaxations-for-the-impotent/fantaziusmallare00hechrich_0027-edit-2.jpg,2263,3604,,grotesque
1b3d777f-ee8b-4bcf-b0e8-0fddd46c28f2,,Wallace Smith,1922,/essays/relaxations-for-the-impotent/04-fantaziusmallare00hechrich_0167-edit.jpg,2114,3452,,grotesque
833eb081-d91d-44f8-ab17-71339c861eb3,,Wallace Smith,1922,/essays/relaxations-for-the-impotent/05-fantaziusmallare00hechrich_0215-edit.jpg,2190,3516,,grotesque
214b2cdb-85f6-4be2-9ea1-5a413194e15f,,Wallace Smith,1922,/essays/relaxations-for-the-impotent/06-fantaziusmallare00hechrich_0121-edit.jpg,2280,3572,,grotesque
c0d42474-ff2c-416b-90de-a3a431305454,,Wallace Smith,1922,/essays/relaxations-for-the-impotent/07-fantaziusmallare00hechrich_0207-edit.jpg,2242,3600,,grotesque
6b319db1-4376-46a6-858c-aaf522a743eb,,Wallace Smith,1922,/essays/relaxations-for-the-impotent/08-fantaziusmallare00hechrich_0016-edit.jpg,1524,754,,grotesque
4ebc617d-8e4b-4bd7-ba09-0bedd380bd3a,,Wallace Smith,1922,/essays/relaxations-for-the-impotent/09-fantaziusmallare00hechrich_0053-edit.jpg,2176,3554,,grotesque
1d1a14a9-b159-4807-a13a-4e073b55e962,,Wallace Smith,1922,/essays/relaxations-for-the-impotent/10-fantaziusmallare00hechrich_0073-edit.jpg,2176,3554,,grotesque
3c8f5a7d-2823-4ddb-b497-cde9867a22c7,From Notre-Dame,Henri Rivière,1888–1902,/collections/36-views-of-the-eiffel-tower/09-image_riviere_henri_de_notre-dame_g.22392-9_2023162.jpg,2380,2856,,gargoyles
4b406519-ec9d-46ef-a587-50c1284b5995,Gargolyes,,ca. 1875-1900,/collections/the-notre-dame-cathedral-in-art-1460-1921/32679206587_52df9e3afe_b.jpg,1024,877,,gargoyles
abc258bd-ab3b-47c2-a69b-a5e607a51436,Gargoyles,Adolphe Giraudon,ca. 1875,/collections/the-notre-dame-cathedral-in-art-1460-1921/46897560024_bc7e41524b_b.jpg,1024,773,,gargoyles
c8bf2895-c37b-4f92-b0f3-d8406d4fbca5,Virgin entirely furry like a bear presented to Charles IV,,1559,/collections/histoires-prodigieuses/histoires-prodigieuses-00004.jpg,2608,2792,,"beasts,human-animal-hybrid,hybrid-figures,supernatural"
1cad24bc-19b4-4485-afdb-43006d597534,Hare and hedgehog costumes worn by Hermann Oehlmann and an unknown person,Joseph Albert,1862,/collections/maskenfest/FM-2014-300-1028-5___Siegert-beschnitten-ONLINE.jpg,1543,2000,,human-animal-hybrid
8d2529c4-77bc-4bcd-9abe-3f652a12392a,Puss in Boots costume worn by Heinrich Lang,Joseph Albert,1862,/collections/maskenfest/FM-2014-300-1028-15___Siegert-beschnitten-ONLINE.jpg,1547,2000,,human-animal-hybrid
437f6aff-15d0-4180-ba50-a99015cbae1c,"Puss in Boots and other costumes worn by Heinrich, Eduard, and Clara Lang",Joseph Albert,1862,/collections/maskenfest/FM-2014-300-1028-13___Siegert-beschnitten-ONLINE.jpg,2000,1537,,human-animal-hybrid
5e52fc8d-70bb-41a8-bbb4-d3e0642d581b,The Unhealthy Pair,,1896,/collections/plain-home-talk/plainhometalkabo00foot_0077.jpg,2365,1342,,human-animal-hybrid
62a74b89-6301-4ddf-bf60-a29b62143cb4,Resolv’d on proclaiming a submarine feast.,,1809,/collections/mermaid-at-home/mermaid-1.jpeg,1000,794,,human-animal-hybrid
4c0ea009-0566-43ad-8417-d2face5df9b3,"The Sword and the Pike, the Sabre and Lance, were bravely employ’d against the legions of France.",,1809,/collections/mermaid-at-home/mermaid-2.jpeg,1000,817,,human-animal-hybrid
65187f0b-b6c7-467c-9678-8986ce89716b,"And now to get ready, each fish was in motion.",,1809,/collections/mermaid-at-home/mermaid-3.jpeg,1000,814,,human-animal-hybrid
c97b97d8-34bb-4b44-9d28-de6628198365,"The Cod-fish from newfoundland bank, found its way.",,1809,/collections/mermaid-at-home/mermaid-4.jpeg,1000,821,,human-animal-hybrid
0e067d93-749a-4bf8-a5a8-9dffa69b76ae,"Old Wife, mostly high provok’d, that by the tobacco-pipe-fish, she’d been smok’d.",,1809,/collections/mermaid-at-home/mermaid-5.jpeg,1000,855,,human-animal-hybrid
76725327-4ea3-4a46-b1da-5fbdab6e4397,"That notable gambler, the Shark.",,1809,/collections/mermaid-at-home/mermaid-6.jpeg,1000,815,,human-animal-hybrid
fc791349-e5e9-4bff-8720-359693e2cf8e,"And the dignified dolphin, the pattern of fashion.",,1809,/collections/mermaid-at-home/mermaid-7.jpeg,1000,821,,human-animal-hybrid
6c544346-ae0a-4b75-b750-4a70afaf11a1,His Majesty spouted.,,1809,/collections/mermaid-at-home/mermaid-8.jpeg,1000,818,,human-animal-hybrid
698ed929-edde-4234-b108-20d35f51dc3a,,Anton Seder,1896,/collections/das-thier-in-der-decorativen-kunst/gri_33125013920190_0024.jpg,1626,2144,,"beasts,fantastical-creatures,human-animal-hybrid"
292c88af-6fb7-4ac2-b2fc-e926c9946704,"Facsimile of the Codex Mendoza, ca. 1541–1650",Agostino Aglio,1831–48,/collections/antiquities-of-mexico/antiquities-of-mexico-00003.jpg,2637,3629,,human-animal-hybrid
fdea47ec-aebc-4275-aa8e-1c09ea24f392,"Facsimile of the Codex Mendoza, ca. 1541–1650",Agostino Aglio,1831–48,/collections/antiquities-of-mexico/antiquities-of-mexico-00004.jpg,2651,3664,,human-animal-hybrid
4307b2dc-6e3c-47f6-b338-d4105bd353b3,"Facsimile of the Codex Telleriano-Remensis, mid 16th century",Agostino Aglio,1831–48,/collections/antiquities-of-mexico/antiquities-of-mexico-00005.jpg,2483,2404,,human-animal-hybrid
d18ba8ca-9083-43ed-8c54-53222d05c732,"Facsimile of the Codex Telleriano-Remensis, mid 16th century",Agostino Aglio,1831–48,/collections/antiquities-of-mexico/antiquities-of-mexico-00006.jpg,2436,2595,,human-animal-hybrid
c62be999-06d0-4eab-ab2b-33f8845091ab,"Facsimile of the Codex Telleriano-Remensis, mid 16th century",Agostino Aglio,1831–48,/collections/antiquities-of-mexico/antiquities-of-mexico-00007.jpg,2469,2524,,human-animal-hybrid
321b01c7-b7b7-4468-85a3-4ede353046f0,"Facsimile of the Codex Bodley, ca. before 1521",Agostino Aglio,1831–48,/collections/antiquities-of-mexico/antiquities-of-mexico-00013.jpg,3294,3126,,human-animal-hybrid
786b6d9c-4ed1-4f1b-9d4c-8721b66cb1fa,"Facsimile of the Codex Bodley, ca. before 1521",Agostino Aglio,1831–48,/collections/antiquities-of-mexico/antiquities-of-mexico-00014.jpg,3361,3094,,human-animal-hybrid
1ec94a56-aef6-4408-9114-e6effccbee85,"Facsimile of the Codex Bodley, ca. before 1521",Agostino Aglio,1831–48,/collections/antiquities-of-mexico/antiquities-of-mexico-00015.jpg,3438,3113,,human-animal-hybrid
b737d283-5e81-427a-9c2a-c43dd32c361a,"Facsimile of the Codex Ríos, ca. after 1566",Agostino Aglio,1831–48,/collections/antiquities-of-mexico/antiquities-of-mexico-00022.jpg,3276,3248,,human-animal-hybrid
85f6b916-9a9c-4324-aa03-a447672841f8,"Facsimile of the, Codex Laud, also known as the Codex Mictlan or Book of Death, ca. 15th century",Agostino Aglio,1831–48,/collections/antiquities-of-mexico/antiquities-of-mexico-00034.jpg,2555,4431,,human-animal-hybrid
8eac9896-e1ea-4fbf-99c1-7280691178c2,"Facsimile of the, Codex Laud, also known as the Codex Mictlan or Book of Death, ca. 15th century",Agostino Aglio,1831–48,/collections/antiquities-of-mexico/antiquities-of-mexico-00035.jpg,2536,4479,,human-animal-hybrid
dce18621-840b-4c94-913f-1a261530f573,"Facsimile of the Codex Vindobonensis, ca. late 15th or early 16th century",Agostino Aglio,1831–48,/collections/antiquities-of-mexico/antiquities-of-mexico-00036.jpg,3331,2927,,human-animal-hybrid
8a96d5a6-f8f5-4d86-af94-66515689f5eb,"Facsimile of the Codex Vindobonensis, ca. late 15th or early 16th century",Agostino Aglio,1831–48,/collections/antiquities-of-mexico/antiquities-of-mexico-00037.jpg,3243,2944,,human-animal-hybrid
3e7ec028-0841-4362-907e-c73c10b3272a,"Facsimile of the Codex Vindobonensis, ca. late 15th or early 16th century",Agostino Aglio,1831–48,/collections/antiquities-of-mexico/antiquities-of-mexico-00038.jpg,3361,2992,,human-animal-hybrid
60deb0bf-afea-491d-8d71-0d525e34b651,"Facsimile of the Codex Vindobonensis, ca. late 15th or early 16th century",Agostino Aglio,1831–48,/collections/antiquities-of-mexico/antiquities-of-mexico-00039.jpg,3386,3006,,human-animal-hybrid
f3e715a2-9a4a-49d6-bec2-c5a930d1985b,"Facsimile of the Codex Vindobonensis, ca. late 15th or early 16th century",Agostino Aglio,1831–48,/collections/antiquities-of-mexico/antiquities-of-mexico-00040.jpg,3402,2926,,human-animal-hybrid
7b5a52c3-9e9a-4e4c-a547-f1b0366b9c91,"Facsimile of the Codex Vindobonensis, ca. late 15th or early 16th century",Agostino Aglio,1831–48,/collections/antiquities-of-mexico/antiquities-of-mexico-00041.jpg,3503,2996,,"human-animal-hybrid,serpents"
98aa178e-fda4-4143-8fb2-4dd6dc96c7c5,"Facsimile of the Codex Vindobonensis, ca. late 15th or early 16th century",Agostino Aglio,1831–48,/collections/antiquities-of-mexico/antiquities-of-mexico-00042.jpg,3565,3021,,human-animal-hybrid
10c14492-2f39-4263-b7b7-26c702837f04,"Facsimile of the Codex Vindobonensis, ca. late 15th or early 16th century",Agostino Aglio,1831–48,/collections/antiquities-of-mexico/antiquities-of-mexico-00043.jpg,3470,2899,,human-animal-hybrid
14bc8b6a-44e7-497d-af30-07de0dc9cc5e,"Facsimile of the Codex Vindobonensis, ca. late 15th or early 16th century",Agostino Aglio,1831–48,/collections/antiquities-of-mexico/antiquities-of-mexico-00045.jpg,3395,2885,,human-animal-hybrid
28cfc67c-3b46-4115-9941-5e6954f5988d,"Facsimile of the Codex Borgia, ca. 16th century",Agostino Aglio,1831–48,/collections/antiquities-of-mexico/antiquities-of-mexico-00050.jpg,3588,3461,,human-animal-hybrid
863bcdd6-76f7-45f1-a3c1-89ec886a2b52,"Facsimile of the Codex Borgia, ca. 16th century",Agostino Aglio,1831–48,/collections/antiquities-of-mexico/antiquities-of-mexico-00051.jpg,3422,3460,,human-animal-hybrid
9f5b0e15-a739-4cb6-bfe8-d554acf44f0b,"Facsimile of the Codex Borgia, ca. 16th century",Agostino Aglio,1831–48,/collections/antiquities-of-mexico/antiquities-of-mexico-00052.jpg,3517,3484,,human-animal-hybrid
aaf9d6d7-f013-48ed-a04f-14ef19c53ba2,"Facsimile of the Codex Borgia, ca. 16th century",Agostino Aglio,1831–48,/collections/antiquities-of-mexico/antiquities-of-mexico-00053.jpg,3561,3558,,human-animal-hybrid
e819cca1-80a0-4fee-be64-313ab1281e99,"Facsimile of the Codex Borgia, ca. 16th century",Agostino Aglio,1831–48,/collections/antiquities-of-mexico/antiquities-of-mexico-00054.jpg,3405,3419,,human-animal-hybrid
bd47effd-8317-4e3c-9697-7d94f2db0996,"Facsimile of the Codex Borgia, ca. 16th century",Agostino Aglio,1831–48,/collections/antiquities-of-mexico/antiquities-of-mexico-00055.jpg,3625,3670,,human-animal-hybrid
b9527ee9-bdc3-49fc-bc6b-1f21735a61f3,"Facsimile of the Codex Borgia, ca. 16th century",Agostino Aglio,1831–48,/collections/antiquities-of-mexico/antiquities-of-mexico-00056.jpg,3399,3417,,human-animal-hybrid
3d68bf4d-ca84-4b50-b3fb-998836682b03,"Facsimile of the Codex Borgia, ca. 16th century",Agostino Aglio,1831–48,/collections/antiquities-of-mexico/antiquities-of-mexico-00057.jpg,3406,3537,,human-animal-hybrid
8b172087-75d0-4f20-bf06-56d5a286fc13,"Facsimile of the Codex Borgia, ca. 16th century",Agostino Aglio,1831–48,/collections/antiquities-of-mexico/antiquities-of-mexico-00058.jpg,3356,3391,,human-animal-hybrid
a2c7d1ea-88d4-414b-82b7-89df14159bae,"Facsimile of the Codex Borgia, ca. 16th century",Agostino Aglio,1831–48,/collections/antiquities-of-mexico/antiquities-of-mexico-00059.jpg,3505,3595,,human-animal-hybrid
ac95201e-dc3a-4e7d-abbb-fe40b98fbbb3,"Facsimile of the Codex Borgia, ca. 16th century",Agostino Aglio,1831–48,/collections/antiquities-of-mexico/antiquities-of-mexico-00060.jpg,3572,3667,,human-animal-hybrid
ef93dd66-6d18-4b72-b378-5fd2781efad6,"Facsimile of the Codex Borgia, ca. 16th century",Agostino Aglio,1831–48,/collections/antiquities-of-mexico/antiquities-of-mexico-00061.jpg,3514,3591,,human-animal-hybrid
95eeaee3-2ba4-4162-8fb2-245c731aafcc,"Facsimile of the Codex Borgia, ca. 16th century",Agostino Aglio,1831–48,/collections/antiquities-of-mexico/antiquities-of-mexico-00062.jpg,3468,3392,,human-animal-hybrid
19dec29d-7b4b-4384-86f0-06d5d88ee2fd,"Facsimile of the Codex Borgia, ca. 16th century",Agostino Aglio,1831–48,/collections/antiquities-of-mexico/antiquities-of-mexico-00063.jpg,3382,3316,,human-animal-hybrid
6a8f6240-f5db-4055-b593-39099477904c,"Facsimile of the Codex Borgia, ca. 16th century",Agostino Aglio,1831–48,/collections/antiquities-of-mexico/antiquities-of-mexico-00064.jpg,3345,3383,,human-animal-hybrid
53a3ae92-4cf6-435e-8c31-b9767630dc90,"Facsimile of the Codex Borgia, ca. 16th century",Agostino Aglio,1831–48,/collections/antiquities-of-mexico/antiquities-of-mexico-00065.jpg,3415,3282,,"human-animal-hybrid,serpents"
2db258f2-629a-4509-8ea5-4a804a265eb2,"Facsimile of the Dresden Codex, ca. 1200–1250",Agostino Aglio,1831–48,/collections/antiquities-of-mexico/antiquities-of-mexico-00066.jpg,3413,2723,,human-animal-hybrid
9fa96c9f-48e0-48ce-b26f-8c785c865fa9,"Facsimile of the Dresden Codex, ca. 1200–1250",Agostino Aglio,1831–48,/collections/antiquities-of-mexico/antiquities-of-mexico-00067.jpg,3540,2759,,human-animal-hybrid
759ff4af-a4b0-4363-9040-fdd81a8ab6fb,"Facsimile of the Dresden Codex, ca. 1200–1250",Agostino Aglio,1831–48,/collections/antiquities-of-mexico/antiquities-of-mexico-00068.jpg,3522,2775,,human-animal-hybrid
980cdf34-a94d-4a9f-8a1f-aa954d4743a2,"Facsimile of the Dresden Codex, ca. 1200–1250",Agostino Aglio,1831–48,/collections/antiquities-of-mexico/antiquities-of-mexico-00069.jpg,3503,2738,,human-animal-hybrid
886c6092-a68d-493c-8639-0bfb3dbef4df,"Facsimile of the Dresden Codex, ca. 1200–1250",Agostino Aglio,1831–48,/collections/antiquities-of-mexico/antiquities-of-mexico-00070.jpg,3478,2790,,"human-animal-hybrid,serpents"
5c79eebf-f42d-420d-af52-c147d05d50cc,"Facsimile of the Codex Fejérváry-Mayer, ca. before 1521",Agostino Aglio,1831–48,/collections/antiquities-of-mexico/antiquities-of-mexico-00071.jpg,2320,2263,,human-animal-hybrid
7a51490a-15b4-4280-ac1c-a219fbbf9602,"Facsimile of the Codex Fejérváry-Mayer, ca. before 1521",Agostino Aglio,1831–48,/collections/antiquities-of-mexico/antiquities-of-mexico-00073.jpg,2158,2119,,human-animal-hybrid
00483263-dc86-4308-856e-1531fb9454dd,"Facsimile of the Codex Vaticanus B, ca. before 1596",Agostino Aglio,1831–48,/collections/antiquities-of-mexico/antiquities-of-mexico-00076.jpg,3764,3660,,human-animal-hybrid
c8579456-f539-4a53-94d5-dbb6ff634ce9,"Facsimile of the Codex Vaticanus B, ca. before 1596",Agostino Aglio,1831–48,/collections/antiquities-of-mexico/antiquities-of-mexico-00079.jpg,3739,3685,,"human-animal-hybrid,serpents"
488c0e48-edfc-491f-a198-dc0e31f943f2,,Agostino Aglio,1831–48,/collections/antiquities-of-mexico/AntiquitiesMexiv2King_thumb-3.jpg,960,850,,human-animal-hybrid
14e6b862-e24e-457e-9868-6feeca78b880,Vampyre,Henry L. Stephens,1851,/collections/comic-natural-history/stephens-natural-history-23.jpeg,3368,2113,,human-animal-hybrid
19ffd8c9-d20c-4ed5-9683-3b0e36d5a5c1,Butcher Birds,Henry L. Stephens,1851,/collections/comic-natural-history/stephens-natural-history-2.jpeg,2272,3388,,human-animal-hybrid
289e1645-60b8-48f6-a96c-7fac7b37db59,Wharf Rat,Henry L. Stephens,1851,/collections/comic-natural-history/stephens-natural-history-24.jpeg,3320,2300,,human-animal-hybrid
47714ebd-fd58-4a76-87b2-3bc2302b93ce,Same Old Coon,Henry L. Stephens,1851,/collections/comic-natural-history/stephens-natural-history-19.jpeg,2344,3460,,human-animal-hybrid
4f1e37d1-3ab6-43e8-94bc-e7861415277e,Son Fish / Sucker,Henry L. Stephens,1851,/collections/comic-natural-history/stephens-natural-history-20.jpeg,2992,2220,,human-animal-hybrid
5d70be4a-24b7-4434-8601-bc441c9f552e,Gold Fish,Henry L. Stephens,1851,/collections/comic-natural-history/stephens-natural-history-6.jpg,3174,2174,,human-animal-hybrid
534d2a96-bc4f-40c7-a6e5-364ece96aea7,Gallows Bird,Henry L. Stephens,1851,/collections/comic-natural-history/stephens-natural-history-4.jpeg,2217,2920,,human-animal-hybrid
6e304d78-c7c9-4081-87b5-5e8381aaff59,Humming Bird,Henry L. Stephens,1851,/collections/comic-natural-history/stephens-natural-history-9.jpg,2261,3049,,human-animal-hybrid
6cc51b6d-5603-462a-b580-ecfd010f349b,Milliner Bird,Henry L. Stephens,1851,/collections/comic-natural-history/stephens-natural-history-15.jpeg,2248,2948,,human-animal-hybrid
776fad3b-56c0-4752-a5a7-d48d219986f7,Little Dear,Henry L. Stephens,1851,/collections/comic-natural-history/stephens-natural-history-13.jpeg,2084,3132,,human-animal-hybrid
752aaddb-dd01-4a77-a838-6d94e42f135d,Jail Bird,Henry L. Stephens,1851,/collections/comic-natural-history/stephens-natural-history-10.jpeg,2124,2652,,human-animal-hybrid
71da26f6-38b3-4981-941c-68c3aebdab58,Gudgeon Shark,Henry L. Stephens,1851,/collections/comic-natural-history/stephens-natural-history-7.jpeg,3003,1977,,human-animal-hybrid
890a652b-866c-4413-ab72-5da803d4fe92,Widow Bird,Henry L. Stephens,1851,/collections/comic-natural-history/stephens-natural-history-25.jpeg,2204,3040,,human-animal-hybrid
9db9f5aa-39ee-4c87-86a0-5121c6ff5ea2,One of the Rats,Henry L. Stephens,1851,/collections/comic-natural-history/stephens-natural-history-18.jpeg,2919,2078,,human-animal-hybrid
9bb6bb58-ce4d-4ce6-98b6-699ef42d4cb2,Lark,Henry L. Stephens,1851,/collections/comic-natural-history/stephens-natural-history-12.jpeg,2368,3184,,human-animal-hybrid
9a140eea-5c97-467f-8602-914d6a7a352f,Hum-Bug,Henry L. Stephens,1851,/collections/comic-natural-history/stephens-natural-history-8.jpg,2092,3072,,human-animal-hybrid
02f79a99-05bf-4c2c-b48a-b62328458502,Woodpecker,Henry L. Stephens,1851,/collections/comic-natural-history/stephens-natural-history-26.jpg,2326,3234,,human-animal-hybrid
0166d794-9bec-482c-a9ed-eacfb394f595,Giraffe,Henry L. Stephens,1851,/collections/comic-natural-history/stephens-natural-history-5.jpg,2160,3200,,human-animal-hybrid
afc169d0-94b1-4ed7-acc0-1d30e6e608f5,King Bird,Henry L. Stephens,1851,/collections/comic-natural-history/stephens-natural-history-11.jpg,2292,3456,,human-animal-hybrid
ab8f07f0-69a9-4d66-acc0-ed8cfd329c96,Alms House Bird,Henry L. Stephens,1851,/collections/comic-natural-history/stephens-natural-history-1.jpeg,2243,3312,,human-animal-hybrid
a870aa6c-d273-4ef1-9910-33e75b6a599c,The Comic Natural History,Henry L. Stephens,1851,/collections/comic-natural-history/stephens-natural-history-22.jpg,2562,3996,,human-animal-hybrid
b6243058-9f84-4cec-91f0-95a17afd7194,Night Hawk,Henry L. Stephens,1851,/collections/comic-natural-history/stephens-natural-history-16.jpeg,2296,3172,,human-animal-hybrid
be7e0cf7-6b5c-43aa-b91b-a90c1b9808f7,Mac-Arel,Henry L. Stephens,1851,/collections/comic-natural-history/stephens-natural-history-14.jpeg,2856,1896,,human-animal-hybrid
d54c3df7-2929-48a7-8bc0-6ffd2d62212d,Old Shad & Young,Henry L. Stephens,1851,/collections/comic-natural-history/stephens-natural-history-17.jpeg,3356,2120,,human-animal-hybrid
f85acb95-f0a6-4921-b4b3-a8c57d1a5d07,Sun Bird,Henry L. Stephens,1851,/collections/comic-natural-history/stephens-natural-history-21.jpg,2360,3312,,human-animal-hybrid
f061bbad-3285-41f2-926b-60db1fca37c4,Catamaran Speel's Owl,Henry L. Stephens,1851,/collections/comic-natural-history/stephens-natural-history-3.jpg,2272,3260,,human-animal-hybrid
07affc7e-ea07-4366-bc31-35ac5cdcb244,Vegetable lamb,,1481,/essays/animal-vegetable-lamb/02-vegetable-lamb-mandeville.jpg,1260,1266,,"animal-hybrid,fantastical-creatures,hybrid-figures,mythological-creatures"
f2f156eb-2c9f-454d-80ce-4480df9f8db9,Vegetable lamb,,1725,/essays/animal-vegetable-lamb/03-voiagetravayleof00mand_0302-edit.jpg,1167,1194,,"animal-hybrid,fantastical-creatures,hybrid-figures,mythological-creatures"
403c5d67-0b8e-4678-b697-af7b2d56d13b,Vegetable lamb,,1605,/essays/animal-vegetable-lamb/04-vegetable-lamb-duret.jpg,1429,1032,,"animal-hybrid,fantastical-creatures,hybrid-figures,mythological-creatures"
a586101b-4a05-4379-9d11-6f0cb259b23c,Illustration featuring 'Planta Tartarica Boromez' and other vegetal creatures,,1696,/essays/animal-vegetable-lamb/05-speculaphysicoma00zahn_0935-edit.jpg,1627,2612,,"animal-hybrid,fantastical-creatures,hybrid-figures,mythological-creatures"
e33ccbc2-398e-4fc1-89cd-745a1c07a34e,Frontispiece depicting the Garden of Eden,Christopher Switzer,1629,/essays/animal-vegetable-lamb/07-Paradisi-in-sole-Paradisius-Terrestris.jpg,2695,4307,,"animal-hybrid,fantastical-creatures,hybrid-figures,mythological-creatures"
367e46ab-8136-4a6a-9117-8f48d25d9312,"Rhizome of a fern, shaped by the Chinese to represent a tan-coloured dog",,1887,/essays/animal-vegetable-lamb/09-vegetablelamboft00leehrich_0041-edit.jpg,3536,1984,,"animal-hybrid,fantastical-creatures,hybrid-figures,mythological-creatures"
fe235f57-bf33-49f0-b579-11e065d7748f,Barometz or Agnus Scythycus,William Hibbart,1791,/essays/animal-vegetable-lamb/10-b28760086_0008-edit.jpg,3792,2388,,"animal-hybrid,fantastical-creatures,hybrid-figures,mythological-creatures"
fa48236d-f2e5-4126-ae48-1a76f776e0ae,Agnus scythycus borometz,Elizabeth Blackwell,1750–1773,/essays/animal-vegetable-lamb/11-mobot31753000818994_0524-edit.jpg,2998,2954,,"animal-hybrid,fantastical-creatures,hybrid-figures,mythological-creatures"
200877e8-385c-4637-b456-08a890589252,"Mythical animals, including a vegetable lamb",,1801,/essays/animal-vegetable-lamb/12-bertuch1801bd1_0189-edit.jpg,2196,1764,,"animal-hybrid,dragons,fantastical-creatures,hybrid-figures,mythological-creatures"
c64a09ce-9be5-42f1-ab38-d002fa1abdd8,Miniature of the Bal des Ardents,Master of the Harley Froissart,ca. 1470–72,/essays/fear-and-fragility-the-glass-delusion-and-its-history/02-Le_Bal_des_Ardents.jpg,1288,960,,hybrid-figures
37389348-f644-4061-8790-775d16affbc5,,,ca. 1350,/collections/jacob-van-maerlant-der-naturen-bloeme/der-naturen-bloeme-00039.jpeg,791,638,,"bestiary,hybrid-figures"
6b4c2044-6f6e-4063-9a3d-1fd7b11e58e5,,,ca. 1350,/collections/jacob-van-maerlant-der-naturen-bloeme/der-naturen-bloeme-00046.jpeg,812,527,,"bestiary,hybrid-figures"
b8873d57-fa1a-45dd-b586-64b97cb0e9ca,,,ca. 1350,/collections/jacob-van-maerlant-der-naturen-bloeme/der-naturen-bloeme-00049.jpeg,743,759,,"bestiary,hybrid-figures"
629e7777-0656-45ca-830a-a24d88c7f3d7,"Carved gem stone the Siren, thought to hail from ancient Naples.",Filippo Palizzi,1778,/collections/curiosities-from-the-museum-of-giovanni-carafa-1778/26098549528_3f0a0eb8ae_b.jpg,650,939,,hybrid-figures
db44a7b0-4300-4bd8-84e4-b1875f0e4093,"Ring shaped gem depicting a hybrid figure, a mix of a butterfly and a male youth.",Filippo Palizzi,1778,/collections/curiosities-from-the-museum-of-giovanni-carafa-1778/39073185565_c6a132fe72_b.jpg,650,915,,hybrid-figures
1a62508f-b10c-4e2d-9217-680c582e0f0c,Bonnacon,,ca. 1175,/collections/bonnacons/bonnacon-6.jpg,3718,2652,,bestiary
874939de-b92c-42b0-8535-356ab30611a8,Bonnacon,,ca. 1450,/collections/bonnacons/bonnacon-11.jpg,1197,742,,bestiary
802148ee-fa15-42f0-ac0b-01983826d960,Bonnacon,,ca. 1260,/collections/bonnacons/bonnacon-9.jpg,1542,1218,,bestiary
a117a3cf-f145-4f69-908f-2b5cf4dc963a,Bonnacon,,ca. 1230,/collections/bonnacons/bonnacon-8.jpg,1632,1568,,bestiary
dc0f37ec-6c48-4694-9d5c-25896d0621a5,Bonnacon,,ca. 1500,/collections/bonnacons/bonnacon-14.jpg,1824,2324,,bestiary
dfef5a79-4073-4df0-88f0-1fff59fcfa20,Bonnacon,,ca. 1200,/collections/bonnacons/bonnacon-7.jpg,1500,1056,,bestiary
183d9acc-acee-47c5-b8a0-247f75da6b70,,,ca. 1350,/collections/jacob-van-maerlant-der-naturen-bloeme/der-naturen-bloeme-00011.jpeg,803,513,,bestiary
14ddbde5-514b-4efa-bc9b-c4a77718e596,,,ca. 1350,/collections/jacob-van-maerlant-der-naturen-bloeme/der-naturen-bloeme-00010.jpeg,746,550,,bestiary
1240536b-8a10-439f-b28d-8107acf9b7a6,,,ca. 1350,/collections/jacob-van-maerlant-der-naturen-bloeme/der-naturen-bloeme-00006.jpeg,792,515,,bestiary
148a9fe0-a9ab-44dc-91c9-190d56a87127,,,ca. 1350,/collections/jacob-van-maerlant-der-naturen-bloeme/der-naturen-bloeme-00005.jpeg,735,702,,bestiary
2610007b-8d8c-456e-892f-f6e14209cdee,,,ca. 1350,/collections/jacob-van-maerlant-der-naturen-bloeme/der-naturen-bloeme-00054.jpeg,796,498,,bestiary
26f51d2b-df57-4184-acf9-8b1522b7882b,,,ca. 1350,/collections/jacob-van-maerlant-der-naturen-bloeme/der-naturen-bloeme-00050.jpeg,871,768,,bestiary
225b2d79-45a1-49ef-b02b-1221ef462195,,,ca. 1350,/collections/jacob-van-maerlant-der-naturen-bloeme/der-naturen-bloeme-00035.jpeg,737,717,,bestiary
29354f54-0eb0-4d68-990b-440d292043fa,,,ca. 1350,/collections/jacob-van-maerlant-der-naturen-bloeme/der-naturen-bloeme-00022.jpeg,801,694,,bestiary
23f06c07-3468-407e-99d3-d3ee58c8b5d1,,,ca. 1350,/collections/jacob-van-maerlant-der-naturen-bloeme/der-naturen-bloeme-00016.jpeg,776,583,,bestiary
2e1a8943-7bda-4733-8fe3-3a1dc94a6760,,,ca. 1350,/collections/jacob-van-maerlant-der-naturen-bloeme/der-naturen-bloeme-00013.jpeg,738,475,,bestiary
387772a0-51f6-44c7-bcd9-662f0550cc42,,,ca. 1350,/collections/jacob-van-maerlant-der-naturen-bloeme/der-naturen-bloeme-00062.jpeg,755,454,,bestiary
30e0c57f-bcf7-4035-bdde-c5868ca45b9a,,,ca. 1350,/collections/jacob-van-maerlant-der-naturen-bloeme/der-naturen-bloeme-00061.jpeg,744,454,,bestiary
35c5c10b-4829-489c-864f-a427d7a2fa21,,,ca. 1350,/collections/jacob-van-maerlant-der-naturen-bloeme/der-naturen-bloeme-00024.jpeg,735,640,,bestiary
30d968a8-e874-4912-8db8-1b9baeb8f4cf,,,ca. 1350,/collections/jacob-van-maerlant-der-naturen-bloeme/der-naturen-bloeme-00014.jpeg,817,673,,bestiary
34a296b3-2e5b-4f5b-9137-be815a549451,,,ca. 1350,/collections/jacob-van-maerlant-der-naturen-bloeme/der-naturen-bloeme-00009.jpeg,795,690,,bestiary
468152b2-ad2b-4d03-987c-e0ed772bf856,,,ca. 1350,/collections/jacob-van-maerlant-der-naturen-bloeme/der-naturen-bloeme-00051.jpeg,747,508,,bestiary
52b88da7-d0c9-4b5e-9f5e-e7bc760d9914,,,ca. 1350,/collections/jacob-van-maerlant-der-naturen-bloeme/der-naturen-bloeme-00056.jpeg,766,426,,bestiary
5fbe2a77-0876-456a-9d8e-c4ff4ee3d3de,,,ca. 1350,/collections/jacob-van-maerlant-der-naturen-bloeme/der-naturen-bloeme-00029.jpeg,779,643,,bestiary
51780418-0c8f-4ebb-a88e-aa392c87d900,,,ca. 1350,/collections/jacob-van-maerlant-der-naturen-bloeme/der-naturen-bloeme-00012.jpeg,768,503,,bestiary
67fbfd9f-73a5-4fc1-9281-c07a6cd23530,,,ca. 1350,/collections/jacob-van-maerlant-der-naturen-bloeme/der-naturen-bloeme-00055.jpeg,741,512,,bestiary
6e3bae01-f570-4d8c-9b51-838646da2be3,,,ca. 1350,/collections/jacob-van-maerlant-der-naturen-bloeme/der-naturen-bloeme-00045.jpeg,807,647,,bestiary
6f3c3152-453c-4c0b-ada2-7dce33ff5309,,,ca. 1350,/collections/jacob-van-maerlant-der-naturen-bloeme/der-naturen-bloeme-00044.jpeg,772,512,,bestiary
767314c8-7b02-46f7-a831-ac91980718eb,,,ca. 1350,/collections/jacob-van-maerlant-der-naturen-bloeme/der-naturen-bloeme-00036.jpeg,804,516,,bestiary
88b8ebbe-d0bb-48e6-9a1c-ccac0ad49446,,,ca. 1350,/collections/jacob-van-maerlant-der-naturen-bloeme/der-naturen-bloeme-00057.jpeg,729,520,,bestiary
8ed37afd-8277-4040-bf1f-0d35cd0d2865,,,ca. 1350,/collections/jacob-van-maerlant-der-naturen-bloeme/der-naturen-bloeme-00041.jpeg,847,631,,bestiary
8f6f9aca-b63a-4bc6-9320-5a0a09ca7649,,,ca. 1350,/collections/jacob-van-maerlant-der-naturen-bloeme/der-naturen-bloeme-00031.jpeg,731,702,,bestiary
8c77895c-5429-4246-bdab-246512c5f5e5,,,ca. 1350,/collections/jacob-van-maerlant-der-naturen-bloeme/der-naturen-bloeme-00027.jpeg,792,787,,bestiary
84da8220-6431-4dc2-b0a8-02c0ed6b685b,,,ca. 1350,/collections/jacob-van-maerlant-der-naturen-bloeme/der-naturen-bloeme-00026.jpeg,834,477,,bestiary
88d0b3e7-3dae-45f3-aa58-b820e724a0aa,,,ca. 1350,/collections/jacob-van-maerlant-der-naturen-bloeme/der-naturen-bloeme-00023.jpeg,764,690,,bestiary
9a67b01b-05c1-458f-8e62-7d22183e6d1b,,,ca. 1350,/collections/jacob-van-maerlant-der-naturen-bloeme/flower-of-nature-thumb.jpg,1178,857,,bestiary
953a75bc-85e3-4bcc-91d2-f31191e0ab5c,,,ca. 1350,/collections/jacob-van-maerlant-der-naturen-bloeme/der-naturen-bloeme-00059.jpeg,701,429,,bestiary
98988741-7512-4470-865e-2cbed564103b,,,ca. 1350,/collections/jacob-van-maerlant-der-naturen-bloeme/der-naturen-bloeme-00047.jpeg,754,574,,bestiary
9aaeb966-920d-443f-9799-aa284734f0ce,,,ca. 1350,/collections/jacob-van-maerlant-der-naturen-bloeme/der-naturen-bloeme-00021.jpeg,796,496,,bestiary
068cdaa4-ce54-46bd-b033-f28acec6bba8,,,ca. 1350,/collections/jacob-van-maerlant-der-naturen-bloeme/der-naturen-bloeme-00043.jpeg,731,656,,bestiary
09bc662b-9cdc-416f-abd5-ec3cfe38c279,,,ca. 1350,/collections/jacob-van-maerlant-der-naturen-bloeme/der-naturen-bloeme-00007.jpeg,750,657,,bestiary
a5e2fed8-3665-404b-a8ff-a8c18de039f7,,,ca. 1350,/collections/jacob-van-maerlant-der-naturen-bloeme/der-naturen-bloeme-00030.jpeg,847,904,,bestiary
a20b6960-ae44-4bb7-86ea-741138bc53c0,,,ca. 1350,/collections/jacob-van-maerlant-der-naturen-bloeme/der-naturen-bloeme-00018.jpeg,764,395,,bestiary
ad21c763-1cba-4497-a1b3-fe5883d4affe,,,ca. 1350,/collections/jacob-van-maerlant-der-naturen-bloeme/der-naturen-bloeme-00003.jpeg,791,558,,bestiary
b7029fba-6951-41b1-9239-9ad8a021f324,,,ca. 1350,/collections/jacob-van-maerlant-der-naturen-bloeme/der-naturen-bloeme-00048.jpeg,832,668,,bestiary
b02e6a28-ca00-447e-901c-9b9887c4e434,,,ca. 1350,/collections/jacob-van-maerlant-der-naturen-bloeme/der-naturen-bloeme-00025.jpeg,752,565,,bestiary
b96dc2c0-ab9f-4fe4-b8bc-d0fa66d80acd,,,ca. 1350,/collections/jacob-van-maerlant-der-naturen-bloeme/der-naturen-bloeme-00020.jpeg,725,556,,bestiary
c1bc1c46-ebe7-4db1-8fbe-6ee895c189ae,,,ca. 1350,/collections/jacob-van-maerlant-der-naturen-bloeme/der-naturen-bloeme-00060.jpeg,727,461,,bestiary
c0e0a3f4-b41f-4ccc-87b3-d850caa8acb6,,,ca. 1350,/collections/jacob-van-maerlant-der-naturen-bloeme/der-naturen-bloeme-00019.jpeg,766,766,,bestiary
c791a37d-24a4-4c35-8616-4f3a8e93190d,,,ca. 1350,/collections/jacob-van-maerlant-der-naturen-bloeme/der-naturen-bloeme-00017.jpeg,768,562,,bestiary
d05cc7da-edc4-4d4a-91e3-f08008b7a413,,,ca. 1350,/collections/jacob-van-maerlant-der-naturen-bloeme/der-naturen-bloeme-00042.jpeg,774,597,,bestiary
d0396005-335d-4b7d-a293-991c46197997,,,ca. 1350,/collections/jacob-van-maerlant-der-naturen-bloeme/der-naturen-bloeme-00038.jpeg,779,570,,bestiary
dd47834d-58e0-4426-bf92-d975598edd80,,,ca. 1350,/collections/jacob-van-maerlant-der-naturen-bloeme/der-naturen-bloeme-00037.jpeg,1374,810,,bestiary
d503cbe8-89a5-43c7-a62b-e9cd3b6cf475,,,ca. 1350,/collections/jacob-van-maerlant-der-naturen-bloeme/der-naturen-bloeme-00033.jpeg,764,488,,bestiary
e06d4652-dc7f-4132-bb99-c63539bdb5d7,,,ca. 1350,/collections/jacob-van-maerlant-der-naturen-bloeme/der-naturen-bloeme-00053.jpeg,751,512,,bestiary
ebf52cfd-95b0-4def-a6a8-22f8c458cfd5,,,ca. 1350,/collections/jacob-van-maerlant-der-naturen-bloeme/der-naturen-bloeme-00034.jpeg,737,437,,bestiary
fe001c0d-2c26-4f61-87e3-5063e343a7a8,,,ca. 1350,/collections/jacob-van-maerlant-der-naturen-bloeme/der-naturen-bloeme-00052.jpeg,737,561,,bestiary
f17a45e7-d549-4c3a-8125-16daff621e52,,,ca. 1350,/collections/jacob-van-maerlant-der-naturen-bloeme/der-naturen-bloeme-00040.jpeg,820,569,,bestiary
faa252cd-2254-4463-a52e-2f3e7f3820a3,,,ca. 1350,/collections/jacob-van-maerlant-der-naturen-bloeme/der-naturen-bloeme-00032.jpeg,814,648,,bestiary
fba334fd-9637-4172-b7e9-5d099f4b2d74,,,ca. 1350,/collections/jacob-van-maerlant-der-naturen-bloeme/der-naturen-bloeme-00028.jpeg,813,500,,bestiary
ff4e658e-a998-4a7a-99e4-e9bc7d4deb73,,,ca. 1350,/collections/jacob-van-maerlant-der-naturen-bloeme/der-naturen-bloeme-00015.jpeg,735,574,,bestiary
34e09537-cc8c-4ecc-9f48-95ba3db6b3f9,Whale Washed up on the Shore of Berckhey near Scheveningen in Holland in 1598,Hendrick Goltzius; Jacob Matham,1598,/essays/a-bestiary-of-sir-thomas-browne/18117552224_24d8366de6_o.jpg,800,597,,bestiary
3bdeb312-c106-4412-94e8-cc8225a9bab3,Of the Unicorn,Edward Topsell,1658,/essays/a-bestiary-of-sir-thomas-browne/18740195145_9c69a43b80_o.png,645,500,,bestiary
506e3186-1f0c-438a-8dcb-249af62f2991,Of the Badger,Edward Topsell,1658,/essays/a-bestiary-of-sir-thomas-browne/18552421968_f3d99e7d01_o.png,639,389,,bestiary
8b363634-e202-46df-ae87-3d366b2d75b4,Manticore,,13th century,/essays/a-bestiary-of-sir-thomas-browne/18703957409_9715232332_c.jpg,800,798,,bestiary
04cbe61a-e838-4320-9324-b4444017039e,"The “quincunx” pattern, with accompanying Latin inscription.",Thomas Browne,1658,/essays/a-bestiary-of-sir-thomas-browne/18740188685_43becfc1c4_o.jpg,702,993,,bestiary
9cf88efd-aebe-451b-b186-ee77537eb91f,Three Graces,Maria Catharina Prestel; Bartholomeus Spranger,1782,/collections/maria-catharina-prestel/maria-catharina-prestel-00011.jpg,2672,4100,,creatures
74176e80-27a8-437e-bf4a-29108462f0f7,,,1855,/collections/earthquakes-in-japanese-woodblock-prints/NDL-DC-10.jpg,4793,3260,,creatures
4fe3c8be-52ca-46e8-a76f-2e746895b9ab,Atlas Moth,Anonymous,ca. 1615,/shop/nov-2023-prints-00050.jpg,874,1200,,creatures
a8de04c0-ad73-4fd0-bb79-e0fe48e8a8ce,Christ in Limbo,Pieter van der Heyden after Pieter Bruegel (I),ca. 1560,/shop/nov-2023-prints-00044.jpg,1200,965,,creatures
43cbe9d3-ccb2-44fe-929d-b6c3f3e957fe,Basketry Work: By the Craftsman Ichida Shōshichirō of Naniwa,Utagawa Kunisada,1819,/shop/nov-2023-prints-00008.jpg,865,1200,,creatures
1546d755-673b-4796-821b-2c53e2937276,“The man has never lived that can feed us ever”,C. P. Cranch,ca. 1837–9,/collections/cranch-new-philosophy/cranch-philosophy-8.jpg,2400,987,,creatures
6b3862b4-a89a-4a6a-9cc4-291c67441900,Avarice,James Ensor,ca. 1904,/collections/ensor-sins/ensor-sins-avarice-edit.jpg,1500,1029,,creatures
170df026-6380-4deb-8762-4db3079c97fd,,Edouard Joseph d’Alton,1821–1838,/collections/comparative-osteology/vergleichendeOs00Pand_0197.jpg,1754,1281,,creatures
194b754c-e452-420a-84e8-d09d30c9c27a,,Edouard Joseph d’Alton,1821–1838,/collections/comparative-osteology/vergleichendeOs00Pand_0075.jpg,1791,1296,,creatures
23b86ba4-efba-4d14-a41c-9ab06d8ae770,,Edouard Joseph d’Alton,1821–38,/collections/comparative-osteology/vergleichendeOs00Pand_0277.jpg,1744,1270,,creatures
2320de75-7020-46be-994b-ce52ba446fe6,,Edouard Joseph d’Alton,1821–38,/collections/comparative-osteology/vergleichendeOs00Pand_0209.jpg,1754,1281,,creatures
272352ed-7ca7-47ed-92d3-ce70bf5217e9,,Edouard Joseph d’Alton,1821–38,/collections/comparative-osteology/vergleichendeOs00Pand_0173.jpg,1748,1288,,creatures
39eb185d-74a9-4840-9940-0b0b9acd8a1b,,Edouard Joseph d’Alton,1821–1838,/collections/comparative-osteology/vergleichendeOs00Pand_0175.jpg,1748,1288,,creatures
449270d0-7ca7-4c42-b488-ba792ae55a70,,Edouard Joseph d’Alton,1821–38,/collections/comparative-osteology/vergleichendeOs00Pand_0475.jpg,1255,1719,,creatures
49648129-e4ac-401e-920c-eb1c6ba74323,,Edouard Joseph d’Alton,1821–38,/collections/comparative-osteology/vergleichendeOs00Pand_0403.jpg,3435,2509,,creatures
422384d6-4fdd-4639-9f0f-acd04b5a22c3,,Edouard Joseph d’Alton,1821–38,/collections/comparative-osteology/vergleichendeOs00Pand_0101.jpg,1770,1290,,creatures
5931c603-fde9-4647-9929-55fbca608208,,Edouard Joseph d’Alton,1821–38,/collections/comparative-osteology/vergleichendeOs00Pand_0347.jpg,3431,2530,,creatures
5390e0e1-8dd8-4349-b1ba-ecac56077dac,,Edouard Joseph d’Alton,1821–38,/collections/comparative-osteology/vergleichendeOs00Pand_0323.jpg,1741,1274,,creatures
50e64b95-a12b-44a1-ac0d-9ac709a1d24a,,Edouard Joseph d’Alton,1821–38,/collections/comparative-osteology/vergleichendeOs00Pand_0297.jpg,3499,2550,,creatures
58262115-ab6b-4509-ae4a-5d2887b2be66,,Edouard Joseph d’Alton,1821–38,/collections/comparative-osteology/vergleichendeOs00Pand_0267.jpg,1762,1270,,creatures
56e71a08-9d72-4631-b878-577ab053efe6,,Edouard Joseph d’Alton,1821–38,/collections/comparative-osteology/vergleichendeOs00Pand_0069.jpg,1779,1305,,creatures
6a2a8336-e5a4-4d93-8a7a-1bb12350e3cd,,Edouard Joseph d’Alton,1821–38,/collections/comparative-osteology/vergleichendeOs00Pand_0403-featured.jpg,1600,1134,,creatures
62aa90ca-f0d1-4919-bc3c-8d0c33512c04,,Edouard Joseph d’Alton,1821–38,/collections/comparative-osteology/vergleichendeOs00Pand_0405.jpg,3435,2509,,creatures
670e5aa4-f2f2-4056-8b38-1b7f718972a4,,Edouard Joseph d’Alton,1821–38,/collections/comparative-osteology/vergleichendeOs00Pand_0241.jpg,1740,1268,,creatures
7e0d7d89-ac33-4af2-be5b-e234f5a64e47,,Edouard Joseph d’Alton,1821–38,/collections/comparative-osteology/vergleichendeOs00Pand_0477.jpg,1255,1719,,creatures
7bdbbc6d-b986-4cb3-9122-26e85540e2a9,,Edouard Joseph d’Alton,1821–38,/collections/comparative-osteology/vergleichendeOs00Pand_0345.jpg,1265,1716,,creatures
75b07a38-568e-41eb-9083-f48437f94a62,,Edouard Joseph d’Alton,1821–38,/collections/comparative-osteology/vergleichendeOs00Pand_0201.jpg,1754,1281,,creatures
853b9cf9-c327-42ac-affc-1e2141c53f25,,Edouard Joseph d’Alton,1821–38,/collections/comparative-osteology/vergleichendeOs00Pand_0167.jpg,1748,1288,,creatures
8433beb7-bc94-47f2-9c23-fe966dc7ae42,,Edouard Joseph d’Alton,1821–38,/collections/comparative-osteology/vergleichendeOs00Pand_0141.jpg,3507,2571,,creatures
968437c7-7fca-48a0-ad2e-244ab669b6b8,,Edouard Joseph d’Alton,1821–1838,/collections/comparative-osteology/vergleichendeOs00Pand_0349.jpg,3431,2530,,creatures
94631fc7-e4f9-4043-849e-dfc54fb46be5,,Edouard Joseph d’Alton,1821–1838,/collections/comparative-osteology/vergleichendeOs00Pand_0079.jpg,1772,1296,,creatures
00d9c42e-bafd-49aa-a8d9-df5d7cfea11c,,Edouard Joseph d’Alton,1821–1838,/collections/comparative-osteology/vergleichendeOs00Pand_0401.jpg,3435,2509,,creatures
0ff1fd09-c2c3-470a-8af8-5d700dbed19b,,Edouard Joseph d’Alton,1821–1838,/collections/comparative-osteology/vergleichendeOs00Pand_0321.jpg,1741,1274,,creatures
0ed63594-fe6c-42b2-9173-a3a8d5584d53,,Edouard Joseph d’Alton,1821–1838,/collections/comparative-osteology/vergleichendeOs00Pand_0293.jpg,3499,2550,,creatures
0575bdad-0282-433d-9e26-bb45b17238de,,Edouard Joseph d’Alton,1821–1838,/collections/comparative-osteology/vergleichendeOs00Pand_0243.jpg,1740,1268,,creatures
0a010d81-2c8a-4dcf-bb16-7ea3cdac0e3b,,Edouard Joseph d’Alton,1821–1838,/collections/comparative-osteology/vergleichendeOs00Pand_0239.jpg,1740,1268,,creatures
0866fc32-685a-4cd1-8e2d-2dbff2ecbcb3,,Edouard Joseph d’Alton,1821–1838,/collections/comparative-osteology/vergleichendeOs00Pand_0139.jpg,3507,2571,,creatures
aeb73435-e802-46c4-92d4-8d598f8873d8,,Edouard Joseph d’Alton,1821–38,/collections/comparative-osteology/vergleichendeOs00Pand_0263.jpg,1762,1270,,creatures
ad18b93a-6857-4b6a-94f6-e54d8b02e431,,Edouard Joseph d’Alton,1821–38,/collections/comparative-osteology/vergleichendeOs00Pand_0171.jpg,1748,1288,,creatures
addce8aa-f277-4c6e-98cb-1d5bd0264599,,Edouard Joseph d’Alton,1821–38,/collections/comparative-osteology/vergleichendeOs00Pand_0147.jpg,3507,2571,,creatures
ac61390d-63a0-421b-be3d-974c45f82a30,,Edouard Joseph d’Alton,1821–38,/collections/comparative-osteology/vergleichendeOs00Pand_0135.jpg,1288,1756,,creatures
a4963046-970a-47c3-b0ac-b1ddce847436,,Edouard Joseph d’Alton,1821–38,/collections/comparative-osteology/vergleichendeOs00Pand_0081.jpg,1772,1296,,creatures
b7e96661-86e3-47f0-b99a-054c2a83ba23,,Edouard Joseph d’Alton,1821–38,/collections/comparative-osteology/vergleichendeOs00Pand_0301.jpg,3499,2550,,creatures
b9546753-7d64-4a82-ab62-59a0edb45e48,,Edouard Joseph d’Alton,1821–38,/collections/comparative-osteology/vergleichendeOs00Pand_0233.jpg,1740,1262,,creatures
b088ae67-772b-4176-995c-1d1dd7e197b7,,Edouard Joseph d’Alton,1821–38,/collections/comparative-osteology/vergleichendeOs00Pand_0169.jpg,1748,1288,,creatures
bb6d0ed3-e953-4e10-8b36-c6642578f4c7,,Edouard Joseph d’Alton,1821–38,/collections/comparative-osteology/vergleichendeOs00Pand_0109.jpg,1770,1290,,creatures
cf36149a-68f6-43ce-87eb-5e40fa25c04e,,Edouard Joseph d’Alton,1821–38,/collections/comparative-osteology/vergleichendeOs00Pand_0473.jpg,1255,1719,,creatures
c02bbaab-1190-4e56-9ecd-b2710be0cfab,,Edouard Joseph d’Alton,1821–38,/collections/comparative-osteology/vergleichendeOs00Pand_0395.jpg,3435,2509,,creatures
c80f1817-3e9c-4ef1-98f9-9ae770159a6a,,Edouard Joseph d’Alton,1821–38,/collections/comparative-osteology/vergleichendeOs00Pand_0351.jpg,3431,2530,,creatures
c2173b68-6350-4304-8f44-bbd3f9881daa,,Edouard Joseph d’Alton,1821–38,/collections/comparative-osteology/vergleichendeOs00Pand_0275.jpg,1744,1270,,creatures
ca92d5e9-d19d-439d-91d8-593d3f9f98d1,,Edouard Joseph d’Alton,1821–38,/collections/comparative-osteology/vergleichendeOs00Pand_0271.jpg,1750,1270,,creatures
cb797165-a7a2-42a4-ae6c-b5c0a97f1f35,,Edouard Joseph d’Alton,1821–38,/collections/comparative-osteology/vergleichendeOs00Pand_0235.jpg,1740,1272,,creatures
c3a80e81-f157-4009-8279-ce32601bf550,,Edouard Joseph d’Alton,1821–38,/collections/comparative-osteology/vergleichendeOs00Pand_0205.jpg,1754,1281,,creatures
d8273ba1-2f01-45e9-84d5-878266e9e2c6,,Edouard Joseph d’Alton,1821–38,/collections/comparative-osteology/vergleichendeOs00Pand_0435.jpg,1255,1728,,creatures
d658a1d8-0149-4bd0-8c13-29107f152eff,,Edouard Joseph d’Alton,1821–38,/collections/comparative-osteology/vergleichendeOs00Pand_0429.jpg,1250,1726,,creatures
d62ffd75-9e07-40eb-9897-9043ce81196a,,Edouard Joseph d’Alton,1821–38,/collections/comparative-osteology/vergleichendeOs00Pand_0265.jpg,1762,1270,,creatures
dc57dfa3-b64f-4afb-91a7-3f69779813c2,,Edouard Joseph d’Alton,1821–38,/collections/comparative-osteology/vergleichendeOs00Pand_0177.jpg,1748,1288,,creatures
da3844f2-17f3-4507-8f06-f5647c7a3732,,Edouard Joseph d’Alton,1821–38,/collections/comparative-osteology/vergleichendeOs00Pand_0107.jpg,1770,1290,,creatures
e6dbc834-3942-435e-b070-089fc53b6427,,Edouard Joseph d’Alton,1821–38,/collections/comparative-osteology/vergleichendeOs00Pand_0231.jpg,1740,1279,,creatures
e00f3951-f88a-48b9-a66d-3cd5a92cae8e,,Edouard Joseph d’Alton,1821–38,/collections/comparative-osteology/vergleichendeOs00Pand_0103.jpg,1770,1290,,creatures
f83aa4af-46ee-4b34-84cc-3a574ef4fafd,,Edouard Joseph d’Alton,1821–38,/collections/comparative-osteology/vergleichendeOs00Pand_0399.jpg,3435,2509,,creatures
f6fa3cdb-0c81-4735-bfe5-aecd1ccd467a,,Edouard Joseph d’Alton,1821–38,/collections/comparative-osteology/vergleichendeOs00Pand_0299.jpg,3499,2550,,creatures
fe6287de-2749-4c96-ac22-921e4e639fb1,,Edouard Joseph d’Alton,1821–38,/collections/comparative-osteology/vergleichendeOs00Pand_0207.jpg,1754,1281,,creatures
f1c80238-6839-4f12-a28e-8605f5976cbb,,Edouard Joseph d’Alton,1821–38,/collections/comparative-osteology/vergleichendeOs00Pand_0111.jpg,1770,1290,,creatures
fe38c242-3af2-499b-87f4-4c99a5644901,,Edouard Joseph d’Alton,1821–38,/collections/comparative-osteology/vergleichendeOs00Pand_0061.jpg,1756,1305,,creatures
0ade34ee-72f7-4cb0-9c57-24a1de8b1eee,Monster Soup Commonly Called Thames water,William Heath,ca. 1828,/shop/oct_19_new_prints_00023.jpg,1200,822,,creatures
0eb2d087-2ee7-4135-8c5d-3a475c783bbd,Grotesque Ornament Print: II,Cornelis Floris II,1556,/shop/oct_19_new_prints_00068.jpg,801,1200,,creatures
55de4dd0-8734-40a5-a62f-12363f2aee9e,"Essay Towards a Natural History of Serpents, Plate II",Charles Owen,1742,/shop/edit-essaytowardsnatu00owen_0103.jpg,859,1200,,"creatures,dragons,serpentine"
beed9487-5222-4f10-9542-c93103769816,Behemoth and Leviathan,William Blake,ca. 1805,/shop/ba-obj-3954-0001-pub-print-lg_preview-1.jpeg,720,1024,,creatures
501adaf2-c2b8-472d-8273-15388e061526,"""Ode on the Death of a Favourite Cat""",William Blake,ca. 1797,/shop/ba-obj-3661-0001-pub-print-lg_preview-1.jpeg,780,1024,,creatures
5b6c5f77-fab4-42af-b45e-0120b5fc1a54,"Jerusalem, Title Page",William Blake,1804 to 1820,/shop/ba-obj-3448-0001-pub-print-lg_preview-1.jpeg,786,1024,,creatures
1037c1ec-0c70-4555-9333-90188e3a8c82,"Louis Renard's Fish, Plate XLV",Louis Renard (after Samuel Fallours),1754,/shop/edit-PoissonsecrevisIRena_0197-1.jpg,1200,832,,creatures
2abef5e9-5ebd-48d0-889c-cb61d83bc730,"Plate 85, Ascidiae",Ernst Haeckel,1904,/shop/85-Ascidiae-05323u-1.jpeg,716,1024,,creatures
f3e2adfd-58e7-4e93-99f7-d4e511435538,Plumose Anemone,Philip Henry Gosse,1856,/essays/bringing-the-ocean-home/28033497117_a07611578b_b.jpg,641,1024,,creatures
4ada9a3d-7f9e-4d33-a4d4-80921f3c041a,World Map,Heinrich Scherer,ca. 1700,/collections/maps-showing-california-as-an-island/42077403642_008a55dcde_b.jpg,1000,699,,creatures
df23f3c7-6182-43c1-8079-1c7cf4f1ea22,Then Began a Round,Émile-Antoine Bayard,1870,/collections/emile-antoine-bayard-s-illustrations-for-around-the-moon-by-jules-verne-1870/4-1.jpg,542,800,,creatures
624f5d4c-e1f3-4a05-b6bd-1b81976e2be6,"Representation of a Person's Inward State Who Being Reconciled With God, Will Know Nothing More Than the Crucified Jesus",Johannes Gossner,1851,/collections/the-heart-of-man-either-a-temple-of-god-or-a-habitation-of-satan-represented-in-ten-emblematical-figures-1851/35348985553_f8ffc3ef42_b.jpg,671,1024,,creatures
546d625d-50fc-4dbf-b0ef-90bbdb74e377,Telepathic Transference of Images Between Two People,,1886,/essays/worlds-without-end/23615234655_ee76952221_o.jpg,897,738,,creatures
18d13dfc-6b79-4835-ae5d-b1d483bd85bf,Kellar and his Perplexing Cabinet Mysteries,Strobridge & Co.,1894,/collections/harry-kellar-s-show-posters/22374392582_2205001448_c.jpg,800,565,,creatures
48a9205c-dc15-4464-9a08-aebd6a49cec4,Travels and Lions,,19th century,/essays/a-mongolian-manual-of-astrology-and-divination/16403642326_be10abafc7_c.jpg,799,242,,"creatures,serpents"
681f3838-8e6e-4280-9a93-b61c941ffbf1,Poseidon Taking Chocolate from Mexico to Europe,,1644,/essays/when-chocolate-was-medicine-colmenero-wadsworth-and-dufour/16375757942_ae860d580c_o.jpg,818,924,,creatures
4683e0d3-b2c8-44c2-9a20-a79146be49c1,,Issachar Ber Ryback,1922,/collections/shtetl-my-destroyed-home-a-remembrance-1922/13911386544_0d5101d92c_b.jpg,950,712,,creatures
f4b2ffa0-2b4d-48fa-b577-056393d5feac,,,,/collections/the-british-library-s-mechanical-curator-million/11448160443_da4c10c960_b.jpg,950,467,,creatures
ab655ebd-f221-4b58-8a69-8be15a16bd1b,,Daniel de La Feuille,1699,/collections/emblems-ancient-and-modern-1699/devisesetembleme00lafeu_0027.jpg,1976,2601,,creatures
f230f038-de69-470e-b7ec-125724ec264d,,,1882,/collections/woodcuts-from-18th-century-chapbooks/8067336820_8bafb49734_o.jpg,670,505,,creatures
debaed7c-4d5b-4f39-a264-1b6188733f98,,Charles Mavelot,1695,/collections/17th-century-heraldry-designs-1695/7590452936_66125f0154_c.jpg,800,564,,"beasts,creatures"
8230880d-c6ec-4368-8e14-8bbb3a73bd2e,"""The Earth grew dark, and its figures passed by me, like flitting shadows, and among them all I beheld only—Morella"" (Morella)",Harry Clarke,1919,/collections/harry-clarke-s-illustrations-for-poe-s-tales-of-mystery-and-imagination-1919/30177926591_6585c60610_o.jpg,526,700,,creatures
5776acee-a542-407d-88cb-0275364ccfcc,,Anton Seder,1896,/collections/das-thier-in-der-decorativen-kunst/gri_33125013920190_0002.jpg,1680,2184,,"beasts,dragons,fantastical-creatures"
6a9e10c3-646c-47da-91cd-0a34ab6b9441,,Anton Seder,1896,/collections/das-thier-in-der-decorativen-kunst/gri_33125013920190_0006.jpg,1667,2215,,"beasts,dragons,fantastical-creatures"
603fcef1-60c6-41e9-87b0-b034c7e39976,,Anton Seder,1896,/collections/das-thier-in-der-decorativen-kunst/gri_33125013920190_0028.jpg,1657,2205,,"beasts,dragons,fantastical-creatures"
05e43989-bf4b-4929-a50e-12516161f49e,,Anton Seder,1896,/collections/das-thier-in-der-decorativen-kunst/gri_33125013920190_0032.jpg,1626,2166,,"beasts,dragons,fantastical-creatures"
406193db-10d3-4951-87f6-eec3f18ed28e,,Anton Seder,1896,/collections/das-thier-in-der-decorativen-kunst/gri_33125013920190_0032-double.jpg,3168,2166,,"beasts,dragons,fantastical-creatures"
3f49f9bc-9818-4f5e-ac43-57679519a9d6,Grotesque Ornament Print: I,Cornelis Floris II,1556,/shop/oct_19_new_prints_00067.jpg,816,1200,,fantastical-creatures
f34be80c-075d-4c76-9aa0-02fcd646f627,Perseus and the Monstre,Aubrey Beardsley,1891,/collections/aubrey-beardsley/beardsley-illustration-00003.jpg,2630,2112,,mythological-creatures
f503ab7b-4060-4f96-81a9-c8836095bc92,Battle Between Monkey and Rat,Christoph Jamnitzer,1610,/shop/RP-P-1973-152-print.jpg,1500,1201,,mythological-creatures
bd71a947-17fb-4b9e-ab8b-c27d3b593148,Engraving of a collector’s cabinet,,1599,/essays/art-in-art/3-ferranto.jpg,4915,3625,,sea-creatures
82a27294-8113-40d9-a4e6-aabb66bc03b3,,Anton Seder,1896,/collections/das-thier-in-der-decorativen-kunst/gri_33125013920190_0014.jpg,1674,2212,,"beasts,sea-creatures"
637e9db7-dc39-468f-b48f-90ecf27c6ac2,Design for the prospectus,Aubrey Beardsley,1895,/collections/aubrey-beardsley/beardsley-illustration-00047.jpg,2608,3528,,winged-creatures
2be6cd73-c084-438b-8443-6f27ed1e9486,Adam and Eve,Johann Theodor de Bry,1590,/collections/briefe-and-true-report-de-bry-engravings/477644606.jpg,2028,2580,,"serpents,winged-creatures"
727b2b83-b1f1-4d50-aafc-620fa1db6928,,Anton Seder,1896,/collections/das-thier-in-der-decorativen-kunst/gri_33125013920190_0008.jpg,2492,1968,,beasts
9394e22c-4d2b-4425-9a6e-d3b175270c29,,Anton Seder,1896,/collections/das-thier-in-der-decorativen-kunst/gri_33125013920190_0010.jpg,1640,2170,,beasts
950ef21e-c772-428b-832d-13297c0ca048,,Anton Seder,1896,/collections/das-thier-in-der-decorativen-kunst/gri_33125013920190_0012.jpg,1610,2121,,beasts
d2f9d8e4-ece7-46ba-8b46-d6c57d8e1cd6,,Anton Seder,1896,/collections/das-thier-in-der-decorativen-kunst/gri_33125013920190_0016.jpg,1620,2134,,beasts
750b74da-0d18-4d40-966c-c2179e8103fb,,Anton Seder,1896,/collections/das-thier-in-der-decorativen-kunst/gri_33125013920190_0018.jpg,1670,2206,,beasts
655d29af-1334-4b42-ad4c-683be211ce56,,Anton Seder,1896,/collections/das-thier-in-der-decorativen-kunst/gri_33125013920190_0020.jpg,1642,2150,,beasts
32bb5a6a-e7a8-45fe-9161-cefd2731b6c1,,Anton Seder,1896,/collections/das-thier-in-der-decorativen-kunst/gri_33125013920190_0022.jpg,2532,1987,,beasts
e9665a3d-0d45-4e84-adcf-fc85c10f88eb,,Anton Seder,1896,/collections/das-thier-in-der-decorativen-kunst/gri_33125013920190_0026.jpg,1981,2482,,beasts
5164a673-f9d6-42d7-a363-df1db1c02149,,Anton Seder,1896,/collections/das-thier-in-der-decorativen-kunst/gri_33125013920190_0030.jpg,1626,2168,,beasts
d294acdf-9363-435e-8cef-f002d429f630,,Anton Seder,1896,/collections/das-thier-in-der-decorativen-kunst/gri_33125013920190_0034.jpg,1644,2178,,beasts
a641d081-0506-430f-b81c-ae3e23386470,,Anton Seder,1896,/collections/das-thier-in-der-decorativen-kunst/gri_33125013920190_0036.jpg,1712,2244,,beasts
01ec6237-5a2f-42c5-b623-035db3791bd4,,Anton Seder,1896,/collections/das-thier-in-der-decorativen-kunst/gri_33125013920190_0038.jpg,1648,2170,,beasts
90c0e282-0923-4a4a-abda-03b43ef5d9dd,,Anton Seder,1896,/collections/das-thier-in-der-decorativen-kunst/gri_33125013920190_0040.jpg,2327,1807,,beasts
a515fc27-8277-4a9b-9a51-701d4cd8c3bf,,Anton Seder,1896,/collections/das-thier-in-der-decorativen-kunst/gri_33125013920190_0042.jpg,2124,1602,,beasts
b9cd1aa3-8ae9-4bf2-867a-113ec7e70d4b,,Anton Seder,1896,/collections/das-thier-in-der-decorativen-kunst/gri_33125013920190_0044.jpg,1640,2170,,beasts
938d6b8e-8265-4893-a280-57c7b7d1e910,,Anton Seder,1896,/collections/das-thier-in-der-decorativen-kunst/gri_33125013920190_0046.jpg,1606,2132,,beasts
57db1164-1a48-4779-b35c-61ffedb88049,,Anton Seder,1896,/collections/das-thier-in-der-decorativen-kunst/gri_33125013920190_0048.jpg,2152,1614,,beasts
ccccc63a-ca15-4191-ad7e-b5a55687077e,,Anton Seder,1896,/collections/das-thier-in-der-decorativen-kunst/gri_33125013920190_0050.jpg,1620,2146,,beasts
bdbe3ff6-b40b-40cc-bfc3-c51d6316f1cc,,Anton Seder,1896,/collections/das-thier-in-der-decorativen-kunst/gri_33125013920190_0052.jpg,2218,1638,,beasts
c8bbcce4-1fa4-4334-b528-e3e7d35c2b91,,Anton Seder,1896,/collections/das-thier-in-der-decorativen-kunst/gri_33125013920190_0054.jpg,1606,2128,,beasts
554df9b9-834e-4292-9687-cc16fd155349,,Anton Seder,1896,/collections/das-thier-in-der-decorativen-kunst/gri_33125013920190_0056.jpg,1817,2357,,beasts
1878c2db-17d4-4003-be57-82e3bb116c6d,,Anton Seder,1896,/collections/das-thier-in-der-decorativen-kunst/gri_33125013920190_0058.jpg,1632,2172,,beasts
ab835e5a-c0ea-4ce4-b81e-394c6da30507,,Anton Seder,1896,/collections/das-thier-in-der-decorativen-kunst/gri_33125013920190_0060.jpg,1638,2166,,beasts
d3663b33-7ef9-44d8-8aaa-2d4578129d45,,Anton Seder,1896,/collections/das-thier-in-der-decorativen-kunst/gri_33125013920190_0062.jpg,1646,2170,,beasts
52b56606-d9e1-44a4-8d61-42de1c5d4890,,Anton Seder,1896,/collections/das-thier-in-der-decorativen-kunst/gri_33125013920190_0052.jpg,2218,1638,,beasts
87f5ef7a-c6ae-4fc7-9f4c-dafb165c3a36,"Frontispiece to a 1669 Rotterdam edition of Kircher's *Scrutinium Physico-Medicum Contagiosae Luis, Quae Pestis Dicitur*",Athanasius Kircher,1669,/essays/athanasius-kircher-study-of-the-plague/kircher-plague-1669-frontispiece-small.jpg,800,1338,,beasts
63ec5c51-dc72-431a-bf04-693e70f40a5d,Prophecies of apocalypse,,ca. 1827–61,/collections/various-apocalyptic-scenes-from-the-prophetic-messenger-ca-1827-61/s3_V0024000_V0024789.jpg,1200,915,,beasts
b7b00793-5bb4-451d-b0d9-4e4d5f6ca2c6,The Triumphal Arch of Emperor Maximilian I (Detail),Albrecht Dürer,1515,/collections/the-triumphal-arch-of-emperor-maximilian-i-1515/44463917582_2e04c76044_b.jpg,1024,818,,beasts
85e26b39-8c7b-4780-b3b1-894b65034395,,,1590,/collections/radical-fashion-from-the-schembart-carnival-1590/8639592137_20df96aef0_o.png,399,622,,beasts
d277ea9a-c537-47bb-8aad-cb7042d427b9,Spinga or Sphinx,Edward Topsell,1658,/collections/the-history-of-four-footed-beasts-and-serpents-1658/8616382840_535e6b4836_o.jpg,397,500,,beasts
738a5040-dcdf-413d-bd9a-8c1336553986,Hercules,,1482,/collections/the-hyginus-star-atlas-1482/7948976214_f3c5fa9c9d_o.jpg,450,655,,beasts
19514aaf-6ff3-4029-82d2-abbbedde6aa2,Sacco Marino (pelican),Jacques de Fornazeris,1594,/collections/fornazeris-birds/RP-P-1981-171-edit.jpg,2106,2757,,serpents
bd3b85b1-e8de-436f-a03f-0657709a35c9,"Facsimile of the Selden Roll, ca. 1556",Agostino Aglio,1831–48,/collections/antiquities-of-mexico/antiquities-of-mexico-00016.jpg,3599,4550,,serpents
23a97293-fc1c-4034-87cb-49cf98380b21,"Facsimile of the Codex Vaticanus B, ca. before 1596",Agostino Aglio,1831–48,/collections/antiquities-of-mexico/antiquities-of-mexico-00080.jpg,3876,3783,,serpents
4392e9aa-e55b-4cdc-ab1d-b946c70568cb,,Raffaele Mainella,1907,/collections/nos-invisibles/BSG_FOLRSUP15RES_0040.jpeg,4439,6408,,serpents
f989dbb4-bc8d-4d0b-ab76-aee14676cebe,,Raffaele Mainella,1907,/collections/nos-invisibles/BSG_FOLRSUP15RES_0072.jpeg,4390,5880,,serpents
ca83b241-e7a7-475f-9f27-b71653b7242e,,,ca. 1790–1810,/collections/eye-miniatures/1936-6-2-ov-edit.jpeg,1365,1080,,serpents
9ffdda5b-b62f-4cd0-ba0a-140c4d1b6fc6,"Alex Rogers, “Why Adam Sinned”",,1904,/collections/gotham-attucks/gotham-attucks-20.jpg,1502,2021,,serpents
595059a8-2872-4cb5-8f6b-e31cea1506ba,Polia witnesses maidens murdered by a “winged youngster”,,1499,/essays/hypnerotomachia-poliphili/16-rbsc_hypnerotomachia-poliphili_foliolncun1499Colonna_0406-edit.jpeg,1599,1302,,serpents
13c862a1-1713-4c8f-9233-e89c672b0624,,John Bingley Garland,ca. 1850–60,/collections/garland-blood-collages/blood-book-24.jpg,1858,1467,,serpents
53a14645-55a0-4ef5-974c-7d2aa089f2c4,,John Bingley Garland,ca. 1850–60,/collections/garland-blood-collages/blood-book-18.jpg,1844,1468,,serpents
565dd9e7-2d08-490d-8595-b1f5b4e6c70e,,John Bingley Garland,ca. 1850–60,/collections/garland-blood-collages/blood-book-11.jpg,1826,1382,,serpents
697a7512-5a24-425a-bc37-10f2dc495ef7,,John Bingley Garland,ca. 1850–60,/collections/garland-blood-collages/blood-book-30.jpg,1866,1478,,serpents
7882c139-9329-4160-8c2b-93b3bc633968,,John Bingley Garland,ca. 1850–60,/collections/garland-blood-collages/blood-book-20.jpg,1837,1470,,"dragons,serpents"
8204365b-34a7-4c55-882a-c86f61d61686,,John Bingley Garland,ca. 1850–60,/collections/garland-blood-collages/blood-book-22.jpg,1831,1471,,serpents
95b47045-df55-41f7-be7e-36a49ce2d697,,John Bingley Garland,ca. 1850–60,/collections/garland-blood-collages/blood-book-38.jpg,1861,1554,,serpents
087bfab4-57f2-4eb6-8839-6a7ae97e64da,,John Bingley Garland,ca. 1850–60,/collections/garland-blood-collages/blood-book-26.jpg,1849,1478,,serpents
b95e17d5-4891-4ce7-b2f1-fb42239af1c2,,John Bingley Garland,ca. 1850–60,/collections/garland-blood-collages/blood-book-21.jpg,1790,1368,,serpents
b61d578a-0eab-4376-8a77-66a9f33ac3dd,,John Bingley Garland,ca. 1850–60,/collections/garland-blood-collages/blood-book-14.jpg,1806,1448,,serpents
ca9f3df0-d196-4ca0-a89e-6fb8ad0d2c96,,John Bingley Garland,ca. 1850–60,/collections/garland-blood-collages/blood-book-32.jpg,1836,1499,,serpents
cd50a3ec-ce85-4ce5-ae35-460945d43d5a,,John Bingley Garland,ca. 1850–60,/collections/garland-blood-collages/blood-book-31.jpg,1850,1348,,serpents
c1977e2f-6946-4ec9-9502-7c0c1563fc89,,John Bingley Garland,ca. 1850–60,/collections/garland-blood-collages/blood-book-27.jpg,1816,1372,,serpents
01085a9b-092d-4270-bc36-b6a03c6bdda1,The Tree of Knowledge,,ca. 1330,/collections/holkham-bible/holkham-bible-4.jpeg,838,1151,,serpents
110a5851-60e3-4505-8b5f-3cfc75976b74,The Cardiac Serpent Curled in John Pennant’s Left Ventricle,Edward May,1639,/collections/heart-serpent/b3033973x_0008-edit.jpeg,742,1400,,serpents
f25c8e83-6258-42f2-9e4e-54421780f6cf,The Cardiac Serpent Curled in John Pennant’s Left Ventricle,Edward May,1639,/collections/heart-serpent/b3033973x_0015-edit.jpeg,1041,1292,,serpents
55cf1af3-ed56-48a3-8559-9ea45d7f1444,Serpent,Filippo Buonanni,1722,/collections/filippo-buonanni-harmonic-cabinet/harmonic-cabinet-00043.jpg,799,1200,,serpents
851f6f66-f8e4-4a05-bfc9-3dbe76d6cd99,Pan flute,Filippo Buonanni,1722,/collections/filippo-buonanni-harmonic-cabinet/harmonic-cabinet-00004.jpg,805,1200,,serpents
e2e60597-f5af-48a6-ae5d-355e296b3167,Armenian crotal,Filippo Buonanni,1722,/collections/filippo-buonanni-harmonic-cabinet/harmonic-cabinet-00013.jpg,806,1200,,serpents
e55ee108-9ab0-4742-8273-ca22fb4fbb10,The Phlegmatic Temperament,Maerten de Vos; Raphaël Sadeler (I),1583,/collections/elements-and-temperaments-maerten-de-vos/phlegmatic.jpg,2541,1986,,serpents
18013f9e-6ff1-4d41-acb7-db69cf3dc9cd,Draco and Ursa Minor,Sidney Hall,ca. 1825,/shop/dec2019-12.jpg,832,1200,,serpents
d71b4451-13f6-4aa9-adda-d662bd421935,The Ash Yggdrasil,Lørenz Frolich,1886,/collections/yggdrasil-the-sacred-ash-tree-of-norse-mythology/talestasgardgods00wgrich_0049.jpg,1200,1525,,serpents
6441c8ec-5624-4273-9eab-5bf18b1d0e35,La Peri,Gustave Moreau,1865,/shop/edit-La-Peri.jpg,637,900,,serpents
2a3ab7c8-1b06-400c-8ac0-b48686722bb0,Surinam Caiman biting South American False Coral Snake,Maria Sibylla Merian,1719,/shop/edit-grioc0000114-D.jpg,1200,784,,serpents
2d3287b4-31e0-43f9-ae24-2eda1c410555,"Essay Towards a Natural History of Serpents, Plate III",Charles Owen,1742,/shop/edit-essaytowardsnatu00owen_0113.jpg,873,1200,,serpents
3eeae9a7-1758-4a68-bcc6-4e4fcac0e536,"Natural History of Carolina, Florida and the Bahama Islands, v2. Tab 46",Mark Catesby,1743,/shop/edit-naturalhistoryCc1v2Cate_0147-1.jpg,1002,768,,serpents
feeca791-0aa9-49b8-bdec-2ed827aef6ad,Arithmetic characters,Robert Fludd,1617,/collections/robert-fludd-s-memory-tricks-1617/31835448917_a8e61971e7_c.jpg,800,562,,serpents
b9dabcf2-a934-44fd-811c-480cc33a092f,Adam and Eve,Albrecht Dürer,1504,/essays/elephants-horses-and-the-proportions-of-paradise/44816298625_8de28b8aae_b.jpg,799,1023,,serpents
6bccf45f-787d-488c-a37a-db49d858add9,Aesculapian snake,Eduard Valenta; Josef Maria Eder,1896,/collections/early-experiments-with-x-rays-1896/edit-DP262486.jpg,984,1200,,"serpentine,serpents"
b0c1f005-aeeb-4d89-8343-f015151be6b8,Truth,,ca. 18th century,/collections/scrapbook-of-hand-coloured-juvenile-woodcut-emblems/41404151140_0366484fea_b.jpg,750,624,,serpents
8137387f-dec7-4007-a2be-b8d05df3b915,The Abbot,Hans Holbein,1523–5,/collections/hans-holbeins-dance-of-death-1523-5/26629085607_8db31f78d4_o.jpg,550,754,,serpents
6bc9e5cb-86b5-4124-93a1-8a2b63f7df48,,,1847,/collections/illustrations-from-the-lights-of-canopus-1847/16.jpg,627,561,,serpents
df4d46cf-d915-4058-88b1-e33ec36feb17,,,1847,/collections/illustrations-from-the-lights-of-canopus-1847/24.jpg,631,466,,serpents
577d8478-e396-433f-bb5b-d5ea7ebab92b,No Injury to the Willing,Marcus Eugenius Bonacina,ca. 1790,/collections/the-surreal-art-of-alchemical-diagrams/28644498311_34d556cf4c_z.jpg,419,583,,serpents
4ac2fd7d-8295-4489-9135-c5e46a2de729,The Laocoön Group as Monkeys,Nicolò Boldrini; Titian,ca. 1520–60,/essays/who-says-michelangelo-was-right-conflicting-visions-of-the-past-in-early-modern-prints/24896557165_5e62f7bbbc_b.jpg,927,617,,serpents
f3e21c98-7997-4e78-aae4-6f50c191268f,Laocoön Troia,Hans Brosamer,1538,/essays/who-says-michelangelo-was-right-conflicting-visions-of-the-past-in-early-modern-prints/24802929581_9648b9a45c_o.jpg,1000,1401,,serpents
3e93de58-460d-4756-983d-1e463ebaff19,Naga,,19th century,/essays/a-mongolian-manual-of-astrology-and-divination/15809578423_b6ea91259c_c.jpg,800,242,,serpents
86946aae-91bb-4606-8929-a4cd83f02ccd,"Night the Third, Narcissa",William Blake,1797,/essays/william-blake-and-paul-mellon-the-life-of-the-mind/15209272908_33924441e8_o.jpg,1000,1277,,serpents
fc0098b7-0fd3-443c-b776-37669362eb8f,The Woman and the Serpent,Charels G. Leland,1884,/collections/the-algonquin-legends-of-new-england-1884/15092114230_ce0a2b7a1e_o.jpg,560,753,,serpents
44f60827-69f6-403c-b7c4-d4a9fe6b68bc,The Animal Which Edge Probably Saw,,1883,/essays/olaus-magnus-sea-serpent/12292687344_2a8f123587_b.jpg,540,877,,serpents
a071955e-3191-454d-83fb-043346e80c3d,Sea Serpent,Conrad Gesner,1558,/essays/olaus-magnus-sea-serpent/sea_monster_01.jpeg,887,427,,serpents
f60b6ff7-da18-4d54-985a-4904af32f269,Sea Serpent,,1753,/essays/olaus-magnus-sea-serpent/12291755724_f7ee74d8c8_o.jpg,540,463,,serpents
9e1d2a24-29ae-467a-b1f4-0d91fab98e3c,Alexander the Great in the Air,,ca. 1400–10,/collections/a-selection-from-the-getty-s-open-content-program/9508152467_75d216ab42_o.jpg,600,606,,serpents
5dd2c625-ce43-497a-b42c-feea4c8b728e,Lamia,Edward Topsell,1658,/collections/the-history-of-four-footed-beasts-and-serpents-1658/8616382946_05f0f67635_o.jpg,575,500,,serpents
d3769b80-948f-4844-85ab-be60f19335ef,Boa,Edward Topsell,1658,/collections/the-history-of-four-footed-beasts-and-serpents-1658/8616382704_9edce5d57d_o.jpg,599,383,,serpents
d97c5e27-b364-459b-b765-58d47f0fa2d0,Hydra,Edward Topsell,1658,/collections/the-history-of-four-footed-beasts-and-serpents-1658/8615276969_1249b979bb_o.jpg,597,461,,serpents
0e081db7-02d2-41ad-af24-059bf97cfc03,,Oliver Goldsmith,1825,/collections/engravings-from-oliver-goldsmith-s-history-of-the-earth-and-animated-nature-1825/8314838334_d66fe2ba28_o.jpg,500,657,,serpents
0aed38c6-9016-4a1c-a928-e5ea5bd7216b,,Arnoldus Montanus,1671,/collections/arnoldus-montanus-new-and-unknown-world-1671/27075202295_50ef558884_b.jpg,748,570,,serpents
80a63996-5044-4916-b812-a4e8f7772d9f,“The Transformation of Otsu into an Earthquake Temple”,,1855,/collections/earthquakes-in-japanese-woodblock-prints/NDL-DC-19.jpg,4852,3233,,serpentine
ecfb76dd-e9cd-4bba-8168-5ddcb25bdc8e,Peruvian Harpy,Anonymous,18th century,/shop/nov-2023-prints-00013.jpeg,1200,866,,serpentine
1118dcb4-d100-4de5-a1db-3c703a01f44f,,Madame B,ca. 1870s,/collections/madame-b-album/madame-b-album-00041.jpg,3000,2080,,serpentine
10978d95-5ca6-4afc-896e-a0e81cb79a3f,,Harold Fisk,1944,/collections/maps-of-the-lower-mississippi-harold-fisk/fisk03-edit.jpg,1000,1410,,serpentine
3b875be8-fddd-41c4-bf8f-627c170bb454,,Harold Fisk,1944,/collections/maps-of-the-lower-mississippi-harold-fisk/fisk14-edit.jpg,1000,1457,,serpentine
39fd6f37-6ada-4602-bc7e-fab4c80c97aa,,Harold Fisk,1944,/collections/maps-of-the-lower-mississippi-harold-fisk/fisk05-edit.jpg,1000,1438,,serpentine
39841183-71cb-4ed4-bb25-73b4c16b480f,,Harold Fisk,1944,/collections/maps-of-the-lower-mississippi-harold-fisk/fisk02-edit.jpg,1000,1421,,serpentine
39ae6e4e-6b8a-4ba2-8bcc-5adc1299bbab,,Harold Fisk,1944,/collections/maps-of-the-lower-mississippi-harold-fisk/fisk01-edit.jpg,1000,1444,,serpentine
7d27e183-7073-4780-b37f-e74889781c56,,Harold Fisk,1944,/collections/maps-of-the-lower-mississippi-harold-fisk/fisk08-edit.jpg,1000,1519,,serpentine
8f3385a9-5cbf-4338-9515-fb0a10c2fd93,,Harold Fisk,1944,/collections/maps-of-the-lower-mississippi-harold-fisk/fisk13-edit.jpg,1000,1427,,serpentine
061b6e9d-1b5e-4702-a760-931bc98e2a22,,Harold Fisk,1944,/collections/maps-of-the-lower-mississippi-harold-fisk/fisk11-edit.jpg,1000,1464,,serpentine
03c7ce69-c0c7-4131-b0f7-85924627a30a,,Harold Fisk,1944,/collections/maps-of-the-lower-mississippi-harold-fisk/fisk10-edit.jpg,1000,1425,,serpentine
03d67147-c479-45d0-bbbe-6e406488d938,,Harold Fisk,1944,/collections/maps-of-the-lower-mississippi-harold-fisk/fisk09-edit.jpg,1000,1443,,serpentine
078b4af8-41d7-468c-a3f2-d74a69e616a2,,Harold Fisk,1944,/collections/maps-of-the-lower-mississippi-harold-fisk/fisk06-edit.jpg,1000,1485,,serpentine
0dc86502-503d-4a89-a46b-657f854a1301,,Harold Fisk,1944,/collections/maps-of-the-lower-mississippi-harold-fisk/fisk04-edit.jpg,1000,1489,,serpentine
b9e026ce-dae9-4f65-8b6b-4f70e7dc34d4,,Harold Fisk,1944,/collections/maps-of-the-lower-mississippi-harold-fisk/fisk15-edit.jpg,1000,1410,,serpentine
c7b54440-dff1-4998-97e9-b3cfc0e20afe,,Harold Fisk,1944,/collections/maps-of-the-lower-mississippi-harold-fisk/fisk12-edit.jpg,1000,1419,,serpentine
ce076845-ab86-48f5-a7df-f2997d9746bb,,Harold Fisk,1944,/collections/maps-of-the-lower-mississippi-harold-fisk/fisk07-edit.jpg,1000,1444,,serpentine
729ba5ef-3351-4e33-a7bd-c24100250ad9,Miss Loïe Fuller,Henri de Toulouse-Lautrec,1893,/essays/loie-fuller-and-the-serpentine/49018952941_2e72facf46_b.jpg,710,1024,,serpentine
7f8e05fe-13da-497c-aeb8-ab5ee2f17731,Loie Fuller in Her Gown,,1901,/essays/loie-fuller-and-the-serpentine/49018441008_bc2db82ed3_b.jpg,805,1023,,serpentine
8bf6668b-4401-42ce-9c65-ed3df683a66c,Loie Fuller (Detail),Samuel Joshua Beckett,1900,/essays/loie-fuller-and-the-serpentine/49019152622_c7ff00a5ee_b.jpg,823,1023,,serpentine
e3d13290-d245-42ca-880a-7cac9ce478b0,Loie Fuller,Samuel Joshua Beckett,1900,/essays/loie-fuller-and-the-serpentine/49019153302_b231805ec3_b.jpg,1024,909,,serpentine
ef18afe0-987a-4875-bdc2-083062c65d96,,Lorenz Stoer,1567,/collections/the-geometric-landscapes-of-lorenz-stoer-1567/49018032427_ebf73c4f69_c.jpg,574,800,,serpentine
383106b7-d47f-43da-b4ff-1f9fcd86a917,M.73.5.581h: (Not able to provide a translation),,19th century,/collections/punishment-in-the-afterlife-an-eastern-turki-manuscript/14178166825_cd13f3bb68_b.jpg,620,788,,"hell,serpentine"
021137b1-8bde-4447-b21a-5d3e41a329ac,,Wilhelm Dilich,1598,/collections/christening-of-lady-elisabeth-of-hesse/iiif-service_gdc_gdcwdl_wd_l__08_91_7_wdl_08917_bsb00001428_00157-full-pct_100-0-default.jpg,3130,4702,,dragons
74908f8d-293d-4479-a23e-243870ee5e83,,Wilhelm Dilich,1598,/collections/christening-of-lady-elisabeth-of-hesse/iiif-service_gdc_gdcwdl_wd_l__08_91_7_wdl_08917_bsb00001428_00178-full-pct_100-0-default.jpg,4726,3143,,dragons
d2474d7f-b7b1-43e2-ba3a-0d5d1607927b,,Wilhelm Dilich,1598,/collections/christening-of-lady-elisabeth-of-hesse/iiif-service_gdc_gdcwdl_wd_l__08_91_7_wdl_08917_bsb00001428_00194-full-pct_100-0-default.jpg,6153,4691,,dragons
45d1795b-c5af-4e1d-9585-393194c65c26,Three Folios from a Persian Manuscript of <i>Kalīlah wa-Dimnah</i>,,ca. 1010,/essays/travelling-tales/k-and-d-triple.jpg,1819,1203,,dragons
895d22cf-f553-425b-9741-532a5a63443e,,John Bingley Garland,ca. 1850–60,/collections/garland-blood-collages/blood-book-6.jpg,1795,1442,,dragons
9da84581-fe85-4cb3-a430-166f85b91398,,John Bingley Garland,ca. 1850–60,/collections/garland-blood-collages/blood-book-4.jpeg,1836,1436,,dragons
8a896c8f-577f-4cdd-bb02-d43d80c15bcd,,Philipp Hainhofer,1596–1633,/collections/hainhofer-stammbuch/hainhofer-stammbuch-157.jpeg,812,1062,,dragons
6ae40204-c7c8-485c-8119-1c0de308bfb2,The Visitation of the shepherds,,ca. 1330,/collections/holkham-bible/holkham-bible-14.jpeg,932,1183,,dragons
de3908d2-b2dc-4ce8-8e07-8f1be79db4a2,,Elias Ashmole,1652,/collections/theatrum-chemicum/theatrumchemicum00ashm_0238.jpg,1200,758,,dragons
be6dfa9f-0675-4a52-92de-977168d10a69,"Tsuba made of iron, openwork, with a writhing dragon in a simple hoop.",Georg Oeder,1916,/collections/photographs-of-japanese-sword-guards-1916//48782058778_e31bb01525_o.jpg,600,639,,dragons
c7d160ca-7e5f-48de-b7b1-698d444ea248,Uni-Horned Creatures,,1678,/essays/greenland-unicorns-and-the-magical-alicorn/48753802596_c3039f12b6_b.jpg,1024,593,,dragons
519c32d1-3d08-4f1a-8084-88efcfd0884d,Cover for <em>Curiosities of the Microscope</em>,,1852,/collections/the-art-of-book-covers-1820-1914/curiositiesofmic00wyth_0001.jpeg,1126,1456,,dragons
6e296f14-f98f-44a3-9ce1-adf15601631a,Dragon and Tiger,Sesson Shūkei,1500s,/collections/highlights-from-the-cleveland-museum-of-art-s-release-of-more-than-30k-images-of-public-domain-works/46887555012_536db3f9ec_o.jpg,1122,571,,dragons
482702aa-e8c6-4b7b-8bd3-1c1731b056ff,The pitiless reptile has killed his poor companions,Nathaniel Hawthorne,1921,/collections/nathaniel-hawthorne-s-tanglewood-tales-illustrated-by-virginia-frances-sterrett-1921/40026866645_2d186a445c_b.jpg,620,809,,dragons
5f09bc96-bf61-4e7f-af04-477c010b1f6c,She whipped up the snakes and ascended high over the city,Nathaniel Hawthorne,1921,/collections/nathaniel-hawthorne-s-tanglewood-tales-illustrated-by-virginia-frances-sterrett-1921/40026867925_2fabfcd2a0_b.jpg,620,810,,dragons
53b838b5-41c9-440b-b062-4da5cc1bbd9f,,,ca. 820,/collections/aratea-making-pictures-with-words-in-the-9th-century/33284735882_88699fea33_c.jpg,800,752,,dragons
349337be-8ebb-4424-8915-ee7d11bdc916,,Johann Zahn,1685,/collections/images-from-johann-zahn-s-oculus-artificialis-1685/33266564316_bfc077540e_b.jpg,1024,1009,,dragons
eff8631b-ed1f-44ac-9025-79db0930da8f,,,1190–1200,/collections/miniatures-from-a-12th-century-medical-and-herbal-collection/32158615340_9478bd4f21_c.jpg,690,800,,dragons
fb624e7b-61ac-4958-a284-4917db64a7b2,Image from an alchemical manuscript by an unknown author.,,ca. 1725,/collections/rainbows-in-art/30888601462_8d6f31410e_b.jpg,1000,787,,dragons
71170693-9866-4530-be81-d1e93c301869,Phenakistoscope,,1833,/collections/phenakistoscopes-1833/29262438361_b66a18507a_b.jpg,669,667,,dragons
5506f4ba-918a-44a7-a212-7a18bd11112d,Section of the Ripley Scroll,,ca. 1600,/collections/the-surreal-art-of-alchemical-diagrams/28722133885_050a963742_c.jpg,530,800,,dragons
c52ddbfa-5380-49a7-bb71-574a12a768c2,And he seized the dragon,,ca. 1725,/collections/the-surreal-art-of-alchemical-diagrams/28644493261_9c615691ae_c.jpg,630,799,,dragons
e1d6efc7-6521-4498-92ad-5e690389507f,Circulation of Ch'i,,1886,/collections/chart-of-the-inner-landscape-1886/20673962592_1363ae68cc_o.jpg,805,1800,,dragons
61b7f38c-1f4d-47de-9a70-c7c1d5bc3987,"Dante and Virgil witnessing Vanno Fucci, the pillager of a church in Pistoia, being attacked by the monster Cacus",,1444–1450,/collections/14th-century-illuminations-for-dante-s-divine-comedy/17502434874_1fa95eefb7_b.jpg,1024,563,,"dragons,hell"
1d1a6ae6-e1e6-42e7-8c44-d1495b0fe912,,Master of San Miniato,15th century,/collections/the-prophecy-of-the-popes-15th-century/14457686032_bb22182d5c_o.jpg,600,789,,dragons
77deead1-34d7-4db3-a3f3-5f04ea530b7d,,Master of San Miniato,15th century,/collections/the-prophecy-of-the-popes-15th-century/14455697821_6632627d8b_o.jpg,600,842,,dragons
44a84eb3-7cf1-4c96-9933-8f71da89d304,Winged Dragon,Edward Topsell,1658,/collections/the-history-of-four-footed-beasts-and-serpents-1658/8615277045_6d8f815e77_o.jpg,599,429,,dragons
3042a3c0-b657-47ba-b82f-2d4b39eac164,,,ca. 1700,/collections/the-vessels-of-hermes-an-alchemical-album-ca-1700/8384161400_de181e72c1_o.jpg,700,1094,,dragons
c13c01ab-8cd7-4316-8e50-c25927ee3d26,Dragon / Ursa Major / Ursa Minor,,1482,/collections/the-hyginus-star-atlas-1482/7948977880_f845d80a03_o.jpg,450,651,,dragons
675cf581-9562-4802-87a2-7b3a417f5031,,,1902,/collections/shin-bijutsukai/shin-bijutsukai-0311.jpeg,1637,2245,,dragons
8585d608-a687-4b1b-ae21-bbd584142f27,,Arnoldus Montanus,1671,/collections/arnoldus-montanus-new-and-unknown-world-1671/27042222316_cc43efc96a_b.jpg,705,540,,dragons
fe9cd9f3-1d4a-4263-9f67-5bb63bad2728,"The Lion Was Showing His Teeth, but the Chimera Had Longer Claws",Jean de Bosschère,1921,/collections/weird-islands/weird-islands-00018.jpeg,1766,2480,,chimera
c2f19a26-8ea9-4bd2-b20a-90f64320d436,Mantichora,Edward Topsell,1658,/collections/the-history-of-four-footed-beasts-and-serpents-1658/8615277353_141cf1b455_o.jpg,598,354,,chimera
32262d66-5bac-4d8f-a022-deee1cb19fbf,The Fatal Draught,Wirt Sikes,1880,/collections/british-goblins-welsh-folk-lore-fairy-mythology-legends-and-traditions-1880/28877989718_1d500d31d2_z.jpg,596,620,,"ghosts,goblins"
404172b4-b9dc-46e1-9602-0c66f4d1a1f2,Shui Rhys and the Tylwyth Teg,Wirt Sikes,1880,/collections/british-goblins-welsh-folk-lore-fairy-mythology-legends-and-traditions-1880/28877989568_f65612ae9b_z.jpg,482,620,,"ghosts,goblins"
47459895-e593-4a00-979b-3b504f6d1af8,Front Cover to *British Goblins*,Wirt Sikes,1880,/collections/british-goblins-welsh-folk-lore-fairy-mythology-legends-and-traditions-1880/27883124547_20776b5bb0_b.jpg,844,602,,"ghosts,goblins"
8d7f3bc2-bf22-45a7-a559-b69255083804,The Fairy Frolic at the Cromlech,Wirt Sikes,1880,/collections/british-goblins-welsh-folk-lore-fairy-mythology-legends-and-traditions-1880/28877989958_fd42f835bb_b.jpg,841,620,,"ghosts,goblins"
9c9d826d-4b51-4d76-a91d-682bf1a0cf55,Drawing of Pwca in Coal,Wirt Sikes,1880,/collections/british-goblins-welsh-folk-lore-fairy-mythology-legends-and-traditions-1880/40940796430_ffe91e581a_z.jpg,585,640,,"ghosts,goblins"
c2a374c9-c1e7-4299-8ba6-94e97e97cc27,Shon Ap Shenkin Returns Home,Wirt Sikes,1880,/collections/british-goblins-welsh-folk-lore-fairy-mythology-legends-and-traditions-1880/42751774981_f6699805fa_z.jpg,429,620,,"ghosts,goblins"
657bb713-e32e-4581-8243-dca7c0175f31,Hallowe'en Greetings,,1928,/collections/halloween-postcards/halloween-card-23.jpg,2351,1500,,"ghosts,goblins,witches"
706e8504-1965-4a52-9fab-6ee970d7bd11,Death,Hein von Essen,1926,/shop/newprints-nov24-00006.jpg,1235,1500,,ghosts
e0bbc74a-19ae-46b5-ba82-857953f800d9,Plates of spirit photographs,Georgiana Houghton,1882,/essays/the-substantiality-of-spirit/08-ChroniclesOfThePhotographsOfSpiritualBeings_0007-double.jpg,5006,3625,,ghosts
fb6ae5f8-77e2-4f45-8afb-c1bdc928a191,Petit Trianon in the Gardens of Versailles,Florent Grau,1858,/collections/an-adventure/petit-trianon-stereo.jpg,3964,1948,,ghosts
03b620a8-8a4f-4fe9-b93b-d16ec4df004f,I Stood Alone In My Room Holding The Mysterious Manuscript.,John Augustus Knapp,1895,/collections/etidorhpa/etidorhpaorendof00lloy_0383.jpg,958,1400,,ghosts
3a9a28eb-8055-4a19-81fe-c9af18effa07,Grave Robbers with Death,Thomas Rowlandson,1775,/essays/sicko-doctors/Two_men_placing_the_shrouded_corpse_which_they_have_just_Wellcome_L0014659-edit.jpg,1196,1500,,ghosts
ac37dc81-3524-45f4-873b-8321d2b51468,Cover for <em>The Book of Dreams and Ghosts</em>,,1897,/collections/the-art-of-book-covers-1820-1914/40107505473_2d585d81ba_o.jpg,451,680,,ghosts
3bb47f6f-2f5c-475a-ae20-189f6282ffc1,,Katsushika Hokusai,,/collections/hokusai-s-ghost-stories-ca-1830/45550980304_773c0b9236_o.jpg,570,805,,ghosts
56669594-598b-4ad3-bcc8-0e3ebe691271,,Katsushika Hokusai,,/collections/hokusai-s-ghost-stories-ca-1830/45550980454_f5f8749ee0_o.jpg,570,807,,ghosts
58be4d97-6770-4487-b0e0-9ac99591ae9f,,Katsushika Hokusai,,/collections/hokusai-s-ghost-stories-ca-1830/45550980714_8eb047657f_o.jpg,567,807,,ghosts
680b33aa-7fef-4c00-a1a4-4080572f1c19,,Katsushika Hokusai,,/collections/hokusai-s-ghost-stories-ca-1830/46224245202_5e9241e726_o.jpg,570,801,,ghosts
e0efd202-8ba5-4526-920d-5a07a76d4e62,,Katsushika Hokusai,,/collections/hokusai-s-ghost-stories-ca-1830/46224245552_704b1d41f6_c.jpg,571,799,,ghosts
2f045353-c9df-46d4-945d-cf61038d955d,The Spectre Rose Into Space.,Camille Flammarion,1894,/collections/omega-the-last-days-of-the-world-1894/39863605592_71bd8965d0_b.jpg,699,1024,,ghosts
6808719e-7b1d-4162-8ae4-63c47e60734b,"""A White Shadow Stopped Before Their Astonished Eyes.""",Camille Flammarion,1894,/collections/omega-the-last-days-of-the-world-1894/38996893175_1e6d184a42_b.jpg,707,1024,,ghosts
9e765f73-ec30-40ca-a80d-48946687fd64,The Sea Monk and the Sailor,Utagawa Kuniyoshi,ca. 1845,/collections/the-sea-monk-ca-1845/26107700266_456fd82032_c.jpg,552,800,,ghosts
35936e2e-9336-4d40-90f5-2f8e9f30cdf8,“In Another Moment Alice Was Through the Glass”,Peter Newell,1902,/essays/notes-on-the-fourth-dimension/22330776678_59233130db_b.jpg,642,1024,,ghosts
4ad1a660-5f7c-41fe-a375-0f861df747cc,Tesseracts,Charles Howard Hinton,1904,/essays/notes-on-the-fourth-dimension/22357329500_623e3205f0_b.jpg,777,1024,,ghosts
8e5bc3b3-6b23-4e31-b13c-4349fb6dd982,Diagram from Hinton’s <em>The Fourth Dimension</em> (1904).,Charles Howard Hinton,1904,/essays/notes-on-the-fourth-dimension/20515140346_ccdb403f7b_b.jpg,850,589,,ghosts
f5ca1664-81d4-4ed6-84da-ef73cffb5e43,Diagram from Hinton’s <em>The Fourth Dimension</em> (1904).,Charles Howard Hinton,1904,/essays/notes-on-the-fourth-dimension/20515144406_212d64bd95_b.jpg,850,1023,,ghosts
2f63a97d-0e96-40b9-87fd-0310acf8c162,,J. H. Brown,1863,/collections/spectropia-or-surprising-spectral-illusions-1865/22366659131_38c8706e57_c.jpg,616,800,,ghosts
3ad93c6c-c3a2-4c40-b388-b1c8b40640f8,,J. H. Brown,1863,/collections/spectropia-or-surprising-spectral-illusions-1865/22329969596_595c187aaf_c.jpg,616,800,,ghosts
40d04680-a701-4e5c-91ca-b6bfd4d13b3e,,J. H. Brown,1863,/collections/spectropia-or-surprising-spectral-illusions-1865/21733216574_36c6832952_c.jpg,616,800,,ghosts
8a3e8f56-ff6e-446e-9f23-3e22d39cc5df,,J. H. Brown,1863,/collections/spectropia-or-surprising-spectral-illusions-1865/22169130669_916d719b07_c.jpg,616,800,,ghosts
b3c7a9bf-f1bd-413e-97a6-a041da975784,,J. H. Brown,1863,/collections/spectropia-or-surprising-spectral-illusions-1865/22329969466_bc27b4ddfe_c.jpg,616,800,,ghosts
c9528ec4-6cdc-4aa2-9c8f-ff60b095189b,,J. H. Brown,1863,/collections/spectropia-or-surprising-spectral-illusions-1865/22168254468_d5512ea0d5_c.jpg,616,800,,ghosts
1a6c652c-af82-451c-851e-e28e1df161b0,"Mme. Bisson's Flashlight Photograph of 19 January, 1913",Baron von Schrenck Notzing,1913,/collections/photographs-from-a-seance-with-eva-carriere-1913/10590271093_d7dc76781a_b.jpg,600,953,,"ghosts,supernatural"
2f5b706b-866a-4d60-91f1-b49ae3539c27,"Flashlight Photograph by the Author, 13 March, 1911",Baron von Schrenck Notzing,1913,/collections/photographs-from-a-seance-with-eva-carriere-1913/10590052634_143979dfc7_b.jpg,600,831,,"ghosts,supernatural"
3383dda5-04c2-423f-a231-436e7f5e17f7,"Author's Flashlight Photograph of 19 May, 1913",Baron von Schrenck Notzing,1913,/collections/photographs-from-a-seance-with-eva-carriere-1913/10590056924_e93e3a86ef_b.jpg,600,924,,"ghosts,supernatural"
3ef2314b-da41-4874-aa7a-484eb5a6319a,"Author's Flashlight Photograph of 22 November, 1911",Baron von Schrenck Notzing,1913,/collections/photographs-from-a-seance-with-eva-carriere-1913/10590015015_20633f8f95_o.jpg,600,605,,"ghosts,supernatural"
4fcd7e21-f0c9-4e12-8c2c-83c6653bd763,Whole Phantom With Nude Medium,Baron von Schrenck Notzing,1913,/collections/photographs-from-a-seance-with-eva-carriere-1913/10590271463_e288396ea6_b.jpg,600,938,,"ghosts,supernatural"
4ef1d87c-a846-487d-89fb-9d81ec4a2ad8,"Author's Flashlight Photograph of 10 September, 1912",Baron von Schrenck Notzing,1913,/collections/photographs-from-a-seance-with-eva-carriere-1913/10590037436_31712f8bc3_b.jpg,600,729,,"ghosts,supernatural"
78150e45-e199-4465-80b4-cdcbe6066190,"Flashlight Photographs of 21 May, 1912",Baron von Schrenck Notzing,1913,/collections/photographs-from-a-seance-with-eva-carriere-1913/10590015165_d1ea43c227_b.jpg,600,674,,"ghosts,supernatural"
86200bdf-5d4e-4e1d-8a07-1b4a41008093,"Author's Flashlight Photograph of 1 June, 1912",Baron von Schrenck Notzing,1913,/collections/photographs-from-a-seance-with-eva-carriere-1913/10590035836_51d2f000a8_b.jpg,600,918,,"ghosts,supernatural"
87f5607a-abc9-444f-9183-e23dcddcce05,"Author's Second Flashlight Photograph, 21 August, 1911 / Flashlight Photograph by Dr. De Fontenay",Baron von Schrenck Notzing,1913,/collections/photographs-from-a-seance-with-eva-carriere-1913/10590053114_0d5b3d03f2_o.jpg,600,577,,"ghosts,supernatural"
84316c94-9d98-4e0f-ba22-844fd1b51cae,First Flashlight Photograph by the Author,Baron von Schrenck Notzing,1913,/collections/photographs-from-a-seance-with-eva-carriere-1913/10590052934_d3bb20657e_b.jpg,600,686,,"ghosts,supernatural"
9344a0f3-8475-4460-97ec-6fcf99ab579f,"Author's First Photograph of 5 August, 1912",Baron von Schrenck Notzing,1913,/collections/photographs-from-a-seance-with-eva-carriere-1913/10590270453_ee155aa255_c.jpg,602,800,,"ghosts,supernatural"
986e39c4-5011-4fb6-8d31-26cdccf3021b,"Author's Third Flashlight Photograph of 1 June, 1912",Baron von Schrenck Notzing,1913,/collections/photographs-from-a-seance-with-eva-carriere-1913/10590054314_52a7f43750_b.jpg,600,943,,"ghosts,supernatural"
91b7c047-5cf2-4aff-95f5-911f4fc9fded,"Flashlight Photograph by the Author, 30 December, 1911",Baron von Schrenck Notzing,1913,/collections/photographs-from-a-seance-with-eva-carriere-1913/10590268233_476071cf27_b.jpg,600,798,,"ghosts,supernatural"
c1c99b9a-93ec-44d7-a763-dc7e4ade5e83,"Mme. Bisson's Flashlight Photograph of 2 May, 1913",Baron von Schrenck Notzing,1913,/collections/photographs-from-a-seance-with-eva-carriere-1913/10590271933_c44e73bbea_b.jpg,587,1024,,"ghosts,supernatural"
e81c05cd-e253-46fe-a9d9-f4775bb63f1a,"Flashlight Photograph by the Author, 7 June, 1911",Baron von Schrenck Notzing,1913,/collections/photographs-from-a-seance-with-eva-carriere-1913/10590034446_869d54e4f8_b.jpg,600,737,,"ghosts,supernatural"
f583e2c8-85bf-48e3-a98c-bb46fa2a2a76,"Author's Flashlight Photograph of 30 November, 1912",Baron von Schrenck Notzing,1913,/collections/photographs-from-a-seance-with-eva-carriere-1913/10590055704_f82201e42e_b.jpg,600,832,,"ghosts,supernatural"
5e484b0b-6f37-4c13-9cc7-fd88e434571e,Composite Photograph in Two Poses / Group in Open Air,,1897,/collections/magic-stage-illusions-and-scientific-diversions-including-trick-photography-1897/magic-illus-19.jpg,2072,3084,,ghosts
1436e868-5206-441d-82dd-c4dd592ebc58,Hallowe'en,,ca. 1910,/collections/halloween-postcards/halloween-card-2.jpg,3972,6369,,"ghosts,witches"
305ee578-56b3-4001-abb0-924384566606,Hallowe'en,,ca. 1908,/collections/halloween-postcards/halloween-card-59.jpg,1920,1212,,"ghosts,witches"
39ae7941-b923-4651-aa32-80d9558ddb6b,Hallowe'en Faces!,,ca. 1913,/collections/halloween-postcards/halloween-card-71.jpg,1676,1098,,ghosts
65a00790-74fa-4628-8adc-3b0c2bc99d78,With Best Wishes for Hallowe'en,,1908,/collections/halloween-postcards/halloween-card-33.jpg,959,1500,,ghosts
6b1faddb-bdb6-4de3-a046-5685f7a9cde1,A Merry Hallowe'en,Ellen H. Clapsaddle,1909,/collections/halloween-postcards/halloween-card-31.jpg,2312,1500,,"ghosts,witches"
7fe76c60-f219-4295-a51f-6d34f2109bc8,Hallowe'en,Bernhardt Wall,1903,/collections/halloween-postcards/halloween-card-18.jpg,951,1500,,ghosts
7e5bab10-3786-4729-abc4-163ebad78ff4,Halloween,,ca. 1910,/collections/halloween-postcards/halloween-card-60.jpg,1240,1920,,"ghosts,witches"
7a086a2f-4724-469f-955b-ed1350a319bc,Hallowe'en,,ca. 1908,/collections/halloween-postcards/halloween-card-70.jpg,1679,1066,,"ghosts,witches"
9e4f004b-48ff-4159-bdcd-9b9d7d423e75,Jolly Hallowe'en,,ca. 1910,/collections/halloween-postcards/halloween-card-61.jpg,760,488,,"ghosts,witches"
9487e498-3be4-477e-bfd5-97c02d67c9b2,,,ca. 1913,/collections/halloween-postcards/halloween-card-72.jpg,1688,1118,,"ghosts,witches"
b287b6cc-90e0-479c-8d50-302131293a32,Oct 31st: All Hallowe'en Greetings,,ca. 1908,/collections/halloween-postcards/halloween-card-43-a.jpeg,1846,1196,,"ghosts,witches"
d01786cf-47e3-4816-9288-8306b7bac218,Jolly Halloween,,1907,/collections/halloween-postcards/halloween-card-30.jpg,949,1500,,"ghosts,witches"
df25358d-0a35-4225-8392-806e07730d1c,Hallowe'en Greetings,,1913,/collections/halloween-postcards/halloween-card-22.jpg,2346,1500,,"ghosts,witches"
d0394f23-ab27-42d4-ae34-d13bbe75e98c,Hallowe'en greeting,,1912,/collections/halloween-postcards/halloween-card-21.jpg,932,1500,,"ghosts,witches"
f3180d90-d9eb-4af4-9f1e-4ecde4e2e699,Hallowe'en Morning,,ca. 1912,/collections/halloween-postcards/halloween-card-24.jpg,2366,1500,,"ghosts,witches"
d82b2533-723a-4f87-9b5c-a1abe7eb0fc2,The Apparition,,1897,/collections/illustrations-from-a-victorian-book-on-magic-1897/8658338350_18bd903011_o.jpg,452,646,,"ghostly,supernatural"
2c7a3d3d-8285-4536-a0c7-a28d935221d5,"""Mount Prodigal"", Gloucester County, Virginia",,,/collections/double-exposures/8506993597_25c9c8c1cd_o.jpg,800,638,,ghostly
7f7e50ea-1e38-44a0-85a3-576189b7d2eb,"A girl with flowers, a family appearing behind.",,ca. 1905,/collections/double-exposures/8508102884_814d936a0a_c.jpg,800,646,,ghostly
62eba208-09ce-47d7-8528-2bf58933175f,Prodigious warnings concerning the city of Jerusalem,,1559,/collections/histoires-prodigieuses/histoires-prodigieuses-00002.jpg,2634,2938,,supernatural
6c433d3c-49bf-4147-bf4c-fe6576849d4d,Prodigious tempest that fell upon Milan,,1559,/collections/histoires-prodigieuses/histoires-prodigieuses-00007.jpg,2594,2920,,supernatural
e4adddf1-318c-477d-a026-8172f8ad2857,"A young virgin, who was riding on horseback, struck by a thunderbolt",,1559,/collections/histoires-prodigieuses/histoires-prodigieuses-00008.jpg,2793,2998,,supernatural
f013aafe-9e66-456c-a639-a85b6e9d84c2,"Prodigious visions, with several memorable examples of phantoms",,1559,/collections/histoires-prodigieuses/histoires-prodigieuses-00019.jpg,2608,2937,,supernatural
4d8278f2-8044-4bda-b91a-e5e460aa275a,A king who was so fat that he had his fat sucked out by leeches,,1559,/collections/histoires-prodigieuses/histoires-prodigieuses-00023.jpg,2634,2959,,supernatural
65af254a-ce1a-4dce-912f-90058c48feca,Two Christian Princesses who could not be harmed by fire,,1559,/collections/histoires-prodigieuses/histoires-prodigieuses-00024.jpg,2667,2969,,supernatural
af9a9c99-a326-4ad8-8b08-0ce044ce2669,The roots of the Baara,,1559,/collections/histoires-prodigieuses/histoires-prodigieuses-00026.jpg,2618,2855,,supernatural
c8355dd9-05ea-4fcb-aa0b-ca832871736f,A tupilak frightening a man to death in his kayak,Knud Rasmussen,1913,/collections/eskimo-folktales/eskimofolktales00rasm_0113.jpg,1535,1007,,supernatural
00c8ccff-2859-4b1c-bd61-4c2ad163e6d7,Spirit of the Renegade Monk,Katsukawa Shunsho,1783,/shop/edit-The-actors-Ichikawa-Danjuro-V-as-a-skeleton.jpg,832,900,,supernatural
1e6a5ec0-3ba7-44f4-b705-4f7cb83fa98c,Dream,Odilon Redon,1878-82,/collections/the-art-of-dreams/17223765341_a13f048f32_b.jpg,706,1024,,supernatural
f1ec7198-b0b5-4857-9f89-231c6cdf0e88,The Dream of Pilate’s Wife,Gustave Doré,ca. 1879,/collections/the-art-of-dreams/17016255167_4c20637375_c.jpg,800,543,,supernatural
4fca2546-038b-49a5-9b40-913a90e1fa32,The Apparition,,1897,/collections/magic-stage-illusions-and-scientific-diversions-including-trick-photography-1897/magic-illus-14b.jpg,1897,2676,,supernatural
d54ecadd-34ea-4a60-9ff4-fef9fcc592a8,"""I had walled the monster up within the tomb!"" (The Black Cat)",Harry Clarke,1919,/collections/harry-clarke-s-illustrations-for-poe-s-tales-of-mystery-and-imagination-1919/29966397270_8d5aa39129_o.jpg,531,700,,supernatural
793c1848-9da7-4887-a18e-17db14b6d02c,The Witches at the Walnut Tree of Benevento,Guglielmo della Porta,ca. 1534–77,/essays/roma-lister-aradia/03-DP811268-edit.jpg,3555,1764,,witches
d4eef827-0b42-464d-a3b7-203cd0d9d0a4,Wooden Spanish Puppets,,1920,/collections/book-of-marionettes/bookofmarionette00joserich_0123.jpg,3015,2481,,witches
0ec846a9-78b2-4f7d-ba01-6319925c2a1d,Yellow-Throated Vireo (*Vireo Flavifrons*),,1897,/essays/titiba-and-the-invention-of-the-unknown/Birds_-_illustrated_by_color_photography_-_a_monthly_serial_(1897)_(14563789359)-edit.jpg,1400,909,,"witchcraft,witches"
d22f21d6-5ede-499c-bd44-1315122473a0,"""I Am the Witch of the North.""",W. W. Denslow,1900,/collections/w-w-denslow-illustrations-wonderful-wizard-of-oz-1900/0025v.jpg,897,1200,,witches
096252ca-d6c4-48fb-a4f4-bbaedfd2ff1a,Shipton's Prophecies,Robert Cruikshank,1823,/essays/divining-the-witch-of-york-propaganda-and-prophecy/45494165191_b094430bde_o.jpg,830,1268,,witches
bc943bfd-cf82-417b-83a5-a2dc522c725a,Mother Shipton,,1686,/essays/divining-the-witch-of-york-propaganda-and-prophecy/43677816870_6af1d8c640_c.jpg,712,800,,witches
2e8d5368-f385-4edd-9671-72fd63bab025,Hallowe-'en Greeting,,ca. 1913,/collections/halloween-postcards/4055670275_15ddf44b65_o.jpg,760,488,,witches
235bc0b1-7c2e-4aa3-b693-14a319708339,On Hallowe'en,,ca. 1910,/collections/halloween-postcards/4055670403_2d06b92e95_o.jpg,760,492,,"witchcraft,witches"
4a44d282-b59d-410a-964c-90dfb9fa69ac,Happy Hallowe'en,,1909,/collections/halloween-postcards/halloween-card-26.jpg,2332,1500,,witches
7deade91-786d-4669-8128-f3b457620a79,Hallowe'en,,ca. 1910,/collections/halloween-postcards/halloween-card-46.jpg,490,760,,witches
843485f7-7a76-4bbc-bdf4-34b57eea0f91,The Joys of Hallowe'en,,ca. 1910,/collections/halloween-postcards/halloween-card-35.jpg,1198,1920,,witches
0ad537d7-0d8b-4e97-aa4d-bef51b792d52,May Luck and Love Meet you on All Hallowe'en,,ca. 1912,/collections/halloween-postcards/halloween-card-37.jpg,1229,1920,,witches
b3296c31-17da-491b-b43d-f07b76e47afb,Hallowe'en Precautions,,ca. 1910,/collections/halloween-postcards/4056410952_36aa169050_o.jpg,760,484,,witches
d2907d3d-2206-46d6-b21c-46ab0182aa1d,Hallowe'en,,1910,/collections/halloween-postcards/4056410832_bd393e9e8c_o.jpg,760,496,,witches
dfbc2bf2-b1aa-4e72-b8eb-ef80da10142e,On Halloween We'll Steal the Gate and Kilter Everything Thats Straight,,ca. 1910,/collections/halloween-postcards/halloween-card-32.jpg,2349,1500,,witches
f652a817-5fae-4a8f-8fc6-8533a5373a5d,Halloween Greetings,,ca. 1912,/collections/halloween-postcards/halloween-card-25.jpg,2414,1500,,witches
f15748f8-0830-4f0b-ab95-bc719b9f4a71,Merry Hallowe'en,,ca. 1910,/collections/halloween-postcards/halloween-card-58.jpg,1920,1228,,witches
23667faf-8bc0-44cc-b070-a6103b9f12d3,Universal Figure of The Divine Comedy,Michelangelo Caetani,1855,/collections/michelangelo-caetani-maps-of-the-divina-commedia/PJM_2517_06-edit.jpg,7551,10282,,hell
c4e960a9-99d3-47cb-bfd8-75c857fac99d,Plan of Hell and Dante’s Journey,Michelangelo Caetani,1855,/collections/michelangelo-caetani-maps-of-the-divina-commedia/PJM_2517_08-edit.jpg,7528,10200,,hell
4bbf5e12-0d03-4fa6-a9ce-25ebe9882726,Cross Section of Hell,Michelangelo Caetani,1855,/collections/michelangelo-caetani-maps-of-the-divina-commedia/PJM_2517_09-edit.jpg,10232,7544,,hell
4a591bc1-7b7f-4300-b70e-61dba4956e52,The Order of Purgatory,Michelangelo Caetani,1855,/collections/michelangelo-caetani-maps-of-the-divina-commedia/PJM_2517_10-edit.jpg,10176,7512,,hell
1a20b8c8-8e08-4f27-ba6a-b92790e81a99,The Order of Paradise,Michelangelo Caetani,1855,/collections/michelangelo-caetani-maps-of-the-divina-commedia/PJM_2517_11-edit.jpg,7626,10264,,hell
3cf98655-f654-46fd-bd8d-9068907b94ee,Universal Figure of The Divine Comedy,Michelangelo Caetani; Monte Cassino Abbey,1872,/collections/michelangelo-caetani-maps-of-the-divina-commedia/PJM_1071_01-edit.jpg,4705,6344,,hell
29b87ac5-4b4e-49cd-af89-cd1fb9b84f83,Plan of Hell and Dante’s Journey,Michelangelo Caetani; Monte Cassino Abbey,1872,/collections/michelangelo-caetani-maps-of-the-divina-commedia/PJM_1071_03-edit.jpg,4718,6305,,hell
124ffd8d-b4e0-47c4-b24d-bd8a0f2ed95c,Cross Section of Hell,Michelangelo Caetani; Monte Cassino Abbey,1872,/collections/michelangelo-caetani-maps-of-the-divina-commedia/PJM_1071_04-edit.jpg,6335,4621,,hell
5e4b2575-301b-4e24-8a74-a0b9a3b2715b,The Order of Purgatory,Michelangelo Caetani; Monte Cassino Abbey,1872,/collections/michelangelo-caetani-maps-of-the-divina-commedia/PJM_1071_05-edit.jpg,6325,4720,,hell
710def6c-ff0f-49d6-9c77-dbded91bbc13,The Order of Paradise,Michelangelo Caetani; Monte Cassino Abbey,1872,/collections/michelangelo-caetani-maps-of-the-divina-commedia/PJM_1071_06-edit.jpg,4745,6320,,hell
42d21a93-2478-4052-abb4-6eaae1ab97be,Universal Figure of the Divine Comedy,Michelangelo Caetani,1872,/shop/PJM_1071_01-edit.jpg,1126,1500,,hell
5a0cf6cc-2042-43b4-a3a9-2a9d1ec05612,"*Inferno*, Canto XXXIII*, 1865. Heads frozen in the lake of Cocytus.",Luigi Ademollo,1865,/collections/dante-divine-comedy-in-art/dante-commedia-69.jpg,1000,1349,,hell
5f4b2ee5-cc45-4607-b1a7-7fc4e5ac1a75,"*Inferno*, Canto XXXIV: Dante and Virgil emerge from Hell and see the stars.",,ca. 1370,/collections/dante-divine-comedy-in-art/dante-commedia-7.jpg,1273,1307,,hell
7f781083-bb9e-43af-8871-d967ab0dc451,"*Inferno*, Canto XXXIII. Ugolino gripped the sad skull of Ruggieri with his teeth.",Adolf von Stürler,1884,/collections/dante-divine-comedy-in-art/dante-commedia-77.jpg,1000,1345,,hell
7c9e425a-8f8c-40ec-af41-de11e4ea69c2,"*Inferno*, Canto XXV: The false counsellors; Dante and Virgil clamber out of the pit to the next summit.",,ca. 1370,/collections/dante-divine-comedy-in-art/dante-commedia-8.jpg,2189,1385,,hell
8a04a082-b315-401c-afe9-bd14e1264ed8,"*Inferno*, Canto XXXIV: Dante and Virgil watch Lucifer who is devouring Cassius, Brutus, and Judas with three mouths.",,ca. 1300–50,/collections/dante-divine-comedy-in-art/dante-commedia-3.jpg,1844,1313,,hell
9c663003-6bd1-4b26-b16b-733a9e5bcbb8,"*Inferno*, Canto VII: Dante and Virgil are in a barren wood, with harpies representing the souls of suicides.",,ca. 1370,/collections/dante-divine-comedy-in-art/dante-commedia-10.jpg,2880,1341,,hell
05e02ccf-b0e7-44bf-8e1d-5ac615ea9a0f,"*Inferno*, Canto XXXIII: Ugolino devouring Ruggieri.",Filippo Machievelli,1819,/collections/dante-divine-comedy-in-art/dante-commedia-55.jpg,1400,1098,,hell
0b79ef10-17b3-4d44-a343-87c24f33cf98,"*Inferno*, Canto XXXIV: Lucifer devouring his victims.",Cornelis Galle (I); Stradanus,ca. 1590,/collections/dante-divine-comedy-in-art/dante-commedia-51.jpg,1200,1640,,hell
a5ebe3a8-4096-4ed0-965a-5680ea5fddd9,Cross Section of Hell,Michelangelo Caetani,1855,/collections/dante-divine-comedy-in-art/dante-commedia-67.jpg,1400,1003,,hell
175ed947-9574-4549-9186-eb33ad578231,Milton's universe as interpreted by David Masson,William Fairfield Warren,1915,/collections/the-universe-as-pictured-in-miltons-paradise-lost/universepictures00warruoft_0079.jpg,1828,1832,,hell
350e4fdb-5324-4893-836a-2ffc1800e9e3,"The third circle of Milton's Hell, as detailed by John Andrew Himes",William Fairfield Warren,1915,/collections/the-universe-as-pictured-in-miltons-paradise-lost/universepictures00warruoft_0085.jpg,1808,1784,,hell
38224058-1b98-451f-919e-4a79a091b324,Milton's Universe as interpreted by Thomas N. Orchard,William Fairfield Warren,1915,/collections/the-universe-as-pictured-in-miltons-paradise-lost/universepictures00warruoft_0084.jpg,1816,2852,,hell
451b8677-47ea-49f4-b953-90d48ad2eef7,Milton's universe before the creation of earth and its heavens,William Fairfield Warren,1915,/collections/the-universe-as-pictured-in-miltons-paradise-lost/universepictures00warruoft_0029.jpg,1888,2664,,hell
72ba427c-6f9d-4b4c-8770-62b1f0544c7c,Milton's universe as interpreted by John Andrew Himes,William Fairfield Warren,1915,/collections/the-universe-as-pictured-in-miltons-paradise-lost/universepictures00warruoft_0080.jpg,3068,1464,,hell
9553a6c0-772b-4484-bdf8-3dde6ef90f95,A representation of the Babylonian Universe with upper hemispheres cut away to show the interior.,William Fairfield Warren,1915,/collections/the-universe-as-pictured-in-miltons-paradise-lost/universepictures00warruoft_0037.jpg,2180,2408,,hell
0ea7487b-0561-4005-a082-87c0fcc06c47,Milton's Universe as interpreted by Thomas N. Orchard,William Fairfield Warren,1915,/collections/the-universe-as-pictured-in-miltons-paradise-lost/universepictures00warruoft_0083.jpg,1832,2876,,hell
acdd9230-aca0-40f4-9769-a563515da7d0,Milton's universe after the creation of earth and its heavens,William Fairfield Warren,1915,/collections/the-universe-as-pictured-in-miltons-paradise-lost/universepictures00warruoft_0033.jpg,1920,2628,,hell
c606e36a-31f4-49d6-af6b-1f1a4252d28d,An Alternative Interpretation by Homer B. Sprague,William Fairfield Warren,1915,/collections/the-universe-as-pictured-in-miltons-paradise-lost/universepictures00warruoft_0082.jpg,2136,2588,,hell
daa61c5e-e8ba-470b-869e-0d83f8486f31,Milton's Universe as Interpreted by Homer B. Sprague,William Fairfield Warren,1915,/collections/the-universe-as-pictured-in-miltons-paradise-lost/universepictures00warruoft_0081.jpg,2128,2616,,hell
550f94e9-8f3c-4c34-8597-2eea87744a66,Hell According to the Burmese,Anonymous,1906,/shop/dec2019-32.jpg,934,1200,,hell
1607e81b-fdc8-4977-aaba-7247b6b9345b,"Paradise Lost: Book 2, Line 1",John Martin,1827,/collections/john-martin-s-illustrations-of-paradise-lost-1827/48008677022_e9cf203e95_b.jpg,1023,714,,hell
2892d4f5-355b-4e81-b8df-77b08885b468,"Paradise Lost: Book 7, Line 339",John Martin,1827,/collections/john-martin-s-illustrations-of-paradise-lost-1827/48008678577_c02ef9334c_b.jpg,1024,700,,hell
3606e3dd-15c4-4910-b438-d48c685f3e3a,"Paradise Lost: Book 1, Line 314",John Martin,1827,/collections/john-martin-s-illustrations-of-paradise-lost-1827/48008596963_cec78d253f_c.jpg,600,799,,hell
639dfd37-adeb-4e89-8701-f5120804989e,"Paradise Lost: Book 4, Line 866",John Martin,1827,/collections/john-martin-s-illustrations-of-paradise-lost-1827/48008598428_20b1a8f15b_b.jpg,1024,707,,hell
61767b38-aa6c-4bc6-8b1f-a1f9b199703f,"Paradise Lost: Book 1, Line 44",John Martin,1827,/collections/john-martin-s-illustrations-of-paradise-lost-1827/48008676482_c338dc9556_c.jpg,630,799,,hell
088388fc-9d83-43ea-ba5d-8c4ad021baa4,"Paradise Lost: Book 1, Line 710",John Martin,1827,/collections/john-martin-s-illustrations-of-paradise-lost-1827/48008597163_f14e76af0e_b.jpg,1024,718,,hell
c58d036e-410a-48ee-bb0d-eeb94b9acbb4,"Paradise Lost: Book 10, Line 312 & 347",John Martin,1827,/collections/john-martin-s-illustrations-of-paradise-lost-1827/48008599203_3889c4d29f_b.jpg,1024,720,,hell
f6ac521d-7bae-42a2-8da7-47ba00e0a7b4,"Paradise Lost: Book 4, Line 813",John Martin,1827,/collections/john-martin-s-illustrations-of-paradise-lost-1827/48008678077_c4a9322ede_b.jpg,1024,696,,hell
f7c156f8-d94d-4441-ab7e-a409d2087801,"Paradise Lost: Book 2, Line 727",John Martin,1827,/collections/john-martin-s-illustrations-of-paradise-lost-1827/48008677207_bc17194ff3_b.jpg,1024,736,,hell
2304858b-ca34-4afc-8aaa-2354ae42c26b,Dante and Virgil before Forise Donati,,1444–1450,/collections/14th-century-illuminations-for-dante-s-divine-comedy/17504472593_babf51d180_b.jpg,1023,545,,hell
2e1da06d-865d-4ec1-9e94-7c791b2f95e7,Dante and Virgil entering the area devoted to simoniacs and magicians,,1444–1450,/collections/14th-century-illuminations-for-dante-s-divine-comedy/18126091521_477442b3a8_b.jpg,1024,565,,hell
5385d0ce-38f1-4fc6-b068-9b5c41e41590,The cardinal sinners being punished in Hell,,1444–1450,/collections/14th-century-illuminations-for-dante-s-divine-comedy/18121534652_2b791ae54a_b.jpg,1024,634,,hell
7d624244-95c8-42b2-a25f-89c15725a855,The legends of Theseus and Ariadne,,1444–1450,/collections/14th-century-illuminations-for-dante-s-divine-comedy/17938817799_05135be7a3_b.jpg,1024,506,,hell
8499d203-0c7f-4a44-aec0-850f78d68ea9,"Dante and Virgil entering the fourth circle, with Plutus Avaricius, the Prodigals and the Wrathful",,1444–1450,/collections/14th-century-illuminations-for-dante-s-divine-comedy/17502429854_e90fbc09b4_b.jpg,1024,558,,hell
03d32b60-d985-40fe-a130-4fd0a32fc558,Dante being rowed by Charon across the River Acheron,,1444–1450,/collections/14th-century-illuminations-for-dante-s-divine-comedy/18126085761_093de709b2_b.jpg,1024,563,,hell
aea2d82e-d06d-4825-84af-1227b906fe9a,Dante and Virgil observing the fate of the Lustful,,1444–1450,/collections/14th-century-illuminations-for-dante-s-divine-comedy/17937135548_dcfb0df0db_b.jpg,1024,599,,hell
a6817ca5-1d78-407b-912f-f459f80c531c,Dante and Virgil looking into the tomb of Pope Anastasius,,1444–1450,/collections/14th-century-illuminations-for-dante-s-divine-comedy/18121536232_597df797e8_b.jpg,1024,514,,hell
c131bcbc-cb9e-49b5-8cfd-ac17b2c33da9,"Dante and Virgil encountering groups of coiners, counterfeiters, alchemists, and forgers",,1444–1450,/collections/14th-century-illuminations-for-dante-s-divine-comedy/17937127258_52641969bb_b.jpg,1024,553,,hell
7e87552f-b44b-4ad1-af69-45525529c930,“Snakes are attached to the ears of someone who eavesdropped at the door”,,19th century,/collections/punishment-in-the-afterlife-an-eastern-turki-manuscript/13991496109_199474c9f8_b.jpg,662,850,,hell
81a27e81-bed9-4803-865e-2a41531754fc,"“[For] one who was jealous of another, they hung pots of embers from his neck, and on Judgement Day attached snakes to both of his hands.”",,19th century,/collections/punishment-in-the-afterlife-an-eastern-turki-manuscript/14174860171_f5ddda4510_b.jpg,620,826,,hell
80b295f6-8a39-48a4-b473-36d909b4ff46,“The appearance of a servant who pleases his master will not be transformed”,,19th century,/collections/punishment-in-the-afterlife-an-eastern-turki-manuscript/14174860611_0cab8f14f4_b.jpg,620,789,,hell
89400663-6f91-4e04-8b27-8ec295116827,“Someone who bore false witness receives this kind of torment”,,19th century,/collections/punishment-in-the-afterlife-an-eastern-turki-manuscript/14178166445_29d58af115_b.jpg,620,784,,hell
01a7eedc-47c0-4a9c-9b4a-fb5e732565b0,"“If someone sees a naked person without performing prayers, they will have committed much sin”",,19th century,/collections/punishment-in-the-afterlife-an-eastern-turki-manuscript/14178192354_bc8802abb8_b.jpg,620,781,,hell
b5043549-46a8-4004-a752-f5e6c576fefb,"“Those dervishes who have toiled and been abused, and have not known comfort in this world, they too [like the prophet] will ride Baraq [to heaven]”",,19th century,/collections/punishment-in-the-afterlife-an-eastern-turki-manuscript/14155080116_6ecd03633c_b.jpg,620,759,,hell
e55e0d32-eb20-4f96-b8d4-9cd424eb64f3,“They torture a man or woman who has had sexual relations during menstruation or the period after childbirth by pulling their tongue out of their neck”,,19th century,/collections/punishment-in-the-afterlife-an-eastern-turki-manuscript/14178166345_8cb5048934_b.jpg,680,850,,hell
f87d470d-dda5-4c43-b222-662f593fc47f,"“He dedicated himself to his guiding pir (Sufi master) and refrained from people’s ..... (?) and abstained from illicit activity, tobacco and alcohol”",,19th century,/collections/punishment-in-the-afterlife-an-eastern-turki-manuscript/14198291533_d224ab2811_b.jpg,620,787,,hell
