file,uuid,title,artist,date,w,h,tags,status
the-cruelty-of-the-bull-1647__3e3e41e6.jpg,3e3e41e6-f12e-4807-bea9-a032083e5dc1,"The Cruelty of the Bull, 1647",,ca. 1756–91,3811,3267,monsters,ok
kite-flying-scene__550b6149.jpg,550b6149-6a7e-4a15-a98a-fd4cb5109950,Kite-flying scene,Utagawa Hiroshige,ca. 1797–1858,3000,1962,monsters,ok
kites-of-fukuroi-and-distant-view-of-akiba-in-totomi-provinc__168d78a9.jpg,168d78a9-18ef-4395-abe0-6f0c19df95ec,Kites of Fukuroi and Distant View of Akiba in Totomi Province,Utagawa Hiroshige,1859,2036,3000,monsters,ok
satan__66c89845.jpg,66c89845-e7a8-466e-ad59-3d4c97ed9b97,Satan,,1559,2794,2965,"beasts,devils,human-animal-hybrid,hybrid-figures,monsters,supernatural",ok
a-story-of-our-times-of-two-girls-joined-together__1f2c7402.jpg,1f2c7402-75d9-4808-be69-9a704d3dcbf0,"A story of our times, of two girls joined together",,1559,2596,2970,"beasts,monsters",ok
the-monster-of-cracow__340dcbe6.jpg,340dcbe6-8acb-44de-990d-9f305ea817f9,The Monster of Cracow,,1559,2597,2930,"beasts,devils,human-animal-hybrid,hybrid-figures,monsters,supernatural",ok
monster-born-on-the-borders-of-england-and-normandy__5ef6bed8.jpg,5ef6bed8-e1ce-4dbc-8e9f-246560a09f83,Monster born on the borders of England and Normandy,,1559,2573,3019,"beasts,monsters",ok
little-male-monster-who-has-four-arms-and-four-legs__c12994d4.jpg,c12994d4-4312-45fd-a66b-00dd51717196,"Little male monster, who has four arms and four legs",,1559,2625,3041,"beasts,monsters",ok
conjoined-twins-from-verona__7e15046a.jpg,7e15046a-4705-41f9-82ee-5ddb5d1bab7e,Conjoined twins from Verona,,1559,2634,2959,"beasts,monsters",ok
two-monsters-one-male-the-other-female-seen-in-our-time-in-i__2f7da1d0.jpg,2f7da1d0-ef00-4ef7-8501-60ec639b5998,"Two monsters, one male, the other female, seen in our time in Italy",,1559,2617,2839,"beasts,monsters",ok
male-monster-who-has-been-seen-in-france-in-our-time__f9cf34d5.jpg,f9cf34d5-8148-4e3c-94fa-bfe68cc5d0b4,Male monster who has been seen in France in our time,,1559,2657,2992,"beasts,monsters",ok
a-rich-noblewoman-fortifying-herself-against-the-laws-of-nat__5662193e.jpg,5662193e-1c0d-49f2-90d3-b0be3e184022,A rich noblewoman fortifying herself against the laws of nature,,1559,2607,2733,"beasts,devils,monsters,supernatural",ok
an-embalmed-serpent-sent-by-the-venetians-to-king-francis__123fd004.jpg,123fd004-6e34-4013-bc50-a30f24db8ef3,An embalmed serpent sent by the Venetians to King Francis,,1559,2651,2926,"beasts,devils,monsters,serpents,supernatural",ok
the-devil-in-india__50798c69.jpg,50798c69-87e8-43da-a584-4dac1d2f378c,The Devil in India,Jörg Breu the Elder,1515,1576,1672,"beasts,devils,human-animal-hybrid,hybrid-figures,monsters,supernatural",ok
dreams__a6041d66.jpg,a6041d66-7ff6-4a6c-bd80-b207b5289841,Dreams,Aubrey Beardsley,1894,1882,2578,"dragons,grotesque,hybrid-figures,monsters",ok
unpublished-design__cfafee22.jpg,cfafee22-0192-48b9-bcc5-b97d7379ba9f,Unpublished design,Aubrey Beardsley,1894,2227,2047,"grotesque,hybrid-figures,monsters",ok
image-of-a-blemmyes__e28d20a0.jpg,e28d20a0-d4be-425b-9f66-4664d6d752ad,Image of a blemmyes,,ca. 1175–1200,625,722,"bestiary,monsters",ok
image-of-a-blemmyes__49a6c1c8.jpg,49a6c1c8-1ea1-4819-8a06-6dee48232225,Image of a blemmyes,,ca. 1250,1370,1941,"bestiary,monsters",ok
image-of-a-blemmyes__cd246621.jpg,cd246621-357c-4bb0-95fa-4f91e231e97f,Image of a blemmyes,,ca. 1260,700,672,"bestiary,monsters",ok
blemmyes-and-other-monsters__49ad4a35.jpg,49ad4a35-7735-4d4a-a72c-264b22fcb80d,Blemmyes and other “monsters”,,ca. 1277 or after,2321,3080,"bestiary,monsters",ok
image-of-blemmyes__31e9a124.jpg,31e9a124-1014-4cc5-b666-b82f40273207,Image of blemmyes,,ca. 1442–1448,1176,1727,"bestiary,human-animal-hybrid,monsters",ok
image-of-blemmyes__1e3b0b7d.jpg,1e3b0b7d-28ac-4c9c-b47a-d45831a9b6a6,Image of blemmyes,,ca. 1450–1475,3358,4287,"bestiary,monsters",ok
blemmyes-and-other-monsters__6a442538.jpg,6a442538-5da0-4415-b26e-1c9a7d30d353,Blemmyes and other “monsters”,,ca. 1475,1398,1190,"bestiary,human-animal-hybrid,monsters",ok
blemmyes-and-other-monsters__d179ecb4.jpg,d179ecb4-303b-4595-8369-f7d06c2fa43b,Blemmyes and other “monsters”,,1481,1680,2368,"bestiary,human-animal-hybrid,monsters",ok
image-of-blemmyes__d3e4b0d6.jpg,d3e4b0d6-3fdf-4eb2-8d57-37b50f05831c,Image of blemmyes,,1537,1134,1688,"bestiary,monsters",ok
blemmyes-and-other-monsters__3b1bae6a.jpg,3b1bae6a-8ded-4eb4-a092-63c5333c70c5,Blemmyes and other “monsters”,,1500,1682,1200,"bestiary,human-animal-hybrid,monsters",ok
blemmyes-and-dog-headed-beings__fa677efd.jpeg,fa677efd-fc23-4fba-adab-16632e029981,Blemmyes and dog-headed beings,,1553,1315,2114,"bestiary,human-animal-hybrid,monsters",ok
image-of-a-blemmyes__df1a9965.jpg,df1a9965-2f28-44be-a2f2-e5ac4f17b351,Image of a blemmyes,,1557,1370,1368,"bestiary,monsters",ok
image-of-a-blemmyes__1475e9ca.jpg,1475e9ca-a392-4167-a151-f21da80e32b7,Image of a blemmyes,,1557,1406,1374,"bestiary,monsters",ok
blemmyes-and-other-monsters__2df7ee58.jpg,2df7ee58-9f64-4e69-a47f-cef8b8248b9c,Blemmyes and other “monsters”,Adriaen Coenen,1577,2160,1564,"bestiary,human-animal-hybrid,monsters",ok
image-of-blemmyes__e195f262.jpeg,e195f262-4f54-472d-bf41-baa6f55661dd,Image of blemmyes,,ca. 1625–1650,1072,1374,"bestiary,monsters",ok
image-of-blemmyes__446f722b.jpg,446f722b-7b03-4200-b8ba-2fa1f7305e65,Image of blemmyes,,1642,2118,2451,"bestiary,monsters",ok
image-of-a-blemmyes__96f95644.jpg,96f95644-de63-45ce-b9ec-1de979bc8d06,Image of a blemmyes,,1653,755,872,"bestiary,monsters",ok
blemmyes-and-other-monsters__1013aef2.jpg,1013aef2-1057-4198-ba50-4e7672d375d9,Blemmyes and other “monsters”,,1665,2596,3520,"bestiary,human-animal-hybrid,monsters",ok
image-of-blemmyes__42d444e7.jpg,42d444e7-e9a9-4967-a007-479fade36afc,Image of blemmyes,,1665,1988,1428,"bestiary,monsters",ok
blemmyes-and-other-monsters__09a721de.jpg,09a721de-b54d-4191-a5d8-b8236f0a9b61,Blemmyes and other “monsters”,,1696,2207,3575,"bestiary,human-animal-hybrid,monsters",ok
image-of-a-blemmyes-among-humans__867bd753.jpg,867bd753-5fff-454b-88fa-1f9c5a758df3,Image of a blemmyes among humans,,1724,2152,2861,"bestiary,monsters",ok
sea-monsters-unmasked__ecb78978.jpg,ecb78978-0c80-4d2b-ac6e-3f20385c9195,Sea Monsters Unmasked,Henry Lee,1883,2448,4146,"monsters,sea-monsters,sea-serpents",ok
the-octopus-octopus-vulgaris__2bda5e89.jpg,2bda5e89-88c1-409a-9e77-e1498cae080c,The Octopus (Octopus vulgaris),Henry Lee,1883,3036,2259,"monsters,sea-monsters,sea-serpents",ok
fascimile-of-de-montfort-s-poulpe-colossal__5472449e.jpg,5472449e-e582-4ff6-9c56-cd50af9a9d4d,Fascimile of De Montfort's Poulpe colossal,Henry Lee,1883,1956,2968,"monsters,sea-monsters,sea-serpents",ok
gigantic-calamary-caught-by-the-french-despatch-vessel-alect__6548e941.jpg,6548e941-d517-4fbc-8457-db0b2c83908d,"Gigantic Calamary Caught by the French Despatch Vessel Alecton, Neear Teneriffe",Henry Lee,1883,2133,3231,"monsters,sea-monsters,sea-serpents",ok
head-and-tentacles-of-a-great-calamary-architeuthis-princeps__1c86a4da.jpg,1c86a4da-3775-4405-8625-e22085710d04,"Head and Tentacles of a Great Calamary (Architeuthis princeps) Taken in Logie Bay, Newfoundland, Nov. 1873",Henry Lee,1883,2084,2784,"monsters,sea-monsters,sea-serpents",ok
pontoppidan-s-sea-serpent__f5246747.jpg,f5246747-30c8-4f14-bba9-207388dceab7,Pontoppidan's Sea Serpent,Henry Lee,1883,856,3044,"monsters,sea-monsters,sea-serpents",ok
the-animal-draws-by-mr-bing-as-having-been-seen-by-hans-eged__7a9718f9.jpg,7a9718f9-a1d8-40d8-9890-6d1fed44ce46,The Animal Draws By Mr. Bing as Having Been Seen by Hans Egede,Henry Lee,1883,3515,2333,"monsters,sea-monsters,sea-serpents",ok
the-animal-which-egede-probably-saw__d1b36a60.jpg,d1b36a60-cc78-40fd-98d8-7c941fc4c425,The Animal Which Egede Probably Saw,Henry Lee,1883,2024,1796,"monsters,sea-monsters,sea-serpents",ok
the-sea-serpent-and-sperm-whale-as-seen-from-the-pauline__20c84c72.jpg,20c84c72-cc16-4861-bea2-e006b13ca82f,The Sea Serpent and Sperm Whale as Seen from the Pauline,Henry Lee,1883,3402,2051,"monsters,sea-monsters,sea-serpents",ok
sea-fables-explained__c4cf2332.jpg,c4cf2332-a387-4357-b1ae-acdf3e116bbf,Sea Fables Explained,Henry Lee,1883,1931,3174,"monsters,sea-monsters,sea-serpents",ok
fish-avatar-for-vishnu__f9638eac.jpg,f9638eac-381a-4f9a-adab-a3f9aa29efb4,Fish Avatar for Vishnu.,Henry Lee; Calmet and Maurice (after),1883,1184,3032,"human-animal-hybrid,monsters,sea-monsters,sea-serpents",ok
christian-symbol-from-the-catacombs-at-rome__d2389fea.jpg,d2389fea-25f8-4993-92c7-dd5b8cdcf342,Christian Symbol. From the Catacombs at Rome.,Henry Lee,1883,1860,720,"monsters,sea-monsters,sea-serpents",ok
mermaid-and-fishes-of-amboyna__abe2c360.jpg,abe2c360-9961-41dd-b2d9-2e4d1d85b894,Mermaid and fishes of Amboyna.,Henry Lee; Valentyn (after),1883,1908,1386,"human-animal-hybrid,monsters,sea-monsters,sea-serpents",ok
a-japanese-artificial-mermaid__fff22a93.jpg,fff22a93-683a-4754-a641-9cf883c529a0,A Japanese Artificial Mermaid.,Henry Lee,1883,1852,856,"human-animal-hybrid,monsters,sea-monsters",ok
an-artificial-mermaid-probably-japanese__62186771.jpg,62186771-5641-481f-9a38-b08b5927c8ed,"An Artificial Mermaid, Probably Japanese.",Henry Lee,1883,764,1640,"human-animal-hybrid,monsters,sea-monsters",ok
a-mermaid-from-a-japanese-picture__23e4fdff.jpg,23e4fdff-4e10-4d6a-b0de-d917909b29d1,A Mermaid. From a Japanese picture.,Henry Lee,1883,880,1152,"monsters,sea-monsters",ok
figure-of-an-octopus-on-a-gold-ornament-found-by-dr-schliema__f878f76e.jpg,f878f76e-caac-4f88-97d4-1cc9448b5a05,"Figure of an Octopus on a Gold Ornament, Found by Dr. Schliemann at Mycenae.",Henry Lee,1883,1796,1848,"monsters,sea-monsters",ok
golden-ornament-in-form-of-an-octopus-found-by-dr-schliemann__318461e7.jpg,318461e7-6560-4a68-a5c9-6a64eb4efcfd,"Golden Ornament in Form of an Octopus, Found by Dr. Schliemann at Mycenae.",Henry Lee,1883,1848,1284,"monsters,sea-monsters",ok
the-goose-tree-copied-from-gerard-s-herball-1st-edition__1f8fee53.jpg,1f8fee53-a61f-4f3a-b308-d5aa78284d09,"The Goose Tree. Copied from Gerard's Herball, 1st edition.",Henry Lee,1883,1920,2612,"animal-hybrid,monsters,sea-monsters",ok
development-of-barnacles-into-geese-after-aldrovandus__1f15acac.jpg,1f15acac-cd30-454d-9cea-7259797c402f,Development of Barnacles Into Geese. After Aldrovandus.,Aldrovandus (after); Henry Lee,1883,1950,1737,"animal-hybrid,monsters,sea-monsters",ok
a-girl-with-two-faces-reprint-of-a-ca-1892-engraving__17d1e8c8.jpg,17d1e8c8-61b1-455c-a08e-1b508b330db1,"A Girl with Two Faces, reprint of a ca. 1892 engraving",José Guadalupe Posada,1930,1156,1673,monsters,ok
siamese-twins__673e2026.jpg,673e2026-05d0-4f82-9923-25fae0ff6389,Siamese Twins,José Guadalupe Posada,ca. 1880–1910,1998,1334,monsters,ok
a-man-with-a-small-foot-emerging-from-his-side__46c11e24.jpg,46c11e24-cca2-45ba-a244-6c4163c74720,A Man with a Small Foot Emerging from His Side,José Guadalupe Posada,ca. 1880–1910,1455,1692,monsters,ok
a-woman-who-gave-birth-to-three-children-and-four-animals__6b4310b5.jpg,6b4310b5-5e96-4270-8824-52bb7a817a07,A Woman Who Gave Birth to Three Children and Four Animals,José Guadalupe Posada,ca. 1894,1759,1181,monsters,ok
a-pig-with-the-face-of-a-man__1febe1d1.jpg,1febe1d1-b82a-44d4-ab1b-8f291d5a5487,A Pig with the Face of a Man,José Guadalupe Posada,ca. 1899,2124,3112,monsters,ok
untitled__4f32e821.jpg,4f32e821-51ef-40e6-8584-49d42b8f3470,,Wallace Smith,1922,3598,2248,"grotesque,monsters",ok
the-sea-bishop__9267f102.jpg,9267f102-9f7a-4262-8a31-bba999af4e1d,The Sea Bishop,François Desprez,1562,2872,4678,monsters,ok
the-cyclops__e20e86a8.jpg,e20e86a8-d14f-4e66-ba25-5ab4180197b4,The Cyclops,François Desprez,1562,2982,4878,monsters,ok
the-sea-monk__fbbca150.jpg,fbbca150-6d6e-4af5-b0f9-0d81ecd15c7d,The Sea Monk,François Desprez,1562,2920,4782,monsters,ok
coming-events-cast-their-shadows-before__cf7b266f.jpg,cf7b266f-180d-4b0b-bd7e-1dc174216f70,"""Coming Events Cast Their Shadows Before.""",Charles H. Bennett,1856,1058,1188,monsters,ok
untitled__266e9570.jpg,266e9570-de1c-4472-8729-c08ccb94dda2,,Katsushika Hokusai,1836,3232,2204,monsters,ok
untitled__2d12e7a2.jpg,2d12e7a2-bd38-4195-a30d-a413e3bff268,,Katsushika Hokusai,1836,3228,2232,monsters,ok
untitled__3857b986.jpg,3857b986-53c9-4e14-9bb4-22a93e1e168c,,Katsushika Hokusai,1836,3228,2220,"demons,monsters",ok
untitled__3c29a2b4.jpg,3c29a2b4-7067-47ce-8342-48180cbb9d2d,,Katsushika Hokusai,1836,3240,2208,monsters,ok
untitled__477ecfbc.jpg,477ecfbc-c0c9-4029-a2d6-cde98ae9c371,,Katsushika Hokusai,1836,3244,2224,monsters,ok
untitled__56ef8a6d.jpg,56ef8a6d-08e8-4512-968f-7f67e4102160,,Katsushika Hokusai,1836,3224,2220,monsters,ok
untitled__5eaec654.jpg,5eaec654-8af3-4a4c-a54e-7d0488fa996e,,Katsushika Hokusai,1836,3240,2236,monsters,ok
untitled__593a785e.jpg,593a785e-936e-4cf0-9c13-8581d88168b9,,Katsushika Hokusai,1836,3244,2240,monsters,ok
untitled__6c597ad0.jpg,6c597ad0-9867-4105-aa04-dd4c2d84bcd0,,Katsushika Hokusai,1836,3236,2212,monsters,ok
untitled__6622ffdd.jpg,6622ffdd-e177-4790-9ed5-e1e24e4f6406,,Katsushika Hokusai,1836,3212,2224,"demons,monsters",ok
untitled__69f1c39a.jpg,69f1c39a-55b5-4913-9c6e-39321197156e,,Katsushika Hokusai,1836,3216,2228,"dragons,monsters",ok
untitled__7f243022.jpg,7f243022-bd49-4b40-98ec-29e30214cad4,,Katsushika Hokusai,1836,3224,2292,monsters,ok
untitled__74039186.jpg,74039186-f624-4ed5-8806-cf5f1d315402,,Katsushika Hokusai,1836,3248,2232,"dragons,monsters",ok
untitled__8b8ef751.jpg,8b8ef751-784f-41d4-8b96-8780cae36680,,Katsushika Hokusai,1836,3244,2204,monsters,ok
untitled__88226448.jpg,88226448-3425-430f-b393-aaa8ffbaa07e,,Katsushika Hokusai,1836,3236,2252,"monsters,supernatural",ok
untitled__8c448454.jpg,8c448454-0e69-44dd-bf76-ef27446d4cf4,,Katsushika Hokusai,1836,3252,2212,monsters,ok
untitled__921ff85b.jpg,921ff85b-0127-439d-aa4e-21172e3e6e43,,Katsushika Hokusai,1836,3236,2260,monsters,ok
untitled__9c6f205a.jpg,9c6f205a-7ec0-4667-8f73-1dabb328a201,,Katsushika Hokusai,1836,3228,2252,monsters,ok
untitled__0f651454.jpg,0f651454-24c8-4dd7-82c0-e316798de4f8,,Katsushika Hokusai,1836,3240,2236,monsters,ok
untitled__04263c37.jpg,04263c37-6bcf-4aea-b0e3-710e1818d538,,Katsushika Hokusai,1836,3220,2232,monsters,ok
untitled__ab87cd0c.jpg,ab87cd0c-5e11-4535-8cd8-032f5690512c,,Katsushika Hokusai,1836,3220,2232,monsters,ok
untitled__aad3f24b.jpg,aad3f24b-9b11-46a0-b388-5f4d4b6560ef,,Katsushika Hokusai,1836,3252,2228,monsters,ok
untitled__cc6ea1c8.jpg,cc6ea1c8-89e8-4677-a742-19ced0acc5bc,,Katsushika Hokusai,1836,3232,2228,monsters,ok
untitled__c881f96a.jpg,c881f96a-f1e3-4b67-9b89-45ffa03bd6d5,,Katsushika Hokusai,1836,3232,2240,"dragons,monsters",ok
untitled__d514cbf6.jpg,d514cbf6-66c3-4bff-b5bf-5c3c83f0cb01,,Katsushika Hokusai,1836,3216,2244,monsters,ok
untitled__d3f3ad64.jpg,d3f3ad64-6d8c-47ab-9202-4013885078e8,,Katsushika Hokusai,1836,3240,2232,monsters,ok
untitled__e034dd39.jpg,e034dd39-fab6-4852-8802-a2cf654d44ab,,Katsushika Hokusai,1836,3236,2204,monsters,ok
untitled__e3f6e80c.jpg,e3f6e80c-e341-42bb-a75a-85377dbb1b50,,Katsushika Hokusai,1836,3232,2212,"demons,monsters",ok
untitled__f9534a6d.jpg,f9534a6d-7e2c-4665-9470-c86d45ec3ff4,,Katsushika Hokusai,1836,3256,2248,monsters,ok
untitled__f4ff4236.jpg,f4ff4236-1d6f-4e0c-b55b-a212b6529731,,Katsushika Hokusai,1836,3228,2208,monsters,ok
the-french-people-overwhelming-the-hydra-of-federalism__ee665507.jpg,ee665507-3ab1-4cde-bd16-78b3f30e3abc,The French People Overwhelming the Hydra of Federalism,Villeneuve,ca. 1790s,596,1008,monsters,ok
grotesque-decoration-with-animal-heads__9c95669d.jpg,9c95669d-bf05-404d-a69a-b39eacfe27f6,Grotesque Decoration with Animal Heads,Daniel Hopfer,ca. 1520,1200,802,"grotesques,monsters",ok
untitled__2c912149.jpeg,2c912149-1580-40ef-89d7-2fd09fdfdaa0,,,ca. 1350,748,619,"bestiary,monsters",ok
untitled__42e1803f.jpeg,42e1803f-62bf-40fe-9cc5-fddeac77f1e1,,,ca. 1350,756,504,"bestiary,dragons,hybrid-figures,monsters",ok
untitled__bb74c27b.jpeg,bb74c27b-65c6-4357-b3cf-22332188a273,,,ca. 1350,795,561,"bestiary,monsters",ok
hunter-in-kayak-hunters-encountering-sarqiserasak__b1b02bc6.jpg,b1b02bc6-befd-4ff4-a1d3-14c21f23d22c,Hunter in kayak / Hunters encountering Sarqiserasak,Knud Rasmussen,1913,2148,1424,monsters,ok
an-animal-found-in-spain-january-27th-1775__590e1add.jpg,590e1add-a93f-4686-bfc7-573a99d3f068,"An Animal Found in Spain, January 27th 1775",D. A. Rovinskii,1881,1024,910,monsters,ok
harpy__7d7c2165.jpg,7d7c2165-c3a2-4df9-b876-2bdd1d1a0d86,Harpy,D. A. Rovinskii,1881,1024,859,"dragons,monsters",ok
untitled__11051fc1.jpg,11051fc1-4415-4713-9b74-0e94b839ab7d,,,ca. 1775,620,780,"demonology,demons,monsters",ok
the-sleep-of-reason-produces-monsters__04f5b34b.jpeg,04f5b34b-eabf-4c2f-907d-a047c7e8d7f8,The Sleep of Reason Produces Monsters,Francisco Goya,ca. 1799,1857,2600,monsters,ok
untitled__2ae4e35f.jpg,2ae4e35f-0379-437d-9094-112760ebf015,,Arent van Bolten,ca. 1610,850,648,"creatures,grotesques,monsters",ok
untitled__42c848de.jpg,42c848de-67b9-4081-9a9f-99bdc90db485,,Arent van Bolten,ca. 1610,850,671,"fantastical-creatures,grotesques,monsters",ok
untitled__6f648b27.jpg,6f648b27-adec-4834-9e57-57141c45d107,,Arent van Bolten,ca. 1610,850,703,"fantastical-creatures,grotesques,monsters",ok
untitled__6f3895e7.jpg,6f3895e7-38c3-4e44-9604-97dd3dbb0842,,Arent van Bolten,ca. 1610,850,612,"creatures,grotesques,monsters",ok
untitled__996ef60a.jpg,996ef60a-8720-4a35-97cc-bf05fb6b238b,,Arent van Bolten,ca. 1610,850,614,"fantastical-creatures,grotesques,monsters",ok
untitled__0ba2f754.jpg,0ba2f754-1337-4bf2-a970-d8325d457e7a,,Arent van Bolten,ca. 1610,850,619,"grotesques,monsters",ok
untitled__bc588339.jpg,bc588339-cce0-4274-84e8-a4ce02316cb9,,Arent van Bolten,ca. 1610,850,724,"grotesques,monsters",ok
untitled__dce1d284.jpg,dce1d284-111c-4e72-a74e-8a51d8e9b06f,,Arent van Bolten,ca. 1610,850,640,"grotesques,monsters",ok
untitled__f20e629f.jpg,f20e629f-cee8-48fd-b758-648f36edbd08,,Arent van Bolten,ca. 1610,850,626,"dragons,grotesques,monsters",ok
untitled__1c4f25cf.jpg,1c4f25cf-8efe-475b-9e40-4311acf28cd4,,,ca. 1495,800,493,"beasts,dragons,grotesques,monsters",ok
untitled__2fc49344.jpg,2fc49344-3074-4012-bdce-dbf932451709,,,ca. 1495,488,494,"beasts,grotesques,monsters",ok
untitled__63bca76d.jpg,63bca76d-da57-4ff5-b90a-058920de24c1,,,ca. 1495,750,546,"beasts,grotesques,monsters",ok
untitled__715bf306.jpg,715bf306-2290-4a36-a008-5c44702f2da3,,,ca. 1495,600,640,"beasts,grotesques,monsters",ok
untitled__8f8cf023.jpg,8f8cf023-5b21-495d-8f4c-15ef3945f730,,,ca. 1495,629,640,"beasts,grotesques,monsters",ok
untitled__98995fb5.jpg,98995fb5-b895-4097-8fc9-8b890b10fc03,,,ca. 1495,654,676,"beasts,grotesques,monsters",ok
untitled__a74ee979.jpg,a74ee979-f14d-4395-a47e-1c63c4e7e38c,,,ca. 1495,638,640,"beasts,grotesques,monsters",ok
untitled__c949b9f7.jpg,c949b9f7-f490-40e2-9b42-6e301d899803,,,ca. 1495,800,423,"beasts,grotesques,monsters",ok
untitled__f1f5ad99.jpg,f1f5ad99-c86e-47e8-80b1-00375f131c2b,,,ca. 1495,431,353,"beasts,grotesques,monsters",ok
untitled__1a742351.jpg,1a742351-0bc3-465a-842c-f10a8eed6d7c,,Fortunio Liceti,1665,800,572,monsters,ok
untitled__12d48ee5.jpg,12d48ee5-3cb0-4d10-b9ca-2352cacc7591,,Fortunio Liceti,1665,800,653,monsters,ok
untitled__10a49005.jpg,10a49005-969e-4ec6-a37f-593f148e4af0,,Fortunio Liceti,1665,800,602,monsters,ok
untitled__242c34c1.jpg,242c34c1-2146-43e6-9e78-0017f8f2d860,,Fortunio Liceti,1665,800,606,monsters,ok
untitled__38029bfd.jpg,38029bfd-a4fd-4c75-a7de-01784fe01b9e,,Fortunio Liceti,1665,800,614,monsters,ok
untitled__5eb73ce7.jpg,5eb73ce7-e9db-4f2e-a480-7fca3a14ac88,,Fortunio Liceti,1665,800,620,monsters,ok
untitled__5d27676d.jpg,5d27676d-3081-4680-93c1-badc88adac09,,Fortunio Liceti,1665,800,640,monsters,ok
untitled__5f22ba20.jpg,5f22ba20-1514-4ef0-bac2-d222678a7112,,Fortunio Liceti,1665,800,630,monsters,ok
untitled__78186b8a.jpg,78186b8a-8b52-4cb7-90ee-4179ecfabee1,,Fortunio Liceti,1665,800,598,monsters,ok
untitled__789d730d.jpg,789d730d-e686-4d89-84a5-72dfea39c693,,Fortunio Liceti,1665,800,632,monsters,ok
untitled__83e0b5af.jpg,83e0b5af-0b84-4b39-b6d3-372377fec6c1,,Fortunio Liceti,1665,800,634,monsters,ok
untitled__8346487d.jpg,8346487d-6ac9-4044-bfa5-b56b7c96b96c,,Fortunio Liceti,1665,800,573,monsters,ok
untitled__02f139fe.jpeg,02f139fe-e3d5-4ba3-89d9-e8d66ac91ffb,,Fortunio Liceti,1665,1996,1520,monsters,ok
untitled__a2f846f6.jpg,a2f846f6-867d-4d6b-afcb-5f2440511f1c,,Fortunio Liceti,1665,800,589,monsters,ok
untitled__bbcb4815.jpg,bbcb4815-eb60-4a52-8d57-80d42a381f3d,,Fortunio Liceti,1665,800,621,monsters,ok
untitled__c71bd478.jpg,c71bd478-6764-405e-a1da-3798e2eea87c,,Fortunio Liceti,1665,800,643,monsters,ok
untitled__d6585f33.jpg,d6585f33-be7e-455e-8ad7-4072d0e838b5,,Fortunio Liceti,1665,800,632,monsters,ok
untitled__f3eba96b.jpg,f3eba96b-336b-4d53-bfac-9ef73b589dd3,,Fortunio Liceti,1665,800,606,monsters,ok
untitled__f7456d45.jpg,f7456d45-1ba1-4c6d-a07e-b89370a3191d,,Fortunio Liceti,1665,800,586,monsters,ok
untitled__fac588d9.jpg,fac588d9-b3ab-47c8-9e27-7e4d4c9ca2ce,,Fortunio Liceti,1665,800,592,monsters,ok
untitled__f674c4fb.jpg,f674c4fb-ea56-46f5-ae68-549acfcf25b2,,Fortunio Liceti,1665,800,607,monsters,ok
centaur-phyllirides__f19b11f3.jpg,f19b11f3-7b33-488a-8325-2fbe9c2f7cfb,Centaur Phyllirides,,1482,450,687,"chimera,monsters",ok
the-paper-nautilus-argonauta-argo-sailing__3c9067ff.jpg,3c9067ff-95ea-45f8-a2bb-b85fb7a0c5a9,The Paper Nautilus (Argonauta argo) Sailing.,Henry Lee,1883,1736,1724,sea-monsters,ok
untitled__b31cfd6f.jpg,b31cfd6f-7dcd-4569-ae55-a45f58ac258d,,Christoph Jamnitzer,1610,5143,3783,"animal-hybrid,grotesque,grotesques,sea-monsters",ok
the-arrival-of-the-englishmen-in-virginia__3b6b815a.jpg,3b6b815a-daac-402a-accd-de396e1ba3a5,The arrival of the Englishmen in Virginia,Johann Theodor de Bry,1590,2304,1672,sea-monsters,ok
untitled__a95c652b.jpg,a95c652b-4ae3-4cb5-84c4-10a6f74ccf18,,Aubrey Beardsley,1893,1793,1969,"demons,grotesque",ok
yamauba-blackening-her-teeth-with-kintar__f14e754c.jpg,f14e754c-548d-4b2c-be3b-237a23159cb5,"Yamauba Blackening her Teeth, with Kintarō",Kitagawa Utamaro,ca. 1795,1291,1911,"demons,witches",ok
yamauba-breastfeeding-kintaro__1d8c5211.jpg,1d8c5211-7768-41e0-a594-72d34de4b24d,Yamauba Breastfeeding Kintaro,Kitagawa Utamaro,ca. 1800,5985,8678,"demons,witches",ok
kintaro-grabbing-yamauba-s-hair__0851c119.jpg,0851c119-de4e-418a-9092-16580a552560,Kintaro Grabbing Yamauba's Hair,Kitagawa Utamaro,ca. 1801–1806,6225,9216,"demons,witches",ok
yamauba-holding-chestnuts-and-kintar__4703083c.jpg,4703083c-f4da-4041-b33e-06d75c3fd0a1,Yamauba holding chestnuts and Kintarō,Kitagawa Utamaro,ca. 1804,1457,3000,"demons,witches",ok
yamauba-tying-kintar-s-topknot__90e07925.jpg,90e07925-68a6-4e9d-bbd3-05c0e6d22669,Yamauba Tying Kintarō’s Topknot,Kitagawa Utamaro,ca. 1795,2497,3888,"demons,witches",ok
yamauba-and-kintar__3d6acd11.jpg,3d6acd11-4931-45f0-a04a-a867a2d764a2,Yamauba and Kintarō,Kitagawa Utamaro,ca. 1795,2566,3796,"demons,witches",ok
yamauba-and-kintar-playing-with-a-cherry__46f71b65.jpg,46f71b65-7fa2-4117-8faf-f84f6f1d6a1e,Yamauba and Kintarō Playing with a Cherry,Kitagawa Utamaro,ca. 1795,2652,3856,"demons,witches",ok
yamauba-combing-her-hair-with-kintar__381f45da.jpg,381f45da-f4cf-41b1-b24f-334e842d603d,Yamauba Combing Her Hair with Kintarō,Kitagawa Utamaro,ca. 1801,2656,3839,"demons,witches",ok
yamauba-playing-with-kintar__3bb12e97.jpg,3bb12e97-e8ce-4fb4-89c9-f524538713e8,Yamauba Playing with Kintarō,Kitagawa Utamaro,ca. 1795,2544,3933,"demons,witches",ok
yamauba-with-kintar-holding-a-toy-mask__947e2da2.jpg,947e2da2-d05b-4276-8583-2b6bd0e37590,Yamauba with Kintarō Holding a toy Mask,Kitagawa Utamaro,ca. 1801,2059,3000,"demons,witches",ok
in-limbo__408cd280.jpg,408cd280-67b1-460f-9f92-cd5252b5ceaf,In Limbo,Marcus Gheeraerts,ca. 1580,3358,4778,"demons,grotesques,hell",ok
inferno-canto-xxxiv-dante-and-virgil-witnessing-the-gigantic__2a89f1d2.jpeg,2a89f1d2-4843-4d63-b36e-0c049334e3ca,"*Inferno*, Canto: XXXIV: Dante and Virgil witnessing the gigantic Satan.",Priamo della Quercia,ca. 1450,1024,527,demons,ok
inferno-canto-xxxiv-dante-and-virgil-watch-lucifer-who-is-de__9f9a5210.jpg,9f9a5210-8f51-4e1c-b878-aee666929333,"*Inferno*, Canto XXXIV: Dante and Virgil watch Lucifer who is devouring Cassius, Brutus, and Judas with three mouths.",,ca. 1370,1619,1364,"demons,hell",ok
sorceress__54e2f7cf.jpg,54e2f7cf-dc72-45ae-bed5-c28910d9d5b4,Sorceress,Jan van de Velde II,1626,1200,904,"demons,witchcraft,witches",ok
under-dawn-s-red-sun-the-parade-of-demons-ends-from-left-the__19b58311.jpg,19b58311-547c-4aa6-8344-2c9f4aecf160,"Under dawn’s red sun, the parade of demons ends. From left: the one-eyed Aobōzu, who kidnaps children, a water dwelling creature (kappa), and Nuribotoke, a Buddha-like demon with dangling eyeballs.",Kawanable Kyōsai,1890,1500,953,"demons,ghosts",ok
frightening-beasts-have-features-from-left-of-a-hag-an-eleph__1e6aa712.jpg,1e6aa712-be50-4bfe-9789-6ad12efb382e,"Frightening beasts have features, from left, of a hag, an elephant, and a rabbit.",Kawanable Kyōsai,1890,1500,954,"demons,ghosts",ok
a-helmet-for-a-court-dance-bugaku-a-chime-kei-ritual-scepter__151d9b91.jpg,151d9b91-5955-4e17-a0ff-7f6f15ac4cfb,"A helmet for a court dance (bugaku), a chime (kei), ritual scepter (nyoi), and a folding fan turn into flying and running demons.",Kawanable Kyōsai,1890,1500,955,"demons,ghosts",ok
animal-demons-including-one-resembling-a-mad-shinto-priest-c__24139a77.jpg,24139a77-cf67-4ba6-8a8b-20be763e859c,"Animal demons, including one resembling a mad Shinto priest, carouse on an enormous bolt of cloth. A clawed monster hides underneath.",Kawanable Kyōsai,1890,1500,955,"demons,ghosts",ok
at-left-a-beaked-demon-holds-an-umbrella-monster-followed-by__4ea8c74a.jpg,4ea8c74a-533e-4938-b56c-99f9c88997ac,"At left, a beaked demon holds an umbrella monster, followed by a rope monster riding a hobbyhorse, and a hairy monster with a long, horned snout (kirin).",Kawanable Kyōsai,1890,1500,957,"demons,ghosts",ok
at-right-is-the-demon-nurarihyon-in-the-guise-of-an-old-man-__59b6ff33.jpg,59b6ff33-4ce5-4937-9d68-1f32bcf23e0b,"At right is the demon Nurarihyon, in the guise of an old man with a huge head and Buddhist rosary. He is followed by rodent-like monsters.",Kawanable Kyōsai,1890,1500,956,"demons,ghosts",ok
a-group-of-rowdy-ghouls-appears-including-at-far-right-a-dem__58371129.jpg,58371129-831b-4816-b920-c642c3aafdcc,"A group of rowdy ghouls appears, including, at far right, a demon in a red robe with a hand scroll.",Kawanable Kyōsai,1890,1500,958,"demons,ghosts",ok
adults-and-children-huddle-around-a-brazier-or-coal-fire-to-__5f4c952d.jpg,5f4c952d-194f-4bcf-be66-5e10c366eb46,"Adults and children huddle around a brazier, or coal fire, to hear ghost stories.",Kawanable Kyōsai,,1500,952,"demons,ghosts",ok
at-right-a-demon-with-a-large-nose-and-wings-teng-carries-pa__69221123.jpg,69221123-ebf2-41d1-846b-2fddbf24d1ad,"At right, a demon with a large nose and wings (tengū) carries panpipes (shō) and a pilgrim’s staff. His servant follows in wooden clogs (geta), with a wolf-like head and gaping mouth.",Kawanable Kyōsai,1890,1500,958,"demons,ghosts",ok
musical-instruments-a-lute-biwa-and-zither-koto-appear-as-mo__65da238c.jpg,65da238c-6fa7-4e32-b58d-1c022e0e1ae6,"Musical instruments, a lute (biwa) and zither (koto), appear as monsters.",Kawanable Kyōsai,1890,1500,945,"demons,ghosts",ok
a-one-eyed-malformed-goddess-benzaiten-is-accompanied-by-an-__6a11467f.jpg,6a11467f-44f9-452a-a348-3c3b5db683ac,"A one-eyed, malformed goddess, Benzaiten, is accompanied by an elephant, reptilian monsters, and, at left, the fierce Buddhist guardian Fudō Myōō holding a sword.",Kawanable Kyōsai,1890,1500,957,"demons,ghosts",ok
at-right-a-horned-demon-bears-a-spiked-spear-at-left-a-beake__77bc782f.jpg,77bc782f-0533-49d9-8dfc-c90a6627ff15,"At right, a horned demon bears a spiked spear. At left, a beaked demon wields a wooden mallet over a one-eyed red demon’s head.",Kawanable Kyōsai,1890,1500,953,"demons,ghosts",ok
a-row-of-demons-some-with-banners-another-with-a-gourd-like-__8bd3af7a.jpg,8bd3af7a-1e90-428f-9904-6302b8a42619,"A row of demons, some with banners, another with a gourd-like head, march forward.",Kawanable Kyōsai,1890,1500,963,"demons,ghosts",ok
a-man-perhaps-the-artist-himself-has-set-down-his-calligraph__84b84fb6.jpg,84b84fb6-2f6f-4ab9-8b31-7b2f54163a5f,"A man, perhaps the artist himself, has set down his calligraphy brush and reaches to extinguish a lamp. Once darkness falls, the demons will appear.",Kawanable Kyōsai,,1500,945,"demons,ghosts",ok
everyday-kitchen-utensils-such-as-lids-pots-and-trivets-have__95c881ee.jpg,95c881ee-dadc-485a-936c-9b87271211be,"Everyday kitchen utensils such as lids, pots, and trivets have turned into monsters.",Kawanable Kyōsai,1890,1500,953,"demons,ghosts",ok
a-green-dragon-chases-demons-including-a-winged-hag-at-right__acd713f1.jpg,acd713f1-2e71-4a9f-82b2-c8b934b1e943,"A green dragon chases demons, including a winged hag, at right, who is embracing a tiny creature. Below, a pink one-eyed monster wears a grass skirt.",Kawanable Kyōsai,1890,1500,1213,"demons,ghosts",ok
ritual-implements-such-as-a-monk-s-fly-whisk-boots-and-a-bud__a66d2542.jpg,a66d2542-e617-45a6-bd0c-7b7e170636df,"Ritual implements such as a monk’s fly whisk, boots, and a Buddhist gong become monsters.",Kawanable Kyōsai,1890,1500,958,"demons,ghosts",ok
at-left-a-monster-holds-up-a-mirror-for-an-otafuku-esque-gho__ca872eab.jpg,ca872eab-cc7d-46c1-968a-8e33806d6456,"At left, a monster holds up a mirror for an Otafuku-esque ghoul to apply black dye to her teeth. At right, a chubby faced figure carries a bag beside a three-eyed ghoul.",Kawanable Kyōsai,1890,1500,953,"demons,ghosts",ok
at-left-a-small-demon-riding-a-badger-with-a-stirrup-on-its-__c0d421d5.jpg,c0d421d5-7afd-4459-84d2-ade8050c1a63,"At left, a small demon riding a badger with a stirrup on its head follows a hairy headed demon and at far right, a shrouded, furry animal.",Kawanable Kyōsai,1890,1500,960,"demons,ghosts",ok
at-right-a-monster-grips-a-feathered-spear-an-ogre-follows-w__c30834d1.jpg,c30834d1-6fe1-48ed-bb7c-dda575eb0488,"At right, a monster grips a feathered spear. An ogre follows, wearing a nobleman’s cap (eboshi) and carrying a similar spear.",Kawanable Kyōsai,1890,1500,966,"demons,ghosts",ok
several-monsters-continue-the-procession-including-one-with-__f5bdcfc1.jpg,f5bdcfc1-b435-4467-b008-b3d0f95c5e5b,"Several monsters, continue the procession, including one with a Buddhist monk’s alms bowl on its head.",Kawanable Kyōsai,1890,1500,950,"demons,ghosts",ok
monsters-including-a-badger-wearing-a-courtier-s-cap-carry-b__fbfb6a1f.jpg,fbfb6a1f-8de4-4d05-8f22-2b3af68616eb,"Monsters, including a badger wearing a courtier’s cap, carry Buddhist ritual implements, such as a magical scroll inscribed in Sanskrit, at far right.",Kawanable Kyōsai,1890,1500,946,"demons,ghosts",ok
demons-emerge-from-a-large-wooden-chest__f190a62b.jpg,f190a62b-05a2-4fee-b1df-54e5636e1318,"Demons emerge from a large, wooden chest.",Kawanable Kyōsai,1890,1500,955,"demons,ghosts",ok
skeleton-soldiers-a-horse-with-the-head-of-a-man-and-other-m__fbefaf57.jpg,fbefaf57-0335-4745-8d1f-81440df17400,"Skeleton soldiers, a horse with the head of a man, and other monsters advance in the growing darkness.",Kawanable Kyōsai,1890,1500,951,"demons,ghosts",ok
untitled__17880d0e.jpeg,17880d0e-f1a8-481e-9564-012c50154449,,,1921,572,737,"demons,devils,ghosts",ok
untitled__16f0639c.jpeg,16f0639c-7de1-48f6-9409-7b9399870cf7,,,1921,562,732,"demons,devils,ghosts",ok
untitled__19e99eea.jpeg,19e99eea-9662-4367-bc44-aea12a9a417f,,,1921,578,731,"demons,devils,ghosts",ok
untitled__123e1817.jpeg,123e1817-b7e6-4982-a607-6f06417bb4e2,,,1921,903,558,"demons,devils,ghosts",ok
untitled__2eb472b0.jpeg,2eb472b0-cc79-46e5-96d7-4287db704d13,,,1921,575,731,"demons,devils,ghosts",ok
untitled__34dd38b9.jpeg,34dd38b9-2ada-41b0-86e4-c92943092510,,,1921,576,728,"demons,devils,ghosts",ok
untitled__341b82cb.jpeg,341b82cb-2c38-4561-94ac-8611ecac6b30,,,1921,900,563,"demons,devils,ghosts",ok
untitled__3fb59d47.jpeg,3fb59d47-c95e-4151-bf7c-9311b5501e50,,,1921,903,567,"demons,devils,ghosts",ok
untitled__3f6d4b90.jpeg,3f6d4b90-e033-46e6-80a7-1e5036f8b4bf,,,1921,901,566,"demons,devils,ghosts",ok
untitled__46c3d41f.jpeg,46c3d41f-f8e1-441f-8395-c9db353afb8d,,,1921,577,740,"demons,devils,ghosts",ok
untitled__427dbecd.jpeg,427dbecd-44eb-46da-81d1-dd44ac166592,,,1921,568,726,"demons,devils,ghosts",ok
untitled__594b40fb.jpeg,594b40fb-839b-4e1b-9d60-98223d9f5792,,,1921,576,724,"demons,devils,ghosts",ok
untitled__5c8ec4bb.jpeg,5c8ec4bb-0738-48bb-aefe-ba0e83329dd0,,,1921,574,729,"demons,devils,ghosts",ok
untitled__6d789f56.jpeg,6d789f56-ccc9-4b3c-95f0-3e945e78275f,,,1921,578,729,"demons,devils,ghosts",ok
untitled__62ae4687.jpeg,62ae4687-4ef4-4466-a50d-585a3c105f54,,,1921,579,735,"demons,devils,ghosts",ok
untitled__65c5127e.jpeg,65c5127e-8659-4085-bc47-eb3d308f9bc7,,,1921,576,730,"demons,devils,ghosts",ok
untitled__61972a81.jpeg,61972a81-f627-4633-a3ff-f7ac36296db5,,,1921,904,556,"demons,devils,ghosts",ok
untitled__79c9b86c.jpeg,79c9b86c-7cff-4652-9757-629830dc48ea,,,1921,570,739,"demons,devils,ghosts",ok
untitled__7b6e0f88.jpeg,7b6e0f88-85dc-46d9-a369-a639249f23a6,,,1921,575,739,"demons,devils,ghosts",ok
untitled__7f128272.jpeg,7f128272-12c0-4c27-aa6c-2208f68bf35f,,,1921,904,566,"demons,devils,ghosts",ok
untitled__89e35f55.jpeg,89e35f55-663a-41d6-ab7d-698cee664c55,,,1921,904,564,"demons,devils,ghosts",ok
untitled__8d23af4c.jpeg,8d23af4c-8f8a-4727-af7a-3663bb0eab42,,,1921,901,555,"demons,devils,ghosts",ok
untitled__9453400f.jpeg,9453400f-8803-40ea-b2fc-120483ee395b,,,1921,576,732,"demons,devils,ghosts",ok
untitled__0bf383a1.jpeg,0bf383a1-7698-449a-849a-bc5dce332077,,,1921,576,735,"demons,devils,ghosts",ok
untitled__0dd211be.jpeg,0dd211be-5956-45a9-ae22-a44b18fc0aef,,,1921,573,726,"demons,devils,ghosts",ok
untitled__07515016.jpeg,07515016-67eb-4144-8142-092ef6c9c20a,,,1921,576,730,"demons,devils,ghosts",ok
untitled__b22166e7.jpeg,b22166e7-687f-4860-97b1-38bae4206a39,,,1921,903,563,"demons,devils,ghosts",ok
untitled__b0a2bd22.jpeg,b0a2bd22-e3b7-4652-a85b-d0684954f0ab,,,1921,903,559,"demons,devils,ghosts",ok
untitled__c3b309d8.jpeg,c3b309d8-7557-4c53-bffb-f6e93b86a5c8,,,1921,571,727,"demons,devils,ghosts",ok
untitled__c875b3dd.jpeg,c875b3dd-d8c1-4d09-a037-6406ade01dcc,,,1921,901,565,"demons,devils,ghosts",ok
untitled__dff38d28.jpeg,dff38d28-8ff7-47b3-8e04-765d8783937e,,,1921,574,738,"demons,devils,ghosts",ok
untitled__d37bc3fd.jpeg,d37bc3fd-1e33-47ab-b5ab-592bf3da3551,,,1921,581,739,"demons,devils,ghosts",ok
untitled__e2b2e37a.jpeg,e2b2e37a-c592-476c-a885-4b9a1c43e052,,,1921,562,733,"demons,devils,ghosts",ok
untitled__e3f01737.jpeg,e3f01737-592b-421a-ac2f-4a89539af2b4,,,1921,576,730,"demons,devils,ghosts",ok
untitled__f2a0e747.jpeg,f2a0e747-680d-4b94-b531-f492cbf57ee9,,,1921,578,739,"demons,devils,ghosts",ok
part-of-the-tablet-supposed-to-contain-a-mention-of-the-baby__50a44f46.jpg,50a44f46-974d-4092-a1ab-e6f0b5c2a4cf,Part of the Tablet Supposed to Contain a Mention of the Babylonian Garden of Eden,,1903,600,802,"demons,devils,ghosts",ok
babylonian-demons__f2f05843.jpg,f2f05843-d9f4-4d88-b321-1915555e8dae,Babylonian Demons,,1903,1024,677,"demons,devils,ghosts",ok
asmodeus__25ae3c08.jpg,25ae3c08-d6b4-4817-ad32-c61c952d6e36,Asmodeus,Louis le Breton,1863,720,800,"chimera,demonology,demons,serpents",ok
behemoth__3c4ee8c1.jpg,3c4ee8c1-2a3a-4356-9da1-0a6ae0f7b6f3,Behemoth,Louis le Breton,1863,694,800,"demonology,demons",ok
bael__495a8d73.jpg,495a8d73-d9ea-4b2f-8d47-8f5e1039f8d7,Bael,Louis le Breton,1863,761,800,"demonology,demons",ok
eurynome__6b3a7954.jpg,6b3a7954-fce6-4bec-85c2-7ba74b853a09,Eurynome,Louis le Breton,1863,708,800,"demonology,demons,grotesques",ok
amon__90a44be2.jpg,90a44be2-cd79-4c7e-9f85-3c8ad4468d7a,Amon,Louis le Breton,1863,704,800,"demonology,demons,serpents",ok
belph-gor__006b132c.jpg,006b132c-f11b-4635-b045-e63096f0a55c,Belphégor,Louis le Breton,1863,740,800,"demonology,demons",ok
detail-from-the-frontispiece-to-the-1863-edition-of-collin-d__a7c19da9.jpg,a7c19da9-38e9-43dd-9a3f-05aea261baa7,Detail from the Frontispiece to the 1863 Edition of Collin de Plancy's *Dictionnaire Infernal*,Louis le Breton,1863,742,800,"demonology,demons",ok
ephialtes__ac62779c.jpg,ac62779c-7c49-4c9e-8cc0-77f07cab10b2,Ephialtes,Louis le Breton,1863,800,670,"demonology,demons",ok
frontispiece-to-the-1863-edition-of-collin-de-plancy-em-le-d__ccc85b53.jpg,ccc85b53-b037-40d7-a7e7-099dc63520b7,Frontispiece to the 1863 edition of Collin de Plancy <em>Le diable peint par lui-même</em>.,,1863,971,1599,"demonology,demons",ok
amduscias__c5209967.jpg,c5209967-9573-4e74-8184-d10e099d40d5,Amduscias,Louis le Breton,1863,723,800,"demonology,demons",ok
adramelech__c8df8611.jpg,c8df8611-7855-4a8d-89cf-9ec0c83f5db8,Adramelech,Louis le Breton,1863,708,800,"demonology,demons",ok
astaroth__c97ef43b.jpg,c97ef43b-fb47-4cb9-a930-01c3503831c4,Astaroth,Louis le Breton,1863,726,799,"beasts,demonology,demons",ok
belzebuth__e508abf1.jpg,e508abf1-5d38-4907-b30f-89938f8c1e65,Belzebuth,Louis le Breton,1863,741,800,"demonology,demons",ok
representation-of-the-inner-state-of-a-sinner-who-repents-an__3830dbd8.jpg,3830dbd8-f252-4387-9710-99010370d4df,"Representation of the Inner State of a Sinner, Who Repents and Begins to Fly From Sin",Johannes Gossner,1851,690,1024,demons,ok
the-death-of-the-ungodly-and-the-reward-of-sin__8eb466a5.jpg,8eb466a5-b379-4e39-822d-4e73c5f114ea,The Death of the Ungodly and the Reward of Sin,Johannes Gossner,1851,673,1024,demons,ok
illustration-for-the-story-of-jasper-cunningham-of-aberdeen-__1fc74653.jpg,1fc74653-d7d1-4320-8df2-38508d92cd43,"Illustration for the Story of Jasper Cunningham of Aberdeen, Who Tries to Seduce His Sister While They Are Walking in a Garden.",,1720,760,486,"demonology,demons,devils,witchcraft,witches",ok
witches-on-broomsticks__25aac028.jpg,25aac028-e21d-42b2-85be-fbf0e0dd81ac,Witches on Broomsticks,,1720,800,673,"demonology,demons,devils,witchcraft,witches",ok
facsimile-from-1816-of-woodcut-in-em-newes-from-scotland-em-__3bd0778d.jpg,3bd0778d-4e2e-4437-bed1-acaa9806d354,Facsimile from 1816 of woodcut in <em>Newes from Scotland</em> (1591),,1816,800,631,"demonology,demons,devils,witchcraft,witches",ok
witches-presenting-wax-dolls-to-the-devil__3e40fe19.jpg,3e40fe19-e65a-4f8b-b02b-3d16a427ea76,Witches Presenting Wax Dolls to the Devil,,1720,1000,863,"demonology,demons,devils,witchcraft,witches",ok
witches-feasting__5344e64c.jpg,5344e64c-bea2-410b-8e7a-59935564c6ea,Witches Feasting,,1720,799,711,"demonology,demons,devils,witchcraft,witches",ok
matthew-hopkins-witch-finder-generall__83e2087e.jpg,83e2087e-15a3-4259-8195-18bccb89a651,Matthew Hopkins Witch Finder Generall,,1648,656,828,"creatures,demonology,demons,devils,supernatural,witchcraft,witches",ok
witch-feeding-her-familiars-with-blood__8f3ce923.jpg,8f3ce923-2af7-4711-a781-2ecab29fd97c,Witch Feeding Her Familiars with Blood,,1579,800,467,"demonology,demons,devils,witchcraft,witches",ok
image-from-the-title-page-of-em-a-rehearsall-both-straung-an__8dbc9da9.jpg,8dbc9da9-f653-4055-91ec-c045fb8de594,"Image from the title page of <em>A Rehearsall both Straung and True, of Hainous and Horrible Actes Committed by Elizabeth Stile</em>",,1579,799,465,"demonology,demons,devils,witchcraft,witches",ok
witch-s-cat__94f5b66d.jpg,94f5b66d-872f-421b-a958-3048e5f84179,Witch's Cat,,1579,800,600,"demonology,demons,devils,witchcraft,witches",ok
witches-dancing-with-devils__b2a133b5.jpg,b2a133b5-f3fa-47d3-b011-aef8de0b30b5,Witches Dancing with Devils,,1720,800,681,"demonology,demons,devils,witchcraft,witches",ok
title-page-to-em-malleus-maleficarum-em__e71918e2.jpg,e71918e2-10e7-4ff1-9daf-0e972e3fbfdc,Title page to <em>Malleus Maleficarum</em>,,1669,1024,1450,"demonology,demons,devils,witchcraft,witches",ok
singerie-of-a-barbershop__de21d9be.jpg,de21d9be-27c4-4878-9e25-83345834f8f8,Singerie of a Barbershop,Pieter van der Borcht the Elder,16th century,700,1024,"demons,supernatural",ok
untitled__115679bd.jpg,115679bd-50c6-4b73-bcc1-e44e3e01ef4d,,,ca. 1775,620,470,"demonology,demons",ok
untitled__1928fabd.jpg,1928fabd-4c25-40b1-b70c-d89bf8677a81,,,ca. 1775,620,790,"demonology,demons",ok
untitled__2acf9f03.jpg,2acf9f03-4399-4171-b99a-24b39cf1a2c8,,,ca. 1775,620,471,"demonology,demons",ok
untitled__2d5df8fd.jpg,2d5df8fd-96f8-42c5-8393-eff1ab54a0c3,,,ca. 1775,620,809,"demonology,demons,serpents,supernatural",ok
untitled__3032f5b0.jpg,3032f5b0-bec2-492f-8d92-b588be2d254b,,,ca. 1775,620,778,"demonology,demons",ok
untitled__43f876a1.jpg,43f876a1-cb89-46ee-92ab-f18174c59d88,,,ca. 1775,620,800,"chimera,demonology,demons",ok
untitled__4a66a6ce.jpg,4a66a6ce-60af-4657-bdc7-55c8880d813b,,,ca. 1775,620,809,"demonology,demons",ok
untitled__4d41bf02.jpg,4d41bf02-c7d9-4182-8549-5dafc62e6751,,,ca. 1775,620,810,"demonology,demons",ok
untitled__5985a7ca.jpg,5985a7ca-b3b0-4011-9fdb-dd77096c2290,,,ca. 1775,620,818,"demonology,demons",ok
untitled__673f47e9.jpg,673f47e9-66a4-42ca-980c-b3d53a4b5460,,,ca. 1775,620,792,"demonology,demons",ok
untitled__7ca107d7.jpg,7ca107d7-d3b8-406e-9590-8056eaf505a0,,,ca. 1775,620,822,"demonology,demons",ok
untitled__98b34664.jpg,98b34664-5d63-4ca2-b510-169af4610050,,,ca. 1775,620,786,"demonology,demons",ok
untitled__0cd2052a.jpg,0cd2052a-f3c2-4b3d-bdec-96c2607d8d92,,,ca. 1775,620,797,"demonology,demons",ok
untitled__b68eaaf4.jpg,b68eaaf4-0367-4b23-8607-70fd9498685a,,,ca. 1775,620,783,"chimera,demonology,demons,dragons",ok
untitled__b152aa27.jpg,b152aa27-f618-4240-9330-b3d642656d76,,,ca. 1775,620,807,"demonology,demons",ok
untitled__b31d2bb8.jpg,b31d2bb8-9194-4bd5-a2b5-90f6548f99e2,,,ca. 1775,620,808,"demonology,demons",ok
untitled__dbcda6f3.jpg,dbcda6f3-9e09-43a8-bc57-29669e14ab74,,,ca. 1775,620,808,"demonology,demons",ok
untitled__dde0403c.jpg,dde0403c-947a-4c25-8686-1b9aa511d1ab,,,ca. 1775,620,801,"demonology,demons,supernatural",ok
untitled__efcd7f25.jpg,efcd7f25-ac70-4fa2-a912-b902a9384bf7,,,ca. 1775,620,790,"demonology,demons",ok
untitled__e738e535.jpg,e738e535-3b6c-4b69-9057-e93431fce931,,,ca. 1775,620,786,"chimera,demonology,demons,serpents",ok
untitled__e4fea52c.jpg,e4fea52c-65b1-4c23-b412-f5d7eca2bd30,,,ca. 1775,620,789,"demonology,demons",ok
untitled__ec074b57.jpg,ec074b57-6d9e-4109-95bb-af2bd366810a,,,ca. 1775,620,788,"demonology,demons",ok
untitled__f9a8810f.jpg,f9a8810f-4a1d-4204-89f4-2cef10e25a07,,,ca. 1775,620,793,"demonology,demons",ok
dante-and-virgil-witnessing-the-gigantic-figure-of-dis__1340c77d.jpg,1340c77d-84ca-4415-91b1-27d595a92391,Dante and Virgil witnessing the gigantic figure of Dis,,1444–1450,1024,527,"demons,hell",ok
dante-breaking-a-branch-from-one-of-the-trees-in-the-wood-of__171471e7.jpg,171471e7-9c01-42a3-8205-75250e69d791,Dante breaking a branch from one of the trees in the wood of the suicide,,1444–1450,1023,556,"demons,hell",ok
virgil-and-dante-entering-the-eighth-circle-that-of-adultere__548d6208.jpg,548d6208-ec27-45d6-8091-3c0440ed7fc2,"Virgil and Dante entering the eighth circle, that of adulterers, seducers, and flatterers",,1444–1450,1023,532,"demons,hell",ok
god-s-providence__5ebcf286.jpg,5ebcf286-659e-41aa-8207-69029f76f3cc,“God’s Providence”,,1705,799,576,demons,ok
untitled__993921ae.png,993921ae-f9a2-4901-a248-c20287c224fa,,,1590,398,622,demons,ok
the-temptation-of-st-anthony__ee2d1dde.jpg,ee2d1dde-063a-4e67-8928-d75f08a2a135,The Temptation of St Anthony,Martin Schongauer,1470,805,1069,"creatures,demonic",ok
demon-in-chains__d12d9e24.jpg,d12d9e24-0547-4693-86d2-856cbdb923a8,Demon in Chains,Style of Muhammad Siya Qalam,ca. 1453,1122,860,demonic,ok
the-wretched-king-nebuchadnezzar__ba75740f.jpg,ba75740f-1167-42a0-8e41-74fce761af39,The wretched King Nebuchadnezzar,,1559,2808,2808,"beasts,devils,human-animal-hybrid,hybrid-figures,supernatural",ok
the-monster-that-appeared-by-chance-to-st-anthony__b03e79d4.jpg,b03e79d4-86a3-4cda-be7e-31acd94ca3ba,The monster that appeared by chance to St. Anthony,,1559,2601,2987,"beasts,devils,human-animal-hybrid,hybrid-figures,supernatural",ok
cruel-persecutions-and-massacres-of-christians__5823d54a.jpg,5823d54a-08a2-48b7-bf84-72de993f6a22,Cruel persecutions and massacres of Christians,,1559,2761,3047,"beasts,devils,human-animal-hybrid,hybrid-figures,supernatural",ok
a-priest-who-employed-a-familiar-spirit-for-40-years__23395613.jpg,23395613-2068-4682-b842-03b6893aa946,A priest who employed a familiar spirit for 40 years,,1559,2586,2535,"beasts,devils,supernatural",ok
monster-caught-in-the-forest__6abb724a.jpg,6abb724a-a8ea-4096-9044-6e6342786f5e,Monster caught in the forest,,1559,2596,2981,"beasts,devils,human-animal-hybrid,hybrid-figures,supernatural",ok
a-three-tiered-camera-obscura-system-attributed-to-roger-bac__972ce019.jpg,972ce019-bf02-4f11-b460-bb532449b624,A three-tiered camera obscura system attributed to Roger Bacon,Athanasius Kircher,1671,1219,1440,devils,ok
prophecies-of-apocalypse__63261fca.jpg,63261fca-78ba-4b7e-b2f0-ab4505c4d35e,Prophecies of apocalypse,,ca. 1827–61,1200,926,devils,ok
devil-wood__cc1fb21c.jpg,cc1fb21c-4fca-4d68-8547-14ff3d8fd930,Devil (Wood),Karl Brendel,1922,430,800,devils,ok
the-idol-of-the-devil__1291b791.jpg,1291b791-ca0f-4eef-a135-539ef1ee7656,The Idol of the Devil,George Psalmanazar,1705,953,1564,"devils,serpents",ok
representation-of-the-inner-state-of-a-man-who-is-a-servant-__ead2fc1f.jpg,ead2fc1f-c68e-4eaf-985e-ed2f638e67c1,"Representation of the Inner State of a Man, Who Is a Servant of Sin, and Suffers the Devil to Reign Within Him.",Johannes Gossner,1851,684,1023,devils,ok
phenakistoscope__1dab3711.gif,1dab3711-c639-437c-8219-971767c0be65,Phenakistoscope,,1833,480,480,devils,ok
phenakistoscope__51bafafd.jpg,51bafafd-e073-4a18-9128-e6fcd2238951,Phenakistoscope,,1833,669,658,devils,ok
untitled__b4f51634.jpg,b4f51634-6d5e-4488-91d6-290d105977a5,,Peter Rollos,ca. 1687,800,691,devils,ok
kellar__162ff5d9.jpg,162ff5d9-fbea-4335-a4e7-0c37fbb340f4,Kellar,Strobridge & Co.,1898,579,800,devils,ok
untitled__bf48f045.jpg,bf48f045-3472-47be-a13d-d839b8bad138,,J. H. Brown,1863,616,800,"devils,ghosts",ok
experiment-on-complementary-colours__91735b3c.jpeg,91735b3c-4e0d-4115-8320-c3d7bb94ed80,Experiment on Complementary Colours,,1883,1343,1362,devils,ok
hallowe-en__a5df9d8f.jpg,a5df9d8f-fa79-406a-8489-af918c75ab58,Hallowe'en,H. B. Griggs,1908,957,1500,"devils,ghosts",ok
hallowe-en__d424135d.jpg,d424135d-b193-4bd8-8c73-9f43a136bcb7,Hallowe'en,,ca. 1912,2327,1500,"devils,ghosts",ok
the-mowing-devil-or-strange-news-out-of-hardford-shire__7eff0e08.jpg,7eff0e08-024d-44f3-a298-46a4039101f5,"The Mowing-Devil: or, Strange News out of Hardford-shire",,1678,1130,1500,devil,ok
the-mowing-devil-or-strange-news-out-of-hardford-shire-detai__4e895484.jpg,4e895484-f076-4731-8625-ecdca12a77c4,"The Mowing-Devil: or, Strange News out of Hardford-shire (detail)",,1678,8080,4648,devil,ok
bohemian-puppets-upper-devil-priest-peasant-lower-soldier-ki__d19dfa9c.jpg,d19dfa9c-7ce4-447f-a1e6-e869653f30f4,"Bohemian Puppets / Upper: Devil, Priest, Peasant / Lower: Soldier, King and Queen",,1920,2283,3555,devil,ok
a-man-who-has-nearly-worn-himself-out-in-the-service-of-the-__f41f0002.jpg,f41f0002-62db-4ec7-9698-44bd60ecde64,A man who has nearly worn himself out in the service of the devil,,1896,918,1458,devil,ok
henri-rochefort__6b129c24.jpg,6b129c24-27df-4027-92ca-732891a4c840,Henri Rochefort,Henri Demare,1870,3371,4266,devil,ok
how-many-have-you-sent__a66c5422.jpg,a66c5422-75b1-4ea5-9cfe-6342c3e1687d,How Many Have You Sent?,John Samuel Pughe,1906,7320,4736,devil,ok
the-devil-and-his-proteg-e-or-another-separation-in-contempl__7e51a9cf.jpeg,7e51a9cf-6442-41f5-98fd-70a0efa8d3e2,The Devil and his Protegée or Another Separation in Contemplation,James Gillray,1810,3712,5304,devil,ok
inferno-canto-xxxiv-lucifer__4f51c082.jpg,4f51c082-ddd2-40bf-b08c-0bf136f94f3d,"*Inferno*, Canto XXXIV: Lucifer.",Petrus de Plasiis,ca. 1491,1862,1916,"devil,hell",ok
inferno-canto-xxxiii-xxxiv__c1954608.jpg,c1954608-31fb-45ac-af07-0bb4135a6bbb,"*Inferno*, Canto XXXIII–XXXIV.",Andrea di Cione di Orcagna,ca. 1470,1400,1066,"devil,hell",ok
aradia-or-the-gospel-of-the-witches__aff445c3.jpg,aff445c3-57c6-40f9-b136-616ab4cf25b4,Aradia or the Gospel of the Witches,,1899,2006,3096,grotesques,ok
the-snare-of-vintage__f35c77f0.jpg,f35c77f0-8e9b-4179-9745-23ea1f59bbc1,The Snare of Vintage,Aubrey Beardsley,1894,1926,2588,"grotesques,hybrid-figures",ok
the-toilet-of-helen__13315754.jpg,13315754-3adc-44b8-b124-5551bba7248a,The Toilet of Helen,Aubrey Beardsley,1896,1654,2300,grotesques,ok
untitled__5dda9dd1.jpg,5dda9dd1-4977-4373-849c-632b1b0ae49b,,Christoph Jamnitzer,1610,5913,4642,"animal-hybrid,grotesque,grotesques,human-animal-hybrid",ok
untitled__4c1cc263.jpg,4c1cc263-c3b0-40a9-954a-2d53bf5b547d,,Christoph Jamnitzer,1610,5676,4494,"animal-hybrid,dragons,grotesque,grotesques",ok
untitled__107c03ac.jpg,107c03ac-2d14-4f2b-a4a3-a181af6051e6,,Christoph Jamnitzer,1610,6017,4646,"grotesque,grotesques",ok
untitled__fe67e756.jpg,fe67e756-2d04-4bf0-a007-5a8af68924fe,,Christoph Jamnitzer,1610,6078,4748,"grotesque,grotesques,human-animal-hybrid",ok
untitled__bcb2908f.jpg,bcb2908f-6908-404d-a078-173018eebd2b,,Christoph Jamnitzer,1610,5880,4752,"animal-hybrid,grotesque,grotesques",ok
untitled__4b630a65.jpg,4b630a65-68c4-43ca-bc4f-6d38f8925805,,Christoph Jamnitzer,1610,5819,4625,"animal-hybrid,grotesque,grotesques",ok
untitled__41feef53.jpg,41feef53-2a3b-4727-8a68-baf58e389bbf,,Christoph Jamnitzer,1610,5851,4131,"grotesque,grotesques",ok
untitled__0f21ed3b.jpg,0f21ed3b-2bd7-4702-8287-8a936a13135c,,Christoph Jamnitzer,1610,6023,4675,"grotesque,grotesques",ok
untitled__1f5f358e.jpg,1f5f358e-b9af-49a3-9fea-872df8a536a8,,Christoph Jamnitzer,1610,5693,4516,"grotesque,grotesques,human-animal-hybrid",ok
untitled__6ebe34da.jpg,6ebe34da-67db-4ea8-89cf-e352a5340aaa,,Christoph Jamnitzer,1610,5695,4711,"animal-hybrid,grotesque,grotesques",ok
untitled__b93bb772.jpg,b93bb772-e512-4a9b-9f84-ea06faeb88f8,,Christoph Jamnitzer,1610,5473,4852,"grotesque,grotesques,human-animal-hybrid",ok
untitled__f80bfe23.jpg,f80bfe23-7ec0-4be8-9789-c2469a624bf2,,Christoph Jamnitzer,1610,6067,4658,"grotesque,grotesques",ok
untitled__ed3d583c.jpg,ed3d583c-18f1-48ee-ab36-fbde9462eb5a,,Christoph Jamnitzer,1610,4274,3509,"grotesque,grotesques",ok
untitled__29162188.jpg,29162188-9920-4996-ac2a-325e3cec8804,,Christoph Jamnitzer,1610,5930,4455,"animal-hybrid,grotesque,grotesques",ok
untitled__a2587909.jpg,a2587909-52b9-4275-9ca8-1f942f267410,,Christoph Jamnitzer,1610,4268,3477,"animal-hybrid,grotesque,grotesques",ok
untitled__eb1737c0.jpg,eb1737c0-387e-4a18-ade6-1ccedd178458,,Christoph Jamnitzer,1610,5814,4719,"grotesque,grotesques",ok
untitled__5627603c.jpg,5627603c-00cb-4885-8c4d-c545b8f01480,,Christoph Jamnitzer,1610,5950,4906,"grotesque,grotesques,human-animal-hybrid",ok
untitled__3a150c78.jpg,3a150c78-2ace-4412-8ee1-1c5ad65f56f8,,Christoph Jamnitzer,1610,4334,3514,"grotesque,grotesques",ok
untitled__57378885.jpg,57378885-aa6b-4969-a834-84403aa33246,,Christoph Jamnitzer,1610,4444,3531,"grotesque,grotesques",ok
untitled__3e1b957e.jpg,3e1b957e-287a-45c4-855e-c3928f7a6a73,,Christoph Jamnitzer,1610,4571,3713,"animal-hybrid,grotesque,grotesques,human-animal-hybrid",ok
untitled__38508b99.jpg,38508b99-9f6e-4e95-9a28-da561d2869b3,,Christoph Jamnitzer,1610,4240,3432,"grotesque,grotesques",ok
untitled__2112a3e8.jpg,2112a3e8-042a-449a-877a-8211f3d01994,,Christoph Jamnitzer,1610,4266,3558,"grotesque,grotesques",ok
untitled__5c5487f4.jpg,5c5487f4-4471-4768-98ca-caaee8ff9e69,,Christoph Jamnitzer,1610,4241,3431,"animal-hybrid,grotesque,grotesques,sea-serpents",ok
untitled__9a9f473c.jpg,9a9f473c-29b5-40e8-a285-71f7dc437fe2,,Christoph Jamnitzer,1610,5979,4708,"animal-hybrid,grotesque,grotesques",ok
untitled__e35bf1ae.jpg,e35bf1ae-df5e-4d15-9df7-53aefadb2734,,Christoph Jamnitzer,1610,5483,4675,"animal-hybrid,dragons,grotesque,grotesques",ok
untitled__da522b3f.jpg,da522b3f-e8b4-476c-82a6-9b77632aa149,,Christoph Jamnitzer,1610,6001,4682,"grotesque,grotesques,human-animal-hybrid",ok
the-crucifixion__2b0845f7.jpg,2b0845f7-969d-4ab6-a1c3-7d22fcdfee83,The Crucifixion,Marcus Gheeraerts,ca. 1580,3394,4818,grotesques,ok
the-flagellation__340fdd93.jpg,340fdd93-6f23-4c6b-8f4b-d2638663b88e,The Flagellation,Marcus Gheeraerts,ca. 1580,3308,4786,grotesques,ok
the-arrest-of-christ__30d365e2.jpg,30d365e2-776d-40f5-a56d-7b553a770d3a,The Arrest of Christ,Marcus Gheeraerts,ca. 1580,3290,4754,grotesques,ok
christ-carrying-the-cross__4f678d4b.jpg,4f678d4b-2a15-40b6-8534-01af814f15e3,Christ Carrying the Cross,Marcus Gheeraerts,ca. 1580,3372,4804,grotesques,ok
the-agony-in-the-garden__47aad522.jpg,47aad522-7bb5-4781-b53f-f214e48e5946,The Agony in the Garden,Marcus Gheeraerts,ca. 1580,3282,4704,grotesques,ok
the-lamentation__5ea211fd.jpg,5ea211fd-cd54-44cc-9166-b00ff2bea01b,The Lamentation,Marcus Gheeraerts,ca. 1580,3320,4776,grotesques,ok
the-resurrection__7d435e2e.jpg,7d435e2e-f287-43d5-8126-c4f19f0ba09f,The Resurrection,Marcus Gheeraerts,ca. 1580,3360,4802,grotesques,ok
christ-before-caiaphas__7dbf5a1d.jpg,7dbf5a1d-1311-42c6-bbae-f4a090aecfce,Christ Before Caiaphas,Marcus Gheeraerts,ca. 1580,3382,4804,grotesques,ok
christ-is-scourged-and-crowned-with-thorns__0e0707e3.jpg,0e0707e3-cecd-46c4-997e-d9a0ab88cf79,Christ is Scourged and Crowned with Thorns,Marcus Gheeraerts,ca. 1580,3286,4664,grotesques,ok
the-last-supper__0d2c09c7.jpg,0d2c09c7-57a5-4420-b08d-ad23c98ad3f6,The Last Supper,Marcus Gheeraerts,ca. 1580,3326,4798,grotesques,ok
christ-disrobed__a6f0c18e.jpg,a6f0c18e-8823-4e91-af30-55a9196fe28c,Christ Disrobed,Marcus Gheeraerts,ca. 1580,3352,4802,grotesques,ok
ecce-homo__bb1f543f.jpg,bb1f543f-afa5-4f04-99c9-8653ddd66c42,Ecce Homo,Marcus Gheeraerts,ca. 1580,3322,4690,grotesques,ok
chinese-grotto__373308ed.jpeg,373308ed-a291-4eb5-9789-f89450e8f7d1,Chinese Grotto,,1790,1690,948,grotesques,ok
grotto-esque-design-for-a-rustic-fountain__5c7a5c75.jpeg,5c7a5c75-2310-470f-9d9c-6c7400cbc3d9,Grotto-Esque Design for a Rustic Fountain,,1615,1663,1990,grotesques,ok
the-fontana-dell-aquilone-in-the-vatican-gardens__6d883b76.jpeg,6d883b76-54e6-4d75-9d4d-358e5c12ce07,The Fontana dell’Aquilone in the Vatican Gardens,Giovanni Franceso Venturini,1675,1220,875,grotesques,ok
les-bains-d-apollon-versailles__786819b6.jpeg,786819b6-d4cb-4edb-8d1a-63a29c7c0efd,Les Bains d’Apollon à Versailles,Hubert Robert,1803,1280,959,grotesques,ok
the-colossal-statue-of-appenino-by-giambologna-at-pratolino__73b93c47.jpeg,73b93c47-afae-4ad7-b3cc-ce5711aec72a,The Colossal Statue of Appenino by Giambologna at Pratolino,Stefano della Bella,1653,2000,1337,grotesques,ok
chariot-procession-of-poseidon-held-on-may-28-1589-for-the-w__72978901.jpeg,72978901-1d04-4a60-851b-8708a7894494,"Chariot Procession of Poseidon, Held on May 28, 1589, for the Wedding of Ferdinando I and Christine of Lorraine",Bernardo Buontalenti,1589,1400,974,grotesques,ok
the-baths-of-apollo-at-versailles__8e283ccd.jpg,8e283ccd-ed17-40a3-94ac-a7100b4767f7,The Baths of Apollo at Versailles,,1870,1400,706,grotesques,ok
grotto-in-the-gardens-of-hortus-palatinus-heidelberg__9876925e.jpg,9876925e-18e5-4b0b-ba21-b1d188330ba8,"Grotto in the Gardens of Hortus Palatinus, Heidelberg",Matthieu Marian,1620,1400,1031,grotesques,ok
grotesque-or-rural-bath-gothic-grotto-and-modern-grotto__ad32fe70.jpeg,ad32fe70-32f1-46e0-b1ab-43cee608b6a6,"“Grotesque or Rural Bath”, “Gothic Grotto”, and “Modern Grotto”",,1790,2977,1670,grotesques,ok
room-of-the-winds-in-villa-aldobrandini__ac00e33b.jpeg,ac00e33b-4810-4014-afc3-ac17e1dc72fe,Room of the Winds in Villa Aldobrandini,Giovanni Francesco Venturini,1691,1155,1455,grotesques,ok
rural-grotto__c49c62eb.jpeg,c49c62eb-2ca0-4bcc-a54c-d74bc2fc99ba,Rural Grotto,,1790,1710,986,grotesques,ok
visitors-entering-the-caves-of-villa-pallavicini-pegli__df5acced.jpg,df5acced-7a1a-489a-bf99-65c28f58ecb5,"Visitors Entering the Caves of Villa Pallavicini, Pegli",Celestino Degoix,1880,1397,1096,grotesques,ok
grotto-design-with-automata__df34ceaa.jpeg,df34ceaa-504c-4248-84b2-464ad4685293,Grotto Design with Automata,,1615,1400,894,grotesques,ok
grotto-of-the-animals-at-villa-di-castello__d2e44e8f.jpeg,d2e44e8f-d202-4b74-b272-0534edf151c1,“Grotto of the Animals” at Villa di Castello,,1906,1014,1286,grotesques,ok
grotto-at-villa-di-papa-giulio-rome__daae0d61.jpeg,daae0d61-7087-41d4-97f0-031460924093,"Grotto at Villa di Papa Giulio, Rome",,1904,1455,1068,grotesques,ok
two-views-of-a-grotto-at-the-villa-di-pratolino__d29d26e0.jpeg,d29d26e0-e446-46ae-ba3a-729013f97d30,Two Views of a Grotto at the Villa di Pratolino,Stefano della Bella,1653,2000,1352,grotesques,ok
grotto-at-villa-d-este-tivoli__e6de776d.jpg,e6de776d-1c6d-46d2-ae49-16198241042d,"Grotto at Villa d’Este, Tivoli",Giovanni Francesco Venturini,before 1691,1400,1046,grotesques,ok
guide-for-constructing-the-letters-h-and-i__0cfeb726.jpg,0cfeb726-6355-4476-9289-76f5df312f29,Guide for Constructing the Letters h and i,Joris Hoefnagel,ca. 1595,827,1200,grotesques,ok
the-young-hercules-strangling-a-snake__3427a0cf.jpg,3427a0cf-b024-4454-909e-d4ae6c6f41be,The Young Hercules Strangling a Snake,Cornelis Bos,1516–56,800,1168,grotesques,ok
a-naked-boy-leaning-over-a-crossbar__58574fbb.jpg,58574fbb-bc5d-4266-887c-aeb3e00aae2c,A Naked Boy Leaning Over a Crossbar,Cornelis Bos,ca. 1516–56,800,1125,grotesques,ok
a-woman-riding-a-deer-leads-a-procession__6726e883.jpg,6726e883-43db-4db1-b680-97adc8f8e4d8,A Woman Riding a Deer Leads a Procession,Cornelis Floris II; Hieronymus Cock,ca. 1550,1000,320,grotesques,ok
charity-trapped-in-a-shell-like-shape__652eb9e4.jpg,652eb9e4-2b6d-4d9c-b641-f35c8c8ee8fe,Charity Trapped in a Shell-Like Shape,Cornelis Floris II; Hieronymus Cock; Johannes or Lucas van Doetecum,1556,800,1191,grotesques,ok
figures-trapped-in-a-shell-like-ornament-with-a-man-and-woma__7ba18bf2.jpg,7ba18bf2-6f2a-45ec-9d56-f9ff1a59233d,Figures Trapped in a Shell-Like Ornament With a Man and Woman Clamped in Shells,Cornelis Floris II; Hieronymus Cock,1556,800,1159,grotesques,ok
men-and-fruits__93905bcc.jpg,93905bcc-776a-4167-8be5-ce99bc3f9d54,Men and Fruits,Cornelis Floris II; Hieronymus Cock,1556,800,1154,grotesques,ok
a-fountain-in-the-shape-of-a-cage__952cba91.jpg,952cba91-691e-4394-8335-849efb7927e0,A Fountain in the Shape of a Cage,Cornelis Floris II; Hieronymus Cock,1557,800,1150,grotesques,ok
men-and-women-surrounding-a-face__a5f363bc.jpg,a5f363bc-74e4-470f-90f3-7d6c52072535,Men and Women Surrounding a Face,Hieronymus Cock; Pieter van der Heyden; Jacob Floris,1567,800,1243,grotesques,ok
a-woman-and-two-satyrs-by-a-fountain__a97c8935.jpg,a97c8935-ade7-4114-8197-28cd4bd92573,A Woman and Two Satyrs by a Fountain,Cornelis Floris II; Hieronymus Cock; Johannes or Lucas van Doetecum,1556,800,1089,grotesques,ok
fragment-of-a-larger-design-1558-1608-designer-hans-vredeman__b5bbb988.jpg,b5bbb988-1391-409c-86c1-7e2b7600ea9b,"Fragment of a larger design (1558 - 1608), designer Hans Vredeman de Vries, engraver Johannes or Lucas van Doetecum, publisher Hieronymus Cock",Cornelis Floris II; Hieronymus Cock; Johannes or Lucas van Doetecum,1558–1608,762,2047,grotesques,ok
a-chariot-pulled-by-two-men-and-a-goat__b209c2aa.jpg,b209c2aa-985c-4da9-8cdf-4921dbba0a0c,A Chariot Pulled by Two Men and a Goat,Cornelis Floris II; Hieronymus Cock,1552,1000,336,grotesques,ok
man-surrounded-by-birds-and-various-creatures__da96dca5.jpg,da96dca5-a456-42bc-84a6-a7ea393026c5,Man Surrounded by Birds and Various Creatures,Cornelis Floris II; Hieronymus Cock; Johannes or Lucas van Doetecum,1557,800,1193,grotesques,ok
untitled__1f636200.jpg,1f636200-7cf6-449a-afa0-06a8cb9e56bf,,Frans Huys; Cornelis Floris,1555,710,794,grotesques,ok
untitled__3d963cf8.jpg,3d963cf8-b806-43ed-a856-6e8c99712544,,Frans Huys; Cornelis Floris,1555,710,754,grotesques,ok
untitled__4e4af0ce.jpg,4e4af0ce-9efa-4433-9e39-b9842d7202fd,,Frans Huys; Cornelis Floris,1555,710,782,grotesques,ok
untitled__7033dcd0.jpg,7033dcd0-12de-47e7-875f-1f131e6a9bf0,,Frans Huys; Cornelis Floris,1555,710,743,grotesques,ok
untitled__72ffce4c.jpg,72ffce4c-ee96-4b85-b584-8710b84de166,,Frans Huys; Cornelis Floris,1555,710,710,grotesques,ok
untitled__8e7a6197.jpg,8e7a6197-b939-432e-8d2b-67d594abb9fc,,Frans Huys; Cornelis Floris,1555,710,723,grotesques,ok
untitled__96cb720e.jpg,96cb720e-cce2-4abb-b176-dcef1bbb6dff,,Frans Huys; Cornelis Floris,1555,710,772,grotesques,ok
untitled__a5383af3.jpg,a5383af3-8f65-4a10-8cf2-7235d3778f1a,,Frans Huys; Cornelis Floris,1555,710,758,grotesques,ok
untitled__e329c08f.jpg,e329c08f-0a22-439e-8e76-2e6138db7acf,,Frans Huys; Cornelis Floris,1555,710,781,grotesques,ok
untitled__e3a4b610.jpg,e3a4b610-86ee-4826-9780-05c384e33fad,,Frans Huys; Cornelis Floris,1555,710,721,grotesques,ok
untitled__f72e3dcc.jpg,f72e3dcc-62fc-45e6-a4c8-b1248404d6d3,,Frans Huys; Cornelis Floris,1555,710,782,grotesques,ok
untitled__1bf171b8.jpg,1bf171b8-8fab-435d-bc4c-752b512a308c,,Jan Christian Bierpfaff; Jeremias Falck,ca. 1645-50,639,615,grotesques,ok
untitled__1b58e69c.jpg,1b58e69c-3f48-44e5-a5e5-49f50f68d0b8,,Jan Christian Bierpfaff; Jeremias Falck,ca. 1645-50,571,640,grotesques,ok
untitled__1dd6aebe.jpg,1dd6aebe-3fc7-4fe9-a1f0-57d451ae5808,,Jan Christian Bierpfaff; Jeremias Falck,ca. 1645-50,611,800,grotesques,ok
untitled__2d3e110d.jpg,2d3e110d-eecb-49d1-bc3e-217d92631240,,Jan Christian Bierpfaff; Jeremias Falck,ca. 1645-50,534,640,grotesques,ok
untitled__440674d4.jpg,440674d4-32d5-409c-bde9-d9c06016615d,,Jan Christian Bierpfaff; Jeremias Falck,ca. 1645-50,607,640,grotesques,ok
untitled__4095c1e2.jpg,4095c1e2-9809-492f-914a-83228dc04f7d,,Jan Christian Bierpfaff; Jeremias Falck,ca. 1645-50,604,799,grotesques,ok
untitled__53b45fc2.jpg,53b45fc2-3c47-4b5e-a86b-4221fd4670a5,,Jan Christian Bierpfaff; Jeremias Falck,ca. 1645-50,683,800,grotesques,ok
untitled__5cbd2f42.jpg,5cbd2f42-858a-4849-9882-6c823274cd77,,Jan Christian Bierpfaff; Jeremias Falck,ca. 1645-50,591,799,grotesques,ok
untitled__5f8d8e25.jpg,5f8d8e25-6a5b-4166-a85b-6e422023c849,,Jan Christian Bierpfaff; Jeremias Falck,ca. 1645-50,623,800,grotesques,ok
untitled__60ce2f19.jpg,60ce2f19-83a1-458d-8119-2187b3c613a0,,Jan Christian Bierpfaff; Jeremias Falck,ca. 1645-50,542,640,grotesques,ok
untitled__6b6cb60b.jpg,6b6cb60b-a788-4360-bbd0-25be7a435703,,Jan Christian Bierpfaff; Jeremias Falck,ca. 1645-50,606,640,grotesques,ok
untitled__6368cf3a.jpg,6368cf3a-82ec-462b-8778-57f31cc524f9,,Jan Christian Bierpfaff; Jeremias Falck,ca. 1645-50,534,640,grotesques,ok
untitled__7e18fc3c.jpg,7e18fc3c-bb09-4210-b8bb-f3582f85b52a,,Jan Christian Bierpfaff; Jeremias Falck,ca. 1645-50,586,640,grotesques,ok
untitled__01439622.jpg,01439622-24ea-42b4-8489-11e4c629be80,,Jan Christian Bierpfaff; Jeremias Falck,ca. 1645-50,624,640,grotesques,ok
untitled__a291a01a.jpg,a291a01a-1598-45ea-bc4a-0a173d1623ee,,Jan Christian Bierpfaff; Jeremias Falck,ca. 1645-50,640,630,grotesques,ok
untitled__be1e4a9e.jpg,be1e4a9e-be49-4bdb-a510-5a12a438e6e7,,Jan Christian Bierpfaff; Jeremias Falck,ca. 1645-50,407,639,grotesques,ok
untitled__c046b9e5.jpg,c046b9e5-536c-49f7-bcbe-acdd0ab0f15b,,Jan Christian Bierpfaff; Jeremias Falck,ca. 1645-50,552,640,grotesques,ok
untitled__ca167e11.jpg,ca167e11-aa92-4cbb-b70f-57584fae9951,,Jan Christian Bierpfaff; Jeremias Falck,ca. 1645-50,558,800,grotesques,ok
untitled__d6247738.jpg,d6247738-48e0-49ca-9358-bc4ee3371cc7,,Jan Christian Bierpfaff; Jeremias Falck,ca. 1645-50,543,800,grotesques,ok
untitled__deccb3d7.jpg,deccb3d7-2e45-40c8-b9bf-f6139f349deb,,Jan Christian Bierpfaff; Jeremias Falck,ca. 1645-50,543,640,grotesques,ok
untitled__dfe7d051.jpg,dfe7d051-2b39-43fe-a6b2-56ad9e32844c,,Jan Christian Bierpfaff; Jeremias Falck,ca. 1645-50,663,800,grotesques,ok
untitled__e9b79b20.jpg,e9b79b20-9a3f-4e57-b6f3-fe0f9a3d6f3e,,Jan Christian Bierpfaff; Jeremias Falck,ca. 1645-50,557,639,grotesques,ok
untitled__e5cd383d.jpg,e5cd383d-dac6-486e-8ea3-7cf9c3c08ca6,,Jan Christian Bierpfaff; Jeremias Falck,ca. 1645-50,609,800,grotesques,ok
untitled__ed68753c.jpg,ed68753c-c234-4018-89e6-79c5523360e8,,Jan Christian Bierpfaff; Jeremias Falck,ca. 1645-50,598,800,grotesques,ok
untitled__f1b20649.jpg,f1b20649-f5a5-4c4e-8d67-208349e2c23a,,Jan Christian Bierpfaff; Jeremias Falck,ca. 1645-50,532,640,grotesques,ok
vignette__4740bd57.jpg,4740bd57-a9ac-4932-b396-e2b91e3a56cd,Vignette,Aubrey Beardsley,1882,1269,1539,grotesque,ok
withered-spring__d1fc9b9f.jpg,d1fc9b9f-d223-46ae-aa41-552890495191,Withered Spring,Aubrey Beardsley,ca. 1872–98,2332,3990,grotesque,ok
hamlet__bde46f80.jpg,bde46f80-5241-46ce-91d0-a0cfa31ae7c0,Hamlet,Aubrey Beardsley,1892,1340,2644,grotesque,ok
incipit-vita-nova-here-begins-a-new-life__efb5b80e.jpg,efb5b80e-52ad-4080-9a78-9adbaaf4367f,Incipit Vita Nova (Here begins a new life),Aubrey Beardsley,1893,2550,2550,grotesque,ok
siegfried__0f3eef5e.jpg,0f3eef5e-7e5c-40cf-999d-1f58d21d6c02,Siegfried,Aubrey Beardsley,1893,2642,3662,grotesque,ok
of-a-neophyte-and-how-the-black-art-was-revealed-unto-him-by__485a2c76.jpg,485a2c76-fe14-4bf2-ba98-4ef7337e2ad5,Of a Neophyte and How the Black Art Was Revealed unto Him by the Fiend Asomuel,Aubrey Beardsley,1893,2848,3871,grotesque,ok
the-kiss-of-judas__05bbe6d9.jpg,05bbe6d9-ae3f-4687-b12b-a86088e11a94,The Kiss of Judas,Aubrey Beardsley,1893,2186,3006,grotesque,ok
untitled__74564013.jpg,74564013-5cc7-47cc-838f-ffb97d38aef7,,Aubrey Beardsley,1893,2129,3092,grotesque,ok
design-for-eight-initial-keys__a34d5317.jpg,a34d5317-97f8-4f23-90b8-66b93236092a,Design for eight initial keys,Aubrey Beardsley,ca. 1893–96,2256,2711,grotesque,ok
title-page-design__64ddc742.jpg,64ddc742-9625-42dd-a8e5-e66c15f87fe6,Title-page Design,Aubrey Beardsley,1894,2334,2990,"grotesque,hybrid-figures",ok
contents-page-design__30af5d6f.jpg,30af5d6f-988c-41a5-bf0a-dcfed676b3b9,Contents-page Design,Aubrey Beardsley,1894,2450,2976,"grotesque,hybrid-figures",ok
the-platonic-lament__a6b31e21.jpg,a6b31e21-c479-49c3-b2b0-b31bee4ae00d,The Platonic Lament,Aubrey Beardsley,1894,2210,3010,grotesque,ok
enter-herodias__6ef89f8b.jpg,6ef89f8b-83a5-4d5f-aca0-81ceb146ec08,Enter Herodias,Aubrey Beardsley,1894,2274,3048,grotesque,ok
the-eyes-of-herod__aeb07395.jpg,aeb07395-baf4-42c2-86d0-7db604b1392b,The Eyes of Herod,Aubrey Beardsley,1894,2278,3012,grotesque,ok
the-stomach-dance__27306417.jpg,27306417-50e6-449a-87d7-b5bd1dfac170,The Stomach Dance,Aubrey Beardsley,1894,2258,3042,grotesque,ok
the-toilet-of-salom__6e69c50b.jpg,6e69c50b-9e0f-4b19-9c0d-93cf60b33646,The Toilet of Salomé,Aubrey Beardsley,1894,2214,3022,grotesque,ok
the-climax__8e36e5d4.jpg,8e36e5d4-0778-4354-b29d-44d0d3f8da1e,The Climax,Aubrey Beardsley,1894,2200,3012,grotesque,ok
the-scarlet-pastorale__fcc10fab.jpg,fcc10fab-9ed3-4b72-9fb0-13165e8a9364,The Scarlet Pastorale,Aubrey Beardsley,1894,2302,3238,grotesque,ok
messalina-and-her-companion__359359d7.jpg,359359d7-fdea-46cc-ac51-a8a9084a05bd,Messalina and her Companion,Aubrey Beardsley,1895,1392,2086,grotesque,ok
a-design__8609fd75.jpg,8609fd75-49bb-4668-a8eb-b3f8bfb92a0b,A Design,Aubrey Beardsley,1896,2210,1846,grotesque,ok
the-third-tableau-of-das-rheingold__2a9bb539.jpg,2a9bb539-05d1-4b7c-9893-9dd5b2f71130,The Third Tableau of ‘Das Rheingold’,Aubrey Beardsley,1896,2380,3390,grotesque,ok
the-fourth-tableau-of-das-rheingold__31a9c4ea.jpg,31a9c4ea-4140-4042-a3fb-a71c65578821,The Fourth Tableau of ‘Das Rheingold’,Aubrey Beardsley,1896,2944,3508,grotesque,ok
the-death-of-pierrot__2dc7a5d3.jpg,2dc7a5d3-3581-4a75-8662-bf533384f94f,The Death of Pierrot,Aubrey Beardsley,1896,2400,3434,grotesque,ok
don-juan-sganarelle-and-the-beggar-illustration-for-a-transl__457a9f4f.jpg,457a9f4f-5184-40e7-90c4-7fda67ab1ec8,"Don Juan, Sganarelle, and the Beggar, illustration for a translation of Molière’s Don Juan",Aubrey Beardsley,1896,2014,3218,grotesque,ok
erda-illustration-for-wagner-s-das-rheingold__275691e6.jpg,275691e6-c42a-48a4-a6b2-1230a1337d56,"Erda, illustration for Wagner’s Das Rheingold",Aubrey Beardsley,1896,1628,2416,grotesque,ok
alberich-illustration-for-wagner-s-das-rheingold__78c41a99.jpg,78c41a99-5346-4970-a464-67124c5df955,"Alberich, illustration for Wagner’s Das Rheingold",Aubrey Beardsley,1896,1540,1550,"grotesque,human-animal-hybrid,hybrid-figures",ok
les-liaisons-dangereuses-illustration-for-pierre-choderlos-d__ba48edcd.jpg,ba48edcd-9403-460e-8ecd-0d92ecafb3e9,"Les Liaisons Dangereuses, illustration for Pierre Choderlos de Laclos’ novel",Aubrey Beardsley,1896,1978,2886,grotesque,ok
the-cave-of-spleen__546a11ba.jpg,546a11ba-f64d-4f2e-b574-e4cf058a161d,The Cave of Spleen,Aubrey Beardsley,1897,1802,2556,"grotesque,hybrid-figures",ok
the-rape-of-the-lock__1c431ce1.jpg,1c431ce1-5332-4463-a62c-f37ef4b79100,The Rape of the Lock,Aubrey Beardsley,1897,1765,2547,grotesque,ok
the-battle-of-the-beau-and-the-belles__2df95e74.jpg,2df95e74-c0d8-4c51-97fe-f2a06adcf7fc,The Battle of the Beau and the Belles,Aubrey Beardsley,1897,1805,2579,grotesque,ok
personal-bookplate-ex-libris__64898c38.jpg,64898c38-c3d7-44dc-b284-167937be7c57,Personal bookplate (ex libris),Aubrey Beardsley,ca. 1897,2078,2988,grotesque,ok
untitled__202c4ae7.jpg,202c4ae7-7e12-420c-b035-bb1a670c4477,,Wallace Smith,1922,3606,2138,grotesque,ok
untitled__c7eaa164.jpg,c7eaa164-7845-41d1-ae3c-1c2f2a143a9a,,Wallace Smith,1922,2263,3604,grotesque,ok
untitled__1b3d777f.jpg,1b3d777f-ee8b-4bcf-b0e8-0fddd46c28f2,,Wallace Smith,1922,2114,3452,grotesque,ok
untitled__833eb081.jpg,833eb081-d91d-44f8-ab17-71339c861eb3,,Wallace Smith,1922,2190,3516,grotesque,ok
untitled__214b2cdb.jpg,214b2cdb-85f6-4be2-9ea1-5a413194e15f,,Wallace Smith,1922,2280,3572,grotesque,ok
untitled__c0d42474.jpg,c0d42474-ff2c-416b-90de-a3a431305454,,Wallace Smith,1922,2242,3600,grotesque,ok
untitled__6b319db1.jpg,6b319db1-4376-46a6-858c-aaf522a743eb,,Wallace Smith,1922,1524,754,grotesque,ok
untitled__4ebc617d.jpg,4ebc617d-8e4b-4bd7-ba09-0bedd380bd3a,,Wallace Smith,1922,2176,3554,grotesque,ok
untitled__1d1a14a9.jpg,1d1a14a9-b159-4807-a13a-4e073b55e962,,Wallace Smith,1922,2176,3554,grotesque,ok
from-notre-dame__3c8f5a7d.jpg,3c8f5a7d-2823-4ddb-b497-cde9867a22c7,From Notre-Dame,Henri Rivière,1888–1902,2380,2856,gargoyles,ok
gargolyes__4b406519.jpg,4b406519-ec9d-46ef-a587-50c1284b5995,Gargolyes,,ca. 1875-1900,1024,877,gargoyles,ok
gargoyles__abc258bd.jpg,abc258bd-ab3b-47c2-a69b-a5e607a51436,Gargoyles,Adolphe Giraudon,ca. 1875,1024,773,gargoyles,ok
virgin-entirely-furry-like-a-bear-presented-to-charles-iv__c8bf2895.jpg,c8bf2895-c37b-4f92-b0f3-d8406d4fbca5,Virgin entirely furry like a bear presented to Charles IV,,1559,2608,2792,"beasts,human-animal-hybrid,hybrid-figures,supernatural",ok
hare-and-hedgehog-costumes-worn-by-hermann-oehlmann-and-an-u__1cad24bc.jpg,1cad24bc-19b4-4485-afdb-43006d597534,Hare and hedgehog costumes worn by Hermann Oehlmann and an unknown person,Joseph Albert,1862,1543,2000,human-animal-hybrid,ok
puss-in-boots-costume-worn-by-heinrich-lang__8d2529c4.jpg,8d2529c4-77bc-4bcd-9abe-3f652a12392a,Puss in Boots costume worn by Heinrich Lang,Joseph Albert,1862,1547,2000,human-animal-hybrid,ok
puss-in-boots-and-other-costumes-worn-by-heinrich-eduard-and__437f6aff.jpg,437f6aff-15d0-4180-ba50-a99015cbae1c,"Puss in Boots and other costumes worn by Heinrich, Eduard, and Clara Lang",Joseph Albert,1862,2000,1537,human-animal-hybrid,ok
the-unhealthy-pair__5e52fc8d.jpg,5e52fc8d-70bb-41a8-bbb4-d3e0642d581b,The Unhealthy Pair,,1896,2365,1342,human-animal-hybrid,ok
resolv-d-on-proclaiming-a-submarine-feast__62a74b89.jpeg,62a74b89-6301-4ddf-bf60-a29b62143cb4,Resolv’d on proclaiming a submarine feast.,,1809,1000,794,human-animal-hybrid,ok
the-sword-and-the-pike-the-sabre-and-lance-were-bravely-empl__4c0ea009.jpeg,4c0ea009-0566-43ad-8417-d2face5df9b3,"The Sword and the Pike, the Sabre and Lance, were bravely employ’d against the legions of France.",,1809,1000,817,human-animal-hybrid,ok
and-now-to-get-ready-each-fish-was-in-motion__65187f0b.jpeg,65187f0b-b6c7-467c-9678-8986ce89716b,"And now to get ready, each fish was in motion.",,1809,1000,814,human-animal-hybrid,ok
the-cod-fish-from-newfoundland-bank-found-its-way__c97b97d8.jpeg,c97b97d8-34bb-4b44-9d28-de6628198365,"The Cod-fish from newfoundland bank, found its way.",,1809,1000,821,human-animal-hybrid,ok
old-wife-mostly-high-provok-d-that-by-the-tobacco-pipe-fish-__0e067d93.jpeg,0e067d93-749a-4bf8-a5a8-9dffa69b76ae,"Old Wife, mostly high provok’d, that by the tobacco-pipe-fish, she’d been smok’d.",,1809,1000,855,human-animal-hybrid,ok
that-notable-gambler-the-shark__76725327.jpeg,76725327-4ea3-4a46-b1da-5fbdab6e4397,"That notable gambler, the Shark.",,1809,1000,815,human-animal-hybrid,ok
and-the-dignified-dolphin-the-pattern-of-fashion__fc791349.jpeg,fc791349-e5e9-4bff-8720-359693e2cf8e,"And the dignified dolphin, the pattern of fashion.",,1809,1000,821,human-animal-hybrid,ok
his-majesty-spouted__6c544346.jpeg,6c544346-ae0a-4b75-b750-4a70afaf11a1,His Majesty spouted.,,1809,1000,818,human-animal-hybrid,ok
untitled__698ed929.jpg,698ed929-edde-4234-b108-20d35f51dc3a,,Anton Seder,1896,1626,2144,"beasts,fantastical-creatures,human-animal-hybrid",ok
facsimile-of-the-codex-mendoza-ca-1541-1650__292c88af.jpg,292c88af-6fb7-4ac2-b2fc-e926c9946704,"Facsimile of the Codex Mendoza, ca. 1541–1650",Agostino Aglio,1831–48,2637,3629,human-animal-hybrid,ok
facsimile-of-the-codex-mendoza-ca-1541-1650__fdea47ec.jpg,fdea47ec-aebc-4275-aa8e-1c09ea24f392,"Facsimile of the Codex Mendoza, ca. 1541–1650",Agostino Aglio,1831–48,2651,3664,human-animal-hybrid,ok
facsimile-of-the-codex-telleriano-remensis-mid-16th-century__4307b2dc.jpg,4307b2dc-6e3c-47f6-b338-d4105bd353b3,"Facsimile of the Codex Telleriano-Remensis, mid 16th century",Agostino Aglio,1831–48,2483,2404,human-animal-hybrid,ok
facsimile-of-the-codex-telleriano-remensis-mid-16th-century__d18ba8ca.jpg,d18ba8ca-9083-43ed-8c54-53222d05c732,"Facsimile of the Codex Telleriano-Remensis, mid 16th century",Agostino Aglio,1831–48,2436,2595,human-animal-hybrid,ok
facsimile-of-the-codex-telleriano-remensis-mid-16th-century__c62be999.jpg,c62be999-06d0-4eab-ab2b-33f8845091ab,"Facsimile of the Codex Telleriano-Remensis, mid 16th century",Agostino Aglio,1831–48,2469,2524,human-animal-hybrid,ok
facsimile-of-the-codex-bodley-ca-before-1521__321b01c7.jpg,321b01c7-b7b7-4468-85a3-4ede353046f0,"Facsimile of the Codex Bodley, ca. before 1521",Agostino Aglio,1831–48,3294,3126,human-animal-hybrid,ok
facsimile-of-the-codex-bodley-ca-before-1521__786b6d9c.jpg,786b6d9c-4ed1-4f1b-9d4c-8721b66cb1fa,"Facsimile of the Codex Bodley, ca. before 1521",Agostino Aglio,1831–48,3361,3094,human-animal-hybrid,ok
facsimile-of-the-codex-bodley-ca-before-1521__1ec94a56.jpg,1ec94a56-aef6-4408-9114-e6effccbee85,"Facsimile of the Codex Bodley, ca. before 1521",Agostino Aglio,1831–48,3438,3113,human-animal-hybrid,ok
facsimile-of-the-codex-r-os-ca-after-1566__b737d283.jpg,b737d283-5e81-427a-9c2a-c43dd32c361a,"Facsimile of the Codex Ríos, ca. after 1566",Agostino Aglio,1831–48,3276,3248,human-animal-hybrid,ok
facsimile-of-the-codex-laud-also-known-as-the-codex-mictlan-__85f6b916.jpg,85f6b916-9a9c-4324-aa03-a447672841f8,"Facsimile of the, Codex Laud, also known as the Codex Mictlan or Book of Death, ca. 15th century",Agostino Aglio,1831–48,2555,4431,human-animal-hybrid,ok
facsimile-of-the-codex-laud-also-known-as-the-codex-mictlan-__8eac9896.jpg,8eac9896-e1ea-4fbf-99c1-7280691178c2,"Facsimile of the, Codex Laud, also known as the Codex Mictlan or Book of Death, ca. 15th century",Agostino Aglio,1831–48,2536,4479,human-animal-hybrid,ok
facsimile-of-the-codex-vindobonensis-ca-late-15th-or-early-1__dce18621.jpg,dce18621-840b-4c94-913f-1a261530f573,"Facsimile of the Codex Vindobonensis, ca. late 15th or early 16th century",Agostino Aglio,1831–48,3331,2927,human-animal-hybrid,ok
facsimile-of-the-codex-vindobonensis-ca-late-15th-or-early-1__8a96d5a6.jpg,8a96d5a6-f8f5-4d86-af94-66515689f5eb,"Facsimile of the Codex Vindobonensis, ca. late 15th or early 16th century",Agostino Aglio,1831–48,3243,2944,human-animal-hybrid,ok
facsimile-of-the-codex-vindobonensis-ca-late-15th-or-early-1__3e7ec028.jpg,3e7ec028-0841-4362-907e-c73c10b3272a,"Facsimile of the Codex Vindobonensis, ca. late 15th or early 16th century",Agostino Aglio,1831–48,3361,2992,human-animal-hybrid,ok
facsimile-of-the-codex-vindobonensis-ca-late-15th-or-early-1__60deb0bf.jpg,60deb0bf-afea-491d-8d71-0d525e34b651,"Facsimile of the Codex Vindobonensis, ca. late 15th or early 16th century",Agostino Aglio,1831–48,3386,3006,human-animal-hybrid,ok
facsimile-of-the-codex-vindobonensis-ca-late-15th-or-early-1__f3e715a2.jpg,f3e715a2-9a4a-49d6-bec2-c5a930d1985b,"Facsimile of the Codex Vindobonensis, ca. late 15th or early 16th century",Agostino Aglio,1831–48,3402,2926,human-animal-hybrid,ok
facsimile-of-the-codex-vindobonensis-ca-late-15th-or-early-1__7b5a52c3.jpg,7b5a52c3-9e9a-4e4c-a547-f1b0366b9c91,"Facsimile of the Codex Vindobonensis, ca. late 15th or early 16th century",Agostino Aglio,1831–48,3503,2996,"human-animal-hybrid,serpents",ok
facsimile-of-the-codex-vindobonensis-ca-late-15th-or-early-1__98aa178e.jpg,98aa178e-fda4-4143-8fb2-4dd6dc96c7c5,"Facsimile of the Codex Vindobonensis, ca. late 15th or early 16th century",Agostino Aglio,1831–48,3565,3021,human-animal-hybrid,ok
facsimile-of-the-codex-vindobonensis-ca-late-15th-or-early-1__10c14492.jpg,10c14492-2f39-4263-b7b7-26c702837f04,"Facsimile of the Codex Vindobonensis, ca. late 15th or early 16th century",Agostino Aglio,1831–48,3470,2899,human-animal-hybrid,ok
facsimile-of-the-codex-vindobonensis-ca-late-15th-or-early-1__14bc8b6a.jpg,14bc8b6a-44e7-497d-af30-07de0dc9cc5e,"Facsimile of the Codex Vindobonensis, ca. late 15th or early 16th century",Agostino Aglio,1831–48,3395,2885,human-animal-hybrid,ok
facsimile-of-the-codex-borgia-ca-16th-century__28cfc67c.jpg,28cfc67c-3b46-4115-9941-5e6954f5988d,"Facsimile of the Codex Borgia, ca. 16th century",Agostino Aglio,1831–48,3588,3461,human-animal-hybrid,ok
facsimile-of-the-codex-borgia-ca-16th-century__863bcdd6.jpg,863bcdd6-76f7-45f1-a3c1-89ec886a2b52,"Facsimile of the Codex Borgia, ca. 16th century",Agostino Aglio,1831–48,3422,3460,human-animal-hybrid,ok
facsimile-of-the-codex-borgia-ca-16th-century__9f5b0e15.jpg,9f5b0e15-a739-4cb6-bfe8-d554acf44f0b,"Facsimile of the Codex Borgia, ca. 16th century",Agostino Aglio,1831–48,3517,3484,human-animal-hybrid,ok
facsimile-of-the-codex-borgia-ca-16th-century__aaf9d6d7.jpg,aaf9d6d7-f013-48ed-a04f-14ef19c53ba2,"Facsimile of the Codex Borgia, ca. 16th century",Agostino Aglio,1831–48,3561,3558,human-animal-hybrid,ok
facsimile-of-the-codex-borgia-ca-16th-century__e819cca1.jpg,e819cca1-80a0-4fee-be64-313ab1281e99,"Facsimile of the Codex Borgia, ca. 16th century",Agostino Aglio,1831–48,3405,3419,human-animal-hybrid,ok
facsimile-of-the-codex-borgia-ca-16th-century__bd47effd.jpg,bd47effd-8317-4e3c-9697-7d94f2db0996,"Facsimile of the Codex Borgia, ca. 16th century",Agostino Aglio,1831–48,3625,3670,human-animal-hybrid,ok
facsimile-of-the-codex-borgia-ca-16th-century__b9527ee9.jpg,b9527ee9-bdc3-49fc-bc6b-1f21735a61f3,"Facsimile of the Codex Borgia, ca. 16th century",Agostino Aglio,1831–48,3399,3417,human-animal-hybrid,ok
facsimile-of-the-codex-borgia-ca-16th-century__3d68bf4d.jpg,3d68bf4d-ca84-4b50-b3fb-998836682b03,"Facsimile of the Codex Borgia, ca. 16th century",Agostino Aglio,1831–48,3406,3537,human-animal-hybrid,ok
facsimile-of-the-codex-borgia-ca-16th-century__8b172087.jpg,8b172087-75d0-4f20-bf06-56d5a286fc13,"Facsimile of the Codex Borgia, ca. 16th century",Agostino Aglio,1831–48,3356,3391,human-animal-hybrid,ok
facsimile-of-the-codex-borgia-ca-16th-century__a2c7d1ea.jpg,a2c7d1ea-88d4-414b-82b7-89df14159bae,"Facsimile of the Codex Borgia, ca. 16th century",Agostino Aglio,1831–48,3505,3595,human-animal-hybrid,ok
facsimile-of-the-codex-borgia-ca-16th-century__ac95201e.jpg,ac95201e-dc3a-4e7d-abbb-fe40b98fbbb3,"Facsimile of the Codex Borgia, ca. 16th century",Agostino Aglio,1831–48,3572,3667,human-animal-hybrid,ok
facsimile-of-the-codex-borgia-ca-16th-century__ef93dd66.jpg,ef93dd66-6d18-4b72-b378-5fd2781efad6,"Facsimile of the Codex Borgia, ca. 16th century",Agostino Aglio,1831–48,3514,3591,human-animal-hybrid,ok
facsimile-of-the-codex-borgia-ca-16th-century__95eeaee3.jpg,95eeaee3-2ba4-4162-8fb2-245c731aafcc,"Facsimile of the Codex Borgia, ca. 16th century",Agostino Aglio,1831–48,3468,3392,human-animal-hybrid,ok
facsimile-of-the-codex-borgia-ca-16th-century__19dec29d.jpg,19dec29d-7b4b-4384-86f0-06d5d88ee2fd,"Facsimile of the Codex Borgia, ca. 16th century",Agostino Aglio,1831–48,3382,3316,human-animal-hybrid,ok
facsimile-of-the-codex-borgia-ca-16th-century__6a8f6240.jpg,6a8f6240-f5db-4055-b593-39099477904c,"Facsimile of the Codex Borgia, ca. 16th century",Agostino Aglio,1831–48,3345,3383,human-animal-hybrid,ok
facsimile-of-the-codex-borgia-ca-16th-century__53a3ae92.jpg,53a3ae92-4cf6-435e-8c31-b9767630dc90,"Facsimile of the Codex Borgia, ca. 16th century",Agostino Aglio,1831–48,3415,3282,"human-animal-hybrid,serpents",ok
facsimile-of-the-dresden-codex-ca-1200-1250__2db258f2.jpg,2db258f2-629a-4509-8ea5-4a804a265eb2,"Facsimile of the Dresden Codex, ca. 1200–1250",Agostino Aglio,1831–48,3413,2723,human-animal-hybrid,ok
facsimile-of-the-dresden-codex-ca-1200-1250__9fa96c9f.jpg,9fa96c9f-48e0-48ce-b26f-8c785c865fa9,"Facsimile of the Dresden Codex, ca. 1200–1250",Agostino Aglio,1831–48,3540,2759,human-animal-hybrid,ok
facsimile-of-the-dresden-codex-ca-1200-1250__759ff4af.jpg,759ff4af-a4b0-4363-9040-fdd81a8ab6fb,"Facsimile of the Dresden Codex, ca. 1200–1250",Agostino Aglio,1831–48,3522,2775,human-animal-hybrid,ok
facsimile-of-the-dresden-codex-ca-1200-1250__980cdf34.jpg,980cdf34-a94d-4a9f-8a1f-aa954d4743a2,"Facsimile of the Dresden Codex, ca. 1200–1250",Agostino Aglio,1831–48,3503,2738,human-animal-hybrid,ok
facsimile-of-the-dresden-codex-ca-1200-1250__886c6092.jpg,886c6092-a68d-493c-8639-0bfb3dbef4df,"Facsimile of the Dresden Codex, ca. 1200–1250",Agostino Aglio,1831–48,3478,2790,"human-animal-hybrid,serpents",ok
facsimile-of-the-codex-fej-rv-ry-mayer-ca-before-1521__5c79eebf.jpg,5c79eebf-f42d-420d-af52-c147d05d50cc,"Facsimile of the Codex Fejérváry-Mayer, ca. before 1521",Agostino Aglio,1831–48,2320,2263,human-animal-hybrid,ok
facsimile-of-the-codex-fej-rv-ry-mayer-ca-before-1521__7a51490a.jpg,7a51490a-15b4-4280-ac1c-a219fbbf9602,"Facsimile of the Codex Fejérváry-Mayer, ca. before 1521",Agostino Aglio,1831–48,2158,2119,human-animal-hybrid,ok
facsimile-of-the-codex-vaticanus-b-ca-before-1596__00483263.jpg,00483263-dc86-4308-856e-1531fb9454dd,"Facsimile of the Codex Vaticanus B, ca. before 1596",Agostino Aglio,1831–48,3764,3660,human-animal-hybrid,ok
facsimile-of-the-codex-vaticanus-b-ca-before-1596__c8579456.jpg,c8579456-f539-4a53-94d5-dbb6ff634ce9,"Facsimile of the Codex Vaticanus B, ca. before 1596",Agostino Aglio,1831–48,3739,3685,"human-animal-hybrid,serpents",ok
untitled__488c0e48.jpg,488c0e48-edfc-491f-a198-dc0e31f943f2,,Agostino Aglio,1831–48,960,850,human-animal-hybrid,ok
vampyre__14e6b862.jpeg,14e6b862-e24e-457e-9868-6feeca78b880,Vampyre,Henry L. Stephens,1851,3368,2113,human-animal-hybrid,ok
butcher-birds__19ffd8c9.jpeg,19ffd8c9-d20c-4ed5-9683-3b0e36d5a5c1,Butcher Birds,Henry L. Stephens,1851,2272,3388,human-animal-hybrid,ok
wharf-rat__289e1645.jpeg,289e1645-60b8-48f6-a96c-7fac7b37db59,Wharf Rat,Henry L. Stephens,1851,3320,2300,human-animal-hybrid,ok
same-old-coon__47714ebd.jpeg,47714ebd-fd58-4a76-87b2-3bc2302b93ce,Same Old Coon,Henry L. Stephens,1851,2344,3460,human-animal-hybrid,ok
son-fish-sucker__4f1e37d1.jpeg,4f1e37d1-3ab6-43e8-94bc-e7861415277e,Son Fish / Sucker,Henry L. Stephens,1851,2992,2220,human-animal-hybrid,ok
gold-fish__5d70be4a.jpg,5d70be4a-24b7-4434-8601-bc441c9f552e,Gold Fish,Henry L. Stephens,1851,3174,2174,human-animal-hybrid,ok
gallows-bird__534d2a96.jpeg,534d2a96-bc4f-40c7-a6e5-364ece96aea7,Gallows Bird,Henry L. Stephens,1851,2217,2920,human-animal-hybrid,ok
humming-bird__6e304d78.jpg,6e304d78-c7c9-4081-87b5-5e8381aaff59,Humming Bird,Henry L. Stephens,1851,2261,3049,human-animal-hybrid,ok
milliner-bird__6cc51b6d.jpeg,6cc51b6d-5603-462a-b580-ecfd010f349b,Milliner Bird,Henry L. Stephens,1851,2248,2948,human-animal-hybrid,ok
little-dear__776fad3b.jpeg,776fad3b-56c0-4752-a5a7-d48d219986f7,Little Dear,Henry L. Stephens,1851,2084,3132,human-animal-hybrid,ok
jail-bird__752aaddb.jpeg,752aaddb-dd01-4a77-a838-6d94e42f135d,Jail Bird,Henry L. Stephens,1851,2124,2652,human-animal-hybrid,ok
gudgeon-shark__71da26f6.jpeg,71da26f6-38b3-4981-941c-68c3aebdab58,Gudgeon Shark,Henry L. Stephens,1851,3003,1977,human-animal-hybrid,ok
widow-bird__890a652b.jpeg,890a652b-866c-4413-ab72-5da803d4fe92,Widow Bird,Henry L. Stephens,1851,2204,3040,human-animal-hybrid,ok
one-of-the-rats__9db9f5aa.jpeg,9db9f5aa-39ee-4c87-86a0-5121c6ff5ea2,One of the Rats,Henry L. Stephens,1851,2919,2078,human-animal-hybrid,ok
lark__9bb6bb58.jpeg,9bb6bb58-ce4d-4ce6-98b6-699ef42d4cb2,Lark,Henry L. Stephens,1851,2368,3184,human-animal-hybrid,ok
hum-bug__9a140eea.jpg,9a140eea-5c97-467f-8602-914d6a7a352f,Hum-Bug,Henry L. Stephens,1851,2092,3072,human-animal-hybrid,ok
woodpecker__02f79a99.jpg,02f79a99-05bf-4c2c-b48a-b62328458502,Woodpecker,Henry L. Stephens,1851,2326,3234,human-animal-hybrid,ok
giraffe__0166d794.jpg,0166d794-9bec-482c-a9ed-eacfb394f595,Giraffe,Henry L. Stephens,1851,2160,3200,human-animal-hybrid,ok
king-bird__afc169d0.jpg,afc169d0-94b1-4ed7-acc0-1d30e6e608f5,King Bird,Henry L. Stephens,1851,2292,3456,human-animal-hybrid,ok
alms-house-bird__ab8f07f0.jpeg,ab8f07f0-69a9-4d66-acc0-ed8cfd329c96,Alms House Bird,Henry L. Stephens,1851,2243,3312,human-animal-hybrid,ok
the-comic-natural-history__a870aa6c.jpg,a870aa6c-d273-4ef1-9910-33e75b6a599c,The Comic Natural History,Henry L. Stephens,1851,2562,3996,human-animal-hybrid,ok
night-hawk__b6243058.jpeg,b6243058-9f84-4cec-91f0-95a17afd7194,Night Hawk,Henry L. Stephens,1851,2296,3172,human-animal-hybrid,ok
mac-arel__be7e0cf7.jpeg,be7e0cf7-6b5c-43aa-b91b-a90c1b9808f7,Mac-Arel,Henry L. Stephens,1851,2856,1896,human-animal-hybrid,ok
old-shad-young__d54c3df7.jpeg,d54c3df7-2929-48a7-8bc0-6ffd2d62212d,Old Shad & Young,Henry L. Stephens,1851,3356,2120,human-animal-hybrid,ok
sun-bird__f85acb95.jpg,f85acb95-f0a6-4921-b4b3-a8c57d1a5d07,Sun Bird,Henry L. Stephens,1851,2360,3312,human-animal-hybrid,ok
catamaran-speel-s-owl__f061bbad.jpg,f061bbad-3285-41f2-926b-60db1fca37c4,Catamaran Speel's Owl,Henry L. Stephens,1851,2272,3260,human-animal-hybrid,ok
vegetable-lamb__07affc7e.jpg,07affc7e-ea07-4366-bc31-35ac5cdcb244,Vegetable lamb,,1481,1260,1266,"animal-hybrid,fantastical-creatures,hybrid-figures,mythological-creatures",ok
vegetable-lamb__f2f156eb.jpg,f2f156eb-2c9f-454d-80ce-4480df9f8db9,Vegetable lamb,,1725,1167,1194,"animal-hybrid,fantastical-creatures,hybrid-figures,mythological-creatures",ok
vegetable-lamb__403c5d67.jpg,403c5d67-0b8e-4678-b697-af7b2d56d13b,Vegetable lamb,,1605,1429,1032,"animal-hybrid,fantastical-creatures,hybrid-figures,mythological-creatures",ok
illustration-featuring-planta-tartarica-boromez-and-other-ve__a586101b.jpg,a586101b-4a05-4379-9d11-6f0cb259b23c,Illustration featuring 'Planta Tartarica Boromez' and other vegetal creatures,,1696,1627,2612,"animal-hybrid,fantastical-creatures,hybrid-figures,mythological-creatures",ok
frontispiece-depicting-the-garden-of-eden__e33ccbc2.jpg,e33ccbc2-398e-4fc1-89cd-745a1c07a34e,Frontispiece depicting the Garden of Eden,Christopher Switzer,1629,2695,4307,"animal-hybrid,fantastical-creatures,hybrid-figures,mythological-creatures",ok
rhizome-of-a-fern-shaped-by-the-chinese-to-represent-a-tan-c__367e46ab.jpg,367e46ab-8136-4a6a-9117-8f48d25d9312,"Rhizome of a fern, shaped by the Chinese to represent a tan-coloured dog",,1887,3536,1984,"animal-hybrid,fantastical-creatures,hybrid-figures,mythological-creatures",ok
barometz-or-agnus-scythycus__fe235f57.jpg,fe235f57-bf33-49f0-b579-11e065d7748f,Barometz or Agnus Scythycus,William Hibbart,1791,3792,2388,"animal-hybrid,fantastical-creatures,hybrid-figures,mythological-creatures",ok
agnus-scythycus-borometz__fa48236d.jpg,fa48236d-f2e5-4126-ae48-1a76f776e0ae,Agnus scythycus borometz,Elizabeth Blackwell,1750–1773,2998,2954,"animal-hybrid,fantastical-creatures,hybrid-figures,mythological-creatures",ok
mythical-animals-including-a-vegetable-lamb__200877e8.jpg,200877e8-385c-4637-b456-08a890589252,"Mythical animals, including a vegetable lamb",,1801,2196,1764,"animal-hybrid,dragons,fantastical-creatures,hybrid-figures,mythological-creatures",ok
miniature-of-the-bal-des-ardents__c64a09ce.jpg,c64a09ce-9be5-42f1-ab38-d002fa1abdd8,Miniature of the Bal des Ardents,Master of the Harley Froissart,ca. 1470–72,1288,960,hybrid-figures,ok
untitled__37389348.jpeg,37389348-f644-4061-8790-775d16affbc5,,,ca. 1350,791,638,"bestiary,hybrid-figures",ok
untitled__6b4c2044.jpeg,6b4c2044-6f6e-4063-9a3d-1fd7b11e58e5,,,ca. 1350,812,527,"bestiary,hybrid-figures",ok
untitled__b8873d57.jpeg,b8873d57-fa1a-45dd-b586-64b97cb0e9ca,,,ca. 1350,743,759,"bestiary,hybrid-figures",ok
carved-gem-stone-the-siren-thought-to-hail-from-ancient-napl__629e7777.jpg,629e7777-0656-45ca-830a-a24d88c7f3d7,"Carved gem stone the Siren, thought to hail from ancient Naples.",Filippo Palizzi,1778,650,939,hybrid-figures,ok
ring-shaped-gem-depicting-a-hybrid-figure-a-mix-of-a-butterf__db44a7b0.jpg,db44a7b0-4300-4bd8-84e4-b1875f0e4093,"Ring shaped gem depicting a hybrid figure, a mix of a butterfly and a male youth.",Filippo Palizzi,1778,650,915,hybrid-figures,ok
bonnacon__1a62508f.jpg,1a62508f-b10c-4e2d-9217-680c582e0f0c,Bonnacon,,ca. 1175,3718,2652,bestiary,ok
bonnacon__874939de.jpg,874939de-b92c-42b0-8535-356ab30611a8,Bonnacon,,ca. 1450,1197,742,bestiary,ok
bonnacon__802148ee.jpg,802148ee-fa15-42f0-ac0b-01983826d960,Bonnacon,,ca. 1260,1542,1218,bestiary,ok
bonnacon__a117a3cf.jpg,a117a3cf-f145-4f69-908f-2b5cf4dc963a,Bonnacon,,ca. 1230,1632,1568,bestiary,ok
bonnacon__dc0f37ec.jpg,dc0f37ec-6c48-4694-9d5c-25896d0621a5,Bonnacon,,ca. 1500,1824,2324,bestiary,ok
bonnacon__dfef5a79.jpg,dfef5a79-4073-4df0-88f0-1fff59fcfa20,Bonnacon,,ca. 1200,1500,1056,bestiary,ok
untitled__183d9acc.jpeg,183d9acc-acee-47c5-b8a0-247f75da6b70,,,ca. 1350,803,513,bestiary,ok
untitled__14ddbde5.jpeg,14ddbde5-514b-4efa-bc9b-c4a77718e596,,,ca. 1350,746,550,bestiary,ok
untitled__1240536b.jpeg,1240536b-8a10-439f-b28d-8107acf9b7a6,,,ca. 1350,792,515,bestiary,ok
untitled__148a9fe0.jpeg,148a9fe0-a9ab-44dc-91c9-190d56a87127,,,ca. 1350,735,702,bestiary,ok
untitled__2610007b.jpeg,2610007b-8d8c-456e-892f-f6e14209cdee,,,ca. 1350,796,498,bestiary,ok
untitled__26f51d2b.jpeg,26f51d2b-df57-4184-acf9-8b1522b7882b,,,ca. 1350,871,768,bestiary,ok
untitled__225b2d79.jpeg,225b2d79-45a1-49ef-b02b-1221ef462195,,,ca. 1350,737,717,bestiary,ok
untitled__29354f54.jpeg,29354f54-0eb0-4d68-990b-440d292043fa,,,ca. 1350,801,694,bestiary,ok
untitled__23f06c07.jpeg,23f06c07-3468-407e-99d3-d3ee58c8b5d1,,,ca. 1350,776,583,bestiary,ok
untitled__2e1a8943.jpeg,2e1a8943-7bda-4733-8fe3-3a1dc94a6760,,,ca. 1350,738,475,bestiary,ok
untitled__387772a0.jpeg,387772a0-51f6-44c7-bcd9-662f0550cc42,,,ca. 1350,755,454,bestiary,ok
untitled__30e0c57f.jpeg,30e0c57f-bcf7-4035-bdde-c5868ca45b9a,,,ca. 1350,744,454,bestiary,ok
untitled__35c5c10b.jpeg,35c5c10b-4829-489c-864f-a427d7a2fa21,,,ca. 1350,735,640,bestiary,ok
untitled__30d968a8.jpeg,30d968a8-e874-4912-8db8-1b9baeb8f4cf,,,ca. 1350,817,673,bestiary,ok
untitled__34a296b3.jpeg,34a296b3-2e5b-4f5b-9137-be815a549451,,,ca. 1350,795,690,bestiary,ok
untitled__468152b2.jpeg,468152b2-ad2b-4d03-987c-e0ed772bf856,,,ca. 1350,747,508,bestiary,ok
untitled__52b88da7.jpeg,52b88da7-d0c9-4b5e-9f5e-e7bc760d9914,,,ca. 1350,766,426,bestiary,ok
untitled__5fbe2a77.jpeg,5fbe2a77-0876-456a-9d8e-c4ff4ee3d3de,,,ca. 1350,779,643,bestiary,ok
untitled__51780418.jpeg,51780418-0c8f-4ebb-a88e-aa392c87d900,,,ca. 1350,768,503,bestiary,ok
untitled__67fbfd9f.jpeg,67fbfd9f-73a5-4fc1-9281-c07a6cd23530,,,ca. 1350,741,512,bestiary,ok
untitled__6e3bae01.jpeg,6e3bae01-f570-4d8c-9b51-838646da2be3,,,ca. 1350,807,647,bestiary,ok
untitled__6f3c3152.jpeg,6f3c3152-453c-4c0b-ada2-7dce33ff5309,,,ca. 1350,772,512,bestiary,ok
untitled__767314c8.jpeg,767314c8-7b02-46f7-a831-ac91980718eb,,,ca. 1350,804,516,bestiary,ok
untitled__88b8ebbe.jpeg,88b8ebbe-d0bb-48e6-9a1c-ccac0ad49446,,,ca. 1350,729,520,bestiary,ok
untitled__8ed37afd.jpeg,8ed37afd-8277-4040-bf1f-0d35cd0d2865,,,ca. 1350,847,631,bestiary,ok
untitled__8f6f9aca.jpeg,8f6f9aca-b63a-4bc6-9320-5a0a09ca7649,,,ca. 1350,731,702,bestiary,ok
untitled__8c77895c.jpeg,8c77895c-5429-4246-bdab-246512c5f5e5,,,ca. 1350,792,787,bestiary,ok
untitled__84da8220.jpeg,84da8220-6431-4dc2-b0a8-02c0ed6b685b,,,ca. 1350,834,477,bestiary,ok
untitled__88d0b3e7.jpeg,88d0b3e7-3dae-45f3-aa58-b820e724a0aa,,,ca. 1350,764,690,bestiary,ok
untitled__9a67b01b.jpg,9a67b01b-05c1-458f-8e62-7d22183e6d1b,,,ca. 1350,1178,857,bestiary,ok
untitled__953a75bc.jpeg,953a75bc-85e3-4bcc-91d2-f31191e0ab5c,,,ca. 1350,701,429,bestiary,ok
untitled__98988741.jpeg,98988741-7512-4470-865e-2cbed564103b,,,ca. 1350,754,574,bestiary,ok
untitled__9aaeb966.jpeg,9aaeb966-920d-443f-9799-aa284734f0ce,,,ca. 1350,796,496,bestiary,ok
untitled__068cdaa4.jpeg,068cdaa4-ce54-46bd-b033-f28acec6bba8,,,ca. 1350,731,656,bestiary,ok
untitled__09bc662b.jpeg,09bc662b-9cdc-416f-abd5-ec3cfe38c279,,,ca. 1350,750,657,bestiary,ok
untitled__a5e2fed8.jpeg,a5e2fed8-3665-404b-a8ff-a8c18de039f7,,,ca. 1350,847,904,bestiary,ok
untitled__a20b6960.jpeg,a20b6960-ae44-4bb7-86ea-741138bc53c0,,,ca. 1350,764,395,bestiary,ok
untitled__ad21c763.jpeg,ad21c763-1cba-4497-a1b3-fe5883d4affe,,,ca. 1350,791,558,bestiary,ok
untitled__b7029fba.jpeg,b7029fba-6951-41b1-9239-9ad8a021f324,,,ca. 1350,832,668,bestiary,ok
untitled__b02e6a28.jpeg,b02e6a28-ca00-447e-901c-9b9887c4e434,,,ca. 1350,752,565,bestiary,ok
untitled__b96dc2c0.jpeg,b96dc2c0-ab9f-4fe4-b8bc-d0fa66d80acd,,,ca. 1350,725,556,bestiary,ok
untitled__c1bc1c46.jpeg,c1bc1c46-ebe7-4db1-8fbe-6ee895c189ae,,,ca. 1350,727,461,bestiary,ok
untitled__c0e0a3f4.jpeg,c0e0a3f4-b41f-4ccc-87b3-d850caa8acb6,,,ca. 1350,766,766,bestiary,ok
untitled__c791a37d.jpeg,c791a37d-24a4-4c35-8616-4f3a8e93190d,,,ca. 1350,768,562,bestiary,ok
untitled__d05cc7da.jpeg,d05cc7da-edc4-4d4a-91e3-f08008b7a413,,,ca. 1350,774,597,bestiary,ok
untitled__d0396005.jpeg,d0396005-335d-4b7d-a293-991c46197997,,,ca. 1350,779,570,bestiary,ok
untitled__dd47834d.jpeg,dd47834d-58e0-4426-bf92-d975598edd80,,,ca. 1350,1374,810,bestiary,ok
untitled__d503cbe8.jpeg,d503cbe8-89a5-43c7-a62b-e9cd3b6cf475,,,ca. 1350,764,488,bestiary,ok
untitled__e06d4652.jpeg,e06d4652-dc7f-4132-bb99-c63539bdb5d7,,,ca. 1350,751,512,bestiary,ok
untitled__ebf52cfd.jpeg,ebf52cfd-95b0-4def-a6a8-22f8c458cfd5,,,ca. 1350,737,437,bestiary,ok
untitled__fe001c0d.jpeg,fe001c0d-2c26-4f61-87e3-5063e343a7a8,,,ca. 1350,737,561,bestiary,ok
untitled__f17a45e7.jpeg,f17a45e7-d549-4c3a-8125-16daff621e52,,,ca. 1350,820,569,bestiary,ok
untitled__faa252cd.jpeg,faa252cd-2254-4463-a52e-2f3e7f3820a3,,,ca. 1350,814,648,bestiary,ok
untitled__fba334fd.jpeg,fba334fd-9637-4172-b7e9-5d099f4b2d74,,,ca. 1350,813,500,bestiary,ok
untitled__ff4e658e.jpeg,ff4e658e-a998-4a7a-99e4-e9bc7d4deb73,,,ca. 1350,735,574,bestiary,ok
whale-washed-up-on-the-shore-of-berckhey-near-scheveningen-i__34e09537.jpg,34e09537-cc8c-4ecc-9f48-95ba3db6b3f9,Whale Washed up on the Shore of Berckhey near Scheveningen in Holland in 1598,Hendrick Goltzius; Jacob Matham,1598,800,597,bestiary,ok
of-the-unicorn__3bdeb312.png,3bdeb312-c106-4412-94e8-cc8225a9bab3,Of the Unicorn,Edward Topsell,1658,645,500,bestiary,ok
of-the-badger__506e3186.png,506e3186-1f0c-438a-8dcb-249af62f2991,Of the Badger,Edward Topsell,1658,639,389,bestiary,ok
manticore__8b363634.jpg,8b363634-e202-46df-ae87-3d366b2d75b4,Manticore,,13th century,800,798,bestiary,ok
the-quincunx-pattern-with-accompanying-latin-inscription__04cbe61a.jpg,04cbe61a-e838-4320-9324-b4444017039e,"The “quincunx” pattern, with accompanying Latin inscription.",Thomas Browne,1658,702,993,bestiary,ok
three-graces__9cf88efd.jpg,9cf88efd-aebe-451b-b186-ee77537eb91f,Three Graces,Maria Catharina Prestel; Bartholomeus Spranger,1782,2672,4100,creatures,ok
untitled__74176e80.jpg,74176e80-27a8-437e-bf4a-29108462f0f7,,,1855,4793,3260,creatures,ok
atlas-moth__4fe3c8be.jpg,4fe3c8be-52ca-46e8-a76f-2e746895b9ab,Atlas Moth,Anonymous,ca. 1615,874,1200,creatures,ok
christ-in-limbo__a8de04c0.jpg,a8de04c0-ad73-4fd0-bb79-e0fe48e8a8ce,Christ in Limbo,Pieter van der Heyden after Pieter Bruegel (I),ca. 1560,1200,965,creatures,ok
basketry-work-by-the-craftsman-ichida-sh-shichir-of-naniwa__43cbe9d3.jpg,43cbe9d3-ccb2-44fe-929d-b6c3f3e957fe,Basketry Work: By the Craftsman Ichida Shōshichirō of Naniwa,Utagawa Kunisada,1819,865,1200,creatures,ok
the-man-has-never-lived-that-can-feed-us-ever__1546d755.jpg,1546d755-673b-4796-821b-2c53e2937276,“The man has never lived that can feed us ever”,C. P. Cranch,ca. 1837–9,2400,987,creatures,ok
avarice__6b3862b4.jpg,6b3862b4-a89a-4a6a-9cc4-291c67441900,Avarice,James Ensor,ca. 1904,1500,1029,creatures,ok
untitled__170df026.jpg,170df026-6380-4deb-8762-4db3079c97fd,,Edouard Joseph d’Alton,1821–1838,1754,1281,creatures,ok
untitled__194b754c.jpg,194b754c-e452-420a-84e8-d09d30c9c27a,,Edouard Joseph d’Alton,1821–1838,1791,1296,creatures,ok
untitled__23b86ba4.jpg,23b86ba4-efba-4d14-a41c-9ab06d8ae770,,Edouard Joseph d’Alton,1821–38,1744,1270,creatures,ok
untitled__2320de75.jpg,2320de75-7020-46be-994b-ce52ba446fe6,,Edouard Joseph d’Alton,1821–38,1754,1281,creatures,ok
untitled__272352ed.jpg,272352ed-7ca7-47ed-92d3-ce70bf5217e9,,Edouard Joseph d’Alton,1821–38,1748,1288,creatures,ok
untitled__39eb185d.jpg,39eb185d-74a9-4840-9940-0b0b9acd8a1b,,Edouard Joseph d’Alton,1821–1838,1748,1288,creatures,ok
untitled__449270d0.jpg,449270d0-7ca7-4c42-b488-ba792ae55a70,,Edouard Joseph d’Alton,1821–38,1255,1719,creatures,ok
untitled__49648129.jpg,49648129-e4ac-401e-920c-eb1c6ba74323,,Edouard Joseph d’Alton,1821–38,3435,2509,creatures,ok
untitled__422384d6.jpg,422384d6-4fdd-4639-9f0f-acd04b5a22c3,,Edouard Joseph d’Alton,1821–38,1770,1290,creatures,ok
untitled__5931c603.jpg,5931c603-fde9-4647-9929-55fbca608208,,Edouard Joseph d’Alton,1821–38,3431,2530,creatures,ok
untitled__5390e0e1.jpg,5390e0e1-8dd8-4349-b1ba-ecac56077dac,,Edouard Joseph d’Alton,1821–38,1741,1274,creatures,ok
untitled__50e64b95.jpg,50e64b95-a12b-44a1-ac0d-9ac709a1d24a,,Edouard Joseph d’Alton,1821–38,3499,2550,creatures,ok
untitled__58262115.jpg,58262115-ab6b-4509-ae4a-5d2887b2be66,,Edouard Joseph d’Alton,1821–38,1762,1270,creatures,ok
untitled__56e71a08.jpg,56e71a08-9d72-4631-b878-577ab053efe6,,Edouard Joseph d’Alton,1821–38,1779,1305,creatures,ok
untitled__6a2a8336.jpg,6a2a8336-e5a4-4d93-8a7a-1bb12350e3cd,,Edouard Joseph d’Alton,1821–38,1600,1134,creatures,ok
untitled__62aa90ca.jpg,62aa90ca-f0d1-4919-bc3c-8d0c33512c04,,Edouard Joseph d’Alton,1821–38,3435,2509,creatures,ok
untitled__670e5aa4.jpg,670e5aa4-f2f2-4056-8b38-1b7f718972a4,,Edouard Joseph d’Alton,1821–38,1740,1268,creatures,ok
untitled__7e0d7d89.jpg,7e0d7d89-ac33-4af2-be5b-e234f5a64e47,,Edouard Joseph d’Alton,1821–38,1255,1719,creatures,ok
untitled__7bdbbc6d.jpg,7bdbbc6d-b986-4cb3-9122-26e85540e2a9,,Edouard Joseph d’Alton,1821–38,1265,1716,creatures,ok
untitled__75b07a38.jpg,75b07a38-568e-41eb-9083-f48437f94a62,,Edouard Joseph d’Alton,1821–38,1754,1281,creatures,ok
untitled__853b9cf9.jpg,853b9cf9-c327-42ac-affc-1e2141c53f25,,Edouard Joseph d’Alton,1821–38,1748,1288,creatures,ok
untitled__8433beb7.jpg,8433beb7-bc94-47f2-9c23-fe966dc7ae42,,Edouard Joseph d’Alton,1821–38,3507,2571,creatures,ok
untitled__968437c7.jpg,968437c7-7fca-48a0-ad2e-244ab669b6b8,,Edouard Joseph d’Alton,1821–1838,3431,2530,creatures,ok
untitled__94631fc7.jpg,94631fc7-e4f9-4043-849e-dfc54fb46be5,,Edouard Joseph d’Alton,1821–1838,1772,1296,creatures,ok
untitled__00d9c42e.jpg,00d9c42e-bafd-49aa-a8d9-df5d7cfea11c,,Edouard Joseph d’Alton,1821–1838,3435,2509,creatures,ok
untitled__0ff1fd09.jpg,0ff1fd09-c2c3-470a-8af8-5d700dbed19b,,Edouard Joseph d’Alton,1821–1838,1741,1274,creatures,ok
untitled__0ed63594.jpg,0ed63594-fe6c-42b2-9173-a3a8d5584d53,,Edouard Joseph d’Alton,1821–1838,3499,2550,creatures,ok
untitled__0575bdad.jpg,0575bdad-0282-433d-9e26-bb45b17238de,,Edouard Joseph d’Alton,1821–1838,1740,1268,creatures,ok
untitled__0a010d81.jpg,0a010d81-2c8a-4dcf-bb16-7ea3cdac0e3b,,Edouard Joseph d’Alton,1821–1838,1740,1268,creatures,ok
untitled__0866fc32.jpg,0866fc32-685a-4cd1-8e2d-2dbff2ecbcb3,,Edouard Joseph d’Alton,1821–1838,3507,2571,creatures,ok
untitled__aeb73435.jpg,aeb73435-e802-46c4-92d4-8d598f8873d8,,Edouard Joseph d’Alton,1821–38,1762,1270,creatures,ok
untitled__ad18b93a.jpg,ad18b93a-6857-4b6a-94f6-e54d8b02e431,,Edouard Joseph d’Alton,1821–38,1748,1288,creatures,ok
untitled__addce8aa.jpg,addce8aa-f277-4c6e-98cb-1d5bd0264599,,Edouard Joseph d’Alton,1821–38,3507,2571,creatures,ok
untitled__ac61390d.jpg,ac61390d-63a0-421b-be3d-974c45f82a30,,Edouard Joseph d’Alton,1821–38,1288,1756,creatures,ok
untitled__a4963046.jpg,a4963046-970a-47c3-b0ac-b1ddce847436,,Edouard Joseph d’Alton,1821–38,1772,1296,creatures,ok
untitled__b7e96661.jpg,b7e96661-86e3-47f0-b99a-054c2a83ba23,,Edouard Joseph d’Alton,1821–38,3499,2550,creatures,ok
untitled__b9546753.jpg,b9546753-7d64-4a82-ab62-59a0edb45e48,,Edouard Joseph d’Alton,1821–38,1740,1262,creatures,ok
untitled__b088ae67.jpg,b088ae67-772b-4176-995c-1d1dd7e197b7,,Edouard Joseph d’Alton,1821–38,1748,1288,creatures,ok
untitled__bb6d0ed3.jpg,bb6d0ed3-e953-4e10-8b36-c6642578f4c7,,Edouard Joseph d’Alton,1821–38,1770,1290,creatures,ok
untitled__cf36149a.jpg,cf36149a-68f6-43ce-87eb-5e40fa25c04e,,Edouard Joseph d’Alton,1821–38,1255,1719,creatures,ok
untitled__c02bbaab.jpg,c02bbaab-1190-4e56-9ecd-b2710be0cfab,,Edouard Joseph d’Alton,1821–38,3435,2509,creatures,ok
untitled__c80f1817.jpg,c80f1817-3e9c-4ef1-98f9-9ae770159a6a,,Edouard Joseph d’Alton,1821–38,3431,2530,creatures,ok
untitled__c2173b68.jpg,c2173b68-6350-4304-8f44-bbd3f9881daa,,Edouard Joseph d’Alton,1821–38,1744,1270,creatures,ok
untitled__ca92d5e9.jpg,ca92d5e9-d19d-439d-91d8-593d3f9f98d1,,Edouard Joseph d’Alton,1821–38,1750,1270,creatures,ok
untitled__cb797165.jpg,cb797165-a7a2-42a4-ae6c-b5c0a97f1f35,,Edouard Joseph d’Alton,1821–38,1740,1272,creatures,ok
untitled__c3a80e81.jpg,c3a80e81-f157-4009-8279-ce32601bf550,,Edouard Joseph d’Alton,1821–38,1754,1281,creatures,ok
untitled__d8273ba1.jpg,d8273ba1-2f01-45e9-84d5-878266e9e2c6,,Edouard Joseph d’Alton,1821–38,1255,1728,creatures,ok
untitled__d658a1d8.jpg,d658a1d8-0149-4bd0-8c13-29107f152eff,,Edouard Joseph d’Alton,1821–38,1250,1726,creatures,ok
untitled__d62ffd75.jpg,d62ffd75-9e07-40eb-9897-9043ce81196a,,Edouard Joseph d’Alton,1821–38,1762,1270,creatures,ok
untitled__dc57dfa3.jpg,dc57dfa3-b64f-4afb-91a7-3f69779813c2,,Edouard Joseph d’Alton,1821–38,1748,1288,creatures,ok
untitled__da3844f2.jpg,da3844f2-17f3-4507-8f06-f5647c7a3732,,Edouard Joseph d’Alton,1821–38,1770,1290,creatures,ok
untitled__e6dbc834.jpg,e6dbc834-3942-435e-b070-089fc53b6427,,Edouard Joseph d’Alton,1821–38,1740,1279,creatures,ok
untitled__e00f3951.jpg,e00f3951-f88a-48b9-a66d-3cd5a92cae8e,,Edouard Joseph d’Alton,1821–38,1770,1290,creatures,ok
untitled__f83aa4af.jpg,f83aa4af-46ee-4b34-84cc-3a574ef4fafd,,Edouard Joseph d’Alton,1821–38,3435,2509,creatures,ok
untitled__f6fa3cdb.jpg,f6fa3cdb-0c81-4735-bfe5-aecd1ccd467a,,Edouard Joseph d’Alton,1821–38,3499,2550,creatures,ok
untitled__fe6287de.jpg,fe6287de-2749-4c96-ac22-921e4e639fb1,,Edouard Joseph d’Alton,1821–38,1754,1281,creatures,ok
untitled__f1c80238.jpg,f1c80238-6839-4f12-a28e-8605f5976cbb,,Edouard Joseph d’Alton,1821–38,1770,1290,creatures,ok
untitled__fe38c242.jpg,fe38c242-3af2-499b-87f4-4c99a5644901,,Edouard Joseph d’Alton,1821–38,1756,1305,creatures,ok
monster-soup-commonly-called-thames-water__0ade34ee.jpg,0ade34ee-72f7-4cb0-9c57-24a1de8b1eee,Monster Soup Commonly Called Thames water,William Heath,ca. 1828,1200,822,creatures,ok
grotesque-ornament-print-ii__0eb2d087.jpg,0eb2d087-2ee7-4135-8c5d-3a475c783bbd,Grotesque Ornament Print: II,Cornelis Floris II,1556,801,1200,creatures,ok
essay-towards-a-natural-history-of-serpents-plate-ii__55de4dd0.jpg,55de4dd0-8734-40a5-a62f-12363f2aee9e,"Essay Towards a Natural History of Serpents, Plate II",Charles Owen,1742,859,1200,"creatures,dragons,serpentine",ok
behemoth-and-leviathan__beed9487.jpeg,beed9487-5222-4f10-9542-c93103769816,Behemoth and Leviathan,William Blake,ca. 1805,720,1024,creatures,ok
ode-on-the-death-of-a-favourite-cat__501adaf2.jpeg,501adaf2-c2b8-472d-8273-15388e061526,"""Ode on the Death of a Favourite Cat""",William Blake,ca. 1797,780,1024,creatures,ok
jerusalem-title-page__5b6c5f77.jpeg,5b6c5f77-fab4-42af-b45e-0120b5fc1a54,"Jerusalem, Title Page",William Blake,1804 to 1820,786,1024,creatures,ok
louis-renard-s-fish-plate-xlv__1037c1ec.jpg,1037c1ec-0c70-4555-9333-90188e3a8c82,"Louis Renard's Fish, Plate XLV",Louis Renard (after Samuel Fallours),1754,1200,832,creatures,ok
plate-85-ascidiae__2abef5e9.jpeg,2abef5e9-5ebd-48d0-889c-cb61d83bc730,"Plate 85, Ascidiae",Ernst Haeckel,1904,716,1024,creatures,ok
plumose-anemone__f3e2adfd.jpg,f3e2adfd-58e7-4e93-99f7-d4e511435538,Plumose Anemone,Philip Henry Gosse,1856,641,1024,creatures,ok
world-map__4ada9a3d.jpg,4ada9a3d-7f9e-4d33-a4d4-80921f3c041a,World Map,Heinrich Scherer,ca. 1700,1000,699,creatures,ok
then-began-a-round__df23f3c7.jpg,df23f3c7-6182-43c1-8079-1c7cf4f1ea22,Then Began a Round,Émile-Antoine Bayard,1870,542,800,creatures,ok
representation-of-a-person-s-inward-state-who-being-reconcil__624f5d4c.jpg,624f5d4c-e1f3-4a05-b6bd-1b81976e2be6,"Representation of a Person's Inward State Who Being Reconciled With God, Will Know Nothing More Than the Crucified Jesus",Johannes Gossner,1851,671,1024,creatures,ok
telepathic-transference-of-images-between-two-people__546d625d.jpg,546d625d-50fc-4dbf-b0ef-90bbdb74e377,Telepathic Transference of Images Between Two People,,1886,897,738,creatures,ok
kellar-and-his-perplexing-cabinet-mysteries__18d13dfc.jpg,18d13dfc-6b79-4835-ae5d-b1d483bd85bf,Kellar and his Perplexing Cabinet Mysteries,Strobridge & Co.,1894,800,565,creatures,ok
travels-and-lions__48a9205c.jpg,48a9205c-dc15-4464-9a08-aebd6a49cec4,Travels and Lions,,19th century,799,242,"creatures,serpents",ok
poseidon-taking-chocolate-from-mexico-to-europe__681f3838.jpg,681f3838-8e6e-4280-9a93-b61c941ffbf1,Poseidon Taking Chocolate from Mexico to Europe,,1644,818,924,creatures,ok
untitled__4683e0d3.jpg,4683e0d3-b2c8-44c2-9a20-a79146be49c1,,Issachar Ber Ryback,1922,950,712,creatures,ok
untitled__f4b2ffa0.jpg,f4b2ffa0-2b4d-48fa-b577-056393d5feac,,,,950,467,creatures,ok
untitled__ab655ebd.jpg,ab655ebd-f221-4b58-8a69-8be15a16bd1b,,Daniel de La Feuille,1699,1976,2601,creatures,ok
untitled__f230f038.jpg,f230f038-de69-470e-b7ec-125724ec264d,,,1882,670,505,creatures,ok
untitled__debaed7c.jpg,debaed7c-4d5b-4f39-a264-1b6188733f98,,Charles Mavelot,1695,800,564,"beasts,creatures",ok
the-earth-grew-dark-and-its-figures-passed-by-me-like-flitti__8230880d.jpg,8230880d-c6ec-4368-8e14-8bbb3a73bd2e,"""The Earth grew dark, and its figures passed by me, like flitting shadows, and among them all I beheld only—Morella"" (Morella)",Harry Clarke,1919,526,700,creatures,ok
untitled__5776acee.jpg,5776acee-a542-407d-88cb-0275364ccfcc,,Anton Seder,1896,1680,2184,"beasts,dragons,fantastical-creatures",ok
untitled__6a9e10c3.jpg,6a9e10c3-646c-47da-91cd-0a34ab6b9441,,Anton Seder,1896,1667,2215,"beasts,dragons,fantastical-creatures",ok
untitled__603fcef1.jpg,603fcef1-60c6-41e9-87b0-b034c7e39976,,Anton Seder,1896,1657,2205,"beasts,dragons,fantastical-creatures",ok
untitled__05e43989.jpg,05e43989-bf4b-4929-a50e-12516161f49e,,Anton Seder,1896,1626,2166,"beasts,dragons,fantastical-creatures",ok
untitled__406193db.jpg,406193db-10d3-4951-87f6-eec3f18ed28e,,Anton Seder,1896,3168,2166,"beasts,dragons,fantastical-creatures",ok
grotesque-ornament-print-i__3f49f9bc.jpg,3f49f9bc-9818-4f5e-ac43-57679519a9d6,Grotesque Ornament Print: I,Cornelis Floris II,1556,816,1200,fantastical-creatures,ok
perseus-and-the-monstre__f34be80c.jpg,f34be80c-075d-4c76-9aa0-02fcd646f627,Perseus and the Monstre,Aubrey Beardsley,1891,2630,2112,mythological-creatures,ok
battle-between-monkey-and-rat__f503ab7b.jpg,f503ab7b-4060-4f96-81a9-c8836095bc92,Battle Between Monkey and Rat,Christoph Jamnitzer,1610,1500,1201,mythological-creatures,ok
engraving-of-a-collector-s-cabinet__bd71a947.jpg,bd71a947-17fb-4b9e-ab8b-c27d3b593148,Engraving of a collector’s cabinet,,1599,4915,3625,sea-creatures,ok
untitled__82a27294.jpg,82a27294-8113-40d9-a4e6-aabb66bc03b3,,Anton Seder,1896,1674,2212,"beasts,sea-creatures",ok
design-for-the-prospectus__637e9db7.jpg,637e9db7-dc39-468f-b48f-90ecf27c6ac2,Design for the prospectus,Aubrey Beardsley,1895,2608,3528,winged-creatures,ok
adam-and-eve__2be6cd73.jpg,2be6cd73-c084-438b-8443-6f27ed1e9486,Adam and Eve,Johann Theodor de Bry,1590,2028,2580,"serpents,winged-creatures",ok
untitled__727b2b83.jpg,727b2b83-b1f1-4d50-aafc-620fa1db6928,,Anton Seder,1896,2492,1968,beasts,ok
untitled__9394e22c.jpg,9394e22c-4d2b-4425-9a6e-d3b175270c29,,Anton Seder,1896,1640,2170,beasts,ok
untitled__950ef21e.jpg,950ef21e-c772-428b-832d-13297c0ca048,,Anton Seder,1896,1610,2121,beasts,ok
untitled__d2f9d8e4.jpg,d2f9d8e4-ece7-46ba-8b46-d6c57d8e1cd6,,Anton Seder,1896,1620,2134,beasts,ok
untitled__750b74da.jpg,750b74da-0d18-4d40-966c-c2179e8103fb,,Anton Seder,1896,1670,2206,beasts,ok
untitled__655d29af.jpg,655d29af-1334-4b42-ad4c-683be211ce56,,Anton Seder,1896,1642,2150,beasts,ok
untitled__32bb5a6a.jpg,32bb5a6a-e7a8-45fe-9161-cefd2731b6c1,,Anton Seder,1896,2532,1987,beasts,ok
untitled__e9665a3d.jpg,e9665a3d-0d45-4e84-adcf-fc85c10f88eb,,Anton Seder,1896,1981,2482,beasts,ok
untitled__5164a673.jpg,5164a673-f9d6-42d7-a363-df1db1c02149,,Anton Seder,1896,1626,2168,beasts,ok
untitled__d294acdf.jpg,d294acdf-9363-435e-8cef-f002d429f630,,Anton Seder,1896,1644,2178,beasts,ok
untitled__a641d081.jpg,a641d081-0506-430f-b81c-ae3e23386470,,Anton Seder,1896,1712,2244,beasts,ok
untitled__01ec6237.jpg,01ec6237-5a2f-42c5-b623-035db3791bd4,,Anton Seder,1896,1648,2170,beasts,ok
untitled__90c0e282.jpg,90c0e282-0923-4a4a-abda-03b43ef5d9dd,,Anton Seder,1896,2327,1807,beasts,ok
untitled__a515fc27.jpg,a515fc27-8277-4a9b-9a51-701d4cd8c3bf,,Anton Seder,1896,2124,1602,beasts,ok
untitled__b9cd1aa3.jpg,b9cd1aa3-8ae9-4bf2-867a-113ec7e70d4b,,Anton Seder,1896,1640,2170,beasts,ok
untitled__938d6b8e.jpg,938d6b8e-8265-4893-a280-57c7b7d1e910,,Anton Seder,1896,1606,2132,beasts,ok
untitled__57db1164.jpg,57db1164-1a48-4779-b35c-61ffedb88049,,Anton Seder,1896,2152,1614,beasts,ok
untitled__ccccc63a.jpg,ccccc63a-ca15-4191-ad7e-b5a55687077e,,Anton Seder,1896,1620,2146,beasts,ok
untitled__bdbe3ff6.jpg,bdbe3ff6-b40b-40cc-bfc3-c51d6316f1cc,,Anton Seder,1896,2218,1638,beasts,ok
untitled__c8bbcce4.jpg,c8bbcce4-1fa4-4334-b528-e3e7d35c2b91,,Anton Seder,1896,1606,2128,beasts,ok
untitled__554df9b9.jpg,554df9b9-834e-4292-9687-cc16fd155349,,Anton Seder,1896,1817,2357,beasts,ok
untitled__1878c2db.jpg,1878c2db-17d4-4003-be57-82e3bb116c6d,,Anton Seder,1896,1632,2172,beasts,ok
untitled__ab835e5a.jpg,ab835e5a-c0ea-4ce4-b81e-394c6da30507,,Anton Seder,1896,1638,2166,beasts,ok
untitled__d3663b33.jpg,d3663b33-7ef9-44d8-8aaa-2d4578129d45,,Anton Seder,1896,1646,2170,beasts,ok
untitled__52b56606.jpg,52b56606-d9e1-44a4-8d61-42de1c5d4890,,Anton Seder,1896,2218,1638,beasts,ok
frontispiece-to-a-1669-rotterdam-edition-of-kircher-s-scruti__87f5ef7a.jpg,87f5ef7a-c6ae-4fc7-9f4c-dafb165c3a36,"Frontispiece to a 1669 Rotterdam edition of Kircher's *Scrutinium Physico-Medicum Contagiosae Luis, Quae Pestis Dicitur*",Athanasius Kircher,1669,800,1338,beasts,ok
prophecies-of-apocalypse__63ec5c51.jpg,63ec5c51-dc72-431a-bf04-693e70f40a5d,Prophecies of apocalypse,,ca. 1827–61,1200,915,beasts,ok
the-triumphal-arch-of-emperor-maximilian-i-detail__b7b00793.jpg,b7b00793-5bb4-451d-b0d9-4e4d5f6ca2c6,The Triumphal Arch of Emperor Maximilian I (Detail),Albrecht Dürer,1515,1024,818,beasts,ok
untitled__85e26b39.png,85e26b39-8c7b-4780-b3b1-894b65034395,,,1590,399,622,beasts,ok
spinga-or-sphinx__d277ea9a.jpg,d277ea9a-c537-47bb-8aad-cb7042d427b9,Spinga or Sphinx,Edward Topsell,1658,397,500,beasts,ok
hercules__738a5040.jpg,738a5040-dcdf-413d-bd9a-8c1336553986,Hercules,,1482,450,655,beasts,ok
sacco-marino-pelican__19514aaf.jpg,19514aaf-6ff3-4029-82d2-abbbedde6aa2,Sacco Marino (pelican),Jacques de Fornazeris,1594,2106,2757,serpents,ok
facsimile-of-the-selden-roll-ca-1556__bd3b85b1.jpg,bd3b85b1-e8de-436f-a03f-0657709a35c9,"Facsimile of the Selden Roll, ca. 1556",Agostino Aglio,1831–48,3599,4550,serpents,ok
facsimile-of-the-codex-vaticanus-b-ca-before-1596__23a97293.jpg,23a97293-fc1c-4034-87cb-49cf98380b21,"Facsimile of the Codex Vaticanus B, ca. before 1596",Agostino Aglio,1831–48,3876,3783,serpents,ok
untitled__4392e9aa.jpeg,4392e9aa-e55b-4cdc-ab1d-b946c70568cb,,Raffaele Mainella,1907,4439,6408,serpents,ok
untitled__f989dbb4.jpeg,f989dbb4-bc8d-4d0b-ab76-aee14676cebe,,Raffaele Mainella,1907,4390,5880,serpents,ok
untitled__ca83b241.jpeg,ca83b241-e7a7-475f-9f27-b71653b7242e,,,ca. 1790–1810,1365,1080,serpents,ok
alex-rogers-why-adam-sinned__9ffdda5b.jpg,9ffdda5b-b62f-4cd0-ba0a-140c4d1b6fc6,"Alex Rogers, “Why Adam Sinned”",,1904,1502,2021,serpents,ok
polia-witnesses-maidens-murdered-by-a-winged-youngster__595059a8.jpeg,595059a8-2872-4cb5-8f6b-e31cea1506ba,Polia witnesses maidens murdered by a “winged youngster”,,1499,1599,1302,serpents,ok
untitled__13c862a1.jpg,13c862a1-1713-4c8f-9233-e89c672b0624,,John Bingley Garland,ca. 1850–60,1858,1467,serpents,ok
untitled__53a14645.jpg,53a14645-55a0-4ef5-974c-7d2aa089f2c4,,John Bingley Garland,ca. 1850–60,1844,1468,serpents,ok
untitled__565dd9e7.jpg,565dd9e7-2d08-490d-8595-b1f5b4e6c70e,,John Bingley Garland,ca. 1850–60,1826,1382,serpents,ok
untitled__697a7512.jpg,697a7512-5a24-425a-bc37-10f2dc495ef7,,John Bingley Garland,ca. 1850–60,1866,1478,serpents,ok
untitled__7882c139.jpg,7882c139-9329-4160-8c2b-93b3bc633968,,John Bingley Garland,ca. 1850–60,1837,1470,"dragons,serpents",ok
untitled__8204365b.jpg,8204365b-34a7-4c55-882a-c86f61d61686,,John Bingley Garland,ca. 1850–60,1831,1471,serpents,ok
untitled__95b47045.jpg,95b47045-df55-41f7-be7e-36a49ce2d697,,John Bingley Garland,ca. 1850–60,1861,1554,serpents,ok
untitled__087bfab4.jpg,087bfab4-57f2-4eb6-8839-6a7ae97e64da,,John Bingley Garland,ca. 1850–60,1849,1478,serpents,ok
untitled__b95e17d5.jpg,b95e17d5-4891-4ce7-b2f1-fb42239af1c2,,John Bingley Garland,ca. 1850–60,1790,1368,serpents,ok
untitled__b61d578a.jpg,b61d578a-0eab-4376-8a77-66a9f33ac3dd,,John Bingley Garland,ca. 1850–60,1806,1448,serpents,ok
untitled__ca9f3df0.jpg,ca9f3df0-d196-4ca0-a89e-6fb8ad0d2c96,,John Bingley Garland,ca. 1850–60,1836,1499,serpents,ok
untitled__cd50a3ec.jpg,cd50a3ec-ce85-4ce5-ae35-460945d43d5a,,John Bingley Garland,ca. 1850–60,1850,1348,serpents,ok
untitled__c1977e2f.jpg,c1977e2f-6946-4ec9-9502-7c0c1563fc89,,John Bingley Garland,ca. 1850–60,1816,1372,serpents,ok
the-tree-of-knowledge__01085a9b.jpeg,01085a9b-092d-4270-bc36-b6a03c6bdda1,The Tree of Knowledge,,ca. 1330,838,1151,serpents,ok
the-cardiac-serpent-curled-in-john-pennant-s-left-ventricle__110a5851.jpeg,110a5851-60e3-4505-8b5f-3cfc75976b74,The Cardiac Serpent Curled in John Pennant’s Left Ventricle,Edward May,1639,742,1400,serpents,ok
the-cardiac-serpent-curled-in-john-pennant-s-left-ventricle__f25c8e83.jpeg,f25c8e83-6258-42f2-9e4e-54421780f6cf,The Cardiac Serpent Curled in John Pennant’s Left Ventricle,Edward May,1639,1041,1292,serpents,ok
serpent__55cf1af3.jpg,55cf1af3-ed56-48a3-8559-9ea45d7f1444,Serpent,Filippo Buonanni,1722,799,1200,serpents,ok
pan-flute__851f6f66.jpg,851f6f66-f8e4-4a05-bfc9-3dbe76d6cd99,Pan flute,Filippo Buonanni,1722,805,1200,serpents,ok
armenian-crotal__e2e60597.jpg,e2e60597-f5af-48a6-ae5d-355e296b3167,Armenian crotal,Filippo Buonanni,1722,806,1200,serpents,ok
the-phlegmatic-temperament__e55ee108.jpg,e55ee108-9ab0-4742-8273-ca22fb4fbb10,The Phlegmatic Temperament,Maerten de Vos; Raphaël Sadeler (I),1583,2541,1986,serpents,ok
draco-and-ursa-minor__18013f9e.jpg,18013f9e-6ff1-4d41-acb7-db69cf3dc9cd,Draco and Ursa Minor,Sidney Hall,ca. 1825,832,1200,serpents,ok
the-ash-yggdrasil__d71b4451.jpg,d71b4451-13f6-4aa9-adda-d662bd421935,The Ash Yggdrasil,Lørenz Frolich,1886,1200,1525,serpents,ok
la-peri__6441c8ec.jpg,6441c8ec-5624-4273-9eab-5bf18b1d0e35,La Peri,Gustave Moreau,1865,637,900,serpents,ok
surinam-caiman-biting-south-american-false-coral-snake__2a3ab7c8.jpg,2a3ab7c8-1b06-400c-8ac0-b48686722bb0,Surinam Caiman biting South American False Coral Snake,Maria Sibylla Merian,1719,1200,784,serpents,ok
essay-towards-a-natural-history-of-serpents-plate-iii__2d3287b4.jpg,2d3287b4-31e0-43f9-ae24-2eda1c410555,"Essay Towards a Natural History of Serpents, Plate III",Charles Owen,1742,873,1200,serpents,ok
natural-history-of-carolina-florida-and-the-bahama-islands-v__3eeae9a7.jpg,3eeae9a7-1758-4a68-bcc6-4e4fcac0e536,"Natural History of Carolina, Florida and the Bahama Islands, v2. Tab 46",Mark Catesby,1743,1002,768,serpents,ok
arithmetic-characters__feeca791.jpg,feeca791-0aa9-49b8-bdec-2ed827aef6ad,Arithmetic characters,Robert Fludd,1617,800,562,serpents,ok
adam-and-eve__b9dabcf2.jpg,b9dabcf2-a934-44fd-811c-480cc33a092f,Adam and Eve,Albrecht Dürer,1504,799,1023,serpents,ok
aesculapian-snake__6bccf45f.jpg,6bccf45f-787d-488c-a37a-db49d858add9,Aesculapian snake,Eduard Valenta; Josef Maria Eder,1896,984,1200,"serpentine,serpents",ok
truth__b0c1f005.jpg,b0c1f005-aeeb-4d89-8343-f015151be6b8,Truth,,ca. 18th century,750,624,serpents,ok
the-abbot__8137387f.jpg,8137387f-dec7-4007-a2be-b8d05df3b915,The Abbot,Hans Holbein,1523–5,550,754,serpents,ok
untitled__6bc9e5cb.jpg,6bc9e5cb-86b5-4124-93a1-8a2b63f7df48,,,1847,627,561,serpents,ok
untitled__df4d46cf.jpg,df4d46cf-d915-4058-88b1-e33ec36feb17,,,1847,631,466,serpents,ok
no-injury-to-the-willing__577d8478.jpg,577d8478-e396-433f-bb5b-d5ea7ebab92b,No Injury to the Willing,Marcus Eugenius Bonacina,ca. 1790,419,583,serpents,ok
the-laoco-n-group-as-monkeys__4ac2fd7d.jpg,4ac2fd7d-8295-4489-9135-c5e46a2de729,The Laocoön Group as Monkeys,Nicolò Boldrini; Titian,ca. 1520–60,927,617,serpents,ok
laoco-n-troia__f3e21c98.jpg,f3e21c98-7997-4e78-aae4-6f50c191268f,Laocoön Troia,Hans Brosamer,1538,1000,1401,serpents,ok
naga__3e93de58.jpg,3e93de58-460d-4756-983d-1e463ebaff19,Naga,,19th century,800,242,serpents,ok
night-the-third-narcissa__86946aae.jpg,86946aae-91bb-4606-8929-a4cd83f02ccd,"Night the Third, Narcissa",William Blake,1797,1000,1277,serpents,ok
the-woman-and-the-serpent__fc0098b7.jpg,fc0098b7-0fd3-443c-b776-37669362eb8f,The Woman and the Serpent,Charels G. Leland,1884,560,753,serpents,ok
the-animal-which-edge-probably-saw__44f60827.jpg,44f60827-69f6-403c-b7c4-d4a9fe6b68bc,The Animal Which Edge Probably Saw,,1883,540,877,serpents,ok
sea-serpent__a071955e.jpeg,a071955e-3191-454d-83fb-043346e80c3d,Sea Serpent,Conrad Gesner,1558,887,427,serpents,ok
sea-serpent__f60b6ff7.jpg,f60b6ff7-da18-4d54-985a-4904af32f269,Sea Serpent,,1753,540,463,serpents,ok
alexander-the-great-in-the-air__9e1d2a24.jpg,9e1d2a24-29ae-467a-b1f4-0d91fab98e3c,Alexander the Great in the Air,,ca. 1400–10,600,606,serpents,ok
lamia__5dd2c625.jpg,5dd2c625-ce43-497a-b42c-feea4c8b728e,Lamia,Edward Topsell,1658,575,500,serpents,ok
boa__d3769b80.jpg,d3769b80-948f-4844-85ab-be60f19335ef,Boa,Edward Topsell,1658,599,383,serpents,ok
hydra__d97c5e27.jpg,d97c5e27-b364-459b-b765-58d47f0fa2d0,Hydra,Edward Topsell,1658,597,461,serpents,ok
untitled__0e081db7.jpg,0e081db7-02d2-41ad-af24-059bf97cfc03,,Oliver Goldsmith,1825,500,657,serpents,ok
untitled__0aed38c6.jpg,0aed38c6-9016-4a1c-a928-e5ea5bd7216b,,Arnoldus Montanus,1671,748,570,serpents,ok
the-transformation-of-otsu-into-an-earthquake-temple__80a63996.jpg,80a63996-5044-4916-b812-a4e8f7772d9f,“The Transformation of Otsu into an Earthquake Temple”,,1855,4852,3233,serpentine,ok
peruvian-harpy__ecfb76dd.jpeg,ecfb76dd-e9cd-4bba-8168-5ddcb25bdc8e,Peruvian Harpy,Anonymous,18th century,1200,866,serpentine,ok
untitled__1118dcb4.jpg,1118dcb4-d100-4de5-a1db-3c703a01f44f,,Madame B,ca. 1870s,3000,2080,serpentine,ok
untitled__10978d95.jpg,10978d95-5ca6-4afc-896e-a0e81cb79a3f,,Harold Fisk,1944,1000,1410,serpentine,ok
untitled__3b875be8.jpg,3b875be8-fddd-41c4-bf8f-627c170bb454,,Harold Fisk,1944,1000,1457,serpentine,ok
untitled__39fd6f37.jpg,39fd6f37-6ada-4602-bc7e-fab4c80c97aa,,Harold Fisk,1944,1000,1438,serpentine,ok
untitled__39841183.jpg,39841183-71cb-4ed4-bb25-73b4c16b480f,,Harold Fisk,1944,1000,1421,serpentine,ok
untitled__39ae6e4e.jpg,39ae6e4e-6b8a-4ba2-8bcc-5adc1299bbab,,Harold Fisk,1944,1000,1444,serpentine,ok
untitled__7d27e183.jpg,7d27e183-7073-4780-b37f-e74889781c56,,Harold Fisk,1944,1000,1519,serpentine,ok
untitled__8f3385a9.jpg,8f3385a9-5cbf-4338-9515-fb0a10c2fd93,,Harold Fisk,1944,1000,1427,serpentine,ok
untitled__061b6e9d.jpg,061b6e9d-1b5e-4702-a760-931bc98e2a22,,Harold Fisk,1944,1000,1464,serpentine,ok
untitled__03c7ce69.jpg,03c7ce69-c0c7-4131-b0f7-85924627a30a,,Harold Fisk,1944,1000,1425,serpentine,ok
untitled__03d67147.jpg,03d67147-c479-45d0-bbbe-6e406488d938,,Harold Fisk,1944,1000,1443,serpentine,ok
untitled__078b4af8.jpg,078b4af8-41d7-468c-a3f2-d74a69e616a2,,Harold Fisk,1944,1000,1485,serpentine,ok
untitled__0dc86502.jpg,0dc86502-503d-4a89-a46b-657f854a1301,,Harold Fisk,1944,1000,1489,serpentine,ok
untitled__b9e026ce.jpg,b9e026ce-dae9-4f65-8b6b-4f70e7dc34d4,,Harold Fisk,1944,1000,1410,serpentine,ok
untitled__c7b54440.jpg,c7b54440-dff1-4998-97e9-b3cfc0e20afe,,Harold Fisk,1944,1000,1419,serpentine,ok
untitled__ce076845.jpg,ce076845-ab86-48f5-a7df-f2997d9746bb,,Harold Fisk,1944,1000,1444,serpentine,ok
miss-lo-e-fuller__729ba5ef.jpg,729ba5ef-3351-4e33-a7bd-c24100250ad9,Miss Loïe Fuller,Henri de Toulouse-Lautrec,1893,710,1024,serpentine,ok
loie-fuller-in-her-gown__7f8e05fe.jpg,7f8e05fe-13da-497c-aeb8-ab5ee2f17731,Loie Fuller in Her Gown,,1901,805,1023,serpentine,ok
loie-fuller-detail__8bf6668b.jpg,8bf6668b-4401-42ce-9c65-ed3df683a66c,Loie Fuller (Detail),Samuel Joshua Beckett,1900,823,1023,serpentine,ok
loie-fuller__e3d13290.jpg,e3d13290-d245-42ca-880a-7cac9ce478b0,Loie Fuller,Samuel Joshua Beckett,1900,1024,909,serpentine,ok
untitled__ef18afe0.jpg,ef18afe0-987a-4875-bdc2-083062c65d96,,Lorenz Stoer,1567,574,800,serpentine,ok
m-73-5-581h-not-able-to-provide-a-translation__383106b7.jpg,383106b7-d47f-43da-b4ff-1f9fcd86a917,M.73.5.581h: (Not able to provide a translation),,19th century,620,788,"hell,serpentine",ok
untitled__021137b1.jpg,021137b1-8bde-4447-b21a-5d3e41a329ac,,Wilhelm Dilich,1598,3130,4702,dragons,ok
untitled__74908f8d.jpg,74908f8d-293d-4479-a23e-243870ee5e83,,Wilhelm Dilich,1598,4726,3143,dragons,ok
untitled__d2474d7f.jpg,d2474d7f-b7b1-43e2-ba3a-0d5d1607927b,,Wilhelm Dilich,1598,6153,4691,dragons,ok
three-folios-from-a-persian-manuscript-of-i-kal-lah-wa-dimna__45d1795b.jpg,45d1795b-c5af-4e1d-9585-393194c65c26,Three Folios from a Persian Manuscript of <i>Kalīlah wa-Dimnah</i>,,ca. 1010,1819,1203,dragons,ok
untitled__895d22cf.jpg,895d22cf-f553-425b-9741-532a5a63443e,,John Bingley Garland,ca. 1850–60,1795,1442,dragons,ok
untitled__9da84581.jpeg,9da84581-fe85-4cb3-a430-166f85b91398,,John Bingley Garland,ca. 1850–60,1836,1436,dragons,ok
untitled__8a896c8f.jpeg,8a896c8f-577f-4cdd-bb02-d43d80c15bcd,,Philipp Hainhofer,1596–1633,812,1062,dragons,ok
the-visitation-of-the-shepherds__6ae40204.jpeg,6ae40204-c7c8-485c-8119-1c0de308bfb2,The Visitation of the shepherds,,ca. 1330,932,1183,dragons,ok
untitled__de3908d2.jpg,de3908d2-b2dc-4ce8-8e07-8f1be79db4a2,,Elias Ashmole,1652,1200,758,dragons,ok
tsuba-made-of-iron-openwork-with-a-writhing-dragon-in-a-simp__be6dfa9f.jpg,be6dfa9f-0675-4a52-92de-977168d10a69,"Tsuba made of iron, openwork, with a writhing dragon in a simple hoop.",Georg Oeder,1916,600,639,dragons,ok
uni-horned-creatures__c7d160ca.jpg,c7d160ca-7e5f-48de-b7b1-698d444ea248,Uni-Horned Creatures,,1678,1024,593,dragons,ok
cover-for-em-curiosities-of-the-microscope-em__519c32d1.jpeg,519c32d1-3d08-4f1a-8084-88efcfd0884d,Cover for <em>Curiosities of the Microscope</em>,,1852,1126,1456,dragons,ok
dragon-and-tiger__6e296f14.jpg,6e296f14-f98f-44a3-9ce1-adf15601631a,Dragon and Tiger,Sesson Shūkei,1500s,1122,571,dragons,ok
the-pitiless-reptile-has-killed-his-poor-companions__482702aa.jpg,482702aa-e8c6-4b7b-8bd3-1c1731b056ff,The pitiless reptile has killed his poor companions,Nathaniel Hawthorne,1921,620,809,dragons,ok
she-whipped-up-the-snakes-and-ascended-high-over-the-city__5f09bc96.jpg,5f09bc96-bf61-4e7f-af04-477c010b1f6c,She whipped up the snakes and ascended high over the city,Nathaniel Hawthorne,1921,620,810,dragons,ok
untitled__53b838b5.jpg,53b838b5-41c9-440b-b062-4da5cc1bbd9f,,,ca. 820,800,752,dragons,ok
untitled__349337be.jpg,349337be-8ebb-4424-8915-ee7d11bdc916,,Johann Zahn,1685,1024,1009,dragons,ok
untitled__eff8631b.jpg,eff8631b-ed1f-44ac-9025-79db0930da8f,,,1190–1200,690,800,dragons,ok
image-from-an-alchemical-manuscript-by-an-unknown-author__fb624e7b.jpg,fb624e7b-61ac-4958-a284-4917db64a7b2,Image from an alchemical manuscript by an unknown author.,,ca. 1725,1000,787,dragons,ok
phenakistoscope__71170693.jpg,71170693-9866-4530-be81-d1e93c301869,Phenakistoscope,,1833,669,667,dragons,ok
section-of-the-ripley-scroll__5506f4ba.jpg,5506f4ba-918a-44a7-a212-7a18bd11112d,Section of the Ripley Scroll,,ca. 1600,530,800,dragons,ok
and-he-seized-the-dragon__c52ddbfa.jpg,c52ddbfa-5380-49a7-bb71-574a12a768c2,And he seized the dragon,,ca. 1725,630,799,dragons,ok
circulation-of-ch-i__e1d6efc7.jpg,e1d6efc7-6521-4498-92ad-5e690389507f,Circulation of Ch'i,,1886,805,1800,dragons,ok
dante-and-virgil-witnessing-vanno-fucci-the-pillager-of-a-ch__61b7f38c.jpg,61b7f38c-1f4d-47de-9a70-c7c1d5bc3987,"Dante and Virgil witnessing Vanno Fucci, the pillager of a church in Pistoia, being attacked by the monster Cacus",,1444–1450,1024,563,"dragons,hell",ok
untitled__1d1a6ae6.jpg,1d1a6ae6-e1e6-42e7-8c44-d1495b0fe912,,Master of San Miniato,15th century,600,789,dragons,ok
untitled__77deead1.jpg,77deead1-34d7-4db3-a3f3-5f04ea530b7d,,Master of San Miniato,15th century,600,842,dragons,ok
winged-dragon__44a84eb3.jpg,44a84eb3-7cf1-4c96-9933-8f71da89d304,Winged Dragon,Edward Topsell,1658,599,429,dragons,ok
untitled__3042a3c0.jpg,3042a3c0-b657-47ba-b82f-2d4b39eac164,,,ca. 1700,700,1094,dragons,ok
dragon-ursa-major-ursa-minor__c13c01ab.jpg,c13c01ab-8cd7-4316-8e50-c25927ee3d26,Dragon / Ursa Major / Ursa Minor,,1482,450,651,dragons,ok
untitled__675cf581.jpeg,675cf581-9562-4802-87a2-7b3a417f5031,,,1902,1637,2245,dragons,ok
untitled__8585d608.jpg,8585d608-a687-4b1b-ae21-bbd584142f27,,Arnoldus Montanus,1671,705,540,dragons,ok
the-lion-was-showing-his-teeth-but-the-chimera-had-longer-cl__fe9cd9f3.jpeg,fe9cd9f3-1d4a-4263-9f67-5bb63bad2728,"The Lion Was Showing His Teeth, but the Chimera Had Longer Claws",Jean de Bosschère,1921,1766,2480,chimera,ok
mantichora__c2f19a26.jpg,c2f19a26-8ea9-4bd2-b20a-90f64320d436,Mantichora,Edward Topsell,1658,598,354,chimera,ok
the-fatal-draught__32262d66.jpg,32262d66-5bac-4d8f-a022-deee1cb19fbf,The Fatal Draught,Wirt Sikes,1880,596,620,"ghosts,goblins",ok
shui-rhys-and-the-tylwyth-teg__404172b4.jpg,404172b4-b9dc-46e1-9602-0c66f4d1a1f2,Shui Rhys and the Tylwyth Teg,Wirt Sikes,1880,482,620,"ghosts,goblins",ok
front-cover-to-british-goblins__47459895.jpg,47459895-e593-4a00-979b-3b504f6d1af8,Front Cover to *British Goblins*,Wirt Sikes,1880,844,602,"ghosts,goblins",ok
the-fairy-frolic-at-the-cromlech__8d7f3bc2.jpg,8d7f3bc2-bf22-45a7-a559-b69255083804,The Fairy Frolic at the Cromlech,Wirt Sikes,1880,841,620,"ghosts,goblins",ok
drawing-of-pwca-in-coal__9c9d826d.jpg,9c9d826d-4b51-4d76-a91d-682bf1a0cf55,Drawing of Pwca in Coal,Wirt Sikes,1880,585,640,"ghosts,goblins",ok
shon-ap-shenkin-returns-home__c2a374c9.jpg,c2a374c9-c1e7-4299-8ba6-94e97e97cc27,Shon Ap Shenkin Returns Home,Wirt Sikes,1880,429,620,"ghosts,goblins",ok
hallowe-en-greetings__657bb713.jpg,657bb713-e32e-4581-8243-dca7c0175f31,Hallowe'en Greetings,,1928,2351,1500,"ghosts,goblins,witches",ok
death__706e8504.jpg,706e8504-1965-4a52-9fab-6ee970d7bd11,Death,Hein von Essen,1926,1235,1500,ghosts,ok
plates-of-spirit-photographs__e0bbc74a.jpg,e0bbc74a-19ae-46b5-ba82-857953f800d9,Plates of spirit photographs,Georgiana Houghton,1882,5006,3625,ghosts,ok
petit-trianon-in-the-gardens-of-versailles__fb6ae5f8.jpg,fb6ae5f8-77e2-4f45-8afb-c1bdc928a191,Petit Trianon in the Gardens of Versailles,Florent Grau,1858,3964,1948,ghosts,ok
i-stood-alone-in-my-room-holding-the-mysterious-manuscript__03b620a8.jpg,03b620a8-8a4f-4fe9-b93b-d16ec4df004f,I Stood Alone In My Room Holding The Mysterious Manuscript.,John Augustus Knapp,1895,958,1400,ghosts,ok
grave-robbers-with-death__3a9a28eb.jpg,3a9a28eb-8055-4a19-81fe-c9af18effa07,Grave Robbers with Death,Thomas Rowlandson,1775,1196,1500,ghosts,ok
cover-for-em-the-book-of-dreams-and-ghosts-em__ac37dc81.jpg,ac37dc81-3524-45f4-873b-8321d2b51468,Cover for <em>The Book of Dreams and Ghosts</em>,,1897,451,680,ghosts,ok
untitled__3bb47f6f.jpg,3bb47f6f-2f5c-475a-ae20-189f6282ffc1,,Katsushika Hokusai,,570,805,ghosts,ok
untitled__56669594.jpg,56669594-598b-4ad3-bcc8-0e3ebe691271,,Katsushika Hokusai,,570,807,ghosts,ok
untitled__58be4d97.jpg,58be4d97-6770-4487-b0e0-9ac99591ae9f,,Katsushika Hokusai,,567,807,ghosts,ok
untitled__680b33aa.jpg,680b33aa-7fef-4c00-a1a4-4080572f1c19,,Katsushika Hokusai,,570,801,ghosts,ok
untitled__e0efd202.jpg,e0efd202-8ba5-4526-920d-5a07a76d4e62,,Katsushika Hokusai,,571,799,ghosts,ok
the-spectre-rose-into-space__2f045353.jpg,2f045353-c9df-46d4-945d-cf61038d955d,The Spectre Rose Into Space.,Camille Flammarion,1894,699,1024,ghosts,ok
a-white-shadow-stopped-before-their-astonished-eyes__6808719e.jpg,6808719e-7b1d-4162-8ae4-63c47e60734b,"""A White Shadow Stopped Before Their Astonished Eyes.""",Camille Flammarion,1894,707,1024,ghosts,ok
the-sea-monk-and-the-sailor__9e765f73.jpg,9e765f73-ec30-40ca-a80d-48946687fd64,The Sea Monk and the Sailor,Utagawa Kuniyoshi,ca. 1845,552,800,ghosts,ok
in-another-moment-alice-was-through-the-glass__35936e2e.jpg,35936e2e-9336-4d40-90f5-2f8e9f30cdf8,“In Another Moment Alice Was Through the Glass”,Peter Newell,1902,642,1024,ghosts,ok
tesseracts__4ad1a660.jpg,4ad1a660-5f7c-41fe-a375-0f861df747cc,Tesseracts,Charles Howard Hinton,1904,777,1024,ghosts,ok
diagram-from-hinton-s-em-the-fourth-dimension-em-1904__8e5bc3b3.jpg,8e5bc3b3-6b23-4e31-b13c-4349fb6dd982,Diagram from Hinton’s <em>The Fourth Dimension</em> (1904).,Charles Howard Hinton,1904,850,589,ghosts,ok
diagram-from-hinton-s-em-the-fourth-dimension-em-1904__f5ca1664.jpg,f5ca1664-81d4-4ed6-84da-ef73cffb5e43,Diagram from Hinton’s <em>The Fourth Dimension</em> (1904).,Charles Howard Hinton,1904,850,1023,ghosts,ok
untitled__2f63a97d.jpg,2f63a97d-0e96-40b9-87fd-0310acf8c162,,J. H. Brown,1863,616,800,ghosts,ok
untitled__3ad93c6c.jpg,3ad93c6c-c3a2-4c40-b388-b1c8b40640f8,,J. H. Brown,1863,616,800,ghosts,ok
untitled__40d04680.jpg,40d04680-a701-4e5c-91ca-b6bfd4d13b3e,,J. H. Brown,1863,616,800,ghosts,ok
untitled__8a3e8f56.jpg,8a3e8f56-ff6e-446e-9f23-3e22d39cc5df,,J. H. Brown,1863,616,800,ghosts,ok
untitled__b3c7a9bf.jpg,b3c7a9bf-f1bd-413e-97a6-a041da975784,,J. H. Brown,1863,616,800,ghosts,ok
untitled__c9528ec4.jpg,c9528ec4-6cdc-4aa2-9c8f-ff60b095189b,,J. H. Brown,1863,616,800,ghosts,ok
mme-bisson-s-flashlight-photograph-of-19-january-1913__1a6c652c.jpg,1a6c652c-af82-451c-851e-e28e1df161b0,"Mme. Bisson's Flashlight Photograph of 19 January, 1913",Baron von Schrenck Notzing,1913,600,953,"ghosts,supernatural",ok
flashlight-photograph-by-the-author-13-march-1911__2f5b706b.jpg,2f5b706b-866a-4d60-91f1-b49ae3539c27,"Flashlight Photograph by the Author, 13 March, 1911",Baron von Schrenck Notzing,1913,600,831,"ghosts,supernatural",ok
author-s-flashlight-photograph-of-19-may-1913__3383dda5.jpg,3383dda5-04c2-423f-a231-436e7f5e17f7,"Author's Flashlight Photograph of 19 May, 1913",Baron von Schrenck Notzing,1913,600,924,"ghosts,supernatural",ok
author-s-flashlight-photograph-of-22-november-1911__3ef2314b.jpg,3ef2314b-da41-4874-aa7a-484eb5a6319a,"Author's Flashlight Photograph of 22 November, 1911",Baron von Schrenck Notzing,1913,600,605,"ghosts,supernatural",ok
whole-phantom-with-nude-medium__4fcd7e21.jpg,4fcd7e21-f0c9-4e12-8c2c-83c6653bd763,Whole Phantom With Nude Medium,Baron von Schrenck Notzing,1913,600,938,"ghosts,supernatural",ok
author-s-flashlight-photograph-of-10-september-1912__4ef1d87c.jpg,4ef1d87c-a846-487d-89fb-9d81ec4a2ad8,"Author's Flashlight Photograph of 10 September, 1912",Baron von Schrenck Notzing,1913,600,729,"ghosts,supernatural",ok
flashlight-photographs-of-21-may-1912__78150e45.jpg,78150e45-e199-4465-80b4-cdcbe6066190,"Flashlight Photographs of 21 May, 1912",Baron von Schrenck Notzing,1913,600,674,"ghosts,supernatural",ok
author-s-flashlight-photograph-of-1-june-1912__86200bdf.jpg,86200bdf-5d4e-4e1d-8a07-1b4a41008093,"Author's Flashlight Photograph of 1 June, 1912",Baron von Schrenck Notzing,1913,600,918,"ghosts,supernatural",ok
author-s-second-flashlight-photograph-21-august-1911-flashli__87f5607a.jpg,87f5607a-abc9-444f-9183-e23dcddcce05,"Author's Second Flashlight Photograph, 21 August, 1911 / Flashlight Photograph by Dr. De Fontenay",Baron von Schrenck Notzing,1913,600,577,"ghosts,supernatural",ok
first-flashlight-photograph-by-the-author__84316c94.jpg,84316c94-9d98-4e0f-ba22-844fd1b51cae,First Flashlight Photograph by the Author,Baron von Schrenck Notzing,1913,600,686,"ghosts,supernatural",ok
author-s-first-photograph-of-5-august-1912__9344a0f3.jpg,9344a0f3-8475-4460-97ec-6fcf99ab579f,"Author's First Photograph of 5 August, 1912",Baron von Schrenck Notzing,1913,602,800,"ghosts,supernatural",ok
author-s-third-flashlight-photograph-of-1-june-1912__986e39c4.jpg,986e39c4-5011-4fb6-8d31-26cdccf3021b,"Author's Third Flashlight Photograph of 1 June, 1912",Baron von Schrenck Notzing,1913,600,943,"ghosts,supernatural",ok
flashlight-photograph-by-the-author-30-december-1911__91b7c047.jpg,91b7c047-5cf2-4aff-95f5-911f4fc9fded,"Flashlight Photograph by the Author, 30 December, 1911",Baron von Schrenck Notzing,1913,600,798,"ghosts,supernatural",ok
mme-bisson-s-flashlight-photograph-of-2-may-1913__c1c99b9a.jpg,c1c99b9a-93ec-44d7-a763-dc7e4ade5e83,"Mme. Bisson's Flashlight Photograph of 2 May, 1913",Baron von Schrenck Notzing,1913,587,1024,"ghosts,supernatural",ok
flashlight-photograph-by-the-author-7-june-1911__e81c05cd.jpg,e81c05cd-e253-46fe-a9d9-f4775bb63f1a,"Flashlight Photograph by the Author, 7 June, 1911",Baron von Schrenck Notzing,1913,600,737,"ghosts,supernatural",ok
author-s-flashlight-photograph-of-30-november-1912__f583e2c8.jpg,f583e2c8-85bf-48e3-a98c-bb46fa2a2a76,"Author's Flashlight Photograph of 30 November, 1912",Baron von Schrenck Notzing,1913,600,832,"ghosts,supernatural",ok
composite-photograph-in-two-poses-group-in-open-air__5e484b0b.jpg,5e484b0b-6f37-4c13-9cc7-fd88e434571e,Composite Photograph in Two Poses / Group in Open Air,,1897,2072,3084,ghosts,ok
hallowe-en__1436e868.jpg,1436e868-5206-441d-82dd-c4dd592ebc58,Hallowe'en,,ca. 1910,3972,6369,"ghosts,witches",ok
hallowe-en__305ee578.jpg,305ee578-56b3-4001-abb0-924384566606,Hallowe'en,,ca. 1908,1920,1212,"ghosts,witches",ok
hallowe-en-faces__39ae7941.jpg,39ae7941-b923-4651-aa32-80d9558ddb6b,Hallowe'en Faces!,,ca. 1913,1676,1098,ghosts,ok
with-best-wishes-for-hallowe-en__65a00790.jpg,65a00790-74fa-4628-8adc-3b0c2bc99d78,With Best Wishes for Hallowe'en,,1908,959,1500,ghosts,ok
a-merry-hallowe-en__6b1faddb.jpg,6b1faddb-bdb6-4de3-a046-5685f7a9cde1,A Merry Hallowe'en,Ellen H. Clapsaddle,1909,2312,1500,"ghosts,witches",ok
hallowe-en__7fe76c60.jpg,7fe76c60-f219-4295-a51f-6d34f2109bc8,Hallowe'en,Bernhardt Wall,1903,951,1500,ghosts,ok
halloween__7e5bab10.jpg,7e5bab10-3786-4729-abc4-163ebad78ff4,Halloween,,ca. 1910,1240,1920,"ghosts,witches",ok
hallowe-en__7a086a2f.jpg,7a086a2f-4724-469f-955b-ed1350a319bc,Hallowe'en,,ca. 1908,1679,1066,"ghosts,witches",ok
jolly-hallowe-en__9e4f004b.jpg,9e4f004b-48ff-4159-bdcd-9b9d7d423e75,Jolly Hallowe'en,,ca. 1910,760,488,"ghosts,witches",ok
untitled__9487e498.jpg,9487e498-3be4-477e-bfd5-97c02d67c9b2,,,ca. 1913,1688,1118,"ghosts,witches",ok
oct-31st-all-hallowe-en-greetings__b287b6cc.jpeg,b287b6cc-90e0-479c-8d50-302131293a32,Oct 31st: All Hallowe'en Greetings,,ca. 1908,1846,1196,"ghosts,witches",ok
jolly-halloween__d01786cf.jpg,d01786cf-47e3-4816-9288-8306b7bac218,Jolly Halloween,,1907,949,1500,"ghosts,witches",ok
hallowe-en-greetings__df25358d.jpg,df25358d-0a35-4225-8392-806e07730d1c,Hallowe'en Greetings,,1913,2346,1500,"ghosts,witches",ok
hallowe-en-greeting__d0394f23.jpg,d0394f23-ab27-42d4-ae34-d13bbe75e98c,Hallowe'en greeting,,1912,932,1500,"ghosts,witches",ok
hallowe-en-morning__f3180d90.jpg,f3180d90-d9eb-4af4-9f1e-4ecde4e2e699,Hallowe'en Morning,,ca. 1912,2366,1500,"ghosts,witches",ok
the-apparition__d82b2533.jpg,d82b2533-723a-4f87-9b5c-a1abe7eb0fc2,The Apparition,,1897,452,646,"ghostly,supernatural",ok
mount-prodigal-gloucester-county-virginia__2c7a3d3d.jpg,2c7a3d3d-8285-4536-a0c7-a28d935221d5,"""Mount Prodigal"", Gloucester County, Virginia",,,800,638,ghostly,ok
a-girl-with-flowers-a-family-appearing-behind__7f7e50ea.jpg,7f7e50ea-1e38-44a0-85a3-576189b7d2eb,"A girl with flowers, a family appearing behind.",,ca. 1905,800,646,ghostly,ok
prodigious-warnings-concerning-the-city-of-jerusalem__62eba208.jpg,62eba208-09ce-47d7-8528-2bf58933175f,Prodigious warnings concerning the city of Jerusalem,,1559,2634,2938,supernatural,ok
prodigious-tempest-that-fell-upon-milan__6c433d3c.jpg,6c433d3c-49bf-4147-bf4c-fe6576849d4d,Prodigious tempest that fell upon Milan,,1559,2594,2920,supernatural,ok
a-young-virgin-who-was-riding-on-horseback-struck-by-a-thund__e4adddf1.jpg,e4adddf1-318c-477d-a026-8172f8ad2857,"A young virgin, who was riding on horseback, struck by a thunderbolt",,1559,2793,2998,supernatural,ok
prodigious-visions-with-several-memorable-examples-of-phanto__f013aafe.jpg,f013aafe-9e66-456c-a639-a85b6e9d84c2,"Prodigious visions, with several memorable examples of phantoms",,1559,2608,2937,supernatural,ok
a-king-who-was-so-fat-that-he-had-his-fat-sucked-out-by-leec__4d8278f2.jpg,4d8278f2-8044-4bda-b91a-e5e460aa275a,A king who was so fat that he had his fat sucked out by leeches,,1559,2634,2959,supernatural,ok
two-christian-princesses-who-could-not-be-harmed-by-fire__65af254a.jpg,65af254a-ce1a-4dce-912f-90058c48feca,Two Christian Princesses who could not be harmed by fire,,1559,2667,2969,supernatural,ok
the-roots-of-the-baara__af9a9c99.jpg,af9a9c99-a326-4ad8-8b08-0ce044ce2669,The roots of the Baara,,1559,2618,2855,supernatural,ok
a-tupilak-frightening-a-man-to-death-in-his-kayak__c8355dd9.jpg,c8355dd9-05ea-4fcb-aa0b-ca832871736f,A tupilak frightening a man to death in his kayak,Knud Rasmussen,1913,1535,1007,supernatural,ok
spirit-of-the-renegade-monk__00c8ccff.jpg,00c8ccff-2859-4b1c-bd61-4c2ad163e6d7,Spirit of the Renegade Monk,Katsukawa Shunsho,1783,832,900,supernatural,ok
dream__1e6a5ec0.jpg,1e6a5ec0-3ba7-44f4-b705-4f7cb83fa98c,Dream,Odilon Redon,1878-82,706,1024,supernatural,ok
the-dream-of-pilate-s-wife__f1ec7198.jpg,f1ec7198-b0b5-4857-9f89-231c6cdf0e88,The Dream of Pilate’s Wife,Gustave Doré,ca. 1879,800,543,supernatural,ok
the-apparition__4fca2546.jpg,4fca2546-038b-49a5-9b40-913a90e1fa32,The Apparition,,1897,1897,2676,supernatural,ok
i-had-walled-the-monster-up-within-the-tomb-the-black-cat__d54ecadd.jpg,d54ecadd-34ea-4a60-9ff4-fef9fcc592a8,"""I had walled the monster up within the tomb!"" (The Black Cat)",Harry Clarke,1919,531,700,supernatural,ok
the-witches-at-the-walnut-tree-of-benevento__793c1848.jpg,793c1848-9da7-4887-a18e-17db14b6d02c,The Witches at the Walnut Tree of Benevento,Guglielmo della Porta,ca. 1534–77,3555,1764,witches,ok
wooden-spanish-puppets__d4eef827.jpg,d4eef827-0b42-464d-a3b7-203cd0d9d0a4,Wooden Spanish Puppets,,1920,3015,2481,witches,ok
yellow-throated-vireo-vireo-flavifrons__0ec846a9.jpg,0ec846a9-78b2-4f7d-ba01-6319925c2a1d,Yellow-Throated Vireo (*Vireo Flavifrons*),,1897,1400,909,"witchcraft,witches",ok
i-am-the-witch-of-the-north__d22f21d6.jpg,d22f21d6-5ede-499c-bd44-1315122473a0,"""I Am the Witch of the North.""",W. W. Denslow,1900,897,1200,witches,ok
shipton-s-prophecies__096252ca.jpg,096252ca-d6c4-48fb-a4f4-bbaedfd2ff1a,Shipton's Prophecies,Robert Cruikshank,1823,830,1268,witches,ok
mother-shipton__bc943bfd.jpg,bc943bfd-cf82-417b-83a5-a2dc522c725a,Mother Shipton,,1686,712,800,witches,ok
hallowe-en-greeting__2e8d5368.jpg,2e8d5368-f385-4edd-9671-72fd63bab025,Hallowe-'en Greeting,,ca. 1913,760,488,witches,ok
on-hallowe-en__235bc0b1.jpg,235bc0b1-7c2e-4aa3-b693-14a319708339,On Hallowe'en,,ca. 1910,760,492,"witchcraft,witches",ok
happy-hallowe-en__4a44d282.jpg,4a44d282-b59d-410a-964c-90dfb9fa69ac,Happy Hallowe'en,,1909,2332,1500,witches,ok
hallowe-en__7deade91.jpg,7deade91-786d-4669-8128-f3b457620a79,Hallowe'en,,ca. 1910,490,760,witches,ok
the-joys-of-hallowe-en__843485f7.jpg,843485f7-7a76-4bbc-bdf4-34b57eea0f91,The Joys of Hallowe'en,,ca. 1910,1198,1920,witches,ok
may-luck-and-love-meet-you-on-all-hallowe-en__0ad537d7.jpg,0ad537d7-0d8b-4e97-aa4d-bef51b792d52,May Luck and Love Meet you on All Hallowe'en,,ca. 1912,1229,1920,witches,ok
hallowe-en-precautions__b3296c31.jpg,b3296c31-17da-491b-b43d-f07b76e47afb,Hallowe'en Precautions,,ca. 1910,760,484,witches,ok
hallowe-en__d2907d3d.jpg,d2907d3d-2206-46d6-b21c-46ab0182aa1d,Hallowe'en,,1910,760,496,witches,ok
on-halloween-we-ll-steal-the-gate-and-kilter-everything-that__dfbc2bf2.jpg,dfbc2bf2-b1aa-4e72-b8eb-ef80da10142e,On Halloween We'll Steal the Gate and Kilter Everything Thats Straight,,ca. 1910,2349,1500,witches,ok
halloween-greetings__f652a817.jpg,f652a817-5fae-4a8f-8fc6-8533a5373a5d,Halloween Greetings,,ca. 1912,2414,1500,witches,ok
merry-hallowe-en__f15748f8.jpg,f15748f8-0830-4f0b-ab95-bc719b9f4a71,Merry Hallowe'en,,ca. 1910,1920,1228,witches,ok
universal-figure-of-the-divine-comedy__23667faf.jpg,23667faf-8bc0-44cc-b070-a6103b9f12d3,Universal Figure of The Divine Comedy,Michelangelo Caetani,1855,7551,10282,hell,ok
plan-of-hell-and-dante-s-journey__c4e960a9.jpg,c4e960a9-99d3-47cb-bfd8-75c857fac99d,Plan of Hell and Dante’s Journey,Michelangelo Caetani,1855,7528,10200,hell,ok
cross-section-of-hell__4bbf5e12.jpg,4bbf5e12-0d03-4fa6-a9ce-25ebe9882726,Cross Section of Hell,Michelangelo Caetani,1855,10232,7544,hell,ok
the-order-of-purgatory__4a591bc1.jpg,4a591bc1-7b7f-4300-b70e-61dba4956e52,The Order of Purgatory,Michelangelo Caetani,1855,10176,7512,hell,ok
the-order-of-paradise__1a20b8c8.jpg,1a20b8c8-8e08-4f27-ba6a-b92790e81a99,The Order of Paradise,Michelangelo Caetani,1855,7626,10264,hell,ok
universal-figure-of-the-divine-comedy__3cf98655.jpg,3cf98655-f654-46fd-bd8d-9068907b94ee,Universal Figure of The Divine Comedy,Michelangelo Caetani; Monte Cassino Abbey,1872,4705,6344,hell,ok
plan-of-hell-and-dante-s-journey__29b87ac5.jpg,29b87ac5-4b4e-49cd-af89-cd1fb9b84f83,Plan of Hell and Dante’s Journey,Michelangelo Caetani; Monte Cassino Abbey,1872,4718,6305,hell,ok
cross-section-of-hell__124ffd8d.jpg,124ffd8d-b4e0-47c4-b24d-bd8a0f2ed95c,Cross Section of Hell,Michelangelo Caetani; Monte Cassino Abbey,1872,6335,4621,hell,ok
the-order-of-purgatory__5e4b2575.jpg,5e4b2575-301b-4e24-8a74-a0b9a3b2715b,The Order of Purgatory,Michelangelo Caetani; Monte Cassino Abbey,1872,6325,4720,hell,ok
the-order-of-paradise__710def6c.jpg,710def6c-ff0f-49d6-9c77-dbded91bbc13,The Order of Paradise,Michelangelo Caetani; Monte Cassino Abbey,1872,4745,6320,hell,ok
universal-figure-of-the-divine-comedy__42d21a93.jpg,42d21a93-2478-4052-abb4-6eaae1ab97be,Universal Figure of the Divine Comedy,Michelangelo Caetani,1872,1126,1500,hell,ok
inferno-canto-xxxiii-1865-heads-frozen-in-the-lake-of-cocytu__5a0cf6cc.jpg,5a0cf6cc-2042-43b4-a3a9-2a9d1ec05612,"*Inferno*, Canto XXXIII*, 1865. Heads frozen in the lake of Cocytus.",Luigi Ademollo,1865,1000,1349,hell,ok
inferno-canto-xxxiv-dante-and-virgil-emerge-from-hell-and-se__5f4b2ee5.jpg,5f4b2ee5-cc45-4607-b1a7-7fc4e5ac1a75,"*Inferno*, Canto XXXIV: Dante and Virgil emerge from Hell and see the stars.",,ca. 1370,1273,1307,hell,ok
inferno-canto-xxxiii-ugolino-gripped-the-sad-skull-of-ruggie__7f781083.jpg,7f781083-bb9e-43af-8871-d967ab0dc451,"*Inferno*, Canto XXXIII. Ugolino gripped the sad skull of Ruggieri with his teeth.",Adolf von Stürler,1884,1000,1345,hell,ok
inferno-canto-xxv-the-false-counsellors-dante-and-virgil-cla__7c9e425a.jpg,7c9e425a-8f8c-40ec-af41-de11e4ea69c2,"*Inferno*, Canto XXV: The false counsellors; Dante and Virgil clamber out of the pit to the next summit.",,ca. 1370,2189,1385,hell,ok
inferno-canto-xxxiv-dante-and-virgil-watch-lucifer-who-is-de__8a04a082.jpg,8a04a082-b315-401c-afe9-bd14e1264ed8,"*Inferno*, Canto XXXIV: Dante and Virgil watch Lucifer who is devouring Cassius, Brutus, and Judas with three mouths.",,ca. 1300–50,1844,1313,hell,ok
inferno-canto-vii-dante-and-virgil-are-in-a-barren-wood-with__9c663003.jpg,9c663003-6bd1-4b26-b16b-733a9e5bcbb8,"*Inferno*, Canto VII: Dante and Virgil are in a barren wood, with harpies representing the souls of suicides.",,ca. 1370,2880,1341,hell,ok
inferno-canto-xxxiii-ugolino-devouring-ruggieri__05e02ccf.jpg,05e02ccf-b0e7-44bf-8e1d-5ac615ea9a0f,"*Inferno*, Canto XXXIII: Ugolino devouring Ruggieri.",Filippo Machievelli,1819,1400,1098,hell,ok
inferno-canto-xxxiv-lucifer-devouring-his-victims__0b79ef10.jpg,0b79ef10-17b3-4d44-a343-87c24f33cf98,"*Inferno*, Canto XXXIV: Lucifer devouring his victims.",Cornelis Galle (I); Stradanus,ca. 1590,1200,1640,hell,ok
cross-section-of-hell__a5ebe3a8.jpg,a5ebe3a8-4096-4ed0-965a-5680ea5fddd9,Cross Section of Hell,Michelangelo Caetani,1855,1400,1003,hell,ok
milton-s-universe-as-interpreted-by-david-masson__175ed947.jpg,175ed947-9574-4549-9186-eb33ad578231,Milton's universe as interpreted by David Masson,William Fairfield Warren,1915,1828,1832,hell,ok
the-third-circle-of-milton-s-hell-as-detailed-by-john-andrew__350e4fdb.jpg,350e4fdb-5324-4893-836a-2ffc1800e9e3,"The third circle of Milton's Hell, as detailed by John Andrew Himes",William Fairfield Warren,1915,1808,1784,hell,ok
milton-s-universe-as-interpreted-by-thomas-n-orchard__38224058.jpg,38224058-1b98-451f-919e-4a79a091b324,Milton's Universe as interpreted by Thomas N. Orchard,William Fairfield Warren,1915,1816,2852,hell,ok
milton-s-universe-before-the-creation-of-earth-and-its-heave__451b8677.jpg,451b8677-47ea-49f4-b953-90d48ad2eef7,Milton's universe before the creation of earth and its heavens,William Fairfield Warren,1915,1888,2664,hell,ok
milton-s-universe-as-interpreted-by-john-andrew-himes__72ba427c.jpg,72ba427c-6f9d-4b4c-8770-62b1f0544c7c,Milton's universe as interpreted by John Andrew Himes,William Fairfield Warren,1915,3068,1464,hell,ok
a-representation-of-the-babylonian-universe-with-upper-hemis__9553a6c0.jpg,9553a6c0-772b-4484-bdf8-3dde6ef90f95,A representation of the Babylonian Universe with upper hemispheres cut away to show the interior.,William Fairfield Warren,1915,2180,2408,hell,ok
milton-s-universe-as-interpreted-by-thomas-n-orchard__0ea7487b.jpg,0ea7487b-0561-4005-a082-87c0fcc06c47,Milton's Universe as interpreted by Thomas N. Orchard,William Fairfield Warren,1915,1832,2876,hell,ok
milton-s-universe-after-the-creation-of-earth-and-its-heaven__acdd9230.jpg,acdd9230-aca0-40f4-9769-a563515da7d0,Milton's universe after the creation of earth and its heavens,William Fairfield Warren,1915,1920,2628,hell,ok
an-alternative-interpretation-by-homer-b-sprague__c606e36a.jpg,c606e36a-31f4-49d6-af6b-1f1a4252d28d,An Alternative Interpretation by Homer B. Sprague,William Fairfield Warren,1915,2136,2588,hell,ok
milton-s-universe-as-interpreted-by-homer-b-sprague__daa61c5e.jpg,daa61c5e-e8ba-470b-869e-0d83f8486f31,Milton's Universe as Interpreted by Homer B. Sprague,William Fairfield Warren,1915,2128,2616,hell,ok
hell-according-to-the-burmese__550f94e9.jpg,550f94e9-8f3c-4c34-8597-2eea87744a66,Hell According to the Burmese,Anonymous,1906,934,1200,hell,ok
paradise-lost-book-2-line-1__1607e81b.jpg,1607e81b-fdc8-4977-aaba-7247b6b9345b,"Paradise Lost: Book 2, Line 1",John Martin,1827,1023,714,hell,ok
paradise-lost-book-7-line-339__2892d4f5.jpg,2892d4f5-355b-4e81-b8df-77b08885b468,"Paradise Lost: Book 7, Line 339",John Martin,1827,1024,700,hell,ok
paradise-lost-book-1-line-314__3606e3dd.jpg,3606e3dd-15c4-4910-b438-d48c685f3e3a,"Paradise Lost: Book 1, Line 314",John Martin,1827,600,799,hell,ok
paradise-lost-book-4-line-866__639dfd37.jpg,639dfd37-adeb-4e89-8701-f5120804989e,"Paradise Lost: Book 4, Line 866",John Martin,1827,1024,707,hell,ok
paradise-lost-book-1-line-44__61767b38.jpg,61767b38-aa6c-4bc6-8b1f-a1f9b199703f,"Paradise Lost: Book 1, Line 44",John Martin,1827,630,799,hell,ok
paradise-lost-book-1-line-710__088388fc.jpg,088388fc-9d83-43ea-ba5d-8c4ad021baa4,"Paradise Lost: Book 1, Line 710",John Martin,1827,1024,718,hell,ok
paradise-lost-book-10-line-312-347__c58d036e.jpg,c58d036e-410a-48ee-bb0d-eeb94b9acbb4,"Paradise Lost: Book 10, Line 312 & 347",John Martin,1827,1024,720,hell,ok
paradise-lost-book-4-line-813__f6ac521d.jpg,f6ac521d-7bae-42a2-8da7-47ba00e0a7b4,"Paradise Lost: Book 4, Line 813",John Martin,1827,1024,696,hell,ok
paradise-lost-book-2-line-727__f7c156f8.jpg,f7c156f8-d94d-4441-ab7e-a409d2087801,"Paradise Lost: Book 2, Line 727",John Martin,1827,1024,736,hell,ok
dante-and-virgil-before-forise-donati__2304858b.jpg,2304858b-ca34-4afc-8aaa-2354ae42c26b,Dante and Virgil before Forise Donati,,1444–1450,1023,545,hell,ok
dante-and-virgil-entering-the-area-devoted-to-simoniacs-and-__2e1da06d.jpg,2e1da06d-865d-4ec1-9e94-7c791b2f95e7,Dante and Virgil entering the area devoted to simoniacs and magicians,,1444–1450,1024,565,hell,ok
the-cardinal-sinners-being-punished-in-hell__5385d0ce.jpg,5385d0ce-38f1-4fc6-b068-9b5c41e41590,The cardinal sinners being punished in Hell,,1444–1450,1024,634,hell,ok
the-legends-of-theseus-and-ariadne__7d624244.jpg,7d624244-95c8-42b2-a25f-89c15725a855,The legends of Theseus and Ariadne,,1444–1450,1024,506,hell,ok
dante-and-virgil-entering-the-fourth-circle-with-plutus-avar__8499d203.jpg,8499d203-0c7f-4a44-aec0-850f78d68ea9,"Dante and Virgil entering the fourth circle, with Plutus Avaricius, the Prodigals and the Wrathful",,1444–1450,1024,558,hell,ok
dante-being-rowed-by-charon-across-the-river-acheron__03d32b60.jpg,03d32b60-d985-40fe-a130-4fd0a32fc558,Dante being rowed by Charon across the River Acheron,,1444–1450,1024,563,hell,ok
dante-and-virgil-observing-the-fate-of-the-lustful__aea2d82e.jpg,aea2d82e-d06d-4825-84af-1227b906fe9a,Dante and Virgil observing the fate of the Lustful,,1444–1450,1024,599,hell,ok
dante-and-virgil-looking-into-the-tomb-of-pope-anastasius__a6817ca5.jpg,a6817ca5-1d78-407b-912f-f459f80c531c,Dante and Virgil looking into the tomb of Pope Anastasius,,1444–1450,1024,514,hell,ok
dante-and-virgil-encountering-groups-of-coiners-counterfeite__c131bcbc.jpg,c131bcbc-cb9e-49b5-8cfd-ac17b2c33da9,"Dante and Virgil encountering groups of coiners, counterfeiters, alchemists, and forgers",,1444–1450,1024,553,hell,ok
snakes-are-attached-to-the-ears-of-someone-who-eavesdropped-__7e87552f.jpg,7e87552f-b44b-4ad1-af69-45525529c930,“Snakes are attached to the ears of someone who eavesdropped at the door”,,19th century,662,850,hell,ok
for-one-who-was-jealous-of-another-they-hung-pots-of-embers-__81a27e81.jpg,81a27e81-bed9-4803-865e-2a41531754fc,"“[For] one who was jealous of another, they hung pots of embers from his neck, and on Judgement Day attached snakes to both of his hands.”",,19th century,620,826,hell,ok
the-appearance-of-a-servant-who-pleases-his-master-will-not-__80b295f6.jpg,80b295f6-8a39-48a4-b473-36d909b4ff46,“The appearance of a servant who pleases his master will not be transformed”,,19th century,620,789,hell,ok
someone-who-bore-false-witness-receives-this-kind-of-torment__89400663.jpg,89400663-6f91-4e04-8b27-8ec295116827,“Someone who bore false witness receives this kind of torment”,,19th century,620,784,hell,ok
if-someone-sees-a-naked-person-without-performing-prayers-th__01a7eedc.jpg,01a7eedc-47c0-4a9c-9b4a-fb5e732565b0,"“If someone sees a naked person without performing prayers, they will have committed much sin”",,19th century,620,781,hell,ok
those-dervishes-who-have-toiled-and-been-abused-and-have-not__b5043549.jpg,b5043549-46a8-4004-a752-f5e6c576fefb,"“Those dervishes who have toiled and been abused, and have not known comfort in this world, they too [like the prophet] will ride Baraq [to heaven]”",,19th century,620,759,hell,ok
they-torture-a-man-or-woman-who-has-had-sexual-relations-dur__e55e0d32.jpg,e55e0d32-eb20-4f96-b8d4-9cd424eb64f3,“They torture a man or woman who has had sexual relations during menstruation or the period after childbirth by pulling their tongue out of their neck”,,19th century,680,850,hell,ok
he-dedicated-himself-to-his-guiding-pir-sufi-master-and-refr__f87d470d.jpg,f87d470d-dda5-4c43-b222-662f593fc47f,"“He dedicated himself to his guiding pir (Sufi master) and refrained from people’s ..... (?) and abstained from illicit activity, tobacco and alcohol”",,19th century,620,787,hell,ok
