name,file,slug,old_file,url
Achillea tomentosa,achillea-tomentosa-01.png,achillea-tomentosa-khxmbm5,achillea-tomentosa-khxmbm5.png,https://www.scanslibrary.com/storage/images/VnDGWSI5jJAnD6Vd9hAGapDjpuQWQ0rALtIcBC2T.png
Achillea tomentosa,achillea-tomentosa-02.png,achillea-tomentosa-mt7tqm9,achillea-tomentosa-mt7tqm9.png,https://www.scanslibrary.com/storage/images/f8j4tEGmOsGbaswZeeRvqOHkT71F3tp16wxHypuG.png
Achillea tomentosa,achillea-tomentosa-03.png,achillea-tomentosa-rgmz5w5,achillea-tomentosa-rgmz5w5.png,https://www.scanslibrary.com/storage/images/y5f9f45g4EDvzmr51XB2vHVXS9mchirHhf4tnZKL.png
Adonis microcarpa,adonis-microcarpa-01.png,8uubax,8uubax.png,https://www.scanslibrary.com/storage/images/AqLFRTv4eNXR7Hb24DzyeksBj8AkksNU6KZL8qbI.png
Agapanthus africanus,agapanthus-africanus-01.png,36xuhx,36xuhx.png,https://www.scanslibrary.com/storage/images/elPkhJ6qe1gKfNbo02SzppagS3zAFXfcs7XRDFjc.png
Agapanthus africanus,agapanthus-africanus-02.png,9jue3j,9jue3j.png,https://www.scanslibrary.com/storage/images/lCEykxrMhf7LZRkyeZ6U6vZIykQTtz0JUJO8jRfN.png
Agapanthus africanus,agapanthus-africanus-03.png,ab6tau,ab6tau.png,https://www.scanslibrary.com/storage/images/urC3CpCp4Dtbz0bM4WXuXOQUknPsunP9FchWIDF4.png
Agapanthus africanus,agapanthus-africanus-04.png,qamxcz,qamxcz.png,https://www.scanslibrary.com/storage/images/0S3QZmjs87FIdJsD4t3JaWGh1LpJWdswMHGQTOSm.png
Alcea,alcea-01.png,yvyfwa,yvyfwa.png,https://www.scanslibrary.com/storage/images/MD6EJHTUSH4pTzI9A0Dp20UTY0FZCxPZvQt4FXgL.png
Alcea rosea,alcea-rosea-01.png,3syhvh,3syhvh.png,https://www.scanslibrary.com/storage/images/6mrJWKm6ouwsIEw8SasllgBCI6nIeeiEMeuaZJRM.png
Alcea rosea,alcea-rosea-02.png,4wkcag,4wkcag.png,https://www.scanslibrary.com/storage/images/V7qf9Dwl1EPWzRVNGk6SXnIMx4jk6BqN44Z02rHx.png
Alcea rosea,alcea-rosea-03.png,amajta,amajta.png,https://www.scanslibrary.com/storage/images/y1VgXa06cQsmiZQ0DbN1HQTYNGCeNBs0BbO1U4GN.png
Alcea rosea,alcea-rosea-04.png,butuqz,butuqz.png,https://www.scanslibrary.com/storage/images/PzwyuAYoeMJYn35PWTLn32yvEoT8hSNRU64zECWt.png
Alcea rosea,alcea-rosea-05.png,ecnjpv,ecnjpv.png,https://www.scanslibrary.com/storage/images/SdM9NUuxKVl3pYGoXs9ltyFsj2lB2CTXy4sb94X7.png
Alcea rosea,alcea-rosea-06.png,pwsjqt,pwsjqt.png,https://www.scanslibrary.com/storage/images/T3ir73LNSpejXNOmv7i8cBpfHbVzt31ZDleI8525.png
Alcea rosea,alcea-rosea-07.png,qbnrjj,qbnrjj.png,https://www.scanslibrary.com/storage/images/pI2NuDiac4XnhNq1jksSgH0AASIYJClOckYPJRjd.png
Alcea rosea,alcea-rosea-08.png,vm3vzy,vm3vzy.png,https://www.scanslibrary.com/storage/images/8AJ8XLzsHKGpyr20bhseYMcGaMgNSoCpmeu55X1Z.png
Amaranthus retroflexus,amaranthus-retroflexus-01.png,amaranth-jswyrus,amaranth-jswyrus.png,https://www.scanslibrary.com/storage/images/mWmCyqIM66Xn876D66qTsoew7kJH8rGDd1eAj9bW.png
Anchusa leptophylla,anchusa-leptophylla-01.png,7lvxxg,7lvxxg.png,https://www.scanslibrary.com/storage/images/ih773crGxVygIE2jQeBmBPmcKoRlYI7B2nj2N2GW.png
Anchusa leptophylla,anchusa-leptophylla-02.png,f9cbb5,f9cbb5.png,https://www.scanslibrary.com/storage/images/yQdgquqs2KvFjkq97aR40ravXhoOFXaz5jzVzkK1.png
Anchusa leptophylla,anchusa-leptophylla-03.png,gageye,gageye.png,https://www.scanslibrary.com/storage/images/B9qMPfuxy1huvq6TxS29zozKMadMTfTHKKuKS9N1.png
Anchusa leptophylla,anchusa-leptophylla-04.png,jlmavs,jlmavs.png,https://www.scanslibrary.com/storage/images/Lnvu5r6WGMGxioexPgCP6lZvDp1iFfv13e4KdeYP.png
Anchusa leptophylla,anchusa-leptophylla-05.png,zstrpp,zstrpp.png,https://www.scanslibrary.com/storage/images/MLxWRZs4gQPZntYTlNTLQ799LWDTpySlNhRrm9An.png
Anemone multifida,anemone-multifida-01.png,anemone-multifida-e82hfet,anemone-multifida-e82hfet.png,https://www.scanslibrary.com/storage/images/lNzBKV7WU4qj1nY6JWtUIC40V7Kq1XuVWVTZaaYK.png
Anthurium,anthurium-01.png,bzurdq,bzurdq.png,https://www.scanslibrary.com/storage/images/cRIwQSIaEt2gxY8OVdc9C1uOybyTCXXVokmxpzlE.png
Anthurium,anthurium-02.png,faa6dv,faa6dv.png,https://www.scanslibrary.com/storage/images/PXQQiMbuBF6GszffVn6d814WZlFsZXF5NttuLatP.png
Anthurium,anthurium-03.png,qrkttx,qrkttx.png,https://www.scanslibrary.com/storage/images/eYehcwnW1BeSKGEasY7ISDtgtO5yo7RGAeFi4oj5.png
Antirrhinum,antirrhinum-01.png,htsagf,htsagf.png,https://www.scanslibrary.com/storage/images/6ZNnvp8h6vtCkPKm4zvMz2LX9hev3PEmcvYVVVNj.png
Antirrhinum,antirrhinum-02.png,zf3tmx,zf3tmx.png,https://www.scanslibrary.com/storage/images/62FiVW0DW3ngErErhYnbqSfUizHCaxJ8mCQUgqdN.png
Asclepias seeds,asclepias-seeds-01.png,asclepias-seeds-nkxhxza,asclepias-seeds-nkxhxza.png,https://www.scanslibrary.com/storage/images/2qb7JGYqCsX277kr7SieSYPkEWEa1bvwLqMaKsnC.png
Asclepias syriaca L.,asclepias-syriaca-l-01.png,asclepias-jujycwp,asclepias-jujycwp.png,https://www.scanslibrary.com/storage/images/mmACvYLE17pNIisxHtolvjpVPwjeItBBWkuZHEZL.png
Astragalus onobrychis,astragalus-onobrychis-01.png,bup8vf,bup8vf.png,https://www.scanslibrary.com/storage/images/eHQPsnSEqxUI7f2ZKxgvLD5AWQni3jnGPAhUFYgD.png
Bougainvillea,bougainvillea-01.png,bougainvillea-hmrdgm,bougainvillea-hmrdgm.png,https://www.scanslibrary.com/storage/images/VuGKU8a4U7nC6VkcHAPbzpNyLYpXiv0Gu11ebWRh.png
Bougainvillea,bougainvillea-02.png,bougainvillea-pttsps,bougainvillea-pttsps.png,https://www.scanslibrary.com/storage/images/ZUvEjup8IK8HPTACWezQtNkBMNhfQsDyQPhLakBw.png
Bougainvillea,bougainvillea-03.png,tmecjw,tmecjw.png,https://www.scanslibrary.com/storage/images/iHPaNexjT8ad6C5OEmJxDXrqLvnajXva93d8Jzpz.png
Caesalpinia gilliesii,caesalpinia-gilliesii-01.png,3jdx8c,3jdx8c.png,https://www.scanslibrary.com/storage/images/t7EUzZWb68qjPivJx2Vrq4gmpGK3nZLANhNSphTD.png
Caesalpinia gilliesii,caesalpinia-gilliesii-02.png,5duurs,5duurs.png,https://www.scanslibrary.com/storage/images/KVInFtJERoXdTAso7EbRdAvoukkjBEEy39MjvF8J.png
Caesalpinia gilliesii,caesalpinia-gilliesii-03.png,bcr57c,bcr57c.png,https://www.scanslibrary.com/storage/images/MbX7EuqD7gF2mxDi8Twzttj7sWvuAt0wf8NYjaeO.png
Caesalpinia gilliesii,caesalpinia-gilliesii-04.png,tv84ge,tv84ge.png,https://www.scanslibrary.com/storage/images/MgAHBqHfa1QlbhmgxPai1tsQasuCyAD9dQbkvZ9G.png
Calla,calla-01.png,bbjh2n,bbjh2n.png,https://www.scanslibrary.com/storage/images/b29MbqvWk7Fu0trQV78KGbvc9BkSgOp6VJ8wNILQ.png
Calla,calla-02.png,calla-cuturn,calla-cuturn.png,https://www.scanslibrary.com/storage/images/Ea4w35Xsvlw4F8mFltOwZatHbcqytv25WeSPtTCV.png
Calla,calla-03.png,knnmfa,knnmfa.png,https://www.scanslibrary.com/storage/images/sBM1Ua5oJwVxKMwrXlSBIEdcpKwhwiUpEgSp13Z1.png
Calla,calla-04.png,p6wxac,p6wxac.png,https://www.scanslibrary.com/storage/images/txjsO8jbnHt8aY3yzhZyCI9e9RATKoEkhStttrmL.png
Calla,calla-05.png,qhdaut,qhdaut.png,https://www.scanslibrary.com/storage/images/cK1OAPSTNo7bs4MTGakaSbQ4uIi1TprEoMmHMHrL.png
Calla,calla-06.png,rmcyzq,rmcyzq.png,https://www.scanslibrary.com/storage/images/zFNlrE4bFZHHvaJZoye6stqb6wMogw05KbrPp5wy.png
Calla,calla-07.png,rudmnr,rudmnr.png,https://www.scanslibrary.com/storage/images/Is2mJxwkfpgvkN77LqUrc1bxQYo2rTJA0NMERM2O.png
Calla,calla-08.png,vcvxty,vcvxty.png,https://www.scanslibrary.com/storage/images/v6PyoLhJF3l8TWhHBe25iCDwze20fJgJUwA9Pnd4.png
Calla,calla-09.png,ycnxul,ycnxul.png,https://www.scanslibrary.com/storage/images/dkAGPJKG8wRfqV6nQqgVMwGEfabEC2grwV7ubVgz.png
Calla 0 Cr,calla-0-cr-01.png,udnbrm,udnbrm.png,https://www.scanslibrary.com/storage/images/bLdjuPbo9GuqvA6a1CdOi2shMDPHk9zVRUzqBUAu.png
Calla Lily,calla-lily-01.png,calla-lily-cx9vzw,calla-lily-cx9vzw.png,https://www.scanslibrary.com/storage/images/8YROFKhpwe1rWAzlP2sZe2fB2qSTAHj23QCCOiik.png
Calla Lily,calla-lily-02.png,calla-lily-faaumu,calla-lily-faaumu.png,https://www.scanslibrary.com/storage/images/Anc8ugDqKcuhbd9tWVB46K4YH1Fmtb8hcALP5n5i.png
Calla Lily,calla-lily-03.png,calla-lily-jnewuv,calla-lily-jnewuv.png,https://www.scanslibrary.com/storage/images/DMIvKgZ4PMJSvZTEEDCkNb1c7y5F1nOzZWWmuoXm.png
Calla Lily,calla-lily-04.png,calla-lily-kcwhfh,calla-lily-kcwhfh.png,https://www.scanslibrary.com/storage/images/7phZbY61Aj3k7UahgOKr92lSzn751gpXYzS3gK2r.png
Calla Lily,calla-lily-05.png,calla-lily-wt5uhq,calla-lily-wt5uhq.png,https://www.scanslibrary.com/storage/images/pzYhY6Z9Lc1ya3nzHriglfCHpfNJXqjlPaHXKls9.png
Callistemon laevis,callistemon-laevis-01.png,53qabx,53qabx.png,https://www.scanslibrary.com/storage/images/J9BCserm1xZ5opTIwqCEMTSCaokx0lcuQfkASQLe.png
Callistemon laevis,callistemon-laevis-02.png,jjywtx,jjywtx.png,https://www.scanslibrary.com/storage/images/jLobE8PXUX4vKvM9kQHqgFVlclY4i8zEiC4LmI1x.png
Callistemon laevis,callistemon-laevis-03.png,tevm4y,tevm4y.png,https://www.scanslibrary.com/storage/images/tJxAnSFHm1L6ZCf4RXSqvrIm55xc3fU3UhjGxQfO.png
Callistemon laevis,callistemon-laevis-04.png,ukcgrb,ukcgrb.png,https://www.scanslibrary.com/storage/images/SeEJ9bLo3aaeVfuG7l2wlJE1dWHxuG8JfUztyJY6.png
Callistemon laevis,callistemon-laevis-05.png,xc8btc,xc8btc.png,https://www.scanslibrary.com/storage/images/sK8TedybLxkj6nmQF9TRcSLXkxU8hZaKo3S2WgrW.png
Callistemon laevis,callistemon-laevis-06.png,xvnhcn,xvnhcn.png,https://www.scanslibrary.com/storage/images/cuZmLCvGdRm6UW3h3QPGWG93sQdJ8vRkmv8ktqHP.png
Campsis radicans,campsis-radicans-01.png,ccdfzr,ccdfzr.png,https://www.scanslibrary.com/storage/images/gjUiIrZ5Bxyj7I32CcoH5sTuZ0W7u1uK6O0vOUvj.png
Campsis radicans,campsis-radicans-02.png,sk8v9y,sk8v9y.png,https://www.scanslibrary.com/storage/images/FYX96P2HuwejBdnubzxxDVohjJaJIZQQDS845TcB.png
Campsis radicans,campsis-radicans-03.png,zlg2ft,zlg2ft.png,https://www.scanslibrary.com/storage/images/XO4Ayn4jq2VsIXx1NdzECHEZkRsMb2OMjrQmF4X4.png
Canna,canna-01.png,9xfbvc,9xfbvc.png,https://www.scanslibrary.com/storage/images/wksODyDiFtFSJpAfeDMquo6qGJPQtYGnoEboQzCH.png
Canna,canna-02.png,ajhdwx,ajhdwx.png,https://www.scanslibrary.com/storage/images/jF2g5S4R0GnOueYWSP2VWYDCNLMbz0QGbeA01LXn.png
Canna,canna-03.png,lnzbgb,lnzbgb.png,https://www.scanslibrary.com/storage/images/zvz4AM8ASlqKNGuRq2sEEsbS71OY0wta7AcezrNF.png
Canna,canna-04.png,p9mgba,p9mgba.png,https://www.scanslibrary.com/storage/images/XbM2SUHq5xH8QOlG8yzIWIw6d1yqvrkkSkGoXMyS.png
Canna,canna-05.png,xgzvpd,xgzvpd.png,https://www.scanslibrary.com/storage/images/cN0SVEHnutJSxuPNTigQdjvRN3TXpCxthsDgJwYz.png
Celosia cristata,celosia-cristata-01.png,celosia-cristata-5tjhmr,celosia-cristata-5tjhmr.png,https://www.scanslibrary.com/storage/images/UX4t6MlOWzW2VFaZg6L3Yix22EYOEBk0DvRyQccs.png
Celosia cristata,celosia-cristata-02.png,celosia-cristata-fkzwuw,celosia-cristata-fkzwuw.png,https://www.scanslibrary.com/storage/images/hUVymtPBISzUDMdQ7qsdkZyvgAvzHGuMtIxYngqR.png
Celosia cristata,celosia-cristata-03.png,celosia-cristata-sytnec,celosia-cristata-sytnec.png,https://www.scanslibrary.com/storage/images/70mPWF4npD7mODpp3zsQCLszBn0X3MxyedHU99R4.png
Celosia cristata,celosia-cristata-04.png,celosia-cristata-wjlhuq,celosia-cristata-wjlhuq.png,https://www.scanslibrary.com/storage/images/ab8eZCeBxYOmsCuKBwiZpbBXLd9VD6JHLqD20W8t.png
Centaurea cyanus,centaurea-cyanus-01.png,br662m,br662m.png,https://www.scanslibrary.com/storage/images/tZAA9eVe8Am0Vwq3dFI1PrNKUqyPSLHYJwv7I7fT.png
Centaurea cyanus,centaurea-cyanus-02.png,gqpgur,gqpgur.png,https://www.scanslibrary.com/storage/images/Fot7jh0xZJM7KxflSE3EmgR6gwnIfiUHCNbD4x9k.png
Centaurea cyanus,centaurea-cyanus-03.png,mqrkhh,mqrkhh.png,https://www.scanslibrary.com/storage/images/EJMVvVy5eBNBCIuUYiBFmKJpNn7kcK5uYuk4Rs4l.png
Centaurea cyanus,centaurea-cyanus-04.png,myu4en,myu4en.png,https://www.scanslibrary.com/storage/images/LZnI7gIwXm1NRcm8mnzVLDFs0WosqiJfCiy4GDEO.png
Centaurea cyanus,centaurea-cyanus-05.png,r82pfv,r82pfv.png,https://www.scanslibrary.com/storage/images/2frlJWP05A6y6hcb19wa2Va3swD3bnNT2NUhhzBm.png
Centaurea cyanus,centaurea-cyanus-06.png,sx4p8u,sx4p8u.png,https://www.scanslibrary.com/storage/images/MNZXBtlaczj5FiWc2VnERpphwuWIYCBy3EDKIZdn.png
Centaurea cyanus,centaurea-cyanus-07.png,whujbz,whujbz.png,https://www.scanslibrary.com/storage/images/hlJxqikWPKU68VKR062N0NJghiU10rIr5wrfbvOq.png
Centaurea cyanus,centaurea-cyanus-08.png,zvfrft,zvfrft.png,https://www.scanslibrary.com/storage/images/BZDclmn6nWq3RXs2WeL9Fytk1yKAzvyeVPXCfZ4a.png
Centaurea cyanus,centaurea-cyanus-09.png,zvmqjd,zvmqjd.png,https://www.scanslibrary.com/storage/images/Mfno6kPUyTrujFm5iYc7FjGfqvqxGMTvpVNir6Sb.png
Centaurea cyanus,centaurea-cyanus-10.png,zwnevq,zwnevq.png,https://www.scanslibrary.com/storage/images/riRBRp5eaaV1W5XqmPUaoaEGIP8xiZkExEpiAS4r.png
Centranthus longiflorus,centranthus-longiflorus-01.png,meadow-flower-bt6qmk,meadow-flower-bt6qmk.png,https://www.scanslibrary.com/storage/images/LFiOOAaH5nKWytHdEBbFIZx64IAcv2ap5tYswXmD.png
Centranthus longiflorus,centranthus-longiflorus-02.png,meadow-flower-gbkkdu,meadow-flower-gbkkdu.png,https://www.scanslibrary.com/storage/images/KRuyeD9ODCr7HE2r6XdpdsojCkyHjs8ji6wRConN.png
Centranthus longiflorus,centranthus-longiflorus-03.png,meadow-flower-kcwxwf,meadow-flower-kcwxwf.png,https://www.scanslibrary.com/storage/images/ViX0xrrfBS2qDOKGgvzD9HlcCK3fgRR6LokBtiO4.png
Centranthus longiflorus,centranthus-longiflorus-04.png,meadow-flower-qaa6lg,meadow-flower-qaa6lg.png,https://www.scanslibrary.com/storage/images/dLboK1hQVv7li5SubcwMkutwG0T54Q6KCWzZN4m5.png
Centranthus longiflorus,centranthus-longiflorus-05.png,meadow-flower-sxsrez,meadow-flower-sxsrez.png,https://www.scanslibrary.com/storage/images/xalJfwB0WEHYNE6JQfmmdyVmFvf7uEz8711dWxYJ.png
Centranthus longiflorus,centranthus-longiflorus-06.png,meadow-flower-t8kv4z,meadow-flower-t8kv4z.png,https://www.scanslibrary.com/storage/images/OWT5OAv8ue0NXrVPm1Pq9H7EYWczAjDgBfGnh8HJ.png
Centranthus longiflorus,centranthus-longiflorus-07.png,meadow-flower-w9p2cg,meadow-flower-w9p2cg.png,https://www.scanslibrary.com/storage/images/DuCTCDbfw6eYUdK7RqYwmwqH5RX2SoVF3k2w9qJW.png
Chorispora syriaca,chorispora-syriaca-01.png,bytnqz,bytnqz.png,https://www.scanslibrary.com/storage/images/8HKTA199uJfWLg0Wdydf1vktoF4bUMI2Rt7VcQoy.png
Chorispora syriaca,chorispora-syriaca-02.png,mvc29v,mvc29v.png,https://www.scanslibrary.com/storage/images/Fiv5Wu2rSjXdY9C08qHvw7o6YLkVqhVvkynBSRk6.png
Chorispora syriaca,chorispora-syriaca-03.png,tuu5yw,tuu5yw.png,https://www.scanslibrary.com/storage/images/07m6zGy2mnfZ403vWgn9fNdaAkX2c2bicfAWEoGm.png
Chorispora syriaca,chorispora-syriaca-04.png,x9fnfk,x9fnfk.png,https://www.scanslibrary.com/storage/images/fJ5fze8AqKz0Tk4cGuxQjpTbJNk2T1SrRHfT3tqC.png
Chorispora syriaca,chorispora-syriaca-05.png,y9tcha,y9tcha.png,https://www.scanslibrary.com/storage/images/4cFScoRm7z5a6JVwLXSj5Zzp5n2bmlnMnL8HsGP0.png
Cistus salviifolius,cistus-salviifolius-01.png,5je4eb,5je4eb.png,https://www.scanslibrary.com/storage/images/lLeZ6rfQRCmwpGYTNTfoDYoy5XqC2xDEuB598U4l.png
Cistus salviifolius,cistus-salviifolius-02.png,grzbyh,grzbyh.png,https://www.scanslibrary.com/storage/images/9jdhVSA8hm66Z6nGlTJw44NUmOVfHwemjXeJmkx1.png
Cistus salviifolius,cistus-salviifolius-03.png,gyc8fl,gyc8fl.png,https://www.scanslibrary.com/storage/images/L3s2oDDE0eBPhpGiElC6qztg3taTKqathjBOJNfR.png
Cistus salviifolius,cistus-salviifolius-04.png,l5nu8k,l5nu8k.png,https://www.scanslibrary.com/storage/images/M9UPuoe59ZatPYAQy0NPDBxURlSVRVggU8HB4rJF.png
Cistus salviifolius,cistus-salviifolius-05.png,xs8bxd,xs8bxd.png,https://www.scanslibrary.com/storage/images/tZvvvR6foaBdzsJMLCfa6NGl3hQ3NOqEVDGJlBQu.png
Convallaria majalis,convallaria-majalis-01.png,convallaria-majalis-appbbar,convallaria-majalis-appbbar.png,https://www.scanslibrary.com/storage/images/uZax3STHkehyNxX6vjhooV1Zqw4SCCqi1ELrI8sn.png
Convallaria majalis,convallaria-majalis-02.png,convallaria-majalis-qe2bk8u,convallaria-majalis-qe2bk8u.png,https://www.scanslibrary.com/storage/images/U2A35Ph0c42h2yaP62OyzTs1ox836VX0uxfbZUL3.png
Cosmos bipinnatus,cosmos-bipinnatus-01.png,uby5fp,uby5fp.png,https://www.scanslibrary.com/storage/images/RSTBFX2h01cieWmsDcWWGxmPjoNRQfPisGT8DtXE.png
Cosmos bipinnatus,cosmos-bipinnatus-02.png,wc2bdp,wc2bdp.png,https://www.scanslibrary.com/storage/images/4ug8l4xBYeBSlBZfrh6hb16BeSnHeSrAWq2glNew.png
Cyclamen coum,cyclamen-coum-01.png,6dshqa,6dshqa.png,https://www.scanslibrary.com/storage/images/OKzSLUiBawoeudpvYoqjQ1TCDP0pWa2C9rf6NXqI.png
Cyclamen coum,cyclamen-coum-02.png,d8j2py,d8j2py.png,https://www.scanslibrary.com/storage/images/b4HgDXDSg7o5G6i8W8w1MfltBdKS38Y84fdPBEjI.png
Cyclamen coum,cyclamen-coum-03.png,g99qpj,g99qpj.png,https://www.scanslibrary.com/storage/images/cpruV3MJxYWMXoHrbSemnHtkBRBLIG0bkgvbRd6z.png
Cyclamen coum,cyclamen-coum-04.png,n4bnw7,n4bnw7.png,https://www.scanslibrary.com/storage/images/nTQDuUuYAS05d2fxfqrhxZwWMFfrzN3HVAXOo5YO.png
Cyclamen coum,cyclamen-coum-05.png,t43mu9,t43mu9.png,https://www.scanslibrary.com/storage/images/s92N319P4EuIfLThBjoQUf7PVFTfGAVCMVSri3em.png
Cyclamen coum,cyclamen-coum-06.png,zccmna,zccmna.png,https://www.scanslibrary.com/storage/images/ANDurLF5Lhdjx3DtjwuiGjUzt3BPRmJNtn5AqoCf.png
Cyclamen coum / Flowers,cyclamen-coum-flowers-01.png,ae9qkk,ae9qkk.png,https://www.scanslibrary.com/storage/images/YTDQ5SExQWaIC9HkRrMtKJJFQ1oW34tCAhrNgoUV.png
Dahlia,dahlia-01.png,dahlia-2tfdwn,dahlia-2tfdwn.png,https://www.scanslibrary.com/storage/images/EtADtljkpQWkjWACxsio7FIj1V28D8OI4LvGjQBw.png
Dahlia,dahlia-02.png,dahlia-3tkxj8,dahlia-3tkxj8.png,https://www.scanslibrary.com/storage/images/abuRB1aerZt5qOj6v12FoJIoonM1a5XPaZcVsSpF.png
Dahlia,dahlia-03.png,dahlia-ctzw9u,dahlia-ctzw9u.png,https://www.scanslibrary.com/storage/images/NemOIOFofPZjeFihEPQ1coxNyJLeEpWz2DEBTMP8.png
Dahlia,dahlia-04.png,dahlia-f8xhfm,dahlia-f8xhfm.png,https://www.scanslibrary.com/storage/images/eKSGA6CEkINUQo5CMbq9qWTCYhRtV2gz274JC4pB.png
Dahlia,dahlia-05.png,dahlia-fhcqxm,dahlia-fhcqxm.png,https://www.scanslibrary.com/storage/images/HFpNWUPYyve91Ati0igGM2rYKizTQeYbTVJjIeMb.png
Dahlia,dahlia-06.png,dahlia-fjwwxa,dahlia-fjwwxa.png,https://www.scanslibrary.com/storage/images/X2ZX19iEAcmosNwzkUbGGVyHg0gDkPWVaQBxpsq7.png
Dahlia,dahlia-07.png,dahlia-m4c4sf,dahlia-m4c4sf.png,https://www.scanslibrary.com/storage/images/92jqN0EXKGjhhWbqNl6lIjUymDCzNXOtZZtuTVax.png
Dahlia,dahlia-08.png,dahlia-mbkdj9,dahlia-mbkdj9.png,https://www.scanslibrary.com/storage/images/JdJdYKTy00kBJw8XyCvEY0ANu0LfOL3wvrijsZ7h.png
Dahlia,dahlia-09.png,dahlia-mzkvmq,dahlia-mzkvmq.png,https://www.scanslibrary.com/storage/images/Djm21urDspdiQPe3zlPWPeev7KSVfWMXKd8aNrdp.png
Dahlia,dahlia-10.png,dahlia-pjbvtw,dahlia-pjbvtw.png,https://www.scanslibrary.com/storage/images/67NlCYrXAOe22UKZbIqpnq34OHrwDyRzymRlOuqq.png
Dahlia,dahlia-11.png,dahlia-wf5crr,dahlia-wf5crr.png,https://www.scanslibrary.com/storage/images/k4IyX1IESFUkzf3PNI546OVmHUGJxxuX4VGFwxOY.png
Dahlia,dahlia-12.png,dahlia-xed6ue,dahlia-xed6ue.png,https://www.scanslibrary.com/storage/images/0vAYMHMWMzmBq6I9F43al60kLAyf1CPFO2O4bk2C.png
Dahlia spp.,dahlia-spp-01.png,jsmhjd,jsmhjd.png,https://www.scanslibrary.com/storage/images/oLFZ4NFNX0jSrfVIdGrQnP26SQqbtf646bd9jdKm.png
Delphinium ajacis,delphinium-ajacis-01.png,8dv6by,8dv6by.png,https://www.scanslibrary.com/storage/images/dTSVtoF1mOypBThyG7FHzZT2HBvz7Kc79BbJJ9Ig.png
Delphinium ajacis,delphinium-ajacis-02.png,ds6yu6,ds6yu6.png,https://www.scanslibrary.com/storage/images/nAv2arVvtx6sDTKj04OdSUP85peEmKWvYiKlXHd1.png
Delphinium ajacis,delphinium-ajacis-03.png,gueggg,gueggg.png,https://www.scanslibrary.com/storage/images/BBk5g0LhfLyl4wkD3t2pLjFojdp2dQyXP5SET2Ml.png
Delphinium ajacis,delphinium-ajacis-04.png,pp893a,pp893a.png,https://www.scanslibrary.com/storage/images/pnEl3StSbIRAqTnlBtW6XupyQHY9QMq0MpcFjrdw.png
Delphinium ajacis,delphinium-ajacis-05.png,qpwnjv,qpwnjv.png,https://www.scanslibrary.com/storage/images/lMtbYWRyHAF8gAegYYtpqeEqCvXjFONzLfU6BmMC.png
Delphinium ajacis,delphinium-ajacis-06.png,tr7qzt,tr7qzt.png,https://www.scanslibrary.com/storage/images/iIu08N14Jm611X60TCrcbzEpZ1ywdWNcGlI3oyzG.png
Delphinium ajacis,delphinium-ajacis-07.png,xx3gt9,xx3gt9.png,https://www.scanslibrary.com/storage/images/jAj0sAFbjl6CH2yIU6OMH7S6kQaanwbtr6zlFMV7.png
Eriocapitella hupehensis,eriocapitella-hupehensis-01.png,eriocapitella-hupehensis,eriocapitella-hupehensis.png,https://www.scanslibrary.com/storage/images/0NYM0icUO4lHluUvyyDDnAodr5KstZL6Ze5VVbCI.png
Eriocapitella hupehensis,eriocapitella-hupehensis-02.png,eriocapitella-hupehensis-ftx54ua,eriocapitella-hupehensis-ftx54ua.png,https://www.scanslibrary.com/storage/images/HUbIVJqTYH6QFcNFjtMXXY615oLecPfpxW5ieQKR.png
Eruca vesicaria,eruca-vesicaria-01.png,4pn3dp,4pn3dp.png,https://www.scanslibrary.com/storage/images/OhvTPboQghQW45CaPU6eSeAWaPLduXB773LgfOf2.png
Eruca vesicaria,eruca-vesicaria-02.png,fppgrq,fppgrq.png,https://www.scanslibrary.com/storage/images/hO2tZZE2gx6f4kTLXrM89ngOlgls9qXHmwzHNju7.png
Eruca vesicaria,eruca-vesicaria-03.png,rapfsn,rapfsn.png,https://www.scanslibrary.com/storage/images/QXGr0m6zOw6uLu15pSThd0bhqNggAf3hIKIa1WAu.png
Eruca vesicaria,eruca-vesicaria-04.png,ypa4na,ypa4na.png,https://www.scanslibrary.com/storage/images/ZUgeaibs6M6Qww93wmGq9jcbWFF2rETtx6nwSjWv.png
Eruca vesicaria,eruca-vesicaria-05.png,zfthxw,zfthxw.png,https://www.scanslibrary.com/storage/images/0IwyLogFdmQH4myz3ZA4TnhZpwP4CeXCoJrcyAHi.png
Euryops,euryops-01.png,cbpesv,cbpesv.png,https://www.scanslibrary.com/storage/images/wdqAHe58ZjKMSw22peFCfMl4hDyvjmL3G0HQyPzH.png
Euryops,euryops-02.png,dlc7nx,dlc7nx.png,https://www.scanslibrary.com/storage/images/vVkdmsIK9lfY7ZDsccnspzGMdRmuEy45lCa2TiXT.png
Euryops,euryops-03.png,h95bcm,h95bcm.png,https://www.scanslibrary.com/storage/images/6ZMv8HTrZyXupbTVUsrlroI30X7xbEsct7TaZYuY.png
Euryops,euryops-04.png,jmjzsz,jmjzsz.png,https://www.scanslibrary.com/storage/images/8KbrYAABmMrd76rDvVr54aJ7RnFGhMaKX6dw2PaW.png
Euryops,euryops-05.png,mxyp8k,mxyp8k.png,https://www.scanslibrary.com/storage/images/09qlkVACT91ydEvjyUVY7TVDYbAKXygBXGi95JND.png
Euryops,euryops-06.png,ndbzpr,ndbzpr.png,https://www.scanslibrary.com/storage/images/qUmturi4lGBu8FGPItd9RW9OLYEDy3IpMMm0eaDM.png
Euryops,euryops-07.png,nxyned,nxyned.png,https://www.scanslibrary.com/storage/images/nRLYHwexGfdcOaoQNKAPEHOHcDbSMCkGQONNo7BL.png
Euryops pectinatus,euryops-pectinatus-01.png,ej5ct7,ej5ct7.png,https://www.scanslibrary.com/storage/images/qxcdsFxtkUdfqu2c7jCKyfxXCGf6AP9XNXQnbhsX.png
Euryops pectinatus,euryops-pectinatus-02.png,lvv7rm,lvv7rm.png,https://www.scanslibrary.com/storage/images/isAYULT3AGrbpuAMXoeCqOMRsV1USWLS7itURSkX.png
Euryops pectinatus,euryops-pectinatus-03.png,mwuywh,mwuywh.png,https://www.scanslibrary.com/storage/images/jksG9vHs2SLvr3YDGbi1Ahw647PxkDU7kr3iYK79.png
Euryops pectinatus,euryops-pectinatus-04.png,nqrrnz,nqrrnz.png,https://www.scanslibrary.com/storage/images/v7R1CnaqgSmjXckJlsjnBZQ8obJ9UYcrmmC8Lzr2.png
Gaura lindheimeri,gaura-lindheimeri-01.png,3mm9zt,3mm9zt.png,https://www.scanslibrary.com/storage/images/abc33FPNy4YIYMrXWzhqNigHE5NugzrRi6xCy8Wp.png
Gaura lindheimeri,gaura-lindheimeri-02.png,y49jgp,y49jgp.png,https://www.scanslibrary.com/storage/images/bpxDbZwuQrOsaTwPH0r1IACzGPYDxv3tWXG1FH1h.png
Gazania,gazania-01.png,4929kh,4929kh.png,https://www.scanslibrary.com/storage/images/YexnL1187WJyqlVwY9sT4mPz4CcpTqorNFVKeoDQ.png
Gazania,gazania-02.png,gazania-7rx6tx,gazania-7rx6tx.png,https://www.scanslibrary.com/storage/images/DI4g6amYMRyc7uOMxLOKsicZ2uAuPAS5Sfex6TKd.png
Gazania,gazania-03.png,gazania-harcrf,gazania-harcrf.png,https://www.scanslibrary.com/storage/images/SDyo3uVP9crNfNYKtBTwbtAixYObeWNwDo7jwTKC.png
Gazania,gazania-04.png,gazania-pva4kt,gazania-pva4kt.png,https://www.scanslibrary.com/storage/images/61heIKnGyQ2JMwKSmX0CBaKjNnD8j2iMag4Yi07q.png
Gazania,gazania-05.png,gazania-qbfsup,gazania-qbfsup.png,https://www.scanslibrary.com/storage/images/WBXIkCmhCs9zcPnBvkrlNd9EcKBnih3BcGAZ22S8.png
Gazania,gazania-06.png,latvdj,latvdj.png,https://www.scanslibrary.com/storage/images/pRRxzesst3ywGh9I1IJn7Svosbib0xgho96UXSmd.png
Gazania,gazania-07.png,u6jvhq,u6jvhq.png,https://www.scanslibrary.com/storage/images/2MaR0tX6m52JPBkWOAXUAFF35AQCbGM0PxDC2aHz.png
Glaucium corniculatum,glaucium-corniculatum-01.png,2rthzw,2rthzw.png,https://www.scanslibrary.com/storage/images/3AppndhSPNXbYTXDza56WoKb8hQOyyqQ9mEBGkoM.png
Glaucium corniculatum,glaucium-corniculatum-02.png,3vswxj,3vswxj.png,https://www.scanslibrary.com/storage/images/LouYAQn42uk8sJL0QhMtD0B4OpH72ivkQfYusVVL.png
Glaucium corniculatum,glaucium-corniculatum-03.png,7gp5jz,7gp5jz.png,https://www.scanslibrary.com/storage/images/djrWI0a7nB2wEqMOWIqhcGeNBTV2knRr4PmgYWCT.png
Glaucium corniculatum,glaucium-corniculatum-04.png,dqzac6,dqzac6.png,https://www.scanslibrary.com/storage/images/ojnL6AB3X4fqq7tJ9weYBPuIouBXdR1wTFgWmD60.png
Glaucium corniculatum,glaucium-corniculatum-05.png,mkhrcs,mkhrcs.png,https://www.scanslibrary.com/storage/images/3m3kLkPfQ1RR0MZhFT97GernZnguDYzdEwcVcovz.png
Glaucium corniculatum,glaucium-corniculatum-06.png,pdgbrv,pdgbrv.png,https://www.scanslibrary.com/storage/images/VOQElmc2BpTQDh318090hJUYbizZ23b0MAudVxKR.png
Glaucium corniculatum,glaucium-corniculatum-07.png,qu4y2w,qu4y2w.png,https://www.scanslibrary.com/storage/images/w72FUJ58DR2ZCGSCmhBQuhX06nL3Tp08fiMuIidp.png
Glaucium corniculatum,glaucium-corniculatum-08.png,rkjrqj,rkjrqj.png,https://www.scanslibrary.com/storage/images/dy65seg7cZSAUpxMCaE0tbmY59Be3t8FV8Jo7yil.png
Glaucium corniculatum,glaucium-corniculatum-09.png,szezhv,szezhv.png,https://www.scanslibrary.com/storage/images/LXHPx7H1vxPqrHtsSzCpXvCSlFGvjpDRZAQqRYqF.png
Glaucium corniculatum,glaucium-corniculatum-10.png,xsnzbg,xsnzbg.png,https://www.scanslibrary.com/storage/images/aVHVYKveRqj3noB4QdqYrFbJ2dlmdlTQbGhXq58l.png
Glaucium flavum,glaucium-flavum-01.png,glaucium-flavum-472c7b,glaucium-flavum-472c7b.png,https://www.scanslibrary.com/storage/images/QtLp5BhSZBQU9WBhlPCrVQJEwqbdAUdXkiNPfEqH.png
Glaucium flavum,glaucium-flavum-02.png,glaucium-flavum-7znuar,glaucium-flavum-7znuar.png,https://www.scanslibrary.com/storage/images/zg2t7BzCw7GkMwFMu43bT08nTkxOugQvRv3VVL3c.png
Glaucium flavum,glaucium-flavum-03.png,glaucium-flavum-83g87g,glaucium-flavum-83g87g.png,https://www.scanslibrary.com/storage/images/wQk6Zx1sQ8fp9cTjmI01xkKI8Hb6S0f1041qLxNj.png
Glaucium flavum,glaucium-flavum-04.png,glaucium-flavum-9hnv3d,glaucium-flavum-9hnv3d.png,https://www.scanslibrary.com/storage/images/bhUEQBvJyjXiLkgPv002uIYUZ46rVy8BaL2fq9pD.png
Glaucium flavum,glaucium-flavum-05.png,glaucium-flavum-qwjsw7,glaucium-flavum-qwjsw7.png,https://www.scanslibrary.com/storage/images/5mrfPeDPadihraI2a2yhE6OwenkQZokRgtnbgbv1.png
Glaucium flavum,glaucium-flavum-06.png,glaucium-flavum-qzqmbp,glaucium-flavum-qzqmbp.png,https://www.scanslibrary.com/storage/images/Z4OedD4xUEx85vH5Wy2b1ZyEUWVU7jMOYl3aEHwP.png
Glaucium flavum,glaucium-flavum-07.png,glaucium-flavum-xhgnt7,glaucium-flavum-xhgnt7.png,https://www.scanslibrary.com/storage/images/Q34hrJGoltjyJene5b21cGg2pqJspj0MRiwU88Zp.png
Glaucium flavum,glaucium-flavum-08.png,glaucium-flavum-ybfrrr,glaucium-flavum-ybfrrr.png,https://www.scanslibrary.com/storage/images/KVgOoFb6RIn4Nco62eC99F04nNog4QXZuRUuAIg9.png
Glaucium flavum,glaucium-flavum-09.png,glaucium-flavum-zgpsxj,glaucium-flavum-zgpsxj.png,https://www.scanslibrary.com/storage/images/Cjwp5ZkS7hrVPsXQjheI96IGYkSw030cQeCHhxuj.png
Glaucium flavum,glaucium-flavum-10.png,jrnuas,jrnuas.png,https://www.scanslibrary.com/storage/images/bvUilYEVav0kTidoLXUSTT1yxFtldIqTGwOfnjs9.png
Glaucium flavum,glaucium-flavum-11.png,raqa5h,raqa5h.png,https://www.scanslibrary.com/storage/images/HA6DwExOtvvwJKWs54Ig9fw0OqkhBs3V7wb2OkyC.png
Glaucium flavum,glaucium-flavum-12.png,y95xph,y95xph.png,https://www.scanslibrary.com/storage/images/5nwcOzTW5XhW2pLsT3sVz230HqgoPxe7CdAitv4p.png
Helenium,helenium-01.png,helenium-cmdvht,helenium-cmdvht.png,https://www.scanslibrary.com/storage/images/8eqqakQy7oV8dlljnnkJNrstnWaB5raeNy4N6HnK.png
Helenium,helenium-02.png,helenium-nebjgm,helenium-nebjgm.png,https://www.scanslibrary.com/storage/images/U7P8gNAuinE9cJ4nJqbZ6Hx7VQcMiBhor0zMrEBy.png
Helenium,helenium-03.png,helenium-sln749,helenium-sln749.png,https://www.scanslibrary.com/storage/images/xpLBjo6mc09RZ0YbDmUEfwDmWdY0br3BSieZsXu2.png
Helianthus annuus,helianthus-annuus-01.png,8ayx9n,8ayx9n.png,https://www.scanslibrary.com/storage/images/1eiIVY1FFZp5EQ7OvtWBee8LWqSRJmJIW9Qq4sh3.png
Hibiscus rosa sinensis,hibiscus-rosa-sinensis-01.png,ppp6jc,ppp6jc.png,https://www.scanslibrary.com/storage/images/YsdYz0rHzPQD5XBCKvO5PXuxo9NGKwJNsBT6xtC6.png
Hibiscus syriacus,hibiscus-syriacus-01.png,alcea-rosea-hvyuxg,alcea-rosea-hvyuxg.png,https://www.scanslibrary.com/storage/images/J1UwVijdoedoHH8UAhlTqP6oxzfuBFKytyauyjAC.png
Hibiscus syriacus,hibiscus-syriacus-02.png,alcea-rosea-nkgduu,alcea-rosea-nkgduu.png,https://www.scanslibrary.com/storage/images/FEsYGqGv5BkK4xmSMrwUOaBS0JL1TkkRSBKkC7CD.png
Hibiscus syriacus,hibiscus-syriacus-03.png,alcea-rosea-vjbb9m,alcea-rosea-vjbb9m.png,https://www.scanslibrary.com/storage/images/WKYzeXRXpHkO3HTlszbZLkdO42PoUDz3I4mbvwVt.png
Hibiscus syriacus,hibiscus-syriacus-04.png,alcea-rosea-vnkv4c,alcea-rosea-vnkv4c.png,https://www.scanslibrary.com/storage/images/m2ClMYrJd34r5ayPHtwuIPi4XC7OrfSCqD8CNNZP.png
Hibiscus syriacus,hibiscus-syriacus-05.png,cefd3u,cefd3u.png,https://www.scanslibrary.com/storage/images/6SeD6C1tXGCQbATlFzXzIAJawfbaadhNYcDs5STs.png
Hibiscus syriacus,hibiscus-syriacus-06.png,hrwhgv,hrwhgv.png,https://www.scanslibrary.com/storage/images/f2WHpGdm3ZmjfvHVSFuqHWh56xcVK3nRcaCm0kDo.png
Hibiscus syriacus,hibiscus-syriacus-07.png,ntcca8,ntcca8.png,https://www.scanslibrary.com/storage/images/7WlBPQzxyElkgeRzfgleVOpr0soLIsLIIzyjhN6f.png
Hosta capitata,hosta-capitata-01.png,hosta-capitata-pv3sgw,hosta-capitata-pv3sgw.png,https://www.scanslibrary.com/storage/images/9DILlWqWI1W50CeUx9ULiP2s2Bt6AM3TPeqJLRes.png
Hosta ventricosa,hosta-ventricosa-01.png,hosta-ventricosa-fdnudu,hosta-ventricosa-fdnudu.png,https://www.scanslibrary.com/storage/images/h9JtPrbT95ATcpYreU5H0wdOs54Y7rS4Bp7thsBT.png
Houttuynia cordata,houttuynia-cordata-01.png,houttuynia-cordata-ta5hze,houttuynia-cordata-ta5hze.png,https://www.scanslibrary.com/storage/images/FWyPRm8w13HDD7WkKqRWBq2jcCYdsIDay1v1Y8kA.png
Hyacinthus orientalis,hyacinthus-orientalis-01.png,hyacinthus-orientalis-fqrqqj2,hyacinthus-orientalis-fqrqqj2.png,https://www.scanslibrary.com/storage/images/aQPKgYT8SlOqbxih2yhbLBjJIN2UsZXA6rNdurbh.png
Hyacinthus orientalis,hyacinthus-orientalis-02.png,hyacinthus-orientalis-p4vujvh,hyacinthus-orientalis-p4vujvh.png,https://www.scanslibrary.com/storage/images/bENX8iZ33sLKzarJwoeURvFivjYZE32hz9v0KIWZ.png
Hydrangea macrophylla,hydrangea-macrophylla-01.png,am2axx,am2axx.png,https://www.scanslibrary.com/storage/images/GV6Ewzqs2W4DbFtiFvdMGORw6zGVQTU5CcakP5j8.png
Hydrangea macrophylla,hydrangea-macrophylla-02.png,ccq9rv,ccq9rv.png,https://www.scanslibrary.com/storage/images/D5nS135Wn7xOA2UrS45P1kUDjVxjg559JjunoIrO.png
Hydrangea macrophylla,hydrangea-macrophylla-03.png,hydrangea-macrophylla-9zqhkz,hydrangea-macrophylla-9zqhkz.png,https://www.scanslibrary.com/storage/images/ZPkAdXKUlWXiFWG6MI9yuTfkRNlATnaApJUOhuPr.png
Hydrangea macrophylla,hydrangea-macrophylla-04.png,hydrangea-macrophylla-afvkcz,hydrangea-macrophylla-afvkcz.png,https://www.scanslibrary.com/storage/images/CPBMAJ0yx75bbT7RIi2OJ5yYXVfrxqDEF2XvBRhr.png
Hydrangea macrophylla,hydrangea-macrophylla-05.png,hydrangea-macrophylla-e7e26z,hydrangea-macrophylla-e7e26z.png,https://www.scanslibrary.com/storage/images/RdSRvuaI9hshOABCMPKKWUF0H2ULm2xn1Z5VcODj.png
Hydrangea macrophylla,hydrangea-macrophylla-06.png,hydrangea-macrophylla-k7xavv,hydrangea-macrophylla-k7xavv.png,https://www.scanslibrary.com/storage/images/pYk9sHDkOSNUpwTLDOnvjbdZmBYj4yOb5zix5dBq.png
Hydrangea macrophylla,hydrangea-macrophylla-07.png,hydrangea-macrophylla-qagmwt,hydrangea-macrophylla-qagmwt.png,https://www.scanslibrary.com/storage/images/q9qTqImYAyXIQJmEe2Tm5oLQosFaDuIgMAOI1HhE.png
Hydrangea macrophylla,hydrangea-macrophylla-08.png,hydrangea-macrophylla-wphy76,hydrangea-macrophylla-wphy76.png,https://www.scanslibrary.com/storage/images/vkG28pmDWeOxQ9toXcGp9oHRdSFpbIOFrRKqYqPY.png
Hydrangea macrophylla,hydrangea-macrophylla-09.png,hydrangea-macrophylla-y8v9pv,hydrangea-macrophylla-y8v9pv.png,https://www.scanslibrary.com/storage/images/xARRhQ6SGPja65DmP6r3KCLWWUUcfyi1xUj8Z1U2.png
Hydrangea macrophylla,hydrangea-macrophylla-10.png,mautsu,mautsu.png,https://www.scanslibrary.com/storage/images/hCkKWg0zWV0AmZs0LeY2lyMZwfllXn92yjrEduDi.png
Hydrangea macrophylla,hydrangea-macrophylla-11.png,navzwc,navzwc.png,https://www.scanslibrary.com/storage/images/9Ip5TLrM75cbVtJArytWCP6o9cqSK0B3HNlpkwkg.png
Hydrangea macrophylla,hydrangea-macrophylla-12.png,puwvhg,puwvhg.png,https://www.scanslibrary.com/storage/images/toRiHr7X3XCcUg8itk89Nh8lLShmgcgJrtr8GpAe.png
Hydrangea macrophylla,hydrangea-macrophylla-13.png,rmkrtn,rmkrtn.png,https://www.scanslibrary.com/storage/images/LWWcebhc4EqeBP8wxacHaRXdYMfC18yrDizCdNie.png
Hydrangea macrophylla,hydrangea-macrophylla-14.png,ucnfdf,ucnfdf.png,https://www.scanslibrary.com/storage/images/ayqh4ZvnnjRMLe2op5gndfPWCfXQIsdMIw51HZZ7.png
Hydrangea macrophylla,hydrangea-macrophylla-15.png,wypaxh,wypaxh.png,https://www.scanslibrary.com/storage/images/pAOf5Xqfv45TqHFUm6zx9zNctavIVMFvGq8jPjYI.png
Hydrangea macrophylla,hydrangea-macrophylla-16.png,xcd5lj,xcd5lj.png,https://www.scanslibrary.com/storage/images/hE4VihzOPzvnGEqWeRSQHhhQqSj7WWldnPAiTbcW.png
Hydrangea macrophylla 0 Cr,hydrangea-macrophylla-0-cr-01.png,lr7mx9,lr7mx9.png,https://www.scanslibrary.com/storage/images/q47tQIpA9NK9Ejz26hZkuGdu5buaLraWYmsImcNR.png
Impatients Hybrid,impatients-hybrid-01.png,my3udk,my3udk.png,https://www.scanslibrary.com/storage/images/e0ZVJTbn4woah3GclCqHnIySmv78in9HkfOxPNQU.png
Impatients Hybrid,impatients-hybrid-02.png,sm4m38,sm4m38.png,https://www.scanslibrary.com/storage/images/WZTRyEMddpJr5nOhMevWp18PMZqDz9NMuTA9OPTx.png
Ipomoea purpurea,ipomoea-purpurea-01.png,morning-glory-7ty2yrg,morning-glory-7ty2yrg.png,https://www.scanslibrary.com/storage/images/etVHyFKGYX4tVVPWu22ZeIw6S1cKMvpeoMZBlheI.png
Iris pseudacorus,iris-pseudacorus-01.png,brt3sc,brt3sc.png,https://www.scanslibrary.com/storage/images/qbr56ojEMm9AkrhHhztc0ObylBkyRvUVGUdt0qPv.png
Iris pseudacorus,iris-pseudacorus-02.png,gbpb68,gbpb68.png,https://www.scanslibrary.com/storage/images/o5OrOYwK9sUNHsoPUVxnoDju8ceqbdkoBuUCizPg.png
Isatis tinctoria,isatis-tinctoria-01.png,awgnya,awgnya.png,https://www.scanslibrary.com/storage/images/Liz6usQkWPdqU8VoqqC8EgNEfF9wPOPKYmMtEZd6.png
Isatis tinctoria,isatis-tinctoria-02.png,kmryeb,kmryeb.png,https://www.scanslibrary.com/storage/images/WSNKeOntMQbtNIOjP0Oir4b0qunTgzGDQ0sEIzo4.png
Isatis tinctoria,isatis-tinctoria-03.png,qwgvwq,qwgvwq.png,https://www.scanslibrary.com/storage/images/q0o0m7I0G8w9Ch2w6T7dZSX1eRXi89vkDImmHML2.png
Isatis tinctoria,isatis-tinctoria-04.png,vw3cd3,vw3cd3.png,https://www.scanslibrary.com/storage/images/cU5UDMVdZGnxSpMyOauo4HUkVtkQQm7mSimtY6iJ.png
Isatis tinctoria,isatis-tinctoria-05.png,x6g2ns,x6g2ns.png,https://www.scanslibrary.com/storage/images/i4FE1BvoTZOeQuzFdUczAruXDMYp3YNs1dojHIwU.png
Isatis tinctoria,isatis-tinctoria-06.png,xtuj42,xtuj42.png,https://www.scanslibrary.com/storage/images/yu5ZHZEgD588r6NsnM7UutA8qYdvZnQe0NZTGvzI.png
Lantana camara,lantana-camara-01.png,drp2xj,drp2xj.png,https://www.scanslibrary.com/storage/images/eTaQ3j5RL7YtV5lptQwgsSeilbge6MRVixRykXDe.png
Lantana camara,lantana-camara-02.png,v3emrh,v3emrh.png,https://www.scanslibrary.com/storage/images/YZt7OdvIcrPjZ1bTTtLqqWjZoOIUTkovp6glccoQ.png
Lantana camara,lantana-camara-03.png,wusbh4,wusbh4.png,https://www.scanslibrary.com/storage/images/szp9t06feJN0RbDa6zZnmL6byn3Q1rhCJx8kGarh.png
Lantana camara,lantana-camara-04.png,ypqqma,ypqqma.png,https://www.scanslibrary.com/storage/images/olzQCvOajowcGKYMrWY9ffNYg5DccpOOy0hl0UC3.png
Lavandula stoechas,lavandula-stoechas-01.png,jbtahx,jbtahx.png,https://www.scanslibrary.com/storage/images/3tm1E9wSyjaLGjdoDp8ZsUiWAdJv8VM2cYK3OLTf.png
Lavandula stoechas,lavandula-stoechas-02.png,vnhegj,vnhegj.png,https://www.scanslibrary.com/storage/images/oVcqCa6NOd8cGMZoRdyX6Mc3RZEnILCqy365noSk.png
Limonium gmelinii (Flower),limonium-gmelinii-flower-01.png,limonium-gmelinii-flower-kfxetu,limonium-gmelinii-flower-kfxetu.png,https://www.scanslibrary.com/storage/images/C1oyO2yIBoBYKJyt3f30IEey1V0FfdNVGsNM38uE.png
Lonicera caprifolium,lonicera-caprifolium-01.png,bpksza,bpksza.png,https://www.scanslibrary.com/storage/images/N0VN7twsiCYqbhuRvr8gRFIROVeW1DwkDIouFV6M.png
Lonicera caprifolium,lonicera-caprifolium-02.png,dy9xwr,dy9xwr.png,https://www.scanslibrary.com/storage/images/Zgj7BsOMYObhpGEwE5WRmTCiCiMc7fyGceRYhDHe.png
Lonicera caprifolium,lonicera-caprifolium-03.png,jtefbt,jtefbt.png,https://www.scanslibrary.com/storage/images/PUk5pMueSDpk32BATLmHaHLwUFXRgCvC1HnwHAmg.png
Lonicera caprifolium,lonicera-caprifolium-04.png,mepk6y,mepk6y.png,https://www.scanslibrary.com/storage/images/BD1aQOU0G84hM4taCS0h5A7UGPeGuyGJSE6sxGn7.png
Lonicera Japonica,lonicera-japonica-01.png,jwn68f,jwn68f.png,https://www.scanslibrary.com/storage/images/ds30iCShtpKkLoDktA88grjnv5LrNRMJqkYHCLGZ.png
Lotus corniculatus,lotus-corniculatus-01.png,b6wwtc,b6wwtc.png,https://www.scanslibrary.com/storage/images/2oAPqWhjqWAuQO3K9UDJs0roffJsl0r2h3VCPHyf.png
Lotus corniculatus,lotus-corniculatus-02.png,ecxwvv,ecxwvv.png,https://www.scanslibrary.com/storage/images/AasXJ8nMEKf1Kbs9nVrNMomERvSmYFDAeRAY5GC4.png
Malva setigera,malva-setigera-01.png,4bkda5,4bkda5.png,https://www.scanslibrary.com/storage/images/PYNZZ0Fek8DllDL5FQWO9l05s2Tw9Zxmo9vgSGGT.png
Malva setigera,malva-setigera-02.png,69twhy,69twhy.png,https://www.scanslibrary.com/storage/images/AwOKiHsyIypfGwpKXUfDSia0xKuCu1sY4A3Eqh3c.png
Malva setigera,malva-setigera-03.png,pr9jfv,pr9jfv.png,https://www.scanslibrary.com/storage/images/hzkugBp0agx36J3B8vtW0X6g8Dgb9maZcr6rxKf0.png
Malva setigera,malva-setigera-04.png,qae377,qae377.png,https://www.scanslibrary.com/storage/images/meRl4YV7yhN46xun94NC5wlriOzw0ZqFN7RpLhc3.png
Malva setigera,malva-setigera-05.png,ygkpwa,ygkpwa.png,https://www.scanslibrary.com/storage/images/ZxAITKkkShWfedg72502rN482RlDPwoemlkG82pJ.png
Malva sylvestris,malva-sylvestris-01.png,d9k8c3,d9k8c3.png,https://www.scanslibrary.com/storage/images/rY0UCIB05p2emQd01eYmkNAoOTFiN7DCoAzk3at9.png
Malva sylvestris,malva-sylvestris-02.png,tjcjjh,tjcjjh.png,https://www.scanslibrary.com/storage/images/QXsmZN90mh46zS6tTBi3lqDH0H1IiE8QGVoYGk9M.png
Malva sylvestris,malva-sylvestris-03.png,zr55zd,zr55zd.png,https://www.scanslibrary.com/storage/images/jpFmTzCypzWY0aRHseJ7i5sUVCc5AtEyFuhIPKIy.png
Mandevilla,mandevilla-01.png,h5wkha,h5wkha.png,https://www.scanslibrary.com/storage/images/Pwy9eOddm04rxcXZJvhclt08P89mUPBMd6teDMNb.png
Mandevilla,mandevilla-02.png,xpxbdx,xpxbdx.png,https://www.scanslibrary.com/storage/images/uLQpL8G7B4lvEEmv8Dw21NaKjZ3RyirECayYQ8eT.png
Mandevilla,mandevilla-03.png,ztb8ve,ztb8ve.png,https://www.scanslibrary.com/storage/images/fHlT1C1Ntk1YlX9d6MrrdX2pvEXqhno3HLblVeX5.png
Matricaria chamomilla,matricaria-chamomilla-01.png,3ptqqm-2,3ptqqm-2.png,https://www.scanslibrary.com/storage/images/kK2z4eNd6jDiUSVX9LwJA2YWZ1bAhCNQzjxiwUsC.png
Matricaria chamomilla,matricaria-chamomilla-02.png,8hhygm,8hhygm.png,https://www.scanslibrary.com/storage/images/qmA8GF2UASWvio5ILPfA4oP9ExGwhsji8KyrhPUR.png
Matricaria chamomilla,matricaria-chamomilla-03.png,bbzgry,bbzgry.png,https://www.scanslibrary.com/storage/images/XPPl8ZlMcJGUP1uIUQEazvmXpOU7H7dvPH0ZifI1.png
Matricaria chamomilla,matricaria-chamomilla-04.png,cvt9ky,cvt9ky.png,https://www.scanslibrary.com/storage/images/DkGjAwYB4AgrNBiNtRnQbl8fuNaesdWFjkgcgQEh.png
Matricaria chamomilla,matricaria-chamomilla-05.png,matricaria-chamomilla-2pcn9xj,matricaria-chamomilla-2pcn9xj.png,https://www.scanslibrary.com/storage/images/9Sc8mDKXxPI1t3aASAUwR1NQO8jugrOr5i8mVeFb.png
Matricaria chamomilla,matricaria-chamomilla-06.png,matricaria-chamomilla-4kq2h9p,matricaria-chamomilla-4kq2h9p.png,https://www.scanslibrary.com/storage/images/aqC0V4K1OMya1rqfIe9aRjw9mKhqLdQHpYoichlr.png
Matricaria chamomilla,matricaria-chamomilla-07.png,matricaria-chamomilla-mjwexry,matricaria-chamomilla-mjwexry.png,https://www.scanslibrary.com/storage/images/lL6WNThmVNRkfbFDK3dHXKCL9L5VblmyIrqOOVSy.png
Matricaria chamomilla,matricaria-chamomilla-08.png,matricaria-chamomilla-pesqpne,matricaria-chamomilla-pesqpne.png,https://www.scanslibrary.com/storage/images/az2ictFDt2t54rbdNwXUwK5TjaMGgTuUiYUOFtzG.png
Matricaria chamomilla,matricaria-chamomilla-09.png,njbmcw,njbmcw.png,https://www.scanslibrary.com/storage/images/sH9TZ9PMaUL8ICpQH8UGX6vOYBHE8y0wVPXvVMd9.png
Matricaria chamomilla,matricaria-chamomilla-10.png,xdpncd,xdpncd.png,https://www.scanslibrary.com/storage/images/aKfQVuDqWJoRA09ZVLcHi4x2ZacxmSgKqyvaiFUY.png
Matricaria chamomilla,matricaria-chamomilla-11.png,zzhfsc,zzhfsc.png,https://www.scanslibrary.com/storage/images/wkawGhpkZIVrKnrSOpBDxBCe05D4wvpCMTKSmMPf.png
Matricaria chamomilla - Yellow,matricaria-chamomilla-yellow-01.png,ghchbp,ghchbp.png,https://www.scanslibrary.com/storage/images/yBVfVDMXOOomJzQtzN5e0yfYOoaAjcE53uNv6QCF.png
Matricaria chamomilla - Yellow,matricaria-chamomilla-yellow-02.png,lbrdne,lbrdne.png,https://www.scanslibrary.com/storage/images/AdTMzmxSNAfMNjMRFW2tLdnui6gFZnmHvutH8oQf.png
Meadow Flower,meadow-flower-01.png,ccnkwl,ccnkwl.png,https://www.scanslibrary.com/storage/images/0Exbdh5tjsYPiX9MtPkugelFYm3O0CGg1chItQO9.png
Meadow Flower,meadow-flower-02.png,meadow-flower-adrn7w,meadow-flower-adrn7w.png,https://www.scanslibrary.com/storage/images/jN67jIj677Je3fuaj3sDaY7tMj7cEfTi5eag6ECv.png
Meadow Flower,meadow-flower-03.png,meadow-flower-d3nskn,meadow-flower-d3nskn.png,https://www.scanslibrary.com/storage/images/OlqXLg47bdS23keDSTZBPoyaYw6RJ3L8kUkJqfvF.png
Meadow Flower,meadow-flower-04.png,meadow-flower-h9zew9,meadow-flower-h9zew9.png,https://www.scanslibrary.com/storage/images/An3clX82FcdQmAeZrZZfDKvkQxU4KFh7O6WR9CHi.png
Meadow Flower,meadow-flower-05.png,meadow-flower-nm2a5y,meadow-flower-nm2a5y.png,https://www.scanslibrary.com/storage/images/L2KKG3zn59XYvQfI0DhNhMnKS2jk8QZxjFTzrjNN.png
Meadow Flower,meadow-flower-06.png,meadow-flower-ze2car,meadow-flower-ze2car.png,https://www.scanslibrary.com/storage/images/rErcjbIqHIxYqBHvg1NsMK2RiufqeqHmvg7eFXlk.png
Meadow Flower,meadow-flower-07.png,muebv6,muebv6.png,https://www.scanslibrary.com/storage/images/Rg7C80vmi88DMZ4JIRJhMP5kVc5ysmWXUAmE669m.png
Meadow Flower,meadow-flower-08.png,swpqcu,swpqcu.png,https://www.scanslibrary.com/storage/images/dsMVrtFfrRPyZlLoJOxEx7vwunvBOVQAMHYjifeG.png
Melilotus officinalis,melilotus-officinalis-01.png,6apaqh,6apaqh.png,https://www.scanslibrary.com/storage/images/d89vXLqgNrbh6ULyStlEyxqBecamN9AuPdYijuoG.png
Melilotus officinalis,melilotus-officinalis-02.png,cbtl8c,cbtl8c.png,https://www.scanslibrary.com/storage/images/xb5dl21jAIDGIk1Qv3lbHUfxw5zluCat9DA4xPCp.png
Melilotus officinalis,melilotus-officinalis-03.png,dgxtrv,dgxtrv.png,https://www.scanslibrary.com/storage/images/8MvmrWumlLD8QWaAGCOCagT5j72oYeEYxKjnOooN.png
Melilotus officinalis,melilotus-officinalis-04.png,kqpncb,kqpncb.png,https://www.scanslibrary.com/storage/images/yRZ7PwF4MOcWrlxwXUi2jJrAnAr4eDGWnFz70ZIC.png
Melilotus officinalis,melilotus-officinalis-05.png,tp8szn,tp8szn.png,https://www.scanslibrary.com/storage/images/pCOKEI2rWTIdh5uwsHHyOCLf8nnAmEGFiwcMgxmh.png
Morning glory,morning-glory-01.png,morning-glory-jz53qs,morning-glory-jz53qs.png,https://www.scanslibrary.com/storage/images/PRF35gAGo35o97MH4zn9WAhIOzU4ApUuKcgh6dSz.png
Musa Seed/Flower,musa-seed-flower-01.png,qa2tdg,qa2tdg.png,https://www.scanslibrary.com/storage/images/nWgtmttmF0A4BfuGvTVr2XSwk1JiGo68gAxpRUS8.png
Narcissus poeticus,narcissus-poeticus-01.png,narcissus-poeticus-btxrrak,narcissus-poeticus-btxrrak.png,https://www.scanslibrary.com/storage/images/nx11sPilpBDZCpk9O10GsCYxpuIoXaNIqIwXhmpS.png
Nerium oleander,nerium-oleander-01.png,4dbawa,4dbawa.png,https://www.scanslibrary.com/storage/images/XaYhhrwW82aY1BqiZ6coCWY8bHUfJ04HpuARlC7M.png
Nerium oleander,nerium-oleander-02.png,ljlnyr,ljlnyr.png,https://www.scanslibrary.com/storage/images/7ObrcYkpz6HRpNSn8C4aHHhHVwuLkXNXXV67Mm0O.png
Nerium oleander,nerium-oleander-03.png,nvljhy,nvljhy.png,https://www.scanslibrary.com/storage/images/4W8vixsBE50Rxps6p2cRGVVttN4KFc9PTPCzl462.png
Nerium oleander,nerium-oleander-04.png,wgr5f6,wgr5f6.png,https://www.scanslibrary.com/storage/images/OwrwnM0zBAXR1rWD7bqOXTlCvD2spyC0HUsPUzrH.png
Nerium oleander,nerium-oleander-05.png,ztjvkl,ztjvkl.png,https://www.scanslibrary.com/storage/images/VkiUFLI9cJxo0NlkrLLR6t9zfZZp89Tqjk3Gm658.png
Nerium oleander 0 Cr,nerium-oleander-0-cr-01.png,blgrjj,blgrjj.png,https://www.scanslibrary.com/storage/images/2fT37sSaA3Kvz5G8NY7WFAnKUWgAp8xP96Tc9Nqe.png
Nymphaea,nymphaea-01.png,nymphaea-vr8q2x,nymphaea-vr8q2x.png,https://www.scanslibrary.com/storage/images/W2PyNg7hH361BkgW0EWcWkECGm001SC5ygrWLVsK.png
Onobrychis arenaria,onobrychis-arenaria-01.png,87q4vw,87q4vw.png,https://www.scanslibrary.com/storage/images/VWqR2ULe6iXkDNZdX0W2Fn7je9hvirAvEig1WMMc.png
Onobrychis arenaria,onobrychis-arenaria-02.png,wcmun6,wcmun6.png,https://www.scanslibrary.com/storage/images/QJh6WdndxQJbgatoD9msmWAvEfM2AFXbPM0a6eqo.png
Osteospermum,osteospermum-01.png,uun8dg,uun8dg.png,https://www.scanslibrary.com/storage/images/aEbzDmtifDu87O7Y9JLdKZydXz7C689zY4aLl4EE.png
Osteospermum,osteospermum-02.png,wg56a7,wg56a7.png,https://www.scanslibrary.com/storage/images/BZ9ix5sum1XFAACmn4iOXTxK0bPQIJbhR69wlSIO.png
Papaver rhoeas,papaver-rhoeas-01.png,3wtevr,3wtevr.png,https://www.scanslibrary.com/storage/images/F9ebnjIjCInOl297iUkc0F2o8OF4Gzqlg7X1LPp2.png
Papaver rhoeas,papaver-rhoeas-02.png,7dwf3q,7dwf3q.png,https://www.scanslibrary.com/storage/images/O0BpwiWoVtioym42Yp0R7VhIj6hZ8hXP3p19f8le.png
Papaver rhoeas,papaver-rhoeas-03.png,a3g3cb,a3g3cb.png,https://www.scanslibrary.com/storage/images/eHuWZ1TOKQlAOV2Txs6eDgojE47qqpYB89wtS4jR.png
Papaver rhoeas,papaver-rhoeas-04.png,bsv6te,bsv6te.png,https://www.scanslibrary.com/storage/images/2QZrlhBabbmbB2RTHkgOT7iN8PcKTS6LjHHy47yz.png
Papaver rhoeas,papaver-rhoeas-05.png,haavsq,haavsq.png,https://www.scanslibrary.com/storage/images/Bh7xiCPGUL4J0MeKKf0GZKy9TiWTcEciJKKXKp6n.png
Papaver rhoeas,papaver-rhoeas-06.png,knu6gz,knu6gz.png,https://www.scanslibrary.com/storage/images/E2IO9wFwNsrwvs2d42UX9gCqciGK3S46D4DEHvjg.png
Papaver rhoeas,papaver-rhoeas-07.png,pv9l7e,pv9l7e.png,https://www.scanslibrary.com/storage/images/yrlhjMJPZm1g1jPEqySufbqAm5wgjx9go1MjBPKI.png
Papaver rhoeas,papaver-rhoeas-08.png,rn4vxt,rn4vxt.png,https://www.scanslibrary.com/storage/images/5kb4oNUmckKoaAcAYMX51QoRciC6NJvd3REV2T8u.png
Papaver rhoeas,papaver-rhoeas-09.png,rxd7pj,rxd7pj.png,https://www.scanslibrary.com/storage/images/sePqidaFpoM3WCMIhc8CznegDAvVPa9D2j256tzk.png
Papaver rhoeas,papaver-rhoeas-10.png,tns5k8,tns5k8.png,https://www.scanslibrary.com/storage/images/1FcnxOSLfnwJdrsDvEPy34377CwG4ZR1dmbbLwNC.png
Papaver rhoeas,papaver-rhoeas-11.png,unskq7,unskq7.png,https://www.scanslibrary.com/storage/images/YpSczbtFhfUUF2KLJ3FJzvDjT6EN3ZoG8Lm0QUWp.png
Papaver rhoeas,papaver-rhoeas-12.png,v8uqxk,v8uqxk.png,https://www.scanslibrary.com/storage/images/tAzG7OLSgOYBNE5CWGwhNFDLEDGSpnBzJFwgtj0l.png
Papaver rhoeas,papaver-rhoeas-13.png,vcjsbk,vcjsbk.png,https://www.scanslibrary.com/storage/images/YuQz8Y0MHyNouuPoAOvpmdYYuMTPYQNKsD1AYVZv.png
Papaver rhoeas,papaver-rhoeas-14.png,vu4r34,vu4r34.png,https://www.scanslibrary.com/storage/images/SLVC2Pd1zKt84lRV9NR0niMTnFCKwpw8kTraN5sH.png
Papaver rhoeas,papaver-rhoeas-15.png,wbv8ym,wbv8ym.png,https://www.scanslibrary.com/storage/images/9cv9kXX4TIlSyDWEwYjIIKQKO0NZrHMAR0Zn4wzG.png
Papaver rhoeas,papaver-rhoeas-16.png,wnxsax,wnxsax.png,https://www.scanslibrary.com/storage/images/UhO57CBUU7ma0QVWsAsS5iNrcdrWb5F5aawP3Z8R.png
Papaver rhoeas,papaver-rhoeas-17.png,xejgtb,xejgtb.png,https://www.scanslibrary.com/storage/images/sFrJIvk8iInftC5HJzicQr1SITCnN625Pxi9DgCx.png
Papaver rhoeas,papaver-rhoeas-18.png,xyzv3c,xyzv3c.png,https://www.scanslibrary.com/storage/images/6HohLmPpqmebr0AZ2lOWQv4Fzw8jCoTCVFomxVft.png
Papaver rhoeas,papaver-rhoeas-19.png,yxfwy9,yxfwy9.png,https://www.scanslibrary.com/storage/images/f0y6dQ65zxImN3oKkEBZuLnR14g1TRqVFlASoidb.png
Papaver rhoeas 0 Cr,papaver-rhoeas-0-cr-01.png,dbtm2q,dbtm2q.png,https://www.scanslibrary.com/storage/images/v0AhEt1oEuuEXYnHTnD8ianlvBFYrB0AsdO2Idow.png
Pelargonium domesticum,pelargonium-domesticum-01.png,6bhplr,6bhplr.png,https://www.scanslibrary.com/storage/images/MRAVCUSZgDiVvdJUfmtOErN2kWs2sfbyhQ71aikA.png
Pelargonium domesticum,pelargonium-domesticum-02.png,ga3ec7,ga3ec7.png,https://www.scanslibrary.com/storage/images/gPOMOLRsC7CBINrBzSfJZBF93FuLiiMxtlnmoaQA.png
Pelargonium domesticum,pelargonium-domesticum-03.png,hxp23t,hxp23t.png,https://www.scanslibrary.com/storage/images/hQI9h1LPFREAr7duYsKoGpAPze0T5nSA8YZxJgw9.png
Pelargonium domesticum,pelargonium-domesticum-04.png,qneefp,qneefp.png,https://www.scanslibrary.com/storage/images/GAJ8jtp08maRmCQEhQmdXbSr2BSu5jRJ93N9JxPQ.png
Pelargonium domesticum,pelargonium-domesticum-05.png,sqsewd,sqsewd.png,https://www.scanslibrary.com/storage/images/jRwZIDojxYUHrCQOjYuOAkEL5TmJwRQO2y0acSh7.png
Pelargonium domesticum,pelargonium-domesticum-06.png,ynd6xm,ynd6xm.png,https://www.scanslibrary.com/storage/images/TJYKOLx4BKN2NkKukZ3K6Ietc8jRuBKLi8Lq9vTq.png
Pelargonium domesticum,pelargonium-domesticum-07.png,yy7fgq,yy7fgq.png,https://www.scanslibrary.com/storage/images/Xi8Ah4UQYB3pn9Ycm5S45TshHmVLAPn2CpdMsMNb.png
Pelargonium domesticum,pelargonium-domesticum-08.png,yypwqa,yypwqa.png,https://www.scanslibrary.com/storage/images/PKttZpAatIabLCBzeJOITlnNkUH4aQweuB7f7iHK.png
Persicaria affinis,persicaria-affinis-01.png,persicaria-affinis-aay5fx5,persicaria-affinis-aay5fx5.png,https://www.scanslibrary.com/storage/images/IfpZQyvSkzLu0nY6mm4RG4alMuLWXMmGvXRvq4S8.png
Persicaria affinis,persicaria-affinis-02.png,persicaria-affinis-sjcdqte,persicaria-affinis-sjcdqte.png,https://www.scanslibrary.com/storage/images/oZGkaw5cUDpW2c3l8xU7Svvh8y4aFGocr3VhudZk.png
Petunia,petunia-01.png,2ncdsk,2ncdsk.png,https://www.scanslibrary.com/storage/images/HHX5LInyMGpmArbwZ3GKKo8kEZiSO3aAIgK1dYdb.png
Petunia,petunia-02.png,2tpckp,2tpckp.png,https://www.scanslibrary.com/storage/images/qM0FsfP3trCYjXhPZXzIpMpXIStBtMW9xVoHwdus.png
Petunia,petunia-03.png,3sdcdv,3sdcdv.png,https://www.scanslibrary.com/storage/images/WG7ExNELphNuRoMH5lhpKIrA1BMYFBPwV25SFS0A.png
Petunia,petunia-04.png,3tezbm,3tezbm.png,https://www.scanslibrary.com/storage/images/7CshCqnN9IxPPsacqRCI2ILtTQ8u5bCbLWHzTqhG.png
Petunia,petunia-05.png,4dlbtr,4dlbtr.png,https://www.scanslibrary.com/storage/images/QwGSKZkhDsINN0Ot2cTFWW8RyQZb7Iza3xelXFBx.png
Petunia,petunia-06.png,6h99ku,6h99ku.png,https://www.scanslibrary.com/storage/images/RBcP8HrI9GNSDLb6u0fmuIZYC9ZSTc1woNkz2fUK.png
Petunia,petunia-07.png,dxmdeu,dxmdeu.png,https://www.scanslibrary.com/storage/images/uo2DlMdDjQUZIKtK4BxSxDimkCfmCPb4TVw8E75P.png
Petunia,petunia-08.png,kkbhvl,kkbhvl.png,https://www.scanslibrary.com/storage/images/pcCTF2o930xVl18nTtWzF0rmPlHMSFMRPRGgoh7o.png
Petunia,petunia-09.png,pygq7c,pygq7c.png,https://www.scanslibrary.com/storage/images/qUMoBzZkZjPci1YONroC1BDuZPj7Fjj5N1KlBD1p.png
Petunia,petunia-10.png,qw9uhz,qw9uhz.png,https://www.scanslibrary.com/storage/images/Pvb6hhXi5Nez0Fpc9kQ6KQ8yLgT1OfgDAxVIBySY.png
Petunia,petunia-11.png,rvzp55,rvzp55.png,https://www.scanslibrary.com/storage/images/FXFI5BRxrkSubZ2ZYe67NxZbLD5IuDrMtWy6ub2Y.png
Petunia,petunia-12.png,wusxtu,wusxtu.png,https://www.scanslibrary.com/storage/images/sPogyQi4QtPFUDWoXTKCJcsDK1FRLBUMprRqRIby.png
Phlox drummondii,phlox-drummondii-01.png,phlox-drummondii-qtzv4t7,phlox-drummondii-qtzv4t7.png,https://www.scanslibrary.com/storage/images/GLdGFTvJKumihrmHn6EFBV7PtEV1eW15ZNZ71CEl.png
Phlox drummondii,phlox-drummondii-02.png,phlox-drummondii-xf68fc,phlox-drummondii-xf68fc.png,https://www.scanslibrary.com/storage/images/fxbfWvMMjG7z3MbFMCAlQDpSnjRYdODYCX7Ky6vr.png
Portulaca grandiflora,portulaca-grandiflora-01.png,rbhwgp,rbhwgp.png,https://www.scanslibrary.com/storage/images/wdmcesGN4jTAMBLv7yQFT5mtuunBXvR4QujdnrkA.png
Prunus cerasus,prunus-cerasus-01.png,jwq8at,jwq8at.png,https://www.scanslibrary.com/storage/images/1t56NFI5Cb7Lqxt5bDl1srK3xOuc2XGfPZDyasTD.png
Pulmonaria officinalis,pulmonaria-officinalis-01.png,pulmonaria-officinalis-cs2sbhd,pulmonaria-officinalis-cs2sbhd.png,https://www.scanslibrary.com/storage/images/XZ5RAGwfmWtePTIHLlTAsuUXZvDRCDKknnQ1CsnK.png
Ranunculus ficaria,ranunculus-ficaria-01.png,nnn5l3,nnn5l3.png,https://www.scanslibrary.com/storage/images/YnXJVaH6xLAZYJ2NMIGyvDdOFb9cDs7HWu8aNY3Z.png
Rhyncospermum jasminoides,rhyncospermum-jasminoides-01.png,pl92a2,pl92a2.png,https://www.scanslibrary.com/storage/images/CJDGEc3DiLc4rsZ3ATz6V3SKb8VdxDuSKOdxsFQN.png
Rhyncospermum jasminoides,rhyncospermum-jasminoides-02.png,prsk3v,prsk3v.png,https://www.scanslibrary.com/storage/images/lvER5m1si2rzrXOQfPSKgOVJIxa8lMnE51RY5pOK.png
Rosa rubiginosa,rosa-rubiginosa-01.png,rosa-rubiginosa-2dcflmg,rosa-rubiginosa-2dcflmg.png,https://www.scanslibrary.com/storage/images/2XvygedlKC24WT0hszryexSfGE53sTEARjTtEFuJ.png
Rosa rubiginosa,rosa-rubiginosa-02.png,rosa-rubiginosa-mwjx8ne,rosa-rubiginosa-mwjx8ne.png,https://www.scanslibrary.com/storage/images/oSLUWbzCMV5hMZN1Mb7Lun1WbhMhcBnQZeSlbqz0.png
Rosa Spp.,rosa-spp-01.png,djtbe7,djtbe7.png,https://www.scanslibrary.com/storage/images/6193TVK7tZMHYPCufpCLUMvmCo83e9jGdxRjtt8Z.png
Rosa Spp.,rosa-spp-02.png,kardyb,kardyb.png,https://www.scanslibrary.com/storage/images/LVarvs5q83wSuPBBW3WHSCwrQhyVkeYDHgnDqxUz.png
Rosa Spp.,rosa-spp-03.png,rfrcxu,rfrcxu.png,https://www.scanslibrary.com/storage/images/ckEAQnohnxaUYlawfwMuzAzLdWUjhMSQLBQWVH0L.png
Rosa Spp.,rosa-spp-04.png,thjqwj,thjqwj.png,https://www.scanslibrary.com/storage/images/mX2uhVF5SvcHyl6YaNoqoRcgLWdNRGPx1EqazBlt.png
Rosa Spp.,rosa-spp-05.png,tnn2dn,tnn2dn.png,https://www.scanslibrary.com/storage/images/OMsVxaIo8ti4QqVgehEP1qv1nHAc9dnSBYxYoepk.png
Rosa Spp.,rosa-spp-06.png,wpfbk3,wpfbk3.png,https://www.scanslibrary.com/storage/images/WQLUjJtTbi5eWiDDklnVmdVJ8XRYnAgAWgvWjfTo.png
Rosa Spp.,rosa-spp-07.png,yecznm,yecznm.png,https://www.scanslibrary.com/storage/images/d20Z0fnENJeJHalb8cRHNTpqtT4uoZSZZF1g8b6G.png
Rose,rose-01.png,afv2pm,afv2pm.png,https://www.scanslibrary.com/storage/images/PSdhpNd6sVqep4HnOZcdDahXmEj5zN0ZjwbCJrBb.png
Rose,rose-02.png,yaqchb,yaqchb.png,https://www.scanslibrary.com/storage/images/vvMA2aTtDW5S3qWSG3lb6quaBJWMqOdpejLdbqQJ.png
Ruellia simplex,ruellia-simplex-01.png,chle58,chle58.png,https://www.scanslibrary.com/storage/images/1Iy70i5a7p2knY8sUgVmfCakgEoT5uKa8ixyIEvb.png
Ruellia simplex,ruellia-simplex-02.png,fuzepz,fuzepz.png,https://www.scanslibrary.com/storage/images/CnQSpkyq3U3Y2eBqfaUqBVnpKweDV5b9REiEMxgC.png
Ruellia simplex,ruellia-simplex-03.png,pabefg,pabefg.png,https://www.scanslibrary.com/storage/images/JljtXH62Er4Ue4olCcQip7uNa3UpbID3YGXF80jC.png
Ruellia simplex,ruellia-simplex-04.png,q4fkvc,q4fkvc.png,https://www.scanslibrary.com/storage/images/JRUPVY3orHY9cUgWmDTTSnUMsOA2XBwiyPiLxNTN.png
Ruellia simplex,ruellia-simplex-05.png,ruellia-simplex-3ypqxq,ruellia-simplex-3ypqxq.png,https://www.scanslibrary.com/storage/images/9nBVDk8HeRax7fknsLrhy6pwfSvFc3o4L5zQmd1H.png
Ruellia simplex,ruellia-simplex-06.png,ruellia-simplex-4l5smr,ruellia-simplex-4l5smr.png,https://www.scanslibrary.com/storage/images/sKOXDJ3v5Zilt8Tt6l21svjJg43GAcJtc2o05zOv.png
Ruellia simplex,ruellia-simplex-07.png,ruellia-simplex-bpyrnk,ruellia-simplex-bpyrnk.png,https://www.scanslibrary.com/storage/images/5qZgwDKET8mfFCw8qnMg3L31xPkVYUjojT96Xo84.png
Ruellia simplex,ruellia-simplex-08.png,ruellia-simplex-etjshx,ruellia-simplex-etjshx.png,https://www.scanslibrary.com/storage/images/jnM4Vxr9s7GTAQDTmUecYLuz3lB8E1UOIwzDjFFh.png
Ruellia simplex,ruellia-simplex-09.png,ruellia-simplex-gewrzv,ruellia-simplex-gewrzv.png,https://www.scanslibrary.com/storage/images/CcB5NJxBV63ErXkMsTDXWwpTsTemIwb7GVBtuVIT.png
Ruellia simplex,ruellia-simplex-10.png,ruellia-simplex-k9nxat,ruellia-simplex-k9nxat.png,https://www.scanslibrary.com/storage/images/tftJzMGFeFr9vdaElP001u28ZGsLnKMkucUwzJBJ.png
Ruellia simplex,ruellia-simplex-11.png,ruellia-simplex-lhs4ya,ruellia-simplex-lhs4ya.png,https://www.scanslibrary.com/storage/images/LZnobgIIBk01XQxkQfLwiidStnkJvFVrRc44VJHk.png
Ruellia simplex,ruellia-simplex-12.png,ruellia-simplex-p2h6vp,ruellia-simplex-p2h6vp.png,https://www.scanslibrary.com/storage/images/CoevmkIJBnTHxxP8tPwN3vwNLgk6XQaNyWhrj59Y.png
Ruellia simplex,ruellia-simplex-13.png,ruellia-simplex-re38vk,ruellia-simplex-re38vk.png,https://www.scanslibrary.com/storage/images/66ftDGGobWaS1MxEwtInawd7Dun7BN97JqhhElfJ.png
Ruellia simplex,ruellia-simplex-14.png,ruellia-simplex-skwts9,ruellia-simplex-skwts9.png,https://www.scanslibrary.com/storage/images/fEkN6i2KX4G8DeAeO4rhWdFBNBsQVN2mi55hPQzm.png
Ruellia simplex,ruellia-simplex-15.png,ruellia-simplex-wjt57r,ruellia-simplex-wjt57r.png,https://www.scanslibrary.com/storage/images/GVFnp8e7FCKdwRXzPWnPyte9kvE97PMijO45kBCo.png
Senecio vernalis,senecio-vernalis-01.png,dtazzj,dtazzj.png,https://www.scanslibrary.com/storage/images/44Rw6MchaQsjxv3oZRAFBDuAaEjkfGvJpWVj8cJe.png
Senecio vernalis,senecio-vernalis-02.png,evucck,evucck.png,https://www.scanslibrary.com/storage/images/GCWqLsZBnw9DcBMNzJ2PF6RWtA0jj2YShbrdrnll.png
Senecio vernalis,senecio-vernalis-03.png,f8474q,f8474q.png,https://www.scanslibrary.com/storage/images/bZurLtumjBol9EIrkc5iUxE3zs8CbnCweMczcQFw.png
Senecio vernalis,senecio-vernalis-04.png,x2y2gl,x2y2gl.png,https://www.scanslibrary.com/storage/images/1zJW6ugkPWRtUf4zOh20lEf2Vquj4XhhssXyFofl.png
Spartium junceum,spartium-junceum-01.png,fvqwgf,fvqwgf.png,https://www.scanslibrary.com/storage/images/RfyFf0SSJMHKcb4CXIIT7FrjZyP0lVJ13XM0wWlY.png
Spartium junceum,spartium-junceum-02.png,jbccyb,jbccyb.png,https://www.scanslibrary.com/storage/images/0TjPYojIZUIe1DEiIUqW9NuiMixdvgdA50ttI8yF.png
Spartium junceum,spartium-junceum-03.png,zpkq2c,zpkq2c.png,https://www.scanslibrary.com/storage/images/8dfkcghzda2PcKZbDaDVc6z76Ei8bRP37LeCVGtB.png
Spathiphyllum,spathiphyllum-01.png,5nmfw8,5nmfw8.png,https://www.scanslibrary.com/storage/images/ONQ4THZH0dtCwH4gv7ClsvkqT46aJIieQ2Tett7O.png
Spathiphyllum,spathiphyllum-02.png,7rpucv,7rpucv.png,https://www.scanslibrary.com/storage/images/17dYoJvB9lMXOnLR96Ww1fytcZ3Ne9iHmUl0pofc.png
Spathiphyllum,spathiphyllum-03.png,axyr3v,axyr3v.png,https://www.scanslibrary.com/storage/images/3CGVgTrbXuWceL22PaILtQ3YCYcQ1ty3dG97uGMi.png
Spathiphyllum,spathiphyllum-04.png,ppzjpg,ppzjpg.png,https://www.scanslibrary.com/storage/images/aZs1h7pQpyydGqkwbNKtNuyL5mjvHcxuwyJRiZ4V.png
Spiraea japonica,spiraea-japonica-01.png,spiraea-japonica-gtume6c,spiraea-japonica-gtume6c.png,https://www.scanslibrary.com/storage/images/0UV62nu4QdtIGgo2ESNV3NYX9E5bDm2KkcgEniI0.png
Spiraea japonica,spiraea-japonica-02.png,spiraea-japonica-p6trhwy,spiraea-japonica-p6trhwy.png,https://www.scanslibrary.com/storage/images/xT2P1ljoUtAh3PnEpt2Dg6htPwRBj12dzSvYR7DX.png
Strelitzia,strelitzia-01.png,f3jfkf,f3jfkf.png,https://www.scanslibrary.com/storage/images/KuzQQqr3Tk5dObR3FLzsZP6jClhsP6JegyLER4J5.png
Syringa vulgaris,syringa-vulgaris-01.png,l5uqgw,l5uqgw.png,https://www.scanslibrary.com/storage/images/AZM66NXrAnRKwCSqMFZagWKtr0VItoo8xRJtTNwO.png
Syringa vulgaris,syringa-vulgaris-02.png,ss3hn5,ss3hn5.png,https://www.scanslibrary.com/storage/images/slqfcx8rmYVesqz5WGR5x7prXnDz9mpsUtAsH9sV.png
Tanacetum macrophyllum,tanacetum-macrophyllum-01.png,tanacetum-macrophyllum-f3wuf7d,tanacetum-macrophyllum-f3wuf7d.png,https://www.scanslibrary.com/storage/images/gTFQRn0dZmkyUbST3wPcht5kcYYMZvgXXtEBinTZ.png
Tanacetum macrophyllum,tanacetum-macrophyllum-02.png,tanacetum-macrophyllum-wlv8lmu,tanacetum-macrophyllum-wlv8lmu.png,https://www.scanslibrary.com/storage/images/qLtXxn9QU86U0ZtgbTLyL3ncmpN2diOgEnokitTM.png
Tanacetum macrophyllum,tanacetum-macrophyllum-03.png,tanacetum-macrophyllum-xl2fjt6,tanacetum-macrophyllum-xl2fjt6.png,https://www.scanslibrary.com/storage/images/GSmDHLm5Mji6xTIZsBbEY56AfxC9nnAZA5sITznL.png
Trifolium purpureum,trifolium-purpureum-01.png,islant-flowers-nhj4kw,islant-flowers-nhj4kw.png,https://www.scanslibrary.com/storage/images/5BxIHALkXOfHQGKWgYEUgAfm1LcAhOIRTjkYhV3X.png
Trifolium purpureum,trifolium-purpureum-02.png,islant-flowers-zdszkg,islant-flowers-zdszkg.png,https://www.scanslibrary.com/storage/images/63Rqknxd13m2HwzDnEFIZo1dxcMCw2c8kCHRdBWb.png
Tulipa,tulipa-01.png,ct2pu8,ct2pu8.png,https://www.scanslibrary.com/storage/images/kIh5kHwF2m6mizEfE38Ms675RvxhAfeMYRvtDRMg.png
Tulipa,tulipa-02.png,dsdzxk,dsdzxk.png,https://www.scanslibrary.com/storage/images/B7x2qAZ1K6MMDn0teWt0WaqaMPoAt4PrknUUt20R.png
Tulipa,tulipa-03.png,dvwtx3,dvwtx3.png,https://www.scanslibrary.com/storage/images/PZo8f4xXxOnqGCnnQsx6RwGOtIkpd0wngGnKnrmq.png
Tulipa,tulipa-04.png,g9rrwj,g9rrwj.png,https://www.scanslibrary.com/storage/images/2FY4UE66bPLWrMXGwvrMT11j8S3iCOjyOMHJL1W4.png
Tulipa,tulipa-05.png,jwqdqf,jwqdqf.png,https://www.scanslibrary.com/storage/images/Kq2PY8396TJ7qqhAjdIPNz7NS1FSjA8WUXF7vErw.png
Tulipa,tulipa-06.png,qaj9ld,qaj9ld.png,https://www.scanslibrary.com/storage/images/i9Z9Io9kNhTSau4I0hHz5nq44vYatQ6A3O8DsNBY.png
Tulipa,tulipa-07.png,teatwj,teatwj.png,https://www.scanslibrary.com/storage/images/QWpHyr3FYUqg9VZtSvQceMScxqSnpmPxglNCdgyi.png
Tulipa,tulipa-08.png,tulipa-crp7jgd,tulipa-crp7jgd.png,https://www.scanslibrary.com/storage/images/uA0HCZc3CmEallHcDHRKMgaNFyuJY9Ryo8G46tKq.png
Tulipa,tulipa-09.png,tulipa-g86bv5r,tulipa-g86bv5r.png,https://www.scanslibrary.com/storage/images/PHfqLgV7VYyX7vubpdfAUgnjFESiZbwMSCE0mr0K.png
Tulipa,tulipa-10.png,tzqdx8,tzqdx8.png,https://www.scanslibrary.com/storage/images/vBypJwI4OmRIeIqw5L5iQqPNGN6w7JLNRGf2jL13.png
Tulipa 0 Cr,tulipa-0-cr-01.png,p2xrgf,p2xrgf.png,https://www.scanslibrary.com/storage/images/X5waldcRFOjmUHlyhNk6ncb1dqzQzeT2dDcCnZen.png
Veronica longifolia,veronica-longifolia-01.png,veronica-longifolia-2negk4g,veronica-longifolia-2negk4g.png,https://www.scanslibrary.com/storage/images/fehqnIehRfuMBWkRB8sefCiB09ZZrQBGbIJ17Vvw.png
Veronica longifolia,veronica-longifolia-02.png,veronica-longifolia-pkfmec,veronica-longifolia-pkfmec.png,https://www.scanslibrary.com/storage/images/aRJ4wi8mNJDvz2aXWa6d1W8r9Km6uV81PQZrnxb5.png
Veronica longifolia,veronica-longifolia-03.png,veronica-longifolia-ymxnxvl,veronica-longifolia-ymxnxvl.png,https://www.scanslibrary.com/storage/images/JHdMdllvCV7ZKZx55lId9uq3DeDnw1qPkBI0eoqe.png
Vinca,vinca-01.png,m7lyhg,m7lyhg.png,https://www.scanslibrary.com/storage/images/zmWq5fXDpUF9qx2MT7YC280RYtMARxToBMHI0wXK.png
Vinca,vinca-02.png,wtnkwv,wtnkwv.png,https://www.scanslibrary.com/storage/images/iL0X0hTzFTlX9KPu0fnq8Ak3BhV8f8CHnB17TOxL.png
Vinca major,vinca-major-01.png,vinca-major-8h8caqg,vinca-major-8h8caqg.png,https://www.scanslibrary.com/storage/images/cCyBSIabXSNfKewwiJlFrJpMD5WU6WSCtQGGxYGE.png
Vinca minor,vinca-minor-01.png,rn6yaf,rn6yaf.png,https://www.scanslibrary.com/storage/images/Jb7exSILHC2bDV0OExw0BcKrkxhI9ADSBImYfk6O.png
Vinca minor,vinca-minor-02.png,vinca-minor-qeeacbf,vinca-minor-qeeacbf.png,https://www.scanslibrary.com/storage/images/AmMXx6N4IxF8bvlNaoCfqRJXBLxOztmROC2Uczzf.png
Wisteria sinensis,wisteria-sinensis-01.png,gy34qv,gy34qv.png,https://www.scanslibrary.com/storage/images/ATI2YxedJLv4ZshM8qwMEKFre6DAMlyFPIZ49RB7.png
Wisteria sinensis,wisteria-sinensis-02.png,hxta66,hxta66.png,https://www.scanslibrary.com/storage/images/RkRFqCNNWxt5sD98KWQutdjpNjLVVBWmfmnmYNfK.png
Wisteria sinensis,wisteria-sinensis-03.png,ttx2ef,ttx2ef.png,https://www.scanslibrary.com/storage/images/o5DJ3oPOOx6eiC70cWWPfnMeSA4KsjfE0DMFThqL.png
Avena fatua,avena-fatua-01.png,cvzqxh,cvzqxh.png,https://www.scanslibrary.com/storage/images/aBnbtK8YtJYR78PaUdNJK1hMmpJkkQgVM9mDaMap.png
Avena fatua,avena-fatua-02.png,fjstuf,fjstuf.png,https://www.scanslibrary.com/storage/images/n8wYPqx4n6JcHgwqjVmQ6ENOgJ2y7lgIR9DeXu2g.png
Avena fatua,avena-fatua-03.png,ftbfxg,ftbfxg.png,https://www.scanslibrary.com/storage/images/EnUDtom06rnbHJKvxFFZNRObHgmEVvcDp6DlZHCq.png
Avena fatua,avena-fatua-04.png,gnnpke,gnnpke.png,https://www.scanslibrary.com/storage/images/Emc3cgRzKDdWN3SIIEx7NPThAMxn1RWsUAwgTxf5.png
Avena fatua,avena-fatua-05.png,jbuy9w,jbuy9w.png,https://www.scanslibrary.com/storage/images/F1o4QwwTRW63nxEKazKoqufXaZnaXN4xoOF2SE3U.png
Avena fatua,avena-fatua-06.png,kslnaa,kslnaa.png,https://www.scanslibrary.com/storage/images/stS2717jq3aspll9lZObJcbp9DMsPcRaPNsh6U8n.png
Avena fatua,avena-fatua-07.png,pjffln,pjffln.png,https://www.scanslibrary.com/storage/images/jEswBdyqqAv9bvWteCYBw6554HwAi9OYJF2zZ4Xq.png
Avena fatua,avena-fatua-08.png,rlxtse,rlxtse.png,https://www.scanslibrary.com/storage/images/ik7vkSWL6dzUToccoHXkzu1yMdL5rqpazLH9lXSU.png
Avena fatua,avena-fatua-09.png,s9uruk,s9uruk.png,https://www.scanslibrary.com/storage/images/2EJvVwukfAbyAb99MZqTh7HHAyBUny00r3U94GZT.png
Bamboo Leaves,bamboo-leaves-01.png,e3nb8u,e3nb8u.png,https://www.scanslibrary.com/storage/images/fCNoVroOQkD4DUd9yURX63NHqktVBVnlmGu7k2We.png
Bamboo Leaves,bamboo-leaves-02.png,gew3xw,gew3xw.png,https://www.scanslibrary.com/storage/images/NnClcLgNYdOJnAwE1P2dCOZUnTzQ8VaANaXFcmJg.png
Bamboo Leaves,bamboo-leaves-03.png,hgxmmy,hgxmmy.png,https://www.scanslibrary.com/storage/images/n4JpYLNbJ6j3mNv9aWZXqHxQ6yIhkFYH26dD1Tit.png
Bamboo Leaves,bamboo-leaves-04.png,ndzssv,ndzssv.png,https://www.scanslibrary.com/storage/images/I4mitCNUDwNzqq2QtoYnszQCar2JjwieFBRyJJDq.png
Bamboo Leaves,bamboo-leaves-05.png,vbnzwu,vbnzwu.png,https://www.scanslibrary.com/storage/images/6ZqfVsrZAg05ZlQzFil1c0Eis9g7plVdKaGtfAvu.png
Bamboo Leaves,bamboo-leaves-06.png,ws3kze,ws3kze.png,https://www.scanslibrary.com/storage/images/MjYsYe8OXxQZnIpD7mkCP4iiwoyc1Cit9tUqzHs0.png
Bamboo Leaves,bamboo-leaves-07.png,yvcczd,yvcczd.png,https://www.scanslibrary.com/storage/images/AC5TKR25sEPCweIMUU9sa4CcgZjssaxph9Vk08T7.png
Bamboo Leaves,bamboo-leaves-08.png,zbdvsx,zbdvsx.png,https://www.scanslibrary.com/storage/images/RK0qOmYlonZllk27A9232LW8T3sDeDbxgvshzR9p.png
Bush,bush-01.png,bush-9bf8zv,bush-9bf8zv.png,https://www.scanslibrary.com/storage/images/2VP8rtVHLv6rK6LiLQDV9VdosuEY8Pje4ux91BNI.png
Bush,bush-02.png,bush-b3tkzd,bush-b3tkzd.png,https://www.scanslibrary.com/storage/images/NOICQlcGOAYJsLBaT26d5FIavIm4uDo2jq2TBlIW.png
Bush,bush-03.png,bush-dgxvvn,bush-dgxvvn.png,https://www.scanslibrary.com/storage/images/aR4uifKmb7QzXSvdTRrw5bhHr6NXPqFyUy82UdGA.png
Bush Scatter,bush-scatter-01.png,bush-scatter-j7phqc6,bush-scatter-j7phqc6.png,https://www.scanslibrary.com/storage/images/Ocin96ElMe8yvGhC8dYU0TSX0MxrCum515HW51z0.png
Bush Scatter,bush-scatter-02.png,bush-scatter-mvxruny,bush-scatter-mvxruny.png,https://www.scanslibrary.com/storage/images/rkUBPpF0Fgd8KAcOwA6wgKvNPiJTLeFRVpri4syG.png
Daucus carota (Dry),daucus-carota-dry-01.png,3sgekp,3sgekp.png,https://www.scanslibrary.com/storage/images/PXBLHE8QXZAW9BBwoKYk1oVLXLuZDyM2bH86MgTj.png
Dead Oak Leaves,dead-oak-leaves-01.png,dead-oak-leaves-vws4qpm,dead-oak-leaves-vws4qpm.png,https://www.scanslibrary.com/storage/images/h91pZiHLtrDKBrZa7MW5y6gyoCvuyaw9pawQ6BRR.png
Death Livistona Leaves,death-livistona-leaves-01.png,death-livistona-leaves-54fwfcq,death-livistona-leaves-54fwfcq.png,https://www.scanslibrary.com/storage/images/fKgzVxNbP5wo9V2wEhoiPUwikGwibAOAVyjRPEZy.png
Death Livistona Leaves,death-livistona-leaves-02.png,death-livistona-leaves-w335d8u,death-livistona-leaves-w335d8u.png,https://www.scanslibrary.com/storage/images/r0aSAHuZIq90PbRpnuAn5eFXmy5EON0cwTxEc4YJ.png
Death Livistona Leaves,death-livistona-leaves-03.png,death-livistona-leaves-xm9fj7s,death-livistona-leaves-xm9fj7s.png,https://www.scanslibrary.com/storage/images/x2gjnCHKZ3cu5k7gSuwrunPMs81ZFq3IdNg7N7hs.png
Desert Bushes,desert-bushes-01.png,desert-bushes-5msprj,desert-bushes-5msprj.png,https://www.scanslibrary.com/storage/images/QZsf9ljowuvpwlTfDJFSHuRjFx26uXXEnWzIWlQb.png
Desert Bushes,desert-bushes-02.png,desert-bushes-7grs3v,desert-bushes-7grs3v.png,https://www.scanslibrary.com/storage/images/aLChe6lpsuZnL43ii1K705si7eDcpg0W025Pmj5L.png
Desert Bushes,desert-bushes-03.png,desert-bushes-88axtj,desert-bushes-88axtj.png,https://www.scanslibrary.com/storage/images/N4T1Z8aA1XZCnbJ8dzf7i7nsyAz9fMyhX115Bvv0.png
Desert Bushes,desert-bushes-04.png,desert-bushes-hnvdld,desert-bushes-hnvdld.png,https://www.scanslibrary.com/storage/images/p0Ue1D9ldi8AsxmRvc7tyCtqFFPan6UFSYPXJsgv.png
Desert Bushes,desert-bushes-05.png,desert-bushes-pnjv9j,desert-bushes-pnjv9j.png,https://www.scanslibrary.com/storage/images/uBNteQg2bcDdTPgI7JRKm9ae5mj1Q1YHGYjQ1YQJ.png
Desert Bushes,desert-bushes-06.png,desert-bushes-qtmcwg,desert-bushes-qtmcwg.png,https://www.scanslibrary.com/storage/images/NU872SDHUpD41k35kqFp5H3SQGTidpKKjgEjUsgM.png
Desert Bushes,desert-bushes-07.png,desert-bushes-rukjsp,desert-bushes-rukjsp.png,https://www.scanslibrary.com/storage/images/NwkA8DJNyptKGdbj2X5nWAduGzOSM3enGuSXqrIK.png
Desert Bushes,desert-bushes-08.png,desert-bushes-ugbpa7,desert-bushes-ugbpa7.png,https://www.scanslibrary.com/storage/images/huvTHnxS0ELqogozFTV40sl2t5gHfhPf08izDTsg.png
Desert Bushes,desert-bushes-09.png,desert-bushes-v6dxn2,desert-bushes-v6dxn2.png,https://www.scanslibrary.com/storage/images/zUKMV3lX79y6PDpx3zGUmIiN5PJqQTRRjSKgiSdB.png
Desert Bushes,desert-bushes-10.png,desert-bushes-vqzevb,desert-bushes-vqzevb.png,https://www.scanslibrary.com/storage/images/a3R8C6fycTE9CiitgUZyCt9jP5FM7BSVxmBBLEcb.png
Desert Bushes,desert-bushes-11.png,desert-bushes-vumxdf,desert-bushes-vumxdf.png,https://www.scanslibrary.com/storage/images/FaZMwtDceqi4M8zGjFihzbhRLPG0HZpHecZFWFaB.png
Desert Bushes,desert-bushes-12.png,n9lkwt,n9lkwt.png,https://www.scanslibrary.com/storage/images/T8KcQP2rzhwGoaLDSeezrqvPB32SWhDXfCnvxpUA.png
Dry Achillea millefolium,dry-achillea-millefolium-01.png,5zwrmn,5zwrmn.png,https://www.scanslibrary.com/storage/images/doi1vjy5FwoBGFucA1Ek2mnJUZBWthjVRWWbiwfK.png
Dry Achillea millefolium,dry-achillea-millefolium-02.png,fwkllj,fwkllj.png,https://www.scanslibrary.com/storage/images/g490ppHdAZygOjm6cZ6LFLHAqznYPJD3VP64CfW8.png
Dry Achillea millefolium,dry-achillea-millefolium-03.png,kvgkpg,kvgkpg.png,https://www.scanslibrary.com/storage/images/CynsfMukQPvq0C35aOm9YyzcYE2kabrlNLohTiO8.png
Dry Achillea millefolium,dry-achillea-millefolium-04.png,pjrgdh,pjrgdh.png,https://www.scanslibrary.com/storage/images/y7HODbG0Q0TR8jLUWYYVUoYw84FaWkqEZyp9diSY.png
Dry Achillea millefolium,dry-achillea-millefolium-05.png,txdvjg,txdvjg.png,https://www.scanslibrary.com/storage/images/Sz2cBEbCqL2uF8cLmBg6wLz5TJqwctisodMH9VQM.png
Dry Bamboo Leaves,dry-bamboo-leaves-01.png,dhahj7,dhahj7.png,https://www.scanslibrary.com/storage/images/FRqKz14aj9cZ74Y8sDsRl9Ixs2UYwm5fFsJKB7wt.png
Dry Bamboo Leaves,dry-bamboo-leaves-02.png,fhwnhj,fhwnhj.png,https://www.scanslibrary.com/storage/images/5xPRmvvw3yA3DkJlN3UsN4ISL3V12L112L1ZHyGT.png
Dry Bamboo Leaves,dry-bamboo-leaves-03.png,m2ccvj,m2ccvj.png,https://www.scanslibrary.com/storage/images/VYhDiHNajMRDhKpylbT49yL2zZYnMNPJziMP8GtX.png
Dry Bamboo Leaves,dry-bamboo-leaves-04.png,qmegce,qmegce.png,https://www.scanslibrary.com/storage/images/CCBV5etAxJLY3LMqM4ubKnyPBqSoYaHS1blZGUQu.png
Dry Bamboo Leaves,dry-bamboo-leaves-05.png,qxazen,qxazen.png,https://www.scanslibrary.com/storage/images/mrFopNMMaAqRJPtBTGCLy7BO8UVhIMh4XJgl6IRh.png
Dry Branches,dry-branches-01.png,dry-branches-6zzvab,dry-branches-6zzvab.png,https://www.scanslibrary.com/storage/images/JewrD80lx6flFibVtluq8zusERRJO5bDA96jQFza.png
Dry Branches,dry-branches-02.png,dry-branches-cuwj7y,dry-branches-cuwj7y.png,https://www.scanslibrary.com/storage/images/d6ekBiKdBwn2y7nLsIo1lE7gUbJN9kyq8Fo2sdvj.png
Dry Branches,dry-branches-03.png,dry-branches-ex4qhu,dry-branches-ex4qhu.png,https://www.scanslibrary.com/storage/images/WcNmI4YZ4cJEg3Xwg86kIVkNqPD6iFIdK49z23jM.png
Dry Branches,dry-branches-04.png,dry-branches-f42p7p,dry-branches-f42p7p.png,https://www.scanslibrary.com/storage/images/YCrTotPFu0bAqpdau3VAwmTZVcSxLFuhT079ddNy.png
Dry Branches,dry-branches-05.png,dry-branches-kd57ba,dry-branches-kd57ba.png,https://www.scanslibrary.com/storage/images/UI4TXGI9nembVj0EAtAMdnlxMDhFAVxzfvkO7ezi.png
Dry Branches,dry-branches-06.png,dry-branches-rdljhb,dry-branches-rdljhb.png,https://www.scanslibrary.com/storage/images/4e97cadc74muDyfG4TQTz6TcC1BfB1aY5ZZpo4HY.png
Dry Bush,dry-bush-01.png,adnnwh,adnnwh.png,https://www.scanslibrary.com/storage/images/R7gZLdhh63JciZm1EIwXRlqRbsuJpLcbRNv7IHA9.png
Dry Bush,dry-bush-02.png,byscps,byscps.png,https://www.scanslibrary.com/storage/images/c7rF41z7oZ5Ok7w2MF1bsTMrsQIDdekhqvUTG1Bp.png
Dry Bush,dry-bush-03.png,d8r5jy,d8r5jy.png,https://www.scanslibrary.com/storage/images/CsTACDYI3aVvUfLEdhPcKpCQKdJPEj3PgC1pBtnX.png
Dry Bush,dry-bush-04.png,dry-bush-3c9aprv,dry-bush-3c9aprv.png,https://www.scanslibrary.com/storage/images/lpcqbDIkkm7HqdIg28fy6uRoTNYBC7lWEPAinREy.png
Dry Bush,dry-bush-05.png,dry-bush-3yzdjzg,dry-bush-3yzdjzg.png,https://www.scanslibrary.com/storage/images/DDpMX3GKYJKjOF9fmsLqGpMYvF72IE1g41A4ivOW.png
Dry Bush,dry-bush-06.png,dry-bush-4kzyekf,dry-bush-4kzyekf.png,https://www.scanslibrary.com/storage/images/2O5hi9uhgK7UoOmUkJek3yTCRcwZETaDtLdyK7KV.png
Dry Bush,dry-bush-07.png,dry-bush-5kbt6g3,dry-bush-5kbt6g3.png,https://www.scanslibrary.com/storage/images/DbiW6KhWVSyMD3lVJSvHFrnANWLMtAxcBMdHByY7.png
Dry Bush,dry-bush-08.png,dry-bush-5qsyskb,dry-bush-5qsyskb.png,https://www.scanslibrary.com/storage/images/Vy3lTIO57MglEWONvw6PCGealYojlz2I26EabZkC.png
Dry Bush,dry-bush-09.png,dry-bush-8qypvw,dry-bush-8qypvw.png,https://www.scanslibrary.com/storage/images/0jbgMckMkgWCwhpV565JAADEjMEa7yoJdoCGzRO0.png
Dry Bush,dry-bush-10.png,dry-bush-alwbgrj,dry-bush-alwbgrj.png,https://www.scanslibrary.com/storage/images/nadt8dvyR8fLklh1MN44mixqLXVCdmxM3cnKuDmZ.png
Dry Bush,dry-bush-11.png,dry-bush-b9b7hyt,dry-bush-b9b7hyt.png,https://www.scanslibrary.com/storage/images/8lIowTTwKMcYc8JEuma9Qc4sM2BC4HQr4ga8a02e.png
Dry Bush,dry-bush-12.png,dry-bush-ca9kqgr,dry-bush-ca9kqgr.png,https://www.scanslibrary.com/storage/images/A7HA007aGpIIiaJbOAi2sFZsbl1VEf711nS0pg5S.png
Dry Bush,dry-bush-13.png,dry-bush-cu2wb2y,dry-bush-cu2wb2y.png,https://www.scanslibrary.com/storage/images/BPFmAR28JTeiL0Ulvv9lB1Vdj4nEVyPKZy4lEWq6.png
Dry Bush,dry-bush-14.png,dry-bush-d7qptj,dry-bush-d7qptj.png,https://www.scanslibrary.com/storage/images/DzaTQvttIOkS9quuTsIw9c0uwPj7I0nQ8OB2wTNW.png
Dry Bush,dry-bush-15.png,dry-bush-dcsq7ez,dry-bush-dcsq7ez.png,https://www.scanslibrary.com/storage/images/S4Ss53MQ8Zpl8sR8uZ618n8mzoffRWnpG4iT4zMp.png
Dry Bush,dry-bush-16.png,dry-bush-e84nr5,dry-bush-e84nr5.png,https://www.scanslibrary.com/storage/images/5rcSb7j4ZNEi7mr3b5j6XpphnJMqcKli6N5fq4Cm.png
Dry Bush,dry-bush-17.png,dry-bush-fmqdbwv,dry-bush-fmqdbwv.png,https://www.scanslibrary.com/storage/images/bZyNbAxcv3HOMkeyVnyp3kE6bBAlsnI9y0l5xAaD.png
Dry Bush,dry-bush-18.png,dry-bush-gq8hlfh,dry-bush-gq8hlfh.png,https://www.scanslibrary.com/storage/images/yCoBwZyBe3XZI1dgnCkwF1vNguY4D2eaVjdkVdDF.png
Dry Bush,dry-bush-19.png,dry-bush-hmvzbue,dry-bush-hmvzbue.png,https://www.scanslibrary.com/storage/images/K7cwcycJs3qVc6h28ExF536bg457AJCGWdkxHSCj.png
Dry Bush,dry-bush-20.png,dry-bush-hphkvj,dry-bush-hphkvj.png,https://www.scanslibrary.com/storage/images/98IWpGG7mZorGHYQn8AIrrGUlPo54k0NdTpaivSW.png
Dry Bush,dry-bush-21.png,dry-bush-huavhp,dry-bush-huavhp.png,https://www.scanslibrary.com/storage/images/DHis24mnk8Lt7rNhXfr2M8330rrSklDYCh2TtYnP.png
Dry Bush,dry-bush-22.png,dry-bush-j4qrpww,dry-bush-j4qrpww.png,https://www.scanslibrary.com/storage/images/ygspPHBJgVgr7MjGwV7982I7JVIwtFgCkAyPfl5Z.png
Dry Bush,dry-bush-23.png,dry-bush-kahzkb3,dry-bush-kahzkb3.png,https://www.scanslibrary.com/storage/images/TXxMc38V4N5f52FBgJemBkpNqdB3XRdbjTRIGMrg.png
Dry Bush,dry-bush-24.png,dry-bush-llz4rzs,dry-bush-llz4rzs.png,https://www.scanslibrary.com/storage/images/MhXXdsARvVwjOJF8irnsxYxzsa5xlAUFSl7HikKk.png
Dry Bush,dry-bush-25.png,dry-bush-mbc4fsu,dry-bush-mbc4fsu.png,https://www.scanslibrary.com/storage/images/kXMrGcsa6hz0FiCCw9riCorfyMbvgR4tytEcEcrd.png
Dry Bush,dry-bush-26.png,dry-bush-mdtzzqr,dry-bush-mdtzzqr.png,https://www.scanslibrary.com/storage/images/AeCL8L74NdKlb9TFGcQ2ChccqPxq496apf4g9wPB.png
Dry Bush,dry-bush-27.png,dry-bush-mfwtctd,dry-bush-mfwtctd.png,https://www.scanslibrary.com/storage/images/zotWeaIhXYsL8k1fBk091Ut82K8BpWRkuqqTITR6.png
Dry Bush,dry-bush-28.png,dry-bush-mxdw9uc,dry-bush-mxdw9uc.png,https://www.scanslibrary.com/storage/images/5RubH8l2vqoZjLKS1HbRgckNvlH3lkORb9PDLBlk.png
Dry Bush,dry-bush-29.png,dry-bush-nvy4fx,dry-bush-nvy4fx.png,https://www.scanslibrary.com/storage/images/zqJm6dlpqWAkCyg6wpt6IM4LTUheRTCbACHH1M8p.png
Dry Bush,dry-bush-30.png,dry-bush-nyfhrpu,dry-bush-nyfhrpu.png,https://www.scanslibrary.com/storage/images/7HFW3f1SVT0DPm6SeOk7Yk2rNr1vteahd07THC3q.png
Dry Bush,dry-bush-31.png,dry-bush-paa4sce,dry-bush-paa4sce.png,https://www.scanslibrary.com/storage/images/F1ZsEixcn1uzUVRBfAT58d9V0P2CrLOkr1Wsw7jU.png
Dry Bush,dry-bush-32.png,dry-bush-pu7x7hg,dry-bush-pu7x7hg.png,https://www.scanslibrary.com/storage/images/hXwDyGIojQgdUpTfivvDYDmAdivOmLeUJK48018N.png
Dry Bush,dry-bush-33.png,dry-bush-q6gehgu,dry-bush-q6gehgu.png,https://www.scanslibrary.com/storage/images/0pczAiWAC8sOaDMfXYYZ5sGYR93Kcev7AGvUbQ5s.png
Dry Bush,dry-bush-34.png,dry-bush-qsptmjm,dry-bush-qsptmjm.png,https://www.scanslibrary.com/storage/images/N25X6buIvg0BEFuTsgauYVZFFiqmOvouO1Hs28Xz.png
Dry Bush,dry-bush-35.png,dry-bush-rkthzgs,dry-bush-rkthzgs.png,https://www.scanslibrary.com/storage/images/OOaYaWfZCNmsX3v6J5LOntuU2HDCpfvwjsvVzj18.png
Dry Bush,dry-bush-36.png,dry-bush-srx2pv,dry-bush-srx2pv.png,https://www.scanslibrary.com/storage/images/CWro1L0T6fuStBaIQzGwxCRIVxkgFE4jBmnW25jk.png
Dry Bush,dry-bush-37.png,dry-bush-tmw7abk,dry-bush-tmw7abk.png,https://www.scanslibrary.com/storage/images/ZRZR7mYO4EPi9MVM0Wt1iC5oCK8iGlNAvkRXBf1n.png
Dry Bush,dry-bush-38.png,dry-bush-trs2dga,dry-bush-trs2dga.png,https://www.scanslibrary.com/storage/images/EwdHzTLmmpfwZVSmrHbONNI9av5JnNSUq7RTCRul.png
Dry Bush,dry-bush-39.png,dry-bush-uhmvv9q,dry-bush-uhmvv9q.png,https://www.scanslibrary.com/storage/images/txbTUUyX1cba60gUg4WEgXrt3LMmWfemwfnp7cfM.png
Dry Bush,dry-bush-40.png,dry-bush-uvw6uqy,dry-bush-uvw6uqy.png,https://www.scanslibrary.com/storage/images/ixRrg4u5A3r57oZoOb2A1fM8P600S6zkd46zGwuv.png
Dry Bush,dry-bush-41.png,dry-bush-uwtme3d,dry-bush-uwtme3d.png,https://www.scanslibrary.com/storage/images/RAKX0D7OhbsPE8UERiSW49fm3gl5WYKrvBsNS6V8.png
Dry Bush,dry-bush-42.png,dry-bush-uxe4ds6,dry-bush-uxe4ds6.png,https://www.scanslibrary.com/storage/images/mKx6r9DUQMSSMocUN0hEps7wgiPsONy0yImqQEq8.png
Dry Bush,dry-bush-43.png,dry-bush-v2atpd,dry-bush-v2atpd.png,https://www.scanslibrary.com/storage/images/FolCzXdtGQM4gw7fJAgZZ8HjWzUfAJA8E6XZdSOS.png
Dry Bush,dry-bush-44.png,dry-bush-v3g2sab,dry-bush-v3g2sab.png,https://www.scanslibrary.com/storage/images/uITPa4KMMfOJSdxymlN3hDMFXoNHOzew5YnsZ9ab.png
Dry Bush,dry-bush-45.png,dry-bush-weppsu,dry-bush-weppsu.png,https://www.scanslibrary.com/storage/images/YoyaDswWAW8rX1djxAQ7RoTdSM2Axi8vb9heHhuW.png
Dry Bush,dry-bush-46.png,dry-bush-wgsgsc2,dry-bush-wgsgsc2.png,https://www.scanslibrary.com/storage/images/9V1Hk5hWXjf7NvwgB7GGtCYauenNUGvCLYtkGcNZ.png
Dry Bush,dry-bush-47.png,dry-bush-wmsys6s,dry-bush-wmsys6s.png,https://www.scanslibrary.com/storage/images/Q77widdshPPf7Nz9kAh8MNRpXaHlwTV1kVx50FXw.png
Dry Bush,dry-bush-48.png,dry-bush-ws4uw9a,dry-bush-ws4uw9a.png,https://www.scanslibrary.com/storage/images/pZAKlj0jLFichrXhDlC2eCbwi7fPwczTmpgq9PTA.png
Dry Bush,dry-bush-49.png,dry-bush-xdd6rhz,dry-bush-xdd6rhz.png,https://www.scanslibrary.com/storage/images/pFH6XDs84eb51u0vQj0Goh6ICmjXf2UnWStksUnE.png
Dry Bush,dry-bush-50.png,dry-bush-xymf59s,dry-bush-xymf59s.png,https://www.scanslibrary.com/storage/images/cfdktMKINal1kQjnQRZAQdg8rfAAZeTPFChc6kQ7.png
Dry Bush,dry-bush-51.png,dry-bush-yg5ad2j,dry-bush-yg5ad2j.png,https://www.scanslibrary.com/storage/images/8lbRINaIZQFfWzQZ6msnbXQgtcqrKtYxg5YwuoCd.png
Dry Bush,dry-bush-52.png,dry-bush-yp5mtyk,dry-bush-yp5mtyk.png,https://www.scanslibrary.com/storage/images/Uf3xJ31dnifTvfUnXyeUTK635xUiNYYxsIZUoFsM.png
Dry Bush,dry-bush-53.png,dw38t6,dw38t6.png,https://www.scanslibrary.com/storage/images/M8XTiBrqSXkMIZjP0RWagR4qqYzDQ2kvTFdsC8sK.png
Dry Bush,dry-bush-54.png,mxkjva,mxkjva.png,https://www.scanslibrary.com/storage/images/NrKMMPKaPcUw9JVYAHewG6DvrOXPOSvPqHu8e0hn.png
Dry Bush,dry-bush-55.png,nsb2yt,nsb2yt.png,https://www.scanslibrary.com/storage/images/VJPc74xSjCFtkURdhMXKQa7bYjEzfugv7cHYXZ7s.png
Dry Bush,dry-bush-56.png,pzxesz,pzxesz.png,https://www.scanslibrary.com/storage/images/nfCYzgJmdbUs7nSY93p5M9ADj85BCi0mcDKagH4L.png
Dry Bush,dry-bush-57.png,qtvzjq,qtvzjq.png,https://www.scanslibrary.com/storage/images/vLTfLaU9XNhMqi77NaSm8aaOGPnUi3mXd66wclFX.png
Dry Bush,dry-bush-58.png,sxvuhg,sxvuhg.png,https://www.scanslibrary.com/storage/images/OwCB8qXREQfCwSnvxBAp6XQw8dHt34MwsNTspg5i.png
Dry Bush,dry-bush-59.png,t85cxg,t85cxg.png,https://www.scanslibrary.com/storage/images/9GFqIVrrPyHEGuOvzsytJccbX2gzjskR20FnaOef.png
Dry Bush,dry-bush-60.png,tv7aer,tv7aer.png,https://www.scanslibrary.com/storage/images/lFHaCMkSOpSkX7dHA8UWJ88hDLy6cPw6EXXjIIPh.png
Dry Bush,dry-bush-61.png,vwbs4y,vwbs4y.png,https://www.scanslibrary.com/storage/images/bsk2jpyewcxWQwlwQPkUxfLI8jM6C8fs52ueGyKj.png
Dry Bush,dry-bush-62.png,xpwrxm,xpwrxm.png,https://www.scanslibrary.com/storage/images/sMMXbQnyVfMnCVQNy3hfr9wrzcVr14C5BrwPZTGH.png
Dry Bush,dry-bush-63.png,xxut93,xxut93.png,https://www.scanslibrary.com/storage/images/lKIxMt5JbOxumNLvF9Wilgd37lTaDXmLsSLciYrT.png
Dry Bush Debris,dry-bush-debris-01.png,dry-bush-debris-7q8jbp,dry-bush-debris-7q8jbp.png,https://www.scanslibrary.com/storage/images/8NTtQS3JUBi6DBibZaB3Bam5AsBZTQrbb1SEovy4.png
Dry Bush Debris,dry-bush-debris-02.png,dry-bush-debris-ghjd4m,dry-bush-debris-ghjd4m.png,https://www.scanslibrary.com/storage/images/gaAr754vJ1WeaJkTbLwgD9Slb56HN51yyyNWNT70.png
Dry Bush Debris,dry-bush-debris-03.png,dry-bush-debris-q94a9m,dry-bush-debris-q94a9m.png,https://www.scanslibrary.com/storage/images/WQVRnmGcN2serbsvRbTIRxMiJCmm6vv18N8wFJ49.png
Dry Desert Plant,dry-desert-plant-01.png,dry-desert-plant-kfdnq3,dry-desert-plant-kfdnq3.png,https://www.scanslibrary.com/storage/images/OeEL5313SA6pqA3m1MuPiRef4UOx2joMgcUH0g7L.png
Dry Desert Plant,dry-desert-plant-02.png,dry-desert-plant-utjjeu,dry-desert-plant-utjjeu.png,https://www.scanslibrary.com/storage/images/h2zTuTzuBvnExhlqaBeCpWuep1aVtqmaMoRx7F2S.png
Dry Grass,dry-grass-01.png,85s6zr,85s6zr.png,https://www.scanslibrary.com/storage/images/2a8BtXJjUqn1X8iore0QBj6BbxvrAn6eRHNjbrxy.png
Dry Grass,dry-grass-02.png,bfpbk5,bfpbk5.png,https://www.scanslibrary.com/storage/images/XzfG9aQHrOk2KyuTrRiQ4ImYjvtyPiM9wT6xNtWj.png
Dry Grass,dry-grass-03.png,bhswfu,bhswfu.png,https://www.scanslibrary.com/storage/images/eo3RN0jzyqWzo0528TosPVXNOKKkYSBsN9LbKOYW.png
Dry Grass,dry-grass-04.png,cytftv,cytftv.png,https://www.scanslibrary.com/storage/images/bV8fXDPfau0DfnEBcEhe5wQl3timHZvpJx0DgrxQ.png
Dry Grass,dry-grass-05.png,dry-grass-25fnak,dry-grass-25fnak.png,https://www.scanslibrary.com/storage/images/iN8bCwblSi2AzkaOCQ0oUyMvGJAzB4nAjFU8jUPm.png
Dry Grass,dry-grass-06.png,dry-grass-3763qn2,dry-grass-3763qn2.png,https://www.scanslibrary.com/storage/images/VwkeoNkqA6CFwUSVVZZZuTce3x8H6kW8csycEC8B.png
Dry Grass,dry-grass-07.png,dry-grass-3d5bbbr,dry-grass-3d5bbbr.png,https://www.scanslibrary.com/storage/images/unrY8MVciYs4Ar4Kkb0ZuuVEZQ8CvsqNTMmGqZ7q.png
Dry Grass,dry-grass-08.png,dry-grass-8snarch,dry-grass-8snarch.png,https://www.scanslibrary.com/storage/images/F7zG97mOfOjoOX14dPNVlZn17c56VGqubRsfXMJn.png
Dry Grass,dry-grass-09.png,dry-grass-b8ddkd,dry-grass-b8ddkd.png,https://www.scanslibrary.com/storage/images/FJAElWtdUZp07d1WCZVCFcVw7fhlTLHCCttGhlQC.png
Dry Grass,dry-grass-10.png,dry-grass-bxkgzev,dry-grass-bxkgzev.png,https://www.scanslibrary.com/storage/images/g3nCnCf2kbSFTxlYYBUJrYVU9f7rxFhZZfO4Swqa.png
Dry Grass,dry-grass-11.png,dry-grass-dczhkh9,dry-grass-dczhkh9.png,https://www.scanslibrary.com/storage/images/98tsxoESCrLukIpSfZAQcgI4wBOSE1YghbneaxcN.png
Dry Grass,dry-grass-12.png,dry-grass-ggbqzs,dry-grass-ggbqzs.png,https://www.scanslibrary.com/storage/images/I10ROjynAQ0JLXwoIkKomEFQSWNKJCTxYppg2wXw.png
Dry Grass,dry-grass-13.png,dry-grass-grca8y,dry-grass-grca8y.png,https://www.scanslibrary.com/storage/images/hjGgoRCVJYFE7SUFu8tNaSh45XCBdB493xEvSeHK.png
Dry Grass,dry-grass-14.png,dry-grass-hamme7,dry-grass-hamme7.png,https://www.scanslibrary.com/storage/images/4kn7AIco6gb1PMc5fxYVgCBYmpLvhn4aN6e96J5d.png
Dry Grass,dry-grass-15.png,dry-grass-hefkqx,dry-grass-hefkqx.png,https://www.scanslibrary.com/storage/images/cR9c3HtZ1SRQyjRaLbrDqQqbbDHjhH39GBa731n8.png
Dry Grass,dry-grass-16.png,dry-grass-j9gcxug,dry-grass-j9gcxug.png,https://www.scanslibrary.com/storage/images/DAINkkE49o7htu4hLgdl28K3nVBvkMbKmNSdWgA6.png
Dry Grass,dry-grass-17.png,dry-grass-mr7a6up,dry-grass-mr7a6up.png,https://www.scanslibrary.com/storage/images/ET58mhL0ry6rq6aNeIFxDcqnZQDfOxeOVPz2wjVa.png
Dry Grass,dry-grass-18.png,dry-grass-pzquy7j,dry-grass-pzquy7j.png,https://www.scanslibrary.com/storage/images/kU6Fa7vWj0dhVG7hHnCKXRaklSb4FIKRnebz4Nna.png
Dry Grass,dry-grass-19.png,dry-grass-q4chgku,dry-grass-q4chgku.png,https://www.scanslibrary.com/storage/images/cDTg07bLMtp9H06tNmtx3AjuzcgY1eHFzeEAqwSP.png
Dry Grass,dry-grass-20.png,dry-grass-rnxpqrs,dry-grass-rnxpqrs.png,https://www.scanslibrary.com/storage/images/JYEqRjut7ffLyEpZeARWueCt1GVP2RDLIpNavPh7.png
Dry Grass,dry-grass-21.png,dry-grass-tfwkqfh,dry-grass-tfwkqfh.png,https://www.scanslibrary.com/storage/images/kFaxCCZE6BPAF2qlmUN1pxLD48thCu1XrH2P4bfo.png
Dry Grass,dry-grass-22.png,dry-grass-tjnlgwc,dry-grass-tjnlgwc.png,https://www.scanslibrary.com/storage/images/N36JASf83yvd6a7jcCbd4nrAXqHhTCc8Ri6QX5yp.png
Dry Grass,dry-grass-23.png,dry-grass-umthgf,dry-grass-umthgf.png,https://www.scanslibrary.com/storage/images/ccOMcvi3eKOpG7lxrK0S6fZCxQinayqffUyVXvRT.png
Dry Grass,dry-grass-24.png,dry-grass-vaszcl,dry-grass-vaszcl.png,https://www.scanslibrary.com/storage/images/Bsx5kyXZEpXS70HhrKfw1WaP4Js5eqiRpIx14lp6.png
Dry Grass,dry-grass-25.png,dry-grass-vfyv8uh,dry-grass-vfyv8uh.png,https://www.scanslibrary.com/storage/images/ljJQxVEFEwm2D6daoQs30G8ZwBm8XX3ef6SjkRTF.png
Dry Grass,dry-grass-26.png,dry-grass-vhdeqw,dry-grass-vhdeqw.png,https://www.scanslibrary.com/storage/images/MasqOklZYcLg5FR5zHxZh1rUvs1WnMDTNjoKlCtt.png
Dry Grass,dry-grass-27.png,dry-grass-vlgvqxl,dry-grass-vlgvqxl.png,https://www.scanslibrary.com/storage/images/3dzFYAG8eQsmEZeFpMWS78wDOWfmH0bab8mYqMD8.png
Dry Grass,dry-grass-28.png,dry-grass-vuytua,dry-grass-vuytua.png,https://www.scanslibrary.com/storage/images/58j1z38Axb6CzkgxdP1CMR6LXZXIjN9ntRqkegR2.png
Dry Grass,dry-grass-29.png,fbxber,fbxber.png,https://www.scanslibrary.com/storage/images/bZ4pcVK3rYlCKKwC298LON3Ey3fvrh196QosKVLY.png
Dry Grass,dry-grass-30.png,futecw,futecw.png,https://www.scanslibrary.com/storage/images/qhJnc89wmf8L9PAa0BuQmbLDpYhCpMF9VtQEuX7N.png
Dry Grass,dry-grass-31.png,mxquqd,mxquqd.png,https://www.scanslibrary.com/storage/images/7a5zj6Lu7tMlPBVuJi2SxLlSshLeTQ3NBT6NHhdP.png
Dry Grass,dry-grass-32.png,r2mdsp,r2mdsp.png,https://www.scanslibrary.com/storage/images/Kzo9mWnb5LwQAx6UXadmWqHEZ19y6l91wCHj7D8q.png
Dry Grass,dry-grass-33.png,rqehvm,rqehvm.png,https://www.scanslibrary.com/storage/images/3QqEt5WbcputWYLH1Dxa31nmI0vKgrqpgNBwf1Dr.png
Dry Grass,dry-grass-34.png,udhjuj,udhjuj.png,https://www.scanslibrary.com/storage/images/UmBJZF0NsRq2hGa4QMh5gQUyLPYGfnMuz9luFRKs.png
Dry Grass,dry-grass-35.png,wwxtyq,wwxtyq.png,https://www.scanslibrary.com/storage/images/2vOEB5RhjKoSSGzwzJDeKaIuya8wtRaNaJdR9Hv0.png
Dry Grass,dry-grass-36.png,xnjhwl,xnjhwl.png,https://www.scanslibrary.com/storage/images/HNwrhdKVYEsMwx7laY9Vgc1P37noyxoZl0CwjAfW.png
Dry Grass,dry-grass-37.png,ybsrwf,ybsrwf.png,https://www.scanslibrary.com/storage/images/jBstf2myGUQrTi6mci64N94wauFuPXGPXukfKZJc.png
Dry Grass,dry-grass-38.png,yjsnjq,yjsnjq.png,https://www.scanslibrary.com/storage/images/6QmHThrbejbgpe6OM7IAd7TNavcWKRgVyJ0EDPTw.png
Dry Grass,dry-grass-39.png,ynrlna,ynrlna.png,https://www.scanslibrary.com/storage/images/QUj9hYskD5isc0krmaHlrpvQ2OoAMe1CseRl0jDP.png
Dry Grass,dry-grass-40.png,zgmqgt,zgmqgt.png,https://www.scanslibrary.com/storage/images/HBCdnwgTeWxHVGVdw27ZEbBAu1WEjdl1a6ZnXJwd.png
Dry Grass,dry-grass-41.png,zyar2s,zyar2s.png,https://www.scanslibrary.com/storage/images/KkSHfTJtvlfYiza5IujBsrXaWpbNttuzKIik8JMK.png
Dry Lady Fern,dry-lady-fern-01.png,hkuvcv,hkuvcv.png,https://www.scanslibrary.com/storage/images/pUBbdb55pzCtVc6DrcGVA3T56eNK365TtQRBtXNb.png
Dry Lady Fern,dry-lady-fern-02.png,pd5zbq,pd5zbq.png,https://www.scanslibrary.com/storage/images/zPPI30D39Qcq4K8hhy8n900nPH9cDmIYTHqpplqL.png
Dry Lady Fern,dry-lady-fern-03.png,s34teb,s34teb.png,https://www.scanslibrary.com/storage/images/KOZsQ1c9HPMKOhgcCo016nIqF0cwePFcxi7GwPJa.png
Dry Meadow Bush,dry-meadow-bush-01.png,dry-meadow-bush-2evug2g,dry-meadow-bush-2evug2g.png,https://www.scanslibrary.com/storage/images/7sIVrFEAjy3fwiHnevBzvHCs8iurcNhYz1d3NXmS.png
Dry Meadow Bush,dry-meadow-bush-02.png,dry-meadow-bush-3gylkvc,dry-meadow-bush-3gylkvc.png,https://www.scanslibrary.com/storage/images/UB9opMb6Olf7c3uYw60OAEWqV1ezlDdLyKYin6af.png
Dry Meadow Bush,dry-meadow-bush-03.png,dry-meadow-bush-6mfae9u,dry-meadow-bush-6mfae9u.png,https://www.scanslibrary.com/storage/images/XkpvAf6pnetj4W8D1W8Ppzn12t4y7fqgme68gWI3.png
Dry Meadow Bush,dry-meadow-bush-04.png,dry-meadow-bush-9yqkdfw,dry-meadow-bush-9yqkdfw.png,https://www.scanslibrary.com/storage/images/J5AorAI1VjH0GLoZwhbvlnLfmfrUIpvDic4zsx1T.png
Dry Meadow Bush,dry-meadow-bush-05.png,dry-meadow-bush-c6bhjxd,dry-meadow-bush-c6bhjxd.png,https://www.scanslibrary.com/storage/images/wZyDw7bj5rbSDPUpnEsU0sz7gGk1euhOFB2Uenkw.png
Dry Meadow Bush,dry-meadow-bush-06.png,dry-meadow-bush-dtcqrjx,dry-meadow-bush-dtcqrjx.png,https://www.scanslibrary.com/storage/images/XAmJwXYT0TTDAZIWYnSH9RUNsEboMYIYZCKMVaeo.png
Dry Meadow Bush,dry-meadow-bush-07.png,dry-meadow-bush-pwlwr9s,dry-meadow-bush-pwlwr9s.png,https://www.scanslibrary.com/storage/images/1NGli7gGaOMHcJaPjNfRxl8IQ3ZfUnpysNAvcLrB.png
Dry Meadow Bush,dry-meadow-bush-08.png,dry-meadow-bush-qkm5qxj,dry-meadow-bush-qkm5qxj.png,https://www.scanslibrary.com/storage/images/JjG6IPxmKMzSnnPM9IPLKjTA3CfxIbYuiiNhhpm4.png
Dry Meadow Bush,dry-meadow-bush-09.png,dry-meadow-bush-s6dg32,dry-meadow-bush-s6dg32.png,https://www.scanslibrary.com/storage/images/PtTFrMVVPpW6hC00vpnXBp8gmgF3HosVinX4Pkuf.png
Dry Meadow Bush,dry-meadow-bush-10.png,dry-meadow-bush-tkjfbf3,dry-meadow-bush-tkjfbf3.png,https://www.scanslibrary.com/storage/images/A3gcTL91FCzfbaklKcW3pZ1A3cVMPV8pEYMhzY4V.png
Dry Meadow Bush,dry-meadow-bush-11.png,dry-meadow-bush-tulr7pl,dry-meadow-bush-tulr7pl.png,https://www.scanslibrary.com/storage/images/HGlJC9haXJOS7iMBTk6aRjkr6inUQQlmvDBywucq.png
Dry Meadow Bush,dry-meadow-bush-12.png,dry-meadow-bush-umjapdp,dry-meadow-bush-umjapdp.png,https://www.scanslibrary.com/storage/images/3xjgCB8nyZh0TGG2EmlPKV0cCy6ZgUAaEAsWtnOB.png
Dry Meadow Bush,dry-meadow-bush-13.png,dry-meadow-bush-wddgf8z,dry-meadow-bush-wddgf8z.png,https://www.scanslibrary.com/storage/images/jGhIwkasy9XWXpXueH56awf0KxQG4FIY85hxcGkf.png
Dry Meadow Bush,dry-meadow-bush-14.png,dry-meadow-bush-x9zzvq,dry-meadow-bush-x9zzvq.png,https://www.scanslibrary.com/storage/images/THUuYynSljnX22BjDVLCPqS7uqvkz7TFb5YcMB5l.png
Dry Meadow Grass,dry-meadow-grass-01.png,2ha9dn,2ha9dn.png,https://www.scanslibrary.com/storage/images/AlZvaYqk6MuCPCjmBVnGczx8N5qJNBDbMtmUrAA4.png
Dry Meadow Grass,dry-meadow-grass-02.png,8gjcjm,8gjcjm.png,https://www.scanslibrary.com/storage/images/casmZvcSzWsnjIkglW9p4OCtoVoDMdtdIbniK8ne.png
Dry Meadow Grass,dry-meadow-grass-03.png,9q2uep,9q2uep.png,https://www.scanslibrary.com/storage/images/iTaYRPnneILtwZad2Lo9dBmrrMbWp5UUVMiLGKGT.png
Dry Meadow Grass,dry-meadow-grass-04.png,bfl6ru,bfl6ru.png,https://www.scanslibrary.com/storage/images/CldnciawvJ5pnEo3TeRe2oUuTgdBMGRz45ayxVyn.png
Dry Meadow Grass,dry-meadow-grass-05.png,bqw4rz,bqw4rz.png,https://www.scanslibrary.com/storage/images/ChXzGDzygkN0UbMc5ONlFz6xVb51kMauWR3q6GYY.png
Dry Meadow Grass,dry-meadow-grass-06.png,cxwnxe,cxwnxe.png,https://www.scanslibrary.com/storage/images/mqeEUOknYjO2oZNkF1t1xP3i5RAmu2V6kR3p0fH1.png
Dry Meadow Grass,dry-meadow-grass-07.png,dps8ba,dps8ba.png,https://www.scanslibrary.com/storage/images/C03b4FLPL1k3B66nvSLvAjcNRHZD90sTCRYs4nQQ.png
Dry Meadow Grass,dry-meadow-grass-08.png,enrfbz,enrfbz.png,https://www.scanslibrary.com/storage/images/Fq17jYgHoWBXsHMvELO02n52qDlK2Q4MdKhQSChB.png
Dry Meadow Grass,dry-meadow-grass-09.png,l2ws7v,l2ws7v.png,https://www.scanslibrary.com/storage/images/vfv2Nzl7Dlb5kMI6IgOeSlLtS7Kr6ydkPnMmMosb.png
Dry Meadow Grass,dry-meadow-grass-10.png,m2gret,m2gret.png,https://www.scanslibrary.com/storage/images/QwCdyMiCMVkkVfqc5889YCUOUIhE7DVjb3jbkFxU.png
Dry Meadow Grass,dry-meadow-grass-11.png,nechsw,nechsw.png,https://www.scanslibrary.com/storage/images/jeBm0UVgQcAP6YhzhW4UiQIVlHON2kI30cmo0dMn.png
Dry Meadow Grass,dry-meadow-grass-12.png,qrdb9c,qrdb9c.png,https://www.scanslibrary.com/storage/images/hFBlW3reqUw0XT6aeoiHOikLJBqQDVsx43RVoqoP.png
Dry Meadow Grass,dry-meadow-grass-13.png,rlrc4f,rlrc4f.png,https://www.scanslibrary.com/storage/images/cd61AA435Nv5pKAY0r0yQ5kdXQWQvhc7bcHsOWYT.png
Dry Meadow Grass,dry-meadow-grass-14.png,rxjwet,rxjwet.png,https://www.scanslibrary.com/storage/images/pTfeuXMZSYL0NB1iNl2e99bzxxUho0beNY7ZJcfg.png
Dry Meadow Grass,dry-meadow-grass-15.png,sqp9tx,sqp9tx.png,https://www.scanslibrary.com/storage/images/MbGXE5gUXN1DJyJgFVSqb5mGDhgz20SV0hoGV61l.png
Dry Meadow Grass,dry-meadow-grass-16.png,zpeu58,zpeu58.png,https://www.scanslibrary.com/storage/images/AJPj3E3XoNOcfP78ArBpeqSFlUmqdCdRxNkvEH5K.png
Dry Meadow Plant,dry-meadow-plant-01.png,a39vaz,a39vaz.png,https://www.scanslibrary.com/storage/images/BTW0BWX2C7aZQf49WwGz9KEEwos6pRjbMdGhhBRj.png
Dry Meadow Plant,dry-meadow-plant-02.png,aajhny,aajhny.png,https://www.scanslibrary.com/storage/images/Iqi12jymysPztQHLjODALQpiisY21AYO0uYnDctI.png
Dry Meadow Plant,dry-meadow-plant-03.png,bl5rlt,bl5rlt.png,https://www.scanslibrary.com/storage/images/LaI1ow2z48RDMWWqLLv0GFnCoaP7miB2fgLghG4d.png
Dry Meadow Plant,dry-meadow-plant-04.png,de35en,de35en.png,https://www.scanslibrary.com/storage/images/9Ffj3V1g0FD7qNMeX7QLCRUiqAAaiyrN6ok0godY.png
Dry Meadow Plant,dry-meadow-plant-05.png,dry-meadow-plant-4jfgg6,dry-meadow-plant-4jfgg6.png,https://www.scanslibrary.com/storage/images/mKVz9FcdWE6hOGKbzQ58ReXxiCQmxEiUyT3gxVeD.png
Dry Meadow Plant,dry-meadow-plant-06.png,dry-meadow-plant-cfjxjb,dry-meadow-plant-cfjxjb.png,https://www.scanslibrary.com/storage/images/6w8N4SLOezac4cTYvSJIEqdhevO17HC8tjG3iisx.png
Dry Meadow Plant,dry-meadow-plant-07.png,dry-meadow-plant-cgdcef,dry-meadow-plant-cgdcef.png,https://www.scanslibrary.com/storage/images/26mQoYdj13sw8dLDO2o0xzD4cjpZQ46Z2GEhfqhs.png
Dry Meadow Plant,dry-meadow-plant-08.png,dry-meadow-plant-csv5sw,dry-meadow-plant-csv5sw.png,https://www.scanslibrary.com/storage/images/pLvVLuqPOUnjnnjetFgTFKLwO3ChrRZGumwEngVW.png
Dry Meadow Plant,dry-meadow-plant-09.png,dry-meadow-plant-jq3dekb,dry-meadow-plant-jq3dekb.png,https://www.scanslibrary.com/storage/images/QJNObwyTgHrLrGGC8BtMRkR1qJFqP7j8qcSi5LDH.png
Dry Meadow Plant,dry-meadow-plant-10.png,dry-meadow-plant-ktrdsh,dry-meadow-plant-ktrdsh.png,https://www.scanslibrary.com/storage/images/Zvmnr5Alcttn9E9DwzQoJjDnICs27N7dPzhPd2Pa.png
Dry Meadow Plant,dry-meadow-plant-11.png,dry-meadow-plant-nfw4af,dry-meadow-plant-nfw4af.png,https://www.scanslibrary.com/storage/images/4Z8YP3Ajb4eBuUUdLVHlG6cDCVTdK0KwstTgK2la.png
Dry Meadow Plant,dry-meadow-plant-12.png,dry-meadow-plant-p2kslyw,dry-meadow-plant-p2kslyw.png,https://www.scanslibrary.com/storage/images/b0nHiT0p6hSx4enA2va8BHeOoZv2ixF2d6wij4YG.png
Dry Meadow Plant,dry-meadow-plant-13.png,dry-meadow-plant-qsf7zmp,dry-meadow-plant-qsf7zmp.png,https://www.scanslibrary.com/storage/images/Bth4Zx3GENRRX2AgtsAVb66pX6DErCFdYrnbrCvu.png
Dry Meadow Plant,dry-meadow-plant-14.png,dry-meadow-plant-upahgnf,dry-meadow-plant-upahgnf.png,https://www.scanslibrary.com/storage/images/eBAG7gdcZV9Pf0oXUNHlW1dccKmEbCK19pVUOqNv.png
Dry Meadow Plant,dry-meadow-plant-15.png,dry-meadow-plant-xuvyrfv,dry-meadow-plant-xuvyrfv.png,https://www.scanslibrary.com/storage/images/1s8M7bNMDH9RQVfZq7atCqimT1z1Dr5umotBjkqG.png
Dry Meadow Plant,dry-meadow-plant-16.png,f9c8xh,f9c8xh.png,https://www.scanslibrary.com/storage/images/l8XqibF01Ft2Gl8QUdlaaMP3LFCbgTpwuaLOGoLA.png
Dry Meadow Plant,dry-meadow-plant-17.png,fcmz54,fcmz54.png,https://www.scanslibrary.com/storage/images/h9ZuBj4cVLy5rKOATcxo2niMy8S23lrTkAtd5p7K.png
Dry Meadow Plant,dry-meadow-plant-18.png,gjnfdd,gjnfdd.png,https://www.scanslibrary.com/storage/images/2dZ1CltREOUVAI59XTYz2XlUoRUKpVfSNeR110EF.png
Dry Meadow Plant,dry-meadow-plant-19.png,gtsvkn,gtsvkn.png,https://www.scanslibrary.com/storage/images/l0IQY7YSjsSr8YvCVdlCK5xDYRRfCLIHoqB8Tcbm.png
Dry Meadow Plant,dry-meadow-plant-20.png,gzph6r,gzph6r.png,https://www.scanslibrary.com/storage/images/XYEaccp7hHnB1NYakv3Nd7wKt2KgNG7jPjnYqm3L.png
Dry Meadow Plant,dry-meadow-plant-21.png,mcw9zw,mcw9zw.png,https://www.scanslibrary.com/storage/images/c8SWq3m2krYliNps1vlMxcvHhpi7KnkwpctRF7v5.png
Dry Meadow Plant,dry-meadow-plant-22.png,mspbqu,mspbqu.png,https://www.scanslibrary.com/storage/images/mZ9ZsPCCIUqbC7zJcjj1OmI60lJ6oAWRRjuvFKop.png
Dry Meadow Plant,dry-meadow-plant-23.png,nwyep7,nwyep7.png,https://www.scanslibrary.com/storage/images/Qy6aYSTXbOtPPvPRx4FiGdATaa507o8fnh63cXhH.png
Dry Meadow Plant,dry-meadow-plant-24.png,pwhbfb,pwhbfb.png,https://www.scanslibrary.com/storage/images/vPXywULMeLdybgKGTAacOt3ro29muK12iXOMzm8U.png
Dry Meadow Plant,dry-meadow-plant-25.png,qsvdxd,qsvdxd.png,https://www.scanslibrary.com/storage/images/D6P1Q7WRjl2Mz43dmibMYumvCuTlYf3UtyBBdAjB.png
Dry Meadow Plant,dry-meadow-plant-26.png,rbquur,rbquur.png,https://www.scanslibrary.com/storage/images/lQvXjgdOL1oZ48Dznhl4p1JiWvZ5UR63qAkHTeOK.png
Dry Meadow Plant,dry-meadow-plant-27.png,t9zsvc,t9zsvc.png,https://www.scanslibrary.com/storage/images/aeog3FYMSjPQ0ss3bZ1c3i5ObE76WKMNTCvXe7h8.png
Dry Meadow Plant,dry-meadow-plant-28.png,twbccx,twbccx.png,https://www.scanslibrary.com/storage/images/wDwwCZCENwX0UrPTE9bm9H8CKFaG1qeaNByUDYnh.png
Dry Meadow Plant,dry-meadow-plant-29.png,uv7jsm,uv7jsm.png,https://www.scanslibrary.com/storage/images/3J2r30QfM7O73wygZEr4u7nCqCXohKB1Vqi6WMDQ.png
Dry Meadow Plant,dry-meadow-plant-30.png,wxpccm,wxpccm.png,https://www.scanslibrary.com/storage/images/raomVJijJAqWcIjyGRM8Q7VJxvNhfmzbKfsffGC8.png
Dry Plant,dry-plant-01.png,248uf3,248uf3.png,https://www.scanslibrary.com/storage/images/p092q6W9WBch0JV5zOgJRGytNcvh4FJp5MMPQ2he.png
Dry Plant,dry-plant-02.png,2pbphe,2pbphe.png,https://www.scanslibrary.com/storage/images/TqPFQ5pudXEA05scJDA7kQXB82vjiRUi6HfOya2H.png
Dry Plant,dry-plant-03.png,3tysld,3tysld.png,https://www.scanslibrary.com/storage/images/9Z489ieG9AVpE4yZKysKkOVRpmsJwVwSJjxIioyB.png
Dry Plant,dry-plant-04.png,dva5tc,dva5tc.png,https://www.scanslibrary.com/storage/images/SNRv1bplxSIa8YHjspqvvbMEpQEnRRT7kV1U6Sjp.png
Dry Plant,dry-plant-05.png,kqxqux,kqxqux.png,https://www.scanslibrary.com/storage/images/UggDPmJGlDPXnRrbolso7aqWtlWp1I3EJaZJiG6N.png
Dry Plant,dry-plant-06.png,mmm2dm,mmm2dm.png,https://www.scanslibrary.com/storage/images/icVSxJngop8iWBHCrjD87Z0pL70VVeodcR6dsJW8.png
Dry Plant,dry-plant-07.png,w6tlqc,w6tlqc.png,https://www.scanslibrary.com/storage/images/43XaJJpOhLqLMCRk84GpAxQ1ch9xuix6WGc0vmXE.png
Dry Plant,dry-plant-08.png,xvlahk,xvlahk.png,https://www.scanslibrary.com/storage/images/WKAfBCVM4fjiUtgSWkEh6IHEHNO3InMujWWohgsR.png
Dry Plant 0 Cr,dry-plant-0-cr-01.png,fku9m4,fku9m4.png,https://www.scanslibrary.com/storage/images/6HYd042PWXtC8i3hm1ZHsZmtx2eAjXGKCOqlMaeA.png
Dry Plants,dry-plants-01.png,dry-plants-bpe9db,dry-plants-bpe9db.png,https://www.scanslibrary.com/storage/images/9POAoCI9sh3y1yqyntBU5Wyfht5yPeI0Q3H2Qyt4.png
Dry Plants,dry-plants-02.png,dry-plants-vsr6hn,dry-plants-vsr6hn.png,https://www.scanslibrary.com/storage/images/OXlNa23Hql0b6sUcLZ8dl9lblrYHicJY0Hw4GSOV.png
Dry Quercus Branch,dry-quercus-branch-01.png,dry-quercus-branch-au29fd4,dry-quercus-branch-au29fd4.png,https://www.scanslibrary.com/storage/images/AIOKELVdpAfFmD5q8X7dNlOBnzQQ4TLgcacQteUg.png
Dry Quercus Branch,dry-quercus-branch-02.png,dry-quercus-branch-feprap9,dry-quercus-branch-feprap9.png,https://www.scanslibrary.com/storage/images/3xuJ2XkvZ2MJFtdTr4Z4xwXg1Ilip45NTNEePxkR.png
Dry Quercus Branch,dry-quercus-branch-03.png,dry-quercus-branch-kqdsahk,dry-quercus-branch-kqdsahk.png,https://www.scanslibrary.com/storage/images/uwz6YsZ1G8OYWxyb3Wp5yUpRqm7RnqBDUglTKDeJ.png
Dry Quercus Branch,dry-quercus-branch-04.png,quercus-qmjhrvt,quercus-qmjhrvt.png,https://www.scanslibrary.com/storage/images/KELrfcIUTAVOKSHVPVVgCc1Qmtw8oIlVDOBgldqy.png
Dry Reed,dry-reed-01.png,dry-reed-8jeyak7,dry-reed-8jeyak7.png,https://www.scanslibrary.com/storage/images/OklLYXon2eiDbNGbbVl7VxIyDuH4i5ymmcA5vMjK.png
Dry Reed,dry-reed-02.png,dry-reed-96klqfm,dry-reed-96klqfm.png,https://www.scanslibrary.com/storage/images/U3L0klyf6j2LlJhBYMR090Xq1WGbrRaA9A1dc08y.png
Dry Reed,dry-reed-03.png,dry-reed-dxr7ctv,dry-reed-dxr7ctv.png,https://www.scanslibrary.com/storage/images/8GeYoyJAfSmFSSWa9vvIMYRzpPmktl89njbkbFVz.png
Dry Reed,dry-reed-04.png,dry-reed-fkcm282,dry-reed-fkcm282.png,https://www.scanslibrary.com/storage/images/2Ibo6ATV5VZezw5XQ5wkYhIVWkBYtRHY86yJnATL.png
Dry Reed,dry-reed-05.png,dry-reed-fz77zfu,dry-reed-fz77zfu.png,https://www.scanslibrary.com/storage/images/O5di8aEHZ4WOpOyRIl7SM7LShw3fq577sjro3q6S.png
Dry Reed,dry-reed-06.png,dry-reed-mfedtuz,dry-reed-mfedtuz.png,https://www.scanslibrary.com/storage/images/NREx1wto5m6wS7MO4um6SA87WWkOlj9MNwEWdSKb.png
Dry Reed,dry-reed-07.png,dry-reed-wrblxzr,dry-reed-wrblxzr.png,https://www.scanslibrary.com/storage/images/tYkiN6wgfAA5NhMngSNL96yjVKj3imExGExgPWrQ.png
Dry Reed,dry-reed-08.png,ffe6vq,ffe6vq.png,https://www.scanslibrary.com/storage/images/gss1c5d2X7QC6Nj9HNV5nJC4OSGh8OJE2En2WaAm.png
Dry Reed,dry-reed-09.png,kqxfgc,kqxfgc.png,https://www.scanslibrary.com/storage/images/JGsAsf1vZdsm7T595vC13MtAsFrBFgC703oVyVNy.png
Dry Reed,dry-reed-10.png,unspww,unspww.png,https://www.scanslibrary.com/storage/images/ZMegkufhIdwwwTd0vEAfoeZeB725erEaZ80jb3H7.png
Dry Taxus,dry-taxus-01.png,taxus-ycnt96s,taxus-ycnt96s.png,https://www.scanslibrary.com/storage/images/c75ZKWAEjNLrdIE50G4tiKmMSt3VniveaDVFAXdK.png
Dry Thorn,dry-thorn-01.png,dry-thorn-7eknyca,dry-thorn-7eknyca.png,https://www.scanslibrary.com/storage/images/MYTc0hCzRQ52axMubKWZdCbC7kiXbUt87qWimsAQ.png
Dry Thorn,dry-thorn-02.png,dry-thorn-al9mg7e,dry-thorn-al9mg7e.png,https://www.scanslibrary.com/storage/images/DUgjGokzbcJ0ftUsSWtAs1XDiluAMJIH0HPK90Yc.png
Dry Thorn,dry-thorn-03.png,dry-thorn-dt3qhwf,dry-thorn-dt3qhwf.png,https://www.scanslibrary.com/storage/images/cmLPpuMWkwlYgNpKGaiC2RWP4aOMncdng0MT2ygw.png
Dry Thorn,dry-thorn-04.png,dry-thorn-gdgbacy,dry-thorn-gdgbacy.png,https://www.scanslibrary.com/storage/images/GTbn3VZCe6UnqBdHKgOgoPnnXmASM2hYJSicjw3B.png
Dry Thorn,dry-thorn-05.png,dry-thorn-mgzhgfx,dry-thorn-mgzhgfx.png,https://www.scanslibrary.com/storage/images/cRQGq71N44VRL1J8EfAXsDhtqRhedOy1nKpViFR7.png
Dry Thorn,dry-thorn-06.png,dry-thorn-uzljdzh,dry-thorn-uzljdzh.png,https://www.scanslibrary.com/storage/images/SHQIAflTGGsHSNJLrgBvMirzS3umsGgzUGRvyJR8.png
Dry Thorn Plant,dry-thorn-plant-01.png,2g32dm,2g32dm.png,https://www.scanslibrary.com/storage/images/IjUp21bhzrLuRzObvb3y62IwdxRrem02qqIcjxd2.png
Dry Thorn Plant,dry-thorn-plant-02.png,d3rhe9,d3rhe9.png,https://www.scanslibrary.com/storage/images/veFsbFlCKgjyGCq8UDXb7EUAJZIiTGJRd57aLgGC.png
Dry Thorn Plant,dry-thorn-plant-03.png,h3zlwl,h3zlwl.png,https://www.scanslibrary.com/storage/images/sWKA8eFsxgCkh5wgovTK9hma1lSwR4fZmPMKLoQd.png
Dry Thorn Plant,dry-thorn-plant-04.png,jnunfy,jnunfy.png,https://www.scanslibrary.com/storage/images/0yjH6qow1NgvdDIJFvkS5YMfhfGgdxkczejx8JlZ.png
Dry Wheat,dry-wheat-01.png,4fupwa,4fupwa.png,https://www.scanslibrary.com/storage/images/MQC7KzqLVPD5CVQGqfMnoJBXvmdLl5YLhpyFdzSu.png
Dry Wheat,dry-wheat-02.png,9g3r6y,9g3r6y.png,https://www.scanslibrary.com/storage/images/y4IXmJcAW0K3tuftA4Ncy91q2qUMFTgoRstxqTsw.png
Dry Wheat,dry-wheat-03.png,ckhdlb,ckhdlb.png,https://www.scanslibrary.com/storage/images/cZe0zmqaCJmtcxKPuoqjFXJAYbRnE1O66RPG8QBw.png
Dry Wheat,dry-wheat-04.png,epbcyj,epbcyj.png,https://www.scanslibrary.com/storage/images/FrM3bH9xUNAjatfcYQabzJ5k5miap99F2AT1KIrp.png
Dry Wheat,dry-wheat-05.png,lg5bsk,lg5bsk.png,https://www.scanslibrary.com/storage/images/e4w9BcT6fRvgsWRKpyuulMdBAxmzaSAhAczNhYd8.png
Dry Wheat,dry-wheat-06.png,sdyhzd,sdyhzd.png,https://www.scanslibrary.com/storage/images/1SHMa2C42diUHkNt2two4sfGisaUsTIyMBBKX3yr.png
Dry Wheat,dry-wheat-07.png,syus73,syus73.png,https://www.scanslibrary.com/storage/images/KcCZ0V0L2uqbGW9r1vEwOFOSK5vIW2DXf1nafGJK.png
Dry Wheat,dry-wheat-08.png,v8be7m,v8be7m.png,https://www.scanslibrary.com/storage/images/iHXTNkmF82aY5NKOLGQhb39iKTB5gUVnG81bfLKp.png
Dry Wheat,dry-wheat-09.png,yanpvd,yanpvd.png,https://www.scanslibrary.com/storage/images/z6sY4wUy1Hk1NICJ9fA7HVzYBIZu5Bso2HObhjEh.png
Eremopyrum orientale,eremopyrum-orientale-01.png,dp9knw,dp9knw.png,https://www.scanslibrary.com/storage/images/5xCHRnCWQ6E5YXiRvCKb6hpVgTK6viyubU1lJriF.png
Eremopyrum orientale,eremopyrum-orientale-02.png,eqhx8k,eqhx8k.png,https://www.scanslibrary.com/storage/images/I3bMtebncK08gdWyPYUTAzvupVsUaWOgkALvoUze.png
Eremopyrum orientale,eremopyrum-orientale-03.png,vvb6cj,vvb6cj.png,https://www.scanslibrary.com/storage/images/Kb1PHnxfRN7jwiFnraHmVRE5i3WeAWiTrni19wzY.png
Eremopyrum orientale,eremopyrum-orientale-04.png,wd4hwb,wd4hwb.png,https://www.scanslibrary.com/storage/images/OlgswHlOZNQBP8HkWFw8dDHE9Q915tgYcKguo80w.png
Juncus,juncus-01.png,juncus-hejc7p,juncus-hejc7p.png,https://www.scanslibrary.com/storage/images/bJCMvbd4EKyrRrbWB7zJEON7o2zgjeOqK1YfO7Es.png
Juncus,juncus-02.png,juncus-jppdyn,juncus-jppdyn.png,https://www.scanslibrary.com/storage/images/eYBFllazbQwtC8zTVrJXDS8Tsj7A4ocixe6uTbmv.png
Juncus,juncus-03.png,juncus-jwayb6,juncus-jwayb6.png,https://www.scanslibrary.com/storage/images/lK87D9tbIn36D3IkrcrH7OOHlN2v4kFk8pLImss1.png
Juncus,juncus-04.png,juncus-n8ge9a,juncus-n8ge9a.png,https://www.scanslibrary.com/storage/images/3T3Srg1QTpxE1wOeZlJTPT9Nx8xfYnseDMbwYXyn.png
Lepidium draba,lepidium-draba-01.png,2cnwjy,2cnwjy.png,https://www.scanslibrary.com/storage/images/aIDMasbF0ZYWr9ujp1IK34DVsRlYkPDaz14VkHdK.png
Lepidium draba,lepidium-draba-02.png,3zkhgc,3zkhgc.png,https://www.scanslibrary.com/storage/images/8RL54gnJazIzIk8yk364strkeG7Xira5I6AJApQi.png
Lepidium draba,lepidium-draba-03.png,jhzgrm,jhzgrm.png,https://www.scanslibrary.com/storage/images/xplQBk8I2X8jVcF7eo6fda5wyVSsPHw0e9yaApAE.png
Lepidium draba,lepidium-draba-04.png,p7wps8,p7wps8.png,https://www.scanslibrary.com/storage/images/vtrWcivD9Kn3iBejbghTzpLpBTJH63guUjlR58IY.png
Plantago lanceolata,plantago-lanceolata-01.png,plantago-lanceolata-mdwnvqc,plantago-lanceolata-mdwnvqc.png,https://www.scanslibrary.com/storage/images/5IEqLFS8ak4LHndGGoegAFLzbB4vPoORVjvcX5nK.png
Reed,reed-01.png,reed-judtux,reed-judtux.png,https://www.scanslibrary.com/storage/images/aUn4mRxnYrscV2gfcKMDLhUKFhgiknupBGiXDIcm.png
Reed,reed-02.png,reed-xzpdjg,reed-xzpdjg.png,https://www.scanslibrary.com/storage/images/0pLJm4NUSd75i9uqDDvLsOzt6HrGBFhkFxIQSXR3.png
Rumex (Dry),rumex-dry-01.png,tdl7uu,tdl7uu.png,https://www.scanslibrary.com/storage/images/1V0OdXOYChSPYWGFBiDYkv3ttp8lRJCxyl2EOXyn.png
Rumex (Dry),rumex-dry-02.png,y2kbfk,y2kbfk.png,https://www.scanslibrary.com/storage/images/E2MHrE3S4xO8uBfMqzQx2kO9L3LLYGOOzc6O00BU.png
Shrub,shrub-01.png,shrub-hg4bdz,shrub-hg4bdz.png,https://www.scanslibrary.com/storage/images/UtxmXpVHZrCxnzxGZXjeITYhEAXn7C2Zcf68ABVZ.png
Shrub,shrub-02.png,shrub-pshemc,shrub-pshemc.png,https://www.scanslibrary.com/storage/images/zBAqM6J1ay4uVIgaPq0huCfAFNlCdBhtYlAS64vo.png
Straw,straw-01.png,jlwgyy,jlwgyy.png,https://www.scanslibrary.com/storage/images/y7Pg2QhIq9C9geVwV6IbOzspjHijTgi0DSZHVkh6.png
Straw,straw-02.png,qbh68z,qbh68z.png,https://www.scanslibrary.com/storage/images/lZscocGkVjCCd1Iih80iiheGte1QYq32bNLcUtEk.png
Straw,straw-03.png,suczvn,suczvn.png,https://www.scanslibrary.com/storage/images/3dWXx5apzI5cxl6ZTJmdFF0WGeVDpQ2fXMyLGO8K.png
Straw,straw-04.png,v3sx9j,v3sx9j.png,https://www.scanslibrary.com/storage/images/xvUPg59gzfyydtW1PNxCLvBJzVzdwgaiF0qj1leY.png
Thorn Plants,thorn-plants-01.png,thorn-plants-2mptgk,thorn-plants-2mptgk.png,https://www.scanslibrary.com/storage/images/NTN4EnKt3dv3HpYvA5ROQb6mJfsIHjzU8rY6ZnMZ.png
Abelia grandiflora,abelia-grandiflora-01.png,74nuvh,74nuvh.png,https://www.scanslibrary.com/storage/images/ZUSeLzZ2oQUfwG6sEFwwEW4CulyFHD7GdPKeSGDT.png
Abelia grandiflora,abelia-grandiflora-02.png,abelia-grandiflora-8yfa8r,abelia-grandiflora-8yfa8r.png,https://www.scanslibrary.com/storage/images/rFI131nlf5BPoWwjuD0S0vmlVCToPiTZ0UhdGWLi.png
Abelia grandiflora,abelia-grandiflora-03.png,abelia-grandiflora-dtd7rw,abelia-grandiflora-dtd7rw.png,https://www.scanslibrary.com/storage/images/xDN8GIrjA07AZDqfBeHYB1lp54u6eJhHdolXlfzR.png
Abelia grandiflora,abelia-grandiflora-04.png,abelia-grandiflora-fuvbkp,abelia-grandiflora-fuvbkp.png,https://www.scanslibrary.com/storage/images/YB8tygOjK4EG4W4vhoLXp4BxFVv3bq8P9rhbExTR.png
Abelia grandiflora,abelia-grandiflora-05.png,abelia-grandiflora-krwafm,abelia-grandiflora-krwafm.png,https://www.scanslibrary.com/storage/images/Zlz4mDS7PenV6nsmNWrOeemN7Qow68pWLiW9FZK8.png
Abelia grandiflora,abelia-grandiflora-06.png,abelia-grandiflora-psvcyp,abelia-grandiflora-psvcyp.png,https://www.scanslibrary.com/storage/images/dEQWSZ236AkdqkhA8Ta5jIsmDJhlGVH0OuV6dGqq.png
Abelia grandiflora,abelia-grandiflora-07.png,abelia-grandiflora-tax4uf,abelia-grandiflora-tax4uf.png,https://www.scanslibrary.com/storage/images/miyJQZB2bJdTjEkAxlT4pYA64WHz1A4Xs5wK2pG9.png
Abelia grandiflora,abelia-grandiflora-08.png,puj3zh,puj3zh.png,https://www.scanslibrary.com/storage/images/ZUI8s4RRB2Qzl3JeP4UlpYQJGD6Mg2zBrTTzTy8v.png
Actinidia deliciosa,actinidia-deliciosa-01.png,7lflkc,7lflkc.png,https://www.scanslibrary.com/storage/images/rLTNokJw9Lgs6wZCLQ2ui1ySHBmnmoxPHQ0axV3e.png
Actinidia deliciosa,actinidia-deliciosa-02.png,9drga4,9drga4.png,https://www.scanslibrary.com/storage/images/dFt9PPLvzTeZ7Il2t7PjI7maWmWmluXG18xqxKiR.png
Actinidia deliciosa,actinidia-deliciosa-03.png,9wjzln,9wjzln.png,https://www.scanslibrary.com/storage/images/eJjkjSGz9qJq281A8tXslTGRuKifrTaC3iXYWBnm.png
Actinidia deliciosa,actinidia-deliciosa-04.png,hc69zm,hc69zm.png,https://www.scanslibrary.com/storage/images/DCz2Bb2wyRWZtKLP0uWS3wH6xcfcnfwzZLcTqU1B.png
Actinidia deliciosa,actinidia-deliciosa-05.png,jybqtz,jybqtz.png,https://www.scanslibrary.com/storage/images/Ztxwdlq9cjnIFVyuPggc7ozrAa3jKTjET6UlRD8S.png
Actinidia deliciosa,actinidia-deliciosa-06.png,rlf3re,rlf3re.png,https://www.scanslibrary.com/storage/images/8GhWA90Sh2QG44rWPmQTkYFBtxBMsxGVCgQFXPbU.png
Actinidia deliciosa,actinidia-deliciosa-07.png,w5xydr,w5xydr.png,https://www.scanslibrary.com/storage/images/cuZ9YAiLmvUAGIKl92P4aHJYSRD2PmhG3YO9yN6Y.png
Actinidia deliciosa,actinidia-deliciosa-08.png,wgsasg,wgsasg.png,https://www.scanslibrary.com/storage/images/Cx9SUcxKYrkpDWPmjK255eIfizDu3nuasugBH8Xx.png
Actinidia deliciosa,actinidia-deliciosa-09.png,wyjp97,wyjp97.png,https://www.scanslibrary.com/storage/images/iNCBXFrchSi1NORfo0VU4N2tAQGCz8UaVAl8iUOk.png
Actinidia deliciosa -Kiwi,actinidia-deliciosa-kiwi-01.png,7pbbdl,7pbbdl.png,https://www.scanslibrary.com/storage/images/y79MqBtr8geGCZChz92noiOMppmRv8R3oMv6SWkr.png
Actinidia kolomikta,actinidia-kolomikta-01.png,actinidia-kolomikta-qecmcx,actinidia-kolomikta-qecmcx.png,https://www.scanslibrary.com/storage/images/lGDZwoz6PDulZMR6CZoR7ws3Dsw200fMK1iDkS78.png
Agastache nepetoides,agastache-nepetoides-01.png,agastache-nepetoides-awm58x,agastache-nepetoides-awm58x.png,https://www.scanslibrary.com/storage/images/pzSty46ZAmCNinhbQeHpAH1aAdR4bOWYxYjJg3h4.png
Agastache nepetoides,agastache-nepetoides-02.png,agastache-nepetoides-fgfpunx,agastache-nepetoides-fgfpunx.png,https://www.scanslibrary.com/storage/images/Pnweyn275ukbhXSWtqZWSzrRroANYTaT0mgBct2q.png
Agastache nepetoides,agastache-nepetoides-03.png,agastache-nepetoides-kreq7v,agastache-nepetoides-kreq7v.png,https://www.scanslibrary.com/storage/images/X0410v3mYO4bxQ2sbJDQ7ZdCWl4oQK8p8J0pUvjh.png
Agave americana,agave-americana-01.png,84vjsd,84vjsd.png,https://www.scanslibrary.com/storage/images/4pTLFbkjXGmDoitil5X7Ne9b7jUdPlnfzk5Qv1pC.png
Agave americana,agave-americana-02.png,ltredn,ltredn.png,https://www.scanslibrary.com/storage/images/joBbuy1rbn6iCJTOAXnMQhJwHcUFhND97TNfHb9a.png
Agave americana,agave-americana-03.png,smdk8r,smdk8r.png,https://www.scanslibrary.com/storage/images/iLGx4J6sjpL64JUeNsvWWwGuHeeRifD2Dh449A6O.png
Agave americana,agave-americana-04.png,ym78pu,ym78pu.png,https://www.scanslibrary.com/storage/images/LIjw9fhuBneW9xQEH1atFCodcoOhTSjEnyLfzaDu.png
Agave americana variegata,agave-americana-variegata-01.png,b4jlfq,b4jlfq.png,https://www.scanslibrary.com/storage/images/Cavxc3RlNpFDwb68u6Z2lmqrdflSpizPpAWGnWOw.png
Agave americana variegata,agave-americana-variegata-02.png,g62z2q,g62z2q.png,https://www.scanslibrary.com/storage/images/OMmecMHjNgV9vzbYd5cBBlch8nhWmBr9UlB4Tv3E.png
Aglaonema commutatum,aglaonema-commutatum-01.png,aglaonema-commutatum-3w7mft2,aglaonema-commutatum-3w7mft2.png,https://www.scanslibrary.com/storage/images/7327qtAEEtL2QlMhBuAJqo81VgF1krNhSba4sRIp.png
Aglaonema commutatum,aglaonema-commutatum-02.png,aglaonema-commutatum-g5zdbu,aglaonema-commutatum-g5zdbu.png,https://www.scanslibrary.com/storage/images/Vfh95NwvDRwgz1VCU412ojczeOJH9P5uUeRJMJVP.png
Aglaonema commutatum,aglaonema-commutatum-03.png,aglaonema-commutatum-qksdpv,aglaonema-commutatum-qksdpv.png,https://www.scanslibrary.com/storage/images/7tmQ2HFc0qhVD8xvFr8qbxzPWs0wQuiXf1yd7e71.png
Aglaonema commutatum,aglaonema-commutatum-04.png,aglaonema-commutatum-yswfh6k,aglaonema-commutatum-yswfh6k.png,https://www.scanslibrary.com/storage/images/2v3jqjB1qT0ZSqQD5fg3z9FUKGukIxtLAZ8riVY9.png
Aglaonema Commutatum,aglaonema-commutatum-05.png,nnlk7v,nnlk7v.png,https://www.scanslibrary.com/storage/images/XEl2mwq4ozvC7PittaBChfYaiug7tzrq0yBFQSXl.png
Aglaonema Commutatum,aglaonema-commutatum-06.png,vu4mjp,vu4mjp.png,https://www.scanslibrary.com/storage/images/8vQPYS728PJ81HdtLwGFhno1MhQTVG1CBht7vK2z.png
Ajuga reptans,ajuga-reptans-01.png,ajuga-reptans-5dzp6g,ajuga-reptans-5dzp6g.png,https://www.scanslibrary.com/storage/images/IbHm7raOF9C7ut4o9bPKnPweeyMp23TwQf1sAh3j.png
Ajuga reptans,ajuga-reptans-02.png,ajuga-reptans-jravjwq,ajuga-reptans-jravjwq.png,https://www.scanslibrary.com/storage/images/WLiKqzDpertAhvCIWCEJvlVhccylgp1XHmsaVjfl.png
Alcea rosea,alcea-rosea-09.png,gb2qmw,gb2qmw.png,https://www.scanslibrary.com/storage/images/z0Lr2xmBmkBAghjmlvyZiaL3pCBYE8pLtWj2UzEy.png
Alcea rosea,alcea-rosea-10.png,ujqpge,ujqpge.png,https://www.scanslibrary.com/storage/images/MJB3GClgj6GREYIEOelSTpaVfepDatJs9REGpicO.png
Alhagi maurorum,alhagi-maurorum-01.png,45htgs,45htgs.png,https://www.scanslibrary.com/storage/images/2NqxjUJDUCm8lSeX4uXIYheKsAgtdN4uqQWAjmZN.png
Alhagi maurorum,alhagi-maurorum-02.png,4akucv,4akucv.png,https://www.scanslibrary.com/storage/images/hWAUYEyCcxC6FQI9BqWv1mlvFqcGVeUXAonUfexL.png
Alhagi maurorum,alhagi-maurorum-03.png,5ydtsr,5ydtsr.png,https://www.scanslibrary.com/storage/images/UNC7GmVaM4XWM68q9uJZDFwD6HiL0tA2ZPoeubGw.png
Alhagi maurorum,alhagi-maurorum-04.png,ux2d8n,ux2d8n.png,https://www.scanslibrary.com/storage/images/qRPxjmzAtT54BYBaCL1CogmpRE7iWxthWP6ZsD15.png
Alhagi maurorum,alhagi-maurorum-05.png,xs6kat,xs6kat.png,https://www.scanslibrary.com/storage/images/qtP2EkHIDhu9cSY5tZNLxh5JkisNYvXh2CJfjplY.png
Alocasia amazonica,alocasia-amazonica-01.png,fbxuer,fbxuer.png,https://www.scanslibrary.com/storage/images/H0I6l76z5ipOHY67c0Sx7qVpAfMZtb4SDLtSdpYu.png
Alocasia macrorrhiza,alocasia-macrorrhiza-01.png,54jnkr,54jnkr.png,https://www.scanslibrary.com/storage/images/MEcgMfN0Rk1HcUquRPsQ4n1cmu8aL5wwUETNsm8M.png
Alocasia macrorrhiza,alocasia-macrorrhiza-02.png,7tedgn,7tedgn.png,https://www.scanslibrary.com/storage/images/x0xllTUltlZT3w1AKHK0agkUsVT1GD3M5EOLONjs.png
Alocasia macrorrhiza,alocasia-macrorrhiza-03.png,8bcrh6,8bcrh6.png,https://www.scanslibrary.com/storage/images/s9C1dhbx8eaIoNG5eB12wVzALurmtjra2Ig1V8k7.png
Alocasia macrorrhiza,alocasia-macrorrhiza-04.png,8k-alocasia-macrorrhiza-hsfs98w,8k-alocasia-macrorrhiza-hsfs98w.png,https://www.scanslibrary.com/storage/images/egXTrKWZc3dJMDiXK8jtAU2J0xfyfPu9jVT5USV0.png
Alocasia macrorrhiza,alocasia-macrorrhiza-05.png,9yvyxj,9yvyxj.png,https://www.scanslibrary.com/storage/images/y9HovQ4BWhgwHK4PHjrVEuscPz0CFdHIwRH5datC.png
Alocasia macrorrhiza,alocasia-macrorrhiza-06.png,alocasia-macrorrhiza-5az9wh,alocasia-macrorrhiza-5az9wh.png,https://www.scanslibrary.com/storage/images/bOSh5MzrMy0FVlTWFZMGr49V9Ka7eAJYz2QZDYC4.png
Alocasia macrorrhiza,alocasia-macrorrhiza-07.png,alocasia-macrorrhiza-758fat,alocasia-macrorrhiza-758fat.png,https://www.scanslibrary.com/storage/images/lgc0pRClcj2ZQ0zZHAwgEDQStYzjqJoQXiFyKTYX.png
Alocasia macrorrhiza,alocasia-macrorrhiza-08.png,alocasia-macrorrhiza-axfeat,alocasia-macrorrhiza-axfeat.png,https://www.scanslibrary.com/storage/images/3141miOa4zZ1vjqpsktcVA0PTNit6JNAjWmvmzxO.png
Alocasia macrorrhiza,alocasia-macrorrhiza-09.png,alocasia-macrorrhiza-fzgmyf,alocasia-macrorrhiza-fzgmyf.png,https://www.scanslibrary.com/storage/images/KvzL2TMD47MM3mY0HbAULJaj7dxFS6eiRnrwDAkJ.png
Alocasia macrorrhiza,alocasia-macrorrhiza-10.png,alocasia-macrorrhiza-gvhutbj,alocasia-macrorrhiza-gvhutbj.png,https://www.scanslibrary.com/storage/images/1O2XxaeBswV5BIrbO3JXVEmk1ztPksKCEYJKCX8Y.png
Alocasia macrorrhiza,alocasia-macrorrhiza-11.png,alocasia-macrorrhiza-hcmth4,alocasia-macrorrhiza-hcmth4.png,https://www.scanslibrary.com/storage/images/HpEzy1q0ocZeqWgCBLxDgmKq2Y17ntmQUEWKvOnr.png
Alocasia macrorrhiza,alocasia-macrorrhiza-12.png,alocasia-macrorrhiza-kts6pe,alocasia-macrorrhiza-kts6pe.png,https://www.scanslibrary.com/storage/images/8XWmeLEBQTULRjn7TZKUiBnZjjfdjTVpz8GUonwC.png
Alocasia macrorrhiza,alocasia-macrorrhiza-13.png,alocasia-macrorrhiza-mqxc4x,alocasia-macrorrhiza-mqxc4x.png,https://www.scanslibrary.com/storage/images/RBbeYfNslGZIevv7oaMgrbCMPuHBUbAVzRHtoaq0.png
Alocasia macrorrhiza,alocasia-macrorrhiza-14.png,alocasia-macrorrhiza-mune2da,alocasia-macrorrhiza-mune2da.png,https://www.scanslibrary.com/storage/images/muyVtM9ifFVgERS0UKJFWTWMTu9pA0zjUUXwE72X.png
Alocasia macrorrhiza,alocasia-macrorrhiza-15.png,alocasia-macrorrhiza-mxjds8,alocasia-macrorrhiza-mxjds8.png,https://www.scanslibrary.com/storage/images/gXMmM9Ze10HlhNs0ZB3FBD5h4tYHYMUs42uSeWNN.png
Alocasia macrorrhiza,alocasia-macrorrhiza-16.png,alocasia-macrorrhiza-nynumyk,alocasia-macrorrhiza-nynumyk.png,https://www.scanslibrary.com/storage/images/huV0XMPmM2QELlbVwv8uBdinre6dmrPGC7o9g212.png
Alocasia macrorrhiza,alocasia-macrorrhiza-17.png,alocasia-macrorrhiza-qtbdjb,alocasia-macrorrhiza-qtbdjb.png,https://www.scanslibrary.com/storage/images/4DFq43K7RmHYvPNbsTXoWegJzpKuxCYFYAey2pfu.png
Alocasia macrorrhiza,alocasia-macrorrhiza-18.png,alocasia-macrorrhiza-rxlzes,alocasia-macrorrhiza-rxlzes.png,https://www.scanslibrary.com/storage/images/0tLYTirnrrlyjjXd18GNkGORvJE6VSTXriJVYDAK.png
Alocasia macrorrhiza,alocasia-macrorrhiza-19.png,alocasia-macrorrhiza-tqbsyq,alocasia-macrorrhiza-tqbsyq.png,https://www.scanslibrary.com/storage/images/IRdrr4K9qIcXfbzJ6ffZUIV6ipgychtDjYQNSZSJ.png
Alocasia macrorrhiza,alocasia-macrorrhiza-20.png,alocasia-macrorrhiza-vazarz,alocasia-macrorrhiza-vazarz.png,https://www.scanslibrary.com/storage/images/JmqcXWQ2xeHxWXVAe7tJNsgMmtIuU6JCr85qhlaQ.png
Alocasia macrorrhiza,alocasia-macrorrhiza-21.png,alocasia-macrorrhiza-xbzy7k,alocasia-macrorrhiza-xbzy7k.png,https://www.scanslibrary.com/storage/images/abBnYOE52hP1otwKepSBswU1Lduse8vvO9UsOXGv.png
Alocasia macrorrhiza,alocasia-macrorrhiza-22.png,alocasia-macrorrhiza-xnzfkw,alocasia-macrorrhiza-xnzfkw.png,https://www.scanslibrary.com/storage/images/igAOsjLDtWcwzt0qC5dd0JZZ1QMSRfi4lk1X3VOW.png
Alocasia macrorrhiza,alocasia-macrorrhiza-23.png,alocasia-macrorrhiza-zasask,alocasia-macrorrhiza-zasask.png,https://www.scanslibrary.com/storage/images/dG9asRR1mHmsln7PJ5hnALuhw6qTqEA0iGs43HIH.png
Alocasia macrorrhiza,alocasia-macrorrhiza-24.png,dskc5s,dskc5s.png,https://www.scanslibrary.com/storage/images/3R3oCOyddvGKLMw8zYpRuhSZT1AZCREGAqpnQtoA.png
Alocasia macrorrhiza,alocasia-macrorrhiza-25.png,fhzgwh,fhzgwh.png,https://www.scanslibrary.com/storage/images/fgaxOSp8xFDjdxQDJHzQ1sou2s2ritYBset6qrqQ.png
Alocasia macrorrhiza,alocasia-macrorrhiza-26.png,gzttbh,gzttbh.png,https://www.scanslibrary.com/storage/images/WD6c1RpceiS45Ut0SRyAb5mtD2l27ovGjqtQBBtc.png
Alocasia macrorrhiza,alocasia-macrorrhiza-27.png,mmnlfg,mmnlfg.png,https://www.scanslibrary.com/storage/images/Dep8ytNXOzz9jz1pWjROPv9zm3Sy2LDNrZXwTMGU.png
Alocasia macrorrhiza,alocasia-macrorrhiza-28.png,p46dhy,p46dhy.png,https://www.scanslibrary.com/storage/images/AUOsxScDIvsqL00jLxBTFlN6x5jzg1ZlLtVYy84F.png
Alocasia macrorrhiza,alocasia-macrorrhiza-29.png,srcyks,srcyks.png,https://www.scanslibrary.com/storage/images/S4GRHSrdQZ4gDvQpLC0UXDVulIwoztkEYhQAlRcZ.png
Alocasia macrorrhiza,alocasia-macrorrhiza-30.png,w8djhg,w8djhg.png,https://www.scanslibrary.com/storage/images/waFocqBclnPKJpl1Tfk9Gr87wD79ILjFChU9b18V.png
Alocasia macrorrhiza,alocasia-macrorrhiza-31.png,wbtkn4,wbtkn4.png,https://www.scanslibrary.com/storage/images/6JnSM2C9cAnk94CG3elQtLClHt6M7NcLIwFW869D.png
Alocasia macrorrhiza,alocasia-macrorrhiza-32.png,xpf3hk,xpf3hk.png,https://www.scanslibrary.com/storage/images/RDH47XiYDcVqRV9ih4ZXvwR6YqmQO07LdBDz6mWG.png
Alopecurus Myosuroides,alopecurus-myosuroides-01.png,7xgffw,7xgffw.png,https://www.scanslibrary.com/storage/images/OXwVgJYDmNYZd6JC4frquCVK7lhcGOScUYeMoNtO.png
Alopecurus Myosuroides,alopecurus-myosuroides-02.png,ad6xhq,ad6xhq.png,https://www.scanslibrary.com/storage/images/FnE7FLyxdUeVtsNmwroL3fdW2EV0Ym4kYNC1OcUp.png
Alopecurus Myosuroides,alopecurus-myosuroides-03.png,dhkqdz,dhkqdz.png,https://www.scanslibrary.com/storage/images/RCHIuDPCOyzaF7aFyR9te1HtTTMuEphmHybWhI3o.png
Alpinia tricolor,alpinia-tricolor-01.png,6dcgw8,6dcgw8.png,https://www.scanslibrary.com/storage/images/faoLOd2CPtORpAe8IPC9Cvv4jnHAD383D8bgvpoE.png
Alpinia tricolor,alpinia-tricolor-02.png,acawdn,acawdn.png,https://www.scanslibrary.com/storage/images/PfqEzH1YjJJ4UIaSKAltzzvMZzobsaCTowXLoj0Z.png
Amaranth,amaranth-01.png,amaranth-8qmwxx,amaranth-8qmwxx.png,https://www.scanslibrary.com/storage/images/tJGHLt0Gw1ywxXF0bMV6BNhnpmOooilhXEmsiQik.png
Amaranth,amaranth-02.png,amaranth-edqqzu,amaranth-edqqzu.png,https://www.scanslibrary.com/storage/images/1xUBrlqiKPB714S7hOHLk6LVJ8qzFZ3zWgJh9yQ1.png
Amaranth,amaranth-03.png,amaranth-sqvmml,amaranth-sqvmml.png,https://www.scanslibrary.com/storage/images/KHOZpychzg1G0KJFYkRoJU0esXCqZglWNVa2WdGJ.png
American Pokeweed,american-pokeweed-01.png,american-pokeweed-ds8bge,american-pokeweed-ds8bge.png,https://www.scanslibrary.com/storage/images/HmB57kt204kNnvQTI5wo7gF0MJO21olvm2FyaByl.png
Anchusa leptophylla,anchusa-leptophylla-06.png,e3ws6n,e3ws6n.png,https://www.scanslibrary.com/storage/images/3FwPh0LKaKOgQg4VEC4N4rknrjq9rmqmVMK39Q8W.png
Anchusa leptophylla,anchusa-leptophylla-07.png,g5gjkm,g5gjkm.png,https://www.scanslibrary.com/storage/images/KaKYU2WTHhsgKDomeOZCoj6SpCqEEfbc6lbFVu6Z.png
Anchusa leptophylla,anchusa-leptophylla-08.png,nz2jhk,nz2jhk.png,https://www.scanslibrary.com/storage/images/6wmtCnflNBLiAWcYb48uw0LdtcwtptpQmdr8xbok.png
Anchusa leptophylla,anchusa-leptophylla-09.png,qeey6y,qeey6y.png,https://www.scanslibrary.com/storage/images/PeXvt1I541X3pvJyKaiFBNSrr2ZwpeRyvavLRCCG.png
Anchusa leptophylla,anchusa-leptophylla-10.png,sdwpak,sdwpak.png,https://www.scanslibrary.com/storage/images/NHcPBaP3Eq5o9eunxbnKLwP5iGgNwyL5wCawhi26.png
Anemone multifida,anemone-multifida-02.png,anemone-multifida-yp54atm,anemone-multifida-yp54atm.png,https://www.scanslibrary.com/storage/images/e6yYI6ik7vBPtBsyqKjR2JFjwPSmofMf9AcBLI51.png
Anemone multifida,anemone-multifida-03.png,anemone-multifida-zgk6d5h,anemone-multifida-zgk6d5h.png,https://www.scanslibrary.com/storage/images/P5iRLWFRlZrHgHPAjmjjYzvr5Z6OcQkLbJuQO34O.png
Arbutus spp.,arbutus-spp-01.png,bmzwuf,bmzwuf.png,https://www.scanslibrary.com/storage/images/t9ji59HGIEkm79IuwH6S6Hf4HLdaDaQfcW3p4kZC.png
Arbutus spp.,arbutus-spp-02.png,bspdbw,bspdbw.png,https://www.scanslibrary.com/storage/images/R8VM9p6PrpPBLAnOux6ZvdRchE9EGDHR3338tgYc.png
Arbutus spp.,arbutus-spp-03.png,dmf2va,dmf2va.png,https://www.scanslibrary.com/storage/images/UpQATIQWA0QsAU3taulGECmEMiu2o1zw9FdKgAiE.png
Arbutus spp.,arbutus-spp-04.png,kn58fv,kn58fv.png,https://www.scanslibrary.com/storage/images/qGa27W454sfWRVKJUQcyWGQE8kLydsoRRluNdUDC.png
Arbutus spp.,arbutus-spp-05.png,qfks97,qfks97.png,https://www.scanslibrary.com/storage/images/K1derCp6LDo53SGH1mIUUbPqJG4LPgtaEU4R81NY.png
Arbutus spp.,arbutus-spp-06.png,vprmq2,vprmq2.png,https://www.scanslibrary.com/storage/images/ovF0PBDxr8hPv8gVlD2BmQEeeEA7o0sO6PvCpXOg.png
Arbutus spp.,arbutus-spp-07.png,ywbzrm,ywbzrm.png,https://www.scanslibrary.com/storage/images/TE6RnY2IATC5MOezPY8F2mAWUS4nnhGBjvWKoO6g.png
Areca,areca-01.png,3nxas2,3nxas2.png,https://www.scanslibrary.com/storage/images/NfJhgzQVQaNRqHnknuWRb7WtQjRa0g6C9grjIDYB.png
Areca,areca-02.png,5dj3dh,5dj3dh.png,https://www.scanslibrary.com/storage/images/CJyRV9ZcjlGG6yY1K518aGM0HU2hFevX7tiyVpKS.png
Areca,areca-03.png,5qptea,5qptea.png,https://www.scanslibrary.com/storage/images/WtFU5MsOWeB1kry8oydN61238xZEX65rpOUsjIuq.png
Areca,areca-04.png,6nyuha,6nyuha.png,https://www.scanslibrary.com/storage/images/H4qz2reNnNQ8OawgAsrXUC9RDBkwsKsZOVjRu3bO.png
Areca,areca-05.png,8k-areca-gl9cn7v,8k-areca-gl9cn7v.png,https://www.scanslibrary.com/storage/images/PRHcnkRBXqJYmt8aXCROvA59RSERgsbIUInUzkJy.png
Areca,areca-06.png,ajp5wk,ajp5wk.png,https://www.scanslibrary.com/storage/images/7ZGwMzYgXOVUHz10uBYYfuqayDkZe5nwYd6L3SUJ.png
Areca,areca-07.png,areca-4wnymrn,areca-4wnymrn.png,https://www.scanslibrary.com/storage/images/2BCygwVcCLMJFRK61TpVTNKLIeCIZL00rkvt0aCG.png
Areca,areca-08.png,areca-9nda3f,areca-9nda3f.png,https://www.scanslibrary.com/storage/images/LpSEjtbR9npRwokVqTfh6hyp54M2naDtx0EdXvL9.png
Areca,areca-09.png,areca-dx4zxb,areca-dx4zxb.png,https://www.scanslibrary.com/storage/images/TE9NUdJFGA9ESLRb5CMUvrWM9Ih6QwJx9ZjPrrOu.png
Areca,areca-10.png,areca-gpjqlqp,areca-gpjqlqp.png,https://www.scanslibrary.com/storage/images/wcZWcM9VnLL4E3LiSJrh9pKsMe7VlhK3BCr8w0p5.png
Areca,areca-11.png,areca-mde7vq,areca-mde7vq.png,https://www.scanslibrary.com/storage/images/cCC5lH5WHxsrMX3zWqHuFOEC2214nZUHE4JuB97u.png
Areca,areca-12.png,df5uft,df5uft.png,https://www.scanslibrary.com/storage/images/qsnsJehtg4LQk2TLAZBiNtY16oBZf8L7dFXQcDVz.png
Areca,areca-13.png,hpdexq,hpdexq.png,https://www.scanslibrary.com/storage/images/xcvBPYk3l1HVGnUYwMN6LbTxiKTZkkTyCaBMv5ay.png
Areca,areca-14.png,mvsvrx,mvsvrx.png,https://www.scanslibrary.com/storage/images/42zfy9TRaN7c1p7YsUut2GlzqzgGatnLQkqalxfW.png
Areca,areca-15.png,q5zm2g,q5zm2g.png,https://www.scanslibrary.com/storage/images/xzKu3nKJ0OoaIJaHJvehZMM56phqE44vYWZjMMht.png
Areca,areca-16.png,syzyt2,syzyt2.png,https://www.scanslibrary.com/storage/images/ZYuXT9oPhcAZ9FxIRCN1nqn6Blf3t8UoDOERc2v3.png
Areca,areca-17.png,tkredh,tkredh.png,https://www.scanslibrary.com/storage/images/FD7SR3t5JOEFjU8vT2cVkoCEGBPilPkf4qIU7fGa.png
Areca,areca-18.png,tqgfzz,tqgfzz.png,https://www.scanslibrary.com/storage/images/LdW8rbIMobMoKmQE1cLzLagIuZ31iSKZI7Mdout1.png
Areca,areca-19.png,vdmzk4,vdmzk4.png,https://www.scanslibrary.com/storage/images/yTlFcJPBm4ND65KAcGyJU4v0DPsISO1k6YrfUuAd.png
Areca,areca-20.png,vmgr7m,vmgr7m.png,https://www.scanslibrary.com/storage/images/zD1qBEv1mJAXYtotDxcpvPd9zTIH2N3G1HRdINsG.png
Areca,areca-21.png,wdzt7z,wdzt7z.png,https://www.scanslibrary.com/storage/images/F5CLvvzAfph37NlFuYXmK3C7tICDpeNCwhCUCMOn.png
Areca,areca-22.png,zsuu5m,zsuu5m.png,https://www.scanslibrary.com/storage/images/2qdF6NvP26BGkUxKbc5MF3ldibC52OB1xqYDRbno.png
Aruncus dioicus,aruncus-dioicus-01.png,aruncus-dioicus-kgnmabm,aruncus-dioicus-kgnmabm.png,https://www.scanslibrary.com/storage/images/fP3yv0SgnK3yEATntQchLZLVowPmRAwcR0oIXgLj.png
Aruncus dioicus,aruncus-dioicus-02.png,aruncus-dioicus-p5yynuv,aruncus-dioicus-p5yynuv.png,https://www.scanslibrary.com/storage/images/gPzTS2058g7wInkuIIsWASF6hNpokKLW7lFIAf1D.png
Aruncus dioicus,aruncus-dioicus-03.png,aruncus-dioicus-uls4dyv,aruncus-dioicus-uls4dyv.png,https://www.scanslibrary.com/storage/images/rxV3glZZAgo5r4adO1jdfoFtVsKMBhqNSqJrzjmQ.png
Asarum europaeum,asarum-europaeum-01.png,asarum-europaeum-gguw3h,asarum-europaeum-gguw3h.png,https://www.scanslibrary.com/storage/images/0bctzuxmIjExJ6rCoQ2CEGl6eJeyU6xDcczY6FpH.png
Asplenium nidus,asplenium-nidus-01.png,asplenium-nidus-4sbp3j,asplenium-nidus-4sbp3j.png,https://www.scanslibrary.com/storage/images/khspuvQrWybO5Wos7CPWNgmeHXCGsUjeCK4hvwMG.png
Asplenium nidus,asplenium-nidus-02.png,asplenium-nidus-5jnfqf,asplenium-nidus-5jnfqf.png,https://www.scanslibrary.com/storage/images/gHfpXhgZV2ZCyxR7RwWpvBaLQhS0uJChK3utqiK8.png
Asplenium nidus,asplenium-nidus-03.png,glknxm,glknxm.png,https://www.scanslibrary.com/storage/images/Pn2AxyMgdBbQapxlcil1CKzciIe1afsrAyfB8MD9.png
Asplenium nidus,asplenium-nidus-04.png,wy8uwv,wy8uwv.png,https://www.scanslibrary.com/storage/images/GiT6R5lDganeusASgkp2fBnW4nkMngVcjpPWUNb0.png
Asplenium nidus,asplenium-nidus-05.png,y4myab,y4myab.png,https://www.scanslibrary.com/storage/images/PnrrA6S1mHImMD5dS0plvbC82Gq6wJ40SgkVgYpB.png
Asplenium septentrionale,asplenium-septentrionale-01.png,jfftja,jfftja.png,https://www.scanslibrary.com/storage/images/GMo0pOuX44CDotugirJOjBAJtT6qpugIwC9rQKnM.png
Astragalus hamosus,astragalus-hamosus-01.png,qpgmwd,qpgmwd.png,https://www.scanslibrary.com/storage/images/l65dc2DjFSjEvVkTeuaO3C6763IW9XfrEdvutVEg.png
Athyrium filix-femina,athyrium-filix-femina-01.png,6er9t2,6er9t2.png,https://www.scanslibrary.com/storage/images/NyGDUwLgrPPzt2ypze5pDCcA9vS0D7nynsgxiKpD.png
Athyrium filix-femina,athyrium-filix-femina-02.png,773ea9,773ea9.png,https://www.scanslibrary.com/storage/images/8TFUR2XmFzy8RZ5O95sgSpTa2BRT0LOpnjsUi4hk.png
Athyrium filix-femina,athyrium-filix-femina-03.png,9fb2zl,9fb2zl.png,https://www.scanslibrary.com/storage/images/ChAUhi9HPrXZpTvWSYM91zRXKMGk2xfQZUm2e7XD.png
Athyrium filix-femina,athyrium-filix-femina-04.png,a4cjpa,a4cjpa.png,https://www.scanslibrary.com/storage/images/vkbF3oldXiwiSF9IzWa1S1Fwfc5vXhAtxuQ4x18b.png
Athyrium filix-femina,athyrium-filix-femina-05.png,b3sjkh,b3sjkh.png,https://www.scanslibrary.com/storage/images/tcFbcI6P22eFtQBqCTc9oRdo13nf67QMDiizDE2U.png
Athyrium filix-femina,athyrium-filix-femina-06.png,e3sugl,e3sugl.png,https://www.scanslibrary.com/storage/images/mhch8wxc1MkGdVxzAMbf4lVjvdmZzTpFSJSkr7oz.png
Athyrium filix-femina,athyrium-filix-femina-07.png,fern-68bhmr,fern-68bhmr.png,https://www.scanslibrary.com/storage/images/r3kxW5BnQk5TGQwwpArt7Rg3hPUNOUiXHFIecvZq.png
Athyrium filix-femina,athyrium-filix-femina-08.png,fern-kz43z7,fern-kz43z7.png,https://www.scanslibrary.com/storage/images/rGD5LmOTDilhRSNx94NWaBpoqSLPk2Fs7bmvJ775.png
Athyrium filix-femina,athyrium-filix-femina-09.png,fern-lpjhqb,fern-lpjhqb.png,https://www.scanslibrary.com/storage/images/iVLOcg1HDCmc2warrSaeFEteyxvM75oYuSzxbaF1.png
Athyrium filix-femina,athyrium-filix-femina-10.png,fern-slb6tk,fern-slb6tk.png,https://www.scanslibrary.com/storage/images/EkcTOLFYPr16kpwUiE3Si7grcWRAjRcT7vHs1AyG.png
Athyrium filix-femina,athyrium-filix-femina-11.png,fern-ymykch,fern-ymykch.png,https://www.scanslibrary.com/storage/images/V1DmwS3EqiTXAOBfIZSuPlbrpdA6MLxEkVm68M36.png
Athyrium filix-femina,athyrium-filix-femina-12.png,gbdlma,gbdlma.png,https://www.scanslibrary.com/storage/images/XEnt88cy8g1KSyPt1HKM8YYaFTSpXRZRjDI3tkXl.png
Athyrium filix-femina,athyrium-filix-femina-13.png,hxdjku,hxdjku.png,https://www.scanslibrary.com/storage/images/99njkbIdIUBeStps6HOtR0Z56eALqwFiXzmc8WJb.png
Athyrium filix-femina,athyrium-filix-femina-14.png,jg3gac,jg3gac.png,https://www.scanslibrary.com/storage/images/F6joRBfFapO17oSEwvpXauzMGZpfG037wnnYQolU.png
Athyrium filix-femina,athyrium-filix-femina-15.png,kd4hmf,kd4hmf.png,https://www.scanslibrary.com/storage/images/I6wqDZBr6TR7fxxMtrXRDJ0PMOeHdPuMAugBld1n.png
Athyrium filix-femina,athyrium-filix-femina-16.png,mumjmq,mumjmq.png,https://www.scanslibrary.com/storage/images/jOsSkb8rANHshKZGcgyWi6b4WaRZCqiicGS1OTgJ.png
Athyrium filix-femina,athyrium-filix-femina-17.png,pa3vw3,pa3vw3.png,https://www.scanslibrary.com/storage/images/GgF8rk5eF28kp3aIarAdAPrriQUy3jZlRIDPG11H.png
Athyrium filix-femina,athyrium-filix-femina-18.png,r5pbez,r5pbez.png,https://www.scanslibrary.com/storage/images/Afh93xFWpOnwBoZ1dFe2qFbS7adwsvsCK5MuRZOV.png
Athyrium filix-femina,athyrium-filix-femina-19.png,rkvjuu,rkvjuu.png,https://www.scanslibrary.com/storage/images/Y4sqWpc3nMw82NFIXBeQGzsyKDv242ZeslQjBBoa.png
Athyrium filix-femina,athyrium-filix-femina-20.png,s3vss3,s3vss3.png,https://www.scanslibrary.com/storage/images/DBTDaRNUQ52HbW9g6gsN8x31vdn7D22idQMDCtxj.png
Athyrium filix-femina,athyrium-filix-femina-21.png,tr586a,tr586a.png,https://www.scanslibrary.com/storage/images/96K7ksGCooWOZyPPBwulEhZXjIIv94WHGTCbHXW9.png
Athyrium filix-femina,athyrium-filix-femina-22.png,v3qmqf,v3qmqf.png,https://www.scanslibrary.com/storage/images/DY0CtNCCtXgE6ktDFEO12dXZ5NsNVdz2WTBtRhwU.png
Athyrium filix-femina 0 Cr,athyrium-filix-femina-0-cr-01.png,vfehbu,vfehbu.png,https://www.scanslibrary.com/storage/images/0fkfc52LCMAQLjeQzUgkLqa1ZI8J5GI7VfWb0gJO.png
Aucuba japonica variegata,aucuba-japonica-variegata-01.png,epaz8a,epaz8a.png,https://www.scanslibrary.com/storage/images/mSfG4GuU6QJUt6Yd5SZdJQbEtwa9CPkMiTW7OXMz.png
Aucuba japonica variegata,aucuba-japonica-variegata-02.png,pjdruc,pjdruc.png,https://www.scanslibrary.com/storage/images/b70rRYMATwZDhziBmX1r729VpDAnpxUIlpsdryE7.png
Aucuba japonica variegata,aucuba-japonica-variegata-03.png,rp6jdd,rp6jdd.png,https://www.scanslibrary.com/storage/images/CmHor5KpmWen8JRu8qTWtz32936cdPwrqbXrKdGO.png
Aucuba japonica variegata,aucuba-japonica-variegata-04.png,udgcsr,udgcsr.png,https://www.scanslibrary.com/storage/images/lGU9jKZQr4GnWXtsDJDUDNgzJg1LbOBSNU5TdpQa.png
Aucuba japonica variegata,aucuba-japonica-variegata-05.png,ug9hma,ug9hma.png,https://www.scanslibrary.com/storage/images/eruigIK3CbbCNJYrVeRNEQeAtjwhCIwCd9vIgOOn.png
Aucuba japonica variegata,aucuba-japonica-variegata-06.png,ugugam,ugugam.png,https://www.scanslibrary.com/storage/images/UDTlYFJggWdOSv3mfUXQx86YzZ88DTyR63WVTh1G.png
Aucuba japonica variegata,aucuba-japonica-variegata-07.png,urjcja,urjcja.png,https://www.scanslibrary.com/storage/images/KgPPB2yvcfsOvoo0UwBTprvJm99lhwbrbWnP29ml.png
Aucuba japonica variegata,aucuba-japonica-variegata-08.png,zy9hkt,zy9hkt.png,https://www.scanslibrary.com/storage/images/FojsIkRB99x9DM1f5mP0vs3FDnm8fMupFgy1k6eK.png
Avena fatua,avena-fatua-10.png,7txpfp,7txpfp.png,https://www.scanslibrary.com/storage/images/GVVLr8tIqpOCCoa7mLsBLIgZTiacqbAtPnvJqeoY.png
Avena fatua,avena-fatua-11.png,acjfzv,acjfzv.png,https://www.scanslibrary.com/storage/images/KaOMX5yzlLaw2Fe7q4P6OZvysTO1LJQXMfPFY6rY.png
Avena fatua,avena-fatua-12.png,dmupxq,dmupxq.png,https://www.scanslibrary.com/storage/images/PARPSwA5jGoRemXfmhM9Ir1ovf2aSf6YjFMaIrra.png
Avena fatua,avena-fatua-13.png,fepbzg,fepbzg.png,https://www.scanslibrary.com/storage/images/ZIpYTzQx0dwnxwgrAV58XHbLqTESmSgDKyvheIEW.png
Avena fatua,avena-fatua-14.png,hmldc2,hmldc2.png,https://www.scanslibrary.com/storage/images/1VBHNK1jTorWt7pAXglfVXE61PnvuUrhsbuYgUqY.png
Avena fatua,avena-fatua-15.png,kg78tq,kg78tq.png,https://www.scanslibrary.com/storage/images/ysopSSemExphjHDVGchJ5bv2wHyoQNxLTX7jRISc.png
Avena fatua,avena-fatua-16.png,lkst2b,lkst2b.png,https://www.scanslibrary.com/storage/images/PMAfEMtHSlKED8EsQQVSMcHKxbXND0JdH97k223o.png
Avena fatua,avena-fatua-17.png,pkwr8b,pkwr8b.png,https://www.scanslibrary.com/storage/images/XfZKH6f1sRukDR30JsLtj0keuRkEqXs11qYFQg1G.png
Avena fatua,avena-fatua-18.png,upw8qt,upw8qt.png,https://www.scanslibrary.com/storage/images/Ma1bhr3sT01EAc5fKBnXEOO7jwdx6pSAOYbd5IGP.png
Avena fatua,avena-fatua-19.png,vwx3x5,vwx3x5.png,https://www.scanslibrary.com/storage/images/kwQQ0X9TJiingQqSqCtz849FGWv0jNxldWFPaVx3.png
Avena fatua,avena-fatua-20.png,w8vzpl,w8vzpl.png,https://www.scanslibrary.com/storage/images/FL9D2OVNM17oaA8MC2pVzhIhKMCahfWb0qX6vcnU.png
Avena fatua,avena-fatua-21.png,weedlh,weedlh.png,https://www.scanslibrary.com/storage/images/cEKRnZVZEpB7BPjaQY9yUa39oQfk6wIR0A4VgJPd.png
Avena fatua,avena-fatua-22.png,xxxrbl,xxxrbl.png,https://www.scanslibrary.com/storage/images/iwytkFrXkdeLDEtNLcgcwqSM7O8iigngs3JucRvX.png
Avena fatua,avena-fatua-23.png,yrmy8w,yrmy8w.png,https://www.scanslibrary.com/storage/images/CbHha7JlzCvpxsh8qF8g8PdfKWTq1EBoozRyaqrN.png
Avena fatua,avena-fatua-24.png,zaa8e4,zaa8e4.png,https://www.scanslibrary.com/storage/images/lEaxKFrOaQEduvKyxLl8TQWLS7APQkIIEaUHm7Ih.png
Avena fatua,avena-fatua-25.png,zfpmts,zfpmts.png,https://www.scanslibrary.com/storage/images/jQ13F9iwmqdHcRgmmGvY005qbh3aIfQim6zhWxsQ.png
Bambusa aurea,bambusa-aurea-01.png,4tadw9,4tadw9.png,https://www.scanslibrary.com/storage/images/KTmrqJmyTZGruRMWncv7i9lR4fwONHMeGdBqfyqh.png
Bambusa aurea,bambusa-aurea-02.png,57dyjl,57dyjl.png,https://www.scanslibrary.com/storage/images/MiotJQvO2JmyudjHcuaDXcWAJjWiqy1kTv7KI58h.png
Bambusa aurea,bambusa-aurea-03.png,6bvd5n,6bvd5n.png,https://www.scanslibrary.com/storage/images/YSrxdczbKdFXWCIDmRJIlFrrI4mgHdL45pvpqraZ.png
Bambusa aurea,bambusa-aurea-04.png,7cy458,7cy458.png,https://www.scanslibrary.com/storage/images/eOuHMnFWT8m5b4cnfZn9Ad9fqb5WDiJ0bGY5Yuqu.png
Bambusa aurea,bambusa-aurea-05.png,aeduzd,aeduzd.png,https://www.scanslibrary.com/storage/images/wp6zqIFXXw3PeDmX8KjjvKKTi9If0r3VdUpwwk2x.png
Bambusa aurea,bambusa-aurea-06.png,bambusa-aurea-cqjscv,bambusa-aurea-cqjscv.png,https://www.scanslibrary.com/storage/images/udrhE7sHdhhaKOzhnxKEG0HDsRBz9kje76oOMUDs.png
Bambusa aurea,bambusa-aurea-07.png,bambusa-aurea-d8ht6q,bambusa-aurea-d8ht6q.png,https://www.scanslibrary.com/storage/images/So82chKZ4Zyjz21nVc17k0b2Mm5Gb2H3Hyulvdn1.png
Bambusa aurea,bambusa-aurea-08.png,bambusa-aurea-hygphx,bambusa-aurea-hygphx.png,https://www.scanslibrary.com/storage/images/3N8knzPtj8Lam8Wj8CUGJu8kna7Y8azXUTqJjf7D.png
Bambusa aurea,bambusa-aurea-09.png,bambusa-aurea-mj9b4z,bambusa-aurea-mj9b4z.png,https://www.scanslibrary.com/storage/images/aKoykHKAnJCWyFy9foKH34oVslT37PNDnSOPfnfN.png
Bambusa aurea,bambusa-aurea-10.png,bambusa-aurea-nmtejs,bambusa-aurea-nmtejs.png,https://www.scanslibrary.com/storage/images/femqFBFQNV6pdRn9b3CFRhmpB1KxbjPBUUZwxOiK.png
Bambusa aurea,bambusa-aurea-11.png,bambusa-aurea-yvwzrf,bambusa-aurea-yvwzrf.png,https://www.scanslibrary.com/storage/images/gPqV0BzHgD6865HxoCmimIvc8hFBv0QQoD9iW4OU.png
Bambusa aurea,bambusa-aurea-12.png,bambusa-aurea-z94kvp,bambusa-aurea-z94kvp.png,https://www.scanslibrary.com/storage/images/Ev5mSyheBpXMNtFdb0hvcXyfJLdCrgkCtye54D8a.png
Bambusa aurea,bambusa-aurea-13.png,bambusa-aurea-zswkql,bambusa-aurea-zswkql.png,https://www.scanslibrary.com/storage/images/qRGqYQM9VHsPvIXj6Fw6W5JVc7kJt2wboO3F4V81.png
Bambusa aurea,bambusa-aurea-14.png,bambusa-aurea-ztqtcl,bambusa-aurea-ztqtcl.png,https://www.scanslibrary.com/storage/images/lmoXGcbRtlAE129UbZXMDtvPv1QNkgXfV71gtgOA.png
Bambusa aurea,bambusa-aurea-15.png,edpyqs,edpyqs.png,https://www.scanslibrary.com/storage/images/52j30RYqX6sADWuOlVdPkvE9sq7IbHtNOQOm6F2D.png
Bambusa aurea,bambusa-aurea-16.png,haefty,haefty.png,https://www.scanslibrary.com/storage/images/KwhSzysjZ5JV9KKdSoJdgp9K9iBfhccgJHuwr38r.png
Bambusa aurea,bambusa-aurea-17.png,hxyamf,hxyamf.png,https://www.scanslibrary.com/storage/images/Sq8wXnjSJZ9uNoK2AnkTfFGm7wN6eIUm8smSV7sR.png
Bambusa aurea,bambusa-aurea-18.png,jvgbpz,jvgbpz.png,https://www.scanslibrary.com/storage/images/LYlfspb0U1sQq200xLwD019m0qU3IzX9OzLSSs4e.png
Bambusa aurea,bambusa-aurea-19.png,m8wcgz,m8wcgz.png,https://www.scanslibrary.com/storage/images/dtgRzgDiexzoj5Hta09cZvWY5qVc3QAWJQUd3bMK.png
Bambusa aurea,bambusa-aurea-20.png,mm3rj2,mm3rj2.png,https://www.scanslibrary.com/storage/images/bS4uPwzZgtY5fTihILkr7RzNL9P9ofYTrVjH8SMy.png
Bambusa aurea,bambusa-aurea-21.png,rwnvnf,rwnvnf.png,https://www.scanslibrary.com/storage/images/tIRfdHYsgHS6EHgnCimGDXyo8M5cTmqRaWUFWIi7.png
Bambusa aurea,bambusa-aurea-22.png,tfkqad,tfkqad.png,https://www.scanslibrary.com/storage/images/rQiiLTP5HEMHnw7NeDC6n8QOdhBQNvtqKiOMrgDY.png
Bambusa aurea,bambusa-aurea-23.png,wn3jlr,wn3jlr.png,https://www.scanslibrary.com/storage/images/5bcURvJIKNj5RSPs2zhqPdWeRMGCZOymFE4XA0dZ.png
Bambusa aurea,bambusa-aurea-24.png,yp9vdd,yp9vdd.png,https://www.scanslibrary.com/storage/images/O5FcXq2ApxY5cknviBlPWLprKgJBUVcDNBAdFaE6.png
Barbarea bracteosa Guss.,barbarea-bracteosa-guss-01.png,dbcvgl,dbcvgl.png,https://www.scanslibrary.com/storage/images/TcCUkYPl1p8WG8vAu9QgLippgkr4r2hck2ytK3xv.png
Bassia hirsuta,bassia-hirsuta-01.png,bassia-hirsuta-2xehe6,bassia-hirsuta-2xehe6.png,https://www.scanslibrary.com/storage/images/wWWarnbf5J1BYOWDm6RcarBG7V9yGekMxeBghdyV.png
Bassia hirsuta,bassia-hirsuta-02.png,bassia-hirsuta-v7wugy,bassia-hirsuta-v7wugy.png,https://www.scanslibrary.com/storage/images/YysSDSp5uYMQW1DLnRYMHUQkvgUnOnQ4MfR63yD2.png
Bassia hirsuta,bassia-hirsuta-03.png,bassia-hirsuta-vj7vxm,bassia-hirsuta-vj7vxm.png,https://www.scanslibrary.com/storage/images/pzwKxh7MrUFY36b2tCukBSsid5aCdc5gIbvoG1w8.png
Bassia hirsuta,bassia-hirsuta-04.png,bassia-hirsuta-xek6xs,bassia-hirsuta-xek6xs.png,https://www.scanslibrary.com/storage/images/HuX16cUwJ6BdetHAUFScHeEF7JH2ZkHoGxuOwPS0.png
Bassia hirsuta,bassia-hirsuta-05.png,bassia-hirsuta-xmdu7x,bassia-hirsuta-xmdu7x.png,https://www.scanslibrary.com/storage/images/uiYL5n3jMY2VSAYJyfXjEbgZcDAgbzIWbAmJQKgW.png
Begonia albopicta,begonia-albopicta-01.png,begonia-albopicta-5bz4qkm,begonia-albopicta-5bz4qkm.png,https://www.scanslibrary.com/storage/images/SwLf2mbAL6Z48341rcXxNKO3legsDMrkNuWcMa1t.png
Berberis juliana,berberis-juliana-01.png,562xyk,562xyk.png,https://www.scanslibrary.com/storage/images/ObvkoDPhjSYuu88OxdRaLtCKIeVNm1XfuVCLnFrN.png
Berberis juliana,berberis-juliana-02.png,9grtdd,9grtdd.png,https://www.scanslibrary.com/storage/images/sBQx2djCgTYWZ4IKKiWJCplcW8dX51ZRbq4eQOCx.png
Berberis juliana,berberis-juliana-03.png,cbuwcp,cbuwcp.png,https://www.scanslibrary.com/storage/images/FFERyeyAit3dXwBIVkuCQ3ZQmgnjBsxDqRgQT3Lb.png
Blue Wild Plant,blue-wild-plant-01.png,erszx7,erszx7.png,https://www.scanslibrary.com/storage/images/lsjm8xBuc6j1r9YxTjeS3DslYmRYRSs5tPCecPgm.png
Blue Wild Plant,blue-wild-plant-02.png,myxdfw,myxdfw.png,https://www.scanslibrary.com/storage/images/eVeSkGWEOj8wuXPOnpCrs4Vowa2Aw491wzzQvxt1.png
Blue Wild Plant,blue-wild-plant-03.png,vvz2sf,vvz2sf.png,https://www.scanslibrary.com/storage/images/FKoqn2GUsceZM9tagvJerUSzmD3Z8rCYV8cQj5tr.png
Bougainvillea,bougainvillea-04.png,behkvv,behkvv.png,https://www.scanslibrary.com/storage/images/GY9N4NzC3Hiu0cOubGWxnVFF2fWKhotw9IFB7Y1H.png
Bougainvillea,bougainvillea-05.png,kch5ab,kch5ab.png,https://www.scanslibrary.com/storage/images/24n5sIOvzhjEDOqpW2dLIcTiHRPr0Ve8AWQIXDgD.png
Bougainvillea,bougainvillea-06.png,xav8s7,xav8s7.png,https://www.scanslibrary.com/storage/images/BcCzGprPoHIvOzHxFY0AZRKK2QgwHEiztKoaR8t6.png
Brassica napus,brassica-napus-01.png,4jjr9p,4jjr9p.png,https://www.scanslibrary.com/storage/images/uDQDoIPoPGtZyi3xqiIQ1vwFTggurLBNc3uFO2fE.png
Brassica napus,brassica-napus-02.png,brassica-napus-m7akm8,brassica-napus-m7akm8.png,https://www.scanslibrary.com/storage/images/pP3JSRyRA92Uw9mfwznRs9zv1lv3uZRAjq3kBoLF.png
Brassica napus,brassica-napus-03.png,brassica-napus-wbuvfl,brassica-napus-wbuvfl.png,https://www.scanslibrary.com/storage/images/jpCOqekCljzSsLEdqNKUd7VYB22IUdmbsDGVzBHm.png
Brassica napus,brassica-napus-04.png,brassica-napus-xa8yw5,brassica-napus-xa8yw5.png,https://www.scanslibrary.com/storage/images/Shbc692AxhfaF9GvBqZ66v9wZcpWQvhiwdrQkBzZ.png
Brassica napus,brassica-napus-05.png,ep9j4x,ep9j4x.png,https://www.scanslibrary.com/storage/images/OHdr6vVPWBdHKHntXZZshByqXrVjDQHUBf1a2xnR.png
Brassica napus,brassica-napus-06.png,fz3fkh,fz3fkh.png,https://www.scanslibrary.com/storage/images/AeL5MPJGynxYbUW4QkG1Nf90nxLoAMg2SeyN7mdw.png
Brassica napus,brassica-napus-07.png,gzjqgz,gzjqgz.png,https://www.scanslibrary.com/storage/images/Cphu8HUTdKuaR3oikKlbSCsdgzAF3XkCprgNrhxC.png
Brassica napus,brassica-napus-08.png,jhpkmf,jhpkmf.png,https://www.scanslibrary.com/storage/images/NDjjkbAjHsUeJg65SL5MUnaju6e7NhRPD1t1A9mj.png
Brassica napus,brassica-napus-09.png,kcezng,kcezng.png,https://www.scanslibrary.com/storage/images/8hGo4d5FZoFf8TIEDy6XI8nTSwH3dtlC0zuEotlj.png
Brassica napus,brassica-napus-10.png,ldse7x,ldse7x.png,https://www.scanslibrary.com/storage/images/wk4uP7wHu48pCF6bgZB43ykAGVgrSV4rvcNMyqvU.png
Brassica napus,brassica-napus-11.png,rnaeph,rnaeph.png,https://www.scanslibrary.com/storage/images/MyzRtPu2ZVzPdYzcgBPGCtAiC2jstuDndrFlMnKn.png
Brassica napus,brassica-napus-12.png,ugx4dg,ugx4dg.png,https://www.scanslibrary.com/storage/images/5QUFowcJxQSaPPOFJRflcTLWDUUuKaw3fSbL243r.png
Brassica napus,brassica-napus-13.png,wnu7hd,wnu7hd.png,https://www.scanslibrary.com/storage/images/bUFyTDYaiy3K261UOVPfz1lQ4VhPAJJ6YImxOQF4.png
Brassica napus,brassica-napus-14.png,wrxuan,wrxuan.png,https://www.scanslibrary.com/storage/images/nYz8XLYlA8xJvxIFJonBRFPD6JGHmnBUtjsKkkF8.png
Bromopsis inermis,bromopsis-inermis-01.png,dzfnrd,dzfnrd.png,https://www.scanslibrary.com/storage/images/2gh3JBABJ0Vqi7w6d6mSmiCuRkax8yd8ZPsgVhDL.png
Bromopsis inermis,bromopsis-inermis-02.png,kmqe7g,kmqe7g.png,https://www.scanslibrary.com/storage/images/j3WFESuymr32WBX7Bh5wIxuMrifkYGOL6XtspqK5.png
Buddleja davidii,buddleja-davidii-01.png,fmnmzb,fmnmzb.png,https://www.scanslibrary.com/storage/images/hQtjphf29Pr0iYRtuz3X8HcpmAhyHjj9AbyGWKF7.png
Buddleja davidii,buddleja-davidii-02.png,ktzkf7,ktzkf7.png,https://www.scanslibrary.com/storage/images/DPnvIaHkw4jsiVowxCPv1cnwtkJdaA5s3BApyyye.png
Buddleja davidii,buddleja-davidii-03.png,zk5wbr,zk5wbr.png,https://www.scanslibrary.com/storage/images/lK5RRspGvDVtXjCIha9L34n9F1wf0FOCh5oQ5o3h.png
Bush,bush-04.png,37ywjf,37ywjf.png,https://www.scanslibrary.com/storage/images/gv3olPatyWpVOFUTdaSfkFN0cC504BqiyGneLdNb.png
Bush,bush-05.png,5fkfax,5fkfax.png,https://www.scanslibrary.com/storage/images/KX22jaLxrfFIejtoB3R7TA9l7JM935tLnYuI30DB.png
Bush,bush-06.png,6ysbbm,6ysbbm.png,https://www.scanslibrary.com/storage/images/oJeZpOiTojTgA49LASKW80c5hEfEq6LZ8mSZVE2T.png
Bush,bush-07.png,9abypw,9abypw.png,https://www.scanslibrary.com/storage/images/qi7QV637kqTUOGCTDEu8k1K5m9urvayyHlmhdpCd.png
Bush,bush-08.png,a4yshj,a4yshj.png,https://www.scanslibrary.com/storage/images/FklGjcGMTQ5LYtYtTbYIiX0nDeazapnxCmtdXHxE.png
Bush,bush-09.png,ak2zz6,ak2zz6.png,https://www.scanslibrary.com/storage/images/u30H5D032gPP9BCtqkmoWPSmuWUCUMuTVdR54sWm.png
Bush,bush-10.png,bush-3nncszk,bush-3nncszk.png,https://www.scanslibrary.com/storage/images/whATwU4Qrr2zU42YadTy4Uc3tCqCkCWGUjuH8Erl.png
Bush,bush-11.png,bush-4s5uv2,bush-4s5uv2.png,https://www.scanslibrary.com/storage/images/6PLaWGNa4aNqGOp4U7WmogSGH29fr5EMy5i1jrxy.png
Bush,bush-12.png,bush-5fzedb,bush-5fzedb.png,https://www.scanslibrary.com/storage/images/FqSJ61e417gt9q0lOPSf9DW5Nup3svYIPqPzfiNk.png
Bush,bush-13.png,bush-6v4j9ms,bush-6v4j9ms.png,https://www.scanslibrary.com/storage/images/Ox5ylY6Kbgzk0d45LbMecvDiiNf6rH0unbU4lRY8.png
Bush,bush-14.png,bush-7ffgvt,bush-7ffgvt.png,https://www.scanslibrary.com/storage/images/D4E3b3RxQCRQehxnXFwzVTtXJz8P0PZbV2G1FYDM.png
Bush,bush-15.png,bush-a7rpehf,bush-a7rpehf.png,https://www.scanslibrary.com/storage/images/59TFwa8UFINS0bJ5e8nbc9gKbIqP9osntEhyP3iu.png
Bush,bush-16.png,bush-d7hxew,bush-d7hxew.png,https://www.scanslibrary.com/storage/images/QRzRhDVIeNVur0KQVv7iOdl0OopoIs2Hurb73PLS.png
Bush,bush-17.png,bush-dsa7jj,bush-dsa7jj.png,https://www.scanslibrary.com/storage/images/bQWivjlPo2ncM4ggvbucEgjHt93ScXST6qzEzt0v.png
Bush,bush-18.png,bush-dwwbmv,bush-dwwbmv.png,https://www.scanslibrary.com/storage/images/NOiN1nCIgQ6WcpnQp9t7iGxd1mESGstsgHkoTLAv.png
Bush,bush-19.png,bush-fl2p5p,bush-fl2p5p.png,https://www.scanslibrary.com/storage/images/oEkin5soEjlbTsPPzbwDocFiQ7mmq81QJP52HI3h.png
Bush,bush-20.png,bush-hsrgrr,bush-hsrgrr.png,https://www.scanslibrary.com/storage/images/RcLfSCJQvhkblAFqJkxu41ZxnXNZ4cQeKpyk17Tt.png
Bush,bush-21.png,bush-hwtdhw,bush-hwtdhw.png,https://www.scanslibrary.com/storage/images/NcI4fvcBcd2WrV03Ft5hHeFCFIXfjmnu12cT3Ym1.png
Bush,bush-22.png,bush-jfwung,bush-jfwung.png,https://www.scanslibrary.com/storage/images/KdS5QKfjoWT0bFVoIkX38gy61jKlIzU4V0aLm6wR.png
Bush,bush-23.png,bush-jvvdf9,bush-jvvdf9.png,https://www.scanslibrary.com/storage/images/MV05WlJMPJCvApF0ACP27tiPNDY6gSfve6FbLWh6.png
Bush,bush-24.png,bush-knh6khe,bush-knh6khe.png,https://www.scanslibrary.com/storage/images/h3FYMOap8NnadbNxMpVfIxqGUHZVyeTyeRwX2fcc.png
Bush,bush-25.png,bush-kwuqap,bush-kwuqap.png,https://www.scanslibrary.com/storage/images/blNUezBnKFPqKALvdOHtNjDuszGQ12xKvKIPBnfh.png
Bush,bush-26.png,bush-lwj3f7,bush-lwj3f7.png,https://www.scanslibrary.com/storage/images/BtvJOu7Wo1X8KJoZvHNPSn87ZyjzppDE0DnZSD3i.png
Bush,bush-27.png,bush-mfmjvc,bush-mfmjvc.png,https://www.scanslibrary.com/storage/images/AjH4Ib8sdV1Th3BESlNvl3hwFfYe9pu4BpC8pIsg.png
Bush,bush-28.png,bush-mqgasv,bush-mqgasv.png,https://www.scanslibrary.com/storage/images/Ww2Wa5wiKUz6RWcfcSGsbJRm82rmO9NTNrHLg0KU.png
Bush,bush-29.png,bush-ncq5de,bush-ncq5de.png,https://www.scanslibrary.com/storage/images/iHAjU0rQNRjYeziiNByruoFKdsNnezekCR1OyWXx.png
Bush,bush-30.png,bush-nmfvmf,bush-nmfvmf.png,https://www.scanslibrary.com/storage/images/YuQ6f66phGD8BH3YlzBBjpSkC8Lu2x6n763FzMxR.png
Bush,bush-31.png,bush-npcp9j,bush-npcp9j.png,https://www.scanslibrary.com/storage/images/tPrGvnmsZSNG1VPY1CrQkX7AfYSBhrpcEJMrinNw.png
Bush,bush-32.png,bush-ppshfu,bush-ppshfu.png,https://www.scanslibrary.com/storage/images/lwh06WHcotXUF29EQFg4OJOthz1AttnWQBwFn8y9.png
Bush,bush-33.png,bush-pxh5w6,bush-pxh5w6.png,https://www.scanslibrary.com/storage/images/6AkDdlNprsSBvEpLR6XYyBv2rOXSdqVjkxkAsyPH.png
Bush,bush-34.png,bush-sagbcq6,bush-sagbcq6.png,https://www.scanslibrary.com/storage/images/4l7ueisp5RC2eIwYX6Uy9g5EXWRoRFx2rRqscsa7.png
Bush,bush-35.png,bush-sxy8rf,bush-sxy8rf.png,https://www.scanslibrary.com/storage/images/mL9oZ6LTj8N5Rs6DiY9lJDp6hFDcAnzAyVwU4Qq6.png
Bush,bush-36.png,bush-t5zcsw,bush-t5zcsw.png,https://www.scanslibrary.com/storage/images/0GGC1Q76qJC1fzBzsL9nrnx7NQFZeRnoRGPwbvOR.png
Bush,bush-37.png,bush-tdemnz,bush-tdemnz.png,https://www.scanslibrary.com/storage/images/C0C2btb0PaCQMcHtDapC5QTjugpyxxZ4MpSOJOvK.png
Bush,bush-38.png,bush-txzppb,bush-txzppb.png,https://www.scanslibrary.com/storage/images/YF5lMqSycabEIlzMK1jxXQLDxrNyzjnPQJuraAKl.png
Bush,bush-39.png,bush-unwtre,bush-unwtre.png,https://www.scanslibrary.com/storage/images/44uNTIYs8p4c53IIo8PzaCDzXA6pSmrwpLXVb2Oa.png
Bush,bush-40.png,bush-whqwwb,bush-whqwwb.png,https://www.scanslibrary.com/storage/images/NKoEZmmfz9S0eypxNQq2xkfJZ863goUNdnxwe8uf.png
Bush,bush-41.png,bush-yfhppz,bush-yfhppz.png,https://www.scanslibrary.com/storage/images/4q20BKjgof9AGczyoCiJfffnZatnI17blT2tqbA7.png
Bush,bush-42.png,bush-z4hxgg,bush-z4hxgg.png,https://www.scanslibrary.com/storage/images/4XH4z3CflqLhS0HOJy8HVeTd3nHZhR9cSvuYVnWt.png
Bush,bush-43.png,bush-zapj5w,bush-zapj5w.png,https://www.scanslibrary.com/storage/images/k9xnRPo1E6RnEatQj4JKKrdsjusSSftEMrdoyNcf.png
Bush,bush-44.png,bush-zybm9t,bush-zybm9t.png,https://www.scanslibrary.com/storage/images/0Yn7376oGrY0VzSfQQF4O3jWHyMfl4cjX8O11gcY.png
Bush,bush-45.png,eccpeu,eccpeu.png,https://www.scanslibrary.com/storage/images/R2oS2riqiBvDFhW5uf2T69N4ZQtxGtqPOU87nI7g.png
Bush,bush-46.png,fs5zpe,fs5zpe.png,https://www.scanslibrary.com/storage/images/nrrzakxM9QpfswKIBaU0ZeuFkxGhpT2JHklnRn7h.png
Bush,bush-47.png,gacvgc,gacvgc.png,https://www.scanslibrary.com/storage/images/Rn4gxVMnis7FFbMfZ0JrjNZvGoHuhR47gkv0Nt0h.png
Bush,bush-48.png,hm5azy,hm5azy.png,https://www.scanslibrary.com/storage/images/qUcEbed5ooCdXsosFiN5E2maa79sva2CVfXDndbg.png
Bush,bush-49.png,jblpjm,jblpjm.png,https://www.scanslibrary.com/storage/images/pnCP2RE9fcSsKFjsO41B9ZRtb0PV6kt7oFMCuk7M.png
Bush,bush-50.png,jp6mtf,jp6mtf.png,https://www.scanslibrary.com/storage/images/HLFHbKv2es2phMDcN2a1DY3aXMSM7NMQww6svazY.png
Bush,bush-51.png,ktvedw,ktvedw.png,https://www.scanslibrary.com/storage/images/1mjqdAavqr1XCA2bLB46kJ1QLeoDZJuqmBHIUVRu.png
Bush,bush-52.png,lx3dnr,lx3dnr.png,https://www.scanslibrary.com/storage/images/obdFzrdOwkRRrfzhwJgUIzPrK6wlCLMtewcbGqQn.png
Bush,bush-53.png,mk44kt,mk44kt.png,https://www.scanslibrary.com/storage/images/ClIBO57CtIg8JD2CE1YPYcNZuHWP5mltZks9ESKu.png
Bush,bush-54.png,mszqan,mszqan.png,https://www.scanslibrary.com/storage/images/Lb7aKgrcZffM3j0CH71B0AylAcEP67hpWbLrZ1RA.png
Bush,bush-55.png,npez2v,npez2v.png,https://www.scanslibrary.com/storage/images/HzYztZ1VzWLrrBvwZj639QgDREeGbBBSBP4wQPzQ.png
Bush,bush-56.png,p3c669,p3c669.png,https://www.scanslibrary.com/storage/images/hezLdsLMOr1xMn2gOdnej2AhMwJkJ9DQUM35fJhG.png
Bush,bush-57.png,pekhnd,pekhnd.png,https://www.scanslibrary.com/storage/images/ep1OS1zPgL7ZtPbntkh4GBGMy5xIpCL0B4HnvCkd.png
Bush,bush-58.png,ppp7hj,ppp7hj.png,https://www.scanslibrary.com/storage/images/5gSz8ogQPeO8cSVGyBLhFLiVIZvLYA3JT5W1c8d6.png
Bush,bush-59.png,pwvjmr,pwvjmr.png,https://www.scanslibrary.com/storage/images/d6geMT4vVGCUMFT0lvxgaTDjOrY3WrZfXregs3Vt.png
Bush,bush-60.png,qhfpm5,qhfpm5.png,https://www.scanslibrary.com/storage/images/ACMt48Em6146OVGGokJOQhIaPj7LVCC3LTdPb2BJ.png
Bush,bush-61.png,qu4rfv,qu4rfv.png,https://www.scanslibrary.com/storage/images/r8O6oj3uzGLdJtkf7gybb83o854P8lhCIs4431xi.png
Bush,bush-62.png,rkje7x,rkje7x.png,https://www.scanslibrary.com/storage/images/nUnWPNY72oy6Mi0w2tUjFe0DCyPp5GW4qwAJffKi.png
Bush,bush-63.png,rtutz2,rtutz2.png,https://www.scanslibrary.com/storage/images/dDXYXF73SYFWY9wTwPijex8ccPGnes7u8dLU3Yhx.png
Bush,bush-64.png,sxc6gq,sxc6gq.png,https://www.scanslibrary.com/storage/images/NjV4fq15lNo5fhGp04OL9eFAdgKtM4uCaShMmIu2.png
Bush,bush-65.png,tfduw8,tfduw8.png,https://www.scanslibrary.com/storage/images/3bg3gFAF0H019TkpGzO1QUrfhgoy4It9XjLwXqMQ.png
Bush,bush-66.png,thmexf,thmexf.png,https://www.scanslibrary.com/storage/images/iwSkCYBK662FtBgn4yuMs97Q29egJqejBATk18rw.png
Bush,bush-67.png,vctz4v,vctz4v.png,https://www.scanslibrary.com/storage/images/Kgf7O7jQ3YT6wUu5NCjx4WGH8oAvwVJZpVetQ0dm.png
Bush,bush-68.png,vuj7ct,vuj7ct.png,https://www.scanslibrary.com/storage/images/5dZnLle4opDK59KFtQC77xF5hWm1M7g17VxWXqVO.png
Bush,bush-69.png,w6cves,w6cves.png,https://www.scanslibrary.com/storage/images/8eUdGVJ99TmeCGxawUsDnBBtAVpEkuz6yHh6y24H.png
Bush,bush-70.png,wrhq7e,wrhq7e.png,https://www.scanslibrary.com/storage/images/Sh6rXtvm3UIjJmvRthQECRr14zcnzFuesbnBj3WQ.png
Bush,bush-71.png,wstkep,wstkep.png,https://www.scanslibrary.com/storage/images/VbOuxD4DtXLFuSBQzQQ9det9vW9qyWo3Egh4HZQZ.png
Bush,bush-72.png,xrrkrk,xrrkrk.png,https://www.scanslibrary.com/storage/images/2xwTSmw5sJglsxSZS0BE6tmoTEuhdMDWCPuPdXAT.png
Bush,bush-73.png,ymzkjy,ymzkjy.png,https://www.scanslibrary.com/storage/images/U9eem0IsxPj0oQBymMvs9GZxPCRhDrmRup3BvGvF.png
Bush,bush-74.png,znuwft,znuwft.png,https://www.scanslibrary.com/storage/images/RXd2eMYtqyaDrJbQBMnJ3R5fLWIzV7wai2Oghok2.png
Bush,bush-75.png,zrkpng,zrkpng.png,https://www.scanslibrary.com/storage/images/v89b18osPvDbqM1nDWfpO0NK6XIjMRtL6BTuGHSf.png
Bush Plant,bush-plant-01.png,3cykj6,3cykj6.png,https://www.scanslibrary.com/storage/images/DDzOaZr9mTuVgdggvCN4WUAQDnP4cXpkhfoqdI49.png
Bush Plant,bush-plant-02.png,hdt3gv,hdt3gv.png,https://www.scanslibrary.com/storage/images/FR0bG4aDcpTRgCrOoj2b6zWiHKifwidn9ljwAfgO.png
Calamagrostis epigejos,calamagrostis-epigejos-01.png,3dlmwx,3dlmwx.png,https://www.scanslibrary.com/storage/images/DDuUHQ9nZHekGyp2a1rbb48WQ6jAPPPtxQZB5Pp5.png
Calamagrostis epigejos,calamagrostis-epigejos-02.png,3twhrb,3twhrb.png,https://www.scanslibrary.com/storage/images/q3mzAfAHisgOY7PnBtGWtjCjoM9i6UZXxDWaKyvO.png
Calamagrostis epigejos,calamagrostis-epigejos-03.png,amuadd,amuadd.png,https://www.scanslibrary.com/storage/images/pEwyf2L2PwEAx6EhbtqNAtCbyG6mTDknTJNBDXyU.png
Calamagrostis pseudophragmites,calamagrostis-pseudophragmites-01.png,reed-np2a6wp,reed-np2a6wp.png,https://www.scanslibrary.com/storage/images/P1J7DQ4WDgDE8fsiKS6UPn833xDL64htXga84CV0.png
Calamagrostis pseudophragmites,calamagrostis-pseudophragmites-02.png,reed-sydvxmq,reed-sydvxmq.png,https://www.scanslibrary.com/storage/images/ctE4VEwqTy7a3cjNjsVIMnneaSjZQeRRNSBz18HH.png
Calamagrostis pseudophragmites,calamagrostis-pseudophragmites-03.png,reed-vny2rrf,reed-vny2rrf.png,https://www.scanslibrary.com/storage/images/l9frsFoOCqcg209eiiXEjagM4UpqoDBDJbX3N7Ok.png
Calicotome villosa,calicotome-villosa-01.png,calicotome-villosa-5s4xuh,calicotome-villosa-5s4xuh.png,https://www.scanslibrary.com/storage/images/D5QaMZbdGDhGPia34ioZ46HicKLHvciJ6ab13qOY.png
Calicotome villosa,calicotome-villosa-02.png,calicotome-villosa-at3a4q,calicotome-villosa-at3a4q.png,https://www.scanslibrary.com/storage/images/MnihZ2bIciPbc55HSkNcSKyFaokyvWL3bqoq9Fww.png
Calicotome villosa,calicotome-villosa-03.png,calicotome-villosa-bruyag,calicotome-villosa-bruyag.png,https://www.scanslibrary.com/storage/images/0iOw4OnjOmS2xXW5nz0W2Uwj7OaMCFDACFxBhrs2.png
Calicotome villosa,calicotome-villosa-04.png,calicotome-villosa-dqczqe,calicotome-villosa-dqczqe.png,https://www.scanslibrary.com/storage/images/AkDTOIuOgJyDqtmP843BPrMnPtxP8EnEerblnS5M.png
Calicotome villosa,calicotome-villosa-05.png,calicotome-villosa-e32mpc,calicotome-villosa-e32mpc.png,https://www.scanslibrary.com/storage/images/C7fsQcTuz73ajFmvgcyjGwD3YDcjxvaVuE8GQAh8.png
Calicotome villosa,calicotome-villosa-06.png,calicotome-villosa-mdyv9b,calicotome-villosa-mdyv9b.png,https://www.scanslibrary.com/storage/images/j4Lk7jRnykyZkeJALJxoIcGbFj2kA7Vj7dDHNNP1.png
Calicotome villosa,calicotome-villosa-07.png,calicotome-villosa-utydnx,calicotome-villosa-utydnx.png,https://www.scanslibrary.com/storage/images/68P9LeUXXgTS6vCqSExMbvzDp4U4KlfKUuTxGUEz.png
Calicotome villosa,calicotome-villosa-08.png,calicotome-villosa-xavxxe,calicotome-villosa-xavxxe.png,https://www.scanslibrary.com/storage/images/k57NBoPMM1BWu1JFqmHpjPaKzpY8idDGbtui4LCN.png
Calicotome villosa,calicotome-villosa-09.png,vgzebl,vgzebl.png,https://www.scanslibrary.com/storage/images/kX4QaJ6RV8pDcnY3kT8VAr6lsWFryHwoRTw0bDy0.png
Calicotome villosa,calicotome-villosa-10.png,ykdq2h,ykdq2h.png,https://www.scanslibrary.com/storage/images/aJuorCXkAAvZO2z54i9AqNUaXCumw1xzbLFSdFtd.png
Calla,calla-10.png,dcupkr,dcupkr.png,https://www.scanslibrary.com/storage/images/PZzZEaXNmdyReL2dmznbLw0iGbCsGkVQlWQpxnha.png
Calla,calla-11.png,jq3jjx,jq3jjx.png,https://www.scanslibrary.com/storage/images/8SsRIdoJRm7cj0a4Jg6cg1sjKX183lUydrYbABRG.png
Calla,calla-12.png,nnwlzn,nnwlzn.png,https://www.scanslibrary.com/storage/images/7yUpfETbGlaNKM1H5ics2hSTVfOtSCdRKIVxX3OD.png
Calla,calla-13.png,nwftn4,nwftn4.png,https://www.scanslibrary.com/storage/images/4H0n8qvd6LcKwNyqaaLazLp96Nsk5U3YPHTkQLb8.png
Callistemon citrinus,callistemon-citrinus-01.png,ed6aku,ed6aku.png,https://www.scanslibrary.com/storage/images/bzJQHfztbItGjSoC3Q2wXjtYYyAJLBVXPAGBkMYL.png
Callistemon citrinus,callistemon-citrinus-02.png,rzrw7j,rzrw7j.png,https://www.scanslibrary.com/storage/images/NtTYXP4QBMdAjq4lQIL5vvaWA3DoWpnaEV5eUlsq.png
Campsis radicans,campsis-radicans-04.png,campsis-radicans-fyrhqk,campsis-radicans-fyrhqk.png,https://www.scanslibrary.com/storage/images/sE8qyijJgAl0kb8ivpW5pKr2IZ36gBU2847kpzsI.png
Campsis radicans,campsis-radicans-05.png,campsis-radicans-n34neu,campsis-radicans-n34neu.png,https://www.scanslibrary.com/storage/images/MbqyeQzpdPP2UJ5g9kOGlu8cMbEqLweriTBfzZkb.png
Campsis radicans,campsis-radicans-06.png,campsis-radicans-xsnfgp,campsis-radicans-xsnfgp.png,https://www.scanslibrary.com/storage/images/MxoFHaIEUmSksZ67YMorizY0NyAXxqmdBen99luR.png
Campsis radicans,campsis-radicans-07.png,campsis-radicans-y8kdh6,campsis-radicans-y8kdh6.png,https://www.scanslibrary.com/storage/images/45PIdIaUGhF6fEPf2mDiA0GqqJBmrZstWi49qo9i.png
Campsis radicans,campsis-radicans-08.png,campsis-radicans-zq3guq,campsis-radicans-zq3guq.png,https://www.scanslibrary.com/storage/images/6C2SsR6V9L5imhxPz0TIvFHn1nKsLjFE4zFUM62z.png
Campsis radicans,campsis-radicans-09.png,campsis-radicans-zvunc3,campsis-radicans-zvunc3.png,https://www.scanslibrary.com/storage/images/tPPNqNKrQMclZOBKJCzo1ktngmZspvOOIaljcPpe.png
Campsis radicans,campsis-radicans-10.png,campsis-radicanst-vuwpuf,campsis-radicanst-vuwpuf.png,https://www.scanslibrary.com/storage/images/uHZUPZFOt30mTJG0lAIFillY9MMX6wwrSWJCf9vZ.png
Canna,canna-06.png,5dxkds,5dxkds.png,https://www.scanslibrary.com/storage/images/QO9sLLYd6lGSkMqYUPO0jGh1QNXMOTSkyQQDAKyk.png
Canna,canna-07.png,canna-8ghmfu,canna-8ghmfu.png,https://www.scanslibrary.com/storage/images/cxLzPh95SANfOuak7iLDplY6vyxdr0WQWxHYXhgo.png
Canna,canna-08.png,canna-8sgvtg,canna-8sgvtg.png,https://www.scanslibrary.com/storage/images/0xpvpbvElwH8qsNzLf822xSdsNVMqhvpPsZGO0qv.png
Canna,canna-09.png,canna-achhv4,canna-achhv4.png,https://www.scanslibrary.com/storage/images/L1r7B8G7d0hrLhYFxjBduNukle330SoiZQgFnN7T.png
Canna,canna-10.png,canna-bcmkgh,canna-bcmkgh.png,https://www.scanslibrary.com/storage/images/EMwy51Cmd6zvYaBspdgKr56GwChdrCYGs2cMN7NS.png
Canna,canna-11.png,canna-cktglk,canna-cktglk.png,https://www.scanslibrary.com/storage/images/VfSZxOjJj6FldVjKnIc8lqxPpRTAHpjcpwDU4WHs.png
Canna,canna-12.png,canna-kbw3kk,canna-kbw3kk.png,https://www.scanslibrary.com/storage/images/uyqxgmcCquTHPCTqPLm3nTv0C88iuDYkoe121Nso.png
Canna,canna-13.png,canna-nebjys,canna-nebjys.png,https://www.scanslibrary.com/storage/images/wuFTXfU7hwGtJUwWCYP8EEJbHnuQc9erGeoZeWsR.png
Canna,canna-14.png,canna-sysm38,canna-sysm38.png,https://www.scanslibrary.com/storage/images/TisZaVRanBg0b4AvsHLKzi6YhfxuJuYJ8xTY7UTa.png
Canna,canna-15.png,canna-uyhx6q,canna-uyhx6q.png,https://www.scanslibrary.com/storage/images/gUicEhrx6bpVQodCYicdeC5aVg0uvQu46Ym3Ypc4.png
Canna,canna-16.png,canna-xb8nvp,canna-xb8nvp.png,https://www.scanslibrary.com/storage/images/Z57DNOtfbfjIi6pHqDp9QoPJMj70eNXI2cf9f7Ey.png
Canna,canna-17.png,tqqvzc,tqqvzc.png,https://www.scanslibrary.com/storage/images/TeZZtv3SMdUlEWEnDPCcsjRFXtDUwb8lBhVht5Xp.png
Canna Black Knight,canna-black-knight-01.png,5xanfx,5xanfx.png,https://www.scanslibrary.com/storage/images/WDZ4FzlmQdA0ji0tiBE7O0ExMnwpK15cGvwjJU01.png
Canna Black Knight,canna-black-knight-02.png,bvhudg,bvhudg.png,https://www.scanslibrary.com/storage/images/h3AlBvLz5FQjA34acJ8weT3J8Qhu88Hf0eQgp2oR.png
Canna Black Knight,canna-black-knight-03.png,seety6,seety6.png,https://www.scanslibrary.com/storage/images/vu3oAbKyQeAV0IZLGzPoCkq7jDI1zALhx884QuuN.png
Canna indica,canna-indica-01.png,6z5p6f,6z5p6f.png,https://www.scanslibrary.com/storage/images/Qu9Kiwxr9AZOlVXD1Z1ZX7Y4XpP59NXXkqXvc8DU.png
Canna indica,canna-indica-02.png,jgznx3,jgznx3.png,https://www.scanslibrary.com/storage/images/56xwy92xhEaHfpsxjq3sMvoWeLcebvlqGm2FxHRw.png
Canna indica,canna-indica-03.png,vngb4y,vngb4y.png,https://www.scanslibrary.com/storage/images/zpr4hmMPm4VG18NzQ1XN4Jf0mstCeOSesyZdJtiJ.png
Cannabis sativa,cannabis-sativa-01.png,akx6bs,akx6bs.png,https://www.scanslibrary.com/storage/images/zcBjUoC6Ug4sbrDfhcrgb5YbrAMvBMduNEPlZmok.png
Cannabis sativa,cannabis-sativa-02.png,bfe8ky,bfe8ky.png,https://www.scanslibrary.com/storage/images/wVKzW0Xelxwoq6NqXqRfyQWsmZbCTJFdpm5NSWeK.png
Cannabis sativa,cannabis-sativa-03.png,ctbktw,ctbktw.png,https://www.scanslibrary.com/storage/images/PSMHxug93QV6vsdGDVxmjfyMLbOS78GaquhHN6IR.png
Capparis spinosa,capparis-spinosa-01.png,asc26y,asc26y.png,https://www.scanslibrary.com/storage/images/qzmMCx9sthV4ZDdXAPGg7W2kimB8vaRZ2WCmk9fD.png
Capparis spinosa,capparis-spinosa-02.png,fcp3u2,fcp3u2.png,https://www.scanslibrary.com/storage/images/v2CCv4sE2r3vpj3IVIZesYkivkEYvRyIin9xDAoc.png
Capparis spinosa,capparis-spinosa-03.png,ghrrfr,ghrrfr.png,https://www.scanslibrary.com/storage/images/xZE2J1QmeWdWN9krzUD59Ee0Sp6AMTckKPdH7TbE.png
Capparis spinosa,capparis-spinosa-04.png,mdec7x,mdec7x.png,https://www.scanslibrary.com/storage/images/bmnQiyVz53vl4QNNRXZ0QcgSwhm9iSFWCDZ7UJAR.png
Capparis spinosa,capparis-spinosa-05.png,vhcbdb,vhcbdb.png,https://www.scanslibrary.com/storage/images/kVcLNW3d73kS243sJWVSJvahFX7TmYundQGybLiV.png
Capsella bursa-pastoris,capsella-bursa-pastoris-01.png,hy3ry2,hy3ry2.png,https://www.scanslibrary.com/storage/images/vN03T8YwPJAsoZ2yYpffrNDIwRkOBcO3uf6uTXsW.png
Capsella bursa-pastoris,capsella-bursa-pastoris-02.png,uavx84,uavx84.png,https://www.scanslibrary.com/storage/images/eYuD81rRcr9CD8CLbS3nX2Kx4Hy6jRnrqqwQPvzJ.png
Carpobrotus acinaciformis,carpobrotus-acinaciformis-01.png,l7djsy,l7djsy.png,https://www.scanslibrary.com/storage/images/2GVCPFKB0NYPW6FC4FCxLZFTejRmRq87m4O0zUGK.png
Carpobrotus acinaciformis,carpobrotus-acinaciformis-02.png,n9ehgy,n9ehgy.png,https://www.scanslibrary.com/storage/images/NRaFbNAM7ZYv0NP0rad9MbNgtrReHvqKmuy9SPoh.png
Carpobrotus acinaciformis,carpobrotus-acinaciformis-03.png,ymgguj,ymgguj.png,https://www.scanslibrary.com/storage/images/cquSypFiFMm8r95Da73LkLZPcoUd4ODHbs6xqaPp.png
Carpobrotus edulis,carpobrotus-edulis-01.png,9pegc5,9pegc5.png,https://www.scanslibrary.com/storage/images/lzJJrZzZYsJun74stjO9oWpzxY51nlt2Mt02nPDN.png
Carpobrotus edulis,carpobrotus-edulis-02.png,ml8tzh,ml8tzh.png,https://www.scanslibrary.com/storage/images/RUhLcSJDa8lYm5c3ObT9o1WilizHBXlZSQDMPJWT.png
Carpobrotus edulis,carpobrotus-edulis-03.png,qmqqau,qmqqau.png,https://www.scanslibrary.com/storage/images/OsaKoWsajA3KWDdMc3xG6YdMQqDWGPYnJPBaYjvS.png
Carpobrotus edulis,carpobrotus-edulis-04.png,shasv5,shasv5.png,https://www.scanslibrary.com/storage/images/wgzkaYDSHxiCOddn5ypAOP0tP1GD36arUOvCfXdd.png
Carpobrotus edulis,carpobrotus-edulis-05.png,vv65rh,vv65rh.png,https://www.scanslibrary.com/storage/images/mbQQ8GUyVuEVbLF6PIAZXVTBYNCH6S0o9HgVqecx.png
Carpobrotus edulis,carpobrotus-edulis-06.png,wtm56k,wtm56k.png,https://www.scanslibrary.com/storage/images/YPkbUtOnCbZGPnJkUvyM7XkL0uh77T3GkloV3TW5.png
Carrot,carrot-01.png,carrot-8zxaeyk,carrot-8zxaeyk.png,https://www.scanslibrary.com/storage/images/isCN99jgFLyiGmYJKKwJ1iwTMscAYXIeemfU2CgG.png
Carrot,carrot-02.png,carrot-e4bsjur,carrot-e4bsjur.png,https://www.scanslibrary.com/storage/images/HNfbiBftCijPFyzTYEa4Czd7fLrKvHsUj0JuoI8i.png
Carrot,carrot-03.png,carrot-wwd4uuv,carrot-wwd4uuv.png,https://www.scanslibrary.com/storage/images/cRVtCMuGLF3GlGaX0fcYY4QcH6K5SywMBnYiWKHM.png
Centaurea calcitrapa,centaurea-calcitrapa-01.png,6abu6u,6abu6u.png,https://www.scanslibrary.com/storage/images/aQqjFaaRZ5eGCX91cMA7nrMcpzARJdkYMmddA5yO.png
Centaurea calcitrapa,centaurea-calcitrapa-02.png,k8axtw,k8axtw.png,https://www.scanslibrary.com/storage/images/sJhjLy5ER2loHbkNww2tfczqh0lHzLKJlC1sfi9W.png
Centaurea cyanus,centaurea-cyanus-11.png,4rc37s,4rc37s.png,https://www.scanslibrary.com/storage/images/oNH6OBzPz68cvSoryi0YkNBPvOniGm5ZfrGvS9dL.png
Centaurea cyanus,centaurea-cyanus-12.png,jhfmkb,jhfmkb.png,https://www.scanslibrary.com/storage/images/O37M3iPQa7SWSzFddX42x0GZ114De14ZLlgs4uMy.png
Centaurea cyanus,centaurea-cyanus-13.png,tjhmnk,tjhmnk.png,https://www.scanslibrary.com/storage/images/4CbCm4XmRXs2oPNOmEYm034DSio7m7jtH74Sp3QI.png
Centaurea cyanus,centaurea-cyanus-14.png,vuaj3m,vuaj3m.png,https://www.scanslibrary.com/storage/images/VcG285nDNPcCOXLx2IP1LuikfgJY2XmqQEprg0jy.png
Centaurea solstitialis,centaurea-solstitialis-01.png,n6jntw,n6jntw.png,https://www.scanslibrary.com/storage/images/CKn4GX5Y8VbVACEATJEbS5qQqETcMrG1JEJk4p8X.png
Centaurea solstitialis,centaurea-solstitialis-02.png,uhzjbx,uhzjbx.png,https://www.scanslibrary.com/storage/images/PWzrJF4hbekPGOjDLPenPiEHdzOnCh8rEhAA9cdS.png
Centaurea solstitialis,centaurea-solstitialis-03.png,wx733u,wx733u.png,https://www.scanslibrary.com/storage/images/OO6RWbT2Ce3EwB6lQ5Ma7OGyBc3nygP2ZVJxBdkz.png
Cestrum nocturnum,cestrum-nocturnum-01.png,5evmcf,5evmcf.png,https://www.scanslibrary.com/storage/images/OPI7RSRckoMYOO3tEpJOhr5oGuH0sBgyMBEv4tzj.png
Cestrum nocturnum,cestrum-nocturnum-02.png,bh86k8,bh86k8.png,https://www.scanslibrary.com/storage/images/oPswf6VUBhnELL49EVWoUarJKq2KpJUnSM65WZM1.png
Cestrum nocturnum,cestrum-nocturnum-03.png,zrwz9y,zrwz9y.png,https://www.scanslibrary.com/storage/images/R7Hotc54mbOmUGIRaauKLHm3PcTQ4thnWx2HKnbI.png
Chamelops humilis,chamelops-humilis-01.png,jqcyms,jqcyms.png,https://www.scanslibrary.com/storage/images/LMpvulH3YFsmOrD7KrpYIs3lD61xJn8kjg4hqgWt.png
Chamelops humilis,chamelops-humilis-02.png,mljshm,mljshm.png,https://www.scanslibrary.com/storage/images/d2DEFDHM0rVlEoV1fpartZTh39DAc0mmCJLgY7CZ.png
Chamelops humilis,chamelops-humilis-03.png,nhrfzz,nhrfzz.png,https://www.scanslibrary.com/storage/images/GN5rZvkJR2w62ug11lCju3GqT8oHaJBvT9XSmLfF.png
Chamelops humilis,chamelops-humilis-04.png,nvebew,nvebew.png,https://www.scanslibrary.com/storage/images/Bc8PjZJiXMKA6ZVZagECDMJIX5ihN1Oa7AyysCNi.png
Chamelops humilis,chamelops-humilis-05.png,zxhh9a,zxhh9a.png,https://www.scanslibrary.com/storage/images/iMFzI7SwCSvkSzwut1rcDGmyIt7dlizlSwe1rHiJ.png
Cirsium,cirsium-01.png,cirsium-btp3swe,cirsium-btp3swe.png,https://www.scanslibrary.com/storage/images/LDZGie4aW4AKYiVVGNCYMir8IkOkYRXUat0Hpjap.png
Cirsium vulgare,cirsium-vulgare-01.png,lcuv3g,lcuv3g.png,https://www.scanslibrary.com/storage/images/C35dldNcNb7rlgG8iTWvEeUtpGe6cdlZEHvfpPhD.png
Cirsium vulgare,cirsium-vulgare-02.png,rtycnv,rtycnv.png,https://www.scanslibrary.com/storage/images/fgJbN5pyrRIXvJzI8IPz94CXqtHexuWPPwZVpekG.png
Cistus creticus,cistus-creticus-01.png,gkgpcr,gkgpcr.png,https://www.scanslibrary.com/storage/images/8ImFLCqqZ3Ue5IxB2V8Q8iofmOTha4OzLMym4rwy.png
Cistus creticus,cistus-creticus-02.png,jhdv3k,jhdv3k.png,https://www.scanslibrary.com/storage/images/UgndL7VBqYBBXGvxPPpzOcYgi4WgKriiS6ZOIzER.png
Cistus creticus,cistus-creticus-03.png,vamtfk,vamtfk.png,https://www.scanslibrary.com/storage/images/0Ar8estAhpYWALHDlztO1za8oUqWoboyYydjRBr6.png
Cistus creticus,cistus-creticus-04.png,z8mqxs,z8mqxs.png,https://www.scanslibrary.com/storage/images/MqRK3ULcNVPMPpYgnVlxnLt9oyhCNk3s8Hmg9gL0.png
Cistus incanus,cistus-incanus-01.png,83wnjb,83wnjb.png,https://www.scanslibrary.com/storage/images/MWW2U8mp3pdNTyULFsbTz0DOp73CesBGdn4qIT0c.png
Cistus incanus,cistus-incanus-02.png,d93esj,d93esj.png,https://www.scanslibrary.com/storage/images/LR0CGfuGmlG78eprNsbXnFINQ2BEJg6aOqCaKUN3.png
Cistus incanus,cistus-incanus-03.png,jkrlwm,jkrlwm.png,https://www.scanslibrary.com/storage/images/gkmzf1fbQHqFpGmZv5PfRq3LLpLMx5ZFmbOYdgwE.png
Cistus incanus,cistus-incanus-04.png,jrqh88,jrqh88.png,https://www.scanslibrary.com/storage/images/cKmoVR0hhVZRCLsPWHP24QMDwz0VooBAAdNORGDM.png
Cistus incanus,cistus-incanus-05.png,kr4agq,kr4agq.png,https://www.scanslibrary.com/storage/images/CdnLsJkLO6qAZwGrnQRYJYj86jriiTercN7aEuis.png
Cistus incanus,cistus-incanus-06.png,ksx45p,ksx45p.png,https://www.scanslibrary.com/storage/images/eIsecXtGBaK2jXCzuEjrW7e1HhyIKPm5MtnVaDvK.png
Cistus incanus,cistus-incanus-07.png,r32fr8,r32fr8.png,https://www.scanslibrary.com/storage/images/yQgIAYm389dYbXrV93hLRnTW7ImO1eTZvSC6EOBB.png
Cistus incanus,cistus-incanus-08.png,sfcfpu,sfcfpu.png,https://www.scanslibrary.com/storage/images/mYSesbLMBP2N8i45ufy5wydOiwlTZUtMWQ7E0syo.png
Cistus incanus,cistus-incanus-09.png,znhmxh,znhmxh.png,https://www.scanslibrary.com/storage/images/5gqCLvNWRsQieIdwoBbXyTJhHbTowyRUNC3HpFr9.png
Citrus lemon,citrus-lemon-01.png,citrus-lemon-6qdpfv,citrus-lemon-6qdpfv.png,https://www.scanslibrary.com/storage/images/55jCouqBhk3kqTzwekuzDybcflZfRetMZrlyxeF3.png
Clematis jackmanii,clematis-jackmanii-01.png,xzsnhq,xzsnhq.png,https://www.scanslibrary.com/storage/images/Lz29i52zkWZb8AwO3QcONw2BB1eV8zFwy5RQ2ksv.png
Clematis jackmanii,clematis-jackmanii-02.png,y3zesj,y3zesj.png,https://www.scanslibrary.com/storage/images/daFLFo4exJEXEvVrxxUidy3EqgwFfNbssHJbrYEW.png
Coconut,coconut-01.png,25fzd9,25fzd9.png,https://www.scanslibrary.com/storage/images/M9FFwlY39ujHBRvDT4QaHKXqChvVWSFvlZr7oNb9.png
Corn,corn-01.png,nn3s4w,nn3s4w.png,https://www.scanslibrary.com/storage/images/Anc0Ktf5ScOyoxxSUWFt0oyQtt6xYeG49RnC9X6k.png
Cornus sanguinea,cornus-sanguinea-01.png,cornus-sanguinea-mgd3jvb,cornus-sanguinea-mgd3jvb.png,https://www.scanslibrary.com/storage/images/viIuzrC32hfvCJkdoaSuiohAeqkpKDfDtnwA16Qn.png
Cornus sanguinea,cornus-sanguinea-02.png,cornus-sanguinea-mslwmus,cornus-sanguinea-mslwmus.png,https://www.scanslibrary.com/storage/images/d9psFye615NvgLvrWkmjj0ewl6ionK1dMY6xHzzb.png
Cotinus,cotinus-01.png,c8npjb,c8npjb.png,https://www.scanslibrary.com/storage/images/cWOxuKLtBjgcn8XfqV8AhGMOYMV4R9bQLhQ0ppat.png
Cotinus,cotinus-02.png,egweeu,egweeu.png,https://www.scanslibrary.com/storage/images/cvuurj7r5TaxK1bQWoFbDB803zlA4LMCn4f5CvKm.png
Cotinus coggygria,cotinus-coggygria-01.png,537fvt,537fvt.png,https://www.scanslibrary.com/storage/images/oSSptBCWPVOIff963ioe64iKGwRxBELxJfpkkYZV.png
Cotinus coggygria,cotinus-coggygria-02.png,8y3c8b,8y3c8b.png,https://www.scanslibrary.com/storage/images/OFzZeu7HrKEdkJZDwdAk5SdkVkiDY48ycQcdUNyt.png
Cotinus coggygria,cotinus-coggygria-03.png,dtma5s,dtma5s.png,https://www.scanslibrary.com/storage/images/N6KxngghaiWeaEGK8XYhCeEFxW8nuLG6CBaFGKOu.png
Cotinus coggygria,cotinus-coggygria-04.png,f38jzp,f38jzp.png,https://www.scanslibrary.com/storage/images/t6p0Q7YD5jx7bT81sJABOU1LlUY70Hqvw78vVHxV.png
Cotinus coggygria,cotinus-coggygria-05.png,fxcphu,fxcphu.png,https://www.scanslibrary.com/storage/images/jv4FiikYTJtC61mUEN206WQuCx3ssKupKkpcuFUJ.png
Cotinus coggygria,cotinus-coggygria-06.png,g4urfx,g4urfx.png,https://www.scanslibrary.com/storage/images/c50jeYfzqjqL1XK2vXMYDex3cmWyNg2BD6cNZu4q.png
Cotinus Coggygria,cotinus-coggygria-07.png,hpbgjr,hpbgjr.png,https://www.scanslibrary.com/storage/images/STkY6QaT0fkhXhPTUOR90H5APTiDdkS6b0HVhaf2.png
Cotinus coggygria,cotinus-coggygria-08.png,mkypu2,mkypu2.png,https://www.scanslibrary.com/storage/images/RVHVIEdFTKC2XQoPkU2vOsP1AU2D1JxpGriEEqul.png
Cotinus coggygria,cotinus-coggygria-09.png,zuycsl,zuycsl.png,https://www.scanslibrary.com/storage/images/waGHkof6S0uWjeb95Op0eNKR1IdjYQsGtcgcRtJH.png
Cotinus coggygria,cotinus-coggygria-10.png,zyd6m7,zyd6m7.png,https://www.scanslibrary.com/storage/images/w1PiUqaTp9ATClt5AtT3TBYFiOV20XD2yS4SSE8J.png
Cotinus coggygria 0 Cr,cotinus-coggygria-0-cr-01.png,hy68bj,hy68bj.png,https://www.scanslibrary.com/storage/images/UB799FpHlFUlFeFfFJuQfnHo5NAFlAlftllt4vwi.png
Cotinus coggygria 'Golden Spirit',cotinus-coggygria-golden-spirit-01.png,emjxg2,emjxg2.png,https://www.scanslibrary.com/storage/images/gFvIEJbkT8i3pnqEgm622UhFn5etJRZUutWanOlO.png
Cotinus coggygria 'Golden Spirit',cotinus-coggygria-golden-spirit-02.png,nkjldy,nkjldy.png,https://www.scanslibrary.com/storage/images/HKDEcN5h1xTkWbM20RzEm6eYbxbKxYXkPGpiFs4w.png
Cotoneaster,cotoneaster-01.png,pyracantha-er6qq3,pyracantha-er6qq3.png,https://www.scanslibrary.com/storage/images/QJ782OKcVkbQEiquNSDHTI5dC9otW4K6LIiGVMfl.png
Cotoneaster,cotoneaster-02.png,pyracantha-mjnxyz,pyracantha-mjnxyz.png,https://www.scanslibrary.com/storage/images/6n97kh12NzIBSVk7O4Yi9dDqcr0LznwPx05tdQfK.png
Cotoneaster,cotoneaster-03.png,pyracantha-munppa,pyracantha-munppa.png,https://www.scanslibrary.com/storage/images/KmavxrCQE4ub48JtwyJejzc2ZvGyRDdeJ4iS6Mgh.png
Cotoneaster,cotoneaster-04.png,pyracantha-ps8gws,pyracantha-ps8gws.png,https://www.scanslibrary.com/storage/images/tmLs8bLDfl4GyQauizqjTTqlhEzBcFXeRMuZuqwK.png
Cotoneaster,cotoneaster-05.png,pyracantha-rhuzz8,pyracantha-rhuzz8.png,https://www.scanslibrary.com/storage/images/r8utlPPkF7nBlZjNWlue05KRVHrEnH4Gq4e5tJRp.png
Cotoneaster horizontalis,cotoneaster-horizontalis-01.png,9wktga,9wktga.png,https://www.scanslibrary.com/storage/images/1f3on8hWzJRYAXZztJiQNfxZyfCYuACWkfrjHgYc.png
Cotoneaster horizontalis,cotoneaster-horizontalis-02.png,qft98b,qft98b.png,https://www.scanslibrary.com/storage/images/apBq3cdd0xBSxJehaRPOaB4f2vWRseu5foYXRORu.png
Crassula ovata,crassula-ovata-01.png,gl33n6,gl33n6.png,https://www.scanslibrary.com/storage/images/TPM06dpcynaDEIrncm7P03yQlCwTIHYxpzT0pRS3.png
Crassula ovata,crassula-ovata-02.png,kvdhga,kvdhga.png,https://www.scanslibrary.com/storage/images/YzwMI0v7NvZRRmys0uWLhTyNVjPExBGuDorEicsS.png
Crataegus monogyna,crataegus-monogyna-01.png,crataegus-monogyna-3z55aw,crataegus-monogyna-3z55aw.png,https://www.scanslibrary.com/storage/images/oJGeir8JB0d3QHagQ3xMKQW8BLpl8eoCD1Bh3pjs.png
Crataegus monogyna,crataegus-monogyna-02.png,crataegus-monogyna-blkwfr,crataegus-monogyna-blkwfr.png,https://www.scanslibrary.com/storage/images/WUUh0TLDJVkrz3ChYBbYL2HkNaUDtJJvFwDE1goH.png
Crataegus monogyna,crataegus-monogyna-03.png,crataegus-monogyna-cfgtwe,crataegus-monogyna-cfgtwe.png,https://www.scanslibrary.com/storage/images/k9IMQY2M4DdoEmNTWRnpdfDaCfUWIJUPMa0xfzB8.png
Crataegus monogyna,crataegus-monogyna-04.png,crataegus-monogyna-evffcl,crataegus-monogyna-evffcl.png,https://www.scanslibrary.com/storage/images/qx5ngzLuu44ExZWVvBMk9RpFkhfsE6QRt1qEHopu.png
Crataegus monogyna,crataegus-monogyna-05.png,crataegus-monogyna-ewm2tk,crataegus-monogyna-ewm2tk.png,https://www.scanslibrary.com/storage/images/6E0hJVyAzZcATZT7J84nzj4YY2spzujKhmyODxJx.png
Crataegus monogyna,crataegus-monogyna-06.png,crataegus-monogyna-fkw44t,crataegus-monogyna-fkw44t.png,https://www.scanslibrary.com/storage/images/UNwlNOSL1cDTLkq18TjEN3s2nLOAHVxwrbqLnHYY.png
Crataegus monogyna,crataegus-monogyna-07.png,crataegus-monogyna-he9acs,crataegus-monogyna-he9acs.png,https://www.scanslibrary.com/storage/images/78s1Y1ieR7GVA7CGoweuum4htYiz6CkI4anoZ6eY.png
Crataegus monogyna,crataegus-monogyna-08.png,crataegus-monogyna-hfzzjm,crataegus-monogyna-hfzzjm.png,https://www.scanslibrary.com/storage/images/O3RgI9sD4n6QHDIo2nk03VxiKemoxOmwZI67BeAb.png
Crataegus monogyna,crataegus-monogyna-09.png,crataegus-monogyna-lra2rt,crataegus-monogyna-lra2rt.png,https://www.scanslibrary.com/storage/images/x7wtCn3pilA98MQCOQJj18VikESUbQLmeXt55i8L.png
Crataegus monogyna,crataegus-monogyna-10.png,crataegus-monogyna-nwyfne,crataegus-monogyna-nwyfne.png,https://www.scanslibrary.com/storage/images/sySQcxvhNnpv6GHzjvL2PHqQPpRgkMEbrSCMs1WW.png
Crepis bursifolia,crepis-bursifolia-01.png,qqktjr,qqktjr.png,https://www.scanslibrary.com/storage/images/E1F9MaPZpPRfG5v9G3obVzPM4RxtSExHx4uFW5F7.png
Crepis bursifolia,crepis-bursifolia-02.png,zc26yx,zc26yx.png,https://www.scanslibrary.com/storage/images/2JBW2cBgmcQRYLDkrOMMYoEcV70v6GUQga7e0N7v.png
Croton petra,croton-petra-01.png,gmxdbw,gmxdbw.png,https://www.scanslibrary.com/storage/images/2v6mumwcbocBchW8AH6z2bjeRTXkjvqlroMDpkR8.png
Croton petra,croton-petra-02.png,zbpbpe,zbpbpe.png,https://www.scanslibrary.com/storage/images/pwjDf04BG3IwBD7fA97NBECK2mlkXMfveBjyBlxt.png
Cucumis sativus,cucumis-sativus-01.png,3mwngu,3mwngu.png,https://www.scanslibrary.com/storage/images/ywA1ihkz3Ofto7kE9lpxeJ80StLzksL2xFVMKWW1.png
Cycas,cycas-01.png,5tx799,5tx799.png,https://www.scanslibrary.com/storage/images/6L6z6q1sOfDfBD41Eh0e3D7ZvtWDfO3xUGmxgJRh.png
Cycas,cycas-02.png,6qhfp4,6qhfp4.png,https://www.scanslibrary.com/storage/images/9EJbT39miLkEZue1BBsXiwVtBQkf9hJDUyAxbuZA.png
Cycas,cycas-03.png,7d9auk,7d9auk.png,https://www.scanslibrary.com/storage/images/xJohxX2S8jSc98CKG76k8sA4HN6BTzF3qtOjkksc.png
Cycas,cycas-04.png,kscqke,kscqke.png,https://www.scanslibrary.com/storage/images/OoFXXLgauTt0pwIQz7qZJHMZp1n6PP0LN2oK2CQH.png
Cycas,cycas-05.png,uxv4we,uxv4we.png,https://www.scanslibrary.com/storage/images/cDAHBz2Nd0gmRxducET0SMdd73eiWgXatc4qrUFs.png
Cyclamen coum,cyclamen-coum-07.png,gzscxv,gzscxv.png,https://www.scanslibrary.com/storage/images/xRlw5rPHJCMm8B3yu7LvwWVHJmsiuAd2IhReGGX9.png
Cyclamen coum,cyclamen-coum-08.png,wcdx3d,wcdx3d.png,https://www.scanslibrary.com/storage/images/Ab4fXQ5JDVAblq1keA5CfBaUaQKTGBS4pe9gwltI.png
Cynoglottis barrelieri,cynoglottis-barrelieri-01.png,m9vhkw,m9vhkw.png,https://www.scanslibrary.com/storage/images/yny6eQeYRyUfJ5ZHlnwb0QDcE62qRIzyGLneMEuw.png
Cynoglottis barrelieri,cynoglottis-barrelieri-02.png,nzqwja,nzqwja.png,https://www.scanslibrary.com/storage/images/UHe4EOgyhymNuwZAzldYlFdlCEdCxZKoLhjqCwsv.png
Cyperus alternifolius,cyperus-alternifolius-01.png,6zgv7e,6zgv7e.png,https://www.scanslibrary.com/storage/images/p0XNQ3NTeQhx2uxp4cEkPiXWYSlc1Zn3m0MIDTKy.png
Cyperus alternifolius,cyperus-alternifolius-02.png,cyperus-alternifolius-3ltehp,cyperus-alternifolius-3ltehp.png,https://www.scanslibrary.com/storage/images/kDla86kLFcdNtfU8hd8oIM2rimJszMtPpYvW0ESr.png
Cyperus alternifolius,cyperus-alternifolius-03.png,cyperus-alternifolius-bk4skz,cyperus-alternifolius-bk4skz.png,https://www.scanslibrary.com/storage/images/RISUwbXgg5hf7swFVW7t1oydOtkzYQDkk5JwLyHC.png
Cyperus alternifolius,cyperus-alternifolius-04.png,cyperus-alternifolius-bkscks,cyperus-alternifolius-bkscks.png,https://www.scanslibrary.com/storage/images/y2S4K8JNLfBkixJyHaa499JLg4qxrzszZokAMuYI.png
Cyperus alternifolius,cyperus-alternifolius-05.png,cyperus-alternifolius-fqjzrf,cyperus-alternifolius-fqjzrf.png,https://www.scanslibrary.com/storage/images/H7jL5vGzw92biNuxYmXgZeWgKz67RNBvjIlC4Uhw.png
Cyperus alternifolius,cyperus-alternifolius-06.png,cyperus-alternifolius-j9newc,cyperus-alternifolius-j9newc.png,https://www.scanslibrary.com/storage/images/LU1XUq3DZaQE4yeiSWHurjJxk6RboSVNLG6LZXu6.png
Cyperus alternifolius,cyperus-alternifolius-07.png,cyperus-alternifolius-qppypv,cyperus-alternifolius-qppypv.png,https://www.scanslibrary.com/storage/images/Lk01R0yj7dad01NaEXnyPBd0dRaXN31glPaNeCxw.png
Cyperus alternifolius,cyperus-alternifolius-08.png,ndnmqv,ndnmqv.png,https://www.scanslibrary.com/storage/images/r3zHNdX0Sl5BGWhE1rgLuO0I4PAKhwjksWzBdLjY.png
Cytisus supranubius,cytisus-supranubius-01.png,shrub-bbagqt,shrub-bbagqt.png,https://www.scanslibrary.com/storage/images/cTqg0s4AUNNpaQWCgJbfdQKWWWw1yoZFDa7VmwuT.png
Cytisus supranubius,cytisus-supranubius-02.png,shrub-dlwa3g,shrub-dlwa3g.png,https://www.scanslibrary.com/storage/images/NMUWnXogNTOxFCbpmnl4sY6PKcSrbRkeHNuEjgvC.png
Cytisus supranubius,cytisus-supranubius-03.png,shrub-gzb9sm,shrub-gzb9sm.png,https://www.scanslibrary.com/storage/images/NMTXKs5EdluT2Y11tT15ct9fr8WUeHW0PC9ynAlQ.png
Cytisus supranubius,cytisus-supranubius-04.png,shrub-m4x6bu,shrub-m4x6bu.png,https://www.scanslibrary.com/storage/images/phiULXq43gqkqgTTHxBhy4mdqyrKXyY1KhwUYACM.png
Cytisus supranubius,cytisus-supranubius-05.png,shrub-sseqju,shrub-sseqju.png,https://www.scanslibrary.com/storage/images/ttCnD93mJsDxNUUyaXHFs5hCJ3rZWxIgyE78VOUF.png
Cytisus supranubius,cytisus-supranubius-06.png,shrub-y7kfu6,shrub-y7kfu6.png,https://www.scanslibrary.com/storage/images/S47y4P4UKsu5Z9cUg2wdvdo5sFFx6UjsV3G5VWQt.png
Dactylis glomerata,dactylis-glomerata-01.png,vwrgrk,vwrgrk.png,https://www.scanslibrary.com/storage/images/gOVrZMyepyUv50ORtTqycCex0UwwtoUtBqkhkhmR.png
Dactylis glomerata,dactylis-glomerata-02.png,xas6ku,xas6ku.png,https://www.scanslibrary.com/storage/images/qtX8yRHh1DkwbArPPJHH7Sxq27CSyCzGYSDu8sYJ.png
Daphne mucronata,daphne-mucronata-01.png,daphne-mucronata-a5fcfbj,daphne-mucronata-a5fcfbj.png,https://www.scanslibrary.com/storage/images/pE3y7c7vBpNU3LTGRlT7GDf1neoHLc6KJo3HpsfT.png
Daphne mucronata,daphne-mucronata-02.png,daphne-mucronata-k4nuhjm,daphne-mucronata-k4nuhjm.png,https://www.scanslibrary.com/storage/images/5lSndwdvj2F2dia0R88c0LOmjpbX2PWDa56dtn3K.png
Daphne mucronata,daphne-mucronata-03.png,daphne-mucronata-mjuqyyw,daphne-mucronata-mjuqyyw.png,https://www.scanslibrary.com/storage/images/8Bhht7Kb3AruoZvh447OXXsqcJwZLv0iXxsbudVz.png
Daphne mucronata,daphne-mucronata-04.png,daphne-mucronata-myqubk8,daphne-mucronata-myqubk8.png,https://www.scanslibrary.com/storage/images/u3p1HUL7nukdKqWCf8iYyRok5OaflYjruHuHjIsC.png
Daphne mucronata,daphne-mucronata-05.png,daphne-mucronata-ns9myfv,daphne-mucronata-ns9myfv.png,https://www.scanslibrary.com/storage/images/59UBDKYQa0suYJUq87Sxq4YUR136avGgLFDiT8SK.png
Daphne mucronata,daphne-mucronata-06.png,daphne-mucronata-tkmusqy,daphne-mucronata-tkmusqy.png,https://www.scanslibrary.com/storage/images/aWu81wI28NwhXnKWIcB5WkBTCcardaLzecdC6TfL.png
Daucus Carota,daucus-carota-01.png,daucus-carota-4tudmg,daucus-carota-4tudmg.png,https://www.scanslibrary.com/storage/images/hY2kEBv4KcQ8vrMGVv5r7K7WJDTpmZsdwEvaTrgh.png
Daucus Carota,daucus-carota-02.png,daucus-carota-fvyzev,daucus-carota-fvyzev.png,https://www.scanslibrary.com/storage/images/TD3bhdMoUX5P57EzTsCJu3U2X940IVP2gqehgCRy.png
Daucus Carota,daucus-carota-03.png,daucus-carota-scsr3z,daucus-carota-scsr3z.png,https://www.scanslibrary.com/storage/images/6kLtH08EMoYQJvm0omqDfq3P9zIwu5JHlc6WJC6R.png
Daucus Carota,daucus-carota-04.png,daucus-carota-tagehj,daucus-carota-tagehj.png,https://www.scanslibrary.com/storage/images/GeayPX2y6IM7XOSuKeFgCcwDxQf09QLTT4zWMiZ8.png
Daucus Carota,daucus-carota-05.png,daucus-carota-ytkbna,daucus-carota-ytkbna.png,https://www.scanslibrary.com/storage/images/OFhIzTNGQ0Byr0YRIXEHGWFlFVHfvqJjE3W2YzOL.png
Daucus carota,daucus-carota-06.png,grrkmn,grrkmn.png,https://www.scanslibrary.com/storage/images/e7oHWoSO61P6J1MevsbkZ7ARMZZdgamAOhqfcQoE.png
Daucus carota,daucus-carota-07.png,rewbkj,rewbkj.png,https://www.scanslibrary.com/storage/images/4ZaQtazeWX3Mm7eVPrLNj5poyMQL08qMgVjyDV29.png
Daucus carota (Dry),daucus-carota-dry-02.png,pw96ba,pw96ba.png,https://www.scanslibrary.com/storage/images/H590rYgeASSpCJ6To8L2d2vGWiAkcFdxMZHGzbct.png
Daucus carota (Dry),daucus-carota-dry-03.png,rh2xga,rh2xga.png,https://www.scanslibrary.com/storage/images/UzkMlV1W61v4cTXNgzSXsmk1nzrYPg7twQ93a96o.png
Dead Leaves,dead-leaves-01.png,7rjxnt,7rjxnt.png,https://www.scanslibrary.com/storage/images/eLvVmqWnTxc0EbJjFNWVbqUZoXNONQ47RWZPbGYY.png
Dead Leaves,dead-leaves-02.png,jgjkrg,jgjkrg.png,https://www.scanslibrary.com/storage/images/EkCKt2BdDiQFq5MNgTyp51ugyCwpAhEFJTgZKNYx.png
Dead Leaves,dead-leaves-03.png,q5kv3m,q5kv3m.png,https://www.scanslibrary.com/storage/images/7OLjDm3udUqGuiuV6MM7DN2m1dFvflZgkD3D3ULJ.png
Dead Leaves,dead-leaves-04.png,vyhnqt,vyhnqt.png,https://www.scanslibrary.com/storage/images/L67hEUNT4ZpCfsMF0JtCnXPhWKncIjtqSBlZW9o5.png
Descurainia pinnata,descurainia-pinnata-01.png,bnbkdq,bnbkdq.png,https://www.scanslibrary.com/storage/images/i3MlumCmLSM4w8KwQWGv2roO9atsCTyiUXAiC85G.png
Descurainia pinnata,descurainia-pinnata-02.png,evramq,evramq.png,https://www.scanslibrary.com/storage/images/Qr9yb3xdCrnyWWNmPLNMfck1Ubuahyged6OrPzJt.png
Descurainia pinnata,descurainia-pinnata-03.png,p94erg,p94erg.png,https://www.scanslibrary.com/storage/images/0X6yDvNRFeIhCoLF2TX3rd1QzNRPEp9TS8bUhmkA.png
Descurainia pinnata,descurainia-pinnata-04.png,wskszg,wskszg.png,https://www.scanslibrary.com/storage/images/H66WjUeOZMgrmu3tnlbeuNmfOJHezHZB3iRSUrsi.png
Descurainia pinnata,descurainia-pinnata-05.png,xygfd3,xygfd3.png,https://www.scanslibrary.com/storage/images/5DC7N4kKqzjYzIIJXYFZyupUSLzefqISou9kK2eK.png
Dianthus caryophyllus,dianthus-caryophyllus-01.png,yf5csr,yf5csr.png,https://www.scanslibrary.com/storage/images/aCAzT9bpyuneg6s63KYmEXtj3dX7NTQTIoBXj1aW.png
Dieffenbachia,dieffenbachia-01.png,dieffenbachia-qbcsqtn,dieffenbachia-qbcsqtn.png,https://www.scanslibrary.com/storage/images/rcELm3LUFv0xwEHC0GD9VSAo4TsE0O6ajV36NNqm.png
Dieffenbachia camilla,dieffenbachia-camilla-01.png,8m2ukd,8m2ukd.png,https://www.scanslibrary.com/storage/images/SxaQpHPcJ0CiNlSeu8oTeuYKjgrBO2vfqNGRbQNm.png
Difenbahya Green Magic,difenbahya-green-magic-01.png,vvjkuk,vvjkuk.png,https://www.scanslibrary.com/storage/images/BcvjiifOpRj8XARqE3X9Wcp0smzxdGYN2wJp3E65.png
Dracaena atropurpurea,dracaena-atropurpurea-01.png,dcqg6k,dcqg6k.png,https://www.scanslibrary.com/storage/images/W8yPYrHP3iChaPH3mvaTXKqM1oCpDwiHXZsTwI8r.png
Dracena Massengena,dracena-massengena-01.png,cawmje,cawmje.png,https://www.scanslibrary.com/storage/images/uGAq7RQyno9MoPCV1y2XiyeQDCBzUMrmreOFE90D.png
Dried Seaweed 4 Cr,dried-seaweed-4-cr-01.png,sn6pqg,sn6pqg.png,https://www.scanslibrary.com/storage/images/wdnkp4I6ZIH1a33fvWIyFjHRDsLJUBc15GPYHhIo.png
Drosanthemum floribundum,drosanthemum-floribundum-01.png,erqv7g,erqv7g.png,https://www.scanslibrary.com/storage/images/lDmj75Y8lk4h3YY0znhVeadjqVwVhGhLqGiLtJcl.png
Drosanthemum floribundum,drosanthemum-floribundum-02.png,hhdf3t,hhdf3t.png,https://www.scanslibrary.com/storage/images/ntI6THOtIpap5fgt01YjqS32zW2WY2aCGmhhfBWp.png
Dry Bush,dry-bush-64.png,dry-bush-3dvkm4,dry-bush-3dvkm4.png,https://www.scanslibrary.com/storage/images/YzTQfM5hWR39LnrbeYB3Ecvm6jjW5TJwHfO4Dq3n.png
Dry Bush,dry-bush-65.png,dwuvs4,dwuvs4.png,https://www.scanslibrary.com/storage/images/fwav10CR7oByml3dz6m9ZXNqLP1iQF2z3APJxAB2.png
Dry Bush Debris,dry-bush-debris-04.png,dry-bush-debris-jhdczw,dry-bush-debris-jhdczw.png,https://www.scanslibrary.com/storage/images/fBIbIwBxbOqRViNRWg4ofTNGj4ZwqeRgWHHqBeuM.png
Dry Taxus,dry-taxus-02.png,taxus-nbkufr8,taxus-nbkufr8.png,https://www.scanslibrary.com/storage/images/iFaNcrRF5sqY3ZmQyj1k2yQtWYWzDcHiFyzlE4Qp.png
Dry Taxus,dry-taxus-03.png,taxus-qjnpfyn,taxus-qjnpfyn.png,https://www.scanslibrary.com/storage/images/vCLi4ISYSnFCDenfEZFtSlo6hK78C3YhuNrLmcOA.png
Dryopteris filix-mas,dryopteris-filix-mas-01.png,3gpfea,3gpfea.png,https://www.scanslibrary.com/storage/images/4eDzMx0Y92Iok6Mbui6mE8bvMKTcgkVMrhqDnI0G.png
Dryopteris filix-mas,dryopteris-filix-mas-02.png,6rnubw,6rnubw.png,https://www.scanslibrary.com/storage/images/mUgJ9qJqfNdw6DJBAjLtTeRtTWsXaaLfA7KSmgay.png
Dryopteris filix-mas,dryopteris-filix-mas-03.png,7rysxp,7rysxp.png,https://www.scanslibrary.com/storage/images/jdSch2K0LF4fhJPltEMEyAtRcROtr4d1Tvcclqfp.png
Dryopteris filix-mas,dryopteris-filix-mas-04.png,adqayc,adqayc.png,https://www.scanslibrary.com/storage/images/FVRrWoMARw5e0L2v0YMfcSvPAtasmrChgkCsTX6x.png
Dryopteris filix-mas,dryopteris-filix-mas-05.png,awzty5,awzty5.png,https://www.scanslibrary.com/storage/images/mNJ53lg8VOOySPRi7qq54Z7uzPSgX8lIefYCLfJk.png
Dryopteris filix-mas,dryopteris-filix-mas-06.png,dd5aq7,dd5aq7.png,https://www.scanslibrary.com/storage/images/jCXCHVq0Xb2sdMxIt8dWKevAm4dx66FCnS3iNPb4.png
Dryopteris filix-mas,dryopteris-filix-mas-07.png,dq3yqr,dq3yqr.png,https://www.scanslibrary.com/storage/images/8rEiulaaMTbpAbKQs3AfNomrIdTvK8cA9cBhR8GV.png
Dryopteris filix-mas,dryopteris-filix-mas-08.png,ewza7s,ewza7s.png,https://www.scanslibrary.com/storage/images/vZJOSH5bcjJtdu2dtti3Qp3BNB3YN42BidZlk7DC.png
Dryopteris filix-mas,dryopteris-filix-mas-09.png,jjzrfq,jjzrfq.png,https://www.scanslibrary.com/storage/images/LuvSbASBEOHeJQ1KdSXUchBceuP3qrupOYbZ3Dsj.png
Dryopteris filix-mas,dryopteris-filix-mas-10.png,lqdcb4,lqdcb4.png,https://www.scanslibrary.com/storage/images/CcvS4G7LwrCOgXlnOo0CtHZSWQM3rY6xzcuO82Ok.png
Dryopteris filix-mas,dryopteris-filix-mas-11.png,lytqmb,lytqmb.png,https://www.scanslibrary.com/storage/images/Ojc1zViJNVo62HpS4EHEtOT6JLXNFWSzSIM1FHYe.png
Dryopteris filix-mas,dryopteris-filix-mas-12.png,ntequl,ntequl.png,https://www.scanslibrary.com/storage/images/BPOTp8UQhvFqnCk9qhT2mgPJbJcONFe2l3CG4QbY.png
Dryopteris filix-mas,dryopteris-filix-mas-13.png,upbfvt,upbfvt.png,https://www.scanslibrary.com/storage/images/rKZpLZarmmNUot0xBiSlnuOtnssIxJkX8qOsjgmC.png
Dryopteris filix-mas,dryopteris-filix-mas-14.png,ush54f,ush54f.png,https://www.scanslibrary.com/storage/images/LYlGywJZVzUsRvx061iLGFCFhV8SmfgRmPA5h8Jt.png
Dwarf cavendish,dwarf-cavendish-01.png,2q2wmq,2q2wmq.png,https://www.scanslibrary.com/storage/images/P9nT3RijYi3MBAdqPSDaYeaf6ZHai0ChiwPBTacI.png
Dwarf cavendish,dwarf-cavendish-02.png,5hpqnc,5hpqnc.png,https://www.scanslibrary.com/storage/images/wi2ofv91vtb1MJvBdt3sbjnQr8FRn6t6FKKc34Kc.png
Dwarf cavendish,dwarf-cavendish-03.png,kudsfs,kudsfs.png,https://www.scanslibrary.com/storage/images/4xuX4rCVWvj2BmCYGlHee863JKkqlZi5g6HOpc4F.png
Dwarf cavendish,dwarf-cavendish-04.png,kyqyxn,kyqyxn.png,https://www.scanslibrary.com/storage/images/ATRRDlXuO0lhxkbYHwlewctMbWdw93zRdups42ju.png
Dwarf cavendish,dwarf-cavendish-05.png,nlz6yw,nlz6yw.png,https://www.scanslibrary.com/storage/images/nWuyrN3ITOqKnEQiyl65O9asPssgFsaoUCummMrg.png
Dwarf cavendish,dwarf-cavendish-06.png,uvdshv,uvdshv.png,https://www.scanslibrary.com/storage/images/hNTFtAEEXuIXzVBO69UbTChJeeIeqDwItrHe4G4Z.png
Echinops,echinops-01.png,3apk42,3apk42.png,https://www.scanslibrary.com/storage/images/pq0bkOKEaZ0iGYGsAeDbJNfxaMThjADr4vfgE2pn.png
Echinops,echinops-02.png,zeynep,zeynep.png,https://www.scanslibrary.com/storage/images/KFiP9vjxKsTLRkhsC1tfSwmzJlecojVHOAKXuAyv.png
Epilobium parviflorum,epilobium-parviflorum-01.png,epilobium-parviflorum,epilobium-parviflorum.png,https://www.scanslibrary.com/storage/images/lBOYsu0aQQhKGKcTASAY8a3bTh4TaeH5AlR0DbmI.png
Epilobium parviflorum,epilobium-parviflorum-02.png,epilobium-parviflorum-986efc,epilobium-parviflorum-986efc.png,https://www.scanslibrary.com/storage/images/veKN5cwBvzgzIUhNQ2yDNIqPhYxjTTvxgJluCbHX.png
Epipremnum aureum,epipremnum-aureum-01.png,aqn2pd,aqn2pd.png,https://www.scanslibrary.com/storage/images/pBgNr3J7sxNBO502s7Vj6NrxmWSEQ3U2zTjQcGyV.png
Epipremnum aureum,epipremnum-aureum-02.png,genj9r,genj9r.png,https://www.scanslibrary.com/storage/images/TqyXJkeYNc5uSnw87fCdOVw1PrlduvOpIVjZgBiD.png
Epipremnum aureum,epipremnum-aureum-03.png,gsdnyv,gsdnyv.png,https://www.scanslibrary.com/storage/images/U6WiiSDQVZ1RHQl1uH93AP3q6Qiyf7yX5pIwPl7V.png
Epipremnum aureum,epipremnum-aureum-04.png,hdjqys,hdjqys.png,https://www.scanslibrary.com/storage/images/WAxmjKYnFEVaMIbCaWbfl6chxBAUPy6B9BuUbQkr.png
Epipremnum aureum,epipremnum-aureum-05.png,scxwz3,scxwz3.png,https://www.scanslibrary.com/storage/images/B2OvHTb9nUb4xbVZD3OVTmXWdk0D4w8ByzgNDi3d.png
Eruca sativa,eruca-sativa-01.png,ubdg7j,ubdg7j.png,https://www.scanslibrary.com/storage/images/ktUSofShaF6cORGVhk3jJYxMoQZSGUBgCY7pABXq.png
Eruca sativa,eruca-sativa-02.png,vdy4xk,vdy4xk.png,https://www.scanslibrary.com/storage/images/P9VRQPaHhR8YjwwdFj1OHK79xOmyKOinCO2TWZ8a.png
Eruca vesicaria,eruca-vesicaria-06.png,lh2hps,lh2hps.png,https://www.scanslibrary.com/storage/images/EOgmSDPL2BsElNv3erTn2EvwExEWjEvsPWd5ER8P.png
Eruca vesicaria,eruca-vesicaria-07.png,unrbqx,unrbqx.png,https://www.scanslibrary.com/storage/images/ionzNRCz5PSBgv8BEhKYQ9aEcZCFFTfxXAaDO9gd.png
Eryngium bithynicum,eryngium-bithynicum-01.png,evwyfc,evwyfc.png,https://www.scanslibrary.com/storage/images/8qvHrCk0FbbsfM1I9J6XjGqD1Uu34jj21o3NpltN.png
Eryngium campestre,eryngium-campestre-01.png,cenapa,cenapa.png,https://www.scanslibrary.com/storage/images/LEEkNM4zFVi4Y6nvGnhcCBmyGlWhtlF2mg4iDhF4.png
Eryngium campestre,eryngium-campestre-02.png,cpwh27,cpwh27.png,https://www.scanslibrary.com/storage/images/3FuWEN6RLNgtgDHFp3OLxhTvb1odvZ4MkvUo05yX.png
Euonymus fortunei variegata,euonymus-fortunei-variegata-01.png,cpj5wt,cpj5wt.png,https://www.scanslibrary.com/storage/images/Rp4wclQ9P6vJaFKXAKDTmJnWCLYX20IlK1MM1wWT.png
Euonymus fortunei variegata,euonymus-fortunei-variegata-02.png,f7kz2e,f7kz2e.png,https://www.scanslibrary.com/storage/images/NTlXLrcXAFanYPgJ48UlX6L6M63v1f4Nujxfq2G9.png
Euonymus fortunei variegata,euonymus-fortunei-variegata-03.png,pbhutb,pbhutb.png,https://www.scanslibrary.com/storage/images/s9zNGGvpB822Dg1VNG1jmAL4zC4eg3lXRGRRBDXg.png
Euonymus japonicus,euonymus-japonicus-01.png,euonymus-japonicus-9xmp33,euonymus-japonicus-9xmp33.png,https://www.scanslibrary.com/storage/images/JU0je22qWFQCwYVofR5obmw8yMik9U3PQ6zfha1B.png
Euonymus japonicus,euonymus-japonicus-02.png,euonymus-japonicus-luugh3,euonymus-japonicus-luugh3.png,https://www.scanslibrary.com/storage/images/eKnkLzNfjrTElWwXpVllLTpZWbapp38HwjqIlhWa.png
Euonymus japonicus,euonymus-japonicus-03.png,euonymus-japonicus-mwcsey,euonymus-japonicus-mwcsey.png,https://www.scanslibrary.com/storage/images/6R4FZgKxXaCN5KXgCr2xXKKG29KXDPJ99TizqgDV.png
Euonymus japonicus,euonymus-japonicus-04.png,euonymus-japonicus-pthjrn,euonymus-japonicus-pthjrn.png,https://www.scanslibrary.com/storage/images/BPmCe5bBbvIhkprP2JZtbWJEyeq5kG1u0sXiuMbh.png
Euonymus japonicus,euonymus-japonicus-05.png,euonymus-japonicus-ufauvg,euonymus-japonicus-ufauvg.png,https://www.scanslibrary.com/storage/images/ChQCtYJOhScSlewhQ10cfzmNsHaOkhspYVX60bi8.png
Euonymus japonicus,euonymus-japonicus-06.png,euonymus-japonicus-upwxnt,euonymus-japonicus-upwxnt.png,https://www.scanslibrary.com/storage/images/hElc6WBBPuC709vRdvapeSi4rn5MaCAEc8pcLqnO.png
Euonymus japonicus,euonymus-japonicus-07.png,euonymus-japonicus-vch8t3,euonymus-japonicus-vch8t3.png,https://www.scanslibrary.com/storage/images/efFZiu8nHhgchVJF5jppVNVEV6eQTk9Bnl5G7vDq.png
Euonymus japonicus,euonymus-japonicus-08.png,euonymus-japonicus-xp2dse,euonymus-japonicus-xp2dse.png,https://www.scanslibrary.com/storage/images/eXNJvmEZFOYmSSPE0IhYWrM7iJXMpdYmeOPxAH0b.png
Euphorbia,euphorbia-01.png,5xbzju,5xbzju.png,https://www.scanslibrary.com/storage/images/PzXPUORx0slqHUamdUIOw7GEVqZhL5PDbgd7pmyX.png
Euphorbia,euphorbia-02.png,9hrlps,9hrlps.png,https://www.scanslibrary.com/storage/images/lChbO76ckZR3GDJ4sLRtvgSrJakSaODm8zqcn9Mw.png
Euphorbia,euphorbia-03.png,synxyk,synxyk.png,https://www.scanslibrary.com/storage/images/kZisg6VIKfBrWlIcqvNxCrimjJN1oAjLZfu1Ufll.png
Euphorbia cyparissias,euphorbia-cyparissias-01.png,euphorbia-cyparissias-yjemjxf,euphorbia-cyparissias-yjemjxf.png,https://www.scanslibrary.com/storage/images/oWqvcIMjLZTAsqwZfyj07T1ulDEOhsa6kVZJLUdS.png
Euphorbia esula,euphorbia-esula-01.png,d2h6ue,d2h6ue.png,https://www.scanslibrary.com/storage/images/UazIackalEz3boeF5fgPbx2LOYVNaRuSATScIJ62.png
Euphorbia esula,euphorbia-esula-02.png,ddjfkk,ddjfkk.png,https://www.scanslibrary.com/storage/images/XSfEDUGTBV6z9yr92m6S1U3NLyuD7Xnl6sMyxAQ3.png
Euphorbia tirucalli,euphorbia-tirucalli-01.png,6wcmrj,6wcmrj.png,https://www.scanslibrary.com/storage/images/Ls9OwtqtedTeWP60Q7bBgPZUYO0CXCg71UDlHOMH.png
Euphorbia tirucalli,euphorbia-tirucalli-02.png,8mfj99,8mfj99.png,https://www.scanslibrary.com/storage/images/DqCxymJ7VSEdJCQHOOTvzK48Nb78paNjUMzqUGtR.png
Euphorbia tirucalli,euphorbia-tirucalli-03.png,9pvy2h,9pvy2h.png,https://www.scanslibrary.com/storage/images/Mwmnjsyq8R5SD8kN5hNYAAHVfeZkca17kFCUpE9g.png
Euphorbia tirucalli,euphorbia-tirucalli-04.png,gxtzul,gxtzul.png,https://www.scanslibrary.com/storage/images/NfQU8XKCEUCPXtwdEFvfsgxTge9svsCU1Ne32K4O.png
Euphorbia tirucalli,euphorbia-tirucalli-05.png,m4eurz,m4eurz.png,https://www.scanslibrary.com/storage/images/SVLAQwdmxetN0vlPeQqPDkD7khvxoYGoFIsnoKvs.png
Euphorbia tirucalli,euphorbia-tirucalli-06.png,qjd3ad,qjd3ad.png,https://www.scanslibrary.com/storage/images/sQePSKM7KKuqxc6rgPCIgLH8w2hshIpexHbJesW6.png
Euphorbia tirucalli,euphorbia-tirucalli-07.png,undhrb,undhrb.png,https://www.scanslibrary.com/storage/images/5WTXVfs8tZwB9Cto2hc6f4ySSCWrXzaXQtbGtXAn.png
Euphorbia tirucalli,euphorbia-tirucalli-08.png,vjw9f7,vjw9f7.png,https://www.scanslibrary.com/storage/images/eKUojKwvV4ynCH3VTkT4VWP6a1rf5c5OJo6NzkSx.png
Euphorbia tirucalli,euphorbia-tirucalli-09.png,wmqwt7,wmqwt7.png,https://www.scanslibrary.com/storage/images/LhYALiwFnq0MpDrqKHUASYz4ZUHYURH0IKPqWEFP.png
Fagus sylvatica,fagus-sylvatica-01.png,xbhghg,xbhghg.png,https://www.scanslibrary.com/storage/images/xP6fhIFUKtRSR3zTKchlmmwnMQnZgJcT1TQBmUPv.png
Festuca filiformis,festuca-filiformis-01.png,6s8caw,6s8caw.png,https://www.scanslibrary.com/storage/images/JYonrQe8QcOvK904TiWjlxF8d4GtUeCCZj0PhnPR.png
Festuca filiformis,festuca-filiformis-02.png,nhxgu3,nhxgu3.png,https://www.scanslibrary.com/storage/images/q9eLp2kIgb0YNQg6T2ypXDwDc0ElD43AwZFVi3zn.png
Ficus,ficus-01.png,ficus-cyru8jf,ficus-cyru8jf.png,https://www.scanslibrary.com/storage/images/81eMG0x7pjrWDi0c6KJLBgpwk0eWM9ERcHeOTXEr.png
Ficus,ficus-02.png,ficus-gsndxus,ficus-gsndxus.png,https://www.scanslibrary.com/storage/images/O63tUHdqwJpHv61qjY5lhuZvv3jJqIIgxFctJXan.png
Ficus,ficus-03.png,ficus-mckfcxq,ficus-mckfcxq.png,https://www.scanslibrary.com/storage/images/mSqx9PgRSWzvV9I35xUvMyaRjvcPMdyjdtwA5RLe.png
Ficus elastica,ficus-elastica-01.png,258y4h,258y4h.png,https://www.scanslibrary.com/storage/images/mPsVWmukuE65aP8BN2FKtLWz8fhwwxNWFWtOVKrR.png
Ficus elastica,ficus-elastica-02.png,ficus-elastica-3wbkt7j,ficus-elastica-3wbkt7j.png,https://www.scanslibrary.com/storage/images/2OCidBcU5ECsD5oUOwNLBdFtiYkTl1ngoHRGnH0Z.png
Ficus elastica,ficus-elastica-03.png,ficus-elastica-cbthgea,ficus-elastica-cbthgea.png,https://www.scanslibrary.com/storage/images/JF8hLksqgVPc86h64tIjcx3MpJ69gj3Fw6G5U47X.png
Ficus elastica,ficus-elastica-04.png,ficus-elastica-jfpajtb,ficus-elastica-jfpajtb.png,https://www.scanslibrary.com/storage/images/vi0Yi8piuOJiZ2U8TP39Bn8mfc3cYSHPPAAZsuDc.png
Ficus elastica,ficus-elastica-05.png,ficus-elastica-n6nwset,ficus-elastica-n6nwset.png,https://www.scanslibrary.com/storage/images/bR8LEOJBfB3t8hWTTsagdc0q6Fu3ycdPOuztBiZx.png
Ficus elastica,ficus-elastica-06.png,ficus-elastica-tj9s6ce,ficus-elastica-tj9s6ce.png,https://www.scanslibrary.com/storage/images/cmk2f8T9xF35vAQ8VmEJyIMgRM7GZ1pU8uXnlB8N.png
Ficus elastica,ficus-elastica-07.png,ficus-elastica-y4crpfl,ficus-elastica-y4crpfl.png,https://www.scanslibrary.com/storage/images/V1nVi2swd8v1fLHe45RV2ufFAiOac6oGcuR3qGwl.png
Ficus elastica,ficus-elastica-08.png,ydkmcu,ydkmcu.png,https://www.scanslibrary.com/storage/images/dEM46QC8V4bgQfljclNL0vjyi7bQRlzII3mfaXI6.png
Ficus lyrata,ficus-lyrata-01.png,dujwye,dujwye.png,https://www.scanslibrary.com/storage/images/GvsO1y4x7OS1jQKhwF79NZcBuyJSWzw6LoJGF9XA.png
Ficus lyrata,ficus-lyrata-02.png,uzhptt,uzhptt.png,https://www.scanslibrary.com/storage/images/oPWpyEvh4sz6odfKeDAYn9rHyNc9cGJlFW5nptyZ.png
Ficus lyrata,ficus-lyrata-03.png,ywgjjc,ywgjjc.png,https://www.scanslibrary.com/storage/images/3a7ZIxm6mjbgRTa0weirYgwYHLSUmyiOSeluF3FZ.png
Forest Ground Cover,forest-ground-cover-01.png,forest-ground-cover-lwwuwm,forest-ground-cover-lwwuwm.png,https://www.scanslibrary.com/storage/images/hYvcinMGX8qY1mjmpyGK2cHBdixUsY1rACWTWkmO.png
Forsythia intermedia,forsythia-intermedia-01.png,psxksv,psxksv.png,https://www.scanslibrary.com/storage/images/iAkkqTkgLQLtaXCmF2fzsDNP7GS6xG4EIeldswmP.png
Fragaria vesca,fragaria-vesca-01.png,fragaria-vesca-dfkgypg,fragaria-vesca-dfkgypg.png,https://www.scanslibrary.com/storage/images/IFM3IhNkbJJkATRojbhBj3iMdsehllp4t1OHokZD.png
Galium odoratum,galium-odoratum-01.png,forest-ground-cover-ebbuwl,forest-ground-cover-ebbuwl.png,https://www.scanslibrary.com/storage/images/i654dy4WGpwcmVdUlNTLp0c1FqQY7Jj6nXtUFMAt.png
Geranium,geranium-01.png,geranium-7mjv9f,geranium-7mjv9f.png,https://www.scanslibrary.com/storage/images/HzeJO69OB1t3ihedO2x1F53nM3UlNM5tyhWMNFgT.png
Geranium,geranium-02.png,geranium-97jrts,geranium-97jrts.png,https://www.scanslibrary.com/storage/images/IUWEuuEiAbe9L2ljlOz7kEXswa0CHnC8Qz0k44Kb.png
Geranium lucidum,geranium-lucidum-01.png,forest-ground-cover-emsb5j,forest-ground-cover-emsb5j.png,https://www.scanslibrary.com/storage/images/cuwfYypKp0tDxib9gH54c7796c6zJDIMuTN4yO5a.png
Geranium macrorrhizum,geranium-macrorrhizum-01.png,4lanrz,4lanrz.png,https://www.scanslibrary.com/storage/images/mwpP50N4q0CsCbFk0IfI1CojtxOefVSbM09CrlRc.png
Geranium rotundifolium,geranium-rotundifolium-01.png,hy3rv2,hy3rv2.png,https://www.scanslibrary.com/storage/images/TOk7RPn1MVdaLZNhS8ZtSTJPE0fjKkMTtLOUn9NG.png
Geranium rotundifolium,geranium-rotundifolium-02.png,pqurfj,pqurfj.png,https://www.scanslibrary.com/storage/images/dDWiIRZWHL7d37f5U6gkvfKrfHD3xj8MHUXFepf6.png
Geranium rotundifolium,geranium-rotundifolium-03.png,vmesfp,vmesfp.png,https://www.scanslibrary.com/storage/images/PUAIPwLASDp8RezMxvBjostka3arZ4FpWiWMcMrd.png
Grass,grass-01.png,7bgu2x,7bgu2x.png,https://www.scanslibrary.com/storage/images/Cecn4mXfpy22k7Gsrd2tAeBbKPTLYBz6ODnwYchU.png
Grass,grass-02.png,cpepvq,cpepvq.png,https://www.scanslibrary.com/storage/images/WJE3ub2Mm8GuttZaqjUm96wyESkXXKZqyfiycFVm.png
Grass,grass-03.png,djasub,djasub.png,https://www.scanslibrary.com/storage/images/3NL16rUOO3fSekYd4YsRxicLRJrb61M2ZWJCwOeq.png
Grass,grass-04.png,e8kyg9,e8kyg9.png,https://www.scanslibrary.com/storage/images/kmINMr8MFPuMJKRDSSykXi7lfiqJWYFLIMWwepeK.png
Grass,grass-05.png,ekx8qb,ekx8qb.png,https://www.scanslibrary.com/storage/images/ZWTilNImb1NBeeNq72pJdK6Atu4JhIlkf7jXFCOx.png
Grass,grass-06.png,emryh5,emryh5.png,https://www.scanslibrary.com/storage/images/WmlIqazw1hLLLDSWV8wgaamfq4O7rxfik53Dn85i.png
Grass,grass-07.png,fmatzy,fmatzy.png,https://www.scanslibrary.com/storage/images/WmUQ4FXBsBMZv79VvKYS7WhGuf1LJEfIes8rKTQx.png
Grass,grass-08.png,grass-3wrxus,grass-3wrxus.png,https://www.scanslibrary.com/storage/images/HtBYfyMbiRwLJCLv7KIOVJ39zgmlfTO93xJWGyBa.png
Grass,grass-09.png,grass-vqjzpx,grass-vqjzpx.png,https://www.scanslibrary.com/storage/images/SkWvvNbRZMBBKw4vqAasuoWL9LxZDbT62EB8w4iZ.png
Grass,grass-10.png,grass-yup8ga,grass-yup8ga.png,https://www.scanslibrary.com/storage/images/gceFh6Iq6f0BMRKenqFhWL2dZwIC84aleUdGg5Jl.png
Grass,grass-11.png,grass-zk3c36,grass-zk3c36.png,https://www.scanslibrary.com/storage/images/OYnLKGLtqGuW7ma4Wm5QT1HTzjQ1LsH75RyMFETF.png
Grass,grass-12.png,h4j2cm,h4j2cm.png,https://www.scanslibrary.com/storage/images/zTOW3CAVcMexQxZH08Qf4VbuxobZDA2JjNDMfINR.png
Grass,grass-13.png,huuenv,huuenv.png,https://www.scanslibrary.com/storage/images/piHkQzrnh5fNBX1UI10t3qGZQVAzjguIjxzCG2Sn.png
Grass,grass-14.png,jwnlxm,jwnlxm.png,https://www.scanslibrary.com/storage/images/Ll4jbZAKMxV6h4r4IpSjXD7xSsQmq5z4kFd2kusK.png
Grass,grass-15.png,pp3txq,pp3txq.png,https://www.scanslibrary.com/storage/images/YFeSpwW58LxH0X8tZqZRqgTAIi0hwizJiZalkS5p.png
Grass,grass-16.png,rahmbt,rahmbt.png,https://www.scanslibrary.com/storage/images/gAi5Kk4d7ZYYJiPwG3XvWoQEGBtrq3mdvkm83Y6C.png
Grass,grass-17.png,sjzfyv,sjzfyv.png,https://www.scanslibrary.com/storage/images/KoVDla2UeiWJ8LlHbmVbufYHvTSFG9WIhbV2G5xy.png
Grass,grass-18.png,twjvhe,twjvhe.png,https://www.scanslibrary.com/storage/images/cvr1Dd0buIXk3RjxTyz0fImrnCbjSREHpaembZ20.png
Grass,grass-19.png,vffrbb,vffrbb.png,https://www.scanslibrary.com/storage/images/TXsKSM9zabObm2q9nCHjg6opRfVehlm360aICYet.png
Grass,grass-20.png,wwtg3j,wwtg3j.png,https://www.scanslibrary.com/storage/images/I2zvUfchPNAzVMrkRbSaiBa0ijA126kuTebQe7dR.png
Grass,grass-21.png,ylafxz,ylafxz.png,https://www.scanslibrary.com/storage/images/kSfjV7hAcaiJJgLtl9BZt6mu9wtbMkD2tC9UFn6N.png
Grass,grass-22.png,zsejgr,zsejgr.png,https://www.scanslibrary.com/storage/images/vLEDG92e4MDqRUvJk6ftffKGlwDUoi5zTAPlgmFj.png
Grass 0 Cr,grass-0-cr-01.png,rwtawt,rwtawt.png,https://www.scanslibrary.com/storage/images/XpcnNc2bAlszcyHeE9ESG4k1R5mDHbaKry12klhg.png
Grass Reed,grass-reed-01.png,3ktgyg,3ktgyg.png,https://www.scanslibrary.com/storage/images/YBagGEJgUXGZ2ckX7TWQwWdDba9QXkd85EcXWpuJ.png
Grass Reed,grass-reed-02.png,a2wr5r,a2wr5r.png,https://www.scanslibrary.com/storage/images/vrphotOhvu6MrZS9CMHvORDsOkHdIJvqUOZtXIcc.png
Grass Reed,grass-reed-03.png,ghtrkj,ghtrkj.png,https://www.scanslibrary.com/storage/images/hEcGB2yIVARHFHdKsX2FT2fL0LJAwVi2uyIjl6HQ.png
Grass Reed,grass-reed-04.png,hpdr5k,hpdr5k.png,https://www.scanslibrary.com/storage/images/LZyyvLw7yzIT6v0c3phjLma0rQXoC5oFv3703u5k.png
Grass Reed,grass-reed-05.png,l4ctq9,l4ctq9.png,https://www.scanslibrary.com/storage/images/9AVfZkZzgK4dUmj9uK0ecX4d8R8HfDecUisgVIrF.png
Grass Reed,grass-reed-06.png,mxzzst,mxzzst.png,https://www.scanslibrary.com/storage/images/cASs9Itr6xneQsrWTfDkPWkt42HluOvodK8rukSf.png
Grass Reed,grass-reed-07.png,qwpjls,qwpjls.png,https://www.scanslibrary.com/storage/images/khUPExTmiXece9MyC7RO7yRhAB7TVVcrxYmJ5K40.png
Grass Reed,grass-reed-08.png,rwtwwm,rwtwwm.png,https://www.scanslibrary.com/storage/images/2xfzNNQizlSH2hXkOKEWkyZfc1wzzhS5QctZ1jHs.png
Grass Reed,grass-reed-09.png,weepyt,weepyt.png,https://www.scanslibrary.com/storage/images/XMuk3LMsI6U07tQ2UAaxjzpsUPDCJ0Qk5cTmjKDs.png
Grevillea juniperina,grevillea-juniperina-01.png,3mtqv9,3mtqv9.png,https://www.scanslibrary.com/storage/images/Hr9HYlAEm1hxvW6Sircr8iiChsh1vCS3nUlHEvHC.png
Grevillea juniperina,grevillea-juniperina-02.png,nvxfau,nvxfau.png,https://www.scanslibrary.com/storage/images/WT68UIyqocEqjfH0qE7mEQf1acocv5hZP1Hgqd1k.png
Grevillea juniperina,grevillea-juniperina-03.png,tgywmv,tgywmv.png,https://www.scanslibrary.com/storage/images/4qFjj7SmkPv9bw92UYy502vlD22PSbQH2JboyS61.png
Halimione portulacoides,halimione-portulacoides-01.png,halimione-portulacoides-6jsebb,halimione-portulacoides-6jsebb.png,https://www.scanslibrary.com/storage/images/cWFbfd9UYgx53gUPYgQMog3jY4a6yMjcBEVj1Srp.png
Halimione portulacoides,halimione-portulacoides-02.png,halimione-portulacoides-g3tz8h,halimione-portulacoides-g3tz8h.png,https://www.scanslibrary.com/storage/images/TLN8Ct2fiQYAuEi0G0wjx62mn0BqTObj7IJeYfsb.png
Halimione portulacoides,halimione-portulacoides-03.png,halimione-portulacoides-htfpyb,halimione-portulacoides-htfpyb.png,https://www.scanslibrary.com/storage/images/rXRoTdjmDex3gvp2W1WRqLVNe9jgftcl0H8CsHgX.png
Halimione portulacoides,halimione-portulacoides-04.png,halimione-portulacoides-pv583d,halimione-portulacoides-pv583d.png,https://www.scanslibrary.com/storage/images/Je67RB8UW86arG5m5QUacCgmrwPKdpZk3Ipeb6h0.png
Hedera,hedera-01.png,3byytl,3byytl.png,https://www.scanslibrary.com/storage/images/Vl9KgR5sjTL6rJHHJVVCcfslzMl1EmDYAmQLwrVR.png
Hedera,hedera-02.png,mybvtv,mybvtv.png,https://www.scanslibrary.com/storage/images/q1iXPGiNjLzbTAJz8VLyni9ZGoijbbxzu57jcc1w.png
Hedera,hedera-03.png,qnkfaa,qnkfaa.png,https://www.scanslibrary.com/storage/images/7NX2iz7Xahmmo4kVhgBf1UXG0Fp8jXZCnIapOeXd.png
Hedera,hedera-04.png,r76pnk,r76pnk.png,https://www.scanslibrary.com/storage/images/IWTVfZtVxENitzAVWrCwajjJBt8U7N1i6QGQgCRG.png
Hedera,hedera-05.png,sv8qnh,sv8qnh.png,https://www.scanslibrary.com/storage/images/5hXJZimSnIVB8g4fBK78s2S8nvRyCq4TxHiBm26a.png
Hedera,hedera-06.png,vv2gcw,vv2gcw.png,https://www.scanslibrary.com/storage/images/I0hPJPMzGTXCG11HXj5EwlCo05OZ95TTHCpcpjvI.png
Hedera,hedera-07.png,vwummz,vwummz.png,https://www.scanslibrary.com/storage/images/g745p4gkPtv9vEKQ7QNRAn35HKZPjQB6Uv8d9LQC.png
Hedera,hedera-08.png,zmwp4g,zmwp4g.png,https://www.scanslibrary.com/storage/images/vdgR6xLUzZh9Oy0wnkbIFBEDAJkzzYC53SxUUcGY.png
Hedera,hedera-09.png,zvwfwu,zvwfwu.png,https://www.scanslibrary.com/storage/images/xVWZGsdP6aPeSvDvfwunQkCnDxZtP46W2G1mNn9g.png
Hedera canariensis variegata,hedera-canariensis-variegata-01.png,hedera-canariensis-variegata-259xna,hedera-canariensis-variegata-259xna.png,https://www.scanslibrary.com/storage/images/Vu9wMWfGRryK4WsQVrYcDFxqR228WNs5nu5b5ZpF.png
Hedera canariensis variegata,hedera-canariensis-variegata-02.png,hedera-canariensis-variegata-9wbme9,hedera-canariensis-variegata-9wbme9.png,https://www.scanslibrary.com/storage/images/mMhHwZmMxUbxWXzUMusXgpngnApmTnZ2gyYA8uc2.png
Hedera canariensis variegata,hedera-canariensis-variegata-03.png,hedera-canariensis-variegata-f2mrh6,hedera-canariensis-variegata-f2mrh6.png,https://www.scanslibrary.com/storage/images/eekX5RsUhd7UCTHdIoSDhGybR95pqeJlWlbq6NTA.png
Hedera canariensis variegata,hedera-canariensis-variegata-04.png,hedera-canariensis-variegata-gnq6ff,hedera-canariensis-variegata-gnq6ff.png,https://www.scanslibrary.com/storage/images/1O2LxPZecrsfeOSvenIrJ8hEvuWDoime8wdsuzww.png
Hedera canariensis variegata,hedera-canariensis-variegata-05.png,hedera-canariensis-variegata-psdnau,hedera-canariensis-variegata-psdnau.png,https://www.scanslibrary.com/storage/images/qfXCvM8KGWJlIPTQ9eO5j0fIVGGWZwgcGpoZoZLW.png
Hedera canariensis variegata,hedera-canariensis-variegata-06.png,hedera-canariensis-variegata-rjcfbp,hedera-canariensis-variegata-rjcfbp.png,https://www.scanslibrary.com/storage/images/zSeczCLJI3o3iChXGjjVpDZVQ5NWBgTbMlby6WVQ.png
Hedera helix,hedera-helix-01.png,4gfsqe,4gfsqe.png,https://www.scanslibrary.com/storage/images/EFmpgao8vKsINUNbvyDLPSzTjmJtrKTDaHjvj90L.png
Hedera helix,hedera-helix-02.png,g99erx,g99erx.png,https://www.scanslibrary.com/storage/images/2Otu9JocL7Bp7z9KvQf0alyHE2xra3oC4G1eG7HU.png
Hedera helix,hedera-helix-03.png,hedera-helix-za3zqb,hedera-helix-za3zqb.png,https://www.scanslibrary.com/storage/images/qo0hqvw2dbkWHQUj3dJqnhiiSPlks5vHMTf9rbt4.png
Hedera helix,hedera-helix-04.png,lphdz8,lphdz8.png,https://www.scanslibrary.com/storage/images/r5aOFixIZbFiXhBhSeCtkUkEIlkhLbHaWLCiMjyD.png
Hedera helix,hedera-helix-05.png,rzaepk,rzaepk.png,https://www.scanslibrary.com/storage/images/jV1G5Hakx5W6e6NvE7W4D3BwBDoC0S9PDOvKIaVq.png
Hedera helix variegata,hedera-helix-variegata-01.png,bswhtj,bswhtj.png,https://www.scanslibrary.com/storage/images/PBx3KYgzEMwGNIl6oKl70jr7XyJnVTgfuHofnwVU.png
Hedera helix variegata,hedera-helix-variegata-02.png,nsdgk4,nsdgk4.png,https://www.scanslibrary.com/storage/images/Esj6kKNL9voV2Yw0ctA4pvF3HNjy6Sfo4o2IKLrD.png
Hedera helix variegata,hedera-helix-variegata-03.png,vgyukb,vgyukb.png,https://www.scanslibrary.com/storage/images/n84PkIPr0afmHFL9k8EaIkBr5D4JN6JvVbeFh1vd.png
Hedera helix variegata,hedera-helix-variegata-04.png,wuuqmk,wuuqmk.png,https://www.scanslibrary.com/storage/images/JeGY2is6wPkYBi7hO9cYfhZU8GIxLEs2kGBA0Y8k.png
Helianthus annuus,helianthus-annuus-02.png,e7hxyf,e7hxyf.png,https://www.scanslibrary.com/storage/images/aeiCuGX8v785afVnHxhOz8dl1q0Q2ofaTACb0IFa.png
Helianthus annuus,helianthus-annuus-03.png,gbk4tq,gbk4tq.png,https://www.scanslibrary.com/storage/images/aQ5DOdzdVh9KLDH5XCp37h7AyECT9Tw8SGRV09Ba.png
Helianthus annuus,helianthus-annuus-04.png,hx66m4,hx66m4.png,https://www.scanslibrary.com/storage/images/Vv93KgrS9kCFu63nqrGMJOsz48tfewfUn0WI8Tzr.png
Helianthus annuus,helianthus-annuus-05.png,l3wbcz,l3wbcz.png,https://www.scanslibrary.com/storage/images/zhQx7lvmP4fYFq1EKWROlPoJWf2cRvHE0deMi5yi.png
Helianthus annuus,helianthus-annuus-06.png,nbhugj,nbhugj.png,https://www.scanslibrary.com/storage/images/I4uDX1IBOEGlZAWtWpKjcXXNjZjbyApvgxDI2VTQ.png
Helianthus annuus,helianthus-annuus-07.png,paxcwf,paxcwf.png,https://www.scanslibrary.com/storage/images/QjfQiAQTTfCzxKkPud9gzRJcaTn8eubHzRKgOc6I.png
Helianthus annuus,helianthus-annuus-08.png,pdxuwa,pdxuwa.png,https://www.scanslibrary.com/storage/images/LILqn6N1KNJ4kDQS9HeiXjCesdYdBLrGPrAMkVWy.png
Helianthus annuus,helianthus-annuus-09.png,pmwnxf,pmwnxf.png,https://www.scanslibrary.com/storage/images/eiM2RS6poVq4SDSwv2BMPPll3aBkFdoNbKVPeg1z.png
Helianthus annuus,helianthus-annuus-10.png,qaa7zp,qaa7zp.png,https://www.scanslibrary.com/storage/images/YuHzK9zp9u6OODe6m71JZaG3jaKM1dRA4ang7saY.png
Helianthus annuus,helianthus-annuus-11.png,uugx7m,uugx7m.png,https://www.scanslibrary.com/storage/images/RXsxuaRdvSzw2eqlVNoUqNFrHnqDcyfNu1OWWk4y.png
Helianthus annuus,helianthus-annuus-12.png,vc8s8e,vc8s8e.png,https://www.scanslibrary.com/storage/images/RsHoHQ1AM2Yu9FljRZVLSVrlHWMpIFeud8oglUJy.png
Helianthus annuus,helianthus-annuus-13.png,yw5bld,yw5bld.png,https://www.scanslibrary.com/storage/images/qyoOoelwyWEXijfesiINKmd6SEnd4x5Cf05UsT51.png
Heliotropium,heliotropium-01.png,8fnt55,8fnt55.png,https://www.scanslibrary.com/storage/images/5roOU9wRRh6UmcyJQ5dXH49MNzyDGAZ6EINay8h3.png
Heliotropium,heliotropium-02.png,dqsfnq,dqsfnq.png,https://www.scanslibrary.com/storage/images/0yoymCBqJcFcOwx5cWkVaSPTuJkflN5SrdLL0kMp.png
Heliotropium,heliotropium-03.png,mwa22g,mwa22g.png,https://www.scanslibrary.com/storage/images/l7dascVGXNTiqpUa0YtOO8mDrM5Z5L5RVHh2wka5.png
Heliotropium,heliotropium-04.png,pgjkv2,pgjkv2.png,https://www.scanslibrary.com/storage/images/I84mCPjjOygxiDbM0t7iyFVS5BOONcyw5oDfBb4W.png
Helleborus orientalis,helleborus-orientalis-01.png,6furke,6furke.png,https://www.scanslibrary.com/storage/images/EXCgSwRNoBHm6i4WkykHNN9HxCqe4GtMve8yMmi0.png
Helleborus orientalis,helleborus-orientalis-02.png,6rnzz9,6rnzz9.png,https://www.scanslibrary.com/storage/images/0hhvfGyvpBfYynuwtuBTUprzyrzwqEQ6aWGInTNJ.png
Helleborus orientalis,helleborus-orientalis-03.png,aaxvfr,aaxvfr.png,https://www.scanslibrary.com/storage/images/Hqw1XAloQIDtcDeygVwqSjJVPbE2eUXQ5WwZzT6R.png
Helleborus orientalis,helleborus-orientalis-04.png,buxxta,buxxta.png,https://www.scanslibrary.com/storage/images/EWwPw1SYCOXINqzYMTgWoTFBSEJSHil9zelAf5tf.png
Helleborus orientalis,helleborus-orientalis-05.png,gzxklx,gzxklx.png,https://www.scanslibrary.com/storage/images/LqPyEzr2tyX9F4ixzuLgvIJmua0oS25T62t1ejPQ.png
Helleborus orientalis,helleborus-orientalis-06.png,ncc88p,ncc88p.png,https://www.scanslibrary.com/storage/images/NHduufzcmjfGHQSumMXJyzNPhrXcRs4e14zjJVCH.png
Heuchera micrantha,heuchera-micrantha-01.png,heuchera-micrantha-h8kjq3c,heuchera-micrantha-h8kjq3c.png,https://www.scanslibrary.com/storage/images/G8kgHYK6VOrRO7T25Uujf0P4eNGtxrYsxnV0i6nN.png
Hordeum murinum,hordeum-murinum-01.png,h5y46w,h5y46w.png,https://www.scanslibrary.com/storage/images/DEawA8nfN6KOcWqOWhhlFZoON4mFPjkcXPJkfHrj.png
Hordeum murinum,hordeum-murinum-02.png,hy8nnj,hy8nnj.png,https://www.scanslibrary.com/storage/images/8LuD2HY2B3RWbOYwoFSicNAadfFZbdIeKAN2L3GW.png
Hordeum murinum,hordeum-murinum-03.png,lr4vy9,lr4vy9.png,https://www.scanslibrary.com/storage/images/gtkrJkXsz4lZshSPgZjVXAhOX7b8XrS5ZCwCj9qH.png
Hordeum murinum,hordeum-murinum-04.png,nx4teh,nx4teh.png,https://www.scanslibrary.com/storage/images/Hk7rfducCOtZ53ssYrXGLxQznk6Hn70tohxIiVH3.png
Hordeum murinum,hordeum-murinum-05.png,yhqupt,yhqupt.png,https://www.scanslibrary.com/storage/images/Mk5c2MafXE5Aub9MG1AFx2pe7jAj0wkUTVvrnPog.png
Hordeum pusillum,hordeum-pusillum-01.png,84ybn5,84ybn5.png,https://www.scanslibrary.com/storage/images/pKP8uOqrzZtImhs8FoX0LgT5EPIWr5qJpvtdiMCO.png
Hordeum pusillum,hordeum-pusillum-02.png,bkmmqy,bkmmqy.png,https://www.scanslibrary.com/storage/images/q28whEishttd4UoXdwVMi0aQ0pYzS0aPRMHjAvzU.png
Hordeum pusillum,hordeum-pusillum-03.png,qrfd2f,qrfd2f.png,https://www.scanslibrary.com/storage/images/ZWEj2ocmoecXomMYKluvCjisMfFV6RZfElq8E59I.png
Hordeum pusillum,hordeum-pusillum-04.png,reed-5tqwtxw,reed-5tqwtxw.png,https://www.scanslibrary.com/storage/images/5jG9Fb6COsw4Mi1jwLXfVJEe2EgtnAFpCjTvReu9.png
Hordeum pusillum,hordeum-pusillum-05.png,reed-6vrf8cj,reed-6vrf8cj.png,https://www.scanslibrary.com/storage/images/0XCqU5fdERsE35p1qmkLcEx972dUuixFB8JANPkc.png
Hordeum pusillum,hordeum-pusillum-06.png,reed-exdqe6m,reed-exdqe6m.png,https://www.scanslibrary.com/storage/images/rZrEwwTjXTLkz2NwkIqK4mj2UxfQ9W2LrahGAiot.png
Hordeum pusillum,hordeum-pusillum-07.png,reed-nzvl62b,reed-nzvl62b.png,https://www.scanslibrary.com/storage/images/loSBHf6uY9n5scs3yW6D68cU988XztBINYsHTpne.png
Hordeum pusillum,hordeum-pusillum-08.png,reed-rhcxju2,reed-rhcxju2.png,https://www.scanslibrary.com/storage/images/L4DSXzj7Ex7ns1bT8C88JsfHWJ9bWxuI6lIbpTo9.png
Hordeum pusillum,hordeum-pusillum-09.png,reed-yts5der,reed-yts5der.png,https://www.scanslibrary.com/storage/images/gFySINMz6dBc3nQyDz64c3YotWcMDgPiLNz6ju4Z.png
Horseradish,horseradish-01.png,horseradish-6fznzd,horseradish-6fznzd.png,https://www.scanslibrary.com/storage/images/hBZW4r38Chz82jbpDkmzgW6VKlGehYxfjYrdAlS5.png
Hydrangea serrata,hydrangea-serrata-01.png,hydrangea-serrata-5slbqlx,hydrangea-serrata-5slbqlx.png,https://www.scanslibrary.com/storage/images/OtQ1hOHH8ScOZMvLtSo0uakk7SspSQan2Ou0mF5N.png
Hydrangea serrata,hydrangea-serrata-02.png,hydrangea-serrata-hcpmrg9,hydrangea-serrata-hcpmrg9.png,https://www.scanslibrary.com/storage/images/U05GjRY430Sg4M8GnIo6Fbig64xm9ulVbX8LsYz0.png
Hydrangea serrata,hydrangea-serrata-03.png,hydrangea-serrata-mnyzb4m,hydrangea-serrata-mnyzb4m.png,https://www.scanslibrary.com/storage/images/r0FknB8EIHP25gO81YPRrgssjMlmNF9mLm0Cqyeg.png
Hydrangea serrata,hydrangea-serrata-04.png,hydrangea-serrata-yvza8ev,hydrangea-serrata-yvza8ev.png,https://www.scanslibrary.com/storage/images/bbsEwm5YRXZXWLtK1BfCycubfLuCb60yAvE2615C.png
Hymenopappus scabiosaeus,hymenopappus-scabiosaeus-01.png,hymenopappus-scabiosaeus-hr3ewzb,hymenopappus-scabiosaeus-hr3ewzb.png,https://www.scanslibrary.com/storage/images/zzsvT6XPzJFR4dsKV33TowoGjuXBzg1xfLE8Befp.png
Hymenopappus scabiosaeus,hymenopappus-scabiosaeus-02.png,hymenopappus-scabiosaeus-quxvg8a,hymenopappus-scabiosaeus-quxvg8a.png,https://www.scanslibrary.com/storage/images/7Te5npzQdjVREfcufft1lQ48y0IYnzSMu9mUR7m1.png
Ilex variegata,ilex-variegata-01.png,8jkt4m,8jkt4m.png,https://www.scanslibrary.com/storage/images/PgKUtcX5zLrzno2TanAiZk5ZVIl0s42RULBgqvds.png
Ilex variegata,ilex-variegata-02.png,c6esbz,c6esbz.png,https://www.scanslibrary.com/storage/images/gmWOPlCZEVJZMLx1geSWcgrgwTtO2tPW3QZ3WafH.png
Ilex variegata,ilex-variegata-03.png,np6brh,np6brh.png,https://www.scanslibrary.com/storage/images/YgGX9vekDq1PTohiGkMBECWiqEDIQEz5ajW6DYZq.png
Ilex variegata,ilex-variegata-04.png,pwj76m,pwj76m.png,https://www.scanslibrary.com/storage/images/4hbtDri6Y4hoNO0pQyu9Cl0vINSFDH6GQxcKiuhP.png
Ilex variegata,ilex-variegata-05.png,xmmcuz,xmmcuz.png,https://www.scanslibrary.com/storage/images/3PkosgP32TTJlmAGeau76KcCCXk4I9IoMztKGlbc.png
Imperata cylindrica,imperata-cylindrica-01.png,imperata-cylindrica-jakypjb,imperata-cylindrica-jakypjb.png,https://www.scanslibrary.com/storage/images/l54L3JyGZdyAyCc8mBRjsUIRqhZkKFaMihqMlUBY.png
Isatis tinctoria,isatis-tinctoria-07.png,8ycajz,8ycajz.png,https://www.scanslibrary.com/storage/images/8aVINiFW7d199She0GQuTuWNmutDdvPu8CmbgPlc.png
Isatis tinctoria,isatis-tinctoria-08.png,eklvjc,eklvjc.png,https://www.scanslibrary.com/storage/images/EiIh97VJ1gIrh63lumSDhdcQkPMIFwoXdahyXJvK.png
Isatis tinctoria,isatis-tinctoria-09.png,t4bvnn,t4bvnn.png,https://www.scanslibrary.com/storage/images/jchKswqh0bhE96HpyuoMJ9YLs915yKcnxylPWtjU.png
Isatis tinctoria,isatis-tinctoria-10.png,wt7dxu,wt7dxu.png,https://www.scanslibrary.com/storage/images/9oWsafirxz02xKkoFayLJFoCmf31CBKyaB50muvO.png
Jasminum polyanthum,jasminum-polyanthum-01.png,xwunep,xwunep.png,https://www.scanslibrary.com/storage/images/J7dztdV9VPS4IILlmiWkb34cSJ3z7l7sqVRKOlOO.png
Juncus,juncus-05.png,97qct3,97qct3.png,https://www.scanslibrary.com/storage/images/3sD7mWnZkj0RXakCAjrpvtYJNN5Haic0mpA6afgU.png
Juncus,juncus-06.png,hhvvcw,hhvvcw.png,https://www.scanslibrary.com/storage/images/Zb8HRamfkuqzROTdhoRT9GNKRVLxa6cSULvz1Gzx.png
Juncus,juncus-07.png,jfm32q,jfm32q.png,https://www.scanslibrary.com/storage/images/AwzuZTgEf35aOroFzkDIjLa7PT4zSL5TEy4anpyO.png
Juncus,juncus-08.png,kjxybd,kjxybd.png,https://www.scanslibrary.com/storage/images/CJE6oA9oLbSjCiLLqfBJgXCXlljdXouZrlYjGgM7.png
Juncus,juncus-09.png,pdnsf2,pdnsf2.png,https://www.scanslibrary.com/storage/images/CFsuwsDwjNYtt0lcqrDAfoOUz9y15ip7b7Zvj63k.png
Juncus,juncus-10.png,sewzr4,sewzr4.png,https://www.scanslibrary.com/storage/images/vNDxpOUNFMj3s2H6vEKV7faknBMkTiqnXXDOueWh.png
Juncus acutus,juncus-acutus-01.png,7e8hjj,7e8hjj.png,https://www.scanslibrary.com/storage/images/sjtuJ9CWzmye36Nf5hlhLI92rOm7pQ17G2MbmVCY.png
Juncus acutus,juncus-acutus-02.png,ae5gzh,ae5gzh.png,https://www.scanslibrary.com/storage/images/O6S395r0VkcIas4PBkKCqiDxQWOvQJ6T3xdKjNyE.png
Juncus acutus,juncus-acutus-03.png,ckgyxt,ckgyxt.png,https://www.scanslibrary.com/storage/images/hNF4LfLO4QxAmn8RLP0q5XlaWKJrOUtk3lZHxP1k.png
Juncus acutus,juncus-acutus-04.png,cwdjkw,cwdjkw.png,https://www.scanslibrary.com/storage/images/16nVajHagmIdghRY1qwiVbHYaM6JgTZBTXRCFRE3.png
Juncus acutus,juncus-acutus-05.png,hzepdj,hzepdj.png,https://www.scanslibrary.com/storage/images/XJEEujlWNGEpEH5C355zBWnBdRSbWD9mjmxyYq7S.png
Juncus effusus,juncus-effusus-01.png,amtvbr,amtvbr.png,https://www.scanslibrary.com/storage/images/BT5WaYM8rMwBazNdICFfr8d296vdzpWBW59xw0Rn.png
Juncus effusus,juncus-effusus-02.png,bnkkvr,bnkkvr.png,https://www.scanslibrary.com/storage/images/4adb26Um1KXAjXEOuL4PDhFhfrfXOIOzARdvL3FC.png
Juncus effusus,juncus-effusus-03.png,cjy7qz,cjy7qz.png,https://www.scanslibrary.com/storage/images/5MW0nj9gKpG2rJyqsC0PmNtavKz139Mna0VZJ0OS.png
Kentia Palm,kentia-palm-01.png,7dyzuj,7dyzuj.png,https://www.scanslibrary.com/storage/images/53ckxTVaCj8wckxNJ4wPYQqKJTuD80VBidsD8sQP.png
Kentia Palm,kentia-palm-02.png,cafc4j,cafc4j.png,https://www.scanslibrary.com/storage/images/EbdyaimpsU1JMPHNPVXO0PAY76Gatdnmf2XkH1EJ.png
Kentia Palm,kentia-palm-03.png,eypnjb,eypnjb.png,https://www.scanslibrary.com/storage/images/vO1xQrnOllzE3D9cSQ5CcLr0lV9mVzVddNfYpA0n.png
Kentia Palm,kentia-palm-04.png,wuwwvf,wuwwvf.png,https://www.scanslibrary.com/storage/images/1Is9edEPpdGYi4aIObBl6WJW2X3sE3TDNHru6JiK.png
Kentia Palm,kentia-palm-05.png,zhav7y,zhav7y.png,https://www.scanslibrary.com/storage/images/dh5eEmniIJ6ru6i2wzYZrU2Nfm317NYHf6cg23R8.png
Koeleria macrantha,koeleria-macrantha-01.png,6xuvvf,6xuvvf.png,https://www.scanslibrary.com/storage/images/vV3gN6NnwRsa2GgmRq0fWAVeTveid01yw8YThLp7.png
Koeleria macrantha,koeleria-macrantha-02.png,ervjk7,ervjk7.png,https://www.scanslibrary.com/storage/images/U6JOjwKmv6ktmxQ3T7LTio1hZgO3ghoSAM1ET4bK.png
Koeleria macrantha,koeleria-macrantha-03.png,nvhda2,nvhda2.png,https://www.scanslibrary.com/storage/images/7WILrZ1iJn3lv321XamwK7qBsjKBKL3q1URurF8E.png
Koeleria macrantha,koeleria-macrantha-04.png,reed-7hxvhm,reed-7hxvhm.png,https://www.scanslibrary.com/storage/images/7z1Qz0WQXHYlHrll6swQ36BlTp6VPRfMSuvUBAxp.png
Koeleria macrantha,koeleria-macrantha-05.png,reed-eqvzss,reed-eqvzss.png,https://www.scanslibrary.com/storage/images/X6HZTUjkZYEd4ZeuJbJHu0wHJ0Ei6xoM31oEE8uK.png
Koeleria macrantha,koeleria-macrantha-06.png,reed-k8qnmv,reed-k8qnmv.png,https://www.scanslibrary.com/storage/images/PjRP8QFO7kTuB9Q06Iv05inyrr5zRNCSUVaVJmwD.png
Koeleria macrantha,koeleria-macrantha-07.png,reed-mgz2fd,reed-mgz2fd.png,https://www.scanslibrary.com/storage/images/fl2S6rFIKoRACnaTzNoyVlpq4b90RdMNSMpw3DPZ.png
Koeleria macrantha,koeleria-macrantha-08.png,tphm6q,tphm6q.png,https://www.scanslibrary.com/storage/images/3woyahid5fbNXFnQdsSsiuG5XaaehOlVxHln1Xkx.png
Lamium amplexicaule,lamium-amplexicaule-01.png,xg2blm,xg2blm.png,https://www.scanslibrary.com/storage/images/Xt9y1PItI5dWd1dFBhahEomCS83T9XPYCu5JHh4D.png
Lamium purpureum,lamium-purpureum-01.png,9qexqt,9qexqt.png,https://www.scanslibrary.com/storage/images/jFebcE1MqHcQ1WwHybZLd56a94KZhXLrKIPPFhxc.png
Lamium purpureum,lamium-purpureum-02.png,rbhucg,rbhucg.png,https://www.scanslibrary.com/storage/images/tI3QKzfBgvQiH7Ajxm6m8aXJ6qDeanjGh6JWvq3U.png
Lantana camara,lantana-camara-05.png,lantana-camara-cgzq9l,lantana-camara-cgzq9l.png,https://www.scanslibrary.com/storage/images/mTEba1nHyd4ENBa6Le6jPdWaWrhnLl5JOjwdktEg.png
Lantana camara,lantana-camara-06.png,lantana-camara-dqtrvq,lantana-camara-dqtrvq.png,https://www.scanslibrary.com/storage/images/2mAi3UbiDObpUTXWMUOuupJ8B388gnSWurkDw6id.png
Lantana camara,lantana-camara-07.png,lantana-camara-ecps5j,lantana-camara-ecps5j.png,https://www.scanslibrary.com/storage/images/UQxtYUghzIzwxAszsvbxVW70sB3YB5mS9pDBFzx0.png
Lantana camara,lantana-camara-08.png,lantana-camara-flpy48,lantana-camara-flpy48.png,https://www.scanslibrary.com/storage/images/lBjsx0e2JHIBWydFqToNTtRsoAcJFks2itgwApNG.png
Lantana camara,lantana-camara-09.png,lantana-camara-lhybgw,lantana-camara-lhybgw.png,https://www.scanslibrary.com/storage/images/tZALLzeu6FX1ER70KADhWmulVun0HrB1IKm4nwQm.png
Lantana camara,lantana-camara-10.png,lantana-camara-lj8bft,lantana-camara-lj8bft.png,https://www.scanslibrary.com/storage/images/hBznerEtsofZK1LwDvjcu5TKgWqMPR3BRnCoXHyU.png
Lantana camara,lantana-camara-11.png,lantana-camara-psf2df,lantana-camara-psf2df.png,https://www.scanslibrary.com/storage/images/S0F58SA3zxbcvvgmsilCIKSO5E5XiYaVyfa0qlMh.png
Lantana camara,lantana-camara-12.png,lantana-camara-rb28lu,lantana-camara-rb28lu.png,https://www.scanslibrary.com/storage/images/H2SIY8qxV0a2HAYFPgP5YVfzpZUydtsvhmLTiJG7.png
Lantana camara,lantana-camara-13.png,lantana-camara-vapepe,lantana-camara-vapepe.png,https://www.scanslibrary.com/storage/images/QhetIhOI32l3L1XjfvI5XxaXly7EZEYQwreBe5M7.png
Lavandula officinalis,lavandula-officinalis-01.png,lavandula-officinalis-5dmshp,lavandula-officinalis-5dmshp.png,https://www.scanslibrary.com/storage/images/zSZBHLe2HvlWQpNSe04cqKNpo7faC16qb8CAwZ59.png
Lavandula officinalis,lavandula-officinalis-02.png,lavandula-officinalis-anuxef,lavandula-officinalis-anuxef.png,https://www.scanslibrary.com/storage/images/zZrI9B3E9WPnYIS0sX5MMKoxcf9BUXCEOKtERuOm.png
Lavandula officinalis,lavandula-officinalis-03.png,lavandula-officinalis-c582x8,lavandula-officinalis-c582x8.png,https://www.scanslibrary.com/storage/images/8431gOCh2lyqLDgGiDN5UeOpQiwG5ECpIdSzOe6e.png
Lavandula officinalis,lavandula-officinalis-04.png,lavandula-officinalis-grc4yb,lavandula-officinalis-grc4yb.png,https://www.scanslibrary.com/storage/images/YFKfNfpIvXxQ5EVGTGpgcBBBJybg1pbcya9FXHyj.png
Lavandula officinalis,lavandula-officinalis-05.png,lavandula-officinalis-h5flng,lavandula-officinalis-h5flng.png,https://www.scanslibrary.com/storage/images/GtnRI2RnwhducCM8vSzQqa6dh0U1n7VPxISfb1SN.png
Lavandula officinalis,lavandula-officinalis-06.png,lavandula-officinalis-mgfuq9,lavandula-officinalis-mgfuq9.png,https://www.scanslibrary.com/storage/images/yNY1Sw9JpFrk88FV17EuxrEcjOSyv0E3zCHBmqEV.png
Lavandula officinalis,lavandula-officinalis-07.png,lavandula-officinalis-tjfmct,lavandula-officinalis-tjfmct.png,https://www.scanslibrary.com/storage/images/wChiauEw7NllsTkl9Gc4FlBAOhLMJnVyD8ZLnbIw.png
Lavandula officinalis,lavandula-officinalis-08.png,lavandula-officinalis-tqyya4,lavandula-officinalis-tqyya4.png,https://www.scanslibrary.com/storage/images/QiNqqPkOEqW1aN71AgVxI0jhI1KQAw64QxaEUsqg.png
Lavandula stoechas,lavandula-stoechas-03.png,eyhscs,eyhscs.png,https://www.scanslibrary.com/storage/images/7w5S9QwMNS70vKuHkut4SPFoztcW2wXlQpjQdKbI.png
Lavandula stoechas,lavandula-stoechas-04.png,gypnvx,gypnvx.png,https://www.scanslibrary.com/storage/images/evfEba8EWBJIUrIpVs2ORcDHeLLpzrZGgCuQ0cOV.png
Lavandula stoechas,lavandula-stoechas-05.png,kaqrcg,kaqrcg.png,https://www.scanslibrary.com/storage/images/H6urL0pTajv0kGqXDhlyFADpay16fpMsa2co6ehb.png
Lavandula stoechas,lavandula-stoechas-06.png,ysy9u3,ysy9u3.png,https://www.scanslibrary.com/storage/images/iGHbwxIleLWs3GbSzKr3me8bOgDvix3qqdbEt8cq.png
Lepidium draba,lepidium-draba-05.png,jx9hvr,jx9hvr.png,https://www.scanslibrary.com/storage/images/09lvmo8MJu7XpvpIQdASE7clB0ybtkI5hTM1gcyn.png
Lepidium draba,lepidium-draba-06.png,kpcqzh,kpcqzh.png,https://www.scanslibrary.com/storage/images/EYnPzZF4qneneOJTW9wj7z8XDzAD0CBDMqjEBjL8.png
Lepidium draba,lepidium-draba-07.png,u4g7cb,u4g7cb.png,https://www.scanslibrary.com/storage/images/fDFfKK0zemoujDcyMseSi5eeV7hhygPLHqtdZAFB.png
Lepidium ruderale,lepidium-ruderale-01.png,jnrnym,jnrnym.png,https://www.scanslibrary.com/storage/images/JqwViOoR2sBWnvwVCKMaLWaABGCDT7uoiJtnGFiR.png
Lepidium ruderale,lepidium-ruderale-02.png,tchxvd,tchxvd.png,https://www.scanslibrary.com/storage/images/0T3sHN0bPJ41GRQvjaglEnATHhC0A9UJT6JMHSuC.png
Lepidium ruderale,lepidium-ruderale-03.png,th3nax,th3nax.png,https://www.scanslibrary.com/storage/images/2zDv8OOyQNecX01Jrjoyr4t4TXPdv7R2tUr9EC2o.png
Ligustrum excelsum superbum,ligustrum-excelsum-superbum-01.png,ligustrum-japonicum-excelsum-superbum-4vj9z6,ligustrum-japonicum-excelsum-superbum-4vj9z6.png,https://www.scanslibrary.com/storage/images/8WDmjO6RI75HhafkvITyiVxEInq4tIN3q1DqpMO2.png
Ligustrum excelsum superbum,ligustrum-excelsum-superbum-02.png,ligustrum-japonicum-excelsum-superbum-p7hmp8,ligustrum-japonicum-excelsum-superbum-p7hmp8.png,https://www.scanslibrary.com/storage/images/yabgn3nq9VXdPNNe9zYr0W1UwZ8w0rknHw2e7uI4.png
Ligustrum excelsum superbum,ligustrum-excelsum-superbum-03.png,ligustrum-japonicum-excelsum-superbum-qpyfcq,ligustrum-japonicum-excelsum-superbum-qpyfcq.png,https://www.scanslibrary.com/storage/images/GcnRuGoIk6ICW0E8jxTxInKtVDVhkccxsZKvQp0H.png
Ligustrum japonicum,ligustrum-japonicum-01.png,ddsn5k,ddsn5k.png,https://www.scanslibrary.com/storage/images/XbeDtxQm3DZeFFi9d2PoU7YKwmqDibBah6nWsoHD.png
Ligustrum japonicum,ligustrum-japonicum-02.png,fqfg7c,fqfg7c.png,https://www.scanslibrary.com/storage/images/sGJQ0oK8xq3Nkjj4kHopfiTx5jHSAK3nBykPQgEZ.png
Ligustrum japonicum,ligustrum-japonicum-03.png,ligustrum-japonicum-525r5w,ligustrum-japonicum-525r5w.png,https://www.scanslibrary.com/storage/images/M1x2uyNwiqRx2JNJBgWb9GGXhuHrRtD98ex4dFJy.png
Ligustrum japonicum,ligustrum-japonicum-04.png,ligustrum-japonicum-664zpp,ligustrum-japonicum-664zpp.png,https://www.scanslibrary.com/storage/images/N4O2J4plM1K10fYsKo6hu7bX8KUWqJk92RQmP712.png
Ligustrum japonicum,ligustrum-japonicum-05.png,ligustrum-japonicum-8q2ae9,ligustrum-japonicum-8q2ae9.png,https://www.scanslibrary.com/storage/images/xNhCAPUa8LzwhXM71z4qRRUUdD2e5ntdFEpAqO4O.png
Ligustrum japonicum,ligustrum-japonicum-06.png,ligustrum-japonicum-cufxfz,ligustrum-japonicum-cufxfz.png,https://www.scanslibrary.com/storage/images/28aB0JFS5XLwCji6PmvtRxIEjk2l8pN2XrPxIM9y.png
Ligustrum japonicum,ligustrum-japonicum-07.png,ligustrum-japonicum-ee7dd8,ligustrum-japonicum-ee7dd8.png,https://www.scanslibrary.com/storage/images/yh2o424UvG86kMUdTNnr15YiBpYG2EDluuVE5jrO.png
Ligustrum japonicum,ligustrum-japonicum-08.png,ligustrum-japonicum-f8t3cc,ligustrum-japonicum-f8t3cc.png,https://www.scanslibrary.com/storage/images/Y3cPnJ6EKpgc7oqrK4LTQdPrHK2g6ppjWNyouc8b.png
Ligustrum japonicum,ligustrum-japonicum-09.png,ligustrum-japonicum-ggn3yu,ligustrum-japonicum-ggn3yu.png,https://www.scanslibrary.com/storage/images/AdBrqTBWEHwnNcInhT1gApsn4KH55R1Y6qwOldMR.png
Ligustrum japonicum,ligustrum-japonicum-10.png,ligustrum-japonicum-ltvesp,ligustrum-japonicum-ltvesp.png,https://www.scanslibrary.com/storage/images/tFOhS3KKgUZDbR8blrJwneWOFIzeih7qMWkQLHv7.png
Ligustrum japonicum,ligustrum-japonicum-11.png,ligustrum-japonicum-nbwrp7,ligustrum-japonicum-nbwrp7.png,https://www.scanslibrary.com/storage/images/l1kJKYycBHcFF6sOrbB4Djjx49L2AHfiAKu0yECN.png
Ligustrum japonicum,ligustrum-japonicum-12.png,ligustrum-japonicum-qaubbe,ligustrum-japonicum-qaubbe.png,https://www.scanslibrary.com/storage/images/tFwnL7e82PEbSxFSdhMNzoJ3ExS2etWO2ptodn2Y.png
Ligustrum japonicum,ligustrum-japonicum-13.png,ligustrum-japonicum-rau9ff,ligustrum-japonicum-rau9ff.png,https://www.scanslibrary.com/storage/images/qt8WNN9cqtwkgj10JkgY4KVd3Gmyqd1r9YOetV7c.png
Ligustrum japonicum,ligustrum-japonicum-14.png,ligustrum-japonicum-srkthx,ligustrum-japonicum-srkthx.png,https://www.scanslibrary.com/storage/images/VHzl7xoFVKsNH5hcCas5oSRsX8wUb4OBjd7mcwNs.png
Ligustrum japonicum,ligustrum-japonicum-15.png,ligustrum-japonicum-xbnuat,ligustrum-japonicum-xbnuat.png,https://www.scanslibrary.com/storage/images/sMDM551RyJ6adG2OUOJ0PGGvPQHOVnef4jOzOFFg.png
Ligustrum japonicum,ligustrum-japonicum-16.png,ligustrum-japonicum-y27z7n,ligustrum-japonicum-y27z7n.png,https://www.scanslibrary.com/storage/images/rFfmZ7jEpnQrCmxdTOEPXmJVDOyIDvWX3LLtYteA.png
Ligustrum japonicum,ligustrum-japonicum-17.png,ly5zer,ly5zer.png,https://www.scanslibrary.com/storage/images/owyR9M2SdB64Mbvu6xxGr1lC1f6Bv0nw6iQltqQN.png
Ligustrum japonicum,ligustrum-japonicum-18.png,rpr6h9,rpr6h9.png,https://www.scanslibrary.com/storage/images/6g9Q8kXIGWsGsrTY0QVrPJz7hvh8g6U6c5JYpNp0.png
Ligustrum japonicum,ligustrum-japonicum-19.png,u38uyp,u38uyp.png,https://www.scanslibrary.com/storage/images/xTjr2Esl7i6LkTU4HX9KKZ0O8Bj6S1EBs2TJLHpw.png
Ligustrum japonicum,ligustrum-japonicum-20.png,ushmty,ushmty.png,https://www.scanslibrary.com/storage/images/i2BSYRIiXpxWX3CjIsueNAEmxYjP0yK73MtB34Io.png
Ligustrum japonicum,ligustrum-japonicum-21.png,wluvqn,wluvqn.png,https://www.scanslibrary.com/storage/images/ZNehx0cUgDIuKlR57g9NUIY2mLVyA9cj9UNmAPU1.png
Ligustrum japonicum,ligustrum-japonicum-22.png,xe5dtx,xe5dtx.png,https://www.scanslibrary.com/storage/images/vhNgoZafgb0rXIcH7FUTRlYi5aRyAzGHH8GD4lwK.png
Limonium gmelinii,limonium-gmelinii-01.png,limonium-gmelinii-gznbzs,limonium-gmelinii-gznbzs.png,https://www.scanslibrary.com/storage/images/VcOgw5Uac6bnhGU7DNqa4sAFugBf9iF4OIO8wTkG.png
Limonium gmelinii,limonium-gmelinii-02.png,limonium-gmelinii-jnyjtt,limonium-gmelinii-jnyjtt.png,https://www.scanslibrary.com/storage/images/jgkyfF6TshtGrrYGhYaa9e0qoeg0dQAx1LRo6537.png
Limonium gmelinii,limonium-gmelinii-03.png,limonium-gmelinii-yydbuc,limonium-gmelinii-yydbuc.png,https://www.scanslibrary.com/storage/images/oRdHRd3R4qT1wgNvxXbfP6EEKmHM0rrYLeWM2ZhX.png
Limonium gmelinii (Flower),limonium-gmelinii-flower-02.png,limonium-gmelinii-flower-ezm3p6,limonium-gmelinii-flower-ezm3p6.png,https://www.scanslibrary.com/storage/images/QPhtIBINqZL3eHDVdKmrM8ToBHzfhOfKiugmmxmv.png
Limonium gmelinii (Flower),limonium-gmelinii-flower-03.png,limonium-gmelinii-flower-kctcc7,limonium-gmelinii-flower-kctcc7.png,https://www.scanslibrary.com/storage/images/TSjxmyWzmSTaxN33wy45YNCdewxGKEJP9uHvJ3u0.png
Limonium gmelinii (Flower),limonium-gmelinii-flower-04.png,limonium-gmelinii-flower-vxvblw,limonium-gmelinii-flower-vxvblw.png,https://www.scanslibrary.com/storage/images/A0UPnyTY6UopH81DA0Sq1OqjIRnLU1dha7u19lBP.png
Limonium gmelinii (Flower),limonium-gmelinii-flower-05.png,limonium-gmelinii-flower-wrknwm,limonium-gmelinii-flower-wrknwm.png,https://www.scanslibrary.com/storage/images/oKyjufFwa7XN1zcBTeH5OPXj4MfrHafmZwstJqtA.png
Livistona,livistona-01.png,livistona-36knu4,livistona-36knu4.png,https://www.scanslibrary.com/storage/images/Ph1KAxEmQdOuJaXfpsx32YYDnx7FVbFUfKKUcEWV.png
Livistona Palm,livistona-palm-01.png,ftfbw8,ftfbw8.png,https://www.scanslibrary.com/storage/images/63Vv9MThxHhbkdRU4MMV4Lsk3u94IPkNOwfDDAP5.png
Livistona Palm,livistona-palm-02.png,kyxanf,kyxanf.png,https://www.scanslibrary.com/storage/images/dltT9lowlnZ3mUL3ESIs654cJhQfyfURGF1wpf96.png
Livistona Palm,livistona-palm-03.png,qfnnkr,qfnnkr.png,https://www.scanslibrary.com/storage/images/kHJBecAYbMig6hGehMBkYBRXqNRIFsFHKpwApI9K.png
Livistona Palm,livistona-palm-04.png,w7nwpv,w7nwpv.png,https://www.scanslibrary.com/storage/images/KhKB1HPX1CG0RnoMPg8bdSlYzpBWmj2iQHgjn7jV.png
Livistona Palm,livistona-palm-05.png,whth3n,whth3n.png,https://www.scanslibrary.com/storage/images/xORqt2BtDdWl3NNw4uv1AwZD6ua6G1AVlVo5SnV8.png
Lolium multiflorum,lolium-multiflorum-01.png,ajjxtt,ajjxtt.png,https://www.scanslibrary.com/storage/images/W5CQ9iVEdKzCFfRgPHLbOt3tMG5RHTG1mckgPfhU.png
Lolium multiflorum,lolium-multiflorum-02.png,cjkmtk,cjkmtk.png,https://www.scanslibrary.com/storage/images/FgNwmG8ShmVKcwUrv8KGHqB8EWX9RsvEJKAQxGkl.png
Lolium multiflorum,lolium-multiflorum-03.png,czybhy,czybhy.png,https://www.scanslibrary.com/storage/images/YwoJOV0yuTucbjCCb8GwBSJCFwdPzC9ZNKNIfYWy.png
Lolium multiflorum,lolium-multiflorum-04.png,x75dce,x75dce.png,https://www.scanslibrary.com/storage/images/jHCv0Cqqtmta8dMQgjdqGVOwY7krLKIb0HAVI5lA.png
Lolium multiflorum,lolium-multiflorum-05.png,ykdaaq,ykdaaq.png,https://www.scanslibrary.com/storage/images/239HBUMHmCbOaiGVYHw3FpAIP8xDQkmsjpUJxqrV.png
Lolium perenne,lolium-perenne-01.png,2gfzku,2gfzku.png,https://www.scanslibrary.com/storage/images/13CaKjmAEaM1p9VBiJdQ30tDfIywY9nBk9Zw200G.png
Lolium perenne,lolium-perenne-02.png,3dbtbm,3dbtbm.png,https://www.scanslibrary.com/storage/images/pcxyrHpoUYVEEdlLVQjzbWJBlYkZRQYr7gKx4Sz6.png
Lolium perenne,lolium-perenne-03.png,6qbshf,6qbshf.png,https://www.scanslibrary.com/storage/images/2KeS09RHSzQRbtzYJVBgGR7QIzDSIIXh3RziEUar.png
Lolium perenne,lolium-perenne-04.png,7jqf7r,7jqf7r.png,https://www.scanslibrary.com/storage/images/fIsKQMbSJQT1JP60N1z4brJeTwYoecAREvvXAoSk.png
Lolium perenne,lolium-perenne-05.png,8gshj7,8gshj7.png,https://www.scanslibrary.com/storage/images/c3xgi4k3RhMjl9zpC4RcUXGbaMLDMUtyKiOW4U5B.png
Lolium perenne,lolium-perenne-06.png,b574ma,b574ma.png,https://www.scanslibrary.com/storage/images/bvTMY6JdQiPC6CLVHRjOL5sa3rQIjxBsX2Trcu5A.png
Lolium perenne,lolium-perenne-07.png,bu83zt,bu83zt.png,https://www.scanslibrary.com/storage/images/XIj3jFcqFK7IbOLwmFmJqsHrHpPyKj701cnedCxR.png
Lolium perenne,lolium-perenne-08.png,dxvpvd,dxvpvd.png,https://www.scanslibrary.com/storage/images/ujDrxMUs0BMZNX80UeRJeHIeaI0RKtWoD1N6EJTV.png
Lolium perenne,lolium-perenne-09.png,kltncn,kltncn.png,https://www.scanslibrary.com/storage/images/NN6ul1Ie7UKjRl8xyadEKZ9Yppx51XIuBFtMPlXO.png
Lolium perenne,lolium-perenne-10.png,mp8btw,mp8btw.png,https://www.scanslibrary.com/storage/images/guQ1DNJTWkSUr0kxahwIfgQ3Ibdglxuxk3SDgX38.png
Lolium perenne,lolium-perenne-11.png,mvjs98,mvjs98.png,https://www.scanslibrary.com/storage/images/BkStDnQjpA7v5a5qEdxbRtUYKeULebRRepgSk5uu.png
Lolium perenne,lolium-perenne-12.png,phpqyq,phpqyq.png,https://www.scanslibrary.com/storage/images/yNV0shz23ePavYqpilnPfr0o0zu2S8QOfUQt27dH.png
Lolium perenne,lolium-perenne-13.png,ps5cp8,ps5cp8.png,https://www.scanslibrary.com/storage/images/UIfTcfis6ef7AhkHMS0WTZkN7qDA8kPTs8ngtZGB.png
Lolium perenne,lolium-perenne-14.png,qcg3v5,qcg3v5.png,https://www.scanslibrary.com/storage/images/8mT7hEi2hDy2trR3Zh1QZvc0BllQNYYP9VTRcB5b.png
Lolium perenne,lolium-perenne-15.png,tj5znm,tj5znm.png,https://www.scanslibrary.com/storage/images/Xh2TQkiVHvbtxaWWpEjZqsJTvpAN1Dj2bzLHnjOJ.png
Lolium perenne,lolium-perenne-16.png,tkeu3y,tkeu3y.png,https://www.scanslibrary.com/storage/images/3Rx3KbV3SvzLLNvQyGB3lcKyBdXp4pUIwC1GymgK.png
Lolium perenne,lolium-perenne-17.png,w2da78,w2da78.png,https://www.scanslibrary.com/storage/images/A2P5dJNpzL6dcw4KUJXHMWF635RjNZaSqRtmngrx.png
Lolium perenne,lolium-perenne-18.png,xdhrth,xdhrth.png,https://www.scanslibrary.com/storage/images/2vBAbqHkfgjYZhFT6Om22W6gYAWAR9QVuHhMWsb4.png
Lolium perenne,lolium-perenne-19.png,zvayhw,zvayhw.png,https://www.scanslibrary.com/storage/images/pThaABWCdpLB2bFMMEqQKxTcgJrOHvDNKPfX8UMW.png
Lomelosia simplex,lomelosia-simplex-01.png,ne35yb,ne35yb.png,https://www.scanslibrary.com/storage/images/Xy1i7VwX5DsUMkB3v9D2CIkrRTJlJyP6NQACu15C.png
Lomelosia simplex,lomelosia-simplex-02.png,vgjvck,vgjvck.png,https://www.scanslibrary.com/storage/images/HVn7d98hgYNF1eidrCSqDteq7O01ul0rDs33BK7v.png
Lonicera caprifolium,lonicera-caprifolium-05.png,auwdjv,auwdjv.png,https://www.scanslibrary.com/storage/images/XiK180BAR4NU3pXoQZRUhKjvjA8juUhLWZxlPLGx.png
Lonicera caprifolium,lonicera-caprifolium-06.png,bwbpfp,bwbpfp.png,https://www.scanslibrary.com/storage/images/YEhwFFfxuwn0pi2DULl1AVwE8QfSwOUiqbvITv7l.png
Lonicera caprifolium,lonicera-caprifolium-07.png,dnuccd,dnuccd.png,https://www.scanslibrary.com/storage/images/EJctZHCaxqkYt4Nm7Cecw3S5hwzrKFD2muSAqJDH.png
Lonicera caprifolium,lonicera-caprifolium-08.png,hpmnnf,hpmnnf.png,https://www.scanslibrary.com/storage/images/g55KeeVQltII1RkovE3IFXVwZ5Eghf0KYlnUZVMv.png
Lonicera caprifolium,lonicera-caprifolium-09.png,pgmxx7,pgmxx7.png,https://www.scanslibrary.com/storage/images/tuao7q6Z47oKAf1U5HaQnmIKQNzfUFEgUydEA2Hm.png
Lonicera caprifolium,lonicera-caprifolium-10.png,pyygem,pyygem.png,https://www.scanslibrary.com/storage/images/6Dl6RrhDRsc1966pFNETHXsmzzPV15E9KWzzIa8u.png
Lonicera caprifolium,lonicera-caprifolium-11.png,q6qw4s,q6qw4s.png,https://www.scanslibrary.com/storage/images/WCLk4htRcH5h3ZmDAuWGGUONJofhRPz2hVKwiqDG.png
Lonicera japonica,lonicera-japonica-02.png,lonicera-japonica-tq93ys,lonicera-japonica-tq93ys.png,https://www.scanslibrary.com/storage/images/ynteCzwqTzK1v8bsPkhotU97DEiz6TKqmDPCB7A7.png
Lonicera sempervirens,lonicera-sempervirens-01.png,lonicera-sempervirens-5s85k9h,lonicera-sempervirens-5s85k9h.png,https://www.scanslibrary.com/storage/images/7LlORW1F98bqIIlM5uik756yEuFJDQQFXkydQH1e.png
Lonicera sempervirens,lonicera-sempervirens-02.png,lonicera-sempervirens-nd9j6wg,lonicera-sempervirens-nd9j6wg.png,https://www.scanslibrary.com/storage/images/DvAcLKPq8MwFVwnVBRGpp7edUoUxaSit72OsUh2K.png
Loropetalum chinense rubrum,loropetalum-chinense-rubrum-01.png,9mwt6n,9mwt6n.png,https://www.scanslibrary.com/storage/images/0k5CDOLQuzJEOAVVd5LIF4KvlKiS1rEao0lvj0fv.png
Loropetalum chinense rubrum,loropetalum-chinense-rubrum-02.png,exb9qa,exb9qa.png,https://www.scanslibrary.com/storage/images/7hj4o2hMVHbWog36S1TxzYlQ7alR6c8SzcxatlYw.png
Loropetalum chinense rubrum,loropetalum-chinense-rubrum-03.png,lpugny,lpugny.png,https://www.scanslibrary.com/storage/images/Orp9gGYruYlGoNx1DqTn78VUbw4XB1T66krnJpbm.png
Loropetalum chinense rubrum,loropetalum-chinense-rubrum-04.png,rapa6n,rapa6n.png,https://www.scanslibrary.com/storage/images/j8hGdtSM3Uw1XlCDcxnwN7MdF7pluiJGE9iWBAQK.png
Loropetalum chinense rubrum,loropetalum-chinense-rubrum-05.png,znnzrh,znnzrh.png,https://www.scanslibrary.com/storage/images/ss5A3IaGvegAeuWQMxEUTB14k1z21qh2hhICK49R.png
Lupinus angustifolius,lupinus-angustifolius-01.png,island-bush-8awbch,island-bush-8awbch.png,https://www.scanslibrary.com/storage/images/vzLqaayvq3F9yJKaVCc6mkjbRu4WepojeyGFC1tO.png
Lupinus angustifolius,lupinus-angustifolius-02.png,island-bush-vx85kc,island-bush-vx85kc.png,https://www.scanslibrary.com/storage/images/YEH8T41B8IqPeSyaTAS0iAt3TWl8mCxGVy57pmS0.png
Lupinus angustifolius,lupinus-angustifolius-03.png,islant-bush-qvvwkb,islant-bush-qvvwkb.png,https://www.scanslibrary.com/storage/images/lxkWSVbmuujKb023z6TsXGsjRvjqVFaBsmWo32wh.png
lysimachia nummularia,lysimachia-nummularia-01.png,g8pdsy,g8pdsy.png,https://www.scanslibrary.com/storage/images/HRe1g0Vf7wtqKQAcwJk2VhYv2POVyPq7MRCguL2O.png
Lysimachia nummularia,lysimachia-nummularia-02.png,mdxxra,mdxxra.png,https://www.scanslibrary.com/storage/images/UiofKFXfWkm2uynIsP9RQFx6995R0nmHaSRHIhX1.png
Lysimachia nummularia,lysimachia-nummularia-03.png,mh7gcx,mh7gcx.png,https://www.scanslibrary.com/storage/images/LuDheS6hNcxSJZlatdL8A0S4Wjy6B5SOJ5LZ5a9Y.png
Mahonia aquifolium,mahonia-aquifolium-01.png,aavupd,aavupd.png,https://www.scanslibrary.com/storage/images/Z3P0JJkmTrZFBpE1VRyfXS7XOZZfC4dHtDL93ZjC.png
Mahonia aquifolium,mahonia-aquifolium-02.png,avyxj7,avyxj7.png,https://www.scanslibrary.com/storage/images/jFlOPhobnQPonyo3up8Lo7flL6cAesAmhtrFd6NS.png
Mahonia aquifolium,mahonia-aquifolium-03.png,hgzm6c,hgzm6c.png,https://www.scanslibrary.com/storage/images/sdzETCa8KxAELNJ9QXbMT9H6oQFYYNSmqCb8r7vZ.png
Mahonia aquifolium,mahonia-aquifolium-04.png,jeyuax,jeyuax.png,https://www.scanslibrary.com/storage/images/TE6bUG2xAAuP6MesfHHIE7j8Y7j5ofWr2fectCLf.png
Mahonia aquifolium,mahonia-aquifolium-05.png,kbj2bf,kbj2bf.png,https://www.scanslibrary.com/storage/images/QgWBAQ0L2FO4mU2jWioswVHdt1zNS3kInHPOnxJz.png
Mahonia aquifolium,mahonia-aquifolium-06.png,knqtwu,knqtwu.png,https://www.scanslibrary.com/storage/images/zcR72WOsZOEZKWbjuoju7bjjI7PFEPcSlpWqHcaa.png
Mahonia aquifolium,mahonia-aquifolium-07.png,psv47v,psv47v.png,https://www.scanslibrary.com/storage/images/bxzhjAZkOvPQjAOQGIBo5NjddEglIQBZzmY6b4Dh.png
Mahonia aquifolium,mahonia-aquifolium-08.png,susqqm,susqqm.png,https://www.scanslibrary.com/storage/images/M9v6O2Nqbc7lCTmNwsihB45Ic1pzpk0s3fSGpEzB.png
Mahonia aquifolium,mahonia-aquifolium-09.png,vuqaj8,vuqaj8.png,https://www.scanslibrary.com/storage/images/ipBU6GHWuFzSosjCLu0Lem286LCoN79IDCHvRh72.png
Mahonia aquifolium,mahonia-aquifolium-10.png,wtk37a,wtk37a.png,https://www.scanslibrary.com/storage/images/uFDemyytQipTebkcrds7TVfXCL2mMbYEa7Tohiuk.png
Mahonia aquifolium,mahonia-aquifolium-11.png,yuvtdh,yuvtdh.png,https://www.scanslibrary.com/storage/images/9TI5weo8XmtkSzxvEDPKVI2Op6k1v5QL2c7TQKFx.png
Mahonia aquifolium,mahonia-aquifolium-12.png,yycmcd,yycmcd.png,https://www.scanslibrary.com/storage/images/5baQXngKN7rSOobxNo7oi93i8wz4syRJhEfdSWv9.png
Maianthemum,maianthemum-01.png,maianthemum-jgc8nju,maianthemum-jgc8nju.png,https://www.scanslibrary.com/storage/images/PdwkeUPnQXz3THGA5Zrr5Y9rmJ2jvFNDcKZtRbzu.png
Maianthemum,maianthemum-02.png,maianthemum-mh3j4kv,maianthemum-mh3j4kv.png,https://www.scanslibrary.com/storage/images/Hm1CKlLHMeyHVp4DFtdM59YfUfr0kWSObqHKrI7m.png
Maianthemum,maianthemum-03.png,maianthemum-pfweewc,maianthemum-pfweewc.png,https://www.scanslibrary.com/storage/images/jNRNfi5pS2lwzRow9C1f3qN0Z8jM19wntf4TTvkY.png
Malva pusilla,malva-pusilla-01.png,xbcgdu,xbcgdu.png,https://www.scanslibrary.com/storage/images/O5aIehbz31Jd4vj8KJUzfK30KwWysXh4VQWVYwR5.png
Marrubium,marrubium-01.png,gpzkel,gpzkel.png,https://www.scanslibrary.com/storage/images/EAOo2BfWtXIuz9nxn3tbtpzk4jbFRip6soQkY4qN.png
Marrubium,marrubium-02.png,mvbpl7,mvbpl7.png,https://www.scanslibrary.com/storage/images/GTPxL1NuLb7vBVueiwG8MMXvBbbd2B7ziXcA8apl.png
Marrubium,marrubium-03.png,pwv8xn,pwv8xn.png,https://www.scanslibrary.com/storage/images/7BEw6XmeBi1u6bkOY834Z836PYlnRuc47Qh4XS87.png
Marrubium,marrubium-04.png,uxu5cp,uxu5cp.png,https://www.scanslibrary.com/storage/images/Cni8cfHZKzPTtJ8M2ZAWcZoDgwnuA9c3QKuUG6ow.png
Marrubium,marrubium-05.png,y3xu4u,y3xu4u.png,https://www.scanslibrary.com/storage/images/TMCvxKqQscxZR31HzA2FmArB0ipceD4OKRLO14zg.png
Matteuccia struthiopteris,matteuccia-struthiopteris-01.png,fern-9vtzy6w,fern-9vtzy6w.png,https://www.scanslibrary.com/storage/images/v9LyakGdIUl7j14TMmjGq98Li8Pgotb5MdrERBed.png
Matteuccia struthiopteris,matteuccia-struthiopteris-02.png,fern-nklpvdg,fern-nklpvdg.png,https://www.scanslibrary.com/storage/images/xvO6QDcu1ezo5M1B78GkUaoHFkfVX2soAO45bpe0.png
Meadow Grass,meadow-grass-01.png,6xesda,6xesda.png,https://www.scanslibrary.com/storage/images/6WNWch0ddni5J5bHtVqwTGhbfqBdcwsTimhlgauw.png
Meadow Grass,meadow-grass-02.png,7kmmzf,7kmmzf.png,https://www.scanslibrary.com/storage/images/KUZRuW942pQeVGUwCFgSECtbdHho7HCq4Lki8q8X.png
Meadow Grass,meadow-grass-03.png,7rwgna,7rwgna.png,https://www.scanslibrary.com/storage/images/ZAWOvObkaTKZrTfC3QzJAei3WfrtEsw5EuYe8GRa.png
Meadow Grass,meadow-grass-04.png,9fxfme,9fxfme.png,https://www.scanslibrary.com/storage/images/42qDk7OSIaRBz4IBexLlXs8kMCjTzYAxCM10ZBel.png
Meadow Grass,meadow-grass-05.png,a3xmbp,a3xmbp.png,https://www.scanslibrary.com/storage/images/jDSd3MG4KIIslSMGTvakKJer5lnh56UvdKN1JnbP.png
Meadow Grass,meadow-grass-06.png,e4ygyj,e4ygyj.png,https://www.scanslibrary.com/storage/images/okYpXOJ4aLKoRlrp338JaflsRt7YAzN1dypV2WET.png
Meadow Grass,meadow-grass-07.png,eeulf2,eeulf2.png,https://www.scanslibrary.com/storage/images/ae0iFaJihki484UP7LDWz8xZR6K05zlSUinABr2V.png
Meadow Grass,meadow-grass-08.png,eq4frk,eq4frk.png,https://www.scanslibrary.com/storage/images/HkcsXb2S6gil5f4oy1eq50R6RIT97832KYl0twg1.png
Meadow Grass,meadow-grass-09.png,eupqpv,eupqpv.png,https://www.scanslibrary.com/storage/images/PAGxboswEAm0YgNtu5NEgV1yvQfKGWdgR13LTvw8.png
Meadow Grass,meadow-grass-10.png,gx6ndm,gx6ndm.png,https://www.scanslibrary.com/storage/images/mYPI568LPIvowU1vK1uO3ZDDTZN1LIKvAueLzIYE.png
Meadow Grass,meadow-grass-11.png,hbluxj,hbluxj.png,https://www.scanslibrary.com/storage/images/12XDdADVtfrW7XKtzpYblhZmfsLO6LWVW5GLIawO.png
Meadow Grass,meadow-grass-12.png,jpzc3n,jpzc3n.png,https://www.scanslibrary.com/storage/images/uATHVa2MNhvbtl2cTzFCbrqvYnR3EAUSjIfViQcJ.png
Meadow Grass,meadow-grass-13.png,kyatyk,kyatyk.png,https://www.scanslibrary.com/storage/images/gHLetK2nO06nFm70ClwNROQX9ewuf0iPXwhENbS4.png
Meadow Grass,meadow-grass-14.png,meadow-grass-5hdxdzh,meadow-grass-5hdxdzh.png,https://www.scanslibrary.com/storage/images/hBIZJFJE4Y9rJCL6hWtm0JaLcVaOjKyIasspNW7r.png
Meadow Grass,meadow-grass-15.png,meadow-grass-7gw9j2k,meadow-grass-7gw9j2k.png,https://www.scanslibrary.com/storage/images/LGkoLfrNYDRHrZR0iJkdA8hix64ySVCjPNKyzKi6.png
Meadow Grass,meadow-grass-16.png,meadow-grass-cz2pnja,meadow-grass-cz2pnja.png,https://www.scanslibrary.com/storage/images/94nGQySxmxUF0KP4fJ0Y3tww9dkNwHKHFx4SlYwj.png
Meadow Grass,meadow-grass-17.png,meadow-grass-ekjmbtb,meadow-grass-ekjmbtb.png,https://www.scanslibrary.com/storage/images/jp0RegKLJcz9vFYNmedLufOnogWCXQSTcGkdUQQP.png
Meadow Grass,meadow-grass-18.png,meadow-grass-j59umsj,meadow-grass-j59umsj.png,https://www.scanslibrary.com/storage/images/6yxeqooppLGqTQp8m2IKvyDnPg5nq279qJCt0pQu.png
Meadow Grass,meadow-grass-19.png,meadow-grass-mccs5ds,meadow-grass-mccs5ds.png,https://www.scanslibrary.com/storage/images/AVNmkE932rVa9qgnfK6PwJXjPNY5nBnW9vhlF9gE.png
Meadow Grass,meadow-grass-20.png,meadow-grass-nrdbyrp,meadow-grass-nrdbyrp.png,https://www.scanslibrary.com/storage/images/uC79fTeWlOm3XbphFbHtKmtnCotwTrmd5oXJBXMF.png
Meadow Grass,meadow-grass-21.png,meadow-grass-rspamx9,meadow-grass-rspamx9.png,https://www.scanslibrary.com/storage/images/cAscdLckBsucHpvIAw5TiC4s8cpdcRD6vAM93paU.png
Meadow Grass,meadow-grass-22.png,meadow-grass-rzjmh4d,meadow-grass-rzjmh4d.png,https://www.scanslibrary.com/storage/images/WtCbN6WWRkdhHeTluefVQfVb9Sw2Q2zFGcAv45tx.png
Meadow Grass,meadow-grass-23.png,meadow-grass-sgu8mld,meadow-grass-sgu8mld.png,https://www.scanslibrary.com/storage/images/7Ipq2FnMNJr2I4sPwY0BoaVoTUtMrbVPhK0aEcuF.png
Meadow Grass,meadow-grass-24.png,rvbspj,rvbspj.png,https://www.scanslibrary.com/storage/images/cWqEtdcbiM3CkyBgBjYjnrwcuDotTxpPuHMk65E8.png
Meadow Grass,meadow-grass-25.png,rwlxfg,rwlxfg.png,https://www.scanslibrary.com/storage/images/jYp14VnCqEvkIsYCP4z0Pss2ppXGxwTG0gR8nghy.png
Meadow Grass,meadow-grass-26.png,seabmv,seabmv.png,https://www.scanslibrary.com/storage/images/44XpqxtTsBkx6xvlkemkThup8rdapvRSQaJGnqOz.png
Meadow Grass,meadow-grass-27.png,t77hcj,t77hcj.png,https://www.scanslibrary.com/storage/images/4wd0AS721sIGhxJkLQAWDO7Wx8NWdDD2BgI8ppGQ.png
Meadow Grass,meadow-grass-28.png,tp3m6u,tp3m6u.png,https://www.scanslibrary.com/storage/images/oDAlsFJg0wzxU3CNoBYkTlo7t1Qa9JUnipF3n5MV.png
Meadow Grass,meadow-grass-29.png,upskze,upskze.png,https://www.scanslibrary.com/storage/images/wKjG3QG3tgpQSI7UErKkczh1NyYsCO2niKf3gI7s.png
Meadow Grass,meadow-grass-30.png,wr72dn,wr72dn.png,https://www.scanslibrary.com/storage/images/UORQ53Y8JEgEang0TNCeNvzobusX0ang05nm203t.png
Meadow Grass,meadow-grass-31.png,xeecuv,xeecuv.png,https://www.scanslibrary.com/storage/images/6J2QXKwod8q9EW8PWgC75zFkaONhC0OI3KvTcN8y.png
Meadow Grass,meadow-grass-32.png,xjby4z,xjby4z.png,https://www.scanslibrary.com/storage/images/ncdwL4CDQlPE2UYBPKMpMAkMZzCpCtmDI85geKUA.png
Meadow Grass,meadow-grass-33.png,y8xjun,y8xjun.png,https://www.scanslibrary.com/storage/images/sVtZTzfTdak1KHZxv2PQK50eYzwgquhKQzg32S3v.png
Meadow Plant,meadow-plant-01.png,avg7nk,avg7nk.png,https://www.scanslibrary.com/storage/images/OQMaVS6jC7Xkj1Am1HbdMMHQhRSMyS6cMOTwvyT6.png
Meadow Plant,meadow-plant-02.png,awxaqv,awxaqv.png,https://www.scanslibrary.com/storage/images/3GTqH7yvCTeIAOauG74LOCBoVAMeHligo8CZTiUa.png
Meadow Plant,meadow-plant-03.png,bgw8ut,bgw8ut.png,https://www.scanslibrary.com/storage/images/rctzd8JpDbNobavEK8Yhi83mK7oclrykvdCmjcvl.png
Meadow Plant,meadow-plant-04.png,clsh5s,clsh5s.png,https://www.scanslibrary.com/storage/images/510h2wvpit6R5aEL8vPXgDmUK0RThsQROm7eF4Y9.png
Meadow Plant,meadow-plant-05.png,eb6tgl,eb6tgl.png,https://www.scanslibrary.com/storage/images/uZG5PstOTbAppmtFCpCH2v2uOGqYIDe42v7SVK8T.png
Meadow Plant,meadow-plant-06.png,egndnr,egndnr.png,https://www.scanslibrary.com/storage/images/ZstUSLu9hBdo8DarO5HJwnhG2xnOvnzwgBHZu1wR.png
Meadow Plant,meadow-plant-07.png,funnzr,funnzr.png,https://www.scanslibrary.com/storage/images/VtzKjArhOmSCedLw6TvlQTB6EKSo3KZBhvvHxWXu.png
Meadow Plant,meadow-plant-08.png,hgkvvj,hgkvvj.png,https://www.scanslibrary.com/storage/images/V3ZAkFUxQfbb3TCv96zivbzIbWxtemWeiv9cvswW.png
Meadow Plant,meadow-plant-09.png,jpnm6a,jpnm6a.png,https://www.scanslibrary.com/storage/images/iflNLcCzOreerW77AwHCjT0LrnNyciUK9fOK6K9k.png
Meadow Plant,meadow-plant-10.png,kfktwe,kfktwe.png,https://www.scanslibrary.com/storage/images/bxos1IrLu04NwXScVavECrheTTY2DmcI77TbkNuN.png
Meadow Plant,meadow-plant-11.png,kvu7px,kvu7px.png,https://www.scanslibrary.com/storage/images/GWv8VvgN2Ikl7QZP0UJ2RylbE1ke7ovKgmDGgMLq.png
Meadow Plant,meadow-plant-12.png,kxkupn,kxkupn.png,https://www.scanslibrary.com/storage/images/n1ZNmGXz2FhYWUwt9y8abM3HQC62Thn9TObtIDbc.png
Meadow Plant,meadow-plant-13.png,lgrrxd,lgrrxd.png,https://www.scanslibrary.com/storage/images/lGJwZlVAGHigdRmGUx15w05ddG73VwUSr3P7GGGv.png
Meadow Plant,meadow-plant-14.png,lngpru,lngpru.png,https://www.scanslibrary.com/storage/images/qa83GhTbUWAG3Nich0zpFdECXjjIX7G3ZS9Pp9eT.png
Meadow Plant,meadow-plant-15.png,meadow-plant-qyfz5hc,meadow-plant-qyfz5hc.png,https://www.scanslibrary.com/storage/images/wnsZ1NtrDkazOnoU5oUKRT43G7amTpELu4STPUSZ.png
Meadow Plant,meadow-plant-16.png,medow-plant-hqfdzqy,medow-plant-hqfdzqy.png,https://www.scanslibrary.com/storage/images/JnQFaCJxDG5upV9nZkmfKUCvW1dqlwMIxMgFHJdj.png
Meadow Plant,meadow-plant-17.png,medow-plant-ru8pmyk,medow-plant-ru8pmyk.png,https://www.scanslibrary.com/storage/images/6sqEyjTA2heQO54Iy8WR5jgspM4b8vyZNaxMBU85.png
Meadow Plant,meadow-plant-18.png,mk9jmq,mk9jmq.png,https://www.scanslibrary.com/storage/images/DifPTMZYfQVWhhCQAF3IJila4wPvMpL1CbcwPAkl.png
Meadow Plant,meadow-plant-19.png,npjjst,npjjst.png,https://www.scanslibrary.com/storage/images/qDLaCA2oYEHSskQApceCC1yjnmiEkK8t6t6SeFMf.png
Meadow Plant,meadow-plant-20.png,nsrb9d,nsrb9d.png,https://www.scanslibrary.com/storage/images/vT62pX1MQTbSTqpcvAfnj25KmgrbpOfCzXsMDcLz.png
Meadow Plant,meadow-plant-21.png,rjc3rw,rjc3rw.png,https://www.scanslibrary.com/storage/images/KCbbSSr4WqLsOtjyfCdvnyCqJwVrd28dPrkzHdsp.png
Meadow Plant,meadow-plant-22.png,tyx7pk,tyx7pk.png,https://www.scanslibrary.com/storage/images/LunbZ36k6erB03CzpqgPhUXccgFeE5X8J2lNaG5v.png
Meadow Plant,meadow-plant-23.png,uya4th,uya4th.png,https://www.scanslibrary.com/storage/images/q1fYkcFLGdvZvR7NDBjaF7xoEy94qClfKGKCvyQ9.png
Meadow Plant,meadow-plant-24.png,vchr8f,vchr8f.png,https://www.scanslibrary.com/storage/images/6cbvYhzOjxtl3e10cWvxmY1WrJBYqh1Qx7ylhXdX.png
Meadow Plant,meadow-plant-25.png,warbkt,warbkt.png,https://www.scanslibrary.com/storage/images/ZIbCntpSct2RUdeuN507DTalj1FflY7TCJQYpktX.png
Meadow Plant,meadow-plant-26.png,whtvcu,whtvcu.png,https://www.scanslibrary.com/storage/images/HwDQqLbRoJzozTUFvlojtkd40xLMjaPwusa4XGuO.png
Meadow Plant,meadow-plant-27.png,wuq7g2,wuq7g2.png,https://www.scanslibrary.com/storage/images/kQNIvJqhBeRw53ItB6Z1i6vFeagGzrlnVtgj9SJ0.png
Meadow Plant,meadow-plant-28.png,xztkuf,xztkuf.png,https://www.scanslibrary.com/storage/images/Sxbs3PWg35au2GSklh8UvzmHfZ620R2TNvJR4dNt.png
Meadow Reed,meadow-reed-01.png,kjezrr,kjezrr.png,https://www.scanslibrary.com/storage/images/MqyvxwtKC66BmV6vi7y2BpCbAwPV1EG8ZvsaFavw.png
Medicago sativa,medicago-sativa-01.png,bfykug,bfykug.png,https://www.scanslibrary.com/storage/images/hNJ2hp5Ne3v9lDUa12VTtbTykIdTybGgSOa6r13z.png
Medicago Sativa,medicago-sativa-02.png,fgxeyn,fgxeyn.png,https://www.scanslibrary.com/storage/images/zCs9wf0CXCjFDgDHd89sBetcaO9XswXkYNB25LBo.png
Medicago sativa,medicago-sativa-03.png,fwaxtp,fwaxtp.png,https://www.scanslibrary.com/storage/images/f1kFQamYicbY2c7mcNjZTlHgkaMI3wnNkLHFLHAB.png
Medicago sativa,medicago-sativa-04.png,p6svjn,p6svjn.png,https://www.scanslibrary.com/storage/images/8uyb8jpDgzSuP7iYT07A2meEegH3v6CdZvplhWZa.png
Medicago sativa,medicago-sativa-05.png,pfy6se,pfy6se.png,https://www.scanslibrary.com/storage/images/yQOqviChAEjIv9yAKbvGvqydUYIrVG3Z2uSLn1mn.png
Melilotus indicus,melilotus-indicus-01.png,b5jpwr,b5jpwr.png,https://www.scanslibrary.com/storage/images/S50SO4cam29Erq2DAzABEw4yDFiRw7L86awKZGFM.png
Melilotus indicus,melilotus-indicus-02.png,m8yxgs,m8yxgs.png,https://www.scanslibrary.com/storage/images/jMr0IyaYMZPYGOhY3KJMGoijFJjIJDBof6GPemxi.png
Melilotus indicus,melilotus-indicus-03.png,zfdzmc,zfdzmc.png,https://www.scanslibrary.com/storage/images/gSHVqXxjMRj2VrPFzaVSiIhGzlmB4S4hPbL3Ohxg.png
Melissa officinalis,melissa-officinalis-01.png,melissa-officinalis-z7tb4j,melissa-officinalis-z7tb4j.png,https://www.scanslibrary.com/storage/images/WAdiBc7aEmjjvtVWsepX0Jvkb6I1J76esTHSdpT9.png
Menispermum canadense,menispermum-canadense-01.png,menispermum-canadense-jcmzvf,menispermum-canadense-jcmzvf.png,https://www.scanslibrary.com/storage/images/jRfWM6uRvPNxJP5GQPlWhkSkfCLAyEPFPDETHmRK.png
Momordica charantia,momordica-charantia-01.png,cbxrzu,cbxrzu.png,https://www.scanslibrary.com/storage/images/nGAlr2nek0Z3z5WRMg7zDrD95K8gCFor7qr2chON.png
Monstera deliciosa,monstera-deliciosa-01.png,bmt6z3,bmt6z3.png,https://www.scanslibrary.com/storage/images/MMCr1RC6ri59DmVZ2xAAhZ2yDDi6wXeTpVa3vjgV.png
Monstera deliciosa,monstera-deliciosa-02.png,frp5ew,frp5ew.png,https://www.scanslibrary.com/storage/images/yXuml3kabAjmZl85AY8WMW2iBMpGSpfv1VA90zfc.png
Monstera deliciosa,monstera-deliciosa-03.png,hzd5j6,hzd5j6.png,https://www.scanslibrary.com/storage/images/VLAajVSNkM2M34bbw6Jucmaikh8vWC7C2zHGXC8z.png
Monstera deliciosa,monstera-deliciosa-04.png,naczt8,naczt8.png,https://www.scanslibrary.com/storage/images/PdP26KT5H2xkQBeg7zIC2m9P7oYIlKBNZDy02ou9.png
Monstera deliciosa,monstera-deliciosa-05.png,wnjfdj,wnjfdj.png,https://www.scanslibrary.com/storage/images/EkabqIncSuHV5nYjTUDBqHEfkX8FKMFdllntVQdh.png
Monstera deliciosa,monstera-deliciosa-06.png,yntv4w,yntv4w.png,https://www.scanslibrary.com/storage/images/sYyi2mc3jZlyQBg5XvlhFuE6t3DywyGj1Kq5C8jG.png
Monstera deliciosa,monstera-deliciosa-07.png,yzmmav,yzmmav.png,https://www.scanslibrary.com/storage/images/oYZtW4IL6qwKXnxW5cUGfWyxpnpF9W3PbY7AlIiS.png
Morina longifolia,morina-longifolia-01.png,morina-longifolia-hdgsxsg,morina-longifolia-hdgsxsg.png,https://www.scanslibrary.com/storage/images/7j58qVkC0wy7M2u8DyrleSmwoIl6IzrR8Av6UV3B.png
Morina longifolia,morina-longifolia-02.png,morina-longifolia-xazmfrt,morina-longifolia-xazmfrt.png,https://www.scanslibrary.com/storage/images/6XKiPs9ZVl0eVqv798ZarufAnQgNRflw9VM5oPBm.png
Morus,morus-01.png,fpamuw,fpamuw.png,https://www.scanslibrary.com/storage/images/GmyyqluR1TNIKo6H30zuPJVIjyrw5r6R5dAAHvlw.png
Morus,morus-02.png,lgrsd2,lgrsd2.png,https://www.scanslibrary.com/storage/images/9tUzOxG4TP6A4aELcsS69pnxALKYChbmKf7nmqrb.png
Morus,morus-03.png,nccqkb,nccqkb.png,https://www.scanslibrary.com/storage/images/hbmiuGxLlnDRk7yoyCUfKWtWbBHucRMj4iVn2BTc.png
Moss,moss-01.png,dzzdej,dzzdej.png,https://www.scanslibrary.com/storage/images/6BweMElzH3K26Mob0Zwvu79cFfOqwN9YU39iFw9R.png
Moss,moss-02.png,moss-dygdll,moss-dygdll.png,https://www.scanslibrary.com/storage/images/qOn3QXsCgSodCJgaqHCRH70tspqpvhikkKjnTaRb.png
Moss,moss-03.png,moss-sa67zk,moss-sa67zk.png,https://www.scanslibrary.com/storage/images/XHMeakK3lk6pgu3GaQMz2jNxCcHjvLjk56418aJB.png
Moss,moss-04.png,moss-ua5azv,moss-ua5azv.png,https://www.scanslibrary.com/storage/images/lqtoZE6c9b7403xNKxiSM8ZVlpPcEdb9HY9GQYBQ.png
Musa paradisiaca,musa-paradisiaca-01.png,2zzjad,2zzjad.png,https://www.scanslibrary.com/storage/images/EMbTbCBqjOa4j7fcxJL6OCTcevUUPdqTufBBpxn3.png
Musa paradisiaca,musa-paradisiaca-02.png,4xhzkr,4xhzkr.png,https://www.scanslibrary.com/storage/images/AKwIAoxoQgLonnT8geWfovAmJWytbuhgkLomXqyK.png
Musa paradisiaca,musa-paradisiaca-03.png,78weuz,78weuz.png,https://www.scanslibrary.com/storage/images/IdBY3m22pRiR8G93GKiI88ugx7ce3NEotxFXLZom.png
Musa paradisiaca,musa-paradisiaca-04.png,8lurpv,8lurpv.png,https://www.scanslibrary.com/storage/images/5Hun6lg9mrAb9KZcTGHuJcAJ9kzJDFhslWDNdiLD.png
Musa paradisiaca,musa-paradisiaca-05.png,dcxmaq,dcxmaq.png,https://www.scanslibrary.com/storage/images/4U8VreKbsXPnTKOkQGJhNnmTlsqSyhvBuPD8tZok.png
Musa paradisiaca,musa-paradisiaca-06.png,faq22l,faq22l.png,https://www.scanslibrary.com/storage/images/Rfx5Rg3j7pnQCWyKApL0jtPCBCRj30odV9hgyp6g.png
Musa paradisiaca,musa-paradisiaca-07.png,hf6yb7,hf6yb7.png,https://www.scanslibrary.com/storage/images/Yk8ei4z3bFouMPB5o35bS2pIzLQ2LAIOfeSiDKn0.png
Musa paradisiaca,musa-paradisiaca-08.png,hu49gn,hu49gn.png,https://www.scanslibrary.com/storage/images/YUwnmeETLB7vM8Y9wzdVaA5kYUMMR1ocqHtXV1CO.png
Musa paradisiaca,musa-paradisiaca-09.png,hy2esq,hy2esq.png,https://www.scanslibrary.com/storage/images/mnheMKESkZDKHAsUchSUQ5vWLNZ3D7Zt36jnqxEp.png
Musa paradisiaca,musa-paradisiaca-10.png,jhujts,jhujts.png,https://www.scanslibrary.com/storage/images/M7ia3GU3VuuSomwh9eeIqlenQuY1gWK05M0BvNwu.png
Musa paradisiaca,musa-paradisiaca-11.png,kemmyr,kemmyr.png,https://www.scanslibrary.com/storage/images/L8HWSFPzUn670XOYv1T8GcCzbHf6fffE2cHjotZE.png
Musa paradisiaca,musa-paradisiaca-12.png,ltwdka,ltwdka.png,https://www.scanslibrary.com/storage/images/lQfQDElv1yqMSClCejpPrd3gfH0HsaJX4XKVVc22.png
Musa paradisiaca,musa-paradisiaca-13.png,m8zu2n,m8zu2n.png,https://www.scanslibrary.com/storage/images/I5ByXPm4ybfMoi6IVik6UGUhdTIBzX87U2pRFrpD.png
Musa paradisiaca,musa-paradisiaca-14.png,musa-paradisiaca-4azkhb,musa-paradisiaca-4azkhb.png,https://www.scanslibrary.com/storage/images/CRhIXrI3GvPxc9CAZl4G3WCxQDyPWrcAFdBSEhZy.png
Musa paradisiaca,musa-paradisiaca-15.png,musa-paradisiaca-7uewkv,musa-paradisiaca-7uewkv.png,https://www.scanslibrary.com/storage/images/EOoVLs1DWo7j6MOH0xOrslGLjfmJaDPOU55QFmdL.png
Musa paradisiaca,musa-paradisiaca-16.png,musa-paradisiaca-8q8ek3,musa-paradisiaca-8q8ek3.png,https://www.scanslibrary.com/storage/images/VtMH9ZZYS7JTrQErGUpms0f4wH280nqipTYfP9eD.png
Musa paradisiaca,musa-paradisiaca-17.png,musa-paradisiaca-8xndf6,musa-paradisiaca-8xndf6.png,https://www.scanslibrary.com/storage/images/fPVpICVyCxplwZ1Epw1eoE6nPfTiBsOgGlqM9UlB.png
Musa paradisiaca,musa-paradisiaca-18.png,musa-paradisiaca-acbrt2,musa-paradisiaca-acbrt2.png,https://www.scanslibrary.com/storage/images/7FTHQQKKtsWIGL5NOspXLaoCWUI2xeIs7EIOOTA5.png
Musa paradisiaca,musa-paradisiaca-19.png,musa-paradisiaca-au2ljw,musa-paradisiaca-au2ljw.png,https://www.scanslibrary.com/storage/images/d0aCZ2jGzwkNrmJjcaClfWIVpWXo3I6yvd5qOw55.png
Musa paradisiaca,musa-paradisiaca-20.png,musa-paradisiaca-b8qv8q,musa-paradisiaca-b8qv8q.png,https://www.scanslibrary.com/storage/images/uwjLFtgu0XYVhzr7O1UgYCtEyQzCjnKsndhecK3W.png
Musa paradisiaca,musa-paradisiaca-21.png,musa-paradisiaca-bbauy6,musa-paradisiaca-bbauy6.png,https://www.scanslibrary.com/storage/images/gSSlEFHhyutQYuLvzUrFH74FVfdheFCfMXbrPlW7.png
Musa paradisiaca,musa-paradisiaca-22.png,musa-paradisiaca-brzpfj,musa-paradisiaca-brzpfj.png,https://www.scanslibrary.com/storage/images/qOgJyXBrkgdkFI7BfQ6YTeaNOK08ZanEvacyu2Sr.png
Musa paradisiaca,musa-paradisiaca-23.png,musa-paradisiaca-d553lb,musa-paradisiaca-d553lb.png,https://www.scanslibrary.com/storage/images/ezZXBcfSpXm6qQJdvSBhUEhdq7Lkh4uItCNbmPdA.png
Musa paradisiaca,musa-paradisiaca-24.png,musa-paradisiaca-fkku3c,musa-paradisiaca-fkku3c.png,https://www.scanslibrary.com/storage/images/doNyvyE9xdoX62xAivmeEjWwEbI8p2YW8UwZByhZ.png
Musa paradisiaca,musa-paradisiaca-25.png,musa-paradisiaca-ftslbm,musa-paradisiaca-ftslbm.png,https://www.scanslibrary.com/storage/images/qwfpfFmkTkj6Aa7cNBDriVdgPDIuSE0rSH48eEVL.png
Musa paradisiaca,musa-paradisiaca-26.png,musa-paradisiaca-gb5gv8,musa-paradisiaca-gb5gv8.png,https://www.scanslibrary.com/storage/images/0hUCWBrhJ2NHGU7LNeWEgMl7PfPVZ9r1VGtwglrw.png
Musa paradisiaca,musa-paradisiaca-27.png,musa-paradisiaca-jfx9tc,musa-paradisiaca-jfx9tc.png,https://www.scanslibrary.com/storage/images/v9fc3JNRec6WxfMVqmasagv9mPRbVp0tpVXBYlMP.png
Musa paradisiaca,musa-paradisiaca-28.png,musa-paradisiaca-kg9wht,musa-paradisiaca-kg9wht.png,https://www.scanslibrary.com/storage/images/LDDGXdkovB0GiCQttx6Mf2DOA2fJMg7oNO6emTfO.png
Musa paradisiaca,musa-paradisiaca-29.png,musa-paradisiaca-kqfgcm,musa-paradisiaca-kqfgcm.png,https://www.scanslibrary.com/storage/images/Sdd23feWYTqIPFXRvMuj7SveLgvacSTXIZkbU4sy.png
Musa paradisiaca,musa-paradisiaca-30.png,musa-paradisiaca-kxjvj7,musa-paradisiaca-kxjvj7.png,https://www.scanslibrary.com/storage/images/pNTJcp00TRWZqyDm5CJ6WPFn84e6JEYDEZlVN8ox.png
Musa paradisiaca,musa-paradisiaca-31.png,musa-paradisiaca-lwl4b8,musa-paradisiaca-lwl4b8.png,https://www.scanslibrary.com/storage/images/GyGtf7PzzwrnDpYmxHZTosOtDf9cpFvgoOp18TqA.png
Musa paradisiaca,musa-paradisiaca-32.png,musa-paradisiaca-phcgag,musa-paradisiaca-phcgag.png,https://www.scanslibrary.com/storage/images/zj4IgikO4dkoljQMtvmQWcRw4zzYwuUtLqrKm8oi.png
Musa paradisiaca,musa-paradisiaca-33.png,musa-paradisiaca-qqdvm8,musa-paradisiaca-qqdvm8.png,https://www.scanslibrary.com/storage/images/QhrhJsg5aMfIxbUpTRPNQBAD0bHgQKLXWpsMHZ31.png
Musa paradisiaca,musa-paradisiaca-34.png,musa-paradisiaca-quyeg4,musa-paradisiaca-quyeg4.png,https://www.scanslibrary.com/storage/images/YNRLSNC02CArqAzsYienkvUnF6UJPKApg3NkOghz.png
Musa paradisiaca,musa-paradisiaca-35.png,musa-paradisiaca-shyyje,musa-paradisiaca-shyyje.png,https://www.scanslibrary.com/storage/images/ZlAYIzgmSsoftVOWLLOQsdzvAuAMfD91hz4zGKIl.png
Musa paradisiaca,musa-paradisiaca-36.png,musa-paradisiaca-ttlssx,musa-paradisiaca-ttlssx.png,https://www.scanslibrary.com/storage/images/fePfqQep5FBt2PPtwMwhCCVPwy3anf8LG9RDrOB7.png
Musa paradisiaca,musa-paradisiaca-37.png,musa-paradisiaca-ujn6mu,musa-paradisiaca-ujn6mu.png,https://www.scanslibrary.com/storage/images/lCTFAOH6wUY4UT5iXTpWSyEEylcoQxhDBrbRLeHZ.png
Musa paradisiaca,musa-paradisiaca-38.png,musa-paradisiaca-vsl9n2,musa-paradisiaca-vsl9n2.png,https://www.scanslibrary.com/storage/images/Ady7CqXvomWBSXd7x0FkpLzergssUrXKDCbABhhg.png
Musa paradisiaca,musa-paradisiaca-39.png,musa-paradisiaca-wut7uw,musa-paradisiaca-wut7uw.png,https://www.scanslibrary.com/storage/images/qyZ8WlaOH7992anexZhU65BaGRR2XIOsnJaC9TH2.png
Musa paradisiaca,musa-paradisiaca-40.png,musa-paradisiaca-wzrs6p,musa-paradisiaca-wzrs6p.png,https://www.scanslibrary.com/storage/images/61I0tgY05QVdahQF55EMrepsfABV2UGCgXqieD27.png
Musa paradisiaca,musa-paradisiaca-41.png,musa-paradisiaca-xvpgm3,musa-paradisiaca-xvpgm3.png,https://www.scanslibrary.com/storage/images/3UTbPghfT059MfX7NtBfP47FevKCFeAOisCF1Czq.png
Musa paradisiaca,musa-paradisiaca-42.png,musa-paradisiaca-yygxzs,musa-paradisiaca-yygxzs.png,https://www.scanslibrary.com/storage/images/dqktfiNdiVHpdxe6EnePYJyt2Q4ykhLxxdRiWNrL.png
Musa paradisiaca,musa-paradisiaca-43.png,mxgjha,mxgjha.png,https://www.scanslibrary.com/storage/images/UJQb9s2FzBWLCgdllx0R3XkXusWBQZHgl4YutgaS.png
Musa paradisiaca,musa-paradisiaca-44.png,nu2tcj,nu2tcj.png,https://www.scanslibrary.com/storage/images/9OLetY9KPal4Yl0Z1YpFjx0TD97uWC9d6HQyf4Tj.png
Musa paradisiaca,musa-paradisiaca-45.png,qfjjxj,qfjjxj.png,https://www.scanslibrary.com/storage/images/USj6Jcc6zhU5bhPVz6Xq6fQCKgwu6GkuSlKwylHC.png
Musa paradisiaca,musa-paradisiaca-46.png,qlkvtq,qlkvtq.png,https://www.scanslibrary.com/storage/images/XIfLVyxnTQkEKyH3UDr8CewnNNlV9cmutRmEWPZI.png
Musa paradisiaca,musa-paradisiaca-47.png,r8rned,r8rned.png,https://www.scanslibrary.com/storage/images/3ppGcGjmu1pv4VOPJTp56l8U3E1xLDsUNuKHz5Qo.png
Musa paradisiaca,musa-paradisiaca-48.png,rese6w,rese6w.png,https://www.scanslibrary.com/storage/images/0SlTs6myToMgb8FAEPVoDHW63rn1DbsaLgWrk7Za.png
Musa paradisiaca,musa-paradisiaca-49.png,s4qhtv,s4qhtv.png,https://www.scanslibrary.com/storage/images/VfXQHUqYWhFSGFjaohh3xOMn2mNhftWVulJofr5u.png
Musa paradisiaca,musa-paradisiaca-50.png,sfcqxj,sfcqxj.png,https://www.scanslibrary.com/storage/images/f6Sx6uCJokgo5uXHSdTkdZKhZ4WxrUxeEGGAxey3.png
Musa paradisiaca,musa-paradisiaca-51.png,snqsut,snqsut.png,https://www.scanslibrary.com/storage/images/7zs4sawv2ZTwkC1gPOqm2UAs2D5rpmfsU0mmKYKI.png
Musa paradisiaca,musa-paradisiaca-52.png,w58u9l,w58u9l.png,https://www.scanslibrary.com/storage/images/PcEmBE9uw160EbQVWLC3amVCYPr0gcG6G18dhyme.png
Musa paradisiaca,musa-paradisiaca-53.png,wpwdej,wpwdej.png,https://www.scanslibrary.com/storage/images/LTJ1oBwvMkyKtRNpWYOrdg7siE1uUqmFtC8f8K1Z.png
Musa paradisiaca,musa-paradisiaca-54.png,wwu7r5,wwu7r5.png,https://www.scanslibrary.com/storage/images/S8PsH49sN2It8ShNErPy5Ww2uNQnzjTKN62Xhv09.png
Musa paradisiaca,musa-paradisiaca-55.png,y8xdsq,y8xdsq.png,https://www.scanslibrary.com/storage/images/XCvxPiK0IqvEGLA8zbC1z2MWj1yFYoh4NQkjmmAL.png
Musa paradisiaca,musa-paradisiaca-56.png,ydpk2y,ydpk2y.png,https://www.scanslibrary.com/storage/images/cxN3PgyB6kk1CWoCEc5h4cVplZTZCSQHVdtFukW3.png
Musa paradisiaca 0 Cr,musa-paradisiaca-0-cr-01.png,ub6cj6,ub6cj6.png,https://www.scanslibrary.com/storage/images/c25y2ZJehcas40rF8ojjM1HmJJpIZUjMclUdOYsx.png
Musa Seed/Flower,musa-seed-flower-02.png,rpcml2,rpcml2.png,https://www.scanslibrary.com/storage/images/QeekiqZvclwK8wJBgGSOfzD8jFdkgy8q6itiNlVa.png
Nandina domestica,nandina-domestica-01.png,4jjzdw,4jjzdw.png,https://www.scanslibrary.com/storage/images/f50xwbA9DHDTTS7DDtcaHcpE9sXRmlMCr6BSEDUx.png
Nandina domestica,nandina-domestica-02.png,5qacyw,5qacyw.png,https://www.scanslibrary.com/storage/images/i6Q2Ii3xd3hTQktV7nVEjaxCdj3IAl7J6wHuYn3N.png
Nandina domestica,nandina-domestica-03.png,724alv,724alv.png,https://www.scanslibrary.com/storage/images/F9VuRTLIGwlGiBhogroej0tPnVr3srmc8zYnHI7t.png
Nandina domestica,nandina-domestica-04.png,9zskva,9zskva.png,https://www.scanslibrary.com/storage/images/7qyrpiiObZmsz5uzIbvAki8UDWu1BRsnujuNq8zp.png
Nandina domestica,nandina-domestica-05.png,anqbpm,anqbpm.png,https://www.scanslibrary.com/storage/images/B4bZK9oB6jYcSoKY6ckCsy8BXTIRCcus7StwT5TU.png
Nandina domestica,nandina-domestica-06.png,etysaw,etysaw.png,https://www.scanslibrary.com/storage/images/4X3lpuBeWVoO5mu5uu198Ga3xe8m7hyGVSIZlbin.png
Nandina domestica,nandina-domestica-07.png,kxj4na,kxj4na.png,https://www.scanslibrary.com/storage/images/FHVOySd3y66EW1yxPyBIIEwp3th7ZeMnIHlRIYbh.png
Nandina domestica,nandina-domestica-08.png,rbvb49,rbvb49.png,https://www.scanslibrary.com/storage/images/mOEJnHDa6V8vterWhG84ajE2fM8YFyxTw22lWZEz.png
Nandina domestica,nandina-domestica-09.png,scghhc,scghhc.png,https://www.scanslibrary.com/storage/images/bDqtoNcdnblsiDqwda4BsaxrrPdMomL5ql3hpNpG.png
Nandina domestica,nandina-domestica-10.png,v5gvg2,v5gvg2.png,https://www.scanslibrary.com/storage/images/BIjPnNlbvzjcZZyDN5yZZ8v5LbyQVTwkBxcyNz82.png
Nandina domestica,nandina-domestica-11.png,xj7e62,xj7e62.png,https://www.scanslibrary.com/storage/images/ddVlc4cC5z5wmagbnmSrytWsmKacXZDmSDW3yHuF.png
Narcissus,narcissus-01.png,zypftp,zypftp.png,https://www.scanslibrary.com/storage/images/gZKyaXupiSKGUVbJK6zs9TPBiHYkTe9BVXx0CkBm.png
Nephrolepis obliterata,nephrolepis-obliterata-01.png,asfdpd,asfdpd.png,https://www.scanslibrary.com/storage/images/tFltAlq6TdZ7WTHfHKWn9bolHVocRW5qLnuNmuya.png
Nephrolepis obliterata,nephrolepis-obliterata-02.png,bktufq,bktufq.png,https://www.scanslibrary.com/storage/images/yHM9eBIjOv7MlZ3I3iGrp42LUNDTM2IMQZvhAW4h.png
Nymphaea,nymphaea-02.png,fn8uu4,fn8uu4.png,https://www.scanslibrary.com/storage/images/qLpBIi47fp8we0uV6bB07Nyc6LvU5CooXRJvMkgz.png
Nymphaea,nymphaea-03.png,nymphaea-mad9zv,nymphaea-mad9zv.png,https://www.scanslibrary.com/storage/images/TdylmsOQcFg6KGyDALyQN39ZR9EkSRVy3M1lkwvp.png
Nymphaea,nymphaea-04.png,prezxd,prezxd.png,https://www.scanslibrary.com/storage/images/gix4qXry7yGGBmaAGTw5GKbkONmeF6tGt94g0doQ.png
Nymphaea,nymphaea-05.png,u42vkm,u42vkm.png,https://www.scanslibrary.com/storage/images/i7jqYe06gxylZGuoDS78XTgynTW0GVxeNkZNWIQW.png
Nymphaea,nymphaea-06.png,ut8ff3,ut8ff3.png,https://www.scanslibrary.com/storage/images/hRwdL0K9DSESBbqvHOwCvkR1nNtvc7UJsTIaAB1w.png
Nymphaea,nymphaea-07.png,vwfb92,vwfb92.png,https://www.scanslibrary.com/storage/images/ZE9JakHrEgMt2wZ03deJ8FUumxrhTcMJwWCRAUBH.png
Old Taraxacum officinale,old-taraxacum-officinale-01.png,76wyay,76wyay.png,https://www.scanslibrary.com/storage/images/QSVJqHyHMzFTmcOCIEFtoGHabAjMR1wDCzl8THCw.png
Old Taraxacum officinale,old-taraxacum-officinale-02.png,exsja5,exsja5.png,https://www.scanslibrary.com/storage/images/MdnUSOXO9yOdp9WEQC8eEwFC4Tfnxjmmbri58JE0.png
Old Taraxacum officinale,old-taraxacum-officinale-03.png,lz6gun,lz6gun.png,https://www.scanslibrary.com/storage/images/8MT07appAVYBQDcUw7SOQDbSbhsmVyYV86v4Db7A.png
Old Taraxacum officinale,old-taraxacum-officinale-04.png,sybzaq,sybzaq.png,https://www.scanslibrary.com/storage/images/CjQPZsgyKRHx2gc9Qs1GkGQ4XohqBTFGDxeBJKDM.png
Old Taraxacum officinale,old-taraxacum-officinale-05.png,udpgrq,udpgrq.png,https://www.scanslibrary.com/storage/images/os69c2hXrmQjSGRVHbkuwkUC8efpHe5P8JYtI3lM.png
Onobrychis arenaria,onobrychis-arenaria-03.png,h9wwvp,h9wwvp.png,https://www.scanslibrary.com/storage/images/yuEoqsMGjv0QEpkPBu3ey7vMqXvXQRB5E9uIBvlA.png
Onobrychis arenaria,onobrychis-arenaria-04.png,kbnums,kbnums.png,https://www.scanslibrary.com/storage/images/YdanVdrjj184QuRCUviOr56fnsUv8tiG8hwGl1uj.png
Opuntia ficus-indica,opuntia-ficus-indica-01.png,2p8fkr,2p8fkr.png,https://www.scanslibrary.com/storage/images/y5xHI9k7eIIfn8BaBY3KY3e6NnJNgZpA9cKcSAEq.png
Opuntia ficus-indica,opuntia-ficus-indica-02.png,4geu5z,4geu5z.png,https://www.scanslibrary.com/storage/images/zNa51FSQZMHkRlJRinFIcDnOnixEc4JqRTBbzmIh.png
Opuntia ficus-indica,opuntia-ficus-indica-03.png,85qvsa,85qvsa.png,https://www.scanslibrary.com/storage/images/CJDyODpcwu2l1UYHyplpmMaMdPIzNf1FE9nnOLFp.png
Opuntia ficus-indica,opuntia-ficus-indica-04.png,btdq5g,btdq5g.png,https://www.scanslibrary.com/storage/images/NiekhcIX2q8MVmj32B4QR5NjVY7Kqvar7ZvtjDxv.png
Opuntia ficus-indica,opuntia-ficus-indica-05.png,jcvfmx,jcvfmx.png,https://www.scanslibrary.com/storage/images/i8qTBjUlSaeerOXYtGf8XJ4iVSiIaQCSu58vqIwO.png
Opuntia ficus-indica,opuntia-ficus-indica-06.png,r6czv8,r6czv8.png,https://www.scanslibrary.com/storage/images/znwUgBs3DNCOhuaQArxlzdI8klLLxfS1FF74cz58.png
Oriental bittersweet,oriental-bittersweet-01.png,bxdgtn,bxdgtn.png,https://www.scanslibrary.com/storage/images/4mJT99AzGgcqeIoFvdxpMpV3MDh5GvlgIIWWH8lv.png
Oriental bittersweet,oriental-bittersweet-02.png,gebsqs,gebsqs.png,https://www.scanslibrary.com/storage/images/asihMp0u7l5h8M4pOP4JjTEbjvfQ7JUFaeGdeEov.png
Oriental bittersweet,oriental-bittersweet-03.png,pkgkzm,pkgkzm.png,https://www.scanslibrary.com/storage/images/yDr9V8cUnAafjFrQ8dY9F12gj1JGF15CzrhTDNuo.png
Osmanthus,osmanthus-01.png,osmanthus-suu9nhl,osmanthus-suu9nhl.png,https://www.scanslibrary.com/storage/images/3eAzL6SW6N3lsnBlYFUxOykeOKeznibW63f2sc9p.png
Osmanthus,osmanthus-02.png,osmanthus-yqk7yqd,osmanthus-yqk7yqd.png,https://www.scanslibrary.com/storage/images/NDrJBxTBHVjgMckYELMaJzhVctwEANvERhZjioe3.png
Oxalis stricta,oxalis-stricta-01.png,oxalis-stricta-cgtxabg,oxalis-stricta-cgtxabg.png,https://www.scanslibrary.com/storage/images/i09bdMVWsS8xPZI9VlzYIZ2kP81uveDLj3JiZ0YG.png
Oxalis stricta,oxalis-stricta-02.png,oxalis-stricta-dry-bcqg3kv,oxalis-stricta-dry-bcqg3kv.png,https://www.scanslibrary.com/storage/images/5mmIfWfvQQcjnQvr63N41aQS5oLdYsD3wJGyZrTQ.png
Paeonia anomala,paeonia-anomala-01.png,paeonia-anomala-3zyjehy,paeonia-anomala-3zyjehy.png,https://www.scanslibrary.com/storage/images/Qlihiq2WK1R1kBSYnoJAB82Ownl22md4DjXeFllS.png
Paeonia anomala,paeonia-anomala-02.png,paeonia-anomala-9evwdrv,paeonia-anomala-9evwdrv.png,https://www.scanslibrary.com/storage/images/5o6CEkGiNqSITAOTYUBGPpFCjnggkSlCeP8AMEqk.png
Paeonia anomala,paeonia-anomala-03.png,paeonia-anomala-watjtjy,paeonia-anomala-watjtjy.png,https://www.scanslibrary.com/storage/images/uWpn6kjO9ElyWn5SFtdcMB1GWLDaGiiA0mT8xlzR.png
Paeonia anomala / Seeds,paeonia-anomala-seeds-01.png,paeonia-anomala-seeds-ycsdsld,paeonia-anomala-seeds-ycsdsld.png,https://www.scanslibrary.com/storage/images/JTOSGKzmTLBLUpk31esuoqwNJSCPBAIVX3B9ZUij.png
Paliurus spina-christi,paliurus-spina-christi-01.png,5nqf88,5nqf88.png,https://www.scanslibrary.com/storage/images/zEXOTYA2uZLWD8dEnLyMMHP5w417Gj63FV9Sdzm4.png
Paliurus spina-christi,paliurus-spina-christi-02.png,crjcvg,crjcvg.png,https://www.scanslibrary.com/storage/images/wHcfHOCcIWXAkELU7cjDG7p0AogY5Ky95RNc24Y4.png
Paliurus spina-christi,paliurus-spina-christi-03.png,unxmb2,unxmb2.png,https://www.scanslibrary.com/storage/images/wOnujNe4AZcg2oYMiT1Q2FerSToFCg2HWGFkPTMO.png
Papaver rhoeas,papaver-rhoeas-20.png,sarqka,sarqka.png,https://www.scanslibrary.com/storage/images/wbhQIwktgBH2Mn9357MLWF55aVJbxfFC6kROMaIo.png
Papaver rhoeas,papaver-rhoeas-21.png,tmyutz,tmyutz.png,https://www.scanslibrary.com/storage/images/rTZVmmFA9e7KBuvsCGrsEQgrsntrxWgPRhh1Ji4E.png
Parietaria officinalis,parietaria-officinalis-01.png,parietaria-officinalis-pcjzyx,parietaria-officinalis-pcjzyx.png,https://www.scanslibrary.com/storage/images/vJ1ALDsQ97BCg3ydCX73s9kX7hNJuPsmUCkTHuW0.png
Parthenocissus quinquefolia,parthenocissus-quinquefolia-01.png,7jlkkz,7jlkkz.png,https://www.scanslibrary.com/storage/images/DjXuSzH41ZlMTl2N4vEusMnyBd1zllfII8k7E2xB.png
Parthenocissus quinquefolia,parthenocissus-quinquefolia-02.png,7mu5h8-1,7mu5h8-1.png,https://www.scanslibrary.com/storage/images/OfA1WGELsTE4qFbILlkPgi4nyBNW0ljugRHVigt6.png
Parthenocissus quinquefolia,parthenocissus-quinquefolia-03.png,fpg6dd,fpg6dd.png,https://www.scanslibrary.com/storage/images/u5HlOATU3Yw76K60Jje8LpdIejIEkbHdNUlU2sFA.png
Parthenocissus quinquefolia,parthenocissus-quinquefolia-04.png,hqnekn,hqnekn.png,https://www.scanslibrary.com/storage/images/8LZzHdK2by4w9vmhRZtv7DrHGvLcPUvMxoPMnooy.png
Parthenocissus quinquefolia,parthenocissus-quinquefolia-05.png,khayrz,khayrz.png,https://www.scanslibrary.com/storage/images/YADhBL4L2nIL8UkoPIhqsUUCdnBNG2PbUdhPRm6F.png
Parthenocissus quinquefolia,parthenocissus-quinquefolia-06.png,nk8msh,nk8msh.png,https://www.scanslibrary.com/storage/images/xESkSMRAwvCrbaLhZbSvpZjNwETcVPlIjqgdoVdN.png
Parthenocissus quinquefolia,parthenocissus-quinquefolia-07.png,nxzzly,nxzzly.png,https://www.scanslibrary.com/storage/images/i7E13fhG3V1hK5s8bdfaISgP6dRPgPjGlBR5LZjI.png
Parthenocissus quinquefolia,parthenocissus-quinquefolia-08.png,parthenocissus-quinquefolia-4ctw9c,parthenocissus-quinquefolia-4ctw9c.png,https://www.scanslibrary.com/storage/images/POFI2ZC1gwAxGzxqjht6nH9LIWoFVG59q8lTo5wW.png
Parthenocissus quinquefolia,parthenocissus-quinquefolia-09.png,parthenocissus-quinquefolia-5tyauc,parthenocissus-quinquefolia-5tyauc.png,https://www.scanslibrary.com/storage/images/OvLXwAAorcZEH1JQdg1bMNa9rbFHW4ficEYT4kSW.png
Parthenocissus quinquefolia,parthenocissus-quinquefolia-10.png,parthenocissus-quinquefolia-8uwk4h,parthenocissus-quinquefolia-8uwk4h.png,https://www.scanslibrary.com/storage/images/67G9FjUHduvJCplG0xIW0tHCK4q6LvrjuJrxjX5v.png
Parthenocissus quinquefolia,parthenocissus-quinquefolia-11.png,parthenocissus-quinquefolia-ajjb5a,parthenocissus-quinquefolia-ajjb5a.png,https://www.scanslibrary.com/storage/images/WiwV3JbzfMHtO93wjXhgOgPlAyZE4LNHFZxh28Fc.png
Parthenocissus quinquefolia,parthenocissus-quinquefolia-12.png,parthenocissus-quinquefolia-balgmt,parthenocissus-quinquefolia-balgmt.png,https://www.scanslibrary.com/storage/images/xiIpgvTISpztE5XzhTsJp7qtDRdrPf4lNvFGUnFU.png
Parthenocissus quinquefolia,parthenocissus-quinquefolia-13.png,parthenocissus-quinquefolia-gkwpad,parthenocissus-quinquefolia-gkwpad.png,https://www.scanslibrary.com/storage/images/Q52UCGq9TxjU6MKsrZZ9pspGnCzxQB7CRIyAIOVQ.png
Parthenocissus quinquefolia,parthenocissus-quinquefolia-14.png,parthenocissus-quinquefolia-gqpusj,parthenocissus-quinquefolia-gqpusj.png,https://www.scanslibrary.com/storage/images/toGBK0km168NPSfUZdsySlS9QU7t322IIGLn3XKz.png
Parthenocissus quinquefolia,parthenocissus-quinquefolia-15.png,parthenocissus-quinquefolia-jn2rwn,parthenocissus-quinquefolia-jn2rwn.png,https://www.scanslibrary.com/storage/images/EBtWKZERjTrMgSfilJSAUKlPg6dSknv8ECysZ7Hg.png
Parthenocissus quinquefolia,parthenocissus-quinquefolia-16.png,parthenocissus-quinquefolia-vbuuyx,parthenocissus-quinquefolia-vbuuyx.png,https://www.scanslibrary.com/storage/images/ARmLGBzMqhlMgaPMbF1yXRvsXKYR8gMfrqWXb8G2.png
Parthenocissus quinquefolia,parthenocissus-quinquefolia-17.png,parthenocissus-quinquefolia-wkutuf,parthenocissus-quinquefolia-wkutuf.png,https://www.scanslibrary.com/storage/images/Bo0n0koqAAFkAi9hurUj255AfamzaYKW9aHsjWGS.png
Parthenocissus quinquefolia,parthenocissus-quinquefolia-18.png,parthenocissus-quinquefolia-xyrxcu,parthenocissus-quinquefolia-xyrxcu.png,https://www.scanslibrary.com/storage/images/hBSmty0sFhxLfTe5uCHznZzWL49EHUlkyKLcd0DA.png
Parthenocissus quinquefolia,parthenocissus-quinquefolia-19.png,qwbvra,qwbvra.png,https://www.scanslibrary.com/storage/images/31ly9nCBQcwrAx4viCGHXh8U2DVgGNN3LgZlkyg6.png
Parthenocissus quinquefolia,parthenocissus-quinquefolia-20.png,ru3fvn,ru3fvn.png,https://www.scanslibrary.com/storage/images/HXEpuCjtZm1QcfKAkQcu2yUiurqh8HPp4cENfYvm.png
Parthenocissus quinquefolia,parthenocissus-quinquefolia-21.png,rya9gd,rya9gd.png,https://www.scanslibrary.com/storage/images/wT2FDiqlp3sHqAKkXmn0THPOUL7x5KeT2J9VbXmF.png
Parthenocissus quinquefolia,parthenocissus-quinquefolia-22.png,vdtenq,vdtenq.png,https://www.scanslibrary.com/storage/images/dVCkpHHx7e2aF1leT9DSKVuLxT6kD359PomSAD65.png
Parthenocissus quinquefolia,parthenocissus-quinquefolia-23.png,vj7uhh,vj7uhh.png,https://www.scanslibrary.com/storage/images/3pO6mrdud4srvskWmuRh1jQgNE7sCCYOfuGlcIbu.png
Perilla frutescens,perilla-frutescens-01.png,perilla-frutescens-aqkpazq,perilla-frutescens-aqkpazq.png,https://www.scanslibrary.com/storage/images/2cpWWxxGDoS9gFS2ofAJ7FVVZbiTjX8g5LEEisyW.png
Perilla frutescens,perilla-frutescens-02.png,perilla-frutescens-dwrwfuy,perilla-frutescens-dwrwfuy.png,https://www.scanslibrary.com/storage/images/aWRGVryOQWAJhr5kx2vH6PHc2kcBSlzAlfb5GwJh.png
Perilla frutescens,perilla-frutescens-03.png,perilla-frutescens-rvb89pu,perilla-frutescens-rvb89pu.png,https://www.scanslibrary.com/storage/images/110nidTBN6acGrEQZBYlkItI5Cs6jlfU27JsUNMD.png
Persicaria maculosa,persicaria-maculosa-01.png,persicaria-maculosa-j3qabm,persicaria-maculosa-j3qabm.png,https://www.scanslibrary.com/storage/images/q5K7wQz4UsrYtjSrjuVYJ7vJlHlrYA2UMI54FDwr.png
Petasites hybridus,petasites-hybridus-01.png,fjbepa,fjbepa.png,https://www.scanslibrary.com/storage/images/0Uaija4te6maU6mPG3PbWZDc91j2QYk8oMt2j1dN.png
Petasites hybridus,petasites-hybridus-02.png,fnhjva,fnhjva.png,https://www.scanslibrary.com/storage/images/QMXBkDXrsWc68xZ9BZgJMrBlWiIrujkxe3tPf0lG.png
Petasites hybridus,petasites-hybridus-03.png,fshkmf,fshkmf.png,https://www.scanslibrary.com/storage/images/3tDA1ciioevX7GLxEdukxbwwRsTLU8k4ojRdY7di.png
Petasites hybridus,petasites-hybridus-04.png,kb4y6j,kb4y6j.png,https://www.scanslibrary.com/storage/images/TZga768wcQ26sqYVW2mZLz7B8cuXkgIiTEZXKUf1.png
Petasites hybridus,petasites-hybridus-05.png,kwh5hk,kwh5hk.png,https://www.scanslibrary.com/storage/images/iobmDr1kwBcrjIASey5eHVZvKUrkEG7kWhPEeTQU.png
Petasites hybridus,petasites-hybridus-06.png,petasites-hybridus-44eac7,petasites-hybridus-44eac7.png,https://www.scanslibrary.com/storage/images/oknuhS1CgNIwjnBhUlaQRStdpMtfRTiryyxRC6q0.png
Petasites hybridus,petasites-hybridus-07.png,petasites-hybridus-gdjcnn,petasites-hybridus-gdjcnn.png,https://www.scanslibrary.com/storage/images/f0U4eOuNzuEVCP2fVxqDqYZpU10dNbUTeET0nnId.png
Petasites hybridus,petasites-hybridus-08.png,petasites-hybridus-jd743g,petasites-hybridus-jd743g.png,https://www.scanslibrary.com/storage/images/nOq4esZewr9U3YA3LiZBJ5o7LGBNeiL9JQz4BjnN.png
Petasites hybridus,petasites-hybridus-09.png,petasites-hybridus-mb8k6j,petasites-hybridus-mb8k6j.png,https://www.scanslibrary.com/storage/images/QLFylYlq2L7Jl76uLDcPBn0188XCUkk144nVMTaa.png
Petasites hybridus,petasites-hybridus-10.png,petasites-hybridus-mhbh2v,petasites-hybridus-mhbh2v.png,https://www.scanslibrary.com/storage/images/UWUAksOAn6MPB7nkbrKIlILXRHPyCvyvpc6NBigE.png
Petasites hybridus,petasites-hybridus-11.png,petasites-hybridus-nqrued,petasites-hybridus-nqrued.png,https://www.scanslibrary.com/storage/images/8RK2VFeFNY2mCvOQsmTz2YKFYftt5WRKqjwy2F12.png
Petasites hybridus,petasites-hybridus-12.png,pkh9lx,pkh9lx.png,https://www.scanslibrary.com/storage/images/eMQtYyL3Ukv3DY4Sb884Np2kWxk32Vupr5YmMJXs.png
Petasites hybridus,petasites-hybridus-13.png,scjnwu,scjnwu.png,https://www.scanslibrary.com/storage/images/Rh3wBBrQhENqguGgXVxQzIVLXkOciaUQvRLXSwvD.png
Petasites hybridus,petasites-hybridus-14.png,sglgnp,sglgnp.png,https://www.scanslibrary.com/storage/images/Crj9HUPndue1ACWt1u8xDHmLNFuhhH3Gv6Z97fQh.png
Petasites hybridus,petasites-hybridus-15.png,tnsfpq,tnsfpq.png,https://www.scanslibrary.com/storage/images/FxbfuEFnGquYdg7qIyyoYcC5NNztiyl1Qc45ytLj.png
Petasites hybridus,petasites-hybridus-16.png,vqrxd4,vqrxd4.png,https://www.scanslibrary.com/storage/images/RlEAQgDTgOWQKFZtKhrrA1bDV6t1XZHvRQd5BKmK.png
Petasites hybridus,petasites-hybridus-17.png,ynta8m,ynta8m.png,https://www.scanslibrary.com/storage/images/mfzzKhv1saEYhs6HA4ch6SDCN5XDDiWH5Ig7wvjr.png
Petasites hybridus,petasites-hybridus-18.png,zmekrs,zmekrs.png,https://www.scanslibrary.com/storage/images/RMkJnc8tVqwU5iEWiwWXyTMnOVeELKb2Xhh9ZpzY.png
Petasites hybridus (Back Face),petasites-hybridus-back-face-01.png,u92gb5,u92gb5.png,https://www.scanslibrary.com/storage/images/uiV9XEx9llvywhp8RyIng7E7nzBIEpKJagi2mf6A.png
Phaseolus vulgaris,phaseolus-vulgaris-01.png,bean-ew4ne6,bean-ew4ne6.png,https://www.scanslibrary.com/storage/images/ebZtUOEmlSRximu5oWzwRv72I67nq17OwRQRIngG.png
Phleum pratense,phleum-pratense-01.png,mefytp,mefytp.png,https://www.scanslibrary.com/storage/images/kmok93jwG30pB9jLAIF5LLqm4FOkYpmcw7GrT35s.png
Phleum pratense,phleum-pratense-02.png,ztrxbg,ztrxbg.png,https://www.scanslibrary.com/storage/images/VBiRBNdI43pN4aw1giqQZh45cvZQGugrmJPKJ0YC.png
Phoenix dactylifera,phoenix-dactylifera-01.png,dyjr5r,dyjr5r.png,https://www.scanslibrary.com/storage/images/OMGHcaoUPQfttDtXxPJarf5neEv7t6cvjx7mHgFT.png
Phoenix dactylifera,phoenix-dactylifera-02.png,gghpdu,gghpdu.png,https://www.scanslibrary.com/storage/images/MBjMBqueGgKykWyxOzcqHnGFKvybOkDkEksXeSjw.png
Phoenix dactylifera,phoenix-dactylifera-03.png,hjt5gm,hjt5gm.png,https://www.scanslibrary.com/storage/images/22KjwoDJqEsSR3tErE2bVF426ksLPwVmbGfI3d6Y.png
Phoenix dactylifera,phoenix-dactylifera-04.png,l6wjg8,l6wjg8.png,https://www.scanslibrary.com/storage/images/dOAkyN8visSrbjuFCLchQAD644TGkF4Og3IZVvT0.png
Phoenix dactylifera,phoenix-dactylifera-05.png,qsbjus,qsbjus.png,https://www.scanslibrary.com/storage/images/NOlj5WlWmVNLU5X1Ny1T7v7Y96Jr4NLMiE2aOCyB.png
Phoenix dactylifera,phoenix-dactylifera-06.png,rku4ps,rku4ps.png,https://www.scanslibrary.com/storage/images/ptjBv6eGL9JSZRfDmYWackmAzHYOb1pXpjq9iYzI.png
Phoenix dactylifera,phoenix-dactylifera-07.png,vekyju,vekyju.png,https://www.scanslibrary.com/storage/images/r4ZbPmTW9Lriu7yYuJKj9ASwyC4YSoBqRUFLO8MY.png
Phoenix dactylifera,phoenix-dactylifera-08.png,wmlzyf,wmlzyf.png,https://www.scanslibrary.com/storage/images/p5oFJrGHaA75IspcIpGR9eMJ7O5IeMCzNnErou21.png
Phormium tenax variegatum,phormium-tenax-variegatum-01.png,7jfp9h,7jfp9h.png,https://www.scanslibrary.com/storage/images/4gJkiUivwvK09WKqxLuM6GxAjHvx7Vivrp793PRk.png
Phormium tenax variegatum,phormium-tenax-variegatum-02.png,vev64y,vev64y.png,https://www.scanslibrary.com/storage/images/i9JjZd38G6rdmBh3P41brkZYqOsAsrtl9QwGzZIb.png
Photinia serrulata,photinia-serrulata-01.png,7cvqcq,7cvqcq.png,https://www.scanslibrary.com/storage/images/uF1AmDMJ3E5R4Y6xZ0yJea3sizLMPHO3amnoKMWs.png
Photinia serrulata,photinia-serrulata-02.png,9fjpeq,9fjpeq.png,https://www.scanslibrary.com/storage/images/KBCYpDPWNJVqWyomClUiPVRlaxQYWsAgiCjW1d6G.png
Photinia serrulata,photinia-serrulata-03.png,qnbptt,qnbptt.png,https://www.scanslibrary.com/storage/images/j7EOGI4wfUUrzcxzS2RNiQwJcAp5Oxeeeo1a5xHo.png
Photinia serrulata,photinia-serrulata-04.png,ruxhw8,ruxhw8.png,https://www.scanslibrary.com/storage/images/PtoQAEB9DTAtX9jfszFiPKS1UXSkW71DB4XxHc6V.png
Phytolacca americana,phytolacca-americana-01.png,phytolacca-americana-esymzc,phytolacca-americana-esymzc.png,https://www.scanslibrary.com/storage/images/WlB9uKgGxun6r2oN3TkkgvOZxfsGc4qZWUdEAbnG.png
Phytolacca americana,phytolacca-americana-02.png,phytolacca-americana-lxn5ux,phytolacca-americana-lxn5ux.png,https://www.scanslibrary.com/storage/images/S7InLJHHnk0XV8r6I3HT79HyJdcqCi6f939e87K8.png
Phytolacca americana,phytolacca-americana-03.png,phytolacca-americana-mqwrdq,phytolacca-americana-mqwrdq.png,https://www.scanslibrary.com/storage/images/q19cxcyfOV6YN3DQQNs1qRfY3pf3qOpOyqHSyOZc.png
Phytolacca americana,phytolacca-americana-04.png,phytolacca-americana-pjrmdv,phytolacca-americana-pjrmdv.png,https://www.scanslibrary.com/storage/images/VM4dVBZ5IRZizz86PaA70Xkt6j4PwOyc2BvWqJGQ.png
Phytolacca americana,phytolacca-americana-05.png,phytolacca-americana-vgbguf,phytolacca-americana-vgbguf.png,https://www.scanslibrary.com/storage/images/4QpWyjEC9nj8yvVlnPLJjLURWHriaFIDEOR0RK4j.png
Phytolacca americana,phytolacca-americana-06.png,phytolacca-americana-wlgpaw,phytolacca-americana-wlgpaw.png,https://www.scanslibrary.com/storage/images/DCmQumQKAzAopzeW2JJP4G63Ck5bw8GfnXawseQS.png
Pilea,pilea-01.png,pilea-wnt4a2,pilea-wnt4a2.png,https://www.scanslibrary.com/storage/images/6i91a79zHSCDSs1NfsulZOlue3J23Ny38U7UelSG.png
Pilea,pilea-02.png,pilea-xcvae2,pilea-xcvae2.png,https://www.scanslibrary.com/storage/images/W7UqqCcaS3A1fUWUvRSdRH5BtrDqnCXve5BA4WFE.png
Pistacia vera,pistacia-vera-01.png,pistacia-vera-5hdama,pistacia-vera-5hdama.png,https://www.scanslibrary.com/storage/images/g0Qf39RcGW0ki0unDK3UUqMjFoaZQxFotIZOxpZN.png
Pistacia vera,pistacia-vera-02.png,pistacia-vera-8kfbum,pistacia-vera-8kfbum.png,https://www.scanslibrary.com/storage/images/T56MAry7kKyNBQ2ZY5SSSStT7eb1JHCiSY3SdNUc.png
Pistacia vera,pistacia-vera-03.png,pistacia-vera-b6se3f,pistacia-vera-b6se3f.png,https://www.scanslibrary.com/storage/images/7ghjXdzLDo8F4W4ZfuGcDOFRrd1SnTyxCWLTxkWt.png
Pistacia vera,pistacia-vera-04.png,pistacia-vera-cvzspq,pistacia-vera-cvzspq.png,https://www.scanslibrary.com/storage/images/sjEenHYnlYTQYnTIs67icJe1iFBbLKzJqhVy9ZzK.png
Pistacia vera,pistacia-vera-05.png,pistacia-vera-tggnbw,pistacia-vera-tggnbw.png,https://www.scanslibrary.com/storage/images/NKFgMOXE5eXb1WchWdXLhkIdhDv4AXa5s5N23JX4.png
Pistacia vera,pistacia-vera-06.png,pistacia-vera-uzn8qx,pistacia-vera-uzn8qx.png,https://www.scanslibrary.com/storage/images/pkMWI6HPKIw1ku7CVo1syqBV2b6pEgSg0rzeABwi.png
Pistacia vera,pistacia-vera-07.png,pistacia-vera-ytr9gv,pistacia-vera-ytr9gv.png,https://www.scanslibrary.com/storage/images/O8iOW5rFO9lhQxD5Pc3zw2UzXXnhaiku0OpYhF5K.png
Pistacia vera,pistacia-vera-08.png,pistacia-vera-zjj8ts,pistacia-vera-zjj8ts.png,https://www.scanslibrary.com/storage/images/6eK2S0jPd3ERlh5itNQNvLzcEaN91MkIZFauyYi7.png
Pistacia vera,pistacia-vera-09.png,pistasia-hfwt8l,pistasia-hfwt8l.png,https://www.scanslibrary.com/storage/images/V5AFhOZZCJ62LDmOgNcSH2VdAFrZEaaMDqqAwI1k.png
Pittosporum tobira,pittosporum-tobira-01.png,pittosporum-tobira-4k3cbu,pittosporum-tobira-4k3cbu.png,https://www.scanslibrary.com/storage/images/OCd27eGhNuPwmlG9qmyLc0XI2QBZMxzwrN5Rr41W.png
Pittosporum tobira,pittosporum-tobira-02.png,pittosporum-tobira-64gcu3,pittosporum-tobira-64gcu3.png,https://www.scanslibrary.com/storage/images/jmqvAZCLJyGNOJpi7fxIaT3u9s7Pl064muQtjfBF.png
Pittosporum tobira,pittosporum-tobira-03.png,pittosporum-tobira-6jpfcz,pittosporum-tobira-6jpfcz.png,https://www.scanslibrary.com/storage/images/MvX0MdxnyhnBl7qqzVBJehUatxoMjvumyajsquiG.png
Pittosporum tobira,pittosporum-tobira-04.png,pittosporum-tobira-7m78gn,pittosporum-tobira-7m78gn.png,https://www.scanslibrary.com/storage/images/4snvuEpKoysSwMWpSDmV0gy7eqs2CN36EtL7aw91.png
Pittosporum tobira,pittosporum-tobira-05.png,pittosporum-tobira-gz9cwr,pittosporum-tobira-gz9cwr.png,https://www.scanslibrary.com/storage/images/NL6ZThSakRqo18mLY729VT0ejujjrhW7kBugVxsC.png
Pittosporum tobira,pittosporum-tobira-06.png,pittosporum-tobira-jhqzm7,pittosporum-tobira-jhqzm7.png,https://www.scanslibrary.com/storage/images/0uzC8zSon6ADAfnG3kFv3MGAtlcAyYNFbcUNneZn.png
Pittosporum tobira,pittosporum-tobira-07.png,pittosporum-tobira-l7pwak,pittosporum-tobira-l7pwak.png,https://www.scanslibrary.com/storage/images/6EH7s0Ydjh6gw6MTDxKaiuwfhpC22xyocVtqzv73.png
Pittosporum tobira,pittosporum-tobira-08.png,pittosporum-tobira-mv3y2d,pittosporum-tobira-mv3y2d.png,https://www.scanslibrary.com/storage/images/dT8FZzYv5t40X4MJ6t7674g9aWZDrNHBFqO42JAe.png
Pittosporum tobira,pittosporum-tobira-09.png,pittosporum-tobira-paafu9,pittosporum-tobira-paafu9.png,https://www.scanslibrary.com/storage/images/76938xO4YgYiPhvLDvqebUz10AKr2gnUl9klyD6U.png
Pittosporum tobira,pittosporum-tobira-10.png,pittosporum-tobira-prkdyk,pittosporum-tobira-prkdyk.png,https://www.scanslibrary.com/storage/images/poSuQrCN7SbWrQVze2n9MXsDGh2Pfwy17mvhtCb1.png
Pittosporum tobira,pittosporum-tobira-11.png,pittosporum-tobira-pubhmz,pittosporum-tobira-pubhmz.png,https://www.scanslibrary.com/storage/images/bL8opHHKk5LEaYo25GM9SfQCC36peOnJTs9tp2TK.png
Pittosporum tobira,pittosporum-tobira-12.png,pittosporum-tobira-sp5d7b,pittosporum-tobira-sp5d7b.png,https://www.scanslibrary.com/storage/images/oazyZMF8e30ibS3wCNx1mbRVkjMG6zry9R1K4thC.png
Pittosporum tobira,pittosporum-tobira-13.png,pittosporum-tobira-whtxtc,pittosporum-tobira-whtxtc.png,https://www.scanslibrary.com/storage/images/tjjmDfQh6SQU8OgjuJstMrjneW9nvlpt9AjUGnSo.png
Pittosporum tobira,pittosporum-tobira-14.png,pittosporum-tobira-ydu9bv,pittosporum-tobira-ydu9bv.png,https://www.scanslibrary.com/storage/images/GUi59uP79TwoUyrJoUq6DujhUOeaTDvVkMkRO9NS.png
Pittosporum tobira,pittosporum-tobira-15.png,rthkgc,rthkgc.png,https://www.scanslibrary.com/storage/images/JCR0F22gCmSdfPphbrHAEgo1Q7dlU5ogrlJlntui.png
Pittosporum tobira,pittosporum-tobira-16.png,tdkuas,tdkuas.png,https://www.scanslibrary.com/storage/images/QFxVKrhOwzDshuY2Ns9DSMh6kEJXq7MXyXrErzGT.png
Pittosporum tobira,pittosporum-tobira-17.png,uqt3rk,uqt3rk.png,https://www.scanslibrary.com/storage/images/a11pYW2fDSyx76SfnlNSvD9CdJjB9FxAwyQ4rh4O.png
Pittosporum tobira nana,pittosporum-tobira-nana-01.png,3cj2ad,3cj2ad.png,https://www.scanslibrary.com/storage/images/9JCv5EX5UJhXRgHkVf9c32PVejq3WRR9onfhEzKH.png
Pittosporum tobira nana,pittosporum-tobira-nana-02.png,azasm9,azasm9.png,https://www.scanslibrary.com/storage/images/bbzmy0nzXxgzjQQ908CWaoBRrMLoITRWC3W7bSFU.png
Pittosporum tobira nana,pittosporum-tobira-nana-03.png,fshjbb,fshjbb.png,https://www.scanslibrary.com/storage/images/yGpHqbRqNbCxsTV6JnySQBT09th0DkqdKnajdhBv.png
Pittosporum tobira nana,pittosporum-tobira-nana-04.png,ngv2jf,ngv2jf.png,https://www.scanslibrary.com/storage/images/f3Jk7wGlXT6bSGufUxar5eu3MPc10Ori0EUlv94x.png
Pittosporum tobira nana,pittosporum-tobira-nana-05.png,pbeebd,pbeebd.png,https://www.scanslibrary.com/storage/images/qmrKcQtBrLMLJrFicEb4EP5MCsvOipQsHLORRkMZ.png
Pittosporum tobira nana,pittosporum-tobira-nana-06.png,prm5fj,prm5fj.png,https://www.scanslibrary.com/storage/images/a1AMoDq4scuklfYwxUMSodFgRAfNj0s5J1U3fLJI.png
Plant Perennials,plant-perennials-01.png,77x5z2,77x5z2.png,https://www.scanslibrary.com/storage/images/HjkFzPWPS9hGk8tYKyqk1sVAMq7SMBVrkblazvkQ.png
Plant Perennials,plant-perennials-02.png,b6hcgg,b6hcgg.png,https://www.scanslibrary.com/storage/images/Tz9dxHS5CW55dDiYd3puhPVdCbZveGR4ydU9Vox5.png
Plant Perennials,plant-perennials-03.png,bfyvf6,bfyvf6.png,https://www.scanslibrary.com/storage/images/7GOWv0jYzGqzRV2HB1TewMWQzgPm9MJSkQQd2xZS.png
Plant Perennials,plant-perennials-04.png,kyjgfq,kyjgfq.png,https://www.scanslibrary.com/storage/images/uRfeq0bCWAlr3O5x1Kbz7wduXFSAOvQXgoZ5i7Hs.png
Plant Perennials,plant-perennials-05.png,t4fkmn,t4fkmn.png,https://www.scanslibrary.com/storage/images/m0Ci8pCUPFNobQFMSQ3fONSJD5HysWBlhewHmQ8t.png
Plant Perennials,plant-perennials-06.png,u26qv8,u26qv8.png,https://www.scanslibrary.com/storage/images/3bCG1whNw1fQsDshHyWgk8SmkQawyDgyuu5VqER6.png
Plant Perennials,plant-perennials-07.png,ucuw2u,ucuw2u.png,https://www.scanslibrary.com/storage/images/ycAcBTZEYWrfZHKCjcdcWIh4ipVd5EQYstsMqEGY.png
Plant Perennials,plant-perennials-08.png,xyd7ds,xyd7ds.png,https://www.scanslibrary.com/storage/images/8wUVwyJBhfoDkcOlxI2bzTxJ9gvuNKDA8eDxMHuk.png
Plant Perennials,plant-perennials-09.png,zvyfhj,zvyfhj.png,https://www.scanslibrary.com/storage/images/lj7mDbFyRZTAO4hxCf0nM9Mf56BUv81kKFPuUNe9.png
Plantago,plantago-01.png,plantago-mlathc,plantago-mlathc.png,https://www.scanslibrary.com/storage/images/or04j0oIDdu3lVeyVF2i1RvVRI4VS9nHxLr0q0O5.png
Plantago,plantago-02.png,plantago-z9636y,plantago-z9636y.png,https://www.scanslibrary.com/storage/images/9ClRW3acfWe0zTDKJt7gOMX2twA2PD6XOPjnK5i1.png
Plantago lanceolata,plantago-lanceolata-02.png,u8pvfs,u8pvfs.png,https://www.scanslibrary.com/storage/images/G80Wvf1nuJ6aRGCywGfgDZVH5rwMVeK4LswGUf4Z.png
Plantago lanceolata,plantago-lanceolata-03.png,yshjqa,yshjqa.png,https://www.scanslibrary.com/storage/images/T5hIUqQjtx2wczl197hkN8nOYjz49WhQKyrK0bwF.png
Plantago major,plantago-major-01.png,plantago-major-4mtn2c,plantago-major-4mtn2c.png,https://www.scanslibrary.com/storage/images/vfRfzRTDysWmkSQMUVF6CBz95avyRFDFCmIYOTpW.png
Plectranthus forsteri,plectranthus-forsteri-01.png,plectranthus-forsteri-9dtynz,plectranthus-forsteri-9dtynz.png,https://www.scanslibrary.com/storage/images/6aq5G2WCb78UDvgxacy3n7qhmxrXisIYiH0Mso8d.png
Plectranthus forsteri,plectranthus-forsteri-02.png,plectranthus-forsteri-bpcxyv,plectranthus-forsteri-bpcxyv.png,https://www.scanslibrary.com/storage/images/ZI76BgS02JoKm40zkDFfZzMSYBk8tGq6iifpH1FG.png
Pleioblastus pumilus,pleioblastus-pumilus-01.png,bambusa-nana-2wpzpx,bambusa-nana-2wpzpx.png,https://www.scanslibrary.com/storage/images/3BBVlMIzM0NesE2mKo2gub3QqGMvJjGBTjY9cZnH.png
Pleioblastus pumilus,pleioblastus-pumilus-02.png,pleioblastus-pumilus-3ry57y,pleioblastus-pumilus-3ry57y.png,https://www.scanslibrary.com/storage/images/Zj4WtIjB2mE7cSfmSR1pGmDYsrPCe8QP6z22UTBm.png
Pleioblastus pumilus,pleioblastus-pumilus-03.png,pleioblastus-pumilus-aay4t7,pleioblastus-pumilus-aay4t7.png,https://www.scanslibrary.com/storage/images/TGwvFqxXTrz2xvWh3SKs0rNq888i92PQM0ROBAQL.png
Pleioblastus pumilus,pleioblastus-pumilus-04.png,pleioblastus-pumilus-wsufsa,pleioblastus-pumilus-wsufsa.png,https://www.scanslibrary.com/storage/images/i0beMptLuuJaqAlY8DZ1nUezgWLATQV0XqOkQz38.png
Poa bulbosa,poa-bulbosa-01.png,8gzyx9,8gzyx9.png,https://www.scanslibrary.com/storage/images/vIPlnVK31SuFFHzhKsCNgu8gIfOhIwnJ4Jqg9Z0A.png
Poa bulbosa,poa-bulbosa-02.png,cd9uvu,cd9uvu.png,https://www.scanslibrary.com/storage/images/urT3QVQxVVGv1q4in8BMnAw5VhdQBaUrZBgXe775.png
Poa bulbosa,poa-bulbosa-03.png,j6cahv,j6cahv.png,https://www.scanslibrary.com/storage/images/Jrs1NO2XBDxrjydXHhf9JZW78HiDb8yJ6NscUEJS.png
Poa bulbosa,poa-bulbosa-04.png,sntq9s,sntq9s.png,https://www.scanslibrary.com/storage/images/R49PMBi9QBoEMwJmRF64FcbNxIC3W2jBI5JB5C5i.png
Poa bulbosa,poa-bulbosa-05.png,spwfk6,spwfk6.png,https://www.scanslibrary.com/storage/images/RP9ss7rAzuhTREHaqZ5R35eVeN8E7L8Oz7KFENP6.png
Poa bulbosa,poa-bulbosa-06.png,xxjaey,xxjaey.png,https://www.scanslibrary.com/storage/images/2H0ibwlEKZ6lJfIX2rs4sH2G8WSy3prXwzDAF0yt.png
Polypodium glycyrrhiza,polypodium-glycyrrhiza-01.png,fern-yqqr5p,fern-yqqr5p.png,https://www.scanslibrary.com/storage/images/vfbE6tESoJ75Qg2656J6bfudlkWOq39DsX5v8uXN.png
Polypodium glycyrrhiza,polypodium-glycyrrhiza-02.png,tlbmun,tlbmun.png,https://www.scanslibrary.com/storage/images/izdutXi3HsZ1n5fE9EmK43hhQ35dKzCUZgkSTxiu.png
Polypodium glycyrrhiza,polypodium-glycyrrhiza-03.png,zsuyev,zsuyev.png,https://www.scanslibrary.com/storage/images/kib6YFLdnylodduDr99rHGWPOovSkhpfkUwdEopZ.png
Polyscias fabian,polyscias-fabian-01.png,fschkm,fschkm.png,https://www.scanslibrary.com/storage/images/r9HwVjsJXa9ywIqQi9Hqfwbq3dzwATXSML0Gbr0H.png
Portulaca oleracea,portulaca-oleracea-01.png,aggryb,aggryb.png,https://www.scanslibrary.com/storage/images/uA4R1TuJAGv0PtL7qH8tUboke6uDmE4WURpRhw88.png
Portulaca oleracea,portulaca-oleracea-02.png,astyre,astyre.png,https://www.scanslibrary.com/storage/images/kfmh1xjlHwDfG0XQApZFz2cRyCPAGj8q8eUrgds1.png
Portulaca oleracea,portulaca-oleracea-03.png,rhqkas,rhqkas.png,https://www.scanslibrary.com/storage/images/tjl1nQAupFPEXGlLlV9hsabK6XaFzwYnJXMl3Sj6.png
Portulaca oleracea,portulaca-oleracea-04.png,sbxths,sbxths.png,https://www.scanslibrary.com/storage/images/59rS7XfhqaocO4Me9jOK440TrmF2Ed5jEALe0lK6.png
Portulaca oleracea,portulaca-oleracea-05.png,tcbtwf,tcbtwf.png,https://www.scanslibrary.com/storage/images/HcM7CNtNXzIPrhAL66ZbF4IFMO24gGMUZG5Bdc60.png
Portulaca oleracea,portulaca-oleracea-06.png,uzdcns,uzdcns.png,https://www.scanslibrary.com/storage/images/QtO4ycKexJWpHLN9clarnNEwf9fBxC3WY0TCIwA0.png
Portulaca oleracea,portulaca-oleracea-07.png,zansrr,zansrr.png,https://www.scanslibrary.com/storage/images/akS4iaaDyz1xcTpJxTvjoEMAZXLSQemvbbSPEFYy.png
Potato,potato-01.png,potato-fccayc,potato-fccayc.png,https://www.scanslibrary.com/storage/images/2JEdnCZ4JTIKQZi17tGo28a24oe3sxkPT8Y3DX7Q.png
Potentilla anglica,potentilla-anglica-01.png,aaajyt,aaajyt.png,https://www.scanslibrary.com/storage/images/nwHdEewDzvq57ZLH4XLTuD62XnbL3fpyxXnCNf8F.png
Poterium sanguisorba,poterium-sanguisorba-01.png,4hzcrc,4hzcrc.png,https://www.scanslibrary.com/storage/images/CicfrpHEauKbz2hs02KcWqq0rSev9cEY3lALYRJV.png
Poterium sanguisorba,poterium-sanguisorba-02.png,adys9e,adys9e.png,https://www.scanslibrary.com/storage/images/JL40Ah6QmYf3g7bk0NGcv0NTkSTNYbGctX6PDDY8.png
Poterium sanguisorba,poterium-sanguisorba-03.png,juejxg,juejxg.png,https://www.scanslibrary.com/storage/images/k9YlSroj337YdDQc8v8nKvhWP0yAgp3LMwzpcftX.png
Poterium sanguisorba,poterium-sanguisorba-04.png,k4e6he,k4e6he.png,https://www.scanslibrary.com/storage/images/5A8bJYALnMG1kizHbwTVDieRMvflnVewb0OuUPVY.png
Poterium sanguisorba,poterium-sanguisorba-05.png,kxghlt,kxghlt.png,https://www.scanslibrary.com/storage/images/Q1JCCnimfrlqJJcFoEDQjGWK9H1sK0B2vEoE68Yi.png
Poterium sanguisorba,poterium-sanguisorba-06.png,sggufu,sggufu.png,https://www.scanslibrary.com/storage/images/MlxvIIQGCfe9dTPmNwI5uZNTCTY7cDaAKf3uLxQ3.png
Poterium sanguisorba,poterium-sanguisorba-07.png,vtg83a,vtg83a.png,https://www.scanslibrary.com/storage/images/a7vuoXCa0O6s4IAwhoYGNgYyFz1ZU8mdQk4EoWdz.png
Prunus armeniaca,prunus-armeniaca-01.png,gkmzmh,gkmzmh.png,https://www.scanslibrary.com/storage/images/66zySH5m2bUZCgzBhZ0QMZbAuzi17ZFSBeSUGZKY.png
Prunus armeniaca,prunus-armeniaca-02.png,rsaxb8,rsaxb8.png,https://www.scanslibrary.com/storage/images/toKtQg1BizmdFeV9JsR6RYab6BqgU9WWeOULLvTq.png
Prunus armeniaca,prunus-armeniaca-03.png,vqe3mx,vqe3mx.png,https://www.scanslibrary.com/storage/images/x4Q6c1T3EFCJrIPGmmkpIIVi6I6MWcWI2T8IA7Iw.png
Prunus laurocerasus,prunus-laurocerasus-01.png,3sxpmr,3sxpmr.png,https://www.scanslibrary.com/storage/images/JsY5q9ekyBUHr4wveJOY9Wth7pVCNElmm7wR4XI4.png
Prunus laurocerasus,prunus-laurocerasus-02.png,4pc5rz,4pc5rz.png,https://www.scanslibrary.com/storage/images/xlXXeDmIbFBUbooyyxgwHZMqUKqJOnA6PMp9Uay3.png
Prunus laurocerasus,prunus-laurocerasus-03.png,pdcsqd,pdcsqd.png,https://www.scanslibrary.com/storage/images/2HFeOOgVyH6pW7HQ1U4G0d66vehclmgoHq3uRUJC.png
Prunus laurocerasus,prunus-laurocerasus-04.png,pzum9d,pzum9d.png,https://www.scanslibrary.com/storage/images/nYBbJn8lTTEg7gbu8tQm5GZnj0uubOVIjoo1pgxF.png
Pseudodictamnus acetabulosus,pseudodictamnus-acetabulosus-01.png,bbjtmp,bbjtmp.png,https://www.scanslibrary.com/storage/images/NmAipb9ODC4XTiH3KYaawicqSIkmlSKImhmDqspj.png
Pseudodictamnus acetabulosus,pseudodictamnus-acetabulosus-02.png,bhkyqy,bhkyqy.png,https://www.scanslibrary.com/storage/images/uTBtMJBZh7Nn1OHKVVOxJScOtHR1058jfM9Sofds.png
Pseudodictamnus acetabulosus,pseudodictamnus-acetabulosus-03.png,qv7rrf,qv7rrf.png,https://www.scanslibrary.com/storage/images/SskTYwDAehlySzSlQEHGc0jMq6EfXBjKCYo0uJ1k.png
Pseudodictamnus acetabulosus,pseudodictamnus-acetabulosus-04.png,sq2yjr,sq2yjr.png,https://www.scanslibrary.com/storage/images/0JRCkYQEzU2quifvdOnR9iq1KIUTpvORiHsgoXYK.png
Pseudodictamnus acetabulosus,pseudodictamnus-acetabulosus-05.png,vhtlgk,vhtlgk.png,https://www.scanslibrary.com/storage/images/LBvcWiC1EDG2hBaGm8oBOKVC5gSalKB4iKL8NiUV.png
Pseudodictamnus acetabulosus,pseudodictamnus-acetabulosus-06.png,xpzu8u,xpzu8u.png,https://www.scanslibrary.com/storage/images/F0f6GelivW8M2uyDueqbluAGdctObzzj05n6UZb6.png
Pteridium aquilinum,pteridium-aquilinum-01.png,6nmgsh,6nmgsh.png,https://www.scanslibrary.com/storage/images/aMJoUbjwpDEYHXETZKSyF7fMABKFpzBTBVbusaOm.png
Pteridium aquilinum,pteridium-aquilinum-02.png,ec7qbt,ec7qbt.png,https://www.scanslibrary.com/storage/images/ol8Yw855d8ypvh0cGltTiWkLWaT5U5o9cq64h6l3.png
Pteridium aquilinum,pteridium-aquilinum-03.png,esqlur,esqlur.png,https://www.scanslibrary.com/storage/images/L1FjL8228XPas87u8gsrNDfp1f2cVM17x9NRhfCq.png
Pteridium aquilinum,pteridium-aquilinum-04.png,f7m7a7,f7m7a7.png,https://www.scanslibrary.com/storage/images/cWO3Te0E1XxwpokkOQeaaVrFedOQ3XqsmJI8KJg3.png
Pteridium aquilinum,pteridium-aquilinum-05.png,nx7qk9,nx7qk9.png,https://www.scanslibrary.com/storage/images/Dy8xZj8zEl9T7FxxeZl5sZzOOCOAVPZE4q5tT5Rp.png
Pteridium aquilinum,pteridium-aquilinum-06.png,tnq3tw,tnq3tw.png,https://www.scanslibrary.com/storage/images/zW73krP0Lg1SvJoDXIGf5q8mjn8xXbxIjYR5Zrxx.png
Pteridium aquilinum,pteridium-aquilinum-07.png,uspcfk,uspcfk.png,https://www.scanslibrary.com/storage/images/Ic4IqrGyzUKtxWpa5IgS6Hn6dWGffNoszUSN5Vir.png
Pteridium aquilinum (Dead),pteridium-aquilinum-dead-01.png,dead-fern-8wjkxgz,dead-fern-8wjkxgz.png,https://www.scanslibrary.com/storage/images/d38mcYeo7Qi6DmiOomy5QSfVMNQAm9gVFOuzLYmj.png
Pteridium aquilinum (Dead),pteridium-aquilinum-dead-02.png,dead-fern-hsmrsek,dead-fern-hsmrsek.png,https://www.scanslibrary.com/storage/images/7DKzWfW65tXUj8jLBf9UR6xBM48yR37bIe4G4pkd.png
Pteridium aquilinum (Dead),pteridium-aquilinum-dead-03.png,dead-fern-kqj9rgf,dead-fern-kqj9rgf.png,https://www.scanslibrary.com/storage/images/8rvrf6CIcMC8OUhIKMAlRt3YKOOL2wcsawPkDEFb.png
Pteridium aquilinum (Dead),pteridium-aquilinum-dead-04.png,dead-fern-luqwech,dead-fern-luqwech.png,https://www.scanslibrary.com/storage/images/iYmYxAYPoz9ESmoQzv4gPFWo9C9n7fq4KFbTkE4h.png
Pteridium aquilinum (Dead),pteridium-aquilinum-dead-05.png,dead-fern-wju7qx4,dead-fern-wju7qx4.png,https://www.scanslibrary.com/storage/images/51bQ2F1pVsBIcnUPCgYZEN0dKMbMZhkP0rw4Iykg.png
Pteridium aquilinum (Dead),pteridium-aquilinum-dead-06.png,dead-fern-z7t9gq2,dead-fern-z7t9gq2.png,https://www.scanslibrary.com/storage/images/pDZiRX9fMjcI6LidciqQEQG01IXHDMoGdh23QJax.png
Pulmonaria,pulmonaria-01.png,pulmonaria-7xgxky,pulmonaria-7xgxky.png,https://www.scanslibrary.com/storage/images/3z6JZnfS7B3m0LVrWDWiGseO5i8cqwnXYcJe6oR9.png
Pulmonaria obscura,pulmonaria-obscura-01.png,pulmonaria-obscura-ddnjl8b,pulmonaria-obscura-ddnjl8b.png,https://www.scanslibrary.com/storage/images/JzolVGsCEqaALi2xmEQPlduaJiN17W0DFv6FOSuB.png
Pulmonaria obscura,pulmonaria-obscura-02.png,pulmonaria-obscura-ypyqn4v,pulmonaria-obscura-ypyqn4v.png,https://www.scanslibrary.com/storage/images/doEbhcxUXmlML5jppgKP9YsAvOStJ2jmE8NuYV3j.png
Pulmonaria officinalis,pulmonaria-officinalis-02.png,pulmonaria-officinalis-lmy8qqm,pulmonaria-officinalis-lmy8qqm.png,https://www.scanslibrary.com/storage/images/BJnKeMFRFNqsRRSc9jMTXuZ9T715VVm3AfaTrWo9.png
Punica granatumun,punica-granatumun-01.png,8xkzea,8xkzea.png,https://www.scanslibrary.com/storage/images/KviBO9KXEhvI4SQi25zLdAnrWe2Tjj6ukoeQ3ylf.png
Punica granatumun,punica-granatumun-02.png,f4hk9x,f4hk9x.png,https://www.scanslibrary.com/storage/images/Gty635iPPgfoGoRfXBvSbaZ7zFGAoVGpm8C111Mu.png
Punica granatumun,punica-granatumun-03.png,mphyp7,mphyp7.png,https://www.scanslibrary.com/storage/images/jVl8wDTCsGTMcBjDMGLxfyeHayw2MdmSRcFCaSNy.png
Punica granatumun,punica-granatumun-04.png,ux4kfw,ux4kfw.png,https://www.scanslibrary.com/storage/images/GzoIarLYA498q2JxGgW5Z2GazHnRRgb34jZWfaA5.png
Punica granatumun,punica-granatumun-05.png,vwvp35,vwvp35.png,https://www.scanslibrary.com/storage/images/tyooEhvuHvXdL5jK4mdeFVXEgnt21nrQJkWK8X4f.png
Punica granatumun,punica-granatumun-06.png,wajsuc,wajsuc.png,https://www.scanslibrary.com/storage/images/VpUSCrMQQoGp3zXQXX2yzHzEPoalA5xy6BurPNd9.png
Pyracantha coccinea,pyracantha-coccinea-01.png,2dgby2,2dgby2.png,https://www.scanslibrary.com/storage/images/jZKU3MOHijV9k5nn9h5XnTdr0m1Qn2ASDk8kPx8t.png
Pyracantha coccinea,pyracantha-coccinea-02.png,9prmvj,9prmvj.png,https://www.scanslibrary.com/storage/images/N5KEa67uJMlX21fjeXBYxXWgZzGkef3VUS8bdw3o.png
Pyracantha coccinea,pyracantha-coccinea-03.png,hruack,hruack.png,https://www.scanslibrary.com/storage/images/IhCdBJgwSCiSSS9mKgrlh1U9KMljnUUrD35XHA0A.png
Raphanus raphanistrum,raphanus-raphanistrum-01.png,hcg7su,hcg7su.png,https://www.scanslibrary.com/storage/images/gQMNqXcoN5ffPI7xbcf0zTlozMv4U3axcXrV499z.png
Reed,reed-03.png,7pu68d,7pu68d.png,https://www.scanslibrary.com/storage/images/xpzZWcx27918HlZHYaTTwXpAKiBSXSfRcgJYlL8t.png
Reed,reed-04.png,aktnnz,aktnnz.png,https://www.scanslibrary.com/storage/images/oxvsdz0cAcjMoS0Mwk8wzo0nDkIwsQFekhmSsyLU.png
Reed,reed-05.png,bk35jn,bk35jn.png,https://www.scanslibrary.com/storage/images/AhX1C8fS9DCFPwKe57cfIplTrUSU818NDnNZycC6.png
Reed,reed-06.png,bqa9uk,bqa9uk.png,https://www.scanslibrary.com/storage/images/6uLLIMW6iEPKPayvyXYWcaCq7BVb6V22FhU9r648.png
Reed,reed-07.png,cn5z23,cn5z23.png,https://www.scanslibrary.com/storage/images/awkCM8NQiIVx0AoYmVXfPsZ5gFKbBRRwkkCJCP7u.png
Reed,reed-08.png,fhwsy3,fhwsy3.png,https://www.scanslibrary.com/storage/images/dQZc7CaNyOIw77jLZL2hUevmM3ZGeoofkguvCk62.png
Reed,reed-09.png,g9ajue,g9ajue.png,https://www.scanslibrary.com/storage/images/EOz80FpaaD00dFWdLKDgefULfYouRbUHyjdoR4py.png
Reed,reed-10.png,hcgbtm,hcgbtm.png,https://www.scanslibrary.com/storage/images/vMf0u4b6qy9uTSXEwlGms5TWXMLujgBSdKVtmdZt.png
Reed,reed-11.png,mylrkf,mylrkf.png,https://www.scanslibrary.com/storage/images/Cv3Wl5qL9vlI3C3e6rHPw0UbkJMPyumPcbfpTjGE.png
Reed,reed-12.png,nt8eds,nt8eds.png,https://www.scanslibrary.com/storage/images/XBILvNJ86fWG4rh9TVKzZOrnH5xK36XralL99F3G.png
Reed,reed-13.png,p9tcej,p9tcej.png,https://www.scanslibrary.com/storage/images/Zvde9le5vuot532ItgsnZAyM8UUyHFj8hj0N2Abq.png
Reed,reed-14.png,reed-4tmtrh,reed-4tmtrh.png,https://www.scanslibrary.com/storage/images/N5QVM3v2X939MEBEJWtUU5f9GqgKKPA9Ku8krHzB.png
Reed,reed-15.png,reed-epkvcm,reed-epkvcm.png,https://www.scanslibrary.com/storage/images/ENjHvYFh7V6uM5KBmQVpcrjQYm4QYwSpddtqn9NY.png
Reed,reed-16.png,reed-w3kb9a,reed-w3kb9a.png,https://www.scanslibrary.com/storage/images/8wLMGYDvxkkhRmGDqQdtOpPrKfPrNEOhbdyKx2N9.png
Reed,reed-17.png,reed-zgy2uk,reed-zgy2uk.png,https://www.scanslibrary.com/storage/images/EsjCcL1PWzLUkxsimoGAqsLCRsgF0biIqg1NapL2.png
Reed,reed-18.png,s4vbpk,s4vbpk.png,https://www.scanslibrary.com/storage/images/Gsn5tM3245oIMzy5bIsKsVHcm3CiAogDE7YxgM51.png
Reed Grass,reed-grass-01.png,reed-grass-gc5fxz,reed-grass-gc5fxz.png,https://www.scanslibrary.com/storage/images/QNT0Eu9zOiirok89fS4sGpYzO6qcAfDjVYb1Mc04.png
Reed Grass,reed-grass-02.png,reed-grass-k3bu5x,reed-grass-k3bu5x.png,https://www.scanslibrary.com/storage/images/oLO9FoByvhgOjKbLxJFYSjb9lFuxuCZyH4nuKyVt.png
Reed Grass,reed-grass-03.png,reed-grass-ndpqmg,reed-grass-ndpqmg.png,https://www.scanslibrary.com/storage/images/aleHqI4C3qMGxu1oe9xE1hHY0aPdBdABlCzBnU6Q.png
Reed Grass,reed-grass-04.png,reed-grass-xujy9y,reed-grass-xujy9y.png,https://www.scanslibrary.com/storage/images/2fF2y531zBPLgqEZlBihzF5ARhgWJESwgN6gSAC3.png
Reichardia ligulata,reichardia-ligulata-01.png,tvcguc,tvcguc.png,https://www.scanslibrary.com/storage/images/hn71o3o3JZPGrgYgErmEvIxgL1BNamieSNTK74fw.png
Reseda lutea,reseda-lutea-01.png,6xsvag,6xsvag.png,https://www.scanslibrary.com/storage/images/RAcMJOKtrq9tt9LgdIrAFBt53xcksrP0sEhjd3ok.png
Reseda lutea,reseda-lutea-02.png,cayese,cayese.png,https://www.scanslibrary.com/storage/images/ezLyNXyuC6EkQDgWEwHiq5YoFsI8yVLdDI2Y151n.png
Reseda lutea,reseda-lutea-03.png,jgbcn4,jgbcn4.png,https://www.scanslibrary.com/storage/images/CEOc1gkdG04u1eiaxEhM8z5JmTjfsopvKj7n9ddI.png
Reseda lutea,reseda-lutea-04.png,jzavsg,jzavsg.png,https://www.scanslibrary.com/storage/images/8GQ7ITjVeu8RL9oI3gPC3l5BtExlxvi20LuixLDb.png
Reseda lutea,reseda-lutea-05.png,lmurwc,lmurwc.png,https://www.scanslibrary.com/storage/images/s3ZPJtAEZAY4JaTJUiuRAcVo5pBmnLLJjflWDdfI.png
Reseda odorata,reseda-odorata-01.png,reseda-odorata-xjxrlb,reseda-odorata-xjxrlb.png,https://www.scanslibrary.com/storage/images/cKtKz7iK09P6rs5ACcUT8m5JUQQJ5rFQVwZPnFpz.png
Rhododendron,rhododendron-01.png,2aunvv,2aunvv.png,https://www.scanslibrary.com/storage/images/3fwMVRUlrh5RNIPW3ri6An2aVVpvJOz9hRb0iQ3M.png
Rhododendron,rhododendron-02.png,anayfs,anayfs.png,https://www.scanslibrary.com/storage/images/12tKBbPeQ0wOCjgGpljS4dw4aOZr8xUTTv5YTNqu.png
Rhododendron,rhododendron-03.png,cl5mwt,cl5mwt.png,https://www.scanslibrary.com/storage/images/ep8qC9r6A88Fg9UAdvE5km5jfHn1Q8qw3IEvJmTm.png
Rhododendron,rhododendron-04.png,lxdmq6,lxdmq6.png,https://www.scanslibrary.com/storage/images/UliGn4DBVO3ifPw4zaKJ3OIuDD28WyJaAOHouvas.png
Rhododendron,rhododendron-05.png,ps9c5s,ps9c5s.png,https://www.scanslibrary.com/storage/images/k8pZCDenSQTzJCyh1TRl479vPcpWn6jxwat41Ajx.png
Rhododendron,rhododendron-06.png,rhododendron-75ybk2,rhododendron-75ybk2.png,https://www.scanslibrary.com/storage/images/dGJB0N1QvbNu9RRY8oPapsxh6OemmT412XAgt4FN.png
Rhododendron,rhododendron-07.png,rhododendron-a4t3nf,rhododendron-a4t3nf.png,https://www.scanslibrary.com/storage/images/UhfHyrYZWKQ2Z75wx3HeIhZS73bzQEBCocqWPvml.png
Rhododendron,rhododendron-08.png,rhododendron-gw3mhh,rhododendron-gw3mhh.png,https://www.scanslibrary.com/storage/images/DR5j7ZjbXqLgSjASRDD2i6ajBk6YKTTCdgrN4by4.png
Rhododendron,rhododendron-09.png,rhododendron-hzryvy,rhododendron-hzryvy.png,https://www.scanslibrary.com/storage/images/erq1xo7wCjVcUuoX570c98LrOMz2XDRb7xHc96j4.png
Rhododendron,rhododendron-10.png,rhododendron-phntuk,rhododendron-phntuk.png,https://www.scanslibrary.com/storage/images/aJo2ztyawS0P4DwwRvPV3nh0qoi9SM5CcAIs5ETF.png
Rhododendron,rhododendron-11.png,rhododendron-q4njum,rhododendron-q4njum.png,https://www.scanslibrary.com/storage/images/Gs0Ix8lle5iMxOQbuKRy453vEVeFDE8OLQyGu4ox.png
Rhododendron,rhododendron-12.png,rhododendron-xhartn,rhododendron-xhartn.png,https://www.scanslibrary.com/storage/images/IYiRKYQsdnwVKqTB4b7cGup0EOFh0DFJ4YdR1Ne5.png
Rhododendron,rhododendron-13.png,ybfqhv,ybfqhv.png,https://www.scanslibrary.com/storage/images/2jkFwON9qjDkxR6IIzPmngiNtFL3rzFn5uF2Zrlg.png
Ricinus communis,ricinus-communis-01.png,meu6jw,meu6jw.png,https://www.scanslibrary.com/storage/images/IHTaYKlwm02DNTsYRosEdyYGJ6FriMNy2rD7qoHX.png
Ricinus communis,ricinus-communis-02.png,n8b7rh,n8b7rh.png,https://www.scanslibrary.com/storage/images/Gr6aoMcL8DHcVFFQuz4pQM50Bq3ekdlOFPsZxxbw.png
Ricinus communis,ricinus-communis-03.png,nahnat,nahnat.png,https://www.scanslibrary.com/storage/images/TVzJiyLLyblX8r55ONh9jnZISa4kktfgvd9jvrG9.png
Ricinus communis,ricinus-communis-04.png,ricinus-communis-2ce47q,ricinus-communis-2ce47q.png,https://www.scanslibrary.com/storage/images/NvBWvhHbUiQ5SGqA0l3iK16pOqPr3SK1EnKzBYsT.png
Ricinus communis,ricinus-communis-05.png,ricinus-communis-s8drme,ricinus-communis-s8drme.png,https://www.scanslibrary.com/storage/images/yfZLVUBCaNo14NXXmcEHx3EP5Y6QxGYfdPiraWG4.png
Ricinus communis,ricinus-communis-06.png,ricinus-communis-vjx7se,ricinus-communis-vjx7se.png,https://www.scanslibrary.com/storage/images/NMT5o68Y2sjH0EE6DZPtK4jnPEnG1wRtWiGxbfvg.png
Ricinus communis,ricinus-communis-07.png,ricinus-communis-xp3jrt,ricinus-communis-xp3jrt.png,https://www.scanslibrary.com/storage/images/VcXcVfirOrshuY9mrTaoLY4o6MUEEE0WpPnNS5T7.png
Ricinus communis,ricinus-communis-08.png,ricinus-communis-zc9yyp,ricinus-communis-zc9yyp.png,https://www.scanslibrary.com/storage/images/CxvFOSiWf0QwRVrsQ6LimlvPC3dsmLXNtcdP0lDk.png
Ricinus communis,ricinus-communis-09.png,ricinus-communis-zhwcka,ricinus-communis-zhwcka.png,https://www.scanslibrary.com/storage/images/0byTwRKTCVn820YmOU3qcblBwAALqNvG0Y0BugVt.png
Rincospermum,rincospermum-01.png,kjsqsb,kjsqsb.png,https://www.scanslibrary.com/storage/images/r6iZrKIHtrd6cTbiKkE0j6CBY4JbwRyTnCRuzhME.png
Rincospermum,rincospermum-02.png,sb25me,sb25me.png,https://www.scanslibrary.com/storage/images/xlqDCE55kD2MLrmZ8dliJDVtFxOWdRdLeziH3Nwu.png
Rubus,rubus-01.png,ddgmjc,ddgmjc.png,https://www.scanslibrary.com/storage/images/g7pNIZuHpabUy6kF1zeRdnofTqZ79zOWnWvNFlHE.png
Rubus,rubus-02.png,rmesan,rmesan.png,https://www.scanslibrary.com/storage/images/k58YlQlOVFyoq89TkNQdFYBB6ntrQRMNr0GT73pJ.png
Rubus fruticosus,rubus-fruticosus-01.png,cbg9xh,cbg9xh.png,https://www.scanslibrary.com/storage/images/LfwRbGzzwFrHf8YkUDb4rlmHFv5x2SbE7m0Wt8Kd.png
Rubus fruticosus,rubus-fruticosus-02.png,fcvtkj,fcvtkj.png,https://www.scanslibrary.com/storage/images/qp1UE8gIiprJAgZXclvKdZFBfcUOlonj0tSdhjF8.png
Rubus fruticosus,rubus-fruticosus-03.png,mshuwp,mshuwp.png,https://www.scanslibrary.com/storage/images/DMlTu4H2dGKsUgiRBLcbP5kNkbgTchrvZLR5yDzf.png
Rubus fruticosus,rubus-fruticosus-04.png,rubus-fruticosus-czrtsp,rubus-fruticosus-czrtsp.png,https://www.scanslibrary.com/storage/images/GrX9kOkvPB61Rzz2hu3jhxUv5kU0qB6tz7wFDj70.png
Rubus fruticosus,rubus-fruticosus-05.png,rubus-fruticosus-tkw2dq,rubus-fruticosus-tkw2dq.png,https://www.scanslibrary.com/storage/images/zjkfMfNGI6uyPGxTGfDvHh1M9ej2v1OI1QNHBZkx.png
Rubus fruticosus,rubus-fruticosus-06.png,rubus-fruticosus-uw5thb,rubus-fruticosus-uw5thb.png,https://www.scanslibrary.com/storage/images/9c1Y2tuqOBxXkVvUHIMEb8GLmPOauqC4UdAwRWYo.png
Rubus fruticosus,rubus-fruticosus-07.png,rufmj2,rufmj2.png,https://www.scanslibrary.com/storage/images/cMpjCdmC9h9VYHzUpsvaZs6OgT3s9uFEWv1sc3rV.png
Rubus fruticosus,rubus-fruticosus-08.png,zhnmay,zhnmay.png,https://www.scanslibrary.com/storage/images/nI17IP3uv9SyDJzaP9cIibQj2DorEb6g72F7o8le.png
Rumex,rumex-01.png,cxx9bz,cxx9bz.png,https://www.scanslibrary.com/storage/images/0fTR6m0PDbyrFusZO538GSp2PF05bx8D2YLjDHZs.png
Rumex,rumex-02.png,eqndfz,eqndfz.png,https://www.scanslibrary.com/storage/images/Uz47xu4a3Fwj2niZzOxGXyfdfkwuqQ1tv3fqwxpg.png
Rumex,rumex-03.png,gbeka5,gbeka5.png,https://www.scanslibrary.com/storage/images/M52JmqsFTNqdafkBTFdJTcTvk8zH9seOQgjysC6I.png
Rumex,rumex-04.png,hwbssv,hwbssv.png,https://www.scanslibrary.com/storage/images/1E6bfI3zeUQ90ZkxM2FLfbS726Bxx8l9U7JHbSFk.png
Rumex,rumex-05.png,j6qmjk,j6qmjk.png,https://www.scanslibrary.com/storage/images/VbuCAbqugq1mAkTF2Tzo1ZYFf7hbdM29y46dc1gp.png
Rumex,rumex-06.png,mydm62,mydm62.png,https://www.scanslibrary.com/storage/images/P1ZLlnmJAXLdrFKOzGnEhZIVIkaAZ001LxfUMKgz.png
Rumex,rumex-07.png,rumex-pvhs2ad,rumex-pvhs2ad.png,https://www.scanslibrary.com/storage/images/1MOVEiuazUhswRGQ0zfdMsprHGlGjYj5l5ugTDgS.png
Rumex,rumex-08.png,rumex-qfs3qyp,rumex-qfs3qyp.png,https://www.scanslibrary.com/storage/images/sK9GpIbSV06ervdZViHjzEEVUbexwKUGCOI2FN2m.png
Rumex conglomeratus,rumex-conglomeratus-01.png,fuek3k,fuek3k.png,https://www.scanslibrary.com/storage/images/PQCz3a6ZdcgpjOcfyAGhBovd2yxw6uq2efduDroV.png
Rumex conglomeratus,rumex-conglomeratus-02.png,jyfbkc,jyfbkc.png,https://www.scanslibrary.com/storage/images/eP04kvXMjE4tHgTV6zPKjkpxmxLgydhx0uDOKenh.png
Rumex conglomeratus,rumex-conglomeratus-03.png,uzxwcn,uzxwcn.png,https://www.scanslibrary.com/storage/images/qo9J5hapEJOqVVQ9ZvGGv2IUL34zmiEcKKGt4EkB.png
Rumex conglomeratus,rumex-conglomeratus-04.png,vnm6dz,vnm6dz.png,https://www.scanslibrary.com/storage/images/xq0PX3n5bZ7UFD5hpHMHeaklWeBGK5j69sDzRg0M.png
Rumex crispus,rumex-crispus-01.png,dvgexn,dvgexn.png,https://www.scanslibrary.com/storage/images/GuFWIjyhKqXVf2R2CcgwrKoxhHPqABbB876ynTuo.png
Rumex crispus,rumex-crispus-02.png,hvmlgn,hvmlgn.png,https://www.scanslibrary.com/storage/images/wZ8SWnmTjgu3Fnefi5C8htJaPA9WKFOutAmnXKk0.png
Rumex crispus,rumex-crispus-03.png,juq9nz,juq9nz.png,https://www.scanslibrary.com/storage/images/KxHzcOsolEZ2QgvQt7sEkr0yVHLIJYl1D3mjWJ7t.png
Rumex crispus,rumex-crispus-04.png,rumex-crispus-dry-agljptg,rumex-crispus-dry-agljptg.png,https://www.scanslibrary.com/storage/images/3RonURD4CmUW7rMQQTCwMATkf3HBmUdW64r7BjIQ.png
Rumex crispus,rumex-crispus-05.png,wf3swn,wf3swn.png,https://www.scanslibrary.com/storage/images/XpYAKs2ziF9fOsXpremnby1pBobTDea2QXcQl0kI.png
Rumex crispus,rumex-crispus-06.png,zveb6y,zveb6y.png,https://www.scanslibrary.com/storage/images/thrFvorfSHZqCp44Ia4CWcBA2QTOJkKGpqAKKBaV.png
Rumex longifolius,rumex-longifolius-01.png,grbmet,grbmet.png,https://www.scanslibrary.com/storage/images/LESSWfsZauhz14fFWm4jO3tus1FqDJnIPfEX957i.png
Rumex pulcher,rumex-pulcher-01.png,4nev2z,4nev2z.png,https://www.scanslibrary.com/storage/images/Za02Q9874aZlT1Uf9ugkGPCj75sq2pykd5C1736S.png
Rumex pulcher,rumex-pulcher-02.png,canrtc,canrtc.png,https://www.scanslibrary.com/storage/images/FXFrJRxxResvlt5G1sejp4MPrJtaGluWoeUe0R9J.png
Rumex pulcher,rumex-pulcher-03.png,nz7z7y,nz7z7y.png,https://www.scanslibrary.com/storage/images/cD0FTb99oXHlohrKVVDY6rETXqJO2Z3gbUYva8Qv.png
Rumex pulcher,rumex-pulcher-04.png,paesay,paesay.png,https://www.scanslibrary.com/storage/images/33rx8vpKIYb3MIG0DFIzHqVV7jDhB2y9YrmEemIB.png
Saccharum,saccharum-01.png,reed-gwc9p5,reed-gwc9p5.png,https://www.scanslibrary.com/storage/images/kVloSMBHqckf61ImD16wn97cKfspCOjKtJUp6hwc.png
Saccharum,saccharum-02.png,reed-hrv8wd,reed-hrv8wd.png,https://www.scanslibrary.com/storage/images/PrP1K8in2Wt0oNTIifqGrrNspRMcxfTvDKuYWO1A.png
Salicornia europaea,salicornia-europaea-01.png,salicornia-europaea-ncyynu,salicornia-europaea-ncyynu.png,https://www.scanslibrary.com/storage/images/RyZvBt8ukWXhe9bH80ufnFEu8Y77qQx88EuXi5nJ.png
Salicornia europaea,salicornia-europaea-02.png,salicornia-europaea-nemzuk,salicornia-europaea-nemzuk.png,https://www.scanslibrary.com/storage/images/ohh4nk8IQEfKlhVbmCVAsNddXbEFWpf3vg0Mgfxs.png
Salicornia europaea,salicornia-europaea-03.png,salicornia-europaea-t5necp,salicornia-europaea-t5necp.png,https://www.scanslibrary.com/storage/images/P6ocK3mWe6XOOQkkqdsNzUNALOgVAlYCREjFccRb.png
Salsola,salsola-01.png,gp8net,gp8net.png,https://www.scanslibrary.com/storage/images/pb2SW2StfhrZlTf6YAeKLyIRCkzKmMc860zc6Lhm.png
Salsola,salsola-02.png,yuncn7,yuncn7.png,https://www.scanslibrary.com/storage/images/iwNG6tEVBWhbDsFnYuTrFUIZXbh75zUmPHSFuFE7.png
Salvia,salvia-01.png,salvia-yzm42m,salvia-yzm42m.png,https://www.scanslibrary.com/storage/images/FdRAsUMQhmAlJwf6F8jf69ZMnK87zq9kdKdfNW82.png
Salvia glutinosa,salvia-glutinosa-01.png,salvia-glutinosa-fkmdzz,salvia-glutinosa-fkmdzz.png,https://www.scanslibrary.com/storage/images/Xvt3t2rsiPlcKbrGI2Rh2tWD0uAYRTVG3YmQ3bgG.png
Salvia glutinosa,salvia-glutinosa-02.png,salvia-glutinosa-jmwxume,salvia-glutinosa-jmwxume.png,https://www.scanslibrary.com/storage/images/PWqPgxHFktP45xJrsZQOqiI7k9IvYz7nCuR2fAwa.png
Salvia glutinosa,salvia-glutinosa-03.png,salvia-glutinosa-sxr4nd6,salvia-glutinosa-sxr4nd6.png,https://www.scanslibrary.com/storage/images/ehJ1rfE4OFwwwwOeF0vBSzvAPX2hEMZB9TWIKKhz.png
Salvia glutinosa,salvia-glutinosa-04.png,salvia-glutinosa-v4kg8yk,salvia-glutinosa-v4kg8yk.png,https://www.scanslibrary.com/storage/images/ie5rsWXyvWXYhSvhR4y0KzQBhYDfbedkaYCIjKIX.png
Salvia transsylvanica,salvia-transsylvanica-01.png,nurj2u,nurj2u.png,https://www.scanslibrary.com/storage/images/zg8G13gJ4nig12rbOFHD6m6d8txSXy1shrXHOf0y.png
Sambucus nigra,sambucus-nigra-01.png,9slrwt,9slrwt.png,https://www.scanslibrary.com/storage/images/uq8WbY6kfgLQqnK1aO7TH4oM16rEBa1TfuLXfogH.png
Sambucus nigra,sambucus-nigra-02.png,dxd5bj,dxd5bj.png,https://www.scanslibrary.com/storage/images/9u6cZfUzVx56M5ymY7VlhT5YbkQmJBXjfrBmad3W.png
Sambucus nigra,sambucus-nigra-03.png,krbs9w,krbs9w.png,https://www.scanslibrary.com/storage/images/nzlGFyhHLZK1HDiShZkNubWOm1dpuUD18hOd4GGW.png
Sambucus nigra,sambucus-nigra-04.png,mtxwe4,mtxwe4.png,https://www.scanslibrary.com/storage/images/gsGi8gsPYdYXbySGTaIycQb5omd1aPEgBrgSJ840.png
Sambucus nigra,sambucus-nigra-05.png,mwc5fq,mwc5fq.png,https://www.scanslibrary.com/storage/images/50Y2HTwdTVW3dcn2SxWhSRjrPeDHRxrO6GONaIPD.png
Sambucus racemosa,sambucus-racemosa-01.png,sambucus-racemosa-fhmvdpv,sambucus-racemosa-fhmvdpv.png,https://www.scanslibrary.com/storage/images/lB0iU6vRNqBqAoPJe0DS55yywYnNYW3WDeeMVfMf.png
Sambucus racemosa,sambucus-racemosa-02.png,sambucus-racemosa-pblee9y,sambucus-racemosa-pblee9y.png,https://www.scanslibrary.com/storage/images/ZqV2MIHgDHss3FwsKa6Q3BcU4XeUnDks2oxPzn1d.png
Sanguisorba minor,sanguisorba-minor-01.png,sanguisorba-minor-bxvghr,sanguisorba-minor-bxvghr.png,https://www.scanslibrary.com/storage/images/XJ8xQJosUt69TODEGM1oMq7HBEyJaj5HJMSX53JM.png
Sanguisorba minor,sanguisorba-minor-02.png,sanguisorba-minor-ecn2548,sanguisorba-minor-ecn2548.png,https://www.scanslibrary.com/storage/images/LLzoNwm1OoMZgLK0yLCZ1ywWp7m70PZ8KB183eSh.png
Sanguisorba minor,sanguisorba-minor-03.png,sanguisorba-minor-sbvzs3u,sanguisorba-minor-sbvzs3u.png,https://www.scanslibrary.com/storage/images/GwKNYkXEhE4rzcxQki4KcE4elYGRxKYn1MRoIBea.png
Sansevieria trifasciata,sansevieria-trifasciata-01.png,7jwc5a,7jwc5a.png,https://www.scanslibrary.com/storage/images/i0Uyv3o6iVsYxHo1Twi1yphhwyRpLCy3v7MF09po.png
Schefflera,schefflera-01.png,becees,becees.png,https://www.scanslibrary.com/storage/images/6xffKvoQJVcaSIHbo8Jwe8x2UXcWfO0FvCN9ohvt.png
Schefflera,schefflera-02.png,c5zcxg,c5zcxg.png,https://www.scanslibrary.com/storage/images/jogVjggu7vQWM2R3tlN37rwjYdO6oBxC08QSriPh.png
Schefflera,schefflera-03.png,qgk9yj,qgk9yj.png,https://www.scanslibrary.com/storage/images/W9BTIo1prrgxgiO1hPCioNwFQpcKkmtBl9BRRNAO.png
Schefflera variegata,schefflera-variegata-01.png,czb39x,czb39x.png,https://www.scanslibrary.com/storage/images/l5rYc71Ds378WBKnsqItRppVSrphzqqYOfKBpkCj.png
Schefflera variegata,schefflera-variegata-02.png,g6fc2b,g6fc2b.png,https://www.scanslibrary.com/storage/images/XR9qaRL7mTfIWuuDPXmMZOmClJqkOWVAdsnWTNkp.png
Schefflera variegata,schefflera-variegata-03.png,jbucme,jbucme.png,https://www.scanslibrary.com/storage/images/XAGjbk5DrppXXJa0Grnen6qTCJeBKF12rj5XXJTD.png
Schefflera variegata,schefflera-variegata-04.png,s86adb,s86adb.png,https://www.scanslibrary.com/storage/images/uW9dkVG8aQIW9rak990e4M3Aexdbziktb5OJPaF6.png
Schefflera variegata,schefflera-variegata-05.png,tujpgh,tujpgh.png,https://www.scanslibrary.com/storage/images/CCHyDNZeTE7JbAVgYxKSYe2lu01leaPMUVe4AQ1C.png
Schefflera variegata,schefflera-variegata-06.png,zdsvh4,zdsvh4.png,https://www.scanslibrary.com/storage/images/mdXqI4uduEtTTJzKHH2XeUbaIHySomPPCj7rZPFq.png
Scolymus hispanicus,scolymus-hispanicus-01.png,5nbgex,5nbgex.png,https://www.scanslibrary.com/storage/images/DmyWa537vpBPfhxruJUHYT9bI7guJLD5avWuQEih.png
Scolymus hispanicus,scolymus-hispanicus-02.png,areqze,areqze.png,https://www.scanslibrary.com/storage/images/FHgiKh7y5Q0ikJt3MMXtfNzED6jx8nc8spQ9aZSH.png
Scolymus hispanicus,scolymus-hispanicus-03.png,raqqcf,raqqcf.png,https://www.scanslibrary.com/storage/images/Ad4uNFalyVbe4yrRSP8GwZWat3dV7O0fzuyBlFwj.png
Scolymus hispanicus,scolymus-hispanicus-04.png,v5ysku,v5ysku.png,https://www.scanslibrary.com/storage/images/zB7n5LZdOnWs196g2r2igDTGDMrj64eqzZtDVCfu.png
Sedum morganianum,sedum-morganianum-01.png,et59pa,et59pa.png,https://www.scanslibrary.com/storage/images/a2Dqkgpve02Bm5pooZiSoksBoHUrde0yE70c8T1L.png
Sedum morganianum,sedum-morganianum-02.png,r3ngy9,r3ngy9.png,https://www.scanslibrary.com/storage/images/8UcFNXAXbg9NNc8Y8yXxKSofbQSRmTFM2nsEOdxi.png
Senecio rowleyanus,senecio-rowleyanus-01.png,7au6fl,7au6fl.png,https://www.scanslibrary.com/storage/images/5RnVrKw1ssBXovlMV6AESy1MGkjNlHmgmKlIMM1U.png
Senecio sylvaticus,senecio-sylvaticus-01.png,lbvnnr,lbvnnr.png,https://www.scanslibrary.com/storage/images/MdAtdBYNKA8ycu8qeQrURQZXnJM6dMSf9XO3INbu.png
Senecio sylvaticus,senecio-sylvaticus-02.png,mfvtqq,mfvtqq.png,https://www.scanslibrary.com/storage/images/BHzfViBeEbsHKpTEVk5XnKnyozZxDg9aY9t20II5.png
Senecio sylvaticus,senecio-sylvaticus-03.png,pdksw7,pdksw7.png,https://www.scanslibrary.com/storage/images/s5gCVkvZXF4wAqyzHZWPnERgrUW935YLqzSD2yAF.png
Senecio sylvaticus,senecio-sylvaticus-04.png,sglfdg,sglfdg.png,https://www.scanslibrary.com/storage/images/HoT7MQxgpViqfN9Bn4i5162WkCqsawpxsSn71W3p.png
Senecio sylvaticus,senecio-sylvaticus-05.png,wctqxq,wctqxq.png,https://www.scanslibrary.com/storage/images/OC9vER5G07ftACliIBbj6vgieD2kPXuuESHFSgrk.png
Senecio sylvaticus,senecio-sylvaticus-06.png,wuchng,wuchng.png,https://www.scanslibrary.com/storage/images/4cy40vcUK2xREtN0XRhk2Ll3GxRjG1IrkWIgPvam.png
Setaria pumila,setaria-pumila-01.png,setaria-pumila-utgpyvn,setaria-pumila-utgpyvn.png,https://www.scanslibrary.com/storage/images/dGf9yMmY3KdazlOOFaE6g0xIrsl9Q3OimADsjVbB.png
Shrub,shrub-03.png,3hfh49,3hfh49.png,https://www.scanslibrary.com/storage/images/irfxpdpWkKpzCfiiygbbwcQTtJex3dv6hD0t2FqI.png
Shrub,shrub-04.png,4xsdyu,4xsdyu.png,https://www.scanslibrary.com/storage/images/OMGgzi9xgoCzfpnVdaHYsxnJ51lVQPJ5x7GSAfat.png
Shrub,shrub-05.png,9lvubw,9lvubw.png,https://www.scanslibrary.com/storage/images/37g6IMIjGHj5KmNzuDJj1drCqXLoAv3NHa4Fo0bU.png
Shrub,shrub-06.png,assjda,assjda.png,https://www.scanslibrary.com/storage/images/Ublg0GrQbHMHkTaUCcZO50LYnCI5m9oJkbnI4gmF.png
Shrub,shrub-07.png,c8cydm,c8cydm.png,https://www.scanslibrary.com/storage/images/SNJkAYjKHERmB0eDqkHfZcj4pEKeBWQgeqB9RYMD.png
Shrub,shrub-08.png,gxfefl,gxfefl.png,https://www.scanslibrary.com/storage/images/QHXkFNAELNsmhh4FCgA7Pf7WZBbWojXr0V6UprO4.png
Shrub,shrub-09.png,hmq9tf,hmq9tf.png,https://www.scanslibrary.com/storage/images/T5d7TSb929L1aZpELEGjQ7kIJnXAqwMCUmcFklKi.png
Shrub,shrub-10.png,mtxdhw,mtxdhw.png,https://www.scanslibrary.com/storage/images/qlYFM8VnikQY4zUO0P3ZH7uA3BDPdxOG9MhWSuhK.png
Shrub,shrub-11.png,ptdrfv,ptdrfv.png,https://www.scanslibrary.com/storage/images/HEBmA8WjbYgkWfS9Lwrt1Kfh7uBmd9vAUQtRSwX7.png
Shrub,shrub-12.png,rfw7kz,rfw7kz.png,https://www.scanslibrary.com/storage/images/MMUebrYg6FWXbH0u0VDJNOWbECFIaz9CJo4NF46z.png
Shrub,shrub-13.png,shrub-5ukdzj,shrub-5ukdzj.png,https://www.scanslibrary.com/storage/images/KtpQy88llsBFyU63UL6Nquuesiti0h0xBbp3NvdR.png
Shrub,shrub-14.png,shrub-7lq6wp,shrub-7lq6wp.png,https://www.scanslibrary.com/storage/images/5Rlf3HQXVf37phPIGDr2ZDwI65OiJAhKthpAl44q.png
Shrub,shrub-15.png,shrub-9wsmvk,shrub-9wsmvk.png,https://www.scanslibrary.com/storage/images/3vpXnjprjOBO2mYKDd4SpXDwjnRqcQkJVIXgKdv5.png
Shrub,shrub-16.png,shrub-cedmk7,shrub-cedmk7.png,https://www.scanslibrary.com/storage/images/u7sMrEzRnDGZOpyeCf3PU8byu0ltOfjRxvAJpYeW.png
Shrub,shrub-17.png,shrub-crc2vw,shrub-crc2vw.png,https://www.scanslibrary.com/storage/images/InEI3eMLi58WNayOTfRgcXYWrgLp1z2RBUkXxktZ.png
Shrub,shrub-18.png,shrub-dzgyyb,shrub-dzgyyb.png,https://www.scanslibrary.com/storage/images/GSWeYA34XO40oMOLJ5Qz0sPSMjP1uhLVLubR4epO.png
Shrub,shrub-19.png,shrub-eqf4wq,shrub-eqf4wq.png,https://www.scanslibrary.com/storage/images/sB0XPXEoqpdSXcp0ctTIocJjxAcs1O72hsuiNHfU.png
Shrub,shrub-20.png,shrub-evb3gy,shrub-evb3gy.png,https://www.scanslibrary.com/storage/images/iLdJBUdeGUOHWQrZARGFvegLpuX0Awh3S6epBZgK.png
Shrub,shrub-21.png,shrub-gftuk5,shrub-gftuk5.png,https://www.scanslibrary.com/storage/images/mHNx8CJQYONyWvwkjHcVdogIauxPYLq9fjsgIDWY.png
Shrub,shrub-22.png,shrub-gr7tez,shrub-gr7tez.png,https://www.scanslibrary.com/storage/images/YZemzGRhorw8HHlvzsV20L6UHm3xXzNMId7Mn7p9.png
Shrub,shrub-23.png,shrub-kahpgv,shrub-kahpgv.png,https://www.scanslibrary.com/storage/images/NeENOeqVFzKEbnf0E7Y3BaWMA8iMm2aZhmrQOxyO.png
Shrub,shrub-24.png,shrub-nmv37z,shrub-nmv37z.png,https://www.scanslibrary.com/storage/images/l32c8XXwgOjNOfGiRgOROh0XmlilbKgYXgPKqL1G.png
Shrub,shrub-25.png,shrub-pbkvkj,shrub-pbkvkj.png,https://www.scanslibrary.com/storage/images/TlRZzRLAboYafH15kT9CeHZpZ7vRJoJtOY1LlxDX.png
Shrub,shrub-26.png,shrub-sfdpeq,shrub-sfdpeq.png,https://www.scanslibrary.com/storage/images/sp6OuwP3OSqsJHLWpJZsR2eMfg3aCvMeQEMqBrLk.png
Shrub,shrub-27.png,shrub-t5ubqh,shrub-t5ubqh.png,https://www.scanslibrary.com/storage/images/2tRcWfpvzcdGGWiH2Iv4QE18TCKGwsxdRT5lhhTA.png
Shrub,shrub-28.png,shrub-tvekb7,shrub-tvekb7.png,https://www.scanslibrary.com/storage/images/2JlkQQQluLRauWJhNfA2lq3PpWwbL1hd3q40mAVi.png
Shrub,shrub-29.png,shrub-v8srfw,shrub-v8srfw.png,https://www.scanslibrary.com/storage/images/dItuebnXPkUc86JpoEfU7yV8xtbWbvyo5VXzrORb.png
Shrub,shrub-30.png,shrub-vcwmp7,shrub-vcwmp7.png,https://www.scanslibrary.com/storage/images/bCewxZz41qC6nNbCCQWlyRrMVwrZMuqedMRYXRN6.png
Shrub,shrub-31.png,shrub-ww7dh8,shrub-ww7dh8.png,https://www.scanslibrary.com/storage/images/oHn5IVT0iuDUcMv6G77FkanNPmqDoexMpdCks5D3.png
Shrub,shrub-32.png,shrub-y2ksfk,shrub-y2ksfk.png,https://www.scanslibrary.com/storage/images/iXFxZXkNhtUPDhxB22ladIetNo7sM6kEPEwwnpCc.png
Shrub,shrub-33.png,shrub-yc9pxg,shrub-yc9pxg.png,https://www.scanslibrary.com/storage/images/5Fjrcpbp6SLBogDdxzWS9W2uOrpNGQXh8dIRmOvL.png
Shrub,shrub-34.png,tbgzv3,tbgzv3.png,https://www.scanslibrary.com/storage/images/Dm3mefMptoMhBi2ASXXQfk8nOCdzbLR0ZGhRNRYG.png
Shrub,shrub-35.png,vquejn,vquejn.png,https://www.scanslibrary.com/storage/images/0GrNZgIRLwcFcZHyU5wKtx13jVTnrI6KtYKraSvW.png
Shrub,shrub-36.png,xkb23a,xkb23a.png,https://www.scanslibrary.com/storage/images/pK7eIonVbCwezbaz1UfSaCVfJ4zDHknDCc2KAZje.png
Shrub,shrub-37.png,xx9jce,xx9jce.png,https://www.scanslibrary.com/storage/images/y3KtERNqz6bf5EBUAP7XfWvbgw8cM01JqW4G4PZF.png
Sideritis phlomoides,sideritis-phlomoides-01.png,fbdw6x,fbdw6x.png,https://www.scanslibrary.com/storage/images/D4dQkeCFBqoBiKh976kDfxw8nhFv8bI8PihCHxog.png
Silybum marianum,silybum-marianum-01.png,nznm3e,nznm3e.png,https://www.scanslibrary.com/storage/images/77BnNj0zUJMdWSuFdJ0XYeeksEFBwSdDZNfZk94q.png
Silybum marianum,silybum-marianum-02.png,silybum-marianum-lg3zmf,silybum-marianum-lg3zmf.png,https://www.scanslibrary.com/storage/images/2gVhLikPRczqHrCKkk5bcmn5AL7UxCecNlAneUeq.png
Silybum marianum,silybum-marianum-03.png,silybum-marianum-uw929z,silybum-marianum-uw929z.png,https://www.scanslibrary.com/storage/images/1A50bAAGIeyllWD5BJZoVrnAyapvMMOcEUi0qmpb.png
Soda inermis,soda-inermis-01.png,soda-inermis-2hnsjh,soda-inermis-2hnsjh.png,https://www.scanslibrary.com/storage/images/0cQjS0lbzuGz7HKdlOjhhwJ3nReaHK4gv2RJ2adx.png
Soda inermis,soda-inermis-02.png,soda-inermis-7qa6sp,soda-inermis-7qa6sp.png,https://www.scanslibrary.com/storage/images/vIaYGGO00ZBcxkWbsiK6cqaqjXx2uJkYdS06GuWs.png
Soda inermis,soda-inermis-03.png,soda-inermis-jclxgc,soda-inermis-jclxgc.png,https://www.scanslibrary.com/storage/images/89PfjqQoCCoWFqIklDaEvYKwRkZfPnOmzPjVC3z2.png
Soda inermis,soda-inermis-04.png,soda-inermis-rhefb3,soda-inermis-rhefb3.png,https://www.scanslibrary.com/storage/images/ZOynzhpKlW8pyv6SR8cN7BXWUWexfMGW1925tUf2.png
Soda inermis,soda-inermis-05.png,soda-inermis-tuktgy,soda-inermis-tuktgy.png,https://www.scanslibrary.com/storage/images/ZXGI7m726y3SIzFggWp5cK2i24Qpagrc4ekEmRcE.png
Soda inermis,soda-inermis-06.png,soda-inermis-ywmpdj,soda-inermis-ywmpdj.png,https://www.scanslibrary.com/storage/images/gvcqckxaFfL172JiwiIgacOgkggd14p8Hspp7hzJ.png
Solanum lycopersicum,solanum-lycopersicum-01.png,solanum-lycopersicum-bk23zj,solanum-lycopersicum-bk23zj.png,https://www.scanslibrary.com/storage/images/0m32P9O9rT71suK2BhAMiMa1tq9VW2yYl2NvLOAC.png
Solanum lycopersicum,solanum-lycopersicum-02.png,solanum-lycopersicum-byrf2e,solanum-lycopersicum-byrf2e.png,https://www.scanslibrary.com/storage/images/mktBqDfVNhH66vwSrXuIwlE2IG6avjyZSXCYgMVD.png
Solanum lycopersicum,solanum-lycopersicum-03.png,solanum-lycopersicum-skjx2m,solanum-lycopersicum-skjx2m.png,https://www.scanslibrary.com/storage/images/Ms8iHo37fWxNOIow1eZkf664RbqwjKyic6F4vZUp.png
Solanum lycopersicum,solanum-lycopersicum-04.png,x6tjef,x6tjef.png,https://www.scanslibrary.com/storage/images/pf321rBiD4Bh35jbmPiQ4S4vR9TA2DUiCTcYzi1O.png
Solanum melongena,solanum-melongena-01.png,jhp9u2,jhp9u2.png,https://www.scanslibrary.com/storage/images/WRh2ReSmtNSkDPihQBc2JkbtNGpKmBtOrqlK5iHr.png
Solanum rantonnetii,solanum-rantonnetii-01.png,solanum-rantonetti-cukbdl,solanum-rantonetti-cukbdl.png,https://www.scanslibrary.com/storage/images/Jfh5zTN1qNq4rxb4l0MltU4aDtVtfF1ARhbn0xNz.png
Solanum rantonnetii,solanum-rantonnetii-02.png,solanum-rantonnetii-fdvba9,solanum-rantonnetii-fdvba9.png,https://www.scanslibrary.com/storage/images/1fhjTku43ejXeWSKiRXa4otLa0dKHSKcmYPEq43M.png
Solanum rantonnetii,solanum-rantonnetii-03.png,solanum-rantonnetii-fvhw73,solanum-rantonnetii-fvhw73.png,https://www.scanslibrary.com/storage/images/QN6dNOYZEy8QdgwKOzzklrikYOIQpLkC0JSLaCun.png
Solanum rantonnetii,solanum-rantonnetii-04.png,solanum-rantonnetii-kvtxuj,solanum-rantonnetii-kvtxuj.png,https://www.scanslibrary.com/storage/images/i6aI3Ee1ef5ntrTEA7hpnJQaBHtqTteqPoKFXUWj.png
Solanum rantonnetii,solanum-rantonnetii-05.png,solanum-rantonnetii-nrraev,solanum-rantonnetii-nrraev.png,https://www.scanslibrary.com/storage/images/mPNEJfpRfQox5NJDmIp9R9rByOFYMC97h8rMHdPV.png
Solanum rantonnetii,solanum-rantonnetii-06.png,solanum-rantonnetii-psgqv5,solanum-rantonnetii-psgqv5.png,https://www.scanslibrary.com/storage/images/87yTEE5kNep4FSqEeuxIWo8uTcMRH1SS42ooJzkl.png
Solanum rantonnetii,solanum-rantonnetii-07.png,solanum-rantonnetii-uc7wd9,solanum-rantonnetii-uc7wd9.png,https://www.scanslibrary.com/storage/images/5NOYLfJhZtVV4LiMMUR7V92R6ksMUmyP9mNX8VnW.png
Solanum rantonnetii,solanum-rantonnetii-08.png,solanum-rantonnetii-xbqnax,solanum-rantonnetii-xbqnax.png,https://www.scanslibrary.com/storage/images/CXq60e5U3HYynkH4wpuex3BMZhDdECaUNriAZXIc.png
Sonchus asper,sonchus-asper-01.png,j5vwek,j5vwek.png,https://www.scanslibrary.com/storage/images/E0FxScPuzrddb18CEJNHzo9JfJmbPr0ALqER2cN9.png
Sonchus asper,sonchus-asper-02.png,kcuqpd,kcuqpd.png,https://www.scanslibrary.com/storage/images/a27uDezsRi2XNK5ZPEEvdg6M1cWskxcgvSxQns4B.png
Sorbus arvonensis,sorbus-arvonensis-01.png,sorbus-arvonensis-5pzc9cd,sorbus-arvonensis-5pzc9cd.png,https://www.scanslibrary.com/storage/images/i5Q37jNuw26GykPEA0sRwIjPi0IvIwt37ZBeT6R1.png
Sorbus arvonensis,sorbus-arvonensis-02.png,sorbus-arvonensis-aurgyqq,sorbus-arvonensis-aurgyqq.png,https://www.scanslibrary.com/storage/images/4U2HsI8TWZYza3e472s3JcQeasawbNoACzd7Jn27.png
Sorbus rupicola,sorbus-rupicola-01.png,sorbus-rupicola-cb9nmxt,sorbus-rupicola-cb9nmxt.png,https://www.scanslibrary.com/storage/images/GxKzUjB8aSXt9GPvkT6y0ZeEpNFms3eK5M414P1W.png
Sorbus rupicola,sorbus-rupicola-02.png,sorbus-rupicola-mdrgzxz,sorbus-rupicola-mdrgzxz.png,https://www.scanslibrary.com/storage/images/pnxqyeHBiD8UTGi4Zr8KM3kMM4aq0lkBljd7S8Q1.png
Sorbus rupicola,sorbus-rupicola-03.png,sorbus-rupicola-sf8wetu,sorbus-rupicola-sf8wetu.png,https://www.scanslibrary.com/storage/images/MhUZQaBgkzraEQIG4N2AcrUiOioJhFcm2VZIK1FW.png
Sorghum halepense,sorghum-halepense-01.png,9a59cz,9a59cz.png,https://www.scanslibrary.com/storage/images/jK9vEorz0r2BKJXSJtP5aAr4d6AWHMBfBH1I5wzA.png
Sorghum halepense,sorghum-halepense-02.png,hkpljn,hkpljn.png,https://www.scanslibrary.com/storage/images/2dm7kAj5XbHWvQBvIJVhhCM2W8o4YuGRU3lZTgzI.png
Spartium junceum,spartium-junceum-04.png,4kw8nz,4kw8nz.png,https://www.scanslibrary.com/storage/images/S6jx9dH9VzU4THqXabCtGEcZMEe2dMpyyMfRe1C2.png
Spartium junceum,spartium-junceum-05.png,hhqk6z,hhqk6z.png,https://www.scanslibrary.com/storage/images/FVYzBUsli3xPwAVP1cw8WMIGFxusTYx4MYw2wZW1.png
Spartium junceum,spartium-junceum-06.png,q7mk6w,q7mk6w.png,https://www.scanslibrary.com/storage/images/cfTdZ0byBJ6JYqIReLmiKDZF6E5bFrumQa3R6byd.png
Spartium junceum,spartium-junceum-07.png,yaucxp,yaucxp.png,https://www.scanslibrary.com/storage/images/8c4jAhDzer0bf8g1oRGwTgl9oja8gprg8dfZxp7D.png
Spathiphyllum,spathiphyllum-05.png,azfd5g,azfd5g.png,https://www.scanslibrary.com/storage/images/Uxq4fBEIT40w7M8I9K9NRGevo3vzhXORvg8nzkob.png
Spathiphyllum,spathiphyllum-06.png,jxuwcr,jxuwcr.png,https://www.scanslibrary.com/storage/images/r4864Vfyl5FyrLAeDy6j0ISBps1rRX2CTDzEIUHD.png
Spathiphyllum,spathiphyllum-07.png,spathiphyllum-8zeythq,spathiphyllum-8zeythq.png,https://www.scanslibrary.com/storage/images/A6OrpkaSqwVGT2SkLUoKfpzWvOGrY8FsUirgAI73.png
Spathiphyllum,spathiphyllum-08.png,spathiphyllum-ghq4u7a,spathiphyllum-ghq4u7a.png,https://www.scanslibrary.com/storage/images/5ZGqLKOm8dIQkDPkBk5jo5E95rK6zqhuRSEXkWsH.png
Spathiphyllum,spathiphyllum-09.png,spathiphyllum-hkdusyc,spathiphyllum-hkdusyc.png,https://www.scanslibrary.com/storage/images/pgbKoDLjEjvYPsx6B8h6fPQUSh9qwJ1ew5dBws0u.png
Spathiphyllum,spathiphyllum-10.png,spathiphyllum-hzfqyls,spathiphyllum-hzfqyls.png,https://www.scanslibrary.com/storage/images/TVlInwl1V3I7ueRll16FaVcA3uComuJscCwH9EBT.png
Spathiphyllum,spathiphyllum-11.png,spathiphyllum-ugxntwl,spathiphyllum-ugxntwl.png,https://www.scanslibrary.com/storage/images/CcppQ5dyjIL9Ub5c2xkoIWdW1a9inz8VzP7bVwFv.png
Spathiphyllum,spathiphyllum-12.png,yspsun,yspsun.png,https://www.scanslibrary.com/storage/images/3cq8Gu3xJgLgKuCz9jxXqhhf6Hhu8bDkKExhhtaY.png
Stachys byzantina,stachys-byzantina-01.png,stachys-byzantina-kbzslp,stachys-byzantina-kbzslp.png,https://www.scanslibrary.com/storage/images/pfVKt86sbqqPoUri8Gvye8EmkTwJEETLudKyX0Rd.png
Stellaria media,stellaria-media-01.png,hjvwrn,hjvwrn.png,https://www.scanslibrary.com/storage/images/crMs5eUOGumFMAq4g5hnH7VURju6ZiO3zp1RqycA.png
Stellaria media,stellaria-media-02.png,pdvz7a,pdvz7a.png,https://www.scanslibrary.com/storage/images/e6TrPAFe4IlcOsy5yN1i8YNwPQ1hAzJX3t1DG25q.png
Strawberry,strawberry-01.png,strawberry-5zpfwt,strawberry-5zpfwt.png,https://www.scanslibrary.com/storage/images/ZdPzG2xeWBdUXyNj4ESY0sv2Q7V1ngP7lpuzYwQD.png
Strawberry,strawberry-02.png,strawberry-7k3cnd,strawberry-7k3cnd.png,https://www.scanslibrary.com/storage/images/JEkBkpyHttCxOas9Xl5MqNKQY87koMyLMQsd7pWd.png
Strawberry,strawberry-03.png,strawberry-rxvztt,strawberry-rxvztt.png,https://www.scanslibrary.com/storage/images/whK22AxbJgOoHdLpy2QqoAQVOHjnGbcNsi2YsiWK.png
Strelitzia reginae,strelitzia-reginae-01.png,strelitzia-reginae-cfevsc,strelitzia-reginae-cfevsc.png,https://www.scanslibrary.com/storage/images/8M0snR7BNl3DM2peb8cx0rnl2vJTxusfakKx8c9b.png
Subtropical Plant,subtropical-plant-01.png,2knb7k,2knb7k.png,https://www.scanslibrary.com/storage/images/0aKC8Wsj1OgDUVjlYbP1SOSyZd07C8iWd66eplnU.png
Subtropical Plant,subtropical-plant-02.png,7k8rrp,7k8rrp.png,https://www.scanslibrary.com/storage/images/z6ZWiUOPUULHBKEKmxLU10tPsLhNz0IwoLc8KjtM.png
Subtropical Plant,subtropical-plant-03.png,7ktjg9,7ktjg9.png,https://www.scanslibrary.com/storage/images/mzAKQZ72Dde8CnEcj92ouDbZpmn01uXjOOeynl2h.png
Subtropical Plant,subtropical-plant-04.png,8vh8n2,8vh8n2.png,https://www.scanslibrary.com/storage/images/CAj9RGYIaX42MM9LKApHjeJHqNsQkryhRtdJXP2p.png
Subtropical Plant,subtropical-plant-05.png,br8acg,br8acg.png,https://www.scanslibrary.com/storage/images/zZoYNYHp9IgamavgBcwy0SqDGZIY66a51pKN0mGi.png
Subtropical Plant,subtropical-plant-06.png,dbqxe4,dbqxe4.png,https://www.scanslibrary.com/storage/images/iel7wJigRztgYqKQauWPeTzkzrX6vGfSWKwaCORU.png
Subtropical Plant,subtropical-plant-07.png,fcxwyq,fcxwyq.png,https://www.scanslibrary.com/storage/images/OxOxys5FzNmJ38gkA82m61zhZIdfWfyD4wTkkOEq.png
Subtropical Plant,subtropical-plant-08.png,fddbbx,fddbbx.png,https://www.scanslibrary.com/storage/images/rosTWjA9orQMY2m2dpfCmfbz4eNYJIZbTSkd17iv.png
Subtropical Plant,subtropical-plant-09.png,jcvnmt,jcvnmt.png,https://www.scanslibrary.com/storage/images/5cR26tlHMH9afPkqexeQbhkMxLxMLH004VWVssoW.png
Subtropical Plant,subtropical-plant-10.png,kxdedz,kxdedz.png,https://www.scanslibrary.com/storage/images/gDpmgUhvaUap6ZzXVrFCUrqCI3tWW9X6wxMwEsUE.png
Subtropical Plant,subtropical-plant-11.png,l493md,l493md.png,https://www.scanslibrary.com/storage/images/7cLnHtWbQf2wDVgYfGnpKeWZ1MCO77B0n8jWDmtA.png
Subtropical Plant,subtropical-plant-12.png,lwheja,lwheja.png,https://www.scanslibrary.com/storage/images/Nvk7oBkJg09r25y6pAJx9RlueD4wbjmyJOHmXn4N.png
Subtropical Plant,subtropical-plant-13.png,m9pn79,m9pn79.png,https://www.scanslibrary.com/storage/images/m4S7mAH13wOjhgCNPzdSCW1C9o3I8xzvq7Iyb5LN.png
Subtropical Plant,subtropical-plant-14.png,nqnefu,nqnefu.png,https://www.scanslibrary.com/storage/images/qEcGZM0a6IqgmHB3WuTiFXhAXQooRWm3TtBOn8xu.png
Subtropical Plant,subtropical-plant-15.png,subtropical-plant-2q66eq,subtropical-plant-2q66eq.png,https://www.scanslibrary.com/storage/images/Iugc7lc11hzQh6Spt9jAUkyiPSAkLHzNFtwbGKjJ.png
Subtropical Plant,subtropical-plant-16.png,subtropical-plant-76jjrs,subtropical-plant-76jjrs.png,https://www.scanslibrary.com/storage/images/pasJfzuyURtFqZgGrTYCoW5jd6o2tgdt2mF3Yw55.png
Subtropical Plant,subtropical-plant-17.png,subtropical-plant-bvwcbu,subtropical-plant-bvwcbu.png,https://www.scanslibrary.com/storage/images/NlEZ7IWPDJCn8SxJ5tJ1YUGXxI5qB0WB0DhJQwFU.png
Subtropical Plant,subtropical-plant-18.png,subtropical-plant-bypqrv,subtropical-plant-bypqrv.png,https://www.scanslibrary.com/storage/images/Oz6WKAM2L1e5vDEKXZZLXLDRGK5yI7ALvOVogAI4.png
Subtropical Plant,subtropical-plant-19.png,subtropical-plant-gkmfnx,subtropical-plant-gkmfnx.png,https://www.scanslibrary.com/storage/images/BpzLwLuve1a5V4hVwqznygIE6FVRHZSobyICOk38.png
Subtropical Plant,subtropical-plant-20.png,subtropical-plant-nemnv2,subtropical-plant-nemnv2.png,https://www.scanslibrary.com/storage/images/kMfE5EEEzomrvbmEgItPZEA5pxVBcOUt9SK6s33S.png
Subtropical Plant,subtropical-plant-21.png,subtropical-plant-shfdje,subtropical-plant-shfdje.png,https://www.scanslibrary.com/storage/images/XRTBYjtHhkllIl6CyIusKbWzA8F2loBfLWmaVVA0.png
Subtropical Plant,subtropical-plant-22.png,subtropical-plant-smffes,subtropical-plant-smffes.png,https://www.scanslibrary.com/storage/images/DpjHtkQXYGe00a9GbfKjSaIF18cPxXSrA3lMqX4K.png
Subtropical Plant,subtropical-plant-23.png,subtropical-plant-yfnrf3,subtropical-plant-yfnrf3.png,https://www.scanslibrary.com/storage/images/Ib16Fy2EmyBdtm9IjwLpR6ALOZiyS3KHZoboU9tS.png
Subtropical Plant,subtropical-plant-24.png,wwemrx,wwemrx.png,https://www.scanslibrary.com/storage/images/8I1LFDpo1DxJrv8IRLW06PwEAf3RDTY2vzHjdzDj.png
Subtropical Plant,subtropical-plant-25.png,zryam5,zryam5.png,https://www.scanslibrary.com/storage/images/yLcxpEMuoB3TVRT6A2Xpz1rxsc1a0Rkqn8sXwZMY.png
Syringa vulgaris,syringa-vulgaris-03.png,ebvegz,ebvegz.png,https://www.scanslibrary.com/storage/images/EUh0EUUQAXDqt8mefcNubFwhjvQCrx4vjBA3cLvh.png
Syringa vulgaris,syringa-vulgaris-04.png,gz6q3e,gz6q3e.png,https://www.scanslibrary.com/storage/images/kUhx2vEgACTJvlBbOc8tJsppZ85R4kdXKmwjYXVp.png
Syringa vulgaris,syringa-vulgaris-05.png,hw8a5v,hw8a5v.png,https://www.scanslibrary.com/storage/images/eJfLfc1vZQwlVZQB2N3k62fJaSa9NZd1ESX6PY0P.png
Syringa vulgaris,syringa-vulgaris-06.png,jahaxp,jahaxp.png,https://www.scanslibrary.com/storage/images/eVXvu9SAHEK6uTQl77tkg9Ycrz1PlvTHhDlzpJcq.png
Syringa vulgaris,syringa-vulgaris-07.png,n7gbz8,n7gbz8.png,https://www.scanslibrary.com/storage/images/rn77ByOgahL1o5vGCGonfXTf6lCRWsyKcidV9PkZ.png
Tagetes erecta,tagetes-erecta-01.png,pgmewb,pgmewb.png,https://www.scanslibrary.com/storage/images/h4EUMDg4DklOkHgXsqsbZxzWIKCTOWHHU0l1HAUh.png
Tanacetum vulgare,tanacetum-vulgare-01.png,7mc34r,7mc34r.png,https://www.scanslibrary.com/storage/images/wnSkoS2O4p6Uh5NWEVNq4Wrkxka21BJLuca5Rkea.png
Taraxacum officinale,taraxacum-officinale-01.png,7pcwzm,7pcwzm.png,https://www.scanslibrary.com/storage/images/mwzqgRH4Wdo16LpoanUNZK3qdfLD5Ghxqfmb00MI.png
Taraxacum officinale,taraxacum-officinale-02.png,85y2y5,85y2y5.png,https://www.scanslibrary.com/storage/images/RNuI3bAE1Zpgzh0H6AKrsZlUktz6FI1fMrWfV4LM.png
Taraxacum officinale,taraxacum-officinale-03.png,brqvjh,brqvjh.png,https://www.scanslibrary.com/storage/images/EtvdqVXedVzl9oIUilgvFjmXoV2LadzKtMX9H1wn.png
Taraxacum officinale,taraxacum-officinale-04.png,e8bccl,e8bccl.png,https://www.scanslibrary.com/storage/images/OS1chuTu1zA0Xaq44ittbekQbJjCxnSC9z50MnZa.png
Taraxacum officinale,taraxacum-officinale-05.png,fk2gh6,fk2gh6.png,https://www.scanslibrary.com/storage/images/aZyjPf5Sys7AvXQBnMwSmdJOfvqjX5iqYMJMsES9.png
Taraxacum officinale,taraxacum-officinale-06.png,gbuetk,gbuetk.png,https://www.scanslibrary.com/storage/images/xKoSwFDbWxTPHjb0Et5WopMVl4SlG40p8Uyo3U4b.png
Taraxacum officinale,taraxacum-officinale-07.png,nswchg,nswchg.png,https://www.scanslibrary.com/storage/images/KcpBbh1fRz5rL6RiBtxIoY02vIKF314fiwl5hKxj.png
Taraxacum officinale,taraxacum-officinale-08.png,rcgtbr,rcgtbr.png,https://www.scanslibrary.com/storage/images/xnFybnY6lbGravlNIvGjGvGaX2pQ1LLbT55GFgaa.png
Taraxacum officinale,taraxacum-officinale-09.png,v4x2vk,v4x2vk.png,https://www.scanslibrary.com/storage/images/vw3jK5v88klEo7C89P1t3VygrAg0NTOEqu1feOSI.png
Taraxacum officinale,taraxacum-officinale-10.png,v9ep43,v9ep43.png,https://www.scanslibrary.com/storage/images/4MNGlWIMJAuMaHL4L2Q1Rs7t4MSQDQZLAsecZSAC.png
Taraxacum officinale,taraxacum-officinale-11.png,vck9yf,vck9yf.png,https://www.scanslibrary.com/storage/images/tZvIVOoJ7SrIGRDlZXrBwjcfgk5lMaeJqZsbWZoL.png
Taraxacum officinale,taraxacum-officinale-12.png,wdvt87,wdvt87.png,https://www.scanslibrary.com/storage/images/owbmDhhxU4VAsf2mr4RsODcorwVJ9IxEuSWYF543.png
Taraxacum officinale,taraxacum-officinale-13.png,x9cfjj,x9cfjj.png,https://www.scanslibrary.com/storage/images/RvauaIbLmRcMpCOjC9EoGXcgFh7Tv3vv3wxgmJRj.png
Taxus,taxus-01.png,taxus-5tuacma,taxus-5tuacma.png,https://www.scanslibrary.com/storage/images/LjzBxcU5AztOXgHFnqaqk3Y3laTcF0goNJrHNK7r.png
Taxus,taxus-02.png,taxus-6b5n4cr,taxus-6b5n4cr.png,https://www.scanslibrary.com/storage/images/NxVfGuxxMyfKH1qiQztwWZrN8jJntDYB7JmLQAEZ.png
Taxus,taxus-03.png,taxus-8feyqq2,taxus-8feyqq2.png,https://www.scanslibrary.com/storage/images/KqHTeXouTJ3YgJVgBaf2Gxsn7MFDKnwzLWEboqet.png
Taxus,taxus-04.png,taxus-8xmshtq,taxus-8xmshtq.png,https://www.scanslibrary.com/storage/images/16cfZ2TJPoagQdI9awIGc8zy0PuzSjnUXLRIBfpP.png
Taxus,taxus-05.png,taxus-bc73rnn,taxus-bc73rnn.png,https://www.scanslibrary.com/storage/images/K771X55iCoV2Co3pBoqeYzI0MXtUCH8PJPu3xWdO.png
Taxus,taxus-06.png,taxus-bzznyjx,taxus-bzznyjx.png,https://www.scanslibrary.com/storage/images/4tMKCtFpEN5RlE8SOZUCNxW5mFbhPy6ssxk2SVlO.png
Taxus,taxus-07.png,taxus-cpcmn3j,taxus-cpcmn3j.png,https://www.scanslibrary.com/storage/images/m1vBoISGdJQ1KXuo9xP33y78zUhKs9e1sxJ9oizo.png
Taxus,taxus-08.png,taxus-kcn5pw,taxus-kcn5pw.png,https://www.scanslibrary.com/storage/images/19oxltMjsOvx9F0DoVxMxUIZiiS1sf5W2n11acSD.png
Taxus,taxus-09.png,taxus-n4dymv,taxus-n4dymv.png,https://www.scanslibrary.com/storage/images/6bguotztUdq66Tfzo8Py5F94CVpirXrZTSxZltg6.png
Taxus,taxus-10.png,taxus-n9x3dzm,taxus-n9x3dzm.png,https://www.scanslibrary.com/storage/images/3jHyxcPv8pv0jwygH7lOCpt2GHvpSTjJ4Ba3QrN2.png
Taxus,taxus-11.png,taxus-qnywqf,taxus-qnywqf.png,https://www.scanslibrary.com/storage/images/LlpUUTLk3uAwaTCYlhpKNM32SMJ2kuNuo5tkb6Fr.png
Taxus,taxus-12.png,taxus-rgkz8ry,taxus-rgkz8ry.png,https://www.scanslibrary.com/storage/images/HJ3HzJJszT921SEmXYUH9CKtVsdZkQ00grIo8TK1.png
Taxus,taxus-13.png,taxus-sebq6r2,taxus-sebq6r2.png,https://www.scanslibrary.com/storage/images/op1WZRAWb49xPzAdTgvWwJyqv3SkPHoirR1EsBxI.png
Taxus,taxus-14.png,taxus-su6jmcq,taxus-su6jmcq.png,https://www.scanslibrary.com/storage/images/48C44wvO7QVPLYOSmQzpznol2dKEN24fs6pXZh6o.png
Taxus,taxus-15.png,taxus-tudkvy,taxus-tudkvy.png,https://www.scanslibrary.com/storage/images/E3o981N0SiykGwDHCCVo2kgFVjsPSrEsvPMaGpZe.png
Taxus,taxus-16.png,taxus-watccf,taxus-watccf.png,https://www.scanslibrary.com/storage/images/ZToAtSSAQb9mGP5mWJnpYxrhkzGrzFjTJSn1Yi1D.png
Taxus,taxus-17.png,taxus-wwcrpg,taxus-wwcrpg.png,https://www.scanslibrary.com/storage/images/9VfdbowLDEJCpiNFsqqVsaVqe6Yu8ejBLBisSP0Q.png
Taxus,taxus-18.png,taxus-xnqece,taxus-xnqece.png,https://www.scanslibrary.com/storage/images/XKfAjbZgQNNtS8gNdQRedN2x6A5u9B2QEZC1Ug0Z.png
Taxus,taxus-19.png,taxus-zd7nx49,taxus-zd7nx49.png,https://www.scanslibrary.com/storage/images/rOr60sRsUHM7US5tMYb0fcR4bPB5Wr2jUtpIn2ab.png
Telekia speciosa,telekia-speciosa-01.png,telekia-speciosa-e6l7jak,telekia-speciosa-e6l7jak.png,https://www.scanslibrary.com/storage/images/tVGIqXktyOzozDx6aTakaQY8pV3VVFMPwDG67Ixz.png
Thlaspi arvense,thlaspi-arvense-01.png,ukgwtw,ukgwtw.png,https://www.scanslibrary.com/storage/images/Ak4819VDLt2myAeDNjsb1rxJd3ahGRV5aLnQnSQL.png
Trachycarpus fortunei,trachycarpus-fortunei-01.png,568vsn,568vsn.png,https://www.scanslibrary.com/storage/images/pDzKX9dzk4P0KY6jxj5dMuLu34EFT2FYIcSfBwaJ.png
Trachycarpus fortunei,trachycarpus-fortunei-02.png,5j8scr,5j8scr.png,https://www.scanslibrary.com/storage/images/Vd5w9rPWa7drmoVvXEiUYVGEBZKFcJgkSSRu359X.png
Trachycarpus fortunei,trachycarpus-fortunei-03.png,9bm9cv,9bm9cv.png,https://www.scanslibrary.com/storage/images/i15NnFAzOjaaiD3Tk9H06Pa4xtWDKUEz9mw5UZ6r.png
Trachycarpus fortunei,trachycarpus-fortunei-04.png,cjtsgz,cjtsgz.png,https://www.scanslibrary.com/storage/images/BqfLFomU3Ywt8WmunF3w60opgHzY6JHn1iu5cLDl.png
Trachycarpus fortunei,trachycarpus-fortunei-05.png,fae8hd,fae8hd.png,https://www.scanslibrary.com/storage/images/27zedni2XAlS7CL4zJZ00VkwkvsAUxzRyFpCHNNf.png
Trachycarpus fortunei,trachycarpus-fortunei-06.png,ffjmqy,ffjmqy.png,https://www.scanslibrary.com/storage/images/tpV80nPX7y1EsZqVwGLFHxp2YdwwFlSU2QYFstqA.png
Trachycarpus fortunei,trachycarpus-fortunei-07.png,kgcnqb,kgcnqb.png,https://www.scanslibrary.com/storage/images/2k0wvHhLp74AFOMcDhYZULy8vs5x3QXmGkj2LkyK.png
Trachycarpus fortunei,trachycarpus-fortunei-08.png,ppgfjn,ppgfjn.png,https://www.scanslibrary.com/storage/images/YlJu586U6xyvoyRhf6FS65SXadFhjDYJ3eOnXkrr.png
Trachycarpus fortunei,trachycarpus-fortunei-09.png,q8792y,q8792y.png,https://www.scanslibrary.com/storage/images/3jIihMWSOlX55b8S7kXIdGla9GPbTIp7UqD1ymri.png
Trachycarpus fortunei,trachycarpus-fortunei-10.png,scknjb,scknjb.png,https://www.scanslibrary.com/storage/images/plUrhb0vgIEKnRIZNwtIUC9aNZFC7zMUhxn7Lyt5.png
Trachycarpus fortunei,trachycarpus-fortunei-11.png,sqf3du,sqf3du.png,https://www.scanslibrary.com/storage/images/LgRORByghtHBMg1g9a7HZboRL6OXpAifFG1GRWd4.png
Trachycarpus fortunei,trachycarpus-fortunei-12.png,trachycarpus-fortunei-7d9szj,trachycarpus-fortunei-7d9szj.png,https://www.scanslibrary.com/storage/images/5VfJr9viSlEcwr8TY5mHDoOKzY5Q3tHyCTG1P1sZ.png
Trachycarpus fortunei,trachycarpus-fortunei-13.png,trachycarpus-fortunei-d5zbtw,trachycarpus-fortunei-d5zbtw.png,https://www.scanslibrary.com/storage/images/RP1TsLNcBUjpLK4newk7TwDa2J3PZ9iCBhQpRScQ.png
Trachycarpus fortunei,trachycarpus-fortunei-14.png,trachycarpus-fortunei-dm5ufq,trachycarpus-fortunei-dm5ufq.png,https://www.scanslibrary.com/storage/images/SVxpHyOc39DOmOc2H95IjAGWQCFuhGJ5juLtrkBg.png
Trachycarpus fortunei,trachycarpus-fortunei-15.png,trachycarpus-fortunei-hhwjgt,trachycarpus-fortunei-hhwjgt.png,https://www.scanslibrary.com/storage/images/LXQxH7w9uQSF0yUWL5JcA1nyYVNkKsqZsWiCCE9u.png
Trachycarpus fortunei,trachycarpus-fortunei-16.png,trachycarpus-fortunei-pjksav,trachycarpus-fortunei-pjksav.png,https://www.scanslibrary.com/storage/images/gVX0PfrrGFhMcP9ione42JDuj6xWWGS5mNk0I1SH.png
Trachycarpus fortunei,trachycarpus-fortunei-17.png,v9xnqk,v9xnqk.png,https://www.scanslibrary.com/storage/images/QsnrlbB6XZDQTGK8crNW9OMMMrA1vqlUnCgp7X6V.png
Trautvetteria,trautvetteria-01.png,trautvetteria-64dehr,trautvetteria-64dehr.png,https://www.scanslibrary.com/storage/images/OSfYYiQ6dk1YC305k5OQiSTXrwqMUTtikb6cirjy.png
Trifolium pratense,trifolium-pratense-01.png,3qllxk,3qllxk.png,https://www.scanslibrary.com/storage/images/yMMVBslHEzgGUdYff04WkDAS4RS4tnBTKc5ASuxa.png
Trifolium pratense,trifolium-pratense-02.png,fyhqjx,fyhqjx.png,https://www.scanslibrary.com/storage/images/jKydTZC7JrtMO8kemEqAFtendlfCVAY1ruAQTDYF.png
Trifolium pratense,trifolium-pratense-03.png,hdat9a,hdat9a.png,https://www.scanslibrary.com/storage/images/HQBN0Lhfr2ujI1pI6wLla5jXkWRtpI0GtMY9fmJT.png
Trifolium pratense,trifolium-pratense-04.png,kuxecv,kuxecv.png,https://www.scanslibrary.com/storage/images/SQO6tNaNP1UXMtN2J8MATak797VnmpTVDujuuHdr.png
Trifolium pratense,trifolium-pratense-05.png,nyv3e2,nyv3e2.png,https://www.scanslibrary.com/storage/images/Je1SxzzXtPaqpRl2rYqvmciIQR1cOcweXWkhLxtw.png
Trifolium pratense,trifolium-pratense-06.png,qkfnuj,qkfnuj.png,https://www.scanslibrary.com/storage/images/A3COaxx1G0ZdguQhVbHfg1P1n5dKhUb0gfWcIucG.png
Trifolium pratense,trifolium-pratense-07.png,sdqagz,sdqagz.png,https://www.scanslibrary.com/storage/images/za9iVLwiBDjmfcviNjBjnjL3NKkTAbRGGJ0rUDD3.png
Trifolium pratense,trifolium-pratense-08.png,tvmrh5,tvmrh5.png,https://www.scanslibrary.com/storage/images/s6dewdj08EzeBUiMqBN7x2KFPzJNXT01CuV3uuBn.png
Triticum,triticum-01.png,3tnjhu,3tnjhu.png,https://www.scanslibrary.com/storage/images/J0FsWfn0CNfStqwa2ZyvlAyjWXbQ2Wa5IHhLTMUW.png
Triticum,triticum-02.png,gelygh,gelygh.png,https://www.scanslibrary.com/storage/images/pQqoYDwyokcnUKBtJTIgBqUPwktYjgxnai6Du6xP.png
Triticum,triticum-03.png,rppjew,rppjew.png,https://www.scanslibrary.com/storage/images/lxeNU3Elpmy6q6mxnFQZv1l4CDxRuQfIIuqhTTfw.png
Triticum,triticum-04.png,tp4bfn,tp4bfn.png,https://www.scanslibrary.com/storage/images/sfCkAFkIiVl9KG1YwxVKdLu8fbNAl0Yv9oj3oVut.png
Triticum,triticum-05.png,triticum-6quw8mh,triticum-6quw8mh.png,https://www.scanslibrary.com/storage/images/puugWOkeXyAPIP0RA1sBlaFuMGTfDvWwXP7nHGRf.png
Triticum,triticum-06.png,triticum-dq9thpv,triticum-dq9thpv.png,https://www.scanslibrary.com/storage/images/y1BC4VjbWAPPc3bnVNGPRvHrdJ4Wsj3Bsx92Eyji.png
Triticum,triticum-07.png,triticum-ehznupr,triticum-ehznupr.png,https://www.scanslibrary.com/storage/images/WWgIA1XUiagMUtGv1GappEYt1JLNOcawuLMqNj7u.png
Triticum,triticum-08.png,triticum-fuesupx,triticum-fuesupx.png,https://www.scanslibrary.com/storage/images/ZYTWjNoHNWesLZoxbqTIJJzaESycG9XCnpUWzNAN.png
Triticum,triticum-09.png,triticum-pbdhbha,triticum-pbdhbha.png,https://www.scanslibrary.com/storage/images/eWcLu7yprIcxGkevZodTuOY8SUWuFS65QGmRfzs4.png
Triticum,triticum-10.png,triticum-vjdbrre,triticum-vjdbrre.png,https://www.scanslibrary.com/storage/images/a4ehnZaHANNn48qQmHdOR4MiljKCpTYuh1M6CsQd.png
Triticum,triticum-11.png,triticum-yzxtgdh,triticum-yzxtgdh.png,https://www.scanslibrary.com/storage/images/UeuZSHK96LlVoKSShX0NLDKFDqTVWx4fukhtiYqA.png
Triticum,triticum-12.png,vajj9d,vajj9d.png,https://www.scanslibrary.com/storage/images/LDUs5WTa63DXRTqw2p1GGyIgmThgjx1sgf77aJz0.png
Triticum,triticum-13.png,vwbbkc,vwbbkc.png,https://www.scanslibrary.com/storage/images/LkbvkYN0sIgIauwDZr6tYNk0RUrTV3Y4CCS85NEH.png
Triticum,triticum-14.png,wbhxpc,wbhxpc.png,https://www.scanslibrary.com/storage/images/MhiT0cMnKixYv1SRJotCWmVVqWN2eSltSn22J7rl.png
Triticum 0 Cr,triticum-0-cr-01.png,kpgv7j,kpgv7j.png,https://www.scanslibrary.com/storage/images/WULqLdK8JY0cIeRvx9OwhQUEWmgFqLrNufVPX1fw.png
Typha,typha-01.png,fncafe,fncafe.png,https://www.scanslibrary.com/storage/images/K0VLAGEECvVPw48cCujhRDMQnYxo4sJ3PxqME0i0.png
Typha,typha-02.png,q6bjxa,q6bjxa.png,https://www.scanslibrary.com/storage/images/cxTGFyq2dFrAt2MeZYdMUN6R3ZXreaStHG5RjoSb.png
Typha,typha-03.png,rwumhp,rwumhp.png,https://www.scanslibrary.com/storage/images/vnVufFG15WB7V1DhbXd2Jm1R8SBFL6r3CKZGGxkD.png
Typha,typha-04.png,typha-k3bx3f,typha-k3bx3f.png,https://www.scanslibrary.com/storage/images/TcqVr8BtZBrMTfqzJsZqi4QIkAywMn0AN7MSEqLv.png
Typha,typha-05.png,typha-kybtqt,typha-kybtqt.png,https://www.scanslibrary.com/storage/images/v8I1iX8laTOGUB9jaafY01DBM9pK7GYpoyZRYWvt.png
Typha,typha-06.png,typha-p4cbtu,typha-p4cbtu.png,https://www.scanslibrary.com/storage/images/UaQP8gH1gUnmdBlWIaWVsufje04EP91OtZX57RRr.png
Typha,typha-07.png,typha-xpccrh,typha-xpccrh.png,https://www.scanslibrary.com/storage/images/svJqvFshUcjGodtSqJB7bGuPFa66h6vzxwZtsSlx.png
Typha,typha-08.png,umepgv,umepgv.png,https://www.scanslibrary.com/storage/images/GCV60yBbKqsTI0fAYpFpenK9Fc7pAZJAmhgwTmZ1.png
Typha,typha-09.png,y9r4ku,y9r4ku.png,https://www.scanslibrary.com/storage/images/nc0PLow7qc7XoZF9pBXPp27q8ZeTz4wSjeGrTEfj.png
Verbascum,verbascum-01.png,asthgu,asthgu.png,https://www.scanslibrary.com/storage/images/6J2rkaCoeun8YtXOdt9nkmL5JO9pIMeuXB6Io0Qb.png
Verbascum,verbascum-02.png,bpmfbc,bpmfbc.png,https://www.scanslibrary.com/storage/images/pPeqljEs16FGFy76b6w3pJcBPRVKKx9BEMCmb4jj.png
Verbascum,verbascum-03.png,eplbxm,eplbxm.png,https://www.scanslibrary.com/storage/images/j5JatnHc1QOTXr5FTrks8JgbBWfVSlCATxXFnt6N.png
Verbascum phlomoides,verbascum-phlomoides-01.png,verbascum-phlomoides-nvs3mrz,verbascum-phlomoides-nvs3mrz.png,https://www.scanslibrary.com/storage/images/dx11IwdlvAsARyl6ZQzaUVc0DWcEKXvCrrZxucON.png
Verbascum phlomoides,verbascum-phlomoides-02.png,verbascum-phlomoides-vm2vzcu,verbascum-phlomoides-vm2vzcu.png,https://www.scanslibrary.com/storage/images/oLrAfdmXWaepgqP0Mk2J8thzefHUT2HzXPw9qxsi.png
Veronica longifolia,veronica-longifolia-04.png,veronica-longifolia-5tjad6c,veronica-longifolia-5tjad6c.png,https://www.scanslibrary.com/storage/images/0SCEyLKmvTIZJTlFsbcOrMneCU4HczGIEwaidAcI.png
Viburnum,viburnum-01.png,ysqn9p,ysqn9p.png,https://www.scanslibrary.com/storage/images/SrIkoE3qc94M8PQt9ELaeDH2BdSA73V7peQjB3vG.png
Viburnum tinus,viburnum-tinus-01.png,amxubu,amxubu.png,https://www.scanslibrary.com/storage/images/Q2HyQUJlnDALzgUlxeLbBoekidFTlchfpaOKNiYS.png
Viburnum tinus,viburnum-tinus-02.png,lnepbv,lnepbv.png,https://www.scanslibrary.com/storage/images/xB71VBYm2kb91ZRT60EfHOshd7zuv5HhRjNM2RuM.png
Viburnum tinus,viburnum-tinus-03.png,ufxvwv,ufxvwv.png,https://www.scanslibrary.com/storage/images/7QMg6FFpK1aSfQOJbJi79sMGDMu3Dv23QLEr2vC4.png
Vicia faba,vicia-faba-01.png,vicia-faba-gpngxe,vicia-faba-gpngxe.png,https://www.scanslibrary.com/storage/images/EuuuKn0dqAN9NqJbIewUW3PreO1WevlgklL89Fd7.png
Vicia faba,vicia-faba-02.png,vicia-faba-n5k6uf,vicia-faba-n5k6uf.png,https://www.scanslibrary.com/storage/images/FUleB5RxLFUTPXFf935dfJ9pen5wcrnwJL5ixixZ.png
Vicia faba,vicia-faba-03.png,vicia-faba-zrp4cg,vicia-faba-zrp4cg.png,https://www.scanslibrary.com/storage/images/E63p4MMjiJGeMKh3bcASr1mTarLVqhVxgv7Ram1R.png
Vinca major,vinca-major-02.png,4sxyjq,4sxyjq.png,https://www.scanslibrary.com/storage/images/wzSXd7qAuDcB4AhrA586z9klMsQyoiShCIl9pHvw.png
Vinca major,vinca-major-03.png,dlpzhy,dlpzhy.png,https://www.scanslibrary.com/storage/images/YOPKcSYcUa0F4NsljhIldvUKCfXh7xIgl4StNVhc.png
Vinca major,vinca-major-04.png,jezvmb,jezvmb.png,https://www.scanslibrary.com/storage/images/vNunIDacDWDqorXKvzKUVb2OpTvGzqlmrpSkBFlb.png
Vinca major variegata,vinca-major-variegata-01.png,amnefz,amnefz.png,https://www.scanslibrary.com/storage/images/WiU5XsKD42RPOBe24W9uZRKXlLvQnxoXMMQ5LgpQ.png
Vinca major variegata,vinca-major-variegata-02.png,sdb4su,sdb4su.png,https://www.scanslibrary.com/storage/images/Oa1cDr6zxVg0vOBOGdmKzMHpDEz5jjm99osA56R8.png
Viola tricolorv,viola-tricolorv-01.png,7zhjqk,7zhjqk.png,https://www.scanslibrary.com/storage/images/tRWtpZZAE1WD067riudIeVumUKgHswh6PpQ6xiqs.png
Viscum album,viscum-album-01.png,viscum-album-2esjyb,viscum-album-2esjyb.png,https://www.scanslibrary.com/storage/images/IeUWP1s3RJhZ9tBuwonoX25WLZ26M44mJEmnvAGk.png
Viscum album,viscum-album-02.png,viscum-album-9gghff,viscum-album-9gghff.png,https://www.scanslibrary.com/storage/images/O650Tklhd84jI9WukRm8jAKVEj9csa3CVuviUAut.png
Viscum album,viscum-album-03.png,viscum-album-amz2bu,viscum-album-amz2bu.png,https://www.scanslibrary.com/storage/images/sGJ6mpCWVpAVJzav2rIFU3U5OMIACorHwdL7TUZi.png
Viscum album,viscum-album-04.png,viscum-album-gaqqvu,viscum-album-gaqqvu.png,https://www.scanslibrary.com/storage/images/HcninqFfBwaRd0B7KuQrYxzxzg7VUjpdPUamsHXe.png
Viscum album,viscum-album-05.png,viscum-album-j9xlkq,viscum-album-j9xlkq.png,https://www.scanslibrary.com/storage/images/brH4iwEUMLDbmKDeUO7Rh3GrCqpLMQNJfFXUuAXs.png
Viscum album,viscum-album-06.png,viscum-album-kxxzpm,viscum-album-kxxzpm.png,https://www.scanslibrary.com/storage/images/egCmSDdvJq8SYPZlGwsP7FPJ5rtVWrgsbiurHoX3.png
Vitex agnus-castus,vitex-agnus-castus-01.png,vitex-agnus-castus-2vxtvc,vitex-agnus-castus-2vxtvc.png,https://www.scanslibrary.com/storage/images/ywwkmR4aZ2WpicZ55Zgg7sXKbLeOdsJYfD54uuIL.png
Vitex agnus-castus,vitex-agnus-castus-02.png,vitex-agnus-castus-3zhwdv,vitex-agnus-castus-3zhwdv.png,https://www.scanslibrary.com/storage/images/7L1Y8SkyaHWeg7VMU3GxceDJLyHYLKiSQry99VUA.png
Vitex agnus-castus,vitex-agnus-castus-03.png,vitex-agnus-castus-fga32t,vitex-agnus-castus-fga32t.png,https://www.scanslibrary.com/storage/images/FhcixOE2mQgmJxttLMWImJzsoxBH6jpRFb3fVpWw.png
Vitex agnus-castus,vitex-agnus-castus-04.png,vitex-agnus-castus-hjay9a,vitex-agnus-castus-hjay9a.png,https://www.scanslibrary.com/storage/images/4ssFGERi81hZn6NDUhhCt2EoryjN0gJdZp1FzcUm.png
Vitex agnus-castus,vitex-agnus-castus-05.png,vitex-agnus-castus-pwlh5d,vitex-agnus-castus-pwlh5d.png,https://www.scanslibrary.com/storage/images/MqtbOvIzVKVf0CYszzn9w9RjzkPRPH96NlrFFcxS.png
Vitex agnus-castus,vitex-agnus-castus-06.png,vitex-agnus-castus-tkf7sj,vitex-agnus-castus-tkf7sj.png,https://www.scanslibrary.com/storage/images/6VLTq5UQwQL6cA7DcqrILVwlWUEcPlOgoMvDRCN2.png
Vitex agnus-castus,vitex-agnus-castus-07.png,vitex-agnus-castus-tvname,vitex-agnus-castus-tvname.png,https://www.scanslibrary.com/storage/images/m5N6hcaZwH5lFOGmDn8hLJzfncIskqou1Neaisr0.png
Vitex agnus-castus,vitex-agnus-castus-08.png,vitex-agnus-castus-zv6ks2,vitex-agnus-castus-zv6ks2.png,https://www.scanslibrary.com/storage/images/vkZZujy0np2ys8sEH08etqchQPey4iLzsmrFlHnL.png
Vitex agnus-castus alba,vitex-agnus-castus-alba-01.png,vitex-agnus-castus-alba-mzvafa,vitex-agnus-castus-alba-mzvafa.png,https://www.scanslibrary.com/storage/images/lpm46alLwOKxa4Fk1kFQ5kXFt3Z4dlXa9l6YXqo2.png
Vitex agnus-castus alba,vitex-agnus-castus-alba-02.png,vitex-agnus-castus-alba-qvkzv5,vitex-agnus-castus-alba-qvkzv5.png,https://www.scanslibrary.com/storage/images/p1cJaKycy3A8g05W0L8cozbWEUlVBMZgayV5VjjU.png
Vitex agnus-castus alba,vitex-agnus-castus-alba-03.png,vitex-agnus-castus-alba-vrt4xj,vitex-agnus-castus-alba-vrt4xj.png,https://www.scanslibrary.com/storage/images/ygxcGzZiEcPy3RcbDXL83USIPU4V8zDdKhOH2LTA.png
Vitex agnus-castus alba,vitex-agnus-castus-alba-04.png,vitex-agnus-castus-alba-waamal,vitex-agnus-castus-alba-waamal.png,https://www.scanslibrary.com/storage/images/3wQqgKFoojPctQyRQeUlce2hoCzotV2yzWdK8XA8.png
Vitex agnus-castus alba,vitex-agnus-castus-alba-05.png,vitex-agnus-castus-alba-z92kaf,vitex-agnus-castus-alba-z92kaf.png,https://www.scanslibrary.com/storage/images/zDtwM9GNGclXN7dVIXyw36Y1Mpy0YXBbq6o0nHJk.png
Vitis vinifera,vitis-vinifera-01.png,ddphbh,ddphbh.png,https://www.scanslibrary.com/storage/images/M8lGT5DqWwn1LhxFwtkvhKprAILJz7UhVqLZ6hgG.png
Vitis vinifera,vitis-vinifera-02.png,ebktbq,ebktbq.png,https://www.scanslibrary.com/storage/images/qbHAkvdwpDzjFGMBoQ2DBn4dyCs7oKKRb8yVzMp1.png
Vitis vinifera,vitis-vinifera-03.png,ghl6t4,ghl6t4.png,https://www.scanslibrary.com/storage/images/SP5fLnpjQctlS0pS4Y9Wf605b8KFqUiRnl93Miiy.png
Vitis vinifera,vitis-vinifera-04.png,j9kmuh,j9kmuh.png,https://www.scanslibrary.com/storage/images/xv7MO71T1nT1MNZB06rZrhn7e2reVghdhZ4t9Kko.png
Vitis vinifera,vitis-vinifera-05.png,krwamf,krwamf.png,https://www.scanslibrary.com/storage/images/ao9c4lxGpHK9xeRMADxnM1FHk2uqN4lua3jYmZyv.png
Vitis vinifera,vitis-vinifera-06.png,kuut3g,kuut3g.png,https://www.scanslibrary.com/storage/images/7zpadRk1BGxcI8NG1ND2M29xhikWADfYBirjHYcQ.png
Vitis vinifera,vitis-vinifera-07.png,qdu8m8,qdu8m8.png,https://www.scanslibrary.com/storage/images/EORhPcoDcwXqZeix5mLusJ3GrleThbyK1HBMJegs.png
Vitis vinifera,vitis-vinifera-08.png,quebbz,quebbz.png,https://www.scanslibrary.com/storage/images/rkllffCbQhCbV1cqRozfHhitnrA1UIYX7gYKDmeB.png
Vitis vinifera,vitis-vinifera-09.png,qulv6g,qulv6g.png,https://www.scanslibrary.com/storage/images/6cNhpqBb4ZH6PdbxbwJMJ5pVh9kodskEo9zV4Qf4.png
Vitis vinifera,vitis-vinifera-10.png,t2c7km,t2c7km.png,https://www.scanslibrary.com/storage/images/woyFyYIad8FSF4PhBGxO2xjZD119wKm578MQsph4.png
Vitis vinifera,vitis-vinifera-11.png,vitis-vinifera-akzx2l,vitis-vinifera-akzx2l.png,https://www.scanslibrary.com/storage/images/5Z4A0UUa4Qi3auutN8SyFU1n03cNmeEiAmuED6hE.png
Vitis vinifera,vitis-vinifera-12.png,vitis-vinifera-fnmfd9,vitis-vinifera-fnmfd9.png,https://www.scanslibrary.com/storage/images/A1LcNRnyJagoKtZgShlz71nv7LiZ078F2IQtQdZI.png
Vitis vinifera,vitis-vinifera-13.png,vitis-vinifera-kcgadp,vitis-vinifera-kcgadp.png,https://www.scanslibrary.com/storage/images/qJemz7mjHYilbAtgoTcxtdppezuFjVooLNz7GYMs.png
Vitis vinifera,vitis-vinifera-14.png,vitis-vinifera-kmgybc,vitis-vinifera-kmgybc.png,https://www.scanslibrary.com/storage/images/gG1ncUJPtaOySQDH7vyl3IOmmGY0d5JQmvZ3HYaa.png
Vitis vinifera,vitis-vinifera-15.png,wslpsy,wslpsy.png,https://www.scanslibrary.com/storage/images/ouCJr1f8wjIlKZYTqw82Va0BF4imBylxjLuqW6Ns.png
Vitis vinifera,vitis-vinifera-16.png,xtgrgv,xtgrgv.png,https://www.scanslibrary.com/storage/images/cEtCudYptaTDHbxochgBkl8eURTlitNzwgg1TKQy.png
Vitis vinifera,vitis-vinifera-17.png,zma6rn,zma6rn.png,https://www.scanslibrary.com/storage/images/rMXPcyrdRaaTh17pntE3rLUuHSNWP1d3DRYKh1HQ.png
Washingtonia Palm,washingtonia-palm-01.png,4qepsy,4qepsy.png,https://www.scanslibrary.com/storage/images/AdS5jRzjQFD2UkkFyKDFwsPlQV6NXHnXAp6rF2mt.png
Washingtonia Palm,washingtonia-palm-02.png,9542ej,9542ej.png,https://www.scanslibrary.com/storage/images/enZxa33G1uQWoTLN7JaalgBNBhi58CMq9IIWAvNb.png
Washingtonia Palm,washingtonia-palm-03.png,djw7gk,djw7gk.png,https://www.scanslibrary.com/storage/images/UyvYLkv9yAf5zGXme83RUtDo05oB5icvNI1d0K19.png
Washingtonia Palm,washingtonia-palm-04.png,exevvv,exevvv.png,https://www.scanslibrary.com/storage/images/Hy3cSiHAXTnjZp5pXwHOsbKyN5NH2c9EK8u3ouST.png
Washingtonia Palm,washingtonia-palm-05.png,kwrmmv,kwrmmv.png,https://www.scanslibrary.com/storage/images/bAmEUCdFf8fgeYIaNNPseKl4j9TF0Nfvlr7z9Lxa.png
Washingtonia Palm,washingtonia-palm-06.png,npmwd4,npmwd4.png,https://www.scanslibrary.com/storage/images/74uHUs258Xyqri7NpnXwtaEkqm6YQiiPPwoubcH9.png
Washingtonia Palm,washingtonia-palm-07.png,qwhkv5,qwhkv5.png,https://www.scanslibrary.com/storage/images/QR9AxYLIbEEsoyASEwtuWhw8ni4f2MsN3V37z4Re.png
Washingtonia Palm,washingtonia-palm-08.png,tkmecs,tkmecs.png,https://www.scanslibrary.com/storage/images/xHX8E7pixJSqI0Jkk5Jv1UbZajHcCREGqJ95xYwV.png
Washingtonia Palm,washingtonia-palm-09.png,whrufm,whrufm.png,https://www.scanslibrary.com/storage/images/HONxLPQwZnNK5Bf5h5Sz0tCC9M34pIsAqx1nhQ2j.png
Washingtonia Palm,washingtonia-palm-10.png,wk3lfd,wk3lfd.png,https://www.scanslibrary.com/storage/images/OQkx26piCp9AWS2aPjUnoWZJGG4J0dnpKffD36Ai.png
Washingtonia Palm,washingtonia-palm-11.png,z5rn9u,z5rn9u.png,https://www.scanslibrary.com/storage/images/XvAKpbW89rUk0XxjHZDxWCVPEf07HEShmiQPFWBo.png
Washingtonia robusta,washingtonia-robusta-01.png,washingtonia-robusta-tc8lyn,washingtonia-robusta-tc8lyn.png,https://www.scanslibrary.com/storage/images/JqyMEIV8yoQcRbtbmFAGHzfmXh2FJqnjHFHHhxO6.png
Wild Ground Cover,wild-ground-cover-01.png,hqk8s2,hqk8s2.png,https://www.scanslibrary.com/storage/images/GFPdjHzaeINieVttvLMTEqcYy7vHrNr5gdefzJoi.png
Wild Ground Cover,wild-ground-cover-02.png,vewxue,vewxue.png,https://www.scanslibrary.com/storage/images/XnDeQWd3kEdYMyZrLXtD49QXXJgsv8jk0oDCcdcs.png
Wild Plant,wild-plant-01.png,2t92n7,2t92n7.png,https://www.scanslibrary.com/storage/images/bIacguuz5Mkiyx9mTnMF6drAv973jpsDyQn3H6ME.png
Wild Plant,wild-plant-02.png,3mzgkt,3mzgkt.png,https://www.scanslibrary.com/storage/images/VhK4JKTOQhUnbHDWJjSXiPKGVO20sdtJoH1w8yDb.png
Wild Plant,wild-plant-03.png,4avspa,4avspa.png,https://www.scanslibrary.com/storage/images/IVjpCUZOzdq60lvDLUSYw7mh9xHFDEdMVDFEA9tR.png
Wild Plant,wild-plant-04.png,4pkkns,4pkkns.png,https://www.scanslibrary.com/storage/images/xa6JSsmNQTgvBKF11D9ilXq0By8LjkGQaisFrYHm.png
Wild Plant,wild-plant-05.png,5nqusf,5nqusf.png,https://www.scanslibrary.com/storage/images/BjHKzP119zdx60uy1NSk8HEf2S5GddEcWfXkX4lj.png
Wild Plant,wild-plant-06.png,6j5twp,6j5twp.png,https://www.scanslibrary.com/storage/images/mZMlPjgOoAfpgV6ip7y1eEapEWMU4SOd7XxLweXl.png
Wild Plant,wild-plant-07.png,89dnqd,89dnqd.png,https://www.scanslibrary.com/storage/images/026URs5KCYbxIY1DqDxOoD66qYLoynM7gN9w35F0.png
Wild Plant,wild-plant-08.png,9ps9e3,9ps9e3.png,https://www.scanslibrary.com/storage/images/ayVj0rwM26IKFVt1paMwujW6kN946kQaBnimkGMY.png
Wild Plant,wild-plant-09.png,bkb784,bkb784.png,https://www.scanslibrary.com/storage/images/n6XbdFkm1vMz6lo3OCkfxLI3YirU8HlbpgZ8dI6P.png
Wild Plant,wild-plant-10.png,bmrugt,bmrugt.png,https://www.scanslibrary.com/storage/images/mSos4p6WT4kLDcVpssbk1OIAtuyqED8ReW3WBgwy.png
Wild Plant,wild-plant-11.png,cq5df8,cq5df8.png,https://www.scanslibrary.com/storage/images/Gucx4s2XslzzHCxLsibQuMcIvVmVuJ3MhLBoX9qT.png
Wild Plant,wild-plant-12.png,dvahqq,dvahqq.png,https://www.scanslibrary.com/storage/images/DJIm9jfmBjBpkY6oIt5o5lQnDE4N7Hz600EuI30r.png
Wild Plant,wild-plant-13.png,egj9jn,egj9jn.png,https://www.scanslibrary.com/storage/images/LeWyiVu6gZ2tAXKZTiFmxIKVK5OHENpN4UyhTWLU.png
Wild Plant,wild-plant-14.png,ewpphx,ewpphx.png,https://www.scanslibrary.com/storage/images/V9pBVU5uVw9SEXZ8WTvrJWe9G3L5B871sEdNQ6vr.png
Wild Plant,wild-plant-15.png,hec9vb,hec9vb.png,https://www.scanslibrary.com/storage/images/9aVCNls4TnykedllpvnHuaVUFZFviv98iXDMiWjQ.png
Wild Plant,wild-plant-16.png,hthzgp,hthzgp.png,https://www.scanslibrary.com/storage/images/oElEtQpSsGVPuoX9SbtqrRCSlVDNbVYRg1SdsCsh.png
Wild Plant,wild-plant-17.png,jhuz3g,jhuz3g.png,https://www.scanslibrary.com/storage/images/apyFVt4EQz6sTpFUBusNzCqgmWcachfT7upClz3y.png
Wild Plant,wild-plant-18.png,ke8yd6,ke8yd6.png,https://www.scanslibrary.com/storage/images/L5tGJb25uLor7KpjOloqhOfE1CB01vLG28PvWRTb.png
Wild Plant,wild-plant-19.png,kjadbs,kjadbs.png,https://www.scanslibrary.com/storage/images/Ryq1wXVVlky8EUInOopHxj1YbpwZyIQFRWdWEiZN.png
Wild Plant,wild-plant-20.png,kttfjh,kttfjh.png,https://www.scanslibrary.com/storage/images/qlOrM5sWypbfPVTblVeM6iaiVFARR61mVOSKXzvG.png
Wild Plant,wild-plant-21.png,mbykw6,mbykw6.png,https://www.scanslibrary.com/storage/images/FiULSaEhb9BVyNvpPPbW87mlddkWkwE2m8xpg4A8.png
Wild Plant,wild-plant-22.png,mttffa,mttffa.png,https://www.scanslibrary.com/storage/images/4MCQXc2xGnVmyuhB8qECRTKchfGtmtDRmWsB3aMU.png
Wild Plant,wild-plant-23.png,myhu5z,myhu5z.png,https://www.scanslibrary.com/storage/images/1DcHerNOj2L7E3xvx1rMNre464OqqGNtvwL4rhG3.png
Wild Plant,wild-plant-24.png,nxprq3,nxprq3.png,https://www.scanslibrary.com/storage/images/txIGusFmP4mlWg1qPOOw7vVPLdzwfjQLLN1XlQw4.png
Wild Plant,wild-plant-25.png,nykche,nykche.png,https://www.scanslibrary.com/storage/images/Z4kSl1P7yODGY1rHMvwPShaNp53YWlK059wsHQWn.png
Wild Plant,wild-plant-26.png,pnyeby,pnyeby.png,https://www.scanslibrary.com/storage/images/6xPOH9QyIPPYLtSN77Sx3Q5LQx1aseLVqtLKWulI.png
Wild Plant,wild-plant-27.png,qzjbfe,qzjbfe.png,https://www.scanslibrary.com/storage/images/E5SBlxVwknnurTRtapRP9OdT3HEl1J0xAFi3L02c.png
Wild Plant,wild-plant-28.png,r8uayx,r8uayx.png,https://www.scanslibrary.com/storage/images/dUOBFukMTVmeTMfjASXqn07WWmV8IcKWcSjZgG65.png
Wild Plant,wild-plant-29.png,rxhyvl,rxhyvl.png,https://www.scanslibrary.com/storage/images/qLYeLXWWhmvqrWldAzHD8Gn3LK5mHnibSncRRm0b.png
Wild Plant,wild-plant-30.png,tkthlt,tkthlt.png,https://www.scanslibrary.com/storage/images/6qKWfO83NYa38dU9jG2NuxhFbu1Pk6Gx5037wOm4.png
Wild Plant,wild-plant-31.png,uk86hk,uk86hk.png,https://www.scanslibrary.com/storage/images/1gVAoEpHtOKcadgIWqlju5ltzdlFMqdDBVvVL4vN.png
Wild Plant,wild-plant-32.png,vjr9kg,vjr9kg.png,https://www.scanslibrary.com/storage/images/7iLQkThYHmT8yyQkr7zfEG2EUaydpTfFyPK0Bpfr.png
Wild Plant,wild-plant-33.png,wild-plant-gskmkzr,wild-plant-gskmkzr.png,https://www.scanslibrary.com/storage/images/daFCuhttWCWNTF1A4oIMQ4m8EjtpZhtnWqtJruSZ.png
Wild Plant,wild-plant-34.png,x4ztbz,x4ztbz.png,https://www.scanslibrary.com/storage/images/ew9ZnI9n4M0oCmPEUiWjz5tW0j98gNuEWQywny70.png
Wild Plant,wild-plant-35.png,x8ljgd,x8ljgd.png,https://www.scanslibrary.com/storage/images/2Wca2ii3G4yg51LlcqdDDV16zrCvzIqopuqtPr9P.png
Wild Plant,wild-plant-36.png,yazysb,yazysb.png,https://www.scanslibrary.com/storage/images/fwOqoAvIAVPv6lgDmRrgTU90GNN9HpgBEw9kcxGk.png
Wild Plant,wild-plant-37.png,z2etmm,z2etmm.png,https://www.scanslibrary.com/storage/images/67hgpSPGYbjpkjEa6TLDPG5wYOQaaISmkskpRAiM.png
Wild Plant,wild-plant-38.png,zbmpz9,zbmpz9.png,https://www.scanslibrary.com/storage/images/YuQwrAtTY2CQWRAQLvmgwnSt04BZRFHqWErWyG6V.png
Wild Plant,wild-plant-39.png,zkm3sq,zkm3sq.png,https://www.scanslibrary.com/storage/images/TSle86DQk1oLWxiOvZ7F0PLubymoA3sGx6Bm7rjN.png
Wisteria,wisteria-01.png,wisteria-38wpbt,wisteria-38wpbt.png,https://www.scanslibrary.com/storage/images/T2ZcOLpWKARKIS80YWbjiryoxu8fJjv9KpBnaFD2.png
Wisteria,wisteria-02.png,wisteria-6gnvwe,wisteria-6gnvwe.png,https://www.scanslibrary.com/storage/images/oYnVJKEPecuV6pI5BkXRN6k94BnSNClsk6ACoHRV.png
Wisteria,wisteria-03.png,wisteria-8hhwja,wisteria-8hhwja.png,https://www.scanslibrary.com/storage/images/kPYKKDroVqHqB0zrmYEGKwr8nmYUsUw6zWniU6g5.png
Wisteria,wisteria-04.png,wisteria-crmpa9,wisteria-crmpa9.png,https://www.scanslibrary.com/storage/images/NnYoaE3CDyCPGCZQHOEkWr6zGof9tknksGWFfvXQ.png
Wisteria,wisteria-05.png,wisteria-da3pgg,wisteria-da3pgg.png,https://www.scanslibrary.com/storage/images/Zd2HwM9huOopgZbMlbJoEQ6wMlfmqFJKWnG3Ou0B.png
Wisteria,wisteria-06.png,wisteria-f9kazd,wisteria-f9kazd.png,https://www.scanslibrary.com/storage/images/ACdIaR3mvADzNxeUOGjL8YzEYLgOkUGNfswBMhkP.png
Wisteria,wisteria-07.png,wisteria-fqv5mj,wisteria-fqv5mj.png,https://www.scanslibrary.com/storage/images/FOSDruQgsUPm0JZaJVc7tkrYaEKoYmvMvkdqiwfG.png
Wisteria,wisteria-08.png,wisteria-ntmgz8,wisteria-ntmgz8.png,https://www.scanslibrary.com/storage/images/KzTGh0dMkImBdioc6Ro1CXWlmjCZQXWDmaP8NVp1.png
Wisteria,wisteria-09.png,wisteria-rquh8h,wisteria-rquh8h.png,https://www.scanslibrary.com/storage/images/hVjyDYjSKG2OiQsjFulHo3u7iAgUU7mYm5U4cpkB.png
Wisteria,wisteria-10.png,wisteria-wrvzja,wisteria-wrvzja.png,https://www.scanslibrary.com/storage/images/jmk07XdRALhrJw6MLRC7M4lPPs3cfY7po2OTC0Jw.png
Yucca,yucca-01.png,7r89mw,7r89mw.png,https://www.scanslibrary.com/storage/images/PCAYI8MY9TWVNm5MqRf6MlnV5GwrVly6jpvIEAUt.png
Yucca,yucca-02.png,bqtb28,bqtb28.png,https://www.scanslibrary.com/storage/images/k6BwetqyOKrc08Zv3GopvGk4w011sH31G0yPzKdJ.png
Yucca,yucca-03.png,fbmdxx,fbmdxx.png,https://www.scanslibrary.com/storage/images/DwuhCuRpUqJks6BjqapTpv1V3XM8ugpadwSYdLmS.png
Yucca,yucca-04.png,fthp93,fthp93.png,https://www.scanslibrary.com/storage/images/gWelympohHpE5URfz6RaAQY9Df8FaqqKKda6VNjX.png
Yucca,yucca-05.png,jvehmc,jvehmc.png,https://www.scanslibrary.com/storage/images/71pOqKcpn70E4lsx3jSLfkbRPAj1uxvgGu5sfqiu.png
Yucca,yucca-06.png,lpvyl8,lpvyl8.png,https://www.scanslibrary.com/storage/images/1kCJBb4NY6lxbxTn7tUFCgHVOA2OpWQmRI0k3yhV.png
Yucca,yucca-07.png,rwc9vp,rwc9vp.png,https://www.scanslibrary.com/storage/images/9QOxCZlKdYIiNPFCBBKRdVPSDxdPh0LkefwUII5n.png
Yucca,yucca-08.png,szfbm7,szfbm7.png,https://www.scanslibrary.com/storage/images/tQBGAprnivh0ynEtOlbA9XNgG2EMXPoVjVoF9RZf.png
Yucca,yucca-09.png,vqctna,vqctna.png,https://www.scanslibrary.com/storage/images/SPel9yMCpQUrUfSYCkeHfuvLwM7yWpbvT5y3zWDU.png
Yucca,yucca-10.png,yucca-gvk5nba,yucca-gvk5nba.png,https://www.scanslibrary.com/storage/images/7FZqcvsHSpQdwAWmike4GaZusy8tfQ1VvxSkLMlW.png
Yucca,yucca-11.png,yucca-qmdanxr,yucca-qmdanxr.png,https://www.scanslibrary.com/storage/images/s86bfDeLsMVEw6Ffd1omiFLkEh76YfAtQ4uPZ0yq.png
Yucca,yucca-12.png,zv4j7c,zv4j7c.png,https://www.scanslibrary.com/storage/images/wKuAAP1tgpxugn4TXpSzjNPjqvOgH1KdGp0HHwXm.png
Zamioculcas,zamioculcas-01.png,aytt2k,aytt2k.png,https://www.scanslibrary.com/storage/images/HZZZu6tHmwi3H4d6TvNZEqvmjr37ov7beloeYEVB.png
Zamioculcas,zamioculcas-02.png,emcfyw,emcfyw.png,https://www.scanslibrary.com/storage/images/qyMTvjbGfch32yJ41vHv5T8GEefulrK72Kco7LJG.png
Zamioculcas,zamioculcas-03.png,pfqmeg,pfqmeg.png,https://www.scanslibrary.com/storage/images/pJJ6lAVRokTsifcunzOWF1nvW3XFgMz6IorUAMIN.png
Zamioculcas,zamioculcas-04.png,zamioculcas-fhrh39,zamioculcas-fhrh39.png,https://www.scanslibrary.com/storage/images/iFQu0QuQHtHz39A7tTcaBZCOG9h50xToNv9CLxNs.png
Zamioculcas,zamioculcas-05.png,zamioculcas-p4vdje,zamioculcas-p4vdje.png,https://www.scanslibrary.com/storage/images/HGS2VOvHZ50anlu4ndfD2pf1QVcXfkfJC36NJPGl.png
Zamioculcas,zamioculcas-06.png,zamioculcas-zpntw7,zamioculcas-zpntw7.png,https://www.scanslibrary.com/storage/images/D2VYnOktfeslGubj9qYhS3nYDLp8JC3wsQptdB0y.png
Zea mays,zea-mays-01.png,edtbvl,edtbvl.png,https://www.scanslibrary.com/storage/images/HoTi43i3g82JB2XI1XdHZEbOniqZBsYFu7mr489y.png
Zea mays,zea-mays-02.png,ezplks,ezplks.png,https://www.scanslibrary.com/storage/images/RZcx2587k6yrVjPbglKYByIXvYHLNA7PuK8T5B8q.png
Zea mays,zea-mays-03.png,sc6fh4,sc6fh4.png,https://www.scanslibrary.com/storage/images/JMoGlg2R2NOrZa6o6Ni4sK88BFGE5lQqtFS2zjOJ.png
Zea mays,zea-mays-04.png,y9q4cl,y9q4cl.png,https://www.scanslibrary.com/storage/images/Qk6mYlJFlVPrf7DERhZ42qUH1qLm4IhvE4kLID0v.png
Zea mays,zea-mays-05.png,zea-mays-tgdx9b,zea-mays-tgdx9b.png,https://www.scanslibrary.com/storage/images/QrfI5zNGt0XCVojyE5TPvjy6uNjsa8sAPWws0E47.png
Zea mays,zea-mays-06.png,zea-mays-vxfu4h,zea-mays-vxfu4h.png,https://www.scanslibrary.com/storage/images/A79Ta4WxJFGjdltEdK1vNZ5foe0PBBLzJMhUvtAm.png
Zygophyllum,zygophyllum-01.png,bush-7wavxm,bush-7wavxm.png,https://www.scanslibrary.com/storage/images/xXDWG97k15xoHVRdiVsZ5TRzbCJU5qVlm8sNVg9A.png
Zygophyllum,zygophyllum-02.png,bush-apuxnwp,bush-apuxnwp.png,https://www.scanslibrary.com/storage/images/7BNHiyhYvjIkdDVCmQ4aiPDAdeC50JMevQZaFRGI.png
Zygophyllum,zygophyllum-03.png,bush-cawxuce,bush-cawxuce.png,https://www.scanslibrary.com/storage/images/ez6LVQ2aTBlZbZDoZiwV3g3brhDJdQpfJL97Sg2E.png
Zygophyllum,zygophyllum-04.png,bush-g7atrfj,bush-g7atrfj.png,https://www.scanslibrary.com/storage/images/EKYIjedw6PYuBbvTX4M1f2tUyxRiZgcKxDna8tW4.png
Zygophyllum,zygophyllum-05.png,bush-g9tfxa,bush-g9tfxa.png,https://www.scanslibrary.com/storage/images/WeqkEbO2rMRudnUSTEvGedviOIfnPBiVgIBsQcGj.png
Zygophyllum,zygophyllum-06.png,bush-gawqhcy,bush-gawqhcy.png,https://www.scanslibrary.com/storage/images/pg9ixKRXQEt8tkUGeiqgs0EJrwyvRfJAlw3UN9oe.png
Zygophyllum,zygophyllum-07.png,bush-kcgh3g,bush-kcgh3g.png,https://www.scanslibrary.com/storage/images/TrS03DDLAC0vSoT32RgS12IR1wpz16A3SgVRBwyY.png
Zygophyllum,zygophyllum-08.png,bush-qggmx5,bush-qggmx5.png,https://www.scanslibrary.com/storage/images/Jg7IpzYvGU3OdPpWpFGDr6xkc7lY1WcSBDEoSw0y.png
Zygophyllum,zygophyllum-09.png,bush-sdhgq9s,bush-sdhgq9s.png,https://www.scanslibrary.com/storage/images/oMsu168ZrYxW1wKgcuDkytkSw3gGcjBynIBEjZ1t.png
