name,file,sheet,px_w,px_h,source,old_file
Nymphaea,nymphaea-01-01.png,nymphaea-01,145,122,nymphaea-vr8q2x,nymphaea-vr8q2x-01.png
Nymphaea,nymphaea-01-02.png,nymphaea-01,165,138,nymphaea-vr8q2x,nymphaea-vr8q2x-02.png
Nymphaea,nymphaea-01-03.png,nymphaea-01,165,146,nymphaea-vr8q2x,nymphaea-vr8q2x-03.png
Nymphaea,nymphaea-01-04.png,nymphaea-01,154,131,nymphaea-vr8q2x,nymphaea-vr8q2x-04.png
Nymphaea,nymphaea-01-05.png,nymphaea-01,155,138,nymphaea-vr8q2x,nymphaea-vr8q2x-05.png
Nymphaea,nymphaea-01-06.png,nymphaea-01,145,128,nymphaea-vr8q2x,nymphaea-vr8q2x-06.png
Nymphaea,nymphaea-01-07.png,nymphaea-01,17,170,nymphaea-vr8q2x,nymphaea-vr8q2x-07.png
Nymphaea,nymphaea-01-08.png,nymphaea-01,20,163,nymphaea-vr8q2x,nymphaea-vr8q2x-08.png
Nymphaea,nymphaea-01-09.png,nymphaea-01,154,152,nymphaea-vr8q2x,nymphaea-vr8q2x-09.png
Nymphaea,nymphaea-01-10.png,nymphaea-01,144,125,nymphaea-vr8q2x,nymphaea-vr8q2x-10.png
Nymphaea,nymphaea-01-11.png,nymphaea-01,27,153,nymphaea-vr8q2x,nymphaea-vr8q2x-11.png
Calla Lily,calla-lily-04-01.png,calla-lily-04,80,494,calla-lily-kcwhfh,calla-lily-kcwhfh-01.png
Calla Lily,calla-lily-04-02.png,calla-lily-04,100,474,calla-lily-kcwhfh,calla-lily-kcwhfh-02.png
Calla Lily,calla-lily-04-03.png,calla-lily-04,93,440,calla-lily-kcwhfh,calla-lily-kcwhfh-03.png
Calla Lily,calla-lily-04-04.png,calla-lily-04,92,437,calla-lily-kcwhfh,calla-lily-kcwhfh-04.png
Calla,calla-02-01.png,calla-02,103,494,calla-cuturn,calla-cuturn-01.png
Calla,calla-02-02.png,calla-02,98,492,calla-cuturn,calla-cuturn-02.png
Calla,calla-02-03.png,calla-02,84,487,calla-cuturn,calla-cuturn-03.png
Bougainvillea,bougainvillea-01-01.png,bougainvillea-01,66,135,bougainvillea-hmrdgm,bougainvillea-hmrdgm-01.png
Bougainvillea,bougainvillea-01-02.png,bougainvillea-01,33,73,bougainvillea-hmrdgm,bougainvillea-hmrdgm-02.png
Bougainvillea,bougainvillea-01-03.png,bougainvillea-01,64,114,bougainvillea-hmrdgm,bougainvillea-hmrdgm-03.png
Bougainvillea,bougainvillea-01-04.png,bougainvillea-01,66,125,bougainvillea-hmrdgm,bougainvillea-hmrdgm-04.png
Bougainvillea,bougainvillea-01-05.png,bougainvillea-01,62,115,bougainvillea-hmrdgm,bougainvillea-hmrdgm-05.png
Bougainvillea,bougainvillea-01-06.png,bougainvillea-01,92,477,bougainvillea-hmrdgm,bougainvillea-hmrdgm-06.png
Bougainvillea,bougainvillea-01-07.png,bougainvillea-01,31,61,bougainvillea-hmrdgm,bougainvillea-hmrdgm-07.png
Bougainvillea,bougainvillea-01-08.png,bougainvillea-01,62,133,bougainvillea-hmrdgm,bougainvillea-hmrdgm-08.png
Bougainvillea,bougainvillea-01-09.png,bougainvillea-01,67,125,bougainvillea-hmrdgm,bougainvillea-hmrdgm-09.png
Bougainvillea,bougainvillea-01-10.png,bougainvillea-01,61,127,bougainvillea-hmrdgm,bougainvillea-hmrdgm-10.png
Bougainvillea,bougainvillea-01-11.png,bougainvillea-01,64,129,bougainvillea-hmrdgm,bougainvillea-hmrdgm-11.png
Bougainvillea,bougainvillea-01-12.png,bougainvillea-01,25,57,bougainvillea-hmrdgm,bougainvillea-hmrdgm-12.png
Bougainvillea,bougainvillea-01-13.png,bougainvillea-01,38,50,bougainvillea-hmrdgm,bougainvillea-hmrdgm-13.png
Bougainvillea,bougainvillea-01-14.png,bougainvillea-01,63,123,bougainvillea-hmrdgm,bougainvillea-hmrdgm-14.png
Bougainvillea,bougainvillea-01-15.png,bougainvillea-01,69,136,bougainvillea-hmrdgm,bougainvillea-hmrdgm-15.png
Bougainvillea,bougainvillea-01-16.png,bougainvillea-01,63,124,bougainvillea-hmrdgm,bougainvillea-hmrdgm-16.png
Bougainvillea,bougainvillea-01-17.png,bougainvillea-01,58,127,bougainvillea-hmrdgm,bougainvillea-hmrdgm-17.png
Bougainvillea,bougainvillea-01-18.png,bougainvillea-01,44,40,bougainvillea-hmrdgm,bougainvillea-hmrdgm-18.png
Bougainvillea,bougainvillea-01-19.png,bougainvillea-01,38,65,bougainvillea-hmrdgm,bougainvillea-hmrdgm-19.png
Bougainvillea,bougainvillea-01-20.png,bougainvillea-01,19,53,bougainvillea-hmrdgm,bougainvillea-hmrdgm-20.png
Bougainvillea,bougainvillea-01-21.png,bougainvillea-01,30,51,bougainvillea-hmrdgm,bougainvillea-hmrdgm-21.png
Bougainvillea,bougainvillea-01-22.png,bougainvillea-01,38,56,bougainvillea-hmrdgm,bougainvillea-hmrdgm-22.png
Bougainvillea,bougainvillea-01-23.png,bougainvillea-01,20,41,bougainvillea-hmrdgm,bougainvillea-hmrdgm-23.png
Bougainvillea,bougainvillea-01-24.png,bougainvillea-01,22,45,bougainvillea-hmrdgm,bougainvillea-hmrdgm-24.png
Bougainvillea,bougainvillea-01-25.png,bougainvillea-01,38,45,bougainvillea-hmrdgm,bougainvillea-hmrdgm-25.png
Bougainvillea,bougainvillea-02-01.png,bougainvillea-02,238,494,bougainvillea-pttsps,bougainvillea-pttsps-01.png
Bougainvillea,bougainvillea-02-02.png,bougainvillea-02,221,473,bougainvillea-pttsps,bougainvillea-pttsps-02.png
Celosia cristata,celosia-cristata-01-01.png,celosia-cristata-01,46,129,celosia-cristata-5tjhmr,celosia-cristata-5tjhmr-01.png
Celosia cristata,celosia-cristata-01-02.png,celosia-cristata-01,42,116,celosia-cristata-5tjhmr,celosia-cristata-5tjhmr-02.png
Celosia cristata,celosia-cristata-01-03.png,celosia-cristata-01,59,459,celosia-cristata-5tjhmr,celosia-cristata-5tjhmr-03.png
Celosia cristata,celosia-cristata-01-04.png,celosia-cristata-01,61,460,celosia-cristata-5tjhmr,celosia-cristata-5tjhmr-04.png
Celosia cristata,celosia-cristata-01-05.png,celosia-cristata-01,35,113,celosia-cristata-5tjhmr,celosia-cristata-5tjhmr-05.png
Celosia cristata,celosia-cristata-01-06.png,celosia-cristata-01,43,100,celosia-cristata-5tjhmr,celosia-cristata-5tjhmr-06.png
Celosia cristata,celosia-cristata-01-07.png,celosia-cristata-01,45,113,celosia-cristata-5tjhmr,celosia-cristata-5tjhmr-07.png
Celosia cristata,celosia-cristata-01-08.png,celosia-cristata-01,36,112,celosia-cristata-5tjhmr,celosia-cristata-5tjhmr-08.png
Celosia cristata,celosia-cristata-01-09.png,celosia-cristata-01,30,113,celosia-cristata-5tjhmr,celosia-cristata-5tjhmr-09.png
Celosia cristata,celosia-cristata-01-10.png,celosia-cristata-01,25,119,celosia-cristata-5tjhmr,celosia-cristata-5tjhmr-10.png
Celosia cristata,celosia-cristata-01-11.png,celosia-cristata-01,40,103,celosia-cristata-5tjhmr,celosia-cristata-5tjhmr-11.png
Celosia cristata,celosia-cristata-01-12.png,celosia-cristata-01,34,114,celosia-cristata-5tjhmr,celosia-cristata-5tjhmr-12.png
Celosia cristata,celosia-cristata-01-13.png,celosia-cristata-01,35,112,celosia-cristata-5tjhmr,celosia-cristata-5tjhmr-13.png
Celosia cristata,celosia-cristata-01-14.png,celosia-cristata-01,34,96,celosia-cristata-5tjhmr,celosia-cristata-5tjhmr-14.png
Celosia cristata,celosia-cristata-01-15.png,celosia-cristata-01,27,92,celosia-cristata-5tjhmr,celosia-cristata-5tjhmr-15.png
Celosia cristata,celosia-cristata-01-16.png,celosia-cristata-01,95,42,celosia-cristata-5tjhmr,celosia-cristata-5tjhmr-16.png
Celosia cristata,celosia-cristata-01-17.png,celosia-cristata-01,25,54,celosia-cristata-5tjhmr,celosia-cristata-5tjhmr-17.png
Celosia cristata,celosia-cristata-01-18.png,celosia-cristata-01,119,56,celosia-cristata-5tjhmr,celosia-cristata-5tjhmr-18.png
Celosia cristata,celosia-cristata-01-19.png,celosia-cristata-01,16,40,celosia-cristata-5tjhmr,celosia-cristata-5tjhmr-19.png
Celosia cristata,celosia-cristata-01-20.png,celosia-cristata-01,18,40,celosia-cristata-5tjhmr,celosia-cristata-5tjhmr-20.png
Celosia cristata,celosia-cristata-01-21.png,celosia-cristata-01,95,53,celosia-cristata-5tjhmr,celosia-cristata-5tjhmr-21.png
Celosia cristata,celosia-cristata-01-22.png,celosia-cristata-01,129,40,celosia-cristata-5tjhmr,celosia-cristata-5tjhmr-22.png
Celosia cristata,celosia-cristata-01-23.png,celosia-cristata-01,39,17,celosia-cristata-5tjhmr,celosia-cristata-5tjhmr-23.png
Celosia cristata,celosia-cristata-01-24.png,celosia-cristata-01,91,109,celosia-cristata-5tjhmr,celosia-cristata-5tjhmr-24.png
Celosia cristata,celosia-cristata-01-25.png,celosia-cristata-01,69,109,celosia-cristata-5tjhmr,celosia-cristata-5tjhmr-25.png
Celosia cristata,celosia-cristata-01-26.png,celosia-cristata-01,38,93,celosia-cristata-5tjhmr,celosia-cristata-5tjhmr-26.png
Celosia cristata,celosia-cristata-01-27.png,celosia-cristata-01,44,106,celosia-cristata-5tjhmr,celosia-cristata-5tjhmr-27.png
Celosia cristata,celosia-cristata-01-28.png,celosia-cristata-01,47,97,celosia-cristata-5tjhmr,celosia-cristata-5tjhmr-28.png
Celosia cristata,celosia-cristata-03-01.png,celosia-cristata-03,149,494,celosia-cristata-sytnec,celosia-cristata-sytnec-01.png
Celosia cristata,celosia-cristata-03-02.png,celosia-cristata-03,151,474,celosia-cristata-sytnec,celosia-cristata-sytnec-02.png
Celosia cristata,celosia-cristata-03-03.png,celosia-cristata-03,176,475,celosia-cristata-sytnec,celosia-cristata-sytnec-03.png
Celosia cristata,celosia-cristata-04-01.png,celosia-cristata-04,138,470,celosia-cristata-wjlhuq,celosia-cristata-wjlhuq-01.png
Celosia cristata,celosia-cristata-04-02.png,celosia-cristata-04,201,441,celosia-cristata-wjlhuq,celosia-cristata-wjlhuq-02.png
Celosia cristata,celosia-cristata-04-03.png,celosia-cristata-04,149,400,celosia-cristata-wjlhuq,celosia-cristata-wjlhuq-03.png
Celosia cristata,celosia-cristata-02-01.png,celosia-cristata-02,232,464,celosia-cristata-fkzwuw,celosia-cristata-fkzwuw-01.png
Celosia cristata,celosia-cristata-02-02.png,celosia-cristata-02,251,479,celosia-cristata-fkzwuw,celosia-cristata-fkzwuw-02.png
Hibiscus syriacus,hibiscus-syriacus-03-01.png,hibiscus-syriacus-03,44,474,alcea-rosea-vjbb9m,alcea-rosea-vjbb9m-01.png
Hibiscus syriacus,hibiscus-syriacus-03-02.png,hibiscus-syriacus-03,77,124,alcea-rosea-vjbb9m,alcea-rosea-vjbb9m-02.png
Hibiscus syriacus,hibiscus-syriacus-03-03.png,hibiscus-syriacus-03,45,427,alcea-rosea-vjbb9m,alcea-rosea-vjbb9m-03.png
Hibiscus syriacus,hibiscus-syriacus-03-04.png,hibiscus-syriacus-03,79,111,alcea-rosea-vjbb9m,alcea-rosea-vjbb9m-04.png
Hibiscus syriacus,hibiscus-syriacus-03-05.png,hibiscus-syriacus-03,75,93,alcea-rosea-vjbb9m,alcea-rosea-vjbb9m-05.png
Hibiscus syriacus,hibiscus-syriacus-03-06.png,hibiscus-syriacus-03,76,101,alcea-rosea-vjbb9m,alcea-rosea-vjbb9m-06.png
Hibiscus syriacus,hibiscus-syriacus-03-07.png,hibiscus-syriacus-03,72,100,alcea-rosea-vjbb9m,alcea-rosea-vjbb9m-07.png
Hibiscus syriacus,hibiscus-syriacus-03-08.png,hibiscus-syriacus-03,62,100,alcea-rosea-vjbb9m,alcea-rosea-vjbb9m-08.png
Hibiscus syriacus,hibiscus-syriacus-03-09.png,hibiscus-syriacus-03,58,104,alcea-rosea-vjbb9m,alcea-rosea-vjbb9m-09.png
Hibiscus syriacus,hibiscus-syriacus-03-10.png,hibiscus-syriacus-03,60,101,alcea-rosea-vjbb9m,alcea-rosea-vjbb9m-10.png
Hibiscus syriacus,hibiscus-syriacus-03-11.png,hibiscus-syriacus-03,61,100,alcea-rosea-vjbb9m,alcea-rosea-vjbb9m-11.png
Hibiscus syriacus,hibiscus-syriacus-03-12.png,hibiscus-syriacus-03,64,90,alcea-rosea-vjbb9m,alcea-rosea-vjbb9m-12.png
Hibiscus syriacus,hibiscus-syriacus-03-13.png,hibiscus-syriacus-03,59,100,alcea-rosea-vjbb9m,alcea-rosea-vjbb9m-13.png
Hibiscus syriacus,hibiscus-syriacus-03-14.png,hibiscus-syriacus-03,67,100,alcea-rosea-vjbb9m,alcea-rosea-vjbb9m-14.png
Hibiscus syriacus,hibiscus-syriacus-03-15.png,hibiscus-syriacus-03,57,92,alcea-rosea-vjbb9m,alcea-rosea-vjbb9m-15.png
Hibiscus syriacus,hibiscus-syriacus-03-16.png,hibiscus-syriacus-03,55,91,alcea-rosea-vjbb9m,alcea-rosea-vjbb9m-16.png
Hibiscus syriacus,hibiscus-syriacus-03-17.png,hibiscus-syriacus-03,52,93,alcea-rosea-vjbb9m,alcea-rosea-vjbb9m-17.png
Hibiscus syriacus,hibiscus-syriacus-03-18.png,hibiscus-syriacus-03,60,45,alcea-rosea-vjbb9m,alcea-rosea-vjbb9m-18.png
Hibiscus syriacus,hibiscus-syriacus-03-19.png,hibiscus-syriacus-03,65,38,alcea-rosea-vjbb9m,alcea-rosea-vjbb9m-19.png
Hibiscus syriacus,hibiscus-syriacus-03-20.png,hibiscus-syriacus-03,43,38,alcea-rosea-vjbb9m,alcea-rosea-vjbb9m-20.png
Hibiscus syriacus,hibiscus-syriacus-03-21.png,hibiscus-syriacus-03,47,33,alcea-rosea-vjbb9m,alcea-rosea-vjbb9m-21.png
Hibiscus syriacus,hibiscus-syriacus-03-22.png,hibiscus-syriacus-03,51,34,alcea-rosea-vjbb9m,alcea-rosea-vjbb9m-22.png
Hibiscus syriacus,hibiscus-syriacus-03-23.png,hibiscus-syriacus-03,56,27,alcea-rosea-vjbb9m,alcea-rosea-vjbb9m-23.png
Hibiscus syriacus,hibiscus-syriacus-03-24.png,hibiscus-syriacus-03,35,71,alcea-rosea-vjbb9m,alcea-rosea-vjbb9m-24.png
Hibiscus syriacus,hibiscus-syriacus-03-25.png,hibiscus-syriacus-03,37,56,alcea-rosea-vjbb9m,alcea-rosea-vjbb9m-25.png
Hibiscus syriacus,hibiscus-syriacus-03-26.png,hibiscus-syriacus-03,65,76,alcea-rosea-vjbb9m,alcea-rosea-vjbb9m-26.png
Hibiscus syriacus,hibiscus-syriacus-03-27.png,hibiscus-syriacus-03,66,62,alcea-rosea-vjbb9m,alcea-rosea-vjbb9m-27.png
Hibiscus syriacus,hibiscus-syriacus-03-28.png,hibiscus-syriacus-03,81,77,alcea-rosea-vjbb9m,alcea-rosea-vjbb9m-28.png
Hibiscus syriacus,hibiscus-syriacus-03-29.png,hibiscus-syriacus-03,83,78,alcea-rosea-vjbb9m,alcea-rosea-vjbb9m-29.png
Hibiscus syriacus,hibiscus-syriacus-02-01.png,hibiscus-syriacus-02,384,494,alcea-rosea-nkgduu,alcea-rosea-nkgduu-01.png
Hibiscus syriacus,hibiscus-syriacus-02-02.png,hibiscus-syriacus-02,116,452,alcea-rosea-nkgduu,alcea-rosea-nkgduu-02.png
Hibiscus syriacus,hibiscus-syriacus-02-03.png,hibiscus-syriacus-02,125,211,alcea-rosea-nkgduu,alcea-rosea-nkgduu-03.png
Hibiscus syriacus,hibiscus-syriacus-01-01.png,hibiscus-syriacus-01,168,494,alcea-rosea-hvyuxg,alcea-rosea-hvyuxg-01.png
Hibiscus syriacus,hibiscus-syriacus-01-02.png,hibiscus-syriacus-01,144,461,alcea-rosea-hvyuxg,alcea-rosea-hvyuxg-02.png
Hibiscus syriacus,hibiscus-syriacus-01-03.png,hibiscus-syriacus-01,180,461,alcea-rosea-hvyuxg,alcea-rosea-hvyuxg-03.png
Hibiscus syriacus,hibiscus-syriacus-04-01.png,hibiscus-syriacus-04,144,493,alcea-rosea-vnkv4c,alcea-rosea-vnkv4c-01.png
Hibiscus syriacus,hibiscus-syriacus-04-02.png,hibiscus-syriacus-04,168,481,alcea-rosea-vnkv4c,alcea-rosea-vnkv4c-02.png
Hibiscus syriacus,hibiscus-syriacus-04-03.png,hibiscus-syriacus-04,131,481,alcea-rosea-vnkv4c,alcea-rosea-vnkv4c-03.png
Limonium gmelinii (Flower),limonium-gmelinii-flower-01-01.png,limonium-gmelinii-flower-01,508,451,limonium-gmelinii-flower-kfxetu,limonium-gmelinii-flower-kfxetu-01.png
Ruellia simplex,ruellia-simplex-07-01.png,ruellia-simplex-07,40,494,ruellia-simplex-bpyrnk,ruellia-simplex-bpyrnk-01.png
Ruellia simplex,ruellia-simplex-07-02.png,ruellia-simplex-07,52,88,ruellia-simplex-bpyrnk,ruellia-simplex-bpyrnk-02.png
Ruellia simplex,ruellia-simplex-07-03.png,ruellia-simplex-07,45,76,ruellia-simplex-bpyrnk,ruellia-simplex-bpyrnk-03.png
Ruellia simplex,ruellia-simplex-07-04.png,ruellia-simplex-07,18,301,ruellia-simplex-bpyrnk,ruellia-simplex-bpyrnk-04.png
Ruellia simplex,ruellia-simplex-07-05.png,ruellia-simplex-07,50,76,ruellia-simplex-bpyrnk,ruellia-simplex-bpyrnk-05.png
Ruellia simplex,ruellia-simplex-07-06.png,ruellia-simplex-07,53,81,ruellia-simplex-bpyrnk,ruellia-simplex-bpyrnk-06.png
Ruellia simplex,ruellia-simplex-07-07.png,ruellia-simplex-07,53,78,ruellia-simplex-bpyrnk,ruellia-simplex-bpyrnk-07.png
Ruellia simplex,ruellia-simplex-07-08.png,ruellia-simplex-07,51,68,ruellia-simplex-bpyrnk,ruellia-simplex-bpyrnk-08.png
Ruellia simplex,ruellia-simplex-07-09.png,ruellia-simplex-07,58,46,ruellia-simplex-bpyrnk,ruellia-simplex-bpyrnk-09.png
Ruellia simplex,ruellia-simplex-07-10.png,ruellia-simplex-07,50,53,ruellia-simplex-bpyrnk,ruellia-simplex-bpyrnk-10.png
Ruellia simplex,ruellia-simplex-07-11.png,ruellia-simplex-07,50,53,ruellia-simplex-bpyrnk,ruellia-simplex-bpyrnk-11.png
Ruellia simplex,ruellia-simplex-07-12.png,ruellia-simplex-07,55,49,ruellia-simplex-bpyrnk,ruellia-simplex-bpyrnk-12.png
Ruellia simplex,ruellia-simplex-07-13.png,ruellia-simplex-07,50,40,ruellia-simplex-bpyrnk,ruellia-simplex-bpyrnk-13.png
Ruellia simplex,ruellia-simplex-07-14.png,ruellia-simplex-07,51,49,ruellia-simplex-bpyrnk,ruellia-simplex-bpyrnk-14.png
Ruellia simplex,ruellia-simplex-07-15.png,ruellia-simplex-07,37,238,ruellia-simplex-bpyrnk,ruellia-simplex-bpyrnk-15.png
Ruellia simplex,ruellia-simplex-07-16.png,ruellia-simplex-07,48,219,ruellia-simplex-bpyrnk,ruellia-simplex-bpyrnk-16.png
Ruellia simplex,ruellia-simplex-07-17.png,ruellia-simplex-07,34,245,ruellia-simplex-bpyrnk,ruellia-simplex-bpyrnk-17.png
Ruellia simplex,ruellia-simplex-07-18.png,ruellia-simplex-07,39,252,ruellia-simplex-bpyrnk,ruellia-simplex-bpyrnk-18.png
Ruellia simplex,ruellia-simplex-07-19.png,ruellia-simplex-07,38,230,ruellia-simplex-bpyrnk,ruellia-simplex-bpyrnk-19.png
Ruellia simplex,ruellia-simplex-07-20.png,ruellia-simplex-07,35,240,ruellia-simplex-bpyrnk,ruellia-simplex-bpyrnk-20.png
Ruellia simplex,ruellia-simplex-07-21.png,ruellia-simplex-07,45,156,ruellia-simplex-bpyrnk,ruellia-simplex-bpyrnk-21.png
Ruellia simplex,ruellia-simplex-07-22.png,ruellia-simplex-07,129,52,ruellia-simplex-bpyrnk,ruellia-simplex-bpyrnk-22.png
Ruellia simplex,ruellia-simplex-07-23.png,ruellia-simplex-07,105,45,ruellia-simplex-bpyrnk,ruellia-simplex-bpyrnk-23.png
Ruellia simplex,ruellia-simplex-07-24.png,ruellia-simplex-07,177,47,ruellia-simplex-bpyrnk,ruellia-simplex-bpyrnk-24.png
Ruellia simplex,ruellia-simplex-10-01.png,ruellia-simplex-10,250,367,ruellia-simplex-k9nxat,ruellia-simplex-k9nxat-01.png
Ruellia simplex,ruellia-simplex-10-02.png,ruellia-simplex-10,70,224,ruellia-simplex-k9nxat,ruellia-simplex-k9nxat-02.png
Ruellia simplex,ruellia-simplex-10-03.png,ruellia-simplex-10,145,296,ruellia-simplex-k9nxat,ruellia-simplex-k9nxat-03.png
Ruellia simplex,ruellia-simplex-10-04.png,ruellia-simplex-10,102,166,ruellia-simplex-k9nxat,ruellia-simplex-k9nxat-04.png
Ruellia simplex,ruellia-simplex-10-05.png,ruellia-simplex-10,219,189,ruellia-simplex-k9nxat,ruellia-simplex-k9nxat-05.png
Ruellia simplex,ruellia-simplex-10-06.png,ruellia-simplex-10,136,42,ruellia-simplex-k9nxat,ruellia-simplex-k9nxat-06.png
Ruellia simplex,ruellia-simplex-05-01.png,ruellia-simplex-05,39,223,ruellia-simplex-3ypqxq,ruellia-simplex-3ypqxq-01.png
Ruellia simplex,ruellia-simplex-05-02.png,ruellia-simplex-05,54,484,ruellia-simplex-3ypqxq,ruellia-simplex-3ypqxq-02.png
Ruellia simplex,ruellia-simplex-05-03.png,ruellia-simplex-05,38,231,ruellia-simplex-3ypqxq,ruellia-simplex-3ypqxq-03.png
Ruellia simplex,ruellia-simplex-05-04.png,ruellia-simplex-05,36,236,ruellia-simplex-3ypqxq,ruellia-simplex-3ypqxq-04.png
Ruellia simplex,ruellia-simplex-05-05.png,ruellia-simplex-05,37,215,ruellia-simplex-3ypqxq,ruellia-simplex-3ypqxq-05.png
Ruellia simplex,ruellia-simplex-05-06.png,ruellia-simplex-05,33,209,ruellia-simplex-3ypqxq,ruellia-simplex-3ypqxq-06.png
Ruellia simplex,ruellia-simplex-05-07.png,ruellia-simplex-05,47,171,ruellia-simplex-3ypqxq,ruellia-simplex-3ypqxq-07.png
Ruellia simplex,ruellia-simplex-05-08.png,ruellia-simplex-05,87,298,ruellia-simplex-3ypqxq,ruellia-simplex-3ypqxq-08.png
Ruellia simplex,ruellia-simplex-05-09.png,ruellia-simplex-05,38,239,ruellia-simplex-3ypqxq,ruellia-simplex-3ypqxq-09.png
Ruellia simplex,ruellia-simplex-05-10.png,ruellia-simplex-05,49,249,ruellia-simplex-3ypqxq,ruellia-simplex-3ypqxq-10.png
Ruellia simplex,ruellia-simplex-05-11.png,ruellia-simplex-05,35,247,ruellia-simplex-3ypqxq,ruellia-simplex-3ypqxq-11.png
Ruellia simplex,ruellia-simplex-05-12.png,ruellia-simplex-05,43,237,ruellia-simplex-3ypqxq,ruellia-simplex-3ypqxq-12.png
Ruellia simplex,ruellia-simplex-05-13.png,ruellia-simplex-05,39,229,ruellia-simplex-3ypqxq,ruellia-simplex-3ypqxq-13.png
Ruellia simplex,ruellia-simplex-15-01.png,ruellia-simplex-15,505,494,ruellia-simplex-wjt57r,ruellia-simplex-wjt57r-01.png
Ruellia simplex,ruellia-simplex-08-01.png,ruellia-simplex-08,468,494,ruellia-simplex-etjshx,ruellia-simplex-etjshx-01.png
Ruellia simplex,ruellia-simplex-11-01.png,ruellia-simplex-11,234,318,ruellia-simplex-lhs4ya,ruellia-simplex-lhs4ya-01.png
Ruellia simplex,ruellia-simplex-11-02.png,ruellia-simplex-11,234,344,ruellia-simplex-lhs4ya,ruellia-simplex-lhs4ya-02.png
Ruellia simplex,ruellia-simplex-11-03.png,ruellia-simplex-11,115,129,ruellia-simplex-lhs4ya,ruellia-simplex-lhs4ya-03.png
Ruellia simplex,ruellia-simplex-11-04.png,ruellia-simplex-11,286,167,ruellia-simplex-lhs4ya,ruellia-simplex-lhs4ya-04.png
Ruellia simplex,ruellia-simplex-11-05.png,ruellia-simplex-11,177,152,ruellia-simplex-lhs4ya,ruellia-simplex-lhs4ya-05.png
Ruellia simplex,ruellia-simplex-14-01.png,ruellia-simplex-14,479,494,ruellia-simplex-skwts9,ruellia-simplex-skwts9-01.png
Ruellia simplex,ruellia-simplex-13-01.png,ruellia-simplex-13,296,491,ruellia-simplex-re38vk,ruellia-simplex-re38vk-01.png
Ruellia simplex,ruellia-simplex-13-02.png,ruellia-simplex-13,207,364,ruellia-simplex-re38vk,ruellia-simplex-re38vk-02.png
Ruellia simplex,ruellia-simplex-13-03.png,ruellia-simplex-13,271,171,ruellia-simplex-re38vk,ruellia-simplex-re38vk-03.png
Dahlia,dahlia-03-01.png,dahlia-03,52,229,dahlia-ctzw9u,dahlia-ctzw9u-01.png
Dahlia,dahlia-03-02.png,dahlia-03,82,83,dahlia-ctzw9u,dahlia-ctzw9u-02.png
Dahlia,dahlia-03-03.png,dahlia-03,80,76,dahlia-ctzw9u,dahlia-ctzw9u-03.png
Dahlia,dahlia-03-04.png,dahlia-03,91,91,dahlia-ctzw9u,dahlia-ctzw9u-04.png
Dahlia,dahlia-03-05.png,dahlia-03,69,74,dahlia-ctzw9u,dahlia-ctzw9u-05.png
Dahlia,dahlia-03-06.png,dahlia-03,48,93,dahlia-ctzw9u,dahlia-ctzw9u-06.png
Dahlia,dahlia-03-07.png,dahlia-03,55,87,dahlia-ctzw9u,dahlia-ctzw9u-07.png
Dahlia,dahlia-03-08.png,dahlia-03,52,86,dahlia-ctzw9u,dahlia-ctzw9u-08.png
Dahlia,dahlia-03-09.png,dahlia-03,39,84,dahlia-ctzw9u,dahlia-ctzw9u-09.png
Dahlia,dahlia-03-10.png,dahlia-03,55,82,dahlia-ctzw9u,dahlia-ctzw9u-10.png
Dahlia,dahlia-03-11.png,dahlia-03,47,73,dahlia-ctzw9u,dahlia-ctzw9u-11.png
Dahlia,dahlia-03-12.png,dahlia-03,44,94,dahlia-ctzw9u,dahlia-ctzw9u-12.png
Dahlia,dahlia-03-13.png,dahlia-03,61,88,dahlia-ctzw9u,dahlia-ctzw9u-13.png
Dahlia,dahlia-03-14.png,dahlia-03,45,86,dahlia-ctzw9u,dahlia-ctzw9u-14.png
Dahlia,dahlia-03-15.png,dahlia-03,50,84,dahlia-ctzw9u,dahlia-ctzw9u-15.png
Dahlia,dahlia-03-16.png,dahlia-03,45,82,dahlia-ctzw9u,dahlia-ctzw9u-16.png
Dahlia,dahlia-03-17.png,dahlia-03,46,77,dahlia-ctzw9u,dahlia-ctzw9u-17.png
Dahlia,dahlia-03-18.png,dahlia-03,76,224,dahlia-ctzw9u,dahlia-ctzw9u-18.png
Dahlia,dahlia-03-19.png,dahlia-03,54,92,dahlia-ctzw9u,dahlia-ctzw9u-19.png
Dahlia,dahlia-03-20.png,dahlia-03,51,94,dahlia-ctzw9u,dahlia-ctzw9u-20.png
Dahlia,dahlia-03-21.png,dahlia-03,57,95,dahlia-ctzw9u,dahlia-ctzw9u-21.png
Dahlia,dahlia-03-22.png,dahlia-03,58,89,dahlia-ctzw9u,dahlia-ctzw9u-22.png
Dahlia,dahlia-03-23.png,dahlia-03,49,88,dahlia-ctzw9u,dahlia-ctzw9u-23.png
Dahlia,dahlia-03-24.png,dahlia-03,34,78,dahlia-ctzw9u,dahlia-ctzw9u-24.png
Dahlia,dahlia-03-25.png,dahlia-03,75,40,dahlia-ctzw9u,dahlia-ctzw9u-25.png
Dahlia,dahlia-03-26.png,dahlia-03,67,40,dahlia-ctzw9u,dahlia-ctzw9u-26.png
Dahlia,dahlia-03-27.png,dahlia-03,52,31,dahlia-ctzw9u,dahlia-ctzw9u-27.png
Dahlia,dahlia-03-28.png,dahlia-03,69,28,dahlia-ctzw9u,dahlia-ctzw9u-28.png
Dahlia,dahlia-03-29.png,dahlia-03,65,32,dahlia-ctzw9u,dahlia-ctzw9u-29.png
Dahlia,dahlia-03-30.png,dahlia-03,208,40,dahlia-ctzw9u,dahlia-ctzw9u-30.png
Dahlia,dahlia-03-31.png,dahlia-03,170,19,dahlia-ctzw9u,dahlia-ctzw9u-31.png
Dahlia,dahlia-01-01.png,dahlia-01,134,232,dahlia-2tfdwn,dahlia-2tfdwn-01.png
Dahlia,dahlia-01-02.png,dahlia-01,132,239,dahlia-2tfdwn,dahlia-2tfdwn-02.png
Dahlia,dahlia-01-03.png,dahlia-01,144,206,dahlia-2tfdwn,dahlia-2tfdwn-03.png
Dahlia,dahlia-01-04.png,dahlia-01,285,233,dahlia-2tfdwn,dahlia-2tfdwn-04.png
Dahlia,dahlia-01-05.png,dahlia-01,139,202,dahlia-2tfdwn,dahlia-2tfdwn-05.png
Dahlia,dahlia-06-01.png,dahlia-06,103,94,dahlia-fjwwxa,dahlia-fjwwxa-01.png
Dahlia,dahlia-06-02.png,dahlia-06,90,87,dahlia-fjwwxa,dahlia-fjwwxa-02.png
Dahlia,dahlia-06-03.png,dahlia-06,92,91,dahlia-fjwwxa,dahlia-fjwwxa-03.png
Dahlia,dahlia-06-04.png,dahlia-06,66,236,dahlia-fjwwxa,dahlia-fjwwxa-04.png
Dahlia,dahlia-06-05.png,dahlia-06,72,66,dahlia-fjwwxa,dahlia-fjwwxa-05.png
Dahlia,dahlia-06-06.png,dahlia-06,52,95,dahlia-fjwwxa,dahlia-fjwwxa-06.png
Dahlia,dahlia-06-07.png,dahlia-06,48,95,dahlia-fjwwxa,dahlia-fjwwxa-07.png
Dahlia,dahlia-06-08.png,dahlia-06,42,78,dahlia-fjwwxa,dahlia-fjwwxa-08.png
Dahlia,dahlia-06-09.png,dahlia-06,50,81,dahlia-fjwwxa,dahlia-fjwwxa-09.png
Dahlia,dahlia-06-10.png,dahlia-06,42,80,dahlia-fjwwxa,dahlia-fjwwxa-10.png
Dahlia,dahlia-06-11.png,dahlia-06,49,82,dahlia-fjwwxa,dahlia-fjwwxa-11.png
Dahlia,dahlia-06-12.png,dahlia-06,38,82,dahlia-fjwwxa,dahlia-fjwwxa-12.png
Dahlia,dahlia-06-13.png,dahlia-06,38,75,dahlia-fjwwxa,dahlia-fjwwxa-13.png
Dahlia,dahlia-06-14.png,dahlia-06,37,70,dahlia-fjwwxa,dahlia-fjwwxa-14.png
Dahlia,dahlia-06-15.png,dahlia-06,39,79,dahlia-fjwwxa,dahlia-fjwwxa-15.png
Dahlia,dahlia-06-16.png,dahlia-06,51,87,dahlia-fjwwxa,dahlia-fjwwxa-16.png
Dahlia,dahlia-06-17.png,dahlia-06,35,65,dahlia-fjwwxa,dahlia-fjwwxa-17.png
Dahlia,dahlia-06-18.png,dahlia-06,41,74,dahlia-fjwwxa,dahlia-fjwwxa-18.png
Dahlia,dahlia-06-19.png,dahlia-06,66,205,dahlia-fjwwxa,dahlia-fjwwxa-19.png
Dahlia,dahlia-06-20.png,dahlia-06,37,85,dahlia-fjwwxa,dahlia-fjwwxa-20.png
Dahlia,dahlia-06-21.png,dahlia-06,45,79,dahlia-fjwwxa,dahlia-fjwwxa-21.png
Dahlia,dahlia-06-22.png,dahlia-06,38,66,dahlia-fjwwxa,dahlia-fjwwxa-22.png
Dahlia,dahlia-06-23.png,dahlia-06,38,65,dahlia-fjwwxa,dahlia-fjwwxa-23.png
Dahlia,dahlia-06-24.png,dahlia-06,46,80,dahlia-fjwwxa,dahlia-fjwwxa-24.png
Dahlia,dahlia-06-25.png,dahlia-06,45,80,dahlia-fjwwxa,dahlia-fjwwxa-25.png
Dahlia,dahlia-06-26.png,dahlia-06,41,91,dahlia-fjwwxa,dahlia-fjwwxa-26.png
Dahlia,dahlia-06-27.png,dahlia-06,38,82,dahlia-fjwwxa,dahlia-fjwwxa-27.png
Dahlia,dahlia-06-28.png,dahlia-06,45,81,dahlia-fjwwxa,dahlia-fjwwxa-28.png
Dahlia,dahlia-06-29.png,dahlia-06,37,66,dahlia-fjwwxa,dahlia-fjwwxa-29.png
Dahlia,dahlia-06-30.png,dahlia-06,32,67,dahlia-fjwwxa,dahlia-fjwwxa-30.png
Dahlia,dahlia-06-31.png,dahlia-06,33,73,dahlia-fjwwxa,dahlia-fjwwxa-31.png
Dahlia,dahlia-06-32.png,dahlia-06,32,71,dahlia-fjwwxa,dahlia-fjwwxa-32.png
Dahlia,dahlia-06-33.png,dahlia-06,37,72,dahlia-fjwwxa,dahlia-fjwwxa-33.png
Dahlia,dahlia-06-34.png,dahlia-06,188,17,dahlia-fjwwxa,dahlia-fjwwxa-34.png
Dahlia,dahlia-12-01.png,dahlia-12,153,211,dahlia-xed6ue,dahlia-xed6ue-01.png
Dahlia,dahlia-12-02.png,dahlia-12,143,244,dahlia-xed6ue,dahlia-xed6ue-02.png
Dahlia,dahlia-12-03.png,dahlia-12,135,270,dahlia-xed6ue,dahlia-xed6ue-03.png
Dahlia,dahlia-12-04.png,dahlia-12,173,246,dahlia-xed6ue,dahlia-xed6ue-04.png
Dahlia,dahlia-12-05.png,dahlia-12,174,208,dahlia-xed6ue,dahlia-xed6ue-05.png
Dahlia,dahlia-12-06.png,dahlia-12,110,199,dahlia-xed6ue,dahlia-xed6ue-06.png
Dahlia,dahlia-07-01.png,dahlia-07,84,78,dahlia-m4c4sf,dahlia-m4c4sf-01.png
Dahlia,dahlia-07-02.png,dahlia-07,71,69,dahlia-m4c4sf,dahlia-m4c4sf-02.png
Dahlia,dahlia-07-03.png,dahlia-07,71,73,dahlia-m4c4sf,dahlia-m4c4sf-03.png
Dahlia,dahlia-07-04.png,dahlia-07,53,242,dahlia-m4c4sf,dahlia-m4c4sf-04.png
Dahlia,dahlia-07-05.png,dahlia-07,73,75,dahlia-m4c4sf,dahlia-m4c4sf-05.png
Dahlia,dahlia-07-06.png,dahlia-07,61,109,dahlia-m4c4sf,dahlia-m4c4sf-06.png
Dahlia,dahlia-07-07.png,dahlia-07,56,98,dahlia-m4c4sf,dahlia-m4c4sf-07.png
Dahlia,dahlia-07-08.png,dahlia-07,44,98,dahlia-m4c4sf,dahlia-m4c4sf-08.png
Dahlia,dahlia-07-09.png,dahlia-07,51,95,dahlia-m4c4sf,dahlia-m4c4sf-09.png
Dahlia,dahlia-07-10.png,dahlia-07,42,95,dahlia-m4c4sf,dahlia-m4c4sf-10.png
Dahlia,dahlia-07-11.png,dahlia-07,49,91,dahlia-m4c4sf,dahlia-m4c4sf-11.png
Dahlia,dahlia-07-12.png,dahlia-07,43,83,dahlia-m4c4sf,dahlia-m4c4sf-12.png
Dahlia,dahlia-07-13.png,dahlia-07,53,96,dahlia-m4c4sf,dahlia-m4c4sf-13.png
Dahlia,dahlia-07-14.png,dahlia-07,47,80,dahlia-m4c4sf,dahlia-m4c4sf-14.png
Dahlia,dahlia-07-15.png,dahlia-07,42,78,dahlia-m4c4sf,dahlia-m4c4sf-15.png
Dahlia,dahlia-07-16.png,dahlia-07,49,89,dahlia-m4c4sf,dahlia-m4c4sf-16.png
Dahlia,dahlia-07-17.png,dahlia-07,32,80,dahlia-m4c4sf,dahlia-m4c4sf-17.png
Dahlia,dahlia-07-18.png,dahlia-07,47,82,dahlia-m4c4sf,dahlia-m4c4sf-18.png
Dahlia,dahlia-07-19.png,dahlia-07,65,229,dahlia-m4c4sf,dahlia-m4c4sf-19.png
Dahlia,dahlia-07-20.png,dahlia-07,45,86,dahlia-m4c4sf,dahlia-m4c4sf-20.png
Dahlia,dahlia-07-21.png,dahlia-07,41,79,dahlia-m4c4sf,dahlia-m4c4sf-21.png
Dahlia,dahlia-07-22.png,dahlia-07,29,68,dahlia-m4c4sf,dahlia-m4c4sf-22.png
Dahlia,dahlia-07-23.png,dahlia-07,48,66,dahlia-m4c4sf,dahlia-m4c4sf-23.png
Dahlia,dahlia-07-24.png,dahlia-07,41,72,dahlia-m4c4sf,dahlia-m4c4sf-24.png
Dahlia,dahlia-07-25.png,dahlia-07,40,59,dahlia-m4c4sf,dahlia-m4c4sf-25.png
Dahlia,dahlia-07-26.png,dahlia-07,41,70,dahlia-m4c4sf,dahlia-m4c4sf-26.png
Dahlia,dahlia-07-27.png,dahlia-07,35,64,dahlia-m4c4sf,dahlia-m4c4sf-27.png
Dahlia,dahlia-07-28.png,dahlia-07,68,39,dahlia-m4c4sf,dahlia-m4c4sf-28.png
Dahlia,dahlia-07-29.png,dahlia-07,76,48,dahlia-m4c4sf,dahlia-m4c4sf-29.png
Dahlia,dahlia-07-30.png,dahlia-07,85,47,dahlia-m4c4sf,dahlia-m4c4sf-30.png
Dahlia,dahlia-07-31.png,dahlia-07,57,42,dahlia-m4c4sf,dahlia-m4c4sf-31.png
Dahlia,dahlia-07-32.png,dahlia-07,73,32,dahlia-m4c4sf,dahlia-m4c4sf-32.png
Dahlia,dahlia-07-33.png,dahlia-07,205,27,dahlia-m4c4sf,dahlia-m4c4sf-33.png
Dahlia,dahlia-07-34.png,dahlia-07,171,18,dahlia-m4c4sf,dahlia-m4c4sf-34.png
Dahlia,dahlia-09-01.png,dahlia-09,120,249,dahlia-mzkvmq,dahlia-mzkvmq-01.png
Dahlia,dahlia-09-02.png,dahlia-09,178,255,dahlia-mzkvmq,dahlia-mzkvmq-02.png
Dahlia,dahlia-09-03.png,dahlia-09,126,231,dahlia-mzkvmq,dahlia-mzkvmq-03.png
Dahlia,dahlia-09-04.png,dahlia-09,199,228,dahlia-mzkvmq,dahlia-mzkvmq-04.png
Dahlia,dahlia-09-05.png,dahlia-09,88,221,dahlia-mzkvmq,dahlia-mzkvmq-05.png
Dahlia,dahlia-09-06.png,dahlia-09,159,192,dahlia-mzkvmq,dahlia-mzkvmq-06.png
Dahlia,dahlia-04-01.png,dahlia-04,66,224,dahlia-f8xhfm,dahlia-f8xhfm-01.png
Dahlia,dahlia-04-02.png,dahlia-04,76,78,dahlia-f8xhfm,dahlia-f8xhfm-02.png
Dahlia,dahlia-04-03.png,dahlia-04,85,87,dahlia-f8xhfm,dahlia-f8xhfm-03.png
Dahlia,dahlia-04-04.png,dahlia-04,75,77,dahlia-f8xhfm,dahlia-f8xhfm-04.png
Dahlia,dahlia-04-05.png,dahlia-04,74,75,dahlia-f8xhfm,dahlia-f8xhfm-05.png
Dahlia,dahlia-04-06.png,dahlia-04,45,84,dahlia-f8xhfm,dahlia-f8xhfm-06.png
Dahlia,dahlia-04-07.png,dahlia-04,40,74,dahlia-f8xhfm,dahlia-f8xhfm-07.png
Dahlia,dahlia-04-08.png,dahlia-04,43,79,dahlia-f8xhfm,dahlia-f8xhfm-08.png
Dahlia,dahlia-04-09.png,dahlia-04,28,77,dahlia-f8xhfm,dahlia-f8xhfm-09.png
Dahlia,dahlia-04-10.png,dahlia-04,32,73,dahlia-f8xhfm,dahlia-f8xhfm-10.png
Dahlia,dahlia-04-11.png,dahlia-04,45,78,dahlia-f8xhfm,dahlia-f8xhfm-11.png
Dahlia,dahlia-04-12.png,dahlia-04,40,63,dahlia-f8xhfm,dahlia-f8xhfm-12.png
Dahlia,dahlia-04-13.png,dahlia-04,51,98,dahlia-f8xhfm,dahlia-f8xhfm-13.png
Dahlia,dahlia-04-14.png,dahlia-04,53,88,dahlia-f8xhfm,dahlia-f8xhfm-14.png
Dahlia,dahlia-04-15.png,dahlia-04,44,68,dahlia-f8xhfm,dahlia-f8xhfm-15.png
Dahlia,dahlia-04-16.png,dahlia-04,33,74,dahlia-f8xhfm,dahlia-f8xhfm-16.png
Dahlia,dahlia-04-17.png,dahlia-04,32,70,dahlia-f8xhfm,dahlia-f8xhfm-17.png
Dahlia,dahlia-04-18.png,dahlia-04,47,74,dahlia-f8xhfm,dahlia-f8xhfm-18.png
Dahlia,dahlia-04-19.png,dahlia-04,35,62,dahlia-f8xhfm,dahlia-f8xhfm-19.png
Dahlia,dahlia-04-20.png,dahlia-04,46,184,dahlia-f8xhfm,dahlia-f8xhfm-20.png
Dahlia,dahlia-04-21.png,dahlia-04,44,92,dahlia-f8xhfm,dahlia-f8xhfm-21.png
Dahlia,dahlia-04-22.png,dahlia-04,41,92,dahlia-f8xhfm,dahlia-f8xhfm-22.png
Dahlia,dahlia-04-23.png,dahlia-04,58,82,dahlia-f8xhfm,dahlia-f8xhfm-23.png
Dahlia,dahlia-04-24.png,dahlia-04,51,92,dahlia-f8xhfm,dahlia-f8xhfm-24.png
Dahlia,dahlia-04-25.png,dahlia-04,44,83,dahlia-f8xhfm,dahlia-f8xhfm-25.png
Dahlia,dahlia-04-26.png,dahlia-04,50,87,dahlia-f8xhfm,dahlia-f8xhfm-26.png
Dahlia,dahlia-04-27.png,dahlia-04,40,86,dahlia-f8xhfm,dahlia-f8xhfm-27.png
Dahlia,dahlia-04-28.png,dahlia-04,44,79,dahlia-f8xhfm,dahlia-f8xhfm-28.png
Dahlia,dahlia-04-29.png,dahlia-04,32,72,dahlia-f8xhfm,dahlia-f8xhfm-29.png
Dahlia,dahlia-04-30.png,dahlia-04,51,75,dahlia-f8xhfm,dahlia-f8xhfm-30.png
Dahlia,dahlia-04-31.png,dahlia-04,45,72,dahlia-f8xhfm,dahlia-f8xhfm-31.png
Dahlia,dahlia-04-32.png,dahlia-04,51,69,dahlia-f8xhfm,dahlia-f8xhfm-32.png
Dahlia,dahlia-04-33.png,dahlia-04,34,68,dahlia-f8xhfm,dahlia-f8xhfm-33.png
Dahlia,dahlia-04-34.png,dahlia-04,32,65,dahlia-f8xhfm,dahlia-f8xhfm-34.png
Dahlia,dahlia-04-35.png,dahlia-04,44,50,dahlia-f8xhfm,dahlia-f8xhfm-35.png
Dahlia,dahlia-02-01.png,dahlia-02,128,231,dahlia-3tkxj8,dahlia-3tkxj8-01.png
Dahlia,dahlia-02-02.png,dahlia-02,121,185,dahlia-3tkxj8,dahlia-3tkxj8-02.png
Dahlia,dahlia-02-03.png,dahlia-02,172,177,dahlia-3tkxj8,dahlia-3tkxj8-03.png
Dahlia,dahlia-02-04.png,dahlia-02,205,214,dahlia-3tkxj8,dahlia-3tkxj8-04.png
Dahlia,dahlia-02-05.png,dahlia-02,118,237,dahlia-3tkxj8,dahlia-3tkxj8-05.png
Dahlia,dahlia-02-06.png,dahlia-02,76,190,dahlia-3tkxj8,dahlia-3tkxj8-06.png
Dahlia,dahlia-10-01.png,dahlia-10,76,78,dahlia-pjbvtw,dahlia-pjbvtw-01.png
Dahlia,dahlia-10-02.png,dahlia-10,79,79,dahlia-pjbvtw,dahlia-pjbvtw-02.png
Dahlia,dahlia-10-03.png,dahlia-10,65,58,dahlia-pjbvtw,dahlia-pjbvtw-03.png
Dahlia,dahlia-10-04.png,dahlia-10,84,81,dahlia-pjbvtw,dahlia-pjbvtw-04.png
Dahlia,dahlia-10-05.png,dahlia-10,70,196,dahlia-pjbvtw,dahlia-pjbvtw-05.png
Dahlia,dahlia-10-06.png,dahlia-10,63,62,dahlia-pjbvtw,dahlia-pjbvtw-06.png
Dahlia,dahlia-10-07.png,dahlia-10,44,80,dahlia-pjbvtw,dahlia-pjbvtw-07.png
Dahlia,dahlia-10-08.png,dahlia-10,38,63,dahlia-pjbvtw,dahlia-pjbvtw-08.png
Dahlia,dahlia-10-09.png,dahlia-10,40,64,dahlia-pjbvtw,dahlia-pjbvtw-09.png
Dahlia,dahlia-10-10.png,dahlia-10,40,67,dahlia-pjbvtw,dahlia-pjbvtw-10.png
Dahlia,dahlia-10-11.png,dahlia-10,34,66,dahlia-pjbvtw,dahlia-pjbvtw-11.png
Dahlia,dahlia-10-12.png,dahlia-10,34,64,dahlia-pjbvtw,dahlia-pjbvtw-12.png
Dahlia,dahlia-10-13.png,dahlia-10,47,50,dahlia-pjbvtw,dahlia-pjbvtw-13.png
Dahlia,dahlia-10-14.png,dahlia-10,41,71,dahlia-pjbvtw,dahlia-pjbvtw-14.png
Dahlia,dahlia-10-15.png,dahlia-10,37,69,dahlia-pjbvtw,dahlia-pjbvtw-15.png
Dahlia,dahlia-10-16.png,dahlia-10,35,73,dahlia-pjbvtw,dahlia-pjbvtw-16.png
Dahlia,dahlia-10-17.png,dahlia-10,34,67,dahlia-pjbvtw,dahlia-pjbvtw-17.png
Dahlia,dahlia-10-18.png,dahlia-10,28,59,dahlia-pjbvtw,dahlia-pjbvtw-18.png
Dahlia,dahlia-10-19.png,dahlia-10,40,61,dahlia-pjbvtw,dahlia-pjbvtw-19.png
Dahlia,dahlia-10-20.png,dahlia-10,46,68,dahlia-pjbvtw,dahlia-pjbvtw-20.png
Dahlia,dahlia-10-21.png,dahlia-10,64,186,dahlia-pjbvtw,dahlia-pjbvtw-21.png
Dahlia,dahlia-10-22.png,dahlia-10,48,84,dahlia-pjbvtw,dahlia-pjbvtw-22.png
Dahlia,dahlia-10-23.png,dahlia-10,40,82,dahlia-pjbvtw,dahlia-pjbvtw-23.png
Dahlia,dahlia-10-24.png,dahlia-10,39,84,dahlia-pjbvtw,dahlia-pjbvtw-24.png
Dahlia,dahlia-10-25.png,dahlia-10,44,81,dahlia-pjbvtw,dahlia-pjbvtw-25.png
Dahlia,dahlia-10-26.png,dahlia-10,45,86,dahlia-pjbvtw,dahlia-pjbvtw-26.png
Dahlia,dahlia-10-27.png,dahlia-10,39,76,dahlia-pjbvtw,dahlia-pjbvtw-27.png
Dahlia,dahlia-10-28.png,dahlia-10,36,72,dahlia-pjbvtw,dahlia-pjbvtw-28.png
Dahlia,dahlia-10-29.png,dahlia-10,30,70,dahlia-pjbvtw,dahlia-pjbvtw-29.png
Dahlia,dahlia-10-30.png,dahlia-10,37,70,dahlia-pjbvtw,dahlia-pjbvtw-30.png
Dahlia,dahlia-10-31.png,dahlia-10,37,67,dahlia-pjbvtw,dahlia-pjbvtw-31.png
Dahlia,dahlia-10-32.png,dahlia-10,50,80,dahlia-pjbvtw,dahlia-pjbvtw-32.png
Dahlia,dahlia-10-33.png,dahlia-10,29,64,dahlia-pjbvtw,dahlia-pjbvtw-33.png
Dahlia,dahlia-10-34.png,dahlia-10,38,67,dahlia-pjbvtw,dahlia-pjbvtw-34.png
Dahlia,dahlia-10-35.png,dahlia-10,35,62,dahlia-pjbvtw,dahlia-pjbvtw-35.png
Dahlia,dahlia-10-36.png,dahlia-10,34,66,dahlia-pjbvtw,dahlia-pjbvtw-36.png
Dahlia,dahlia-10-37.png,dahlia-10,186,40,dahlia-pjbvtw,dahlia-pjbvtw-37.png
Dahlia,dahlia-10-38.png,dahlia-10,162,27,dahlia-pjbvtw,dahlia-pjbvtw-38.png
Dahlia,dahlia-10-39.png,dahlia-10,77,17,dahlia-pjbvtw,dahlia-pjbvtw-39.png
Dahlia,dahlia-05-01.png,dahlia-05,156,243,dahlia-fhcqxm,dahlia-fhcqxm-01.png
Dahlia,dahlia-05-02.png,dahlia-05,132,244,dahlia-fhcqxm,dahlia-fhcqxm-02.png
Dahlia,dahlia-05-03.png,dahlia-05,134,230,dahlia-fhcqxm,dahlia-fhcqxm-03.png
Dahlia,dahlia-05-04.png,dahlia-05,142,214,dahlia-fhcqxm,dahlia-fhcqxm-04.png
Dahlia,dahlia-05-05.png,dahlia-05,145,224,dahlia-fhcqxm,dahlia-fhcqxm-05.png
Dahlia,dahlia-05-06.png,dahlia-05,107,222,dahlia-fhcqxm,dahlia-fhcqxm-06.png
Dahlia,dahlia-08-01.png,dahlia-08,85,82,dahlia-mbkdj9,dahlia-mbkdj9-01.png
Dahlia,dahlia-08-02.png,dahlia-08,77,79,dahlia-mbkdj9,dahlia-mbkdj9-02.png
Dahlia,dahlia-08-03.png,dahlia-08,77,77,dahlia-mbkdj9,dahlia-mbkdj9-03.png
Dahlia,dahlia-08-04.png,dahlia-08,71,69,dahlia-mbkdj9,dahlia-mbkdj9-04.png
Dahlia,dahlia-08-05.png,dahlia-08,73,279,dahlia-mbkdj9,dahlia-mbkdj9-05.png
Dahlia,dahlia-08-06.png,dahlia-08,38,213,dahlia-mbkdj9,dahlia-mbkdj9-06.png
Dahlia,dahlia-08-07.png,dahlia-08,61,64,dahlia-mbkdj9,dahlia-mbkdj9-07.png
Dahlia,dahlia-08-08.png,dahlia-08,60,65,dahlia-mbkdj9,dahlia-mbkdj9-08.png
Dahlia,dahlia-08-09.png,dahlia-08,37,58,dahlia-mbkdj9,dahlia-mbkdj9-09.png
Dahlia,dahlia-08-10.png,dahlia-08,49,51,dahlia-mbkdj9,dahlia-mbkdj9-10.png
Dahlia,dahlia-08-11.png,dahlia-08,31,66,dahlia-mbkdj9,dahlia-mbkdj9-11.png
Dahlia,dahlia-08-12.png,dahlia-08,30,56,dahlia-mbkdj9,dahlia-mbkdj9-12.png
Dahlia,dahlia-08-13.png,dahlia-08,44,88,dahlia-mbkdj9,dahlia-mbkdj9-13.png
Dahlia,dahlia-08-14.png,dahlia-08,57,82,dahlia-mbkdj9,dahlia-mbkdj9-14.png
Dahlia,dahlia-08-15.png,dahlia-08,43,87,dahlia-mbkdj9,dahlia-mbkdj9-15.png
Dahlia,dahlia-08-16.png,dahlia-08,46,69,dahlia-mbkdj9,dahlia-mbkdj9-16.png
Dahlia,dahlia-08-17.png,dahlia-08,46,72,dahlia-mbkdj9,dahlia-mbkdj9-17.png
Dahlia,dahlia-08-18.png,dahlia-08,47,73,dahlia-mbkdj9,dahlia-mbkdj9-18.png
Dahlia,dahlia-08-19.png,dahlia-08,26,247,dahlia-mbkdj9,dahlia-mbkdj9-19.png
Dahlia,dahlia-08-20.png,dahlia-08,42,92,dahlia-mbkdj9,dahlia-mbkdj9-20.png
Dahlia,dahlia-08-21.png,dahlia-08,46,92,dahlia-mbkdj9,dahlia-mbkdj9-21.png
Dahlia,dahlia-08-22.png,dahlia-08,51,85,dahlia-mbkdj9,dahlia-mbkdj9-22.png
Dahlia,dahlia-08-23.png,dahlia-08,46,86,dahlia-mbkdj9,dahlia-mbkdj9-23.png
Dahlia,dahlia-08-24.png,dahlia-08,61,78,dahlia-mbkdj9,dahlia-mbkdj9-24.png
Dahlia,dahlia-08-25.png,dahlia-08,51,75,dahlia-mbkdj9,dahlia-mbkdj9-25.png
Dahlia,dahlia-08-26.png,dahlia-08,68,202,dahlia-mbkdj9,dahlia-mbkdj9-26.png
Dahlia,dahlia-08-27.png,dahlia-08,50,99,dahlia-mbkdj9,dahlia-mbkdj9-27.png
Dahlia,dahlia-08-28.png,dahlia-08,59,101,dahlia-mbkdj9,dahlia-mbkdj9-28.png
Dahlia,dahlia-08-29.png,dahlia-08,47,91,dahlia-mbkdj9,dahlia-mbkdj9-29.png
Dahlia,dahlia-08-30.png,dahlia-08,62,93,dahlia-mbkdj9,dahlia-mbkdj9-30.png
Dahlia,dahlia-08-31.png,dahlia-08,51,92,dahlia-mbkdj9,dahlia-mbkdj9-31.png
Dahlia,dahlia-08-32.png,dahlia-08,43,90,dahlia-mbkdj9,dahlia-mbkdj9-32.png
Dahlia,dahlia-11-01.png,dahlia-11,158,240,dahlia-wf5crr,dahlia-wf5crr-01.png
Dahlia,dahlia-11-02.png,dahlia-11,144,288,dahlia-wf5crr,dahlia-wf5crr-02.png
Dahlia,dahlia-11-03.png,dahlia-11,151,208,dahlia-wf5crr,dahlia-wf5crr-03.png
Dahlia,dahlia-11-04.png,dahlia-11,170,262,dahlia-wf5crr,dahlia-wf5crr-04.png
Dahlia,dahlia-11-05.png,dahlia-11,282,251,dahlia-wf5crr,dahlia-wf5crr-05.png
Ruellia simplex,ruellia-simplex-12-01.png,ruellia-simplex-12,195,96,ruellia-simplex-p2h6vp,ruellia-simplex-p2h6vp-01.png
Ruellia simplex,ruellia-simplex-12-02.png,ruellia-simplex-12,47,70,ruellia-simplex-p2h6vp,ruellia-simplex-p2h6vp-02.png
Ruellia simplex,ruellia-simplex-12-03.png,ruellia-simplex-12,44,38,ruellia-simplex-p2h6vp,ruellia-simplex-p2h6vp-03.png
Ruellia simplex,ruellia-simplex-12-04.png,ruellia-simplex-12,49,68,ruellia-simplex-p2h6vp,ruellia-simplex-p2h6vp-04.png
Ruellia simplex,ruellia-simplex-12-05.png,ruellia-simplex-12,26,87,ruellia-simplex-p2h6vp,ruellia-simplex-p2h6vp-05.png
Ruellia simplex,ruellia-simplex-12-06.png,ruellia-simplex-12,18,92,ruellia-simplex-p2h6vp,ruellia-simplex-p2h6vp-06.png
Ruellia simplex,ruellia-simplex-12-07.png,ruellia-simplex-12,23,90,ruellia-simplex-p2h6vp,ruellia-simplex-p2h6vp-07.png
Ruellia simplex,ruellia-simplex-12-08.png,ruellia-simplex-12,53,42,ruellia-simplex-p2h6vp,ruellia-simplex-p2h6vp-08.png
Ruellia simplex,ruellia-simplex-12-09.png,ruellia-simplex-12,22,400,ruellia-simplex-p2h6vp,ruellia-simplex-p2h6vp-09.png
Ruellia simplex,ruellia-simplex-12-10.png,ruellia-simplex-12,21,398,ruellia-simplex-p2h6vp,ruellia-simplex-p2h6vp-10.png
Ruellia simplex,ruellia-simplex-12-11.png,ruellia-simplex-12,37,189,ruellia-simplex-p2h6vp,ruellia-simplex-p2h6vp-11.png
Ruellia simplex,ruellia-simplex-12-12.png,ruellia-simplex-12,37,196,ruellia-simplex-p2h6vp,ruellia-simplex-p2h6vp-12.png
Ruellia simplex,ruellia-simplex-12-13.png,ruellia-simplex-12,43,205,ruellia-simplex-p2h6vp,ruellia-simplex-p2h6vp-13.png
Ruellia simplex,ruellia-simplex-12-14.png,ruellia-simplex-12,25,197,ruellia-simplex-p2h6vp,ruellia-simplex-p2h6vp-14.png
Ruellia simplex,ruellia-simplex-12-15.png,ruellia-simplex-12,35,210,ruellia-simplex-p2h6vp,ruellia-simplex-p2h6vp-15.png
Ruellia simplex,ruellia-simplex-12-16.png,ruellia-simplex-12,33,165,ruellia-simplex-p2h6vp,ruellia-simplex-p2h6vp-16.png
Ruellia simplex,ruellia-simplex-12-17.png,ruellia-simplex-12,38,187,ruellia-simplex-p2h6vp,ruellia-simplex-p2h6vp-17.png
Ruellia simplex,ruellia-simplex-12-18.png,ruellia-simplex-12,42,200,ruellia-simplex-p2h6vp,ruellia-simplex-p2h6vp-18.png
Ruellia simplex,ruellia-simplex-12-19.png,ruellia-simplex-12,38,189,ruellia-simplex-p2h6vp,ruellia-simplex-p2h6vp-19.png
Ruellia simplex,ruellia-simplex-12-20.png,ruellia-simplex-12,34,176,ruellia-simplex-p2h6vp,ruellia-simplex-p2h6vp-20.png
Ruellia simplex,ruellia-simplex-12-21.png,ruellia-simplex-12,37,172,ruellia-simplex-p2h6vp,ruellia-simplex-p2h6vp-21.png
Ruellia simplex,ruellia-simplex-12-22.png,ruellia-simplex-12,39,175,ruellia-simplex-p2h6vp,ruellia-simplex-p2h6vp-22.png
Ruellia simplex,ruellia-simplex-12-23.png,ruellia-simplex-12,52,171,ruellia-simplex-p2h6vp,ruellia-simplex-p2h6vp-23.png
Ruellia simplex,ruellia-simplex-12-24.png,ruellia-simplex-12,78,161,ruellia-simplex-p2h6vp,ruellia-simplex-p2h6vp-24.png
Ruellia simplex,ruellia-simplex-12-25.png,ruellia-simplex-12,41,154,ruellia-simplex-p2h6vp,ruellia-simplex-p2h6vp-25.png
Ruellia simplex,ruellia-simplex-09-01.png,ruellia-simplex-09,262,483,ruellia-simplex-gewrzv,ruellia-simplex-gewrzv-01.png
Ruellia simplex,ruellia-simplex-09-02.png,ruellia-simplex-09,286,468,ruellia-simplex-gewrzv,ruellia-simplex-gewrzv-02.png
Ruellia simplex,ruellia-simplex-06-01.png,ruellia-simplex-06,277,494,ruellia-simplex-4l5smr,ruellia-simplex-4l5smr-01.png
Ruellia simplex,ruellia-simplex-06-02.png,ruellia-simplex-06,224,471,ruellia-simplex-4l5smr,ruellia-simplex-4l5smr-02.png
Calla Lily,calla-lily-01-01.png,calla-lily-01,84,494,calla-lily-cx9vzw,calla-lily-cx9vzw-01.png
Calla Lily,calla-lily-01-02.png,calla-lily-01,77,481,calla-lily-cx9vzw,calla-lily-cx9vzw-02.png
Calla Lily,calla-lily-01-03.png,calla-lily-01,92,465,calla-lily-cx9vzw,calla-lily-cx9vzw-03.png
Calla Lily,calla-lily-01-04.png,calla-lily-01,66,443,calla-lily-cx9vzw,calla-lily-cx9vzw-04.png
Calla Lily,calla-lily-03-01.png,calla-lily-03,84,494,calla-lily-jnewuv,calla-lily-jnewuv-01.png
Calla Lily,calla-lily-03-02.png,calla-lily-03,104,491,calla-lily-jnewuv,calla-lily-jnewuv-02.png
Calla Lily,calla-lily-03-03.png,calla-lily-03,88,467,calla-lily-jnewuv,calla-lily-jnewuv-03.png
Calla Lily,calla-lily-03-04.png,calla-lily-03,69,447,calla-lily-jnewuv,calla-lily-jnewuv-04.png
Calla Lily,calla-lily-05-01.png,calla-lily-05,114,482,calla-lily-wt5uhq,calla-lily-wt5uhq-01.png
Calla Lily,calla-lily-05-02.png,calla-lily-05,112,473,calla-lily-wt5uhq,calla-lily-wt5uhq-02.png
Calla Lily,calla-lily-05-03.png,calla-lily-05,102,392,calla-lily-wt5uhq,calla-lily-wt5uhq-03.png
Calla Lily,calla-lily-02-01.png,calla-lily-02,37,494,calla-lily-faaumu,calla-lily-faaumu-01.png
Calla Lily,calla-lily-02-02.png,calla-lily-02,137,485,calla-lily-faaumu,calla-lily-faaumu-02.png
Calla Lily,calla-lily-02-03.png,calla-lily-02,100,481,calla-lily-faaumu,calla-lily-faaumu-03.png
Calla Lily,calla-lily-02-04.png,calla-lily-02,98,439,calla-lily-faaumu,calla-lily-faaumu-04.png
Meadow Flower,meadow-flower-05-01.png,meadow-flower-05,109,486,meadow-flower-nm2a5y,meadow-flower-nm2a5y-01.png
Meadow Flower,meadow-flower-05-02.png,meadow-flower-05,105,481,meadow-flower-nm2a5y,meadow-flower-nm2a5y-02.png
Meadow Flower,meadow-flower-05-03.png,meadow-flower-05,78,460,meadow-flower-nm2a5y,meadow-flower-nm2a5y-03.png
Meadow Flower,meadow-flower-05-04.png,meadow-flower-05,103,490,meadow-flower-nm2a5y,meadow-flower-nm2a5y-04.png
Meadow Flower,meadow-flower-05-05.png,meadow-flower-05,86,482,meadow-flower-nm2a5y,meadow-flower-nm2a5y-05.png
Meadow Flower,meadow-flower-02-01.png,meadow-flower-02,184,494,meadow-flower-adrn7w,meadow-flower-adrn7w-01.png
Meadow Flower,meadow-flower-02-02.png,meadow-flower-02,216,483,meadow-flower-adrn7w,meadow-flower-adrn7w-02.png
Meadow Flower,meadow-flower-03-01.png,meadow-flower-03,116,494,meadow-flower-d3nskn,meadow-flower-d3nskn-01.png
Meadow Flower,meadow-flower-03-02.png,meadow-flower-03,94,487,meadow-flower-d3nskn,meadow-flower-d3nskn-02.png
Meadow Flower,meadow-flower-03-03.png,meadow-flower-03,92,477,meadow-flower-d3nskn,meadow-flower-d3nskn-03.png
Meadow Flower,meadow-flower-03-04.png,meadow-flower-03,62,474,meadow-flower-d3nskn,meadow-flower-d3nskn-04.png
Meadow Flower,meadow-flower-03-05.png,meadow-flower-03,65,474,meadow-flower-d3nskn,meadow-flower-d3nskn-05.png
Meadow Flower,meadow-flower-06-01.png,meadow-flower-06,442,494,meadow-flower-ze2car,meadow-flower-ze2car-01.png
Meadow Flower,meadow-flower-04-01.png,meadow-flower-04,476,494,meadow-flower-h9zew9,meadow-flower-h9zew9-01.png
Hydrangea macrophylla,hydrangea-macrophylla-04-01.png,hydrangea-macrophylla-04,88,71,hydrangea-macrophylla-afvkcz,hydrangea-macrophylla-afvkcz-01.png
Hydrangea macrophylla,hydrangea-macrophylla-04-02.png,hydrangea-macrophylla-04,72,61,hydrangea-macrophylla-afvkcz,hydrangea-macrophylla-afvkcz-02.png
Hydrangea macrophylla,hydrangea-macrophylla-04-03.png,hydrangea-macrophylla-04,27,441,hydrangea-macrophylla-afvkcz,hydrangea-macrophylla-afvkcz-03.png
Hydrangea macrophylla,hydrangea-macrophylla-04-04.png,hydrangea-macrophylla-04,35,37,hydrangea-macrophylla-afvkcz,hydrangea-macrophylla-afvkcz-04.png
Hydrangea macrophylla,hydrangea-macrophylla-04-05.png,hydrangea-macrophylla-04,23,432,hydrangea-macrophylla-afvkcz,hydrangea-macrophylla-afvkcz-05.png
Hydrangea macrophylla,hydrangea-macrophylla-04-06.png,hydrangea-macrophylla-04,21,429,hydrangea-macrophylla-afvkcz,hydrangea-macrophylla-afvkcz-06.png
Hydrangea macrophylla,hydrangea-macrophylla-04-07.png,hydrangea-macrophylla-04,32,31,hydrangea-macrophylla-afvkcz,hydrangea-macrophylla-afvkcz-07.png
Hydrangea macrophylla,hydrangea-macrophylla-04-08.png,hydrangea-macrophylla-04,31,36,hydrangea-macrophylla-afvkcz,hydrangea-macrophylla-afvkcz-08.png
Hydrangea macrophylla,hydrangea-macrophylla-04-09.png,hydrangea-macrophylla-04,33,27,hydrangea-macrophylla-afvkcz,hydrangea-macrophylla-afvkcz-09.png
Hydrangea macrophylla,hydrangea-macrophylla-04-10.png,hydrangea-macrophylla-04,39,40,hydrangea-macrophylla-afvkcz,hydrangea-macrophylla-afvkcz-10.png
Hydrangea macrophylla,hydrangea-macrophylla-04-11.png,hydrangea-macrophylla-04,37,39,hydrangea-macrophylla-afvkcz,hydrangea-macrophylla-afvkcz-11.png
Hydrangea macrophylla,hydrangea-macrophylla-04-12.png,hydrangea-macrophylla-04,35,37,hydrangea-macrophylla-afvkcz,hydrangea-macrophylla-afvkcz-12.png
Hydrangea macrophylla,hydrangea-macrophylla-04-13.png,hydrangea-macrophylla-04,35,37,hydrangea-macrophylla-afvkcz,hydrangea-macrophylla-afvkcz-13.png
Hydrangea macrophylla,hydrangea-macrophylla-04-14.png,hydrangea-macrophylla-04,78,57,hydrangea-macrophylla-afvkcz,hydrangea-macrophylla-afvkcz-14.png
Hydrangea macrophylla,hydrangea-macrophylla-04-15.png,hydrangea-macrophylla-04,76,60,hydrangea-macrophylla-afvkcz,hydrangea-macrophylla-afvkcz-15.png
Hydrangea macrophylla,hydrangea-macrophylla-04-16.png,hydrangea-macrophylla-04,41,38,hydrangea-macrophylla-afvkcz,hydrangea-macrophylla-afvkcz-16.png
Hydrangea macrophylla,hydrangea-macrophylla-04-17.png,hydrangea-macrophylla-04,37,34,hydrangea-macrophylla-afvkcz,hydrangea-macrophylla-afvkcz-17.png
Hydrangea macrophylla,hydrangea-macrophylla-04-18.png,hydrangea-macrophylla-04,33,30,hydrangea-macrophylla-afvkcz,hydrangea-macrophylla-afvkcz-18.png
Hydrangea macrophylla,hydrangea-macrophylla-04-19.png,hydrangea-macrophylla-04,31,28,hydrangea-macrophylla-afvkcz,hydrangea-macrophylla-afvkcz-19.png
Hydrangea macrophylla,hydrangea-macrophylla-04-20.png,hydrangea-macrophylla-04,80,61,hydrangea-macrophylla-afvkcz,hydrangea-macrophylla-afvkcz-20.png
Hydrangea macrophylla,hydrangea-macrophylla-04-21.png,hydrangea-macrophylla-04,37,42,hydrangea-macrophylla-afvkcz,hydrangea-macrophylla-afvkcz-21.png
Hydrangea macrophylla,hydrangea-macrophylla-04-22.png,hydrangea-macrophylla-04,33,30,hydrangea-macrophylla-afvkcz,hydrangea-macrophylla-afvkcz-22.png
Hydrangea macrophylla,hydrangea-macrophylla-04-23.png,hydrangea-macrophylla-04,39,35,hydrangea-macrophylla-afvkcz,hydrangea-macrophylla-afvkcz-23.png
Hydrangea macrophylla,hydrangea-macrophylla-04-24.png,hydrangea-macrophylla-04,34,36,hydrangea-macrophylla-afvkcz,hydrangea-macrophylla-afvkcz-24.png
Hydrangea macrophylla,hydrangea-macrophylla-04-25.png,hydrangea-macrophylla-04,83,75,hydrangea-macrophylla-afvkcz,hydrangea-macrophylla-afvkcz-25.png
Hydrangea macrophylla,hydrangea-macrophylla-04-26.png,hydrangea-macrophylla-04,43,49,hydrangea-macrophylla-afvkcz,hydrangea-macrophylla-afvkcz-26.png
Hydrangea macrophylla,hydrangea-macrophylla-04-27.png,hydrangea-macrophylla-04,37,37,hydrangea-macrophylla-afvkcz,hydrangea-macrophylla-afvkcz-27.png
Hydrangea macrophylla,hydrangea-macrophylla-04-28.png,hydrangea-macrophylla-04,43,33,hydrangea-macrophylla-afvkcz,hydrangea-macrophylla-afvkcz-28.png
Hydrangea macrophylla,hydrangea-macrophylla-04-29.png,hydrangea-macrophylla-04,84,71,hydrangea-macrophylla-afvkcz,hydrangea-macrophylla-afvkcz-29.png
Hydrangea macrophylla,hydrangea-macrophylla-04-30.png,hydrangea-macrophylla-04,86,47,hydrangea-macrophylla-afvkcz,hydrangea-macrophylla-afvkcz-30.png
Hydrangea macrophylla,hydrangea-macrophylla-04-31.png,hydrangea-macrophylla-04,65,100,hydrangea-macrophylla-afvkcz,hydrangea-macrophylla-afvkcz-31.png
Hydrangea macrophylla,hydrangea-macrophylla-04-32.png,hydrangea-macrophylla-04,62,104,hydrangea-macrophylla-afvkcz,hydrangea-macrophylla-afvkcz-32.png
Hydrangea macrophylla,hydrangea-macrophylla-04-33.png,hydrangea-macrophylla-04,25,45,hydrangea-macrophylla-afvkcz,hydrangea-macrophylla-afvkcz-33.png
Hydrangea macrophylla,hydrangea-macrophylla-04-34.png,hydrangea-macrophylla-04,79,119,hydrangea-macrophylla-afvkcz,hydrangea-macrophylla-afvkcz-34.png
Hydrangea macrophylla,hydrangea-macrophylla-04-35.png,hydrangea-macrophylla-04,94,50,hydrangea-macrophylla-afvkcz,hydrangea-macrophylla-afvkcz-35.png
Hydrangea macrophylla,hydrangea-macrophylla-04-36.png,hydrangea-macrophylla-04,41,59,hydrangea-macrophylla-afvkcz,hydrangea-macrophylla-afvkcz-36.png
Hydrangea macrophylla,hydrangea-macrophylla-04-37.png,hydrangea-macrophylla-04,74,104,hydrangea-macrophylla-afvkcz,hydrangea-macrophylla-afvkcz-37.png
Hydrangea macrophylla,hydrangea-macrophylla-04-38.png,hydrangea-macrophylla-04,81,59,hydrangea-macrophylla-afvkcz,hydrangea-macrophylla-afvkcz-38.png
Hydrangea macrophylla,hydrangea-macrophylla-04-39.png,hydrangea-macrophylla-04,62,81,hydrangea-macrophylla-afvkcz,hydrangea-macrophylla-afvkcz-39.png
Hydrangea macrophylla,hydrangea-macrophylla-04-40.png,hydrangea-macrophylla-04,40,60,hydrangea-macrophylla-afvkcz,hydrangea-macrophylla-afvkcz-40.png
Hydrangea macrophylla,hydrangea-macrophylla-04-41.png,hydrangea-macrophylla-04,74,63,hydrangea-macrophylla-afvkcz,hydrangea-macrophylla-afvkcz-41.png
Hydrangea macrophylla,hydrangea-macrophylla-04-42.png,hydrangea-macrophylla-04,68,61,hydrangea-macrophylla-afvkcz,hydrangea-macrophylla-afvkcz-42.png
Hydrangea macrophylla,hydrangea-macrophylla-04-43.png,hydrangea-macrophylla-04,275,26,hydrangea-macrophylla-afvkcz,hydrangea-macrophylla-afvkcz-43.png
Hydrangea macrophylla,hydrangea-macrophylla-03-01.png,hydrangea-macrophylla-03,141,122,hydrangea-macrophylla-9zqhkz,hydrangea-macrophylla-9zqhkz-01.png
Hydrangea macrophylla,hydrangea-macrophylla-03-02.png,hydrangea-macrophylla-03,80,121,hydrangea-macrophylla-9zqhkz,hydrangea-macrophylla-9zqhkz-02.png
Hydrangea macrophylla,hydrangea-macrophylla-03-03.png,hydrangea-macrophylla-03,90,126,hydrangea-macrophylla-9zqhkz,hydrangea-macrophylla-9zqhkz-03.png
Hydrangea macrophylla,hydrangea-macrophylla-03-04.png,hydrangea-macrophylla-03,63,83,hydrangea-macrophylla-9zqhkz,hydrangea-macrophylla-9zqhkz-04.png
Hydrangea macrophylla,hydrangea-macrophylla-03-05.png,hydrangea-macrophylla-03,27,437,hydrangea-macrophylla-9zqhkz,hydrangea-macrophylla-9zqhkz-05.png
Hydrangea macrophylla,hydrangea-macrophylla-03-06.png,hydrangea-macrophylla-03,119,205,hydrangea-macrophylla-9zqhkz,hydrangea-macrophylla-9zqhkz-06.png
Hydrangea macrophylla,hydrangea-macrophylla-03-07.png,hydrangea-macrophylla-03,97,179,hydrangea-macrophylla-9zqhkz,hydrangea-macrophylla-9zqhkz-07.png
Hydrangea macrophylla,hydrangea-macrophylla-03-08.png,hydrangea-macrophylla-03,105,198,hydrangea-macrophylla-9zqhkz,hydrangea-macrophylla-9zqhkz-08.png
Hydrangea macrophylla,hydrangea-macrophylla-03-09.png,hydrangea-macrophylla-03,97,155,hydrangea-macrophylla-9zqhkz,hydrangea-macrophylla-9zqhkz-09.png
Hydrangea macrophylla,hydrangea-macrophylla-03-10.png,hydrangea-macrophylla-03,90,148,hydrangea-macrophylla-9zqhkz,hydrangea-macrophylla-9zqhkz-10.png
Hydrangea macrophylla,hydrangea-macrophylla-03-11.png,hydrangea-macrophylla-03,89,132,hydrangea-macrophylla-9zqhkz,hydrangea-macrophylla-9zqhkz-11.png
Hydrangea macrophylla,hydrangea-macrophylla-03-12.png,hydrangea-macrophylla-03,105,149,hydrangea-macrophylla-9zqhkz,hydrangea-macrophylla-9zqhkz-12.png
Hydrangea macrophylla,hydrangea-macrophylla-05-01.png,hydrangea-macrophylla-05,132,120,hydrangea-macrophylla-e7e26z,hydrangea-macrophylla-e7e26z-01.png
Hydrangea macrophylla,hydrangea-macrophylla-05-02.png,hydrangea-macrophylla-05,79,110,hydrangea-macrophylla-e7e26z,hydrangea-macrophylla-e7e26z-02.png
Hydrangea macrophylla,hydrangea-macrophylla-05-03.png,hydrangea-macrophylla-05,62,110,hydrangea-macrophylla-e7e26z,hydrangea-macrophylla-e7e26z-03.png
Hydrangea macrophylla,hydrangea-macrophylla-05-04.png,hydrangea-macrophylla-05,28,466,hydrangea-macrophylla-e7e26z,hydrangea-macrophylla-e7e26z-04.png
Hydrangea macrophylla,hydrangea-macrophylla-05-05.png,hydrangea-macrophylla-05,26,48,hydrangea-macrophylla-e7e26z,hydrangea-macrophylla-e7e26z-05.png
Hydrangea macrophylla,hydrangea-macrophylla-05-06.png,hydrangea-macrophylla-05,67,104,hydrangea-macrophylla-e7e26z,hydrangea-macrophylla-e7e26z-06.png
Hydrangea macrophylla,hydrangea-macrophylla-05-07.png,hydrangea-macrophylla-05,39,63,hydrangea-macrophylla-e7e26z,hydrangea-macrophylla-e7e26z-07.png
Hydrangea macrophylla,hydrangea-macrophylla-05-08.png,hydrangea-macrophylla-05,110,180,hydrangea-macrophylla-e7e26z,hydrangea-macrophylla-e7e26z-08.png
Hydrangea macrophylla,hydrangea-macrophylla-05-09.png,hydrangea-macrophylla-05,124,201,hydrangea-macrophylla-e7e26z,hydrangea-macrophylla-e7e26z-09.png
Hydrangea macrophylla,hydrangea-macrophylla-05-10.png,hydrangea-macrophylla-05,112,198,hydrangea-macrophylla-e7e26z,hydrangea-macrophylla-e7e26z-10.png
Hydrangea macrophylla,hydrangea-macrophylla-05-11.png,hydrangea-macrophylla-05,98,157,hydrangea-macrophylla-e7e26z,hydrangea-macrophylla-e7e26z-11.png
Hydrangea macrophylla,hydrangea-macrophylla-05-12.png,hydrangea-macrophylla-05,152,121,hydrangea-macrophylla-e7e26z,hydrangea-macrophylla-e7e26z-12.png
Hydrangea macrophylla,hydrangea-macrophylla-05-13.png,hydrangea-macrophylla-05,178,110,hydrangea-macrophylla-e7e26z,hydrangea-macrophylla-e7e26z-13.png
Hydrangea macrophylla,hydrangea-macrophylla-08-01.png,hydrangea-macrophylla-08,190,171,hydrangea-macrophylla-wphy76,hydrangea-macrophylla-wphy76-01.png
Hydrangea macrophylla,hydrangea-macrophylla-08-02.png,hydrangea-macrophylla-08,110,167,hydrangea-macrophylla-wphy76,hydrangea-macrophylla-wphy76-02.png
Hydrangea macrophylla,hydrangea-macrophylla-08-03.png,hydrangea-macrophylla-08,112,161,hydrangea-macrophylla-wphy76,hydrangea-macrophylla-wphy76-03.png
Hydrangea macrophylla,hydrangea-macrophylla-08-04.png,hydrangea-macrophylla-08,20,444,hydrangea-macrophylla-wphy76,hydrangea-macrophylla-wphy76-04.png
Hydrangea macrophylla,hydrangea-macrophylla-08-05.png,hydrangea-macrophylla-08,124,208,hydrangea-macrophylla-wphy76,hydrangea-macrophylla-wphy76-05.png
Hydrangea macrophylla,hydrangea-macrophylla-08-06.png,hydrangea-macrophylla-08,126,191,hydrangea-macrophylla-wphy76,hydrangea-macrophylla-wphy76-06.png
Hydrangea macrophylla,hydrangea-macrophylla-08-07.png,hydrangea-macrophylla-08,115,190,hydrangea-macrophylla-wphy76,hydrangea-macrophylla-wphy76-07.png
Hydrangea macrophylla,hydrangea-macrophylla-08-08.png,hydrangea-macrophylla-08,128,81,hydrangea-macrophylla-wphy76,hydrangea-macrophylla-wphy76-08.png
Hydrangea macrophylla,hydrangea-macrophylla-08-09.png,hydrangea-macrophylla-08,173,95,hydrangea-macrophylla-wphy76,hydrangea-macrophylla-wphy76-09.png
Hydrangea macrophylla,hydrangea-macrophylla-08-10.png,hydrangea-macrophylla-08,118,76,hydrangea-macrophylla-wphy76,hydrangea-macrophylla-wphy76-10.png
Hydrangea macrophylla,hydrangea-macrophylla-09-01.png,hydrangea-macrophylla-09,144,116,hydrangea-macrophylla-y8v9pv,hydrangea-macrophylla-y8v9pv-01.png
Hydrangea macrophylla,hydrangea-macrophylla-09-02.png,hydrangea-macrophylla-09,36,56,hydrangea-macrophylla-y8v9pv,hydrangea-macrophylla-y8v9pv-02.png
Hydrangea macrophylla,hydrangea-macrophylla-09-03.png,hydrangea-macrophylla-09,175,102,hydrangea-macrophylla-y8v9pv,hydrangea-macrophylla-y8v9pv-03.png
Hydrangea macrophylla,hydrangea-macrophylla-09-04.png,hydrangea-macrophylla-09,48,472,hydrangea-macrophylla-y8v9pv,hydrangea-macrophylla-y8v9pv-04.png
Hydrangea macrophylla,hydrangea-macrophylla-09-05.png,hydrangea-macrophylla-09,42,61,hydrangea-macrophylla-y8v9pv,hydrangea-macrophylla-y8v9pv-05.png
Hydrangea macrophylla,hydrangea-macrophylla-09-06.png,hydrangea-macrophylla-09,112,170,hydrangea-macrophylla-y8v9pv,hydrangea-macrophylla-y8v9pv-06.png
Hydrangea macrophylla,hydrangea-macrophylla-09-07.png,hydrangea-macrophylla-09,105,174,hydrangea-macrophylla-y8v9pv,hydrangea-macrophylla-y8v9pv-07.png
Hydrangea macrophylla,hydrangea-macrophylla-09-08.png,hydrangea-macrophylla-09,106,152,hydrangea-macrophylla-y8v9pv,hydrangea-macrophylla-y8v9pv-08.png
Hydrangea macrophylla,hydrangea-macrophylla-09-09.png,hydrangea-macrophylla-09,123,187,hydrangea-macrophylla-y8v9pv,hydrangea-macrophylla-y8v9pv-09.png
Hydrangea macrophylla,hydrangea-macrophylla-09-10.png,hydrangea-macrophylla-09,120,189,hydrangea-macrophylla-y8v9pv,hydrangea-macrophylla-y8v9pv-10.png
Hydrangea macrophylla,hydrangea-macrophylla-09-11.png,hydrangea-macrophylla-09,113,188,hydrangea-macrophylla-y8v9pv,hydrangea-macrophylla-y8v9pv-11.png
Hydrangea macrophylla,hydrangea-macrophylla-07-01.png,hydrangea-macrophylla-07,250,442,hydrangea-macrophylla-qagmwt,hydrangea-macrophylla-qagmwt-01.png
Hydrangea macrophylla,hydrangea-macrophylla-07-02.png,hydrangea-macrophylla-07,263,437,hydrangea-macrophylla-qagmwt,hydrangea-macrophylla-qagmwt-02.png
Hydrangea macrophylla,hydrangea-macrophylla-06-01.png,hydrangea-macrophylla-06,242,449,hydrangea-macrophylla-k7xavv,hydrangea-macrophylla-k7xavv-01.png
Hydrangea macrophylla,hydrangea-macrophylla-06-02.png,hydrangea-macrophylla-06,260,440,hydrangea-macrophylla-k7xavv,hydrangea-macrophylla-k7xavv-02.png
Glaucium flavum,glaucium-flavum-05-01.png,glaucium-flavum-05,58,111,glaucium-flavum-qwjsw7,glaucium-flavum-qwjsw7-01.png
Glaucium flavum,glaucium-flavum-05-02.png,glaucium-flavum-05,85,117,glaucium-flavum-qwjsw7,glaucium-flavum-qwjsw7-02.png
Glaucium flavum,glaucium-flavum-05-03.png,glaucium-flavum-05,82,135,glaucium-flavum-qwjsw7,glaucium-flavum-qwjsw7-03.png
Glaucium flavum,glaucium-flavum-05-04.png,glaucium-flavum-05,20,97,glaucium-flavum-qwjsw7,glaucium-flavum-qwjsw7-04.png
Glaucium flavum,glaucium-flavum-05-05.png,glaucium-flavum-05,18,81,glaucium-flavum-qwjsw7,glaucium-flavum-qwjsw7-05.png
Glaucium flavum,glaucium-flavum-05-06.png,glaucium-flavum-05,116,463,glaucium-flavum-qwjsw7,glaucium-flavum-qwjsw7-06.png
Glaucium flavum,glaucium-flavum-05-07.png,glaucium-flavum-05,46,40,glaucium-flavum-qwjsw7,glaucium-flavum-qwjsw7-07.png
Glaucium flavum,glaucium-flavum-05-08.png,glaucium-flavum-05,63,65,glaucium-flavum-qwjsw7,glaucium-flavum-qwjsw7-08.png
Glaucium flavum,glaucium-flavum-05-09.png,glaucium-flavum-05,99,154,glaucium-flavum-qwjsw7,glaucium-flavum-qwjsw7-09.png
Glaucium flavum,glaucium-flavum-05-10.png,glaucium-flavum-05,82,138,glaucium-flavum-qwjsw7,glaucium-flavum-qwjsw7-10.png
Glaucium flavum,glaucium-flavum-05-11.png,glaucium-flavum-05,103,128,glaucium-flavum-qwjsw7,glaucium-flavum-qwjsw7-11.png
Glaucium flavum,glaucium-flavum-05-12.png,glaucium-flavum-05,32,37,glaucium-flavum-qwjsw7,glaucium-flavum-qwjsw7-12.png
Glaucium flavum,glaucium-flavum-05-13.png,glaucium-flavum-05,43,41,glaucium-flavum-qwjsw7,glaucium-flavum-qwjsw7-13.png
Glaucium flavum,glaucium-flavum-05-14.png,glaucium-flavum-05,75,92,glaucium-flavum-qwjsw7,glaucium-flavum-qwjsw7-14.png
Glaucium flavum,glaucium-flavum-05-15.png,glaucium-flavum-05,45,38,glaucium-flavum-qwjsw7,glaucium-flavum-qwjsw7-15.png
Glaucium flavum,glaucium-flavum-05-16.png,glaucium-flavum-05,91,194,glaucium-flavum-qwjsw7,glaucium-flavum-qwjsw7-16.png
Glaucium flavum,glaucium-flavum-05-17.png,glaucium-flavum-05,102,197,glaucium-flavum-qwjsw7,glaucium-flavum-qwjsw7-17.png
Glaucium flavum,glaucium-flavum-05-18.png,glaucium-flavum-05,45,39,glaucium-flavum-qwjsw7,glaucium-flavum-qwjsw7-18.png
Glaucium flavum,glaucium-flavum-05-19.png,glaucium-flavum-05,95,157,glaucium-flavum-qwjsw7,glaucium-flavum-qwjsw7-19.png
Glaucium flavum,glaucium-flavum-05-20.png,glaucium-flavum-05,66,104,glaucium-flavum-qwjsw7,glaucium-flavum-qwjsw7-20.png
Glaucium flavum,glaucium-flavum-05-21.png,glaucium-flavum-05,35,41,glaucium-flavum-qwjsw7,glaucium-flavum-qwjsw7-21.png
Glaucium flavum,glaucium-flavum-05-22.png,glaucium-flavum-05,36,40,glaucium-flavum-qwjsw7,glaucium-flavum-qwjsw7-22.png
Glaucium flavum,glaucium-flavum-05-23.png,glaucium-flavum-05,24,38,glaucium-flavum-qwjsw7,glaucium-flavum-qwjsw7-23.png
Glaucium flavum,glaucium-flavum-04-01.png,glaucium-flavum-04,90,336,glaucium-flavum-9hnv3d,glaucium-flavum-9hnv3d-01.png
Glaucium flavum,glaucium-flavum-04-02.png,glaucium-flavum-04,77,269,glaucium-flavum-9hnv3d,glaucium-flavum-9hnv3d-02.png
Glaucium flavum,glaucium-flavum-04-03.png,glaucium-flavum-04,152,295,glaucium-flavum-9hnv3d,glaucium-flavum-9hnv3d-03.png
Glaucium flavum,glaucium-flavum-04-04.png,glaucium-flavum-04,106,303,glaucium-flavum-9hnv3d,glaucium-flavum-9hnv3d-04.png
Glaucium flavum,glaucium-flavum-04-05.png,glaucium-flavum-04,478,160,glaucium-flavum-9hnv3d,glaucium-flavum-9hnv3d-05.png
Glaucium flavum,glaucium-flavum-01-01.png,glaucium-flavum-01,462,494,glaucium-flavum-472c7b,glaucium-flavum-472c7b-01.png
Glaucium flavum,glaucium-flavum-06-01.png,glaucium-flavum-06,133,306,glaucium-flavum-qzqmbp,glaucium-flavum-qzqmbp-01.png
Glaucium flavum,glaucium-flavum-06-02.png,glaucium-flavum-06,133,308,glaucium-flavum-qzqmbp,glaucium-flavum-qzqmbp-02.png
Glaucium flavum,glaucium-flavum-06-03.png,glaucium-flavum-06,185,295,glaucium-flavum-qzqmbp,glaucium-flavum-qzqmbp-03.png
Glaucium flavum,glaucium-flavum-06-04.png,glaucium-flavum-06,219,107,glaucium-flavum-qzqmbp,glaucium-flavum-qzqmbp-04.png
Glaucium flavum,glaucium-flavum-06-05.png,glaucium-flavum-06,231,98,glaucium-flavum-qzqmbp,glaucium-flavum-qzqmbp-05.png
Glaucium flavum,glaucium-flavum-06-06.png,glaucium-flavum-06,200,66,glaucium-flavum-qzqmbp,glaucium-flavum-qzqmbp-06.png
Glaucium flavum,glaucium-flavum-06-07.png,glaucium-flavum-06,182,48,glaucium-flavum-qzqmbp,glaucium-flavum-qzqmbp-07.png
Glaucium flavum,glaucium-flavum-02-01.png,glaucium-flavum-02,499,494,glaucium-flavum-7znuar,glaucium-flavum-7znuar-01.png
Glaucium flavum,glaucium-flavum-07-01.png,glaucium-flavum-07,439,494,glaucium-flavum-xhgnt7,glaucium-flavum-xhgnt7-01.png
Glaucium flavum,glaucium-flavum-09-01.png,glaucium-flavum-09,438,494,glaucium-flavum-zgpsxj,glaucium-flavum-zgpsxj-01.png
Glaucium flavum,glaucium-flavum-08-01.png,glaucium-flavum-08,208,494,glaucium-flavum-ybfrrr,glaucium-flavum-ybfrrr-01.png
Glaucium flavum,glaucium-flavum-08-02.png,glaucium-flavum-08,286,465,glaucium-flavum-ybfrrr,glaucium-flavum-ybfrrr-02.png
Glaucium flavum,glaucium-flavum-03-01.png,glaucium-flavum-03,398,494,glaucium-flavum-83g87g,glaucium-flavum-83g87g-01.png
Gazania,gazania-03-01.png,gazania-03,99,93,gazania-harcrf,gazania-harcrf-01.png
Gazania,gazania-03-02.png,gazania-03,75,294,gazania-harcrf,gazania-harcrf-02.png
Gazania,gazania-03-03.png,gazania-03,80,287,gazania-harcrf,gazania-harcrf-03.png
Gazania,gazania-03-04.png,gazania-03,74,302,gazania-harcrf,gazania-harcrf-04.png
Gazania,gazania-03-05.png,gazania-03,70,286,gazania-harcrf,gazania-harcrf-05.png
Gazania,gazania-03-06.png,gazania-03,86,85,gazania-harcrf,gazania-harcrf-06.png
Gazania,gazania-03-07.png,gazania-03,97,83,gazania-harcrf,gazania-harcrf-07.png
Gazania,gazania-03-08.png,gazania-03,93,83,gazania-harcrf,gazania-harcrf-08.png
Gazania,gazania-03-09.png,gazania-03,39,182,gazania-harcrf,gazania-harcrf-09.png
Gazania,gazania-03-10.png,gazania-03,36,188,gazania-harcrf,gazania-harcrf-10.png
Gazania,gazania-03-11.png,gazania-03,49,181,gazania-harcrf,gazania-harcrf-11.png
Gazania,gazania-03-12.png,gazania-03,41,168,gazania-harcrf,gazania-harcrf-12.png
Gazania,gazania-03-13.png,gazania-03,20,41,gazania-harcrf,gazania-harcrf-13.png
Gazania,gazania-03-14.png,gazania-03,19,43,gazania-harcrf,gazania-harcrf-14.png
Gazania,gazania-03-15.png,gazania-03,33,31,gazania-harcrf,gazania-harcrf-15.png
Gazania,gazania-03-16.png,gazania-03,33,29,gazania-harcrf,gazania-harcrf-16.png
Gazania,gazania-03-17.png,gazania-03,19,41,gazania-harcrf,gazania-harcrf-17.png
Gazania,gazania-03-18.png,gazania-03,18,41,gazania-harcrf,gazania-harcrf-18.png
Gazania,gazania-03-19.png,gazania-03,97,91,gazania-harcrf,gazania-harcrf-19.png
Gazania,gazania-03-20.png,gazania-03,55,50,gazania-harcrf,gazania-harcrf-20.png
Gazania,gazania-03-21.png,gazania-03,20,43,gazania-harcrf,gazania-harcrf-21.png
Gazania,gazania-03-22.png,gazania-03,19,44,gazania-harcrf,gazania-harcrf-22.png
Gazania,gazania-03-23.png,gazania-03,19,40,gazania-harcrf,gazania-harcrf-23.png
Gazania,gazania-02-01.png,gazania-02,142,458,gazania-7rx6tx,gazania-7rx6tx-01.png
Gazania,gazania-02-02.png,gazania-02,130,451,gazania-7rx6tx,gazania-7rx6tx-02.png
Gazania,gazania-02-03.png,gazania-02,197,451,gazania-7rx6tx,gazania-7rx6tx-03.png
Gazania,gazania-04-01.png,gazania-04,141,484,gazania-pva4kt,gazania-pva4kt-01.png
Gazania,gazania-04-02.png,gazania-04,156,489,gazania-pva4kt,gazania-pva4kt-02.png
Gazania,gazania-04-03.png,gazania-04,198,455,gazania-pva4kt,gazania-pva4kt-03.png
Gazania,gazania-05-01.png,gazania-05,267,443,gazania-qbfsup,gazania-qbfsup-01.png
Gazania,gazania-05-02.png,gazania-05,203,397,gazania-qbfsup,gazania-qbfsup-02.png
Trifolium purpureum,trifolium-purpureum-02-01.png,trifolium-purpureum-02,42,328,islant-flowers-zdszkg,islant-flowers-zdszkg-01.png
Trifolium purpureum,trifolium-purpureum-02-02.png,trifolium-purpureum-02,41,325,islant-flowers-zdszkg,islant-flowers-zdszkg-02.png
Trifolium purpureum,trifolium-purpureum-02-03.png,trifolium-purpureum-02,48,316,islant-flowers-zdszkg,islant-flowers-zdszkg-03.png
Trifolium purpureum,trifolium-purpureum-02-04.png,trifolium-purpureum-02,63,325,islant-flowers-zdszkg,islant-flowers-zdszkg-04.png
Trifolium purpureum,trifolium-purpureum-02-05.png,trifolium-purpureum-02,74,326,islant-flowers-zdszkg,islant-flowers-zdszkg-05.png
Trifolium purpureum,trifolium-purpureum-02-06.png,trifolium-purpureum-02,70,289,islant-flowers-zdszkg,islant-flowers-zdszkg-06.png
Trifolium purpureum,trifolium-purpureum-02-07.png,trifolium-purpureum-02,116,30,islant-flowers-zdszkg,islant-flowers-zdszkg-07.png
Trifolium purpureum,trifolium-purpureum-02-08.png,trifolium-purpureum-02,316,66,islant-flowers-zdszkg,islant-flowers-zdszkg-08.png
Trifolium purpureum,trifolium-purpureum-02-09.png,trifolium-purpureum-02,166,38,islant-flowers-zdszkg,islant-flowers-zdszkg-09.png
Trifolium purpureum,trifolium-purpureum-02-10.png,trifolium-purpureum-02,109,41,islant-flowers-zdszkg,islant-flowers-zdszkg-10.png
Trifolium purpureum,trifolium-purpureum-02-11.png,trifolium-purpureum-02,350,73,islant-flowers-zdszkg,islant-flowers-zdszkg-11.png
Trifolium purpureum,trifolium-purpureum-01-01.png,trifolium-purpureum-01,35,323,islant-flowers-nhj4kw,islant-flowers-nhj4kw-01.png
Trifolium purpureum,trifolium-purpureum-01-02.png,trifolium-purpureum-01,42,305,islant-flowers-nhj4kw,islant-flowers-nhj4kw-02.png
Trifolium purpureum,trifolium-purpureum-01-03.png,trifolium-purpureum-01,48,345,islant-flowers-nhj4kw,islant-flowers-nhj4kw-03.png
Trifolium purpureum,trifolium-purpureum-01-04.png,trifolium-purpureum-01,42,352,islant-flowers-nhj4kw,islant-flowers-nhj4kw-04.png
Trifolium purpureum,trifolium-purpureum-01-05.png,trifolium-purpureum-01,63,317,islant-flowers-nhj4kw,islant-flowers-nhj4kw-05.png
Trifolium purpureum,trifolium-purpureum-01-06.png,trifolium-purpureum-01,76,352,islant-flowers-nhj4kw,islant-flowers-nhj4kw-06.png
Trifolium purpureum,trifolium-purpureum-01-07.png,trifolium-purpureum-01,43,299,islant-flowers-nhj4kw,islant-flowers-nhj4kw-07.png
Trifolium purpureum,trifolium-purpureum-01-08.png,trifolium-purpureum-01,292,58,islant-flowers-nhj4kw,islant-flowers-nhj4kw-08.png
Trifolium purpureum,trifolium-purpureum-01-09.png,trifolium-purpureum-01,149,35,islant-flowers-nhj4kw,islant-flowers-nhj4kw-09.png
Trifolium purpureum,trifolium-purpureum-01-10.png,trifolium-purpureum-01,170,43,islant-flowers-nhj4kw,islant-flowers-nhj4kw-10.png
Trifolium purpureum,trifolium-purpureum-01-11.png,trifolium-purpureum-01,285,40,islant-flowers-nhj4kw,islant-flowers-nhj4kw-11.png
Achillea tomentosa,achillea-tomentosa-02-01.png,achillea-tomentosa-02,141,224,achillea-tomentosa-mt7tqm9,achillea-tomentosa-mt7tqm9-01.png
Achillea tomentosa,achillea-tomentosa-02-02.png,achillea-tomentosa-02,129,233,achillea-tomentosa-mt7tqm9,achillea-tomentosa-mt7tqm9-02.png
Achillea tomentosa,achillea-tomentosa-02-03.png,achillea-tomentosa-02,142,235,achillea-tomentosa-mt7tqm9,achillea-tomentosa-mt7tqm9-03.png
Achillea tomentosa,achillea-tomentosa-02-04.png,achillea-tomentosa-02,146,237,achillea-tomentosa-mt7tqm9,achillea-tomentosa-mt7tqm9-04.png
Achillea tomentosa,achillea-tomentosa-02-05.png,achillea-tomentosa-02,80,218,achillea-tomentosa-mt7tqm9,achillea-tomentosa-mt7tqm9-05.png
Achillea tomentosa,achillea-tomentosa-02-06.png,achillea-tomentosa-02,77,202,achillea-tomentosa-mt7tqm9,achillea-tomentosa-mt7tqm9-06.png
Achillea tomentosa,achillea-tomentosa-02-07.png,achillea-tomentosa-02,94,207,achillea-tomentosa-mt7tqm9,achillea-tomentosa-mt7tqm9-07.png
Achillea tomentosa,achillea-tomentosa-03-01.png,achillea-tomentosa-03,40,203,achillea-tomentosa-rgmz5w5,achillea-tomentosa-rgmz5w5-01.png
Achillea tomentosa,achillea-tomentosa-03-02.png,achillea-tomentosa-03,41,233,achillea-tomentosa-rgmz5w5,achillea-tomentosa-rgmz5w5-02.png
Achillea tomentosa,achillea-tomentosa-03-03.png,achillea-tomentosa-03,38,214,achillea-tomentosa-rgmz5w5,achillea-tomentosa-rgmz5w5-03.png
Achillea tomentosa,achillea-tomentosa-03-04.png,achillea-tomentosa-03,40,228,achillea-tomentosa-rgmz5w5,achillea-tomentosa-rgmz5w5-04.png
Achillea tomentosa,achillea-tomentosa-03-05.png,achillea-tomentosa-03,42,221,achillea-tomentosa-rgmz5w5,achillea-tomentosa-rgmz5w5-05.png
Achillea tomentosa,achillea-tomentosa-03-06.png,achillea-tomentosa-03,45,212,achillea-tomentosa-rgmz5w5,achillea-tomentosa-rgmz5w5-06.png
Achillea tomentosa,achillea-tomentosa-03-07.png,achillea-tomentosa-03,49,222,achillea-tomentosa-rgmz5w5,achillea-tomentosa-rgmz5w5-07.png
Achillea tomentosa,achillea-tomentosa-03-08.png,achillea-tomentosa-03,35,232,achillea-tomentosa-rgmz5w5,achillea-tomentosa-rgmz5w5-08.png
Achillea tomentosa,achillea-tomentosa-03-09.png,achillea-tomentosa-03,42,218,achillea-tomentosa-rgmz5w5,achillea-tomentosa-rgmz5w5-09.png
Achillea tomentosa,achillea-tomentosa-03-10.png,achillea-tomentosa-03,33,197,achillea-tomentosa-rgmz5w5,achillea-tomentosa-rgmz5w5-10.png
Achillea tomentosa,achillea-tomentosa-03-11.png,achillea-tomentosa-03,54,179,achillea-tomentosa-rgmz5w5,achillea-tomentosa-rgmz5w5-11.png
Achillea tomentosa,achillea-tomentosa-03-12.png,achillea-tomentosa-03,37,182,achillea-tomentosa-rgmz5w5,achillea-tomentosa-rgmz5w5-12.png
Achillea tomentosa,achillea-tomentosa-03-13.png,achillea-tomentosa-03,31,186,achillea-tomentosa-rgmz5w5,achillea-tomentosa-rgmz5w5-13.png
Achillea tomentosa,achillea-tomentosa-03-14.png,achillea-tomentosa-03,51,204,achillea-tomentosa-rgmz5w5,achillea-tomentosa-rgmz5w5-14.png
Achillea tomentosa,achillea-tomentosa-03-15.png,achillea-tomentosa-03,35,196,achillea-tomentosa-rgmz5w5,achillea-tomentosa-rgmz5w5-15.png
Achillea tomentosa,achillea-tomentosa-03-16.png,achillea-tomentosa-03,36,194,achillea-tomentosa-rgmz5w5,achillea-tomentosa-rgmz5w5-16.png
Achillea tomentosa,achillea-tomentosa-03-17.png,achillea-tomentosa-03,31,193,achillea-tomentosa-rgmz5w5,achillea-tomentosa-rgmz5w5-17.png
Achillea tomentosa,achillea-tomentosa-03-18.png,achillea-tomentosa-03,203,43,achillea-tomentosa-rgmz5w5,achillea-tomentosa-rgmz5w5-18.png
Achillea tomentosa,achillea-tomentosa-03-19.png,achillea-tomentosa-03,206,36,achillea-tomentosa-rgmz5w5,achillea-tomentosa-rgmz5w5-19.png
Achillea tomentosa,achillea-tomentosa-01-01.png,achillea-tomentosa-01,32,193,achillea-tomentosa-khxmbm5,achillea-tomentosa-khxmbm5-01.png
Achillea tomentosa,achillea-tomentosa-01-02.png,achillea-tomentosa-01,34,197,achillea-tomentosa-khxmbm5,achillea-tomentosa-khxmbm5-02.png
Achillea tomentosa,achillea-tomentosa-01-03.png,achillea-tomentosa-01,34,204,achillea-tomentosa-khxmbm5,achillea-tomentosa-khxmbm5-03.png
Achillea tomentosa,achillea-tomentosa-01-04.png,achillea-tomentosa-01,43,191,achillea-tomentosa-khxmbm5,achillea-tomentosa-khxmbm5-04.png
Achillea tomentosa,achillea-tomentosa-01-05.png,achillea-tomentosa-01,38,206,achillea-tomentosa-khxmbm5,achillea-tomentosa-khxmbm5-05.png
Achillea tomentosa,achillea-tomentosa-01-06.png,achillea-tomentosa-01,32,204,achillea-tomentosa-khxmbm5,achillea-tomentosa-khxmbm5-06.png
Achillea tomentosa,achillea-tomentosa-01-07.png,achillea-tomentosa-01,29,187,achillea-tomentosa-khxmbm5,achillea-tomentosa-khxmbm5-07.png
Achillea tomentosa,achillea-tomentosa-01-08.png,achillea-tomentosa-01,39,173,achillea-tomentosa-khxmbm5,achillea-tomentosa-khxmbm5-08.png
Achillea tomentosa,achillea-tomentosa-01-09.png,achillea-tomentosa-01,39,195,achillea-tomentosa-khxmbm5,achillea-tomentosa-khxmbm5-09.png
Achillea tomentosa,achillea-tomentosa-01-10.png,achillea-tomentosa-01,40,182,achillea-tomentosa-khxmbm5,achillea-tomentosa-khxmbm5-10.png
Achillea tomentosa,achillea-tomentosa-01-11.png,achillea-tomentosa-01,33,193,achillea-tomentosa-khxmbm5,achillea-tomentosa-khxmbm5-11.png
Achillea tomentosa,achillea-tomentosa-01-12.png,achillea-tomentosa-01,28,197,achillea-tomentosa-khxmbm5,achillea-tomentosa-khxmbm5-12.png
Achillea tomentosa,achillea-tomentosa-01-13.png,achillea-tomentosa-01,23,188,achillea-tomentosa-khxmbm5,achillea-tomentosa-khxmbm5-13.png
Achillea tomentosa,achillea-tomentosa-01-14.png,achillea-tomentosa-01,41,199,achillea-tomentosa-khxmbm5,achillea-tomentosa-khxmbm5-14.png
Achillea tomentosa,achillea-tomentosa-01-15.png,achillea-tomentosa-01,23,191,achillea-tomentosa-khxmbm5,achillea-tomentosa-khxmbm5-15.png
Achillea tomentosa,achillea-tomentosa-01-16.png,achillea-tomentosa-01,36,189,achillea-tomentosa-khxmbm5,achillea-tomentosa-khxmbm5-16.png
Achillea tomentosa,achillea-tomentosa-01-17.png,achillea-tomentosa-01,31,198,achillea-tomentosa-khxmbm5,achillea-tomentosa-khxmbm5-17.png
Achillea tomentosa,achillea-tomentosa-01-18.png,achillea-tomentosa-01,25,176,achillea-tomentosa-khxmbm5,achillea-tomentosa-khxmbm5-18.png
Achillea tomentosa,achillea-tomentosa-01-19.png,achillea-tomentosa-01,24,176,achillea-tomentosa-khxmbm5,achillea-tomentosa-khxmbm5-19.png
Achillea tomentosa,achillea-tomentosa-01-20.png,achillea-tomentosa-01,180,32,achillea-tomentosa-khxmbm5,achillea-tomentosa-khxmbm5-20.png
Achillea tomentosa,achillea-tomentosa-01-21.png,achillea-tomentosa-01,194,26,achillea-tomentosa-khxmbm5,achillea-tomentosa-khxmbm5-21.png
Achillea tomentosa,achillea-tomentosa-01-22.png,achillea-tomentosa-01,219,40,achillea-tomentosa-khxmbm5,achillea-tomentosa-khxmbm5-22.png
Achillea tomentosa,achillea-tomentosa-01-23.png,achillea-tomentosa-01,218,29,achillea-tomentosa-khxmbm5,achillea-tomentosa-khxmbm5-23.png
Matricaria chamomilla,matricaria-chamomilla-08-01.png,matricaria-chamomilla-08,79,202,matricaria-chamomilla-pesqpne,matricaria-chamomilla-pesqpne-01.png
Matricaria chamomilla,matricaria-chamomilla-08-02.png,matricaria-chamomilla-08,68,223,matricaria-chamomilla-pesqpne,matricaria-chamomilla-pesqpne-02.png
Matricaria chamomilla,matricaria-chamomilla-08-03.png,matricaria-chamomilla-08,29,30,matricaria-chamomilla-pesqpne,matricaria-chamomilla-pesqpne-03.png
Matricaria chamomilla,matricaria-chamomilla-08-04.png,matricaria-chamomilla-08,85,163,matricaria-chamomilla-pesqpne,matricaria-chamomilla-pesqpne-04.png
Matricaria chamomilla,matricaria-chamomilla-08-05.png,matricaria-chamomilla-08,73,183,matricaria-chamomilla-pesqpne,matricaria-chamomilla-pesqpne-05.png
Matricaria chamomilla,matricaria-chamomilla-08-06.png,matricaria-chamomilla-08,27,185,matricaria-chamomilla-pesqpne,matricaria-chamomilla-pesqpne-06.png
Matricaria chamomilla,matricaria-chamomilla-08-07.png,matricaria-chamomilla-08,29,29,matricaria-chamomilla-pesqpne,matricaria-chamomilla-pesqpne-07.png
Matricaria chamomilla,matricaria-chamomilla-08-08.png,matricaria-chamomilla-08,30,29,matricaria-chamomilla-pesqpne,matricaria-chamomilla-pesqpne-08.png
Matricaria chamomilla,matricaria-chamomilla-08-09.png,matricaria-chamomilla-08,25,27,matricaria-chamomilla-pesqpne,matricaria-chamomilla-pesqpne-09.png
Matricaria chamomilla,matricaria-chamomilla-08-10.png,matricaria-chamomilla-08,28,30,matricaria-chamomilla-pesqpne,matricaria-chamomilla-pesqpne-10.png
Matricaria chamomilla,matricaria-chamomilla-08-11.png,matricaria-chamomilla-08,26,31,matricaria-chamomilla-pesqpne,matricaria-chamomilla-pesqpne-11.png
Matricaria chamomilla,matricaria-chamomilla-08-12.png,matricaria-chamomilla-08,33,223,matricaria-chamomilla-pesqpne,matricaria-chamomilla-pesqpne-12.png
Matricaria chamomilla,matricaria-chamomilla-08-13.png,matricaria-chamomilla-08,28,215,matricaria-chamomilla-pesqpne,matricaria-chamomilla-pesqpne-13.png
Matricaria chamomilla,matricaria-chamomilla-08-14.png,matricaria-chamomilla-08,24,183,matricaria-chamomilla-pesqpne,matricaria-chamomilla-pesqpne-14.png
Matricaria chamomilla,matricaria-chamomilla-08-15.png,matricaria-chamomilla-08,66,196,matricaria-chamomilla-pesqpne,matricaria-chamomilla-pesqpne-15.png
Matricaria chamomilla,matricaria-chamomilla-08-16.png,matricaria-chamomilla-08,28,28,matricaria-chamomilla-pesqpne,matricaria-chamomilla-pesqpne-16.png
Matricaria chamomilla,matricaria-chamomilla-08-17.png,matricaria-chamomilla-08,35,198,matricaria-chamomilla-pesqpne,matricaria-chamomilla-pesqpne-17.png
Matricaria chamomilla,matricaria-chamomilla-08-18.png,matricaria-chamomilla-08,73,194,matricaria-chamomilla-pesqpne,matricaria-chamomilla-pesqpne-18.png
Matricaria chamomilla,matricaria-chamomilla-08-19.png,matricaria-chamomilla-08,30,30,matricaria-chamomilla-pesqpne,matricaria-chamomilla-pesqpne-19.png
Matricaria chamomilla,matricaria-chamomilla-08-20.png,matricaria-chamomilla-08,31,32,matricaria-chamomilla-pesqpne,matricaria-chamomilla-pesqpne-20.png
Matricaria chamomilla,matricaria-chamomilla-08-21.png,matricaria-chamomilla-08,33,30,matricaria-chamomilla-pesqpne,matricaria-chamomilla-pesqpne-21.png
Matricaria chamomilla,matricaria-chamomilla-08-22.png,matricaria-chamomilla-08,27,29,matricaria-chamomilla-pesqpne,matricaria-chamomilla-pesqpne-22.png
Matricaria chamomilla,matricaria-chamomilla-08-23.png,matricaria-chamomilla-08,27,27,matricaria-chamomilla-pesqpne,matricaria-chamomilla-pesqpne-23.png
Matricaria chamomilla,matricaria-chamomilla-08-24.png,matricaria-chamomilla-08,216,44,matricaria-chamomilla-pesqpne,matricaria-chamomilla-pesqpne-24.png
Matricaria chamomilla,matricaria-chamomilla-08-25.png,matricaria-chamomilla-08,205,45,matricaria-chamomilla-pesqpne,matricaria-chamomilla-pesqpne-25.png
Matricaria chamomilla,matricaria-chamomilla-08-26.png,matricaria-chamomilla-08,30,29,matricaria-chamomilla-pesqpne,matricaria-chamomilla-pesqpne-26.png
Matricaria chamomilla,matricaria-chamomilla-05-01.png,matricaria-chamomilla-05,85,229,matricaria-chamomilla-2pcn9xj,matricaria-chamomilla-2pcn9xj-01.png
Matricaria chamomilla,matricaria-chamomilla-05-02.png,matricaria-chamomilla-05,67,209,matricaria-chamomilla-2pcn9xj,matricaria-chamomilla-2pcn9xj-02.png
Matricaria chamomilla,matricaria-chamomilla-05-03.png,matricaria-chamomilla-05,117,187,matricaria-chamomilla-2pcn9xj,matricaria-chamomilla-2pcn9xj-03.png
Matricaria chamomilla,matricaria-chamomilla-05-04.png,matricaria-chamomilla-05,83,204,matricaria-chamomilla-2pcn9xj,matricaria-chamomilla-2pcn9xj-04.png
Matricaria chamomilla,matricaria-chamomilla-05-05.png,matricaria-chamomilla-05,47,256,matricaria-chamomilla-2pcn9xj,matricaria-chamomilla-2pcn9xj-05.png
Matricaria chamomilla,matricaria-chamomilla-05-06.png,matricaria-chamomilla-05,90,251,matricaria-chamomilla-2pcn9xj,matricaria-chamomilla-2pcn9xj-06.png
Matricaria chamomilla,matricaria-chamomilla-05-07.png,matricaria-chamomilla-05,37,243,matricaria-chamomilla-2pcn9xj,matricaria-chamomilla-2pcn9xj-07.png
Matricaria chamomilla,matricaria-chamomilla-05-08.png,matricaria-chamomilla-05,70,235,matricaria-chamomilla-2pcn9xj,matricaria-chamomilla-2pcn9xj-08.png
Matricaria chamomilla,matricaria-chamomilla-05-09.png,matricaria-chamomilla-05,42,229,matricaria-chamomilla-2pcn9xj,matricaria-chamomilla-2pcn9xj-09.png
Matricaria chamomilla,matricaria-chamomilla-05-10.png,matricaria-chamomilla-05,31,205,matricaria-chamomilla-2pcn9xj,matricaria-chamomilla-2pcn9xj-10.png
Matricaria chamomilla,matricaria-chamomilla-07-01.png,matricaria-chamomilla-07,80,330,matricaria-chamomilla-mjwexry,matricaria-chamomilla-mjwexry-01.png
Matricaria chamomilla,matricaria-chamomilla-07-02.png,matricaria-chamomilla-07,50,235,matricaria-chamomilla-mjwexry,matricaria-chamomilla-mjwexry-02.png
Matricaria chamomilla,matricaria-chamomilla-07-03.png,matricaria-chamomilla-07,125,316,matricaria-chamomilla-mjwexry,matricaria-chamomilla-mjwexry-03.png
Matricaria chamomilla,matricaria-chamomilla-07-04.png,matricaria-chamomilla-07,94,306,matricaria-chamomilla-mjwexry,matricaria-chamomilla-mjwexry-04.png
Matricaria chamomilla,matricaria-chamomilla-07-05.png,matricaria-chamomilla-07,118,266,matricaria-chamomilla-mjwexry,matricaria-chamomilla-mjwexry-05.png
Matricaria chamomilla,matricaria-chamomilla-07-06.png,matricaria-chamomilla-07,50,230,matricaria-chamomilla-mjwexry,matricaria-chamomilla-mjwexry-06.png
Matricaria chamomilla,matricaria-chamomilla-07-07.png,matricaria-chamomilla-07,34,150,matricaria-chamomilla-mjwexry,matricaria-chamomilla-mjwexry-07.png
Matricaria chamomilla,matricaria-chamomilla-07-08.png,matricaria-chamomilla-07,254,137,matricaria-chamomilla-mjwexry,matricaria-chamomilla-mjwexry-08.png
Matricaria chamomilla,matricaria-chamomilla-07-09.png,matricaria-chamomilla-07,340,143,matricaria-chamomilla-mjwexry,matricaria-chamomilla-mjwexry-09.png
Matricaria chamomilla,matricaria-chamomilla-06-01.png,matricaria-chamomilla-06,93,328,matricaria-chamomilla-4kq2h9p,matricaria-chamomilla-4kq2h9p-01.png
Matricaria chamomilla,matricaria-chamomilla-06-02.png,matricaria-chamomilla-06,120,332,matricaria-chamomilla-4kq2h9p,matricaria-chamomilla-4kq2h9p-02.png
Matricaria chamomilla,matricaria-chamomilla-06-03.png,matricaria-chamomilla-06,116,316,matricaria-chamomilla-4kq2h9p,matricaria-chamomilla-4kq2h9p-03.png
Matricaria chamomilla,matricaria-chamomilla-06-04.png,matricaria-chamomilla-06,145,360,matricaria-chamomilla-4kq2h9p,matricaria-chamomilla-4kq2h9p-04.png
Matricaria chamomilla,matricaria-chamomilla-06-05.png,matricaria-chamomilla-06,324,136,matricaria-chamomilla-4kq2h9p,matricaria-chamomilla-4kq2h9p-05.png
Matricaria chamomilla,matricaria-chamomilla-06-06.png,matricaria-chamomilla-06,325,117,matricaria-chamomilla-4kq2h9p,matricaria-chamomilla-4kq2h9p-06.png
Centranthus longiflorus,centranthus-longiflorus-03-01.png,centranthus-longiflorus-03,83,287,meadow-flower-kcwxwf,meadow-flower-kcwxwf-01.png
Centranthus longiflorus,centranthus-longiflorus-03-02.png,centranthus-longiflorus-03,67,233,meadow-flower-kcwxwf,meadow-flower-kcwxwf-02.png
Centranthus longiflorus,centranthus-longiflorus-03-03.png,centranthus-longiflorus-03,51,208,meadow-flower-kcwxwf,meadow-flower-kcwxwf-03.png
Centranthus longiflorus,centranthus-longiflorus-03-04.png,centranthus-longiflorus-03,47,248,meadow-flower-kcwxwf,meadow-flower-kcwxwf-04.png
Centranthus longiflorus,centranthus-longiflorus-03-05.png,centranthus-longiflorus-03,46,229,meadow-flower-kcwxwf,meadow-flower-kcwxwf-05.png
Centranthus longiflorus,centranthus-longiflorus-03-06.png,centranthus-longiflorus-03,36,447,meadow-flower-kcwxwf,meadow-flower-kcwxwf-06.png
Centranthus longiflorus,centranthus-longiflorus-03-07.png,centranthus-longiflorus-03,21,418,meadow-flower-kcwxwf,meadow-flower-kcwxwf-07.png
Centranthus longiflorus,centranthus-longiflorus-03-08.png,centranthus-longiflorus-03,62,265,meadow-flower-kcwxwf,meadow-flower-kcwxwf-08.png
Centranthus longiflorus,centranthus-longiflorus-03-09.png,centranthus-longiflorus-03,91,99,meadow-flower-kcwxwf,meadow-flower-kcwxwf-09.png
Centranthus longiflorus,centranthus-longiflorus-03-10.png,centranthus-longiflorus-03,75,98,meadow-flower-kcwxwf,meadow-flower-kcwxwf-10.png
Centranthus longiflorus,centranthus-longiflorus-03-11.png,centranthus-longiflorus-03,47,76,meadow-flower-kcwxwf,meadow-flower-kcwxwf-11.png
Centranthus longiflorus,centranthus-longiflorus-03-12.png,centranthus-longiflorus-03,72,61,meadow-flower-kcwxwf,meadow-flower-kcwxwf-12.png
Centranthus longiflorus,centranthus-longiflorus-03-13.png,centranthus-longiflorus-03,80,77,meadow-flower-kcwxwf,meadow-flower-kcwxwf-13.png
Centranthus longiflorus,centranthus-longiflorus-03-14.png,centranthus-longiflorus-03,28,38,meadow-flower-kcwxwf,meadow-flower-kcwxwf-14.png
Centranthus longiflorus,centranthus-longiflorus-03-15.png,centranthus-longiflorus-03,47,52,meadow-flower-kcwxwf,meadow-flower-kcwxwf-15.png
Centranthus longiflorus,centranthus-longiflorus-03-16.png,centranthus-longiflorus-03,31,38,meadow-flower-kcwxwf,meadow-flower-kcwxwf-16.png
Centranthus longiflorus,centranthus-longiflorus-03-17.png,centranthus-longiflorus-03,28,34,meadow-flower-kcwxwf,meadow-flower-kcwxwf-17.png
Centranthus longiflorus,centranthus-longiflorus-03-18.png,centranthus-longiflorus-03,55,63,meadow-flower-kcwxwf,meadow-flower-kcwxwf-18.png
Centranthus longiflorus,centranthus-longiflorus-03-19.png,centranthus-longiflorus-03,25,32,meadow-flower-kcwxwf,meadow-flower-kcwxwf-19.png
Centranthus longiflorus,centranthus-longiflorus-03-20.png,centranthus-longiflorus-03,46,68,meadow-flower-kcwxwf,meadow-flower-kcwxwf-20.png
Centranthus longiflorus,centranthus-longiflorus-03-21.png,centranthus-longiflorus-03,60,43,meadow-flower-kcwxwf,meadow-flower-kcwxwf-21.png
Centranthus longiflorus,centranthus-longiflorus-03-22.png,centranthus-longiflorus-03,59,34,meadow-flower-kcwxwf,meadow-flower-kcwxwf-22.png
Centranthus longiflorus,centranthus-longiflorus-03-23.png,centranthus-longiflorus-03,47,31,meadow-flower-kcwxwf,meadow-flower-kcwxwf-23.png
Centranthus longiflorus,centranthus-longiflorus-03-24.png,centranthus-longiflorus-03,53,31,meadow-flower-kcwxwf,meadow-flower-kcwxwf-24.png
Centranthus longiflorus,centranthus-longiflorus-02-01.png,centranthus-longiflorus-02,444,494,meadow-flower-gbkkdu,meadow-flower-gbkkdu-01.png
Centranthus longiflorus,centranthus-longiflorus-02-02.png,centranthus-longiflorus-02,115,245,meadow-flower-gbkkdu,meadow-flower-gbkkdu-02.png
Centranthus longiflorus,centranthus-longiflorus-01-01.png,centranthus-longiflorus-01,247,480,meadow-flower-bt6qmk,meadow-flower-bt6qmk-01.png
Centranthus longiflorus,centranthus-longiflorus-01-02.png,centranthus-longiflorus-01,233,458,meadow-flower-bt6qmk,meadow-flower-bt6qmk-02.png
Centranthus longiflorus,centranthus-longiflorus-07-01.png,centranthus-longiflorus-07,146,494,meadow-flower-w9p2cg,meadow-flower-w9p2cg-01.png
Centranthus longiflorus,centranthus-longiflorus-07-02.png,centranthus-longiflorus-07,63,475,meadow-flower-w9p2cg,meadow-flower-w9p2cg-02.png
Centranthus longiflorus,centranthus-longiflorus-07-03.png,centranthus-longiflorus-07,113,474,meadow-flower-w9p2cg,meadow-flower-w9p2cg-03.png
Centranthus longiflorus,centranthus-longiflorus-07-04.png,centranthus-longiflorus-07,109,445,meadow-flower-w9p2cg,meadow-flower-w9p2cg-04.png
Centranthus longiflorus,centranthus-longiflorus-05-01.png,centranthus-longiflorus-05,451,494,meadow-flower-sxsrez,meadow-flower-sxsrez-01.png
Centranthus longiflorus,centranthus-longiflorus-04-01.png,centranthus-longiflorus-04,74,460,meadow-flower-qaa6lg,meadow-flower-qaa6lg-01.png
Centranthus longiflorus,centranthus-longiflorus-04-02.png,centranthus-longiflorus-04,69,474,meadow-flower-qaa6lg,meadow-flower-qaa6lg-02.png
Centranthus longiflorus,centranthus-longiflorus-04-03.png,centranthus-longiflorus-04,96,475,meadow-flower-qaa6lg,meadow-flower-qaa6lg-03.png
Centranthus longiflorus,centranthus-longiflorus-04-04.png,centranthus-longiflorus-04,91,480,meadow-flower-qaa6lg,meadow-flower-qaa6lg-04.png
Centranthus longiflorus,centranthus-longiflorus-04-05.png,centranthus-longiflorus-04,95,460,meadow-flower-qaa6lg,meadow-flower-qaa6lg-05.png
Centranthus longiflorus,centranthus-longiflorus-06-01.png,centranthus-longiflorus-06,134,493,meadow-flower-t8kv4z,meadow-flower-t8kv4z-01.png
Centranthus longiflorus,centranthus-longiflorus-06-02.png,centranthus-longiflorus-06,110,484,meadow-flower-t8kv4z,meadow-flower-t8kv4z-02.png
Centranthus longiflorus,centranthus-longiflorus-06-03.png,centranthus-longiflorus-06,161,485,meadow-flower-t8kv4z,meadow-flower-t8kv4z-03.png
Tulipa,tulipa-09-01.png,tulipa-09,72,247,tulipa-g86bv5r,tulipa-g86bv5r-01.png
Tulipa,tulipa-09-02.png,tulipa-09,78,314,tulipa-g86bv5r,tulipa-g86bv5r-02.png
Tulipa,tulipa-09-03.png,tulipa-09,91,22,tulipa-g86bv5r,tulipa-g86bv5r-03.png
Tulipa,tulipa-09-04.png,tulipa-09,75,261,tulipa-g86bv5r,tulipa-g86bv5r-04.png
Tulipa,tulipa-09-05.png,tulipa-09,41,325,tulipa-g86bv5r,tulipa-g86bv5r-05.png
Tulipa,tulipa-09-06.png,tulipa-09,47,270,tulipa-g86bv5r,tulipa-g86bv5r-06.png
Tulipa,tulipa-09-07.png,tulipa-09,43,255,tulipa-g86bv5r,tulipa-g86bv5r-07.png
Tulipa,tulipa-09-08.png,tulipa-09,64,277,tulipa-g86bv5r,tulipa-g86bv5r-08.png
Tulipa,tulipa-09-09.png,tulipa-09,25,142,tulipa-g86bv5r,tulipa-g86bv5r-09.png
Tulipa,tulipa-09-10.png,tulipa-09,22,91,tulipa-g86bv5r,tulipa-g86bv5r-10.png
Tulipa,tulipa-09-11.png,tulipa-09,102,25,tulipa-g86bv5r,tulipa-g86bv5r-11.png
Tulipa,tulipa-09-12.png,tulipa-09,185,47,tulipa-g86bv5r,tulipa-g86bv5r-12.png
Tulipa,tulipa-09-13.png,tulipa-09,171,35,tulipa-g86bv5r,tulipa-g86bv5r-13.png
Tulipa,tulipa-09-14.png,tulipa-09,37,148,tulipa-g86bv5r,tulipa-g86bv5r-14.png
Tulipa,tulipa-09-15.png,tulipa-09,41,140,tulipa-g86bv5r,tulipa-g86bv5r-15.png
Tulipa,tulipa-09-16.png,tulipa-09,148,28,tulipa-g86bv5r,tulipa-g86bv5r-16.png
Tulipa,tulipa-09-17.png,tulipa-09,170,22,tulipa-g86bv5r,tulipa-g86bv5r-17.png
Tulipa,tulipa-09-18.png,tulipa-09,173,30,tulipa-g86bv5r,tulipa-g86bv5r-18.png
Tulipa,tulipa-09-19.png,tulipa-09,173,22,tulipa-g86bv5r,tulipa-g86bv5r-19.png
Tulipa,tulipa-09-20.png,tulipa-09,166,22,tulipa-g86bv5r,tulipa-g86bv5r-20.png
Tulipa,tulipa-09-21.png,tulipa-09,177,17,tulipa-g86bv5r,tulipa-g86bv5r-21.png
Tulipa,tulipa-08-01.png,tulipa-08,65,336,tulipa-crp7jgd,tulipa-crp7jgd-01.png
Tulipa,tulipa-08-02.png,tulipa-08,206,287,tulipa-crp7jgd,tulipa-crp7jgd-02.png
Tulipa,tulipa-08-03.png,tulipa-08,135,269,tulipa-crp7jgd,tulipa-crp7jgd-03.png
Tulipa,tulipa-08-04.png,tulipa-08,134,112,tulipa-crp7jgd,tulipa-crp7jgd-04.png
Tulipa,tulipa-08-05.png,tulipa-08,323,97,tulipa-crp7jgd,tulipa-crp7jgd-05.png
Tulipa,tulipa-08-06.png,tulipa-08,175,33,tulipa-crp7jgd,tulipa-crp7jgd-06.png
Tulipa,tulipa-08-07.png,tulipa-08,182,24,tulipa-crp7jgd,tulipa-crp7jgd-07.png
Tulipa,tulipa-08-08.png,tulipa-08,254,62,tulipa-crp7jgd,tulipa-crp7jgd-08.png
Tulipa,tulipa-08-09.png,tulipa-08,195,33,tulipa-crp7jgd,tulipa-crp7jgd-09.png
Narcissus poeticus,narcissus-poeticus-01-01.png,narcissus-poeticus-01,33,407,narcissus-poeticus-btxrrak,narcissus-poeticus-btxrrak-01.png
Narcissus poeticus,narcissus-poeticus-01-02.png,narcissus-poeticus-01,20,405,narcissus-poeticus-btxrrak,narcissus-poeticus-btxrrak-02.png
Narcissus poeticus,narcissus-poeticus-01-03.png,narcissus-poeticus-01,26,405,narcissus-poeticus-btxrrak,narcissus-poeticus-btxrrak-03.png
Narcissus poeticus,narcissus-poeticus-01-04.png,narcissus-poeticus-01,40,491,narcissus-poeticus-btxrrak,narcissus-poeticus-btxrrak-04.png
Narcissus poeticus,narcissus-poeticus-01-05.png,narcissus-poeticus-01,33,384,narcissus-poeticus-btxrrak,narcissus-poeticus-btxrrak-05.png
Narcissus poeticus,narcissus-poeticus-01-06.png,narcissus-poeticus-01,36,402,narcissus-poeticus-btxrrak,narcissus-poeticus-btxrrak-06.png
Narcissus poeticus,narcissus-poeticus-01-07.png,narcissus-poeticus-01,27,445,narcissus-poeticus-btxrrak,narcissus-poeticus-btxrrak-07.png
Narcissus poeticus,narcissus-poeticus-01-08.png,narcissus-poeticus-01,78,388,narcissus-poeticus-btxrrak,narcissus-poeticus-btxrrak-08.png
Narcissus poeticus,narcissus-poeticus-01-09.png,narcissus-poeticus-01,19,393,narcissus-poeticus-btxrrak,narcissus-poeticus-btxrrak-09.png
Narcissus poeticus,narcissus-poeticus-01-10.png,narcissus-poeticus-01,23,435,narcissus-poeticus-btxrrak,narcissus-poeticus-btxrrak-10.png
Narcissus poeticus,narcissus-poeticus-01-11.png,narcissus-poeticus-01,27,428,narcissus-poeticus-btxrrak,narcissus-poeticus-btxrrak-11.png
Narcissus poeticus,narcissus-poeticus-01-12.png,narcissus-poeticus-01,330,47,narcissus-poeticus-btxrrak,narcissus-poeticus-btxrrak-12.png
Narcissus poeticus,narcissus-poeticus-01-13.png,narcissus-poeticus-01,280,16,narcissus-poeticus-btxrrak,narcissus-poeticus-btxrrak-13.png
Narcissus poeticus,narcissus-poeticus-01-14.png,narcissus-poeticus-01,356,22,narcissus-poeticus-btxrrak,narcissus-poeticus-btxrrak-14.png
Hyacinthus orientalis,hyacinthus-orientalis-01-01.png,hyacinthus-orientalis-01,244,434,hyacinthus-orientalis-fqrqqj2,hyacinthus-orientalis-fqrqqj2-01.png
Hyacinthus orientalis,hyacinthus-orientalis-01-02.png,hyacinthus-orientalis-01,285,415,hyacinthus-orientalis-fqrqqj2,hyacinthus-orientalis-fqrqqj2-02.png
Hyacinthus orientalis,hyacinthus-orientalis-02-01.png,hyacinthus-orientalis-02,41,328,hyacinthus-orientalis-p4vujvh,hyacinthus-orientalis-p4vujvh-01.png
Hyacinthus orientalis,hyacinthus-orientalis-02-02.png,hyacinthus-orientalis-02,32,289,hyacinthus-orientalis-p4vujvh,hyacinthus-orientalis-p4vujvh-02.png
Hyacinthus orientalis,hyacinthus-orientalis-02-03.png,hyacinthus-orientalis-02,35,312,hyacinthus-orientalis-p4vujvh,hyacinthus-orientalis-p4vujvh-03.png
Hyacinthus orientalis,hyacinthus-orientalis-02-04.png,hyacinthus-orientalis-02,46,303,hyacinthus-orientalis-p4vujvh,hyacinthus-orientalis-p4vujvh-04.png
Hyacinthus orientalis,hyacinthus-orientalis-02-05.png,hyacinthus-orientalis-02,111,270,hyacinthus-orientalis-p4vujvh,hyacinthus-orientalis-p4vujvh-05.png
Hyacinthus orientalis,hyacinthus-orientalis-02-06.png,hyacinthus-orientalis-02,46,271,hyacinthus-orientalis-p4vujvh,hyacinthus-orientalis-p4vujvh-06.png
Hyacinthus orientalis,hyacinthus-orientalis-02-07.png,hyacinthus-orientalis-02,52,242,hyacinthus-orientalis-p4vujvh,hyacinthus-orientalis-p4vujvh-07.png
Hyacinthus orientalis,hyacinthus-orientalis-02-08.png,hyacinthus-orientalis-02,31,295,hyacinthus-orientalis-p4vujvh,hyacinthus-orientalis-p4vujvh-08.png
Hyacinthus orientalis,hyacinthus-orientalis-02-09.png,hyacinthus-orientalis-02,289,66,hyacinthus-orientalis-p4vujvh,hyacinthus-orientalis-p4vujvh-09.png
Hyacinthus orientalis,hyacinthus-orientalis-02-10.png,hyacinthus-orientalis-02,168,23,hyacinthus-orientalis-p4vujvh,hyacinthus-orientalis-p4vujvh-10.png
Hyacinthus orientalis,hyacinthus-orientalis-02-11.png,hyacinthus-orientalis-02,170,39,hyacinthus-orientalis-p4vujvh,hyacinthus-orientalis-p4vujvh-11.png
Hyacinthus orientalis,hyacinthus-orientalis-02-12.png,hyacinthus-orientalis-02,307,43,hyacinthus-orientalis-p4vujvh,hyacinthus-orientalis-p4vujvh-12.png
Hyacinthus orientalis,hyacinthus-orientalis-02-13.png,hyacinthus-orientalis-02,174,42,hyacinthus-orientalis-p4vujvh,hyacinthus-orientalis-p4vujvh-13.png
Hyacinthus orientalis,hyacinthus-orientalis-02-14.png,hyacinthus-orientalis-02,302,42,hyacinthus-orientalis-p4vujvh,hyacinthus-orientalis-p4vujvh-14.png
Hyacinthus orientalis,hyacinthus-orientalis-02-15.png,hyacinthus-orientalis-02,171,29,hyacinthus-orientalis-p4vujvh,hyacinthus-orientalis-p4vujvh-15.png
Tanacetum macrophyllum,tanacetum-macrophyllum-01-01.png,tanacetum-macrophyllum-01,117,230,tanacetum-macrophyllum-f3wuf7d,tanacetum-macrophyllum-f3wuf7d-01.png
Tanacetum macrophyllum,tanacetum-macrophyllum-01-02.png,tanacetum-macrophyllum-01,133,218,tanacetum-macrophyllum-f3wuf7d,tanacetum-macrophyllum-f3wuf7d-02.png
Tanacetum macrophyllum,tanacetum-macrophyllum-01-03.png,tanacetum-macrophyllum-01,102,213,tanacetum-macrophyllum-f3wuf7d,tanacetum-macrophyllum-f3wuf7d-03.png
Tanacetum macrophyllum,tanacetum-macrophyllum-01-04.png,tanacetum-macrophyllum-01,48,85,tanacetum-macrophyllum-f3wuf7d,tanacetum-macrophyllum-f3wuf7d-04.png
Tanacetum macrophyllum,tanacetum-macrophyllum-01-05.png,tanacetum-macrophyllum-01,17,252,tanacetum-macrophyllum-f3wuf7d,tanacetum-macrophyllum-f3wuf7d-05.png
Tanacetum macrophyllum,tanacetum-macrophyllum-01-06.png,tanacetum-macrophyllum-01,17,324,tanacetum-macrophyllum-f3wuf7d,tanacetum-macrophyllum-f3wuf7d-06.png
Tanacetum macrophyllum,tanacetum-macrophyllum-01-07.png,tanacetum-macrophyllum-01,53,73,tanacetum-macrophyllum-f3wuf7d,tanacetum-macrophyllum-f3wuf7d-07.png
Tanacetum macrophyllum,tanacetum-macrophyllum-01-08.png,tanacetum-macrophyllum-01,46,50,tanacetum-macrophyllum-f3wuf7d,tanacetum-macrophyllum-f3wuf7d-08.png
Tanacetum macrophyllum,tanacetum-macrophyllum-01-09.png,tanacetum-macrophyllum-01,126,231,tanacetum-macrophyllum-f3wuf7d,tanacetum-macrophyllum-f3wuf7d-09.png
Tanacetum macrophyllum,tanacetum-macrophyllum-01-10.png,tanacetum-macrophyllum-01,141,228,tanacetum-macrophyllum-f3wuf7d,tanacetum-macrophyllum-f3wuf7d-10.png
Tanacetum macrophyllum,tanacetum-macrophyllum-01-11.png,tanacetum-macrophyllum-01,109,214,tanacetum-macrophyllum-f3wuf7d,tanacetum-macrophyllum-f3wuf7d-11.png
Tanacetum macrophyllum,tanacetum-macrophyllum-01-12.png,tanacetum-macrophyllum-01,52,66,tanacetum-macrophyllum-f3wuf7d,tanacetum-macrophyllum-f3wuf7d-12.png
Tanacetum macrophyllum,tanacetum-macrophyllum-01-13.png,tanacetum-macrophyllum-01,18,159,tanacetum-macrophyllum-f3wuf7d,tanacetum-macrophyllum-f3wuf7d-13.png
Tanacetum macrophyllum,tanacetum-macrophyllum-01-14.png,tanacetum-macrophyllum-01,45,54,tanacetum-macrophyllum-f3wuf7d,tanacetum-macrophyllum-f3wuf7d-14.png
Tanacetum macrophyllum,tanacetum-macrophyllum-03-01.png,tanacetum-macrophyllum-03,197,250,tanacetum-macrophyllum-xl2fjt6,tanacetum-macrophyllum-xl2fjt6-01.png
Tanacetum macrophyllum,tanacetum-macrophyllum-03-02.png,tanacetum-macrophyllum-03,22,343,tanacetum-macrophyllum-xl2fjt6,tanacetum-macrophyllum-xl2fjt6-02.png
Tanacetum macrophyllum,tanacetum-macrophyllum-03-03.png,tanacetum-macrophyllum-03,17,266,tanacetum-macrophyllum-xl2fjt6,tanacetum-macrophyllum-xl2fjt6-03.png
Tanacetum macrophyllum,tanacetum-macrophyllum-03-04.png,tanacetum-macrophyllum-03,25,267,tanacetum-macrophyllum-xl2fjt6,tanacetum-macrophyllum-xl2fjt6-04.png
Tanacetum macrophyllum,tanacetum-macrophyllum-03-05.png,tanacetum-macrophyllum-03,38,126,tanacetum-macrophyllum-xl2fjt6,tanacetum-macrophyllum-xl2fjt6-05.png
Tanacetum macrophyllum,tanacetum-macrophyllum-03-06.png,tanacetum-macrophyllum-03,188,189,tanacetum-macrophyllum-xl2fjt6,tanacetum-macrophyllum-xl2fjt6-06.png
Tanacetum macrophyllum,tanacetum-macrophyllum-03-07.png,tanacetum-macrophyllum-03,47,96,tanacetum-macrophyllum-xl2fjt6,tanacetum-macrophyllum-xl2fjt6-07.png
Tanacetum macrophyllum,tanacetum-macrophyllum-03-08.png,tanacetum-macrophyllum-03,73,60,tanacetum-macrophyllum-xl2fjt6,tanacetum-macrophyllum-xl2fjt6-08.png
Tanacetum macrophyllum,tanacetum-macrophyllum-03-09.png,tanacetum-macrophyllum-03,245,225,tanacetum-macrophyllum-xl2fjt6,tanacetum-macrophyllum-xl2fjt6-09.png
Tanacetum macrophyllum,tanacetum-macrophyllum-03-10.png,tanacetum-macrophyllum-03,205,194,tanacetum-macrophyllum-xl2fjt6,tanacetum-macrophyllum-xl2fjt6-10.png
Tanacetum macrophyllum,tanacetum-macrophyllum-03-11.png,tanacetum-macrophyllum-03,47,131,tanacetum-macrophyllum-xl2fjt6,tanacetum-macrophyllum-xl2fjt6-11.png
Tanacetum macrophyllum,tanacetum-macrophyllum-03-12.png,tanacetum-macrophyllum-03,54,59,tanacetum-macrophyllum-xl2fjt6,tanacetum-macrophyllum-xl2fjt6-12.png
Tanacetum macrophyllum,tanacetum-macrophyllum-03-13.png,tanacetum-macrophyllum-03,73,63,tanacetum-macrophyllum-xl2fjt6,tanacetum-macrophyllum-xl2fjt6-13.png
Tanacetum macrophyllum,tanacetum-macrophyllum-03-14.png,tanacetum-macrophyllum-03,67,64,tanacetum-macrophyllum-xl2fjt6,tanacetum-macrophyllum-xl2fjt6-14.png
Vinca minor,vinca-minor-02-01.png,vinca-minor-02,143,265,vinca-minor-qeeacbf,vinca-minor-qeeacbf-01.png
Vinca minor,vinca-minor-02-02.png,vinca-minor-02,148,269,vinca-minor-qeeacbf,vinca-minor-qeeacbf-02.png
Vinca minor,vinca-minor-02-03.png,vinca-minor-02,115,232,vinca-minor-qeeacbf,vinca-minor-qeeacbf-03.png
Vinca minor,vinca-minor-02-04.png,vinca-minor-02,35,169,vinca-minor-qeeacbf,vinca-minor-qeeacbf-04.png
Vinca minor,vinca-minor-02-05.png,vinca-minor-02,31,170,vinca-minor-qeeacbf,vinca-minor-qeeacbf-05.png
Vinca minor,vinca-minor-02-06.png,vinca-minor-02,25,69,vinca-minor-qeeacbf,vinca-minor-qeeacbf-06.png
Vinca minor,vinca-minor-02-07.png,vinca-minor-02,26,77,vinca-minor-qeeacbf,vinca-minor-qeeacbf-07.png
Vinca minor,vinca-minor-02-08.png,vinca-minor-02,30,73,vinca-minor-qeeacbf,vinca-minor-qeeacbf-08.png
Vinca minor,vinca-minor-02-09.png,vinca-minor-02,27,64,vinca-minor-qeeacbf,vinca-minor-qeeacbf-09.png
Vinca minor,vinca-minor-02-10.png,vinca-minor-02,26,64,vinca-minor-qeeacbf,vinca-minor-qeeacbf-10.png
Vinca minor,vinca-minor-02-11.png,vinca-minor-02,26,69,vinca-minor-qeeacbf,vinca-minor-qeeacbf-11.png
Vinca minor,vinca-minor-02-12.png,vinca-minor-02,30,66,vinca-minor-qeeacbf,vinca-minor-qeeacbf-12.png
Vinca minor,vinca-minor-02-13.png,vinca-minor-02,25,146,vinca-minor-qeeacbf,vinca-minor-qeeacbf-13.png
Vinca minor,vinca-minor-02-14.png,vinca-minor-02,27,66,vinca-minor-qeeacbf,vinca-minor-qeeacbf-14.png
Vinca minor,vinca-minor-02-15.png,vinca-minor-02,28,68,vinca-minor-qeeacbf,vinca-minor-qeeacbf-15.png
Vinca minor,vinca-minor-02-16.png,vinca-minor-02,24,72,vinca-minor-qeeacbf,vinca-minor-qeeacbf-16.png
Vinca minor,vinca-minor-02-17.png,vinca-minor-02,21,75,vinca-minor-qeeacbf,vinca-minor-qeeacbf-17.png
Vinca minor,vinca-minor-02-18.png,vinca-minor-02,28,69,vinca-minor-qeeacbf,vinca-minor-qeeacbf-18.png
Vinca minor,vinca-minor-02-19.png,vinca-minor-02,26,67,vinca-minor-qeeacbf,vinca-minor-qeeacbf-19.png
Vinca minor,vinca-minor-02-20.png,vinca-minor-02,23,65,vinca-minor-qeeacbf,vinca-minor-qeeacbf-20.png
Tanacetum macrophyllum,tanacetum-macrophyllum-02-01.png,tanacetum-macrophyllum-02,156,243,tanacetum-macrophyllum-wlv8lmu,tanacetum-macrophyllum-wlv8lmu-01.png
Tanacetum macrophyllum,tanacetum-macrophyllum-02-02.png,tanacetum-macrophyllum-02,100,73,tanacetum-macrophyllum-wlv8lmu,tanacetum-macrophyllum-wlv8lmu-02.png
Tanacetum macrophyllum,tanacetum-macrophyllum-02-03.png,tanacetum-macrophyllum-02,125,61,tanacetum-macrophyllum-wlv8lmu,tanacetum-macrophyllum-wlv8lmu-03.png
Tanacetum macrophyllum,tanacetum-macrophyllum-02-04.png,tanacetum-macrophyllum-02,105,199,tanacetum-macrophyllum-wlv8lmu,tanacetum-macrophyllum-wlv8lmu-04.png
Tanacetum macrophyllum,tanacetum-macrophyllum-02-05.png,tanacetum-macrophyllum-02,57,63,tanacetum-macrophyllum-wlv8lmu,tanacetum-macrophyllum-wlv8lmu-05.png
Tanacetum macrophyllum,tanacetum-macrophyllum-02-06.png,tanacetum-macrophyllum-02,48,65,tanacetum-macrophyllum-wlv8lmu,tanacetum-macrophyllum-wlv8lmu-06.png
Tanacetum macrophyllum,tanacetum-macrophyllum-02-07.png,tanacetum-macrophyllum-02,46,59,tanacetum-macrophyllum-wlv8lmu,tanacetum-macrophyllum-wlv8lmu-07.png
Tanacetum macrophyllum,tanacetum-macrophyllum-02-08.png,tanacetum-macrophyllum-02,39,48,tanacetum-macrophyllum-wlv8lmu,tanacetum-macrophyllum-wlv8lmu-08.png
Tanacetum macrophyllum,tanacetum-macrophyllum-02-09.png,tanacetum-macrophyllum-02,128,239,tanacetum-macrophyllum-wlv8lmu,tanacetum-macrophyllum-wlv8lmu-09.png
Tanacetum macrophyllum,tanacetum-macrophyllum-02-10.png,tanacetum-macrophyllum-02,136,234,tanacetum-macrophyllum-wlv8lmu,tanacetum-macrophyllum-wlv8lmu-10.png
Tanacetum macrophyllum,tanacetum-macrophyllum-02-11.png,tanacetum-macrophyllum-02,117,187,tanacetum-macrophyllum-wlv8lmu,tanacetum-macrophyllum-wlv8lmu-11.png
Vinca major,vinca-major-01-01.png,vinca-major-01,97,38,vinca-major-8h8caqg,vinca-major-8h8caqg-01.png
Vinca major,vinca-major-01-02.png,vinca-major-01,80,30,vinca-major-8h8caqg,vinca-major-8h8caqg-02.png
Vinca major,vinca-major-01-03.png,vinca-major-01,28,70,vinca-major-8h8caqg,vinca-major-8h8caqg-03.png
Vinca major,vinca-major-01-04.png,vinca-major-01,131,248,vinca-major-8h8caqg,vinca-major-8h8caqg-04.png
Vinca major,vinca-major-01-05.png,vinca-major-01,159,333,vinca-major-8h8caqg,vinca-major-8h8caqg-05.png
Vinca major,vinca-major-01-06.png,vinca-major-01,55,58,vinca-major-8h8caqg,vinca-major-8h8caqg-06.png
Vinca major,vinca-major-01-07.png,vinca-major-01,154,279,vinca-major-8h8caqg,vinca-major-8h8caqg-07.png
Vinca major,vinca-major-01-08.png,vinca-major-01,32,77,vinca-major-8h8caqg,vinca-major-8h8caqg-08.png
Vinca major,vinca-major-01-09.png,vinca-major-01,59,67,vinca-major-8h8caqg,vinca-major-8h8caqg-09.png
Vinca major,vinca-major-01-10.png,vinca-major-01,30,75,vinca-major-8h8caqg,vinca-major-8h8caqg-10.png
Vinca major,vinca-major-01-11.png,vinca-major-01,63,72,vinca-major-8h8caqg,vinca-major-8h8caqg-11.png
Vinca major,vinca-major-01-12.png,vinca-major-01,32,77,vinca-major-8h8caqg,vinca-major-8h8caqg-12.png
Vinca major,vinca-major-01-13.png,vinca-major-01,212,115,vinca-major-8h8caqg,vinca-major-8h8caqg-13.png
Vinca major,vinca-major-01-14.png,vinca-major-01,124,118,vinca-major-8h8caqg,vinca-major-8h8caqg-14.png
Vinca major,vinca-major-01-15.png,vinca-major-01,37,54,vinca-major-8h8caqg,vinca-major-8h8caqg-15.png
Vinca major,vinca-major-01-16.png,vinca-major-01,53,61,vinca-major-8h8caqg,vinca-major-8h8caqg-16.png
Vinca major,vinca-major-01-17.png,vinca-major-01,249,36,vinca-major-8h8caqg,vinca-major-8h8caqg-17.png
Vinca major,vinca-major-01-18.png,vinca-major-01,185,42,vinca-major-8h8caqg,vinca-major-8h8caqg-18.png
Anemone multifida,anemone-multifida-01-01.png,anemone-multifida-01,110,302,anemone-multifida-e82hfet,anemone-multifida-e82hfet-01.png
Anemone multifida,anemone-multifida-01-02.png,anemone-multifida-01,77,298,anemone-multifida-e82hfet,anemone-multifida-e82hfet-02.png
Anemone multifida,anemone-multifida-01-03.png,anemone-multifida-01,80,290,anemone-multifida-e82hfet,anemone-multifida-e82hfet-03.png
Anemone multifida,anemone-multifida-01-04.png,anemone-multifida-01,122,261,anemone-multifida-e82hfet,anemone-multifida-e82hfet-04.png
Anemone multifida,anemone-multifida-01-05.png,anemone-multifida-01,98,378,anemone-multifida-e82hfet,anemone-multifida-e82hfet-05.png
Anemone multifida,anemone-multifida-01-06.png,anemone-multifida-01,118,345,anemone-multifida-e82hfet,anemone-multifida-e82hfet-06.png
Anemone multifida,anemone-multifida-01-07.png,anemone-multifida-01,65,305,anemone-multifida-e82hfet,anemone-multifida-e82hfet-07.png
Anemone multifida,anemone-multifida-01-08.png,anemone-multifida-01,89,252,anemone-multifida-e82hfet,anemone-multifida-e82hfet-08.png
Amaranthus retroflexus,amaranthus-retroflexus-01-01.png,amaranthus-retroflexus-01,141,494,amaranth-jswyrus,amaranth-jswyrus-01.png
Amaranthus retroflexus,amaranthus-retroflexus-01-02.png,amaranthus-retroflexus-01,21,156,amaranth-jswyrus,amaranth-jswyrus-02.png
Amaranthus retroflexus,amaranthus-retroflexus-01-03.png,amaranthus-retroflexus-01,31,461,amaranth-jswyrus,amaranth-jswyrus-03.png
Amaranthus retroflexus,amaranthus-retroflexus-01-04.png,amaranthus-retroflexus-01,23,76,amaranth-jswyrus,amaranth-jswyrus-04.png
Amaranthus retroflexus,amaranthus-retroflexus-01-05.png,amaranthus-retroflexus-01,51,147,amaranth-jswyrus,amaranth-jswyrus-05.png
Amaranthus retroflexus,amaranthus-retroflexus-01-06.png,amaranthus-retroflexus-01,193,138,amaranth-jswyrus,amaranth-jswyrus-06.png
Amaranthus retroflexus,amaranthus-retroflexus-01-07.png,amaranthus-retroflexus-01,33,82,amaranth-jswyrus,amaranth-jswyrus-07.png
Amaranthus retroflexus,amaranthus-retroflexus-01-08.png,amaranthus-retroflexus-01,187,50,amaranth-jswyrus,amaranth-jswyrus-08.png
Amaranthus retroflexus,amaranthus-retroflexus-01-09.png,amaranthus-retroflexus-01,21,127,amaranth-jswyrus,amaranth-jswyrus-09.png
Amaranthus retroflexus,amaranthus-retroflexus-01-10.png,amaranthus-retroflexus-01,204,63,amaranth-jswyrus,amaranth-jswyrus-10.png
Amaranthus retroflexus,amaranthus-retroflexus-01-11.png,amaranthus-retroflexus-01,147,46,amaranth-jswyrus,amaranth-jswyrus-11.png
Amaranthus retroflexus,amaranthus-retroflexus-01-12.png,amaranthus-retroflexus-01,125,40,amaranth-jswyrus,amaranth-jswyrus-12.png
Amaranthus retroflexus,amaranthus-retroflexus-01-13.png,amaranthus-retroflexus-01,107,32,amaranth-jswyrus,amaranth-jswyrus-13.png
Amaranthus retroflexus,amaranthus-retroflexus-01-14.png,amaranthus-retroflexus-01,123,57,amaranth-jswyrus,amaranth-jswyrus-14.png
Amaranthus retroflexus,amaranthus-retroflexus-01-15.png,amaranthus-retroflexus-01,124,63,amaranth-jswyrus,amaranth-jswyrus-15.png
Amaranthus retroflexus,amaranthus-retroflexus-01-16.png,amaranthus-retroflexus-01,108,169,amaranth-jswyrus,amaranth-jswyrus-16.png
Amaranthus retroflexus,amaranthus-retroflexus-01-17.png,amaranthus-retroflexus-01,125,54,amaranth-jswyrus,amaranth-jswyrus-17.png
Amaranthus retroflexus,amaranthus-retroflexus-01-18.png,amaranthus-retroflexus-01,154,57,amaranth-jswyrus,amaranth-jswyrus-18.png
Amaranthus retroflexus,amaranthus-retroflexus-01-19.png,amaranthus-retroflexus-01,110,56,amaranth-jswyrus,amaranth-jswyrus-19.png
Amaranthus retroflexus,amaranthus-retroflexus-01-20.png,amaranthus-retroflexus-01,102,25,amaranth-jswyrus,amaranth-jswyrus-20.png
Veronica longifolia,veronica-longifolia-01-01.png,veronica-longifolia-01,81,441,veronica-longifolia-2negk4g,veronica-longifolia-2negk4g-01.png
Veronica longifolia,veronica-longifolia-01-02.png,veronica-longifolia-01,19,249,veronica-longifolia-2negk4g,veronica-longifolia-2negk4g-02.png
Veronica longifolia,veronica-longifolia-01-03.png,veronica-longifolia-01,48,421,veronica-longifolia-2negk4g,veronica-longifolia-2negk4g-03.png
Veronica longifolia,veronica-longifolia-01-04.png,veronica-longifolia-01,97,379,veronica-longifolia-2negk4g,veronica-longifolia-2negk4g-04.png
Veronica longifolia,veronica-longifolia-01-05.png,veronica-longifolia-01,60,297,veronica-longifolia-2negk4g,veronica-longifolia-2negk4g-05.png
Veronica longifolia,veronica-longifolia-01-06.png,veronica-longifolia-01,53,371,veronica-longifolia-2negk4g,veronica-longifolia-2negk4g-06.png
Veronica longifolia,veronica-longifolia-01-07.png,veronica-longifolia-01,22,51,veronica-longifolia-2negk4g,veronica-longifolia-2negk4g-07.png
Veronica longifolia,veronica-longifolia-01-08.png,veronica-longifolia-01,19,59,veronica-longifolia-2negk4g,veronica-longifolia-2negk4g-08.png
Veronica longifolia,veronica-longifolia-01-09.png,veronica-longifolia-01,24,80,veronica-longifolia-2negk4g,veronica-longifolia-2negk4g-09.png
Veronica longifolia,veronica-longifolia-01-10.png,veronica-longifolia-01,21,75,veronica-longifolia-2negk4g,veronica-longifolia-2negk4g-10.png
Veronica longifolia,veronica-longifolia-01-11.png,veronica-longifolia-01,59,255,veronica-longifolia-2negk4g,veronica-longifolia-2negk4g-11.png
Veronica longifolia,veronica-longifolia-01-12.png,veronica-longifolia-01,25,68,veronica-longifolia-2negk4g,veronica-longifolia-2negk4g-12.png
Veronica longifolia,veronica-longifolia-01-13.png,veronica-longifolia-01,23,76,veronica-longifolia-2negk4g,veronica-longifolia-2negk4g-13.png
Veronica longifolia,veronica-longifolia-01-14.png,veronica-longifolia-01,27,126,veronica-longifolia-2negk4g,veronica-longifolia-2negk4g-14.png
Veronica longifolia,veronica-longifolia-01-15.png,veronica-longifolia-01,18,57,veronica-longifolia-2negk4g,veronica-longifolia-2negk4g-15.png
Veronica longifolia,veronica-longifolia-01-16.png,veronica-longifolia-01,17,61,veronica-longifolia-2negk4g,veronica-longifolia-2negk4g-16.png
Veronica longifolia,veronica-longifolia-01-17.png,veronica-longifolia-01,19,48,veronica-longifolia-2negk4g,veronica-longifolia-2negk4g-17.png
Veronica longifolia,veronica-longifolia-03-01.png,veronica-longifolia-03,101,428,veronica-longifolia-ymxnxvl,veronica-longifolia-ymxnxvl-01.png
Veronica longifolia,veronica-longifolia-03-02.png,veronica-longifolia-03,82,427,veronica-longifolia-ymxnxvl,veronica-longifolia-ymxnxvl-02.png
Veronica longifolia,veronica-longifolia-03-03.png,veronica-longifolia-03,90,453,veronica-longifolia-ymxnxvl,veronica-longifolia-ymxnxvl-03.png
Veronica longifolia,veronica-longifolia-03-04.png,veronica-longifolia-03,75,316,veronica-longifolia-ymxnxvl,veronica-longifolia-ymxnxvl-04.png
Veronica longifolia,veronica-longifolia-03-05.png,veronica-longifolia-03,41,300,veronica-longifolia-ymxnxvl,veronica-longifolia-ymxnxvl-05.png
Veronica longifolia,veronica-longifolia-03-06.png,veronica-longifolia-03,92,365,veronica-longifolia-ymxnxvl,veronica-longifolia-ymxnxvl-06.png
Veronica longifolia,veronica-longifolia-03-07.png,veronica-longifolia-03,37,60,veronica-longifolia-ymxnxvl,veronica-longifolia-ymxnxvl-07.png
Veronica longifolia,veronica-longifolia-03-08.png,veronica-longifolia-03,44,66,veronica-longifolia-ymxnxvl,veronica-longifolia-ymxnxvl-08.png
Veronica longifolia,veronica-longifolia-03-09.png,veronica-longifolia-03,33,54,veronica-longifolia-ymxnxvl,veronica-longifolia-ymxnxvl-09.png
Veronica longifolia,veronica-longifolia-03-10.png,veronica-longifolia-03,35,40,veronica-longifolia-ymxnxvl,veronica-longifolia-ymxnxvl-10.png
Veronica longifolia,veronica-longifolia-03-11.png,veronica-longifolia-03,43,30,veronica-longifolia-ymxnxvl,veronica-longifolia-ymxnxvl-11.png
Spiraea japonica,spiraea-japonica-02-01.png,spiraea-japonica-02,132,419,spiraea-japonica-p6trhwy,spiraea-japonica-p6trhwy-01.png
Spiraea japonica,spiraea-japonica-02-02.png,spiraea-japonica-02,33,85,spiraea-japonica-p6trhwy,spiraea-japonica-p6trhwy-02.png
Spiraea japonica,spiraea-japonica-02-03.png,spiraea-japonica-02,50,45,spiraea-japonica-p6trhwy,spiraea-japonica-p6trhwy-03.png
Spiraea japonica,spiraea-japonica-02-04.png,spiraea-japonica-02,32,77,spiraea-japonica-p6trhwy,spiraea-japonica-p6trhwy-04.png
Spiraea japonica,spiraea-japonica-02-05.png,spiraea-japonica-02,48,57,spiraea-japonica-p6trhwy,spiraea-japonica-p6trhwy-05.png
Spiraea japonica,spiraea-japonica-02-06.png,spiraea-japonica-02,42,40,spiraea-japonica-p6trhwy,spiraea-japonica-p6trhwy-06.png
Spiraea japonica,spiraea-japonica-02-07.png,spiraea-japonica-02,48,30,spiraea-japonica-p6trhwy,spiraea-japonica-p6trhwy-07.png
Spiraea japonica,spiraea-japonica-02-08.png,spiraea-japonica-02,32,81,spiraea-japonica-p6trhwy,spiraea-japonica-p6trhwy-08.png
Spiraea japonica,spiraea-japonica-02-09.png,spiraea-japonica-02,66,43,spiraea-japonica-p6trhwy,spiraea-japonica-p6trhwy-09.png
Spiraea japonica,spiraea-japonica-02-10.png,spiraea-japonica-02,36,82,spiraea-japonica-p6trhwy,spiraea-japonica-p6trhwy-10.png
Spiraea japonica,spiraea-japonica-02-11.png,spiraea-japonica-02,32,78,spiraea-japonica-p6trhwy,spiraea-japonica-p6trhwy-11.png
Spiraea japonica,spiraea-japonica-02-12.png,spiraea-japonica-02,29,35,spiraea-japonica-p6trhwy,spiraea-japonica-p6trhwy-12.png
Spiraea japonica,spiraea-japonica-02-13.png,spiraea-japonica-02,33,268,spiraea-japonica-p6trhwy,spiraea-japonica-p6trhwy-13.png
Spiraea japonica,spiraea-japonica-02-14.png,spiraea-japonica-02,34,241,spiraea-japonica-p6trhwy,spiraea-japonica-p6trhwy-14.png
Spiraea japonica,spiraea-japonica-02-15.png,spiraea-japonica-02,117,247,spiraea-japonica-p6trhwy,spiraea-japonica-p6trhwy-15.png
Spiraea japonica,spiraea-japonica-02-16.png,spiraea-japonica-02,61,58,spiraea-japonica-p6trhwy,spiraea-japonica-p6trhwy-16.png
Spiraea japonica,spiraea-japonica-02-17.png,spiraea-japonica-02,32,82,spiraea-japonica-p6trhwy,spiraea-japonica-p6trhwy-17.png
Spiraea japonica,spiraea-japonica-02-18.png,spiraea-japonica-02,27,79,spiraea-japonica-p6trhwy,spiraea-japonica-p6trhwy-18.png
Spiraea japonica,spiraea-japonica-02-19.png,spiraea-japonica-02,28,72,spiraea-japonica-p6trhwy,spiraea-japonica-p6trhwy-19.png
Spiraea japonica,spiraea-japonica-02-20.png,spiraea-japonica-02,43,42,spiraea-japonica-p6trhwy,spiraea-japonica-p6trhwy-20.png
Spiraea japonica,spiraea-japonica-02-21.png,spiraea-japonica-02,35,79,spiraea-japonica-p6trhwy,spiraea-japonica-p6trhwy-21.png
Spiraea japonica,spiraea-japonica-02-22.png,spiraea-japonica-02,32,72,spiraea-japonica-p6trhwy,spiraea-japonica-p6trhwy-22.png
Spiraea japonica,spiraea-japonica-02-23.png,spiraea-japonica-02,33,79,spiraea-japonica-p6trhwy,spiraea-japonica-p6trhwy-23.png
Spiraea japonica,spiraea-japonica-02-24.png,spiraea-japonica-02,29,75,spiraea-japonica-p6trhwy,spiraea-japonica-p6trhwy-24.png
Spiraea japonica,spiraea-japonica-02-25.png,spiraea-japonica-02,77,32,spiraea-japonica-p6trhwy,spiraea-japonica-p6trhwy-25.png
Spiraea japonica,spiraea-japonica-02-26.png,spiraea-japonica-02,76,30,spiraea-japonica-p6trhwy,spiraea-japonica-p6trhwy-26.png
Spiraea japonica,spiraea-japonica-02-27.png,spiraea-japonica-02,68,27,spiraea-japonica-p6trhwy,spiraea-japonica-p6trhwy-27.png
Spiraea japonica,spiraea-japonica-01-01.png,spiraea-japonica-01,49,101,spiraea-japonica-gtume6c,spiraea-japonica-gtume6c-01.png
Spiraea japonica,spiraea-japonica-01-02.png,spiraea-japonica-01,32,51,spiraea-japonica-gtume6c,spiraea-japonica-gtume6c-02.png
Spiraea japonica,spiraea-japonica-01-03.png,spiraea-japonica-01,133,353,spiraea-japonica-gtume6c,spiraea-japonica-gtume6c-03.png
Spiraea japonica,spiraea-japonica-01-04.png,spiraea-japonica-01,48,115,spiraea-japonica-gtume6c,spiraea-japonica-gtume6c-04.png
Spiraea japonica,spiraea-japonica-01-05.png,spiraea-japonica-01,27,325,spiraea-japonica-gtume6c,spiraea-japonica-gtume6c-05.png
Spiraea japonica,spiraea-japonica-01-06.png,spiraea-japonica-01,55,92,spiraea-japonica-gtume6c,spiraea-japonica-gtume6c-06.png
Spiraea japonica,spiraea-japonica-01-07.png,spiraea-japonica-01,38,85,spiraea-japonica-gtume6c,spiraea-japonica-gtume6c-07.png
Spiraea japonica,spiraea-japonica-01-08.png,spiraea-japonica-01,34,89,spiraea-japonica-gtume6c,spiraea-japonica-gtume6c-08.png
Spiraea japonica,spiraea-japonica-01-09.png,spiraea-japonica-01,43,51,spiraea-japonica-gtume6c,spiraea-japonica-gtume6c-09.png
Spiraea japonica,spiraea-japonica-01-10.png,spiraea-japonica-01,53,42,spiraea-japonica-gtume6c,spiraea-japonica-gtume6c-10.png
Spiraea japonica,spiraea-japonica-01-11.png,spiraea-japonica-01,35,83,spiraea-japonica-gtume6c,spiraea-japonica-gtume6c-11.png
Spiraea japonica,spiraea-japonica-01-12.png,spiraea-japonica-01,33,81,spiraea-japonica-gtume6c,spiraea-japonica-gtume6c-12.png
Spiraea japonica,spiraea-japonica-01-13.png,spiraea-japonica-01,35,90,spiraea-japonica-gtume6c,spiraea-japonica-gtume6c-13.png
Spiraea japonica,spiraea-japonica-01-14.png,spiraea-japonica-01,31,37,spiraea-japonica-gtume6c,spiraea-japonica-gtume6c-14.png
Spiraea japonica,spiraea-japonica-01-15.png,spiraea-japonica-01,43,43,spiraea-japonica-gtume6c,spiraea-japonica-gtume6c-15.png
Spiraea japonica,spiraea-japonica-01-16.png,spiraea-japonica-01,40,35,spiraea-japonica-gtume6c,spiraea-japonica-gtume6c-16.png
Spiraea japonica,spiraea-japonica-01-17.png,spiraea-japonica-01,33,75,spiraea-japonica-gtume6c,spiraea-japonica-gtume6c-17.png
Spiraea japonica,spiraea-japonica-01-18.png,spiraea-japonica-01,37,76,spiraea-japonica-gtume6c,spiraea-japonica-gtume6c-18.png
Spiraea japonica,spiraea-japonica-01-19.png,spiraea-japonica-01,33,79,spiraea-japonica-gtume6c,spiraea-japonica-gtume6c-19.png
Spiraea japonica,spiraea-japonica-01-20.png,spiraea-japonica-01,36,81,spiraea-japonica-gtume6c,spiraea-japonica-gtume6c-20.png
Spiraea japonica,spiraea-japonica-01-21.png,spiraea-japonica-01,52,50,spiraea-japonica-gtume6c,spiraea-japonica-gtume6c-21.png
Spiraea japonica,spiraea-japonica-01-22.png,spiraea-japonica-01,52,57,spiraea-japonica-gtume6c,spiraea-japonica-gtume6c-22.png
Spiraea japonica,spiraea-japonica-01-23.png,spiraea-japonica-01,32,79,spiraea-japonica-gtume6c,spiraea-japonica-gtume6c-23.png
Spiraea japonica,spiraea-japonica-01-24.png,spiraea-japonica-01,28,72,spiraea-japonica-gtume6c,spiraea-japonica-gtume6c-24.png
Spiraea japonica,spiraea-japonica-01-25.png,spiraea-japonica-01,63,70,spiraea-japonica-gtume6c,spiraea-japonica-gtume6c-25.png
Spiraea japonica,spiraea-japonica-01-26.png,spiraea-japonica-01,32,70,spiraea-japonica-gtume6c,spiraea-japonica-gtume6c-26.png
Spiraea japonica,spiraea-japonica-01-27.png,spiraea-japonica-01,33,72,spiraea-japonica-gtume6c,spiraea-japonica-gtume6c-27.png
Spiraea japonica,spiraea-japonica-01-28.png,spiraea-japonica-01,47,43,spiraea-japonica-gtume6c,spiraea-japonica-gtume6c-28.png
Spiraea japonica,spiraea-japonica-01-29.png,spiraea-japonica-01,246,24,spiraea-japonica-gtume6c,spiraea-japonica-gtume6c-29.png
Rosa rubiginosa,rosa-rubiginosa-02-01.png,rosa-rubiginosa-02,64,63,rosa-rubiginosa-mwjx8ne,rosa-rubiginosa-mwjx8ne-01.png
Rosa rubiginosa,rosa-rubiginosa-02-02.png,rosa-rubiginosa-02,63,55,rosa-rubiginosa-mwjx8ne,rosa-rubiginosa-mwjx8ne-02.png
Rosa rubiginosa,rosa-rubiginosa-02-03.png,rosa-rubiginosa-02,49,59,rosa-rubiginosa-mwjx8ne,rosa-rubiginosa-mwjx8ne-03.png
Rosa rubiginosa,rosa-rubiginosa-02-04.png,rosa-rubiginosa-02,52,57,rosa-rubiginosa-mwjx8ne,rosa-rubiginosa-mwjx8ne-04.png
Rosa rubiginosa,rosa-rubiginosa-02-05.png,rosa-rubiginosa-02,122,186,rosa-rubiginosa-mwjx8ne,rosa-rubiginosa-mwjx8ne-05.png
Rosa rubiginosa,rosa-rubiginosa-02-06.png,rosa-rubiginosa-02,36,64,rosa-rubiginosa-mwjx8ne,rosa-rubiginosa-mwjx8ne-06.png
Rosa rubiginosa,rosa-rubiginosa-02-07.png,rosa-rubiginosa-02,90,135,rosa-rubiginosa-mwjx8ne,rosa-rubiginosa-mwjx8ne-07.png
Rosa rubiginosa,rosa-rubiginosa-02-08.png,rosa-rubiginosa-02,122,119,rosa-rubiginosa-mwjx8ne,rosa-rubiginosa-mwjx8ne-08.png
Rosa rubiginosa,rosa-rubiginosa-02-09.png,rosa-rubiginosa-02,92,128,rosa-rubiginosa-mwjx8ne,rosa-rubiginosa-mwjx8ne-09.png
Rosa rubiginosa,rosa-rubiginosa-02-10.png,rosa-rubiginosa-02,161,204,rosa-rubiginosa-mwjx8ne,rosa-rubiginosa-mwjx8ne-10.png
Rosa rubiginosa,rosa-rubiginosa-02-11.png,rosa-rubiginosa-02,155,190,rosa-rubiginosa-mwjx8ne,rosa-rubiginosa-mwjx8ne-11.png
Rosa rubiginosa,rosa-rubiginosa-02-12.png,rosa-rubiginosa-02,139,163,rosa-rubiginosa-mwjx8ne,rosa-rubiginosa-mwjx8ne-12.png
Rosa rubiginosa,rosa-rubiginosa-01-01.png,rosa-rubiginosa-01,112,168,rosa-rubiginosa-2dcflmg,rosa-rubiginosa-2dcflmg-01.png
Rosa rubiginosa,rosa-rubiginosa-01-02.png,rosa-rubiginosa-01,75,126,rosa-rubiginosa-2dcflmg,rosa-rubiginosa-2dcflmg-02.png
Rosa rubiginosa,rosa-rubiginosa-01-03.png,rosa-rubiginosa-01,96,123,rosa-rubiginosa-2dcflmg,rosa-rubiginosa-2dcflmg-03.png
Rosa rubiginosa,rosa-rubiginosa-01-04.png,rosa-rubiginosa-01,54,110,rosa-rubiginosa-2dcflmg,rosa-rubiginosa-2dcflmg-04.png
Rosa rubiginosa,rosa-rubiginosa-01-05.png,rosa-rubiginosa-01,57,101,rosa-rubiginosa-2dcflmg,rosa-rubiginosa-2dcflmg-05.png
Rosa rubiginosa,rosa-rubiginosa-01-06.png,rosa-rubiginosa-01,85,83,rosa-rubiginosa-2dcflmg,rosa-rubiginosa-2dcflmg-06.png
Rosa rubiginosa,rosa-rubiginosa-01-07.png,rosa-rubiginosa-01,83,120,rosa-rubiginosa-2dcflmg,rosa-rubiginosa-2dcflmg-07.png
Rosa rubiginosa,rosa-rubiginosa-01-08.png,rosa-rubiginosa-01,56,111,rosa-rubiginosa-2dcflmg,rosa-rubiginosa-2dcflmg-08.png
Rosa rubiginosa,rosa-rubiginosa-01-09.png,rosa-rubiginosa-01,94,92,rosa-rubiginosa-2dcflmg,rosa-rubiginosa-2dcflmg-09.png
Rosa rubiginosa,rosa-rubiginosa-01-10.png,rosa-rubiginosa-01,48,53,rosa-rubiginosa-2dcflmg,rosa-rubiginosa-2dcflmg-10.png
Rosa rubiginosa,rosa-rubiginosa-01-11.png,rosa-rubiginosa-01,125,161,rosa-rubiginosa-2dcflmg,rosa-rubiginosa-2dcflmg-11.png
Rosa rubiginosa,rosa-rubiginosa-01-12.png,rosa-rubiginosa-01,31,58,rosa-rubiginosa-2dcflmg,rosa-rubiginosa-2dcflmg-12.png
Rosa rubiginosa,rosa-rubiginosa-01-13.png,rosa-rubiginosa-01,94,136,rosa-rubiginosa-2dcflmg,rosa-rubiginosa-2dcflmg-13.png
Rosa rubiginosa,rosa-rubiginosa-01-14.png,rosa-rubiginosa-01,123,131,rosa-rubiginosa-2dcflmg,rosa-rubiginosa-2dcflmg-14.png
Rosa rubiginosa,rosa-rubiginosa-01-15.png,rosa-rubiginosa-01,32,56,rosa-rubiginosa-2dcflmg,rosa-rubiginosa-2dcflmg-15.png
Rosa rubiginosa,rosa-rubiginosa-01-16.png,rosa-rubiginosa-01,32,55,rosa-rubiginosa-2dcflmg,rosa-rubiginosa-2dcflmg-16.png
Rosa rubiginosa,rosa-rubiginosa-01-17.png,rosa-rubiginosa-01,42,32,rosa-rubiginosa-2dcflmg,rosa-rubiginosa-2dcflmg-17.png
Pulmonaria officinalis,pulmonaria-officinalis-01-01.png,pulmonaria-officinalis-01,71,301,pulmonaria-officinalis-cs2sbhd,pulmonaria-officinalis-cs2sbhd-01.png
Pulmonaria officinalis,pulmonaria-officinalis-01-02.png,pulmonaria-officinalis-01,84,224,pulmonaria-officinalis-cs2sbhd,pulmonaria-officinalis-cs2sbhd-02.png
Pulmonaria officinalis,pulmonaria-officinalis-01-03.png,pulmonaria-officinalis-01,99,334,pulmonaria-officinalis-cs2sbhd,pulmonaria-officinalis-cs2sbhd-03.png
Pulmonaria officinalis,pulmonaria-officinalis-01-04.png,pulmonaria-officinalis-01,140,244,pulmonaria-officinalis-cs2sbhd,pulmonaria-officinalis-cs2sbhd-04.png
Pulmonaria officinalis,pulmonaria-officinalis-01-05.png,pulmonaria-officinalis-01,89,209,pulmonaria-officinalis-cs2sbhd,pulmonaria-officinalis-cs2sbhd-05.png
Pulmonaria officinalis,pulmonaria-officinalis-01-06.png,pulmonaria-officinalis-01,98,300,pulmonaria-officinalis-cs2sbhd,pulmonaria-officinalis-cs2sbhd-06.png
Pulmonaria officinalis,pulmonaria-officinalis-01-07.png,pulmonaria-officinalis-01,80,254,pulmonaria-officinalis-cs2sbhd,pulmonaria-officinalis-cs2sbhd-07.png
Pulmonaria officinalis,pulmonaria-officinalis-01-08.png,pulmonaria-officinalis-01,66,268,pulmonaria-officinalis-cs2sbhd,pulmonaria-officinalis-cs2sbhd-08.png
Pulmonaria officinalis,pulmonaria-officinalis-01-09.png,pulmonaria-officinalis-01,140,210,pulmonaria-officinalis-cs2sbhd,pulmonaria-officinalis-cs2sbhd-09.png
Phlox drummondii,phlox-drummondii-01-01.png,phlox-drummondii-01,40,86,phlox-drummondii-qtzv4t7,phlox-drummondii-qtzv4t7-01.png
Phlox drummondii,phlox-drummondii-01-02.png,phlox-drummondii-01,20,343,phlox-drummondii-qtzv4t7,phlox-drummondii-qtzv4t7-02.png
Phlox drummondii,phlox-drummondii-01-03.png,phlox-drummondii-01,21,339,phlox-drummondii-qtzv4t7,phlox-drummondii-qtzv4t7-03.png
Phlox drummondii,phlox-drummondii-01-04.png,phlox-drummondii-01,50,160,phlox-drummondii-qtzv4t7,phlox-drummondii-qtzv4t7-04.png
Phlox drummondii,phlox-drummondii-01-05.png,phlox-drummondii-01,30,44,phlox-drummondii-qtzv4t7,phlox-drummondii-qtzv4t7-05.png
Phlox drummondii,phlox-drummondii-01-06.png,phlox-drummondii-01,34,107,phlox-drummondii-qtzv4t7,phlox-drummondii-qtzv4t7-06.png
Phlox drummondii,phlox-drummondii-01-07.png,phlox-drummondii-01,27,94,phlox-drummondii-qtzv4t7,phlox-drummondii-qtzv4t7-07.png
Phlox drummondii,phlox-drummondii-01-08.png,phlox-drummondii-01,56,68,phlox-drummondii-qtzv4t7,phlox-drummondii-qtzv4t7-08.png
Phlox drummondii,phlox-drummondii-01-09.png,phlox-drummondii-01,60,88,phlox-drummondii-qtzv4t7,phlox-drummondii-qtzv4t7-09.png
Phlox drummondii,phlox-drummondii-01-10.png,phlox-drummondii-01,28,39,phlox-drummondii-qtzv4t7,phlox-drummondii-qtzv4t7-10.png
Phlox drummondii,phlox-drummondii-01-11.png,phlox-drummondii-01,37,43,phlox-drummondii-qtzv4t7,phlox-drummondii-qtzv4t7-11.png
Phlox drummondii,phlox-drummondii-01-12.png,phlox-drummondii-01,38,143,phlox-drummondii-qtzv4t7,phlox-drummondii-qtzv4t7-12.png
Phlox drummondii,phlox-drummondii-01-13.png,phlox-drummondii-01,50,140,phlox-drummondii-qtzv4t7,phlox-drummondii-qtzv4t7-13.png
Phlox drummondii,phlox-drummondii-01-14.png,phlox-drummondii-01,33,121,phlox-drummondii-qtzv4t7,phlox-drummondii-qtzv4t7-14.png
Phlox drummondii,phlox-drummondii-01-15.png,phlox-drummondii-01,28,40,phlox-drummondii-qtzv4t7,phlox-drummondii-qtzv4t7-15.png
Phlox drummondii,phlox-drummondii-01-16.png,phlox-drummondii-01,34,49,phlox-drummondii-qtzv4t7,phlox-drummondii-qtzv4t7-16.png
Phlox drummondii,phlox-drummondii-01-17.png,phlox-drummondii-01,50,82,phlox-drummondii-qtzv4t7,phlox-drummondii-qtzv4t7-17.png
Phlox drummondii,phlox-drummondii-01-18.png,phlox-drummondii-01,28,36,phlox-drummondii-qtzv4t7,phlox-drummondii-qtzv4t7-18.png
Phlox drummondii,phlox-drummondii-01-19.png,phlox-drummondii-01,42,140,phlox-drummondii-qtzv4t7,phlox-drummondii-qtzv4t7-19.png
Phlox drummondii,phlox-drummondii-01-20.png,phlox-drummondii-01,30,34,phlox-drummondii-qtzv4t7,phlox-drummondii-qtzv4t7-20.png
Phlox drummondii,phlox-drummondii-01-21.png,phlox-drummondii-01,101,154,phlox-drummondii-qtzv4t7,phlox-drummondii-qtzv4t7-21.png
Phlox drummondii,phlox-drummondii-01-22.png,phlox-drummondii-01,45,162,phlox-drummondii-qtzv4t7,phlox-drummondii-qtzv4t7-22.png
Phlox drummondii,phlox-drummondii-01-23.png,phlox-drummondii-01,30,43,phlox-drummondii-qtzv4t7,phlox-drummondii-qtzv4t7-23.png
Phlox drummondii,phlox-drummondii-01-24.png,phlox-drummondii-01,45,154,phlox-drummondii-qtzv4t7,phlox-drummondii-qtzv4t7-24.png
Phlox drummondii,phlox-drummondii-01-25.png,phlox-drummondii-01,44,141,phlox-drummondii-qtzv4t7,phlox-drummondii-qtzv4t7-25.png
Phlox drummondii,phlox-drummondii-01-26.png,phlox-drummondii-01,63,76,phlox-drummondii-qtzv4t7,phlox-drummondii-qtzv4t7-26.png
Phlox drummondii,phlox-drummondii-01-27.png,phlox-drummondii-01,34,44,phlox-drummondii-qtzv4t7,phlox-drummondii-qtzv4t7-27.png
Phlox drummondii,phlox-drummondii-01-28.png,phlox-drummondii-01,27,37,phlox-drummondii-qtzv4t7,phlox-drummondii-qtzv4t7-28.png
Phlox drummondii,phlox-drummondii-01-29.png,phlox-drummondii-01,33,48,phlox-drummondii-qtzv4t7,phlox-drummondii-qtzv4t7-29.png
Persicaria affinis,persicaria-affinis-01-01.png,persicaria-affinis-01,64,60,persicaria-affinis-aay5fx5,persicaria-affinis-aay5fx5-01.png
Persicaria affinis,persicaria-affinis-01-02.png,persicaria-affinis-01,112,25,persicaria-affinis-aay5fx5,persicaria-affinis-aay5fx5-02.png
Persicaria affinis,persicaria-affinis-01-03.png,persicaria-affinis-01,82,20,persicaria-affinis-aay5fx5,persicaria-affinis-aay5fx5-03.png
Persicaria affinis,persicaria-affinis-01-04.png,persicaria-affinis-01,68,20,persicaria-affinis-aay5fx5,persicaria-affinis-aay5fx5-04.png
Persicaria affinis,persicaria-affinis-01-05.png,persicaria-affinis-01,81,20,persicaria-affinis-aay5fx5,persicaria-affinis-aay5fx5-05.png
Persicaria affinis,persicaria-affinis-01-06.png,persicaria-affinis-01,95,25,persicaria-affinis-aay5fx5,persicaria-affinis-aay5fx5-06.png
Persicaria affinis,persicaria-affinis-01-07.png,persicaria-affinis-01,52,22,persicaria-affinis-aay5fx5,persicaria-affinis-aay5fx5-07.png
Persicaria affinis,persicaria-affinis-01-08.png,persicaria-affinis-01,64,23,persicaria-affinis-aay5fx5,persicaria-affinis-aay5fx5-08.png
Persicaria affinis,persicaria-affinis-01-09.png,persicaria-affinis-01,28,67,persicaria-affinis-aay5fx5,persicaria-affinis-aay5fx5-09.png
Persicaria affinis,persicaria-affinis-01-10.png,persicaria-affinis-01,119,143,persicaria-affinis-aay5fx5,persicaria-affinis-aay5fx5-10.png
Persicaria affinis,persicaria-affinis-01-11.png,persicaria-affinis-01,147,16,persicaria-affinis-aay5fx5,persicaria-affinis-aay5fx5-11.png
Persicaria affinis,persicaria-affinis-01-12.png,persicaria-affinis-01,49,306,persicaria-affinis-aay5fx5,persicaria-affinis-aay5fx5-12.png
Persicaria affinis,persicaria-affinis-01-13.png,persicaria-affinis-01,163,150,persicaria-affinis-aay5fx5,persicaria-affinis-aay5fx5-13.png
Persicaria affinis,persicaria-affinis-01-14.png,persicaria-affinis-01,50,309,persicaria-affinis-aay5fx5,persicaria-affinis-aay5fx5-14.png
Persicaria affinis,persicaria-affinis-01-15.png,persicaria-affinis-01,55,290,persicaria-affinis-aay5fx5,persicaria-affinis-aay5fx5-15.png
Persicaria affinis,persicaria-affinis-01-16.png,persicaria-affinis-01,26,204,persicaria-affinis-aay5fx5,persicaria-affinis-aay5fx5-16.png
Persicaria affinis,persicaria-affinis-01-17.png,persicaria-affinis-01,58,271,persicaria-affinis-aay5fx5,persicaria-affinis-aay5fx5-17.png
Persicaria affinis,persicaria-affinis-01-18.png,persicaria-affinis-01,35,239,persicaria-affinis-aay5fx5,persicaria-affinis-aay5fx5-18.png
Persicaria affinis,persicaria-affinis-01-19.png,persicaria-affinis-01,85,222,persicaria-affinis-aay5fx5,persicaria-affinis-aay5fx5-19.png
Persicaria affinis,persicaria-affinis-01-20.png,persicaria-affinis-01,21,38,persicaria-affinis-aay5fx5,persicaria-affinis-aay5fx5-20.png
Persicaria affinis,persicaria-affinis-01-21.png,persicaria-affinis-01,46,55,persicaria-affinis-aay5fx5,persicaria-affinis-aay5fx5-21.png
Persicaria affinis,persicaria-affinis-01-22.png,persicaria-affinis-01,102,195,persicaria-affinis-aay5fx5,persicaria-affinis-aay5fx5-22.png
Persicaria affinis,persicaria-affinis-01-23.png,persicaria-affinis-01,52,66,persicaria-affinis-aay5fx5,persicaria-affinis-aay5fx5-23.png
Persicaria affinis,persicaria-affinis-01-24.png,persicaria-affinis-01,44,59,persicaria-affinis-aay5fx5,persicaria-affinis-aay5fx5-24.png
Persicaria affinis,persicaria-affinis-01-25.png,persicaria-affinis-01,55,61,persicaria-affinis-aay5fx5,persicaria-affinis-aay5fx5-25.png
Persicaria affinis,persicaria-affinis-01-26.png,persicaria-affinis-01,21,67,persicaria-affinis-aay5fx5,persicaria-affinis-aay5fx5-26.png
Persicaria affinis,persicaria-affinis-01-27.png,persicaria-affinis-01,235,46,persicaria-affinis-aay5fx5,persicaria-affinis-aay5fx5-27.png
Persicaria affinis,persicaria-affinis-02-01.png,persicaria-affinis-02,68,54,persicaria-affinis-sjcdqte,persicaria-affinis-sjcdqte-01.png
Persicaria affinis,persicaria-affinis-02-02.png,persicaria-affinis-02,27,95,persicaria-affinis-sjcdqte,persicaria-affinis-sjcdqte-02.png
Persicaria affinis,persicaria-affinis-02-03.png,persicaria-affinis-02,65,65,persicaria-affinis-sjcdqte,persicaria-affinis-sjcdqte-03.png
Persicaria affinis,persicaria-affinis-02-04.png,persicaria-affinis-02,24,87,persicaria-affinis-sjcdqte,persicaria-affinis-sjcdqte-04.png
Persicaria affinis,persicaria-affinis-02-05.png,persicaria-affinis-02,248,62,persicaria-affinis-sjcdqte,persicaria-affinis-sjcdqte-05.png
Persicaria affinis,persicaria-affinis-02-06.png,persicaria-affinis-02,22,83,persicaria-affinis-sjcdqte,persicaria-affinis-sjcdqte-06.png
Persicaria affinis,persicaria-affinis-02-07.png,persicaria-affinis-02,99,300,persicaria-affinis-sjcdqte,persicaria-affinis-sjcdqte-07.png
Persicaria affinis,persicaria-affinis-02-08.png,persicaria-affinis-02,63,286,persicaria-affinis-sjcdqte,persicaria-affinis-sjcdqte-08.png
Persicaria affinis,persicaria-affinis-02-09.png,persicaria-affinis-02,38,301,persicaria-affinis-sjcdqte,persicaria-affinis-sjcdqte-09.png
Persicaria affinis,persicaria-affinis-02-10.png,persicaria-affinis-02,27,63,persicaria-affinis-sjcdqte,persicaria-affinis-sjcdqte-10.png
Persicaria affinis,persicaria-affinis-02-11.png,persicaria-affinis-02,35,305,persicaria-affinis-sjcdqte,persicaria-affinis-sjcdqte-11.png
Persicaria affinis,persicaria-affinis-02-12.png,persicaria-affinis-02,47,67,persicaria-affinis-sjcdqte,persicaria-affinis-sjcdqte-12.png
Persicaria affinis,persicaria-affinis-02-13.png,persicaria-affinis-02,55,88,persicaria-affinis-sjcdqte,persicaria-affinis-sjcdqte-13.png
Persicaria affinis,persicaria-affinis-02-14.png,persicaria-affinis-02,64,228,persicaria-affinis-sjcdqte,persicaria-affinis-sjcdqte-14.png
Persicaria affinis,persicaria-affinis-02-15.png,persicaria-affinis-02,64,267,persicaria-affinis-sjcdqte,persicaria-affinis-sjcdqte-15.png
Persicaria affinis,persicaria-affinis-02-16.png,persicaria-affinis-02,30,114,persicaria-affinis-sjcdqte,persicaria-affinis-sjcdqte-16.png
Persicaria affinis,persicaria-affinis-02-17.png,persicaria-affinis-02,38,105,persicaria-affinis-sjcdqte,persicaria-affinis-sjcdqte-17.png
Persicaria affinis,persicaria-affinis-02-18.png,persicaria-affinis-02,18,57,persicaria-affinis-sjcdqte,persicaria-affinis-sjcdqte-18.png
Persicaria affinis,persicaria-affinis-02-19.png,persicaria-affinis-02,116,172,persicaria-affinis-sjcdqte,persicaria-affinis-sjcdqte-19.png
Persicaria affinis,persicaria-affinis-02-20.png,persicaria-affinis-02,100,177,persicaria-affinis-sjcdqte,persicaria-affinis-sjcdqte-20.png
Persicaria affinis,persicaria-affinis-02-21.png,persicaria-affinis-02,310,53,persicaria-affinis-sjcdqte,persicaria-affinis-sjcdqte-21.png
Persicaria affinis,persicaria-affinis-02-22.png,persicaria-affinis-02,250,31,persicaria-affinis-sjcdqte,persicaria-affinis-sjcdqte-22.png
Persicaria affinis,persicaria-affinis-02-23.png,persicaria-affinis-02,215,23,persicaria-affinis-sjcdqte,persicaria-affinis-sjcdqte-23.png
Ipomoea purpurea,ipomoea-purpurea-01-01.png,ipomoea-purpurea-01,112,175,morning-glory-7ty2yrg,morning-glory-7ty2yrg-01.png
Ipomoea purpurea,ipomoea-purpurea-01-02.png,ipomoea-purpurea-01,276,239,morning-glory-7ty2yrg,morning-glory-7ty2yrg-02.png
Ipomoea purpurea,ipomoea-purpurea-01-03.png,ipomoea-purpurea-01,22,120,morning-glory-7ty2yrg,morning-glory-7ty2yrg-03.png
Ipomoea purpurea,ipomoea-purpurea-01-04.png,ipomoea-purpurea-01,27,52,morning-glory-7ty2yrg,morning-glory-7ty2yrg-04.png
Ipomoea purpurea,ipomoea-purpurea-01-05.png,ipomoea-purpurea-01,149,257,morning-glory-7ty2yrg,morning-glory-7ty2yrg-05.png
Ipomoea purpurea,ipomoea-purpurea-01-06.png,ipomoea-purpurea-01,121,239,morning-glory-7ty2yrg,morning-glory-7ty2yrg-06.png
Ipomoea purpurea,ipomoea-purpurea-01-07.png,ipomoea-purpurea-01,26,53,morning-glory-7ty2yrg,morning-glory-7ty2yrg-07.png
Ipomoea purpurea,ipomoea-purpurea-01-08.png,ipomoea-purpurea-01,23,55,morning-glory-7ty2yrg,morning-glory-7ty2yrg-08.png
Ipomoea purpurea,ipomoea-purpurea-01-09.png,ipomoea-purpurea-01,102,195,morning-glory-7ty2yrg,morning-glory-7ty2yrg-09.png
Ipomoea purpurea,ipomoea-purpurea-01-10.png,ipomoea-purpurea-01,31,56,morning-glory-7ty2yrg,morning-glory-7ty2yrg-10.png
Ipomoea purpurea,ipomoea-purpurea-01-11.png,ipomoea-purpurea-01,86,67,morning-glory-7ty2yrg,morning-glory-7ty2yrg-11.png
Ipomoea purpurea,ipomoea-purpurea-01-12.png,ipomoea-purpurea-01,38,80,morning-glory-7ty2yrg,morning-glory-7ty2yrg-12.png
Eriocapitella hupehensis,eriocapitella-hupehensis-02-01.png,eriocapitella-hupehensis-02,157,232,eriocapitella-hupehensis-ftx54ua,eriocapitella-hupehensis-ftx54ua-01.png
Eriocapitella hupehensis,eriocapitella-hupehensis-02-02.png,eriocapitella-hupehensis-02,185,178,eriocapitella-hupehensis-ftx54ua,eriocapitella-hupehensis-ftx54ua-02.png
Eriocapitella hupehensis,eriocapitella-hupehensis-02-03.png,eriocapitella-hupehensis-02,52,38,eriocapitella-hupehensis-ftx54ua,eriocapitella-hupehensis-ftx54ua-03.png
Eriocapitella hupehensis,eriocapitella-hupehensis-02-04.png,eriocapitella-hupehensis-02,40,29,eriocapitella-hupehensis-ftx54ua,eriocapitella-hupehensis-ftx54ua-04.png
Eriocapitella hupehensis,eriocapitella-hupehensis-02-05.png,eriocapitella-hupehensis-02,50,32,eriocapitella-hupehensis-ftx54ua,eriocapitella-hupehensis-ftx54ua-05.png
Eriocapitella hupehensis,eriocapitella-hupehensis-02-06.png,eriocapitella-hupehensis-02,38,24,eriocapitella-hupehensis-ftx54ua,eriocapitella-hupehensis-ftx54ua-06.png
Eriocapitella hupehensis,eriocapitella-hupehensis-02-07.png,eriocapitella-hupehensis-02,50,82,eriocapitella-hupehensis-ftx54ua,eriocapitella-hupehensis-ftx54ua-07.png
Eriocapitella hupehensis,eriocapitella-hupehensis-02-08.png,eriocapitella-hupehensis-02,42,59,eriocapitella-hupehensis-ftx54ua,eriocapitella-hupehensis-ftx54ua-08.png
Eriocapitella hupehensis,eriocapitella-hupehensis-02-09.png,eriocapitella-hupehensis-02,17,349,eriocapitella-hupehensis-ftx54ua,eriocapitella-hupehensis-ftx54ua-09.png
Eriocapitella hupehensis,eriocapitella-hupehensis-02-10.png,eriocapitella-hupehensis-02,38,75,eriocapitella-hupehensis-ftx54ua,eriocapitella-hupehensis-ftx54ua-10.png
Eriocapitella hupehensis,eriocapitella-hupehensis-02-11.png,eriocapitella-hupehensis-02,35,39,eriocapitella-hupehensis-ftx54ua,eriocapitella-hupehensis-ftx54ua-11.png
Eriocapitella hupehensis,eriocapitella-hupehensis-02-12.png,eriocapitella-hupehensis-02,37,32,eriocapitella-hupehensis-ftx54ua,eriocapitella-hupehensis-ftx54ua-12.png
Eriocapitella hupehensis,eriocapitella-hupehensis-02-13.png,eriocapitella-hupehensis-02,78,154,eriocapitella-hupehensis-ftx54ua,eriocapitella-hupehensis-ftx54ua-13.png
Eriocapitella hupehensis,eriocapitella-hupehensis-02-14.png,eriocapitella-hupehensis-02,154,272,eriocapitella-hupehensis-ftx54ua,eriocapitella-hupehensis-ftx54ua-14.png
Eriocapitella hupehensis,eriocapitella-hupehensis-02-15.png,eriocapitella-hupehensis-02,23,81,eriocapitella-hupehensis-ftx54ua,eriocapitella-hupehensis-ftx54ua-15.png
Eriocapitella hupehensis,eriocapitella-hupehensis-02-16.png,eriocapitella-hupehensis-02,157,241,eriocapitella-hupehensis-ftx54ua,eriocapitella-hupehensis-ftx54ua-16.png
Eriocapitella hupehensis,eriocapitella-hupehensis-02-17.png,eriocapitella-hupehensis-02,113,251,eriocapitella-hupehensis-ftx54ua,eriocapitella-hupehensis-ftx54ua-17.png
Eriocapitella hupehensis,eriocapitella-hupehensis-02-18.png,eriocapitella-hupehensis-02,53,111,eriocapitella-hupehensis-ftx54ua,eriocapitella-hupehensis-ftx54ua-18.png
Eriocapitella hupehensis,eriocapitella-hupehensis-01-01.png,eriocapitella-hupehensis-01,129,146,eriocapitella-hupehensis,eriocapitella-hupehensis-01.png
Eriocapitella hupehensis,eriocapitella-hupehensis-01-02.png,eriocapitella-hupehensis-01,108,101,eriocapitella-hupehensis,eriocapitella-hupehensis-02.png
Eriocapitella hupehensis,eriocapitella-hupehensis-01-03.png,eriocapitella-hupehensis-01,124,53,eriocapitella-hupehensis,eriocapitella-hupehensis-03.png
Eriocapitella hupehensis,eriocapitella-hupehensis-01-04.png,eriocapitella-hupehensis-01,16,299,eriocapitella-hupehensis,eriocapitella-hupehensis-04.png
Eriocapitella hupehensis,eriocapitella-hupehensis-01-05.png,eriocapitella-hupehensis-01,158,168,eriocapitella-hupehensis,eriocapitella-hupehensis-05.png
Eriocapitella hupehensis,eriocapitella-hupehensis-01-06.png,eriocapitella-hupehensis-01,77,113,eriocapitella-hupehensis,eriocapitella-hupehensis-06.png
Eriocapitella hupehensis,eriocapitella-hupehensis-01-07.png,eriocapitella-hupehensis-01,161,210,eriocapitella-hupehensis,eriocapitella-hupehensis-07.png
Eriocapitella hupehensis,eriocapitella-hupehensis-01-08.png,eriocapitella-hupehensis-01,112,177,eriocapitella-hupehensis,eriocapitella-hupehensis-08.png
Eriocapitella hupehensis,eriocapitella-hupehensis-01-09.png,eriocapitella-hupehensis-01,38,36,eriocapitella-hupehensis,eriocapitella-hupehensis-09.png
Eriocapitella hupehensis,eriocapitella-hupehensis-01-10.png,eriocapitella-hupehensis-01,149,182,eriocapitella-hupehensis,eriocapitella-hupehensis-10.png
Eriocapitella hupehensis,eriocapitella-hupehensis-01-11.png,eriocapitella-hupehensis-01,36,37,eriocapitella-hupehensis,eriocapitella-hupehensis-11.png
Eriocapitella hupehensis,eriocapitella-hupehensis-01-12.png,eriocapitella-hupehensis-01,194,139,eriocapitella-hupehensis,eriocapitella-hupehensis-12.png
Eriocapitella hupehensis,eriocapitella-hupehensis-01-13.png,eriocapitella-hupehensis-01,65,69,eriocapitella-hupehensis,eriocapitella-hupehensis-13.png
Eriocapitella hupehensis,eriocapitella-hupehensis-01-14.png,eriocapitella-hupehensis-01,27,65,eriocapitella-hupehensis,eriocapitella-hupehensis-14.png
Eriocapitella hupehensis,eriocapitella-hupehensis-01-15.png,eriocapitella-hupehensis-01,149,82,eriocapitella-hupehensis,eriocapitella-hupehensis-15.png
Eriocapitella hupehensis,eriocapitella-hupehensis-01-16.png,eriocapitella-hupehensis-01,32,35,eriocapitella-hupehensis,eriocapitella-hupehensis-16.png
Eriocapitella hupehensis,eriocapitella-hupehensis-01-17.png,eriocapitella-hupehensis-01,36,34,eriocapitella-hupehensis,eriocapitella-hupehensis-17.png
Convallaria majalis,convallaria-majalis-01-01.png,convallaria-majalis-01,92,378,convallaria-majalis-appbbar,convallaria-majalis-appbbar-01.png
Convallaria majalis,convallaria-majalis-01-02.png,convallaria-majalis-01,96,371,convallaria-majalis-appbbar,convallaria-majalis-appbbar-02.png
Convallaria majalis,convallaria-majalis-01-03.png,convallaria-majalis-01,110,293,convallaria-majalis-appbbar,convallaria-majalis-appbbar-03.png
Convallaria majalis,convallaria-majalis-01-04.png,convallaria-majalis-01,67,355,convallaria-majalis-appbbar,convallaria-majalis-appbbar-04.png
Convallaria majalis,convallaria-majalis-01-05.png,convallaria-majalis-01,83,311,convallaria-majalis-appbbar,convallaria-majalis-appbbar-05.png
Convallaria majalis,convallaria-majalis-01-06.png,convallaria-majalis-01,130,315,convallaria-majalis-appbbar,convallaria-majalis-appbbar-06.png
Convallaria majalis,convallaria-majalis-01-07.png,convallaria-majalis-01,37,197,convallaria-majalis-appbbar,convallaria-majalis-appbbar-07.png
Convallaria majalis,convallaria-majalis-01-08.png,convallaria-majalis-01,29,169,convallaria-majalis-appbbar,convallaria-majalis-appbbar-08.png
Convallaria majalis,convallaria-majalis-02-01.png,convallaria-majalis-02,27,206,convallaria-majalis-qe2bk8u,convallaria-majalis-qe2bk8u-01.png
Convallaria majalis,convallaria-majalis-02-02.png,convallaria-majalis-02,91,353,convallaria-majalis-qe2bk8u,convallaria-majalis-qe2bk8u-02.png
Convallaria majalis,convallaria-majalis-02-03.png,convallaria-majalis-02,116,290,convallaria-majalis-qe2bk8u,convallaria-majalis-qe2bk8u-03.png
Convallaria majalis,convallaria-majalis-02-04.png,convallaria-majalis-02,99,312,convallaria-majalis-qe2bk8u,convallaria-majalis-qe2bk8u-04.png
Convallaria majalis,convallaria-majalis-02-05.png,convallaria-majalis-02,72,210,convallaria-majalis-qe2bk8u,convallaria-majalis-qe2bk8u-05.png
Convallaria majalis,convallaria-majalis-02-06.png,convallaria-majalis-02,61,288,convallaria-majalis-qe2bk8u,convallaria-majalis-qe2bk8u-06.png
Convallaria majalis,convallaria-majalis-02-07.png,convallaria-majalis-02,31,219,convallaria-majalis-qe2bk8u,convallaria-majalis-qe2bk8u-07.png
Convallaria majalis,convallaria-majalis-02-08.png,convallaria-majalis-02,59,168,convallaria-majalis-qe2bk8u,convallaria-majalis-qe2bk8u-08.png
Convallaria majalis,convallaria-majalis-02-09.png,convallaria-majalis-02,314,93,convallaria-majalis-qe2bk8u,convallaria-majalis-qe2bk8u-09.png
Asclepias seeds,asclepias-seeds-01-01.png,asclepias-seeds-01,104,50,asclepias-seeds-nkxhxza,asclepias-seeds-nkxhxza-01.png
Asclepias seeds,asclepias-seeds-01-02.png,asclepias-seeds-01,51,143,asclepias-seeds-nkxhxza,asclepias-seeds-nkxhxza-02.png
Asclepias seeds,asclepias-seeds-01-03.png,asclepias-seeds-01,82,156,asclepias-seeds-nkxhxza,asclepias-seeds-nkxhxza-03.png
Asclepias seeds,asclepias-seeds-01-04.png,asclepias-seeds-01,36,82,asclepias-seeds-nkxhxza,asclepias-seeds-nkxhxza-04.png
Asclepias seeds,asclepias-seeds-01-05.png,asclepias-seeds-01,87,143,asclepias-seeds-nkxhxza,asclepias-seeds-nkxhxza-05.png
Asclepias seeds,asclepias-seeds-01-06.png,asclepias-seeds-01,81,143,asclepias-seeds-nkxhxza,asclepias-seeds-nkxhxza-06.png
Asclepias seeds,asclepias-seeds-01-07.png,asclepias-seeds-01,119,51,asclepias-seeds-nkxhxza,asclepias-seeds-nkxhxza-07.png
Asclepias seeds,asclepias-seeds-01-08.png,asclepias-seeds-01,49,148,asclepias-seeds-nkxhxza,asclepias-seeds-nkxhxza-08.png
Asclepias seeds,asclepias-seeds-01-09.png,asclepias-seeds-01,53,143,asclepias-seeds-nkxhxza,asclepias-seeds-nkxhxza-09.png
Asclepias seeds,asclepias-seeds-01-10.png,asclepias-seeds-01,57,124,asclepias-seeds-nkxhxza,asclepias-seeds-nkxhxza-10.png
Asclepias seeds,asclepias-seeds-01-11.png,asclepias-seeds-01,84,127,asclepias-seeds-nkxhxza,asclepias-seeds-nkxhxza-11.png
Asclepias seeds,asclepias-seeds-01-12.png,asclepias-seeds-01,49,121,asclepias-seeds-nkxhxza,asclepias-seeds-nkxhxza-12.png
Asclepias seeds,asclepias-seeds-01-13.png,asclepias-seeds-01,75,193,asclepias-seeds-nkxhxza,asclepias-seeds-nkxhxza-13.png
Asclepias seeds,asclepias-seeds-01-14.png,asclepias-seeds-01,63,205,asclepias-seeds-nkxhxza,asclepias-seeds-nkxhxza-14.png
Asclepias seeds,asclepias-seeds-01-15.png,asclepias-seeds-01,67,181,asclepias-seeds-nkxhxza,asclepias-seeds-nkxhxza-15.png
Asclepias seeds,asclepias-seeds-01-16.png,asclepias-seeds-01,98,188,asclepias-seeds-nkxhxza,asclepias-seeds-nkxhxza-16.png
Asclepias seeds,asclepias-seeds-01-17.png,asclepias-seeds-01,55,170,asclepias-seeds-nkxhxza,asclepias-seeds-nkxhxza-17.png
Asclepias seeds,asclepias-seeds-01-18.png,asclepias-seeds-01,54,162,asclepias-seeds-nkxhxza,asclepias-seeds-nkxhxza-18.png
Asclepias syriaca L.,asclepias-syriaca-l-01-01.png,asclepias-syriaca-l-01,46,68,asclepias-jujycwp,asclepias-jujycwp-01.png
Asclepias syriaca L.,asclepias-syriaca-l-01-02.png,asclepias-syriaca-l-01,52,58,asclepias-jujycwp,asclepias-jujycwp-02.png
Asclepias syriaca L.,asclepias-syriaca-l-01-03.png,asclepias-syriaca-l-01,108,179,asclepias-jujycwp,asclepias-jujycwp-03.png
Asclepias syriaca L.,asclepias-syriaca-l-01-04.png,asclepias-syriaca-l-01,94,154,asclepias-jujycwp,asclepias-jujycwp-04.png
Asclepias syriaca L.,asclepias-syriaca-l-01-05.png,asclepias-syriaca-l-01,22,471,asclepias-jujycwp,asclepias-jujycwp-05.png
Asclepias syriaca L.,asclepias-syriaca-l-01-06.png,asclepias-syriaca-l-01,47,69,asclepias-jujycwp,asclepias-jujycwp-06.png
Asclepias syriaca L.,asclepias-syriaca-l-01-07.png,asclepias-syriaca-l-01,24,435,asclepias-jujycwp,asclepias-jujycwp-07.png
Asclepias syriaca L.,asclepias-syriaca-l-01-08.png,asclepias-syriaca-l-01,24,441,asclepias-jujycwp,asclepias-jujycwp-08.png
Asclepias syriaca L.,asclepias-syriaca-l-01-09.png,asclepias-syriaca-l-01,111,145,asclepias-jujycwp,asclepias-jujycwp-09.png
Asclepias syriaca L.,asclepias-syriaca-l-01-10.png,asclepias-syriaca-l-01,42,79,asclepias-jujycwp,asclepias-jujycwp-10.png
Asclepias syriaca L.,asclepias-syriaca-l-01-11.png,asclepias-syriaca-l-01,107,145,asclepias-jujycwp,asclepias-jujycwp-11.png
Asclepias syriaca L.,asclepias-syriaca-l-01-12.png,asclepias-syriaca-l-01,103,164,asclepias-jujycwp,asclepias-jujycwp-12.png
Asclepias syriaca L.,asclepias-syriaca-l-01-13.png,asclepias-syriaca-l-01,116,157,asclepias-jujycwp,asclepias-jujycwp-13.png
Asclepias syriaca L.,asclepias-syriaca-l-01-14.png,asclepias-syriaca-l-01,111,176,asclepias-jujycwp,asclepias-jujycwp-14.png
Asclepias syriaca L.,asclepias-syriaca-l-01-15.png,asclepias-syriaca-l-01,87,132,asclepias-jujycwp,asclepias-jujycwp-15.png
Asclepias syriaca L.,asclepias-syriaca-l-01-16.png,asclepias-syriaca-l-01,87,113,asclepias-jujycwp,asclepias-jujycwp-16.png
Vinca minor,vinca-minor-01-01.png,vinca-minor-01,112,183,rn6yaf,rn6yaf-01.png
Vinca minor,vinca-minor-01-02.png,vinca-minor-01,114,209,rn6yaf,rn6yaf-02.png
Vinca minor,vinca-minor-01-03.png,vinca-minor-01,78,165,rn6yaf,rn6yaf-03.png
Vinca minor,vinca-minor-01-04.png,vinca-minor-01,123,259,rn6yaf,rn6yaf-04.png
Vinca minor,vinca-minor-01-05.png,vinca-minor-01,21,49,rn6yaf,rn6yaf-05.png
Vinca minor,vinca-minor-01-06.png,vinca-minor-01,20,44,rn6yaf,rn6yaf-06.png
Vinca minor,vinca-minor-01-07.png,vinca-minor-01,16,53,rn6yaf,rn6yaf-07.png
Vinca minor,vinca-minor-01-08.png,vinca-minor-01,21,62,rn6yaf,rn6yaf-08.png
Vinca minor,vinca-minor-01-09.png,vinca-minor-01,25,60,rn6yaf,rn6yaf-09.png
Vinca minor,vinca-minor-01-10.png,vinca-minor-01,24,61,rn6yaf,rn6yaf-10.png
Vinca minor,vinca-minor-01-11.png,vinca-minor-01,181,103,rn6yaf,rn6yaf-11.png
Vinca minor,vinca-minor-01-12.png,vinca-minor-01,18,50,rn6yaf,rn6yaf-12.png
Vinca minor,vinca-minor-01-13.png,vinca-minor-01,20,55,rn6yaf,rn6yaf-13.png
Vinca minor,vinca-minor-01-14.png,vinca-minor-01,29,70,rn6yaf,rn6yaf-14.png
Vinca minor,vinca-minor-01-15.png,vinca-minor-01,27,62,rn6yaf,rn6yaf-15.png
Vinca minor,vinca-minor-01-16.png,vinca-minor-01,29,65,rn6yaf,rn6yaf-16.png
Vinca minor,vinca-minor-01-17.png,vinca-minor-01,179,98,rn6yaf,rn6yaf-17.png
Veronica longifolia,veronica-longifolia-02-01.png,veronica-longifolia-02,21,205,veronica-longifolia-pkfmec,veronica-longifolia-pkfmec-01.png
Veronica longifolia,veronica-longifolia-02-02.png,veronica-longifolia-02,38,128,veronica-longifolia-pkfmec,veronica-longifolia-pkfmec-02.png
Veronica longifolia,veronica-longifolia-02-03.png,veronica-longifolia-02,29,127,veronica-longifolia-pkfmec,veronica-longifolia-pkfmec-03.png
Veronica longifolia,veronica-longifolia-02-04.png,veronica-longifolia-02,29,169,veronica-longifolia-pkfmec,veronica-longifolia-pkfmec-04.png
Veronica longifolia,veronica-longifolia-02-05.png,veronica-longifolia-02,24,91,veronica-longifolia-pkfmec,veronica-longifolia-pkfmec-05.png
Veronica longifolia,veronica-longifolia-02-06.png,veronica-longifolia-02,30,171,veronica-longifolia-pkfmec,veronica-longifolia-pkfmec-06.png
Veronica longifolia,veronica-longifolia-02-07.png,veronica-longifolia-02,23,111,veronica-longifolia-pkfmec,veronica-longifolia-pkfmec-07.png
Veronica longifolia,veronica-longifolia-02-08.png,veronica-longifolia-02,30,97,veronica-longifolia-pkfmec,veronica-longifolia-pkfmec-08.png
Veronica longifolia,veronica-longifolia-02-09.png,veronica-longifolia-02,28,307,veronica-longifolia-pkfmec,veronica-longifolia-pkfmec-09.png
Veronica longifolia,veronica-longifolia-02-10.png,veronica-longifolia-02,29,106,veronica-longifolia-pkfmec,veronica-longifolia-pkfmec-10.png
Veronica longifolia,veronica-longifolia-02-11.png,veronica-longifolia-02,36,142,veronica-longifolia-pkfmec,veronica-longifolia-pkfmec-11.png
Veronica longifolia,veronica-longifolia-02-12.png,veronica-longifolia-02,36,132,veronica-longifolia-pkfmec,veronica-longifolia-pkfmec-12.png
Veronica longifolia,veronica-longifolia-02-13.png,veronica-longifolia-02,34,102,veronica-longifolia-pkfmec,veronica-longifolia-pkfmec-13.png
Veronica longifolia,veronica-longifolia-02-14.png,veronica-longifolia-02,31,120,veronica-longifolia-pkfmec,veronica-longifolia-pkfmec-14.png
Veronica longifolia,veronica-longifolia-02-15.png,veronica-longifolia-02,33,139,veronica-longifolia-pkfmec,veronica-longifolia-pkfmec-15.png
Veronica longifolia,veronica-longifolia-02-16.png,veronica-longifolia-02,30,110,veronica-longifolia-pkfmec,veronica-longifolia-pkfmec-16.png
Veronica longifolia,veronica-longifolia-02-17.png,veronica-longifolia-02,30,125,veronica-longifolia-pkfmec,veronica-longifolia-pkfmec-17.png
Veronica longifolia,veronica-longifolia-02-18.png,veronica-longifolia-02,34,132,veronica-longifolia-pkfmec,veronica-longifolia-pkfmec-18.png
Veronica longifolia,veronica-longifolia-02-19.png,veronica-longifolia-02,30,115,veronica-longifolia-pkfmec,veronica-longifolia-pkfmec-19.png
Veronica longifolia,veronica-longifolia-02-20.png,veronica-longifolia-02,34,85,veronica-longifolia-pkfmec,veronica-longifolia-pkfmec-20.png
Veronica longifolia,veronica-longifolia-02-21.png,veronica-longifolia-02,79,92,veronica-longifolia-pkfmec,veronica-longifolia-pkfmec-21.png
Veronica longifolia,veronica-longifolia-02-22.png,veronica-longifolia-02,32,121,veronica-longifolia-pkfmec,veronica-longifolia-pkfmec-22.png
Veronica longifolia,veronica-longifolia-02-23.png,veronica-longifolia-02,82,35,veronica-longifolia-pkfmec,veronica-longifolia-pkfmec-23.png
Veronica longifolia,veronica-longifolia-02-24.png,veronica-longifolia-02,93,29,veronica-longifolia-pkfmec,veronica-longifolia-pkfmec-24.png
Phlox drummondii,phlox-drummondii-02-01.png,phlox-drummondii-02,35,123,phlox-drummondii-xf68fc,phlox-drummondii-xf68fc-01.png
Phlox drummondii,phlox-drummondii-02-02.png,phlox-drummondii-02,49,158,phlox-drummondii-xf68fc,phlox-drummondii-xf68fc-02.png
Phlox drummondii,phlox-drummondii-02-03.png,phlox-drummondii-02,112,157,phlox-drummondii-xf68fc,phlox-drummondii-xf68fc-03.png
Phlox drummondii,phlox-drummondii-02-04.png,phlox-drummondii-02,50,172,phlox-drummondii-xf68fc,phlox-drummondii-xf68fc-04.png
Phlox drummondii,phlox-drummondii-02-05.png,phlox-drummondii-02,18,369,phlox-drummondii-xf68fc,phlox-drummondii-xf68fc-05.png
Phlox drummondii,phlox-drummondii-02-06.png,phlox-drummondii-02,40,159,phlox-drummondii-xf68fc,phlox-drummondii-xf68fc-06.png
Phlox drummondii,phlox-drummondii-02-07.png,phlox-drummondii-02,31,40,phlox-drummondii-xf68fc,phlox-drummondii-xf68fc-07.png
Phlox drummondii,phlox-drummondii-02-08.png,phlox-drummondii-02,19,309,phlox-drummondii-xf68fc,phlox-drummondii-xf68fc-08.png
Phlox drummondii,phlox-drummondii-02-09.png,phlox-drummondii-02,30,49,phlox-drummondii-xf68fc,phlox-drummondii-xf68fc-09.png
Phlox drummondii,phlox-drummondii-02-10.png,phlox-drummondii-02,39,144,phlox-drummondii-xf68fc,phlox-drummondii-xf68fc-10.png
Phlox drummondii,phlox-drummondii-02-11.png,phlox-drummondii-02,38,46,phlox-drummondii-xf68fc,phlox-drummondii-xf68fc-11.png
Phlox drummondii,phlox-drummondii-02-12.png,phlox-drummondii-02,31,43,phlox-drummondii-xf68fc,phlox-drummondii-xf68fc-12.png
Phlox drummondii,phlox-drummondii-02-13.png,phlox-drummondii-02,44,148,phlox-drummondii-xf68fc,phlox-drummondii-xf68fc-13.png
Phlox drummondii,phlox-drummondii-02-14.png,phlox-drummondii-02,33,46,phlox-drummondii-xf68fc,phlox-drummondii-xf68fc-14.png
Phlox drummondii,phlox-drummondii-02-15.png,phlox-drummondii-02,42,120,phlox-drummondii-xf68fc,phlox-drummondii-xf68fc-15.png
Phlox drummondii,phlox-drummondii-02-16.png,phlox-drummondii-02,37,133,phlox-drummondii-xf68fc,phlox-drummondii-xf68fc-16.png
Phlox drummondii,phlox-drummondii-02-17.png,phlox-drummondii-02,56,77,phlox-drummondii-xf68fc,phlox-drummondii-xf68fc-17.png
Phlox drummondii,phlox-drummondii-02-18.png,phlox-drummondii-02,47,41,phlox-drummondii-xf68fc,phlox-drummondii-xf68fc-18.png
Phlox drummondii,phlox-drummondii-02-19.png,phlox-drummondii-02,37,117,phlox-drummondii-xf68fc,phlox-drummondii-xf68fc-19.png
Phlox drummondii,phlox-drummondii-02-20.png,phlox-drummondii-02,29,46,phlox-drummondii-xf68fc,phlox-drummondii-xf68fc-20.png
Phlox drummondii,phlox-drummondii-02-21.png,phlox-drummondii-02,40,124,phlox-drummondii-xf68fc,phlox-drummondii-xf68fc-21.png
Phlox drummondii,phlox-drummondii-02-22.png,phlox-drummondii-02,30,111,phlox-drummondii-xf68fc,phlox-drummondii-xf68fc-22.png
Phlox drummondii,phlox-drummondii-02-23.png,phlox-drummondii-02,35,47,phlox-drummondii-xf68fc,phlox-drummondii-xf68fc-23.png
Phlox drummondii,phlox-drummondii-02-24.png,phlox-drummondii-02,63,81,phlox-drummondii-xf68fc,phlox-drummondii-xf68fc-24.png
Phlox drummondii,phlox-drummondii-02-25.png,phlox-drummondii-02,25,86,phlox-drummondii-xf68fc,phlox-drummondii-xf68fc-25.png
Phlox drummondii,phlox-drummondii-02-26.png,phlox-drummondii-02,103,106,phlox-drummondii-xf68fc,phlox-drummondii-xf68fc-26.png
Phlox drummondii,phlox-drummondii-02-27.png,phlox-drummondii-02,32,46,phlox-drummondii-xf68fc,phlox-drummondii-xf68fc-27.png
Phlox drummondii,phlox-drummondii-02-28.png,phlox-drummondii-02,69,28,phlox-drummondii-xf68fc,phlox-drummondii-xf68fc-28.png
Phlox drummondii,phlox-drummondii-02-29.png,phlox-drummondii-02,35,46,phlox-drummondii-xf68fc,phlox-drummondii-xf68fc-29.png
Phlox drummondii,phlox-drummondii-02-30.png,phlox-drummondii-02,31,46,phlox-drummondii-xf68fc,phlox-drummondii-xf68fc-30.png
Phlox drummondii,phlox-drummondii-02-31.png,phlox-drummondii-02,56,18,phlox-drummondii-xf68fc,phlox-drummondii-xf68fc-31.png
Phlox drummondii,phlox-drummondii-02-32.png,phlox-drummondii-02,59,17,phlox-drummondii-xf68fc,phlox-drummondii-xf68fc-32.png
Morning glory,morning-glory-01-01.png,morning-glory-01,180,135,morning-glory-jz53qs,morning-glory-jz53qs-01.png
Morning glory,morning-glory-01-02.png,morning-glory-01,105,112,morning-glory-jz53qs,morning-glory-jz53qs-02.png
Morning glory,morning-glory-01-03.png,morning-glory-01,162,135,morning-glory-jz53qs,morning-glory-jz53qs-03.png
Morning glory,morning-glory-01-04.png,morning-glory-01,46,33,morning-glory-jz53qs,morning-glory-jz53qs-04.png
Morning glory,morning-glory-01-05.png,morning-glory-01,141,203,morning-glory-jz53qs,morning-glory-jz53qs-05.png
Morning glory,morning-glory-01-06.png,morning-glory-01,128,219,morning-glory-jz53qs,morning-glory-jz53qs-06.png
Morning glory,morning-glory-01-07.png,morning-glory-01,39,160,morning-glory-jz53qs,morning-glory-jz53qs-07.png
Morning glory,morning-glory-01-08.png,morning-glory-01,29,33,morning-glory-jz53qs,morning-glory-jz53qs-08.png
Morning glory,morning-glory-01-09.png,morning-glory-01,47,34,morning-glory-jz53qs,morning-glory-jz53qs-09.png
Morning glory,morning-glory-01-10.png,morning-glory-01,117,147,morning-glory-jz53qs,morning-glory-jz53qs-10.png
Morning glory,morning-glory-01-11.png,morning-glory-01,32,35,morning-glory-jz53qs,morning-glory-jz53qs-11.png
Morning glory,morning-glory-01-12.png,morning-glory-01,207,126,morning-glory-jz53qs,morning-glory-jz53qs-12.png
Houttuynia cordata,houttuynia-cordata-01-01.png,houttuynia-cordata-01,180,300,houttuynia-cordata-ta5hze,houttuynia-cordata-ta5hze-01.png
Houttuynia cordata,houttuynia-cordata-01-02.png,houttuynia-cordata-01,21,313,houttuynia-cordata-ta5hze,houttuynia-cordata-ta5hze-02.png
Houttuynia cordata,houttuynia-cordata-01-03.png,houttuynia-cordata-01,71,113,houttuynia-cordata-ta5hze,houttuynia-cordata-ta5hze-03.png
Houttuynia cordata,houttuynia-cordata-01-04.png,houttuynia-cordata-01,60,105,houttuynia-cordata-ta5hze,houttuynia-cordata-ta5hze-04.png
Houttuynia cordata,houttuynia-cordata-01-05.png,houttuynia-cordata-01,72,105,houttuynia-cordata-ta5hze,houttuynia-cordata-ta5hze-05.png
Houttuynia cordata,houttuynia-cordata-01-06.png,houttuynia-cordata-01,115,193,houttuynia-cordata-ta5hze,houttuynia-cordata-ta5hze-06.png
Houttuynia cordata,houttuynia-cordata-01-07.png,houttuynia-cordata-01,71,104,houttuynia-cordata-ta5hze,houttuynia-cordata-ta5hze-07.png
Houttuynia cordata,houttuynia-cordata-01-08.png,houttuynia-cordata-01,69,70,houttuynia-cordata-ta5hze,houttuynia-cordata-ta5hze-08.png
Houttuynia cordata,houttuynia-cordata-01-09.png,houttuynia-cordata-01,64,98,houttuynia-cordata-ta5hze,houttuynia-cordata-ta5hze-09.png
Houttuynia cordata,houttuynia-cordata-01-10.png,houttuynia-cordata-01,67,107,houttuynia-cordata-ta5hze,houttuynia-cordata-ta5hze-10.png
Houttuynia cordata,houttuynia-cordata-01-11.png,houttuynia-cordata-01,82,145,houttuynia-cordata-ta5hze,houttuynia-cordata-ta5hze-11.png
Houttuynia cordata,houttuynia-cordata-01-12.png,houttuynia-cordata-01,58,90,houttuynia-cordata-ta5hze,houttuynia-cordata-ta5hze-12.png
Houttuynia cordata,houttuynia-cordata-01-13.png,houttuynia-cordata-01,59,91,houttuynia-cordata-ta5hze,houttuynia-cordata-ta5hze-13.png
Houttuynia cordata,houttuynia-cordata-01-14.png,houttuynia-cordata-01,64,79,houttuynia-cordata-ta5hze,houttuynia-cordata-ta5hze-14.png
Houttuynia cordata,houttuynia-cordata-01-15.png,houttuynia-cordata-01,58,76,houttuynia-cordata-ta5hze,houttuynia-cordata-ta5hze-15.png
Houttuynia cordata,houttuynia-cordata-01-16.png,houttuynia-cordata-01,81,94,houttuynia-cordata-ta5hze,houttuynia-cordata-ta5hze-16.png
Houttuynia cordata,houttuynia-cordata-01-17.png,houttuynia-cordata-01,65,110,houttuynia-cordata-ta5hze,houttuynia-cordata-ta5hze-17.png
Houttuynia cordata,houttuynia-cordata-01-18.png,houttuynia-cordata-01,88,112,houttuynia-cordata-ta5hze,houttuynia-cordata-ta5hze-18.png
Houttuynia cordata,houttuynia-cordata-01-19.png,houttuynia-cordata-01,60,93,houttuynia-cordata-ta5hze,houttuynia-cordata-ta5hze-19.png
Houttuynia cordata,houttuynia-cordata-01-20.png,houttuynia-cordata-01,65,87,houttuynia-cordata-ta5hze,houttuynia-cordata-ta5hze-20.png
Houttuynia cordata,houttuynia-cordata-01-21.png,houttuynia-cordata-01,61,91,houttuynia-cordata-ta5hze,houttuynia-cordata-ta5hze-21.png
Houttuynia cordata,houttuynia-cordata-01-22.png,houttuynia-cordata-01,121,65,houttuynia-cordata-ta5hze,houttuynia-cordata-ta5hze-22.png
Hosta ventricosa,hosta-ventricosa-01-01.png,hosta-ventricosa-01,123,471,hosta-ventricosa-fdnudu,hosta-ventricosa-fdnudu-01.png
Hosta ventricosa,hosta-ventricosa-01-02.png,hosta-ventricosa-01,153,494,hosta-ventricosa-fdnudu,hosta-ventricosa-fdnudu-02.png
Hosta ventricosa,hosta-ventricosa-01-03.png,hosta-ventricosa-01,61,354,hosta-ventricosa-fdnudu,hosta-ventricosa-fdnudu-03.png
Hosta ventricosa,hosta-ventricosa-01-04.png,hosta-ventricosa-01,26,407,hosta-ventricosa-fdnudu,hosta-ventricosa-fdnudu-04.png
Hosta ventricosa,hosta-ventricosa-01-05.png,hosta-ventricosa-01,144,440,hosta-ventricosa-fdnudu,hosta-ventricosa-fdnudu-05.png
Hosta ventricosa,hosta-ventricosa-01-06.png,hosta-ventricosa-01,74,358,hosta-ventricosa-fdnudu,hosta-ventricosa-fdnudu-06.png
Hosta capitata,hosta-capitata-01-01.png,hosta-capitata-01,120,428,hosta-capitata-pv3sgw,hosta-capitata-pv3sgw-01.png
Hosta capitata,hosta-capitata-01-02.png,hosta-capitata-01,89,493,hosta-capitata-pv3sgw,hosta-capitata-pv3sgw-02.png
Hosta capitata,hosta-capitata-01-03.png,hosta-capitata-01,95,416,hosta-capitata-pv3sgw,hosta-capitata-pv3sgw-03.png
Hosta capitata,hosta-capitata-01-04.png,hosta-capitata-01,93,385,hosta-capitata-pv3sgw,hosta-capitata-pv3sgw-04.png
Hosta capitata,hosta-capitata-01-05.png,hosta-capitata-01,77,346,hosta-capitata-pv3sgw,hosta-capitata-pv3sgw-05.png
Hosta capitata,hosta-capitata-01-06.png,hosta-capitata-01,85,412,hosta-capitata-pv3sgw,hosta-capitata-pv3sgw-06.png
Hosta capitata,hosta-capitata-01-07.png,hosta-capitata-01,34,80,hosta-capitata-pv3sgw,hosta-capitata-pv3sgw-07.png
Hosta capitata,hosta-capitata-01-08.png,hosta-capitata-01,18,64,hosta-capitata-pv3sgw,hosta-capitata-pv3sgw-08.png
Helenium,helenium-02-01.png,helenium-02,73,71,helenium-nebjgm,helenium-nebjgm-01.png
Helenium,helenium-02-02.png,helenium-02,66,69,helenium-nebjgm,helenium-nebjgm-02.png
Helenium,helenium-02-03.png,helenium-02,66,62,helenium-nebjgm,helenium-nebjgm-03.png
Helenium,helenium-02-04.png,helenium-02,65,61,helenium-nebjgm,helenium-nebjgm-04.png
Helenium,helenium-02-05.png,helenium-02,75,71,helenium-nebjgm,helenium-nebjgm-05.png
Helenium,helenium-02-06.png,helenium-02,182,40,helenium-nebjgm,helenium-nebjgm-06.png
Helenium,helenium-02-07.png,helenium-02,186,39,helenium-nebjgm,helenium-nebjgm-07.png
Helenium,helenium-02-08.png,helenium-02,56,335,helenium-nebjgm,helenium-nebjgm-08.png
Helenium,helenium-02-09.png,helenium-02,177,43,helenium-nebjgm,helenium-nebjgm-09.png
Helenium,helenium-02-10.png,helenium-02,178,43,helenium-nebjgm,helenium-nebjgm-10.png
Helenium,helenium-02-11.png,helenium-02,182,45,helenium-nebjgm,helenium-nebjgm-11.png
Helenium,helenium-02-12.png,helenium-02,182,41,helenium-nebjgm,helenium-nebjgm-12.png
Helenium,helenium-02-13.png,helenium-02,187,41,helenium-nebjgm,helenium-nebjgm-13.png
Helenium,helenium-02-14.png,helenium-02,182,39,helenium-nebjgm,helenium-nebjgm-14.png
Helenium,helenium-02-15.png,helenium-02,171,41,helenium-nebjgm,helenium-nebjgm-15.png
Helenium,helenium-02-16.png,helenium-02,189,44,helenium-nebjgm,helenium-nebjgm-16.png
Helenium,helenium-02-17.png,helenium-02,475,19,helenium-nebjgm,helenium-nebjgm-17.png
Helenium,helenium-01-01.png,helenium-01,194,494,helenium-cmdvht,helenium-cmdvht-01.png
Helenium,helenium-01-02.png,helenium-01,144,455,helenium-cmdvht,helenium-cmdvht-02.png
Helenium,helenium-03-01.png,helenium-03,151,470,helenium-sln749,helenium-sln749-01.png
Helenium,helenium-03-02.png,helenium-03,193,486,helenium-sln749,helenium-sln749-02.png
Helenium,helenium-03-03.png,helenium-03,144,421,helenium-sln749,helenium-sln749-03.png
Anchusa leptophylla,anchusa-leptophylla-03-01.png,anchusa-leptophylla-03,78,488,gageye,gageye-01.png
Anchusa leptophylla,anchusa-leptophylla-03-02.png,anchusa-leptophylla-03,137,492,gageye,gageye-02.png
Anchusa leptophylla,anchusa-leptophylla-03-03.png,anchusa-leptophylla-03,115,474,gageye,gageye-03.png
Anchusa leptophylla,anchusa-leptophylla-03-04.png,anchusa-leptophylla-03,129,469,gageye,gageye-04.png
Isatis tinctoria,isatis-tinctoria-05-01.png,isatis-tinctoria-05,87,494,x6g2ns,x6g2ns-01.png
Isatis tinctoria,isatis-tinctoria-05-02.png,isatis-tinctoria-05,75,123,x6g2ns,x6g2ns-02.png
Isatis tinctoria,isatis-tinctoria-05-03.png,isatis-tinctoria-05,72,162,x6g2ns,x6g2ns-03.png
Isatis tinctoria,isatis-tinctoria-05-04.png,isatis-tinctoria-05,46,127,x6g2ns,x6g2ns-04.png
Isatis tinctoria,isatis-tinctoria-05-05.png,isatis-tinctoria-05,55,140,x6g2ns,x6g2ns-05.png
Isatis tinctoria,isatis-tinctoria-05-06.png,isatis-tinctoria-05,90,481,x6g2ns,x6g2ns-06.png
Isatis tinctoria,isatis-tinctoria-05-07.png,isatis-tinctoria-05,49,141,x6g2ns,x6g2ns-07.png
Isatis tinctoria,isatis-tinctoria-05-08.png,isatis-tinctoria-05,86,166,x6g2ns,x6g2ns-08.png
Isatis tinctoria,isatis-tinctoria-05-09.png,isatis-tinctoria-05,78,159,x6g2ns,x6g2ns-09.png
Isatis tinctoria,isatis-tinctoria-05-10.png,isatis-tinctoria-05,59,137,x6g2ns,x6g2ns-10.png
Isatis tinctoria,isatis-tinctoria-05-11.png,isatis-tinctoria-05,68,147,x6g2ns,x6g2ns-11.png
Isatis tinctoria,isatis-tinctoria-05-12.png,isatis-tinctoria-05,65,115,x6g2ns,x6g2ns-12.png
Isatis tinctoria,isatis-tinctoria-05-13.png,isatis-tinctoria-05,64,106,x6g2ns,x6g2ns-13.png
Isatis tinctoria,isatis-tinctoria-05-14.png,isatis-tinctoria-05,62,107,x6g2ns,x6g2ns-14.png
Isatis tinctoria,isatis-tinctoria-03-01.png,isatis-tinctoria-03,198,478,qwgvwq,qwgvwq-01.png
Isatis tinctoria,isatis-tinctoria-03-02.png,isatis-tinctoria-03,168,443,qwgvwq,qwgvwq-02.png
Isatis tinctoria,isatis-tinctoria-03-03.png,isatis-tinctoria-03,176,466,qwgvwq,qwgvwq-03.png
Anchusa leptophylla,anchusa-leptophylla-05-01.png,anchusa-leptophylla-05,252,482,zstrpp,zstrpp-01.png
Anchusa leptophylla,anchusa-leptophylla-05-02.png,anchusa-leptophylla-05,258,470,zstrpp,zstrpp-02.png
Isatis tinctoria,isatis-tinctoria-04-01.png,isatis-tinctoria-04,216,469,vw3cd3,vw3cd3-01.png
Isatis tinctoria,isatis-tinctoria-04-02.png,isatis-tinctoria-04,210,449,vw3cd3,vw3cd3-02.png
Isatis tinctoria,isatis-tinctoria-04-03.png,isatis-tinctoria-04,184,434,vw3cd3,vw3cd3-03.png
Isatis tinctoria,isatis-tinctoria-02-01.png,isatis-tinctoria-02,275,444,kmryeb,kmryeb-01.png
Isatis tinctoria,isatis-tinctoria-02-02.png,isatis-tinctoria-02,241,446,kmryeb,kmryeb-02.png
Anchusa leptophylla,anchusa-leptophylla-02-01.png,anchusa-leptophylla-02,142,450,f9cbb5,f9cbb5-01.png
Anchusa leptophylla,anchusa-leptophylla-02-02.png,anchusa-leptophylla-02,141,421,f9cbb5,f9cbb5-02.png
Anchusa leptophylla,anchusa-leptophylla-02-03.png,anchusa-leptophylla-02,95,395,f9cbb5,f9cbb5-03.png
Anchusa leptophylla,anchusa-leptophylla-02-04.png,anchusa-leptophylla-02,119,417,f9cbb5,f9cbb5-04.png
Isatis tinctoria,isatis-tinctoria-01-01.png,isatis-tinctoria-01,500,494,awgnya,awgnya-01.png
Anchusa leptophylla,anchusa-leptophylla-04-01.png,anchusa-leptophylla-04,485,494,jlmavs,jlmavs-01.png
Isatis tinctoria,isatis-tinctoria-06-01.png,isatis-tinctoria-06,497,494,xtuj42,xtuj42-01.png
Anchusa leptophylla,anchusa-leptophylla-01-01.png,anchusa-leptophylla-01,487,494,7lvxxg,7lvxxg-01.png
Centaurea cyanus,centaurea-cyanus-04-01.png,centaurea-cyanus-04,99,299,myu4en,myu4en-01.png
Centaurea cyanus,centaurea-cyanus-04-02.png,centaurea-cyanus-04,89,278,myu4en,myu4en-02.png
Centaurea cyanus,centaurea-cyanus-04-03.png,centaurea-cyanus-04,43,274,myu4en,myu4en-03.png
Centaurea cyanus,centaurea-cyanus-04-04.png,centaurea-cyanus-04,41,284,myu4en,myu4en-04.png
Centaurea cyanus,centaurea-cyanus-04-05.png,centaurea-cyanus-04,93,246,myu4en,myu4en-05.png
Centaurea cyanus,centaurea-cyanus-04-06.png,centaurea-cyanus-04,309,54,myu4en,myu4en-06.png
Centaurea cyanus,centaurea-cyanus-04-07.png,centaurea-cyanus-04,36,36,myu4en,myu4en-07.png
Centaurea cyanus,centaurea-cyanus-04-08.png,centaurea-cyanus-04,16,161,myu4en,myu4en-08.png
Centaurea cyanus,centaurea-cyanus-04-09.png,centaurea-cyanus-04,17,158,myu4en,myu4en-09.png
Centaurea cyanus,centaurea-cyanus-04-10.png,centaurea-cyanus-04,23,139,myu4en,myu4en-10.png
Centaurea cyanus,centaurea-cyanus-04-11.png,centaurea-cyanus-04,21,146,myu4en,myu4en-11.png
Centaurea cyanus,centaurea-cyanus-04-12.png,centaurea-cyanus-04,47,83,myu4en,myu4en-12.png
Centaurea cyanus,centaurea-cyanus-04-13.png,centaurea-cyanus-04,292,45,myu4en,myu4en-13.png
Centaurea cyanus,centaurea-cyanus-04-14.png,centaurea-cyanus-04,236,37,myu4en,myu4en-14.png
Centaurea cyanus,centaurea-cyanus-04-15.png,centaurea-cyanus-04,39,55,myu4en,myu4en-15.png
Melilotus officinalis,melilotus-officinalis-02-01.png,melilotus-officinalis-02,123,494,cbtl8c,cbtl8c-01.png
Melilotus officinalis,melilotus-officinalis-02-02.png,melilotus-officinalis-02,90,474,cbtl8c,cbtl8c-02.png
Melilotus officinalis,melilotus-officinalis-02-03.png,melilotus-officinalis-02,106,485,cbtl8c,cbtl8c-03.png
Melilotus officinalis,melilotus-officinalis-02-04.png,melilotus-officinalis-02,101,473,cbtl8c,cbtl8c-04.png
Melilotus officinalis,melilotus-officinalis-05-01.png,melilotus-officinalis-05,226,475,tp8szn,tp8szn-01.png
Melilotus officinalis,melilotus-officinalis-05-02.png,melilotus-officinalis-05,245,493,tp8szn,tp8szn-02.png
Melilotus officinalis,melilotus-officinalis-03-01.png,melilotus-officinalis-03,121,494,dgxtrv,dgxtrv-01.png
Melilotus officinalis,melilotus-officinalis-03-02.png,melilotus-officinalis-03,83,453,dgxtrv,dgxtrv-02.png
Melilotus officinalis,melilotus-officinalis-03-03.png,melilotus-officinalis-03,96,468,dgxtrv,dgxtrv-03.png
Melilotus officinalis,melilotus-officinalis-03-04.png,melilotus-officinalis-03,107,457,dgxtrv,dgxtrv-04.png
Melilotus officinalis,melilotus-officinalis-01-01.png,melilotus-officinalis-01,461,494,6apaqh,6apaqh-01.png
Centaurea cyanus,centaurea-cyanus-10-01.png,centaurea-cyanus-10,232,448,zwnevq,zwnevq-01.png
Centaurea cyanus,centaurea-cyanus-10-02.png,centaurea-cyanus-10,218,438,zwnevq,zwnevq-02.png
Melilotus officinalis,melilotus-officinalis-04-01.png,melilotus-officinalis-04,458,494,kqpncb,kqpncb-01.png
Centaurea cyanus,centaurea-cyanus-09-01.png,centaurea-cyanus-09,508,483,zvmqjd,zvmqjd-01.png
Centaurea cyanus,centaurea-cyanus-09-02.png,centaurea-cyanus-09,56,323,zvmqjd,zvmqjd-02.png
Centaurea cyanus,centaurea-cyanus-07-01.png,centaurea-cyanus-07,183,255,whujbz,whujbz-01.png
Centaurea cyanus,centaurea-cyanus-07-02.png,centaurea-cyanus-07,248,313,whujbz,whujbz-02.png
Centaurea cyanus,centaurea-cyanus-07-03.png,centaurea-cyanus-07,380,281,whujbz,whujbz-03.png
Centaurea cyanus,centaurea-cyanus-07-04.png,centaurea-cyanus-07,51,208,whujbz,whujbz-04.png
Centaurea cyanus,centaurea-cyanus-03-01.png,centaurea-cyanus-03,154,464,mqrkhh,mqrkhh-01.png
Centaurea cyanus,centaurea-cyanus-03-02.png,centaurea-cyanus-03,71,475,mqrkhh,mqrkhh-02.png
Centaurea cyanus,centaurea-cyanus-03-03.png,centaurea-cyanus-03,149,448,mqrkhh,mqrkhh-03.png
Centaurea cyanus,centaurea-cyanus-03-04.png,centaurea-cyanus-03,88,433,mqrkhh,mqrkhh-04.png
Centaurea cyanus,centaurea-cyanus-05-01.png,centaurea-cyanus-05,446,494,r82pfv,r82pfv-01.png
Lotus corniculatus,lotus-corniculatus-02-01.png,lotus-corniculatus-02,78,238,ecxwvv,ecxwvv-01.png
Lotus corniculatus,lotus-corniculatus-02-02.png,lotus-corniculatus-02,42,217,ecxwvv,ecxwvv-02.png
Lotus corniculatus,lotus-corniculatus-02-03.png,lotus-corniculatus-02,49,206,ecxwvv,ecxwvv-03.png
Lotus corniculatus,lotus-corniculatus-02-04.png,lotus-corniculatus-02,74,220,ecxwvv,ecxwvv-04.png
Lotus corniculatus,lotus-corniculatus-02-05.png,lotus-corniculatus-02,70,193,ecxwvv,ecxwvv-05.png
Lotus corniculatus,lotus-corniculatus-02-06.png,lotus-corniculatus-02,46,197,ecxwvv,ecxwvv-06.png
Lotus corniculatus,lotus-corniculatus-02-07.png,lotus-corniculatus-02,47,199,ecxwvv,ecxwvv-07.png
Lotus corniculatus,lotus-corniculatus-02-08.png,lotus-corniculatus-02,56,192,ecxwvv,ecxwvv-08.png
Lotus corniculatus,lotus-corniculatus-02-09.png,lotus-corniculatus-02,65,174,ecxwvv,ecxwvv-09.png
Lotus corniculatus,lotus-corniculatus-02-10.png,lotus-corniculatus-02,51,181,ecxwvv,ecxwvv-10.png
Lotus corniculatus,lotus-corniculatus-02-11.png,lotus-corniculatus-02,58,179,ecxwvv,ecxwvv-11.png
Lotus corniculatus,lotus-corniculatus-02-12.png,lotus-corniculatus-02,67,195,ecxwvv,ecxwvv-12.png
Lotus corniculatus,lotus-corniculatus-02-13.png,lotus-corniculatus-02,169,38,ecxwvv,ecxwvv-13.png
Lotus corniculatus,lotus-corniculatus-02-14.png,lotus-corniculatus-02,150,37,ecxwvv,ecxwvv-14.png
Lotus corniculatus,lotus-corniculatus-02-15.png,lotus-corniculatus-02,139,25,ecxwvv,ecxwvv-15.png
Lotus corniculatus,lotus-corniculatus-01-01.png,lotus-corniculatus-01,145,211,b6wwtc,b6wwtc-01.png
Lotus corniculatus,lotus-corniculatus-01-02.png,lotus-corniculatus-01,124,201,b6wwtc,b6wwtc-02.png
Lotus corniculatus,lotus-corniculatus-01-03.png,lotus-corniculatus-01,146,199,b6wwtc,b6wwtc-03.png
Lotus corniculatus,lotus-corniculatus-01-04.png,lotus-corniculatus-01,153,218,b6wwtc,b6wwtc-04.png
Lotus corniculatus,lotus-corniculatus-01-05.png,lotus-corniculatus-01,127,181,b6wwtc,b6wwtc-05.png
Lotus corniculatus,lotus-corniculatus-01-06.png,lotus-corniculatus-01,141,192,b6wwtc,b6wwtc-06.png
Eruca vesicaria,eruca-vesicaria-04-01.png,eruca-vesicaria-04,110,494,ypa4na,ypa4na-01.png
Eruca vesicaria,eruca-vesicaria-04-02.png,eruca-vesicaria-04,33,472,ypa4na,ypa4na-02.png
Eruca vesicaria,eruca-vesicaria-04-03.png,eruca-vesicaria-04,58,479,ypa4na,ypa4na-03.png
Eruca vesicaria,eruca-vesicaria-04-04.png,eruca-vesicaria-04,79,480,ypa4na,ypa4na-04.png
Eruca vesicaria,eruca-vesicaria-04-05.png,eruca-vesicaria-04,63,462,ypa4na,ypa4na-05.png
Eruca vesicaria,eruca-vesicaria-03-01.png,eruca-vesicaria-03,109,488,rapfsn,rapfsn-01.png
Eruca vesicaria,eruca-vesicaria-03-02.png,eruca-vesicaria-03,119,480,rapfsn,rapfsn-02.png
Eruca vesicaria,eruca-vesicaria-03-03.png,eruca-vesicaria-03,92,492,rapfsn,rapfsn-03.png
Eruca vesicaria,eruca-vesicaria-03-04.png,eruca-vesicaria-03,147,464,rapfsn,rapfsn-04.png
Eruca vesicaria,eruca-vesicaria-01-01.png,eruca-vesicaria-01,180,476,4pn3dp,4pn3dp-01.png
Eruca vesicaria,eruca-vesicaria-01-02.png,eruca-vesicaria-01,248,490,4pn3dp,4pn3dp-02.png
Chorispora syriaca,chorispora-syriaca-03-01.png,chorispora-syriaca-03,94,207,tuu5yw,tuu5yw-01.png
Chorispora syriaca,chorispora-syriaca-03-02.png,chorispora-syriaca-03,90,199,tuu5yw,tuu5yw-02.png
Chorispora syriaca,chorispora-syriaca-03-03.png,chorispora-syriaca-03,67,194,tuu5yw,tuu5yw-03.png
Chorispora syriaca,chorispora-syriaca-03-04.png,chorispora-syriaca-03,41,181,tuu5yw,tuu5yw-04.png
Chorispora syriaca,chorispora-syriaca-03-05.png,chorispora-syriaca-03,96,191,tuu5yw,tuu5yw-05.png
Chorispora syriaca,chorispora-syriaca-03-06.png,chorispora-syriaca-03,48,171,tuu5yw,tuu5yw-06.png
Chorispora syriaca,chorispora-syriaca-03-07.png,chorispora-syriaca-03,46,150,tuu5yw,tuu5yw-07.png
Chorispora syriaca,chorispora-syriaca-03-08.png,chorispora-syriaca-03,41,158,tuu5yw,tuu5yw-08.png
Chorispora syriaca,chorispora-syriaca-03-09.png,chorispora-syriaca-03,50,151,tuu5yw,tuu5yw-09.png
Chorispora syriaca,chorispora-syriaca-03-10.png,chorispora-syriaca-03,180,207,tuu5yw,tuu5yw-10.png
Chorispora syriaca,chorispora-syriaca-03-11.png,chorispora-syriaca-03,41,149,tuu5yw,tuu5yw-11.png
Chorispora syriaca,chorispora-syriaca-03-12.png,chorispora-syriaca-03,49,151,tuu5yw,tuu5yw-12.png
Chorispora syriaca,chorispora-syriaca-03-13.png,chorispora-syriaca-03,55,30,tuu5yw,tuu5yw-13.png
Chorispora syriaca,chorispora-syriaca-03-14.png,chorispora-syriaca-03,175,41,tuu5yw,tuu5yw-14.png
Chorispora syriaca,chorispora-syriaca-03-15.png,chorispora-syriaca-03,48,29,tuu5yw,tuu5yw-15.png
Chorispora syriaca,chorispora-syriaca-03-16.png,chorispora-syriaca-03,178,55,tuu5yw,tuu5yw-16.png
Chorispora syriaca,chorispora-syriaca-03-17.png,chorispora-syriaca-03,165,27,tuu5yw,tuu5yw-17.png
Eruca vesicaria,eruca-vesicaria-05-01.png,eruca-vesicaria-05,504,494,zfthxw,zfthxw-01.png
Chorispora syriaca,chorispora-syriaca-01-01.png,chorispora-syriaca-01,299,302,bytnqz,bytnqz-01.png
Chorispora syriaca,chorispora-syriaca-01-02.png,chorispora-syriaca-01,148,253,bytnqz,bytnqz-02.png
Chorispora syriaca,chorispora-syriaca-01-03.png,chorispora-syriaca-01,281,167,bytnqz,bytnqz-03.png
Chorispora syriaca,chorispora-syriaca-01-04.png,chorispora-syriaca-01,300,177,bytnqz,bytnqz-04.png
Eruca vesicaria,eruca-vesicaria-02-01.png,eruca-vesicaria-02,468,494,fppgrq,fppgrq-01.png
Chorispora syriaca,chorispora-syriaca-05-01.png,chorispora-syriaca-05,75,258,y9tcha,y9tcha-01.png
Chorispora syriaca,chorispora-syriaca-05-02.png,chorispora-syriaca-05,126,265,y9tcha,y9tcha-02.png
Chorispora syriaca,chorispora-syriaca-05-03.png,chorispora-syriaca-05,109,262,y9tcha,y9tcha-03.png
Chorispora syriaca,chorispora-syriaca-05-04.png,chorispora-syriaca-05,55,221,y9tcha,y9tcha-04.png
Chorispora syriaca,chorispora-syriaca-05-05.png,chorispora-syriaca-05,156,225,y9tcha,y9tcha-05.png
Chorispora syriaca,chorispora-syriaca-05-06.png,chorispora-syriaca-05,63,192,y9tcha,y9tcha-06.png
Chorispora syriaca,chorispora-syriaca-05-07.png,chorispora-syriaca-05,54,186,y9tcha,y9tcha-07.png
Chorispora syriaca,chorispora-syriaca-05-08.png,chorispora-syriaca-05,61,180,y9tcha,y9tcha-08.png
Chorispora syriaca,chorispora-syriaca-05-09.png,chorispora-syriaca-05,50,200,y9tcha,y9tcha-09.png
Chorispora syriaca,chorispora-syriaca-05-10.png,chorispora-syriaca-05,46,197,y9tcha,y9tcha-10.png
Chorispora syriaca,chorispora-syriaca-04-01.png,chorispora-syriaca-04,225,280,x9fnfk,x9fnfk-01.png
Chorispora syriaca,chorispora-syriaca-04-02.png,chorispora-syriaca-04,284,309,x9fnfk,x9fnfk-02.png
Chorispora syriaca,chorispora-syriaca-04-03.png,chorispora-syriaca-04,245,185,x9fnfk,x9fnfk-03.png
Chorispora syriaca,chorispora-syriaca-04-04.png,chorispora-syriaca-04,270,175,x9fnfk,x9fnfk-04.png
Chorispora syriaca,chorispora-syriaca-02-01.png,chorispora-syriaca-02,345,323,mvc29v,mvc29v-01.png
Chorispora syriaca,chorispora-syriaca-02-02.png,chorispora-syriaca-02,108,240,mvc29v,mvc29v-02.png
Chorispora syriaca,chorispora-syriaca-02-03.png,chorispora-syriaca-02,89,221,mvc29v,mvc29v-03.png
Chorispora syriaca,chorispora-syriaca-02-04.png,chorispora-syriaca-02,252,81,mvc29v,mvc29v-04.png
Chorispora syriaca,chorispora-syriaca-02-05.png,chorispora-syriaca-02,222,69,mvc29v,mvc29v-05.png
Senecio vernalis,senecio-vernalis-02-01.png,senecio-vernalis-02,71,206,evucck,evucck-01.png
Senecio vernalis,senecio-vernalis-02-02.png,senecio-vernalis-02,61,217,evucck,evucck-02.png
Senecio vernalis,senecio-vernalis-02-03.png,senecio-vernalis-02,50,177,evucck,evucck-03.png
Senecio vernalis,senecio-vernalis-02-04.png,senecio-vernalis-02,66,170,evucck,evucck-04.png
Senecio vernalis,senecio-vernalis-02-05.png,senecio-vernalis-02,52,174,evucck,evucck-05.png
Senecio vernalis,senecio-vernalis-02-06.png,senecio-vernalis-02,48,162,evucck,evucck-06.png
Senecio vernalis,senecio-vernalis-02-07.png,senecio-vernalis-02,32,148,evucck,evucck-07.png
Senecio vernalis,senecio-vernalis-02-08.png,senecio-vernalis-02,62,175,evucck,evucck-08.png
Senecio vernalis,senecio-vernalis-02-09.png,senecio-vernalis-02,51,185,evucck,evucck-09.png
Senecio vernalis,senecio-vernalis-02-10.png,senecio-vernalis-02,84,158,evucck,evucck-10.png
Senecio vernalis,senecio-vernalis-02-11.png,senecio-vernalis-02,70,135,evucck,evucck-11.png
Senecio vernalis,senecio-vernalis-02-12.png,senecio-vernalis-02,71,159,evucck,evucck-12.png
Senecio vernalis,senecio-vernalis-02-13.png,senecio-vernalis-02,110,44,evucck,evucck-13.png
Senecio vernalis,senecio-vernalis-02-14.png,senecio-vernalis-02,151,60,evucck,evucck-14.png
Senecio vernalis,senecio-vernalis-02-15.png,senecio-vernalis-02,141,42,evucck,evucck-15.png
Senecio vernalis,senecio-vernalis-02-16.png,senecio-vernalis-02,24,25,evucck,evucck-16.png
Senecio vernalis,senecio-vernalis-01-01.png,senecio-vernalis-01,79,266,dtazzj,dtazzj-01.png
Senecio vernalis,senecio-vernalis-01-02.png,senecio-vernalis-01,98,245,dtazzj,dtazzj-02.png
Senecio vernalis,senecio-vernalis-01-03.png,senecio-vernalis-01,92,243,dtazzj,dtazzj-03.png
Senecio vernalis,senecio-vernalis-01-04.png,senecio-vernalis-01,113,245,dtazzj,dtazzj-04.png
Senecio vernalis,senecio-vernalis-01-05.png,senecio-vernalis-01,77,207,dtazzj,dtazzj-05.png
Senecio vernalis,senecio-vernalis-01-06.png,senecio-vernalis-01,64,208,dtazzj,dtazzj-06.png
Senecio vernalis,senecio-vernalis-01-07.png,senecio-vernalis-01,46,207,dtazzj,dtazzj-07.png
Senecio vernalis,senecio-vernalis-01-08.png,senecio-vernalis-01,66,172,dtazzj,dtazzj-08.png
Senecio vernalis,senecio-vernalis-01-09.png,senecio-vernalis-01,49,168,dtazzj,dtazzj-09.png
Senecio vernalis,senecio-vernalis-04-01.png,senecio-vernalis-04,207,334,x2y2gl,x2y2gl-01.png
Senecio vernalis,senecio-vernalis-04-02.png,senecio-vernalis-04,245,282,x2y2gl,x2y2gl-02.png
Senecio vernalis,senecio-vernalis-04-03.png,senecio-vernalis-04,244,100,x2y2gl,x2y2gl-03.png
Senecio vernalis,senecio-vernalis-04-04.png,senecio-vernalis-04,251,169,x2y2gl,x2y2gl-04.png
Senecio vernalis,senecio-vernalis-04-05.png,senecio-vernalis-04,244,66,x2y2gl,x2y2gl-05.png
Senecio vernalis,senecio-vernalis-03-01.png,senecio-vernalis-03,348,323,f8474q,f8474q-01.png
Senecio vernalis,senecio-vernalis-03-02.png,senecio-vernalis-03,85,217,f8474q,f8474q-02.png
Senecio vernalis,senecio-vernalis-03-03.png,senecio-vernalis-03,67,226,f8474q,f8474q-03.png
Senecio vernalis,senecio-vernalis-03-04.png,senecio-vernalis-03,62,186,f8474q,f8474q-04.png
Senecio vernalis,senecio-vernalis-03-05.png,senecio-vernalis-03,250,149,f8474q,f8474q-05.png
Malva setigera,malva-setigera-02-01.png,malva-setigera-02,41,494,69twhy,69twhy-01.png
Malva setigera,malva-setigera-02-02.png,malva-setigera-02,95,144,69twhy,69twhy-02.png
Malva setigera,malva-setigera-02-03.png,malva-setigera-02,54,100,69twhy,69twhy-03.png
Malva setigera,malva-setigera-02-04.png,malva-setigera-02,80,130,69twhy,69twhy-04.png
Malva setigera,malva-setigera-02-05.png,malva-setigera-02,65,126,69twhy,69twhy-05.png
Malva setigera,malva-setigera-02-06.png,malva-setigera-02,72,132,69twhy,69twhy-06.png
Malva setigera,malva-setigera-02-07.png,malva-setigera-02,54,48,69twhy,69twhy-07.png
Malva setigera,malva-setigera-02-08.png,malva-setigera-02,95,140,69twhy,69twhy-08.png
Malva setigera,malva-setigera-02-09.png,malva-setigera-02,63,121,69twhy,69twhy-09.png
Malva setigera,malva-setigera-02-10.png,malva-setigera-02,79,125,69twhy,69twhy-10.png
Malva setigera,malva-setigera-02-11.png,malva-setigera-02,70,119,69twhy,69twhy-11.png
Malva setigera,malva-setigera-02-12.png,malva-setigera-02,52,51,69twhy,69twhy-12.png
Malva setigera,malva-setigera-02-13.png,malva-setigera-02,48,48,69twhy,69twhy-13.png
Malva setigera,malva-setigera-02-14.png,malva-setigera-02,27,55,69twhy,69twhy-14.png
Malva setigera,malva-setigera-02-15.png,malva-setigera-02,24,55,69twhy,69twhy-15.png
Malva setigera,malva-setigera-02-16.png,malva-setigera-02,41,54,69twhy,69twhy-16.png
Malva setigera,malva-setigera-02-17.png,malva-setigera-02,71,115,69twhy,69twhy-17.png
Malva setigera,malva-setigera-02-18.png,malva-setigera-02,71,111,69twhy,69twhy-18.png
Malva setigera,malva-setigera-02-19.png,malva-setigera-02,53,118,69twhy,69twhy-19.png
Malva setigera,malva-setigera-02-20.png,malva-setigera-02,55,112,69twhy,69twhy-20.png
Malva setigera,malva-setigera-02-21.png,malva-setigera-02,59,104,69twhy,69twhy-21.png
Malva setigera,malva-setigera-02-22.png,malva-setigera-02,48,83,69twhy,69twhy-22.png
Malva setigera,malva-setigera-04-01.png,malva-setigera-04,125,477,qae377,qae377-01.png
Malva setigera,malva-setigera-04-02.png,malva-setigera-04,98,465,qae377,qae377-02.png
Malva setigera,malva-setigera-04-03.png,malva-setigera-04,136,473,qae377,qae377-03.png
Malva setigera,malva-setigera-03-01.png,malva-setigera-03,171,474,pr9jfv,pr9jfv-01.png
Malva setigera,malva-setigera-03-02.png,malva-setigera-03,162,485,pr9jfv,pr9jfv-02.png
Malva setigera,malva-setigera-03-03.png,malva-setigera-03,118,458,pr9jfv,pr9jfv-03.png
Cistus salviifolius,cistus-salviifolius-02-01.png,cistus-salviifolius-02,258,184,grzbyh,grzbyh-01.png
Cistus salviifolius,cistus-salviifolius-02-02.png,cistus-salviifolius-02,64,163,grzbyh,grzbyh-02.png
Cistus salviifolius,cistus-salviifolius-02-03.png,cistus-salviifolius-02,157,214,grzbyh,grzbyh-03.png
Cistus salviifolius,cistus-salviifolius-02-04.png,cistus-salviifolius-02,174,242,grzbyh,grzbyh-04.png
Cistus salviifolius,cistus-salviifolius-02-05.png,cistus-salviifolius-02,175,135,grzbyh,grzbyh-05.png
Cistus salviifolius,cistus-salviifolius-02-06.png,cistus-salviifolius-02,134,215,grzbyh,grzbyh-06.png
Cistus salviifolius,cistus-salviifolius-02-07.png,cistus-salviifolius-02,132,102,grzbyh,grzbyh-07.png
Cistus salviifolius,cistus-salviifolius-02-08.png,cistus-salviifolius-02,106,72,grzbyh,grzbyh-08.png
Cistus salviifolius,cistus-salviifolius-02-09.png,cistus-salviifolius-02,31,27,grzbyh,grzbyh-09.png
Cistus salviifolius,cistus-salviifolius-02-10.png,cistus-salviifolius-02,26,30,grzbyh,grzbyh-10.png
Cistus salviifolius,cistus-salviifolius-02-11.png,cistus-salviifolius-02,26,23,grzbyh,grzbyh-11.png
Cistus salviifolius,cistus-salviifolius-03-01.png,cistus-salviifolius-03,151,293,gyc8fl,gyc8fl-01.png
Cistus salviifolius,cistus-salviifolius-03-02.png,cistus-salviifolius-03,259,357,gyc8fl,gyc8fl-02.png
Cistus salviifolius,cistus-salviifolius-03-03.png,cistus-salviifolius-03,286,198,gyc8fl,gyc8fl-03.png
Cistus salviifolius,cistus-salviifolius-03-04.png,cistus-salviifolius-03,100,120,gyc8fl,gyc8fl-04.png
Cistus salviifolius,cistus-salviifolius-03-05.png,cistus-salviifolius-03,72,126,gyc8fl,gyc8fl-05.png
Cistus salviifolius,cistus-salviifolius-04-01.png,cistus-salviifolius-04,508,494,l5nu8k,l5nu8k-01.png
Cistus salviifolius,cistus-salviifolius-05-01.png,cistus-salviifolius-05,499,494,xs8bxd,xs8bxd-01.png
Cistus salviifolius,cistus-salviifolius-01-01.png,cistus-salviifolius-01,404,494,5je4eb,5je4eb-01.png
Lavandula stoechas,lavandula-stoechas-01-01.png,lavandula-stoechas-01,97,267,jbtahx,jbtahx-01.png
Lavandula stoechas,lavandula-stoechas-01-02.png,lavandula-stoechas-01,104,297,jbtahx,jbtahx-02.png
Lavandula stoechas,lavandula-stoechas-01-03.png,lavandula-stoechas-01,128,278,jbtahx,jbtahx-03.png
Lavandula stoechas,lavandula-stoechas-01-04.png,lavandula-stoechas-01,61,240,jbtahx,jbtahx-04.png
Lavandula stoechas,lavandula-stoechas-01-05.png,lavandula-stoechas-01,298,140,jbtahx,jbtahx-05.png
Lavandula stoechas,lavandula-stoechas-01-06.png,lavandula-stoechas-01,70,197,jbtahx,jbtahx-06.png
Lavandula stoechas,lavandula-stoechas-01-07.png,lavandula-stoechas-01,77,195,jbtahx,jbtahx-07.png
Lavandula stoechas,lavandula-stoechas-01-08.png,lavandula-stoechas-01,256,118,jbtahx,jbtahx-08.png
Lavandula stoechas,lavandula-stoechas-02-01.png,lavandula-stoechas-02,222,451,vnhegj,vnhegj-01.png
Lavandula stoechas,lavandula-stoechas-02-02.png,lavandula-stoechas-02,254,465,vnhegj,vnhegj-02.png
Spartium junceum,spartium-junceum-01-01.png,spartium-junceum-01,90,382,fvqwgf,fvqwgf-01.png
Spartium junceum,spartium-junceum-01-02.png,spartium-junceum-01,44,380,fvqwgf,fvqwgf-02.png
Spartium junceum,spartium-junceum-01-03.png,spartium-junceum-01,56,384,fvqwgf,fvqwgf-03.png
Spartium junceum,spartium-junceum-01-04.png,spartium-junceum-01,41,360,fvqwgf,fvqwgf-04.png
Spartium junceum,spartium-junceum-01-05.png,spartium-junceum-01,42,293,fvqwgf,fvqwgf-05.png
Spartium junceum,spartium-junceum-01-06.png,spartium-junceum-01,34,387,fvqwgf,fvqwgf-06.png
Spartium junceum,spartium-junceum-01-07.png,spartium-junceum-01,52,305,fvqwgf,fvqwgf-07.png
Spartium junceum,spartium-junceum-01-08.png,spartium-junceum-01,36,367,fvqwgf,fvqwgf-08.png
Spartium junceum,spartium-junceum-01-09.png,spartium-junceum-01,45,335,fvqwgf,fvqwgf-09.png
Spartium junceum,spartium-junceum-01-10.png,spartium-junceum-01,98,30,fvqwgf,fvqwgf-10.png
Spartium junceum,spartium-junceum-01-11.png,spartium-junceum-01,386,62,fvqwgf,fvqwgf-11.png
Spartium junceum,spartium-junceum-01-12.png,spartium-junceum-01,37,104,fvqwgf,fvqwgf-12.png
Spartium junceum,spartium-junceum-01-13.png,spartium-junceum-01,401,42,fvqwgf,fvqwgf-13.png
Spartium junceum,spartium-junceum-01-14.png,spartium-junceum-01,435,41,fvqwgf,fvqwgf-14.png
Spartium junceum,spartium-junceum-03-01.png,spartium-junceum-03,414,494,zpkq2c,zpkq2c-01.png
Spartium junceum,spartium-junceum-02-01.png,spartium-junceum-02,216,482,jbccyb,jbccyb-01.png
Spartium junceum,spartium-junceum-02-02.png,spartium-junceum-02,261,457,jbccyb,jbccyb-02.png
Spathiphyllum,spathiphyllum-03-01.png,spathiphyllum-03,92,494,axyr3v,axyr3v-01.png
Spathiphyllum,spathiphyllum-03-02.png,spathiphyllum-03,90,482,axyr3v,axyr3v-02.png
Spathiphyllum,spathiphyllum-03-03.png,spathiphyllum-03,72,461,axyr3v,axyr3v-03.png
Spathiphyllum,spathiphyllum-03-04.png,spathiphyllum-03,87,435,axyr3v,axyr3v-04.png
Spathiphyllum,spathiphyllum-02-01.png,spathiphyllum-02,92,494,7rpucv,7rpucv-01.png
Spathiphyllum,spathiphyllum-02-02.png,spathiphyllum-02,123,493,7rpucv,7rpucv-02.png
Spathiphyllum,spathiphyllum-02-03.png,spathiphyllum-02,116,465,7rpucv,7rpucv-03.png
Cyclamen coum,cyclamen-coum-05-01.png,cyclamen-coum-05,55,154,t43mu9,t43mu9-01.png
Cyclamen coum,cyclamen-coum-05-02.png,cyclamen-coum-05,54,148,t43mu9,t43mu9-02.png
Cyclamen coum,cyclamen-coum-05-03.png,cyclamen-coum-05,54,100,t43mu9,t43mu9-03.png
Cyclamen coum,cyclamen-coum-05-04.png,cyclamen-coum-05,61,113,t43mu9,t43mu9-04.png
Cyclamen coum,cyclamen-coum-05-05.png,cyclamen-coum-05,53,155,t43mu9,t43mu9-05.png
Cyclamen coum,cyclamen-coum-05-06.png,cyclamen-coum-05,48,133,t43mu9,t43mu9-06.png
Cyclamen coum,cyclamen-coum-05-07.png,cyclamen-coum-05,55,142,t43mu9,t43mu9-07.png
Cyclamen coum,cyclamen-coum-05-08.png,cyclamen-coum-05,55,118,t43mu9,t43mu9-08.png
Cyclamen coum,cyclamen-coum-05-09.png,cyclamen-coum-05,57,135,t43mu9,t43mu9-09.png
Cyclamen coum,cyclamen-coum-05-10.png,cyclamen-coum-05,49,146,t43mu9,t43mu9-10.png
Cyclamen coum,cyclamen-coum-05-11.png,cyclamen-coum-05,50,131,t43mu9,t43mu9-11.png
Cyclamen coum,cyclamen-coum-05-12.png,cyclamen-coum-05,44,127,t43mu9,t43mu9-12.png
Cyclamen coum,cyclamen-coum-05-13.png,cyclamen-coum-05,66,131,t43mu9,t43mu9-13.png
Cyclamen coum,cyclamen-coum-05-14.png,cyclamen-coum-05,53,130,t43mu9,t43mu9-14.png
Cyclamen coum,cyclamen-coum-05-15.png,cyclamen-coum-05,42,128,t43mu9,t43mu9-15.png
Cyclamen coum,cyclamen-coum-05-16.png,cyclamen-coum-05,130,36,t43mu9,t43mu9-16.png
Cyclamen coum,cyclamen-coum-05-17.png,cyclamen-coum-05,120,62,t43mu9,t43mu9-17.png
Cyclamen coum,cyclamen-coum-05-18.png,cyclamen-coum-05,146,50,t43mu9,t43mu9-18.png
Cyclamen coum,cyclamen-coum-05-19.png,cyclamen-coum-05,99,52,t43mu9,t43mu9-19.png
Cyclamen coum,cyclamen-coum-05-20.png,cyclamen-coum-05,139,51,t43mu9,t43mu9-20.png
Cyclamen coum,cyclamen-coum-05-21.png,cyclamen-coum-05,136,41,t43mu9,t43mu9-21.png
Cyclamen coum,cyclamen-coum-05-22.png,cyclamen-coum-05,35,79,t43mu9,t43mu9-22.png
Cyclamen coum,cyclamen-coum-05-23.png,cyclamen-coum-05,113,44,t43mu9,t43mu9-23.png
Cyclamen coum,cyclamen-coum-05-24.png,cyclamen-coum-05,145,42,t43mu9,t43mu9-24.png
Cyclamen coum,cyclamen-coum-05-25.png,cyclamen-coum-05,106,42,t43mu9,t43mu9-25.png
Cyclamen coum,cyclamen-coum-02-01.png,cyclamen-coum-02,96,82,d8j2py,d8j2py-01.png
Cyclamen coum,cyclamen-coum-02-02.png,cyclamen-coum-02,23,156,d8j2py,d8j2py-02.png
Cyclamen coum,cyclamen-coum-02-03.png,cyclamen-coum-02,40,55,d8j2py,d8j2py-03.png
Cyclamen coum,cyclamen-coum-02-04.png,cyclamen-coum-02,85,87,d8j2py,d8j2py-04.png
Cyclamen coum,cyclamen-coum-02-05.png,cyclamen-coum-02,41,56,d8j2py,d8j2py-05.png
Cyclamen coum,cyclamen-coum-02-06.png,cyclamen-coum-02,81,79,d8j2py,d8j2py-06.png
Cyclamen coum,cyclamen-coum-02-07.png,cyclamen-coum-02,40,52,d8j2py,d8j2py-07.png
Cyclamen coum,cyclamen-coum-02-08.png,cyclamen-coum-02,40,56,d8j2py,d8j2py-08.png
Cyclamen coum,cyclamen-coum-02-09.png,cyclamen-coum-02,83,102,d8j2py,d8j2py-09.png
Cyclamen coum,cyclamen-coum-02-10.png,cyclamen-coum-02,83,81,d8j2py,d8j2py-10.png
Cyclamen coum,cyclamen-coum-02-11.png,cyclamen-coum-02,97,88,d8j2py,d8j2py-11.png
Cyclamen coum,cyclamen-coum-02-12.png,cyclamen-coum-02,40,59,d8j2py,d8j2py-12.png
Cyclamen coum,cyclamen-coum-02-13.png,cyclamen-coum-02,38,55,d8j2py,d8j2py-13.png
Cyclamen coum,cyclamen-coum-02-14.png,cyclamen-coum-02,32,155,d8j2py,d8j2py-14.png
Cyclamen coum,cyclamen-coum-02-15.png,cyclamen-coum-02,39,59,d8j2py,d8j2py-15.png
Cyclamen coum,cyclamen-coum-02-16.png,cyclamen-coum-02,37,59,d8j2py,d8j2py-16.png
Cyclamen coum,cyclamen-coum-02-17.png,cyclamen-coum-02,110,109,d8j2py,d8j2py-17.png
Cyclamen coum,cyclamen-coum-02-18.png,cyclamen-coum-02,75,85,d8j2py,d8j2py-18.png
Cyclamen coum,cyclamen-coum-02-19.png,cyclamen-coum-02,96,101,d8j2py,d8j2py-19.png
Cyclamen coum,cyclamen-coum-02-20.png,cyclamen-coum-02,78,54,d8j2py,d8j2py-20.png
Cyclamen coum,cyclamen-coum-02-21.png,cyclamen-coum-02,69,57,d8j2py,d8j2py-21.png
Cyclamen coum,cyclamen-coum-02-22.png,cyclamen-coum-02,102,99,d8j2py,d8j2py-22.png
Cyclamen coum,cyclamen-coum-02-23.png,cyclamen-coum-02,86,91,d8j2py,d8j2py-23.png
Cyclamen coum,cyclamen-coum-02-24.png,cyclamen-coum-02,20,90,d8j2py,d8j2py-24.png
Cyclamen coum,cyclamen-coum-02-25.png,cyclamen-coum-02,88,104,d8j2py,d8j2py-25.png
Cyclamen coum,cyclamen-coum-02-26.png,cyclamen-coum-02,76,54,d8j2py,d8j2py-26.png
Cyclamen coum,cyclamen-coum-02-27.png,cyclamen-coum-02,98,22,d8j2py,d8j2py-27.png
Cyclamen coum,cyclamen-coum-02-28.png,cyclamen-coum-02,91,18,d8j2py,d8j2py-28.png
Cyclamen coum,cyclamen-coum-02-29.png,cyclamen-coum-02,134,21,d8j2py,d8j2py-29.png
Cyclamen coum / Flowers,cyclamen-coum-flowers-01-01.png,cyclamen-coum-flowers-01,59,212,ae9qkk,ae9qkk-01.png
Cyclamen coum / Flowers,cyclamen-coum-flowers-01-02.png,cyclamen-coum-flowers-01,70,194,ae9qkk,ae9qkk-02.png
Cyclamen coum / Flowers,cyclamen-coum-flowers-01-03.png,cyclamen-coum-flowers-01,53,186,ae9qkk,ae9qkk-03.png
Cyclamen coum / Flowers,cyclamen-coum-flowers-01-04.png,cyclamen-coum-flowers-01,47,209,ae9qkk,ae9qkk-04.png
Cyclamen coum / Flowers,cyclamen-coum-flowers-01-05.png,cyclamen-coum-flowers-01,68,189,ae9qkk,ae9qkk-05.png
Cyclamen coum / Flowers,cyclamen-coum-flowers-01-06.png,cyclamen-coum-flowers-01,55,188,ae9qkk,ae9qkk-06.png
Cyclamen coum / Flowers,cyclamen-coum-flowers-01-07.png,cyclamen-coum-flowers-01,52,186,ae9qkk,ae9qkk-07.png
Cyclamen coum / Flowers,cyclamen-coum-flowers-01-08.png,cyclamen-coum-flowers-01,57,195,ae9qkk,ae9qkk-08.png
Cyclamen coum / Flowers,cyclamen-coum-flowers-01-09.png,cyclamen-coum-flowers-01,59,191,ae9qkk,ae9qkk-09.png
Cyclamen coum / Flowers,cyclamen-coum-flowers-01-10.png,cyclamen-coum-flowers-01,58,188,ae9qkk,ae9qkk-10.png
Cyclamen coum / Flowers,cyclamen-coum-flowers-01-11.png,cyclamen-coum-flowers-01,53,166,ae9qkk,ae9qkk-11.png
Cyclamen coum / Flowers,cyclamen-coum-flowers-01-12.png,cyclamen-coum-flowers-01,61,179,ae9qkk,ae9qkk-12.png
Cyclamen coum / Flowers,cyclamen-coum-flowers-01-13.png,cyclamen-coum-flowers-01,149,72,ae9qkk,ae9qkk-13.png
Cyclamen coum / Flowers,cyclamen-coum-flowers-01-14.png,cyclamen-coum-flowers-01,188,56,ae9qkk,ae9qkk-14.png
Cyclamen coum / Flowers,cyclamen-coum-flowers-01-15.png,cyclamen-coum-flowers-01,112,52,ae9qkk,ae9qkk-15.png
Cyclamen coum,cyclamen-coum-06-01.png,cyclamen-coum-06,97,185,zccmna,zccmna-01.png
Cyclamen coum,cyclamen-coum-06-02.png,cyclamen-coum-06,116,185,zccmna,zccmna-02.png
Cyclamen coum,cyclamen-coum-06-03.png,cyclamen-coum-06,82,163,zccmna,zccmna-03.png
Cyclamen coum,cyclamen-coum-06-04.png,cyclamen-coum-06,86,145,zccmna,zccmna-04.png
Cyclamen coum,cyclamen-coum-06-05.png,cyclamen-coum-06,96,159,zccmna,zccmna-05.png
Cyclamen coum,cyclamen-coum-06-06.png,cyclamen-coum-06,92,146,zccmna,zccmna-06.png
Cyclamen coum,cyclamen-coum-06-07.png,cyclamen-coum-06,100,163,zccmna,zccmna-07.png
Cyclamen coum,cyclamen-coum-06-08.png,cyclamen-coum-06,109,167,zccmna,zccmna-08.png
Cyclamen coum,cyclamen-coum-06-09.png,cyclamen-coum-06,94,141,zccmna,zccmna-09.png
Cyclamen coum,cyclamen-coum-06-10.png,cyclamen-coum-06,54,95,zccmna,zccmna-10.png
Cyclamen coum,cyclamen-coum-06-11.png,cyclamen-coum-06,59,97,zccmna,zccmna-11.png
Cyclamen coum,cyclamen-coum-06-12.png,cyclamen-coum-06,57,104,zccmna,zccmna-12.png
Cyclamen coum,cyclamen-coum-06-13.png,cyclamen-coum-06,58,86,zccmna,zccmna-13.png
Cyclamen coum,cyclamen-coum-06-14.png,cyclamen-coum-06,52,90,zccmna,zccmna-14.png
Cyclamen coum,cyclamen-coum-04-01.png,cyclamen-coum-04,77,162,n4bnw7,n4bnw7-01.png
Cyclamen coum,cyclamen-coum-04-02.png,cyclamen-coum-04,80,203,n4bnw7,n4bnw7-02.png
Cyclamen coum,cyclamen-coum-04-03.png,cyclamen-coum-04,94,176,n4bnw7,n4bnw7-03.png
Cyclamen coum,cyclamen-coum-04-04.png,cyclamen-coum-04,72,175,n4bnw7,n4bnw7-04.png
Cyclamen coum,cyclamen-coum-04-05.png,cyclamen-coum-04,92,163,n4bnw7,n4bnw7-05.png
Cyclamen coum,cyclamen-coum-04-06.png,cyclamen-coum-04,99,170,n4bnw7,n4bnw7-06.png
Cyclamen coum,cyclamen-coum-04-07.png,cyclamen-coum-04,93,164,n4bnw7,n4bnw7-07.png
Cyclamen coum,cyclamen-coum-04-08.png,cyclamen-coum-04,87,157,n4bnw7,n4bnw7-08.png
Cyclamen coum,cyclamen-coum-04-09.png,cyclamen-coum-04,72,163,n4bnw7,n4bnw7-09.png
Cyclamen coum,cyclamen-coum-04-10.png,cyclamen-coum-04,76,161,n4bnw7,n4bnw7-10.png
Cyclamen coum,cyclamen-coum-04-11.png,cyclamen-coum-04,155,88,n4bnw7,n4bnw7-11.png
Cyclamen coum,cyclamen-coum-04-12.png,cyclamen-coum-04,107,73,n4bnw7,n4bnw7-12.png
Cyclamen coum,cyclamen-coum-04-13.png,cyclamen-coum-04,187,82,n4bnw7,n4bnw7-13.png
Musa Seed/Flower,musa-seed-flower-01-01.png,musa-seed-flower-01,119,494,qa2tdg,qa2tdg-01.png
Musa Seed/Flower,musa-seed-flower-01-02.png,musa-seed-flower-01,151,105,qa2tdg,qa2tdg-02.png
Musa Seed/Flower,musa-seed-flower-01-03.png,musa-seed-flower-01,171,100,qa2tdg,qa2tdg-03.png
Musa Seed/Flower,musa-seed-flower-01-04.png,musa-seed-flower-01,139,120,qa2tdg,qa2tdg-04.png
Musa Seed/Flower,musa-seed-flower-01-05.png,musa-seed-flower-01,152,138,qa2tdg,qa2tdg-05.png
Musa Seed/Flower,musa-seed-flower-01-06.png,musa-seed-flower-01,30,87,qa2tdg,qa2tdg-06.png
Musa Seed/Flower,musa-seed-flower-01-07.png,musa-seed-flower-01,32,85,qa2tdg,qa2tdg-07.png
Musa Seed/Flower,musa-seed-flower-01-08.png,musa-seed-flower-01,27,75,qa2tdg,qa2tdg-08.png
Musa Seed/Flower,musa-seed-flower-01-09.png,musa-seed-flower-01,34,85,qa2tdg,qa2tdg-09.png
Musa Seed/Flower,musa-seed-flower-01-10.png,musa-seed-flower-01,33,77,qa2tdg,qa2tdg-10.png
Musa Seed/Flower,musa-seed-flower-01-11.png,musa-seed-flower-01,35,71,qa2tdg,qa2tdg-11.png
Musa Seed/Flower,musa-seed-flower-01-12.png,musa-seed-flower-01,25,74,qa2tdg,qa2tdg-12.png
Musa Seed/Flower,musa-seed-flower-01-13.png,musa-seed-flower-01,30,98,qa2tdg,qa2tdg-13.png
Musa Seed/Flower,musa-seed-flower-01-14.png,musa-seed-flower-01,30,71,qa2tdg,qa2tdg-14.png
Musa Seed/Flower,musa-seed-flower-01-15.png,musa-seed-flower-01,22,69,qa2tdg,qa2tdg-15.png
Musa Seed/Flower,musa-seed-flower-01-16.png,musa-seed-flower-01,33,71,qa2tdg,qa2tdg-16.png
Musa Seed/Flower,musa-seed-flower-01-17.png,musa-seed-flower-01,33,71,qa2tdg,qa2tdg-17.png
Musa Seed/Flower,musa-seed-flower-01-18.png,musa-seed-flower-01,23,63,qa2tdg,qa2tdg-18.png
Musa Seed/Flower,musa-seed-flower-01-19.png,musa-seed-flower-01,22,63,qa2tdg,qa2tdg-19.png
Musa Seed/Flower,musa-seed-flower-01-20.png,musa-seed-flower-01,34,51,qa2tdg,qa2tdg-20.png
Strelitzia,strelitzia-01-01.png,strelitzia-01,208,490,f3jfkf,f3jfkf-01.png
Strelitzia,strelitzia-01-02.png,strelitzia-01,87,386,f3jfkf,f3jfkf-02.png
Strelitzia,strelitzia-01-03.png,strelitzia-01,66,306,f3jfkf,f3jfkf-03.png
Strelitzia,strelitzia-01-04.png,strelitzia-01,290,74,f3jfkf,f3jfkf-04.png
Calla,calla-05-01.png,calla-05,43,477,qhdaut,qhdaut-01.png
Calla,calla-05-02.png,calla-05,91,468,qhdaut,qhdaut-02.png
Calla,calla-05-03.png,calla-05,61,480,qhdaut,qhdaut-03.png
Calla,calla-05-04.png,calla-05,77,447,qhdaut,qhdaut-04.png
Calla,calla-07-01.png,calla-07,57,490,rudmnr,rudmnr-01.png
Calla,calla-07-02.png,calla-07,53,492,rudmnr,rudmnr-02.png
Calla,calla-07-03.png,calla-07,88,474,rudmnr,rudmnr-03.png
Calla,calla-07-04.png,calla-07,66,445,rudmnr,rudmnr-04.png
Calla,calla-03-01.png,calla-03,85,489,knnmfa,knnmfa-01.png
Calla,calla-03-02.png,calla-03,112,478,knnmfa,knnmfa-02.png
Calla,calla-03-03.png,calla-03,87,488,knnmfa,knnmfa-03.png
Calla,calla-03-04.png,calla-03,107,487,knnmfa,knnmfa-04.png
Ruellia simplex,ruellia-simplex-03-01.png,ruellia-simplex-03,18,159,pabefg,pabefg-01.png
Ruellia simplex,ruellia-simplex-03-02.png,ruellia-simplex-03,27,140,pabefg,pabefg-02.png
Ruellia simplex,ruellia-simplex-03-03.png,ruellia-simplex-03,57,370,pabefg,pabefg-03.png
Ruellia simplex,ruellia-simplex-03-04.png,ruellia-simplex-03,17,152,pabefg,pabefg-04.png
Ruellia simplex,ruellia-simplex-03-05.png,ruellia-simplex-03,24,147,pabefg,pabefg-05.png
Ruellia simplex,ruellia-simplex-03-06.png,ruellia-simplex-03,18,164,pabefg,pabefg-06.png
Ruellia simplex,ruellia-simplex-03-07.png,ruellia-simplex-03,21,154,pabefg,pabefg-07.png
Ruellia simplex,ruellia-simplex-03-08.png,ruellia-simplex-03,19,148,pabefg,pabefg-08.png
Ruellia simplex,ruellia-simplex-03-09.png,ruellia-simplex-03,30,156,pabefg,pabefg-09.png
Ruellia simplex,ruellia-simplex-03-10.png,ruellia-simplex-03,21,163,pabefg,pabefg-10.png
Ruellia simplex,ruellia-simplex-03-11.png,ruellia-simplex-03,26,161,pabefg,pabefg-11.png
Ruellia simplex,ruellia-simplex-03-12.png,ruellia-simplex-03,19,148,pabefg,pabefg-12.png
Ruellia simplex,ruellia-simplex-03-13.png,ruellia-simplex-03,20,134,pabefg,pabefg-13.png
Ruellia simplex,ruellia-simplex-03-14.png,ruellia-simplex-03,18,127,pabefg,pabefg-14.png
Ruellia simplex,ruellia-simplex-03-15.png,ruellia-simplex-03,16,131,pabefg,pabefg-15.png
Ruellia simplex,ruellia-simplex-03-16.png,ruellia-simplex-03,29,142,pabefg,pabefg-16.png
Ruellia simplex,ruellia-simplex-03-17.png,ruellia-simplex-03,24,117,pabefg,pabefg-17.png
Ruellia simplex,ruellia-simplex-03-18.png,ruellia-simplex-03,19,121,pabefg,pabefg-18.png
Ruellia simplex,ruellia-simplex-03-19.png,ruellia-simplex-03,22,110,pabefg,pabefg-19.png
Ruellia simplex,ruellia-simplex-03-20.png,ruellia-simplex-03,55,132,pabefg,pabefg-20.png
Ruellia simplex,ruellia-simplex-03-21.png,ruellia-simplex-03,56,129,pabefg,pabefg-21.png
Ruellia simplex,ruellia-simplex-03-22.png,ruellia-simplex-03,28,49,pabefg,pabefg-22.png
Ruellia simplex,ruellia-simplex-03-23.png,ruellia-simplex-03,41,52,pabefg,pabefg-23.png
Ruellia simplex,ruellia-simplex-03-24.png,ruellia-simplex-03,61,124,pabefg,pabefg-24.png
Ruellia simplex,ruellia-simplex-03-25.png,ruellia-simplex-03,44,129,pabefg,pabefg-25.png
Ruellia simplex,ruellia-simplex-03-26.png,ruellia-simplex-03,44,134,pabefg,pabefg-26.png
Ruellia simplex,ruellia-simplex-03-27.png,ruellia-simplex-03,17,115,pabefg,pabefg-27.png
Ruellia simplex,ruellia-simplex-03-28.png,ruellia-simplex-03,33,52,pabefg,pabefg-28.png
Ruellia simplex,ruellia-simplex-03-29.png,ruellia-simplex-03,36,42,pabefg,pabefg-29.png
Ruellia simplex,ruellia-simplex-01-01.png,ruellia-simplex-01,508,435,chle58,chle58-01.png
Ruellia simplex,ruellia-simplex-04-01.png,ruellia-simplex-04,265,472,q4fkvc,q4fkvc-01.png
Ruellia simplex,ruellia-simplex-04-02.png,ruellia-simplex-04,219,411,q4fkvc,q4fkvc-02.png
Ruellia simplex,ruellia-simplex-02-01.png,ruellia-simplex-02,246,465,fuzepz,fuzepz-01.png
Ruellia simplex,ruellia-simplex-02-02.png,ruellia-simplex-02,268,416,fuzepz,fuzepz-02.png
Cyclamen coum,cyclamen-coum-01-01.png,cyclamen-coum-01,65,138,6dshqa,6dshqa-01.png
Cyclamen coum,cyclamen-coum-01-02.png,cyclamen-coum-01,74,107,6dshqa,6dshqa-02.png
Cyclamen coum,cyclamen-coum-01-03.png,cyclamen-coum-01,82,123,6dshqa,6dshqa-03.png
Cyclamen coum,cyclamen-coum-01-04.png,cyclamen-coum-01,40,173,6dshqa,6dshqa-04.png
Cyclamen coum,cyclamen-coum-01-05.png,cyclamen-coum-01,53,179,6dshqa,6dshqa-05.png
Cyclamen coum,cyclamen-coum-01-06.png,cyclamen-coum-01,80,103,6dshqa,6dshqa-06.png
Cyclamen coum,cyclamen-coum-01-07.png,cyclamen-coum-01,70,99,6dshqa,6dshqa-07.png
Cyclamen coum,cyclamen-coum-01-08.png,cyclamen-coum-01,65,102,6dshqa,6dshqa-08.png
Cyclamen coum,cyclamen-coum-01-09.png,cyclamen-coum-01,79,93,6dshqa,6dshqa-09.png
Cyclamen coum,cyclamen-coum-01-10.png,cyclamen-coum-01,60,125,6dshqa,6dshqa-10.png
Cyclamen coum,cyclamen-coum-01-11.png,cyclamen-coum-01,90,195,6dshqa,6dshqa-11.png
Cyclamen coum,cyclamen-coum-01-12.png,cyclamen-coum-01,91,140,6dshqa,6dshqa-12.png
Cyclamen coum,cyclamen-coum-01-13.png,cyclamen-coum-01,94,131,6dshqa,6dshqa-13.png
Cyclamen coum,cyclamen-coum-01-14.png,cyclamen-coum-01,84,91,6dshqa,6dshqa-14.png
Cyclamen coum,cyclamen-coum-01-15.png,cyclamen-coum-01,54,99,6dshqa,6dshqa-15.png
Cyclamen coum,cyclamen-coum-01-16.png,cyclamen-coum-01,133,45,6dshqa,6dshqa-16.png
Cyclamen coum,cyclamen-coum-01-17.png,cyclamen-coum-01,105,54,6dshqa,6dshqa-17.png
Cyclamen coum,cyclamen-coum-01-18.png,cyclamen-coum-01,96,58,6dshqa,6dshqa-18.png
Cyclamen coum,cyclamen-coum-01-19.png,cyclamen-coum-01,191,58,6dshqa,6dshqa-19.png
Cyclamen coum,cyclamen-coum-03-01.png,cyclamen-coum-03,95,130,g99qpj,g99qpj-01.png
Cyclamen coum,cyclamen-coum-03-02.png,cyclamen-coum-03,101,131,g99qpj,g99qpj-02.png
Cyclamen coum,cyclamen-coum-03-03.png,cyclamen-coum-03,72,107,g99qpj,g99qpj-03.png
Cyclamen coum,cyclamen-coum-03-04.png,cyclamen-coum-03,102,110,g99qpj,g99qpj-04.png
Cyclamen coum,cyclamen-coum-03-05.png,cyclamen-coum-03,75,85,g99qpj,g99qpj-05.png
Cyclamen coum,cyclamen-coum-03-06.png,cyclamen-coum-03,104,99,g99qpj,g99qpj-06.png
Cyclamen coum,cyclamen-coum-03-07.png,cyclamen-coum-03,94,109,g99qpj,g99qpj-07.png
Cyclamen coum,cyclamen-coum-03-08.png,cyclamen-coum-03,84,97,g99qpj,g99qpj-08.png
Cyclamen coum,cyclamen-coum-03-09.png,cyclamen-coum-03,82,123,g99qpj,g99qpj-09.png
Cyclamen coum,cyclamen-coum-03-10.png,cyclamen-coum-03,52,203,g99qpj,g99qpj-10.png
Cyclamen coum,cyclamen-coum-03-11.png,cyclamen-coum-03,56,198,g99qpj,g99qpj-11.png
Cyclamen coum,cyclamen-coum-03-12.png,cyclamen-coum-03,53,179,g99qpj,g99qpj-12.png
Cyclamen coum,cyclamen-coum-03-13.png,cyclamen-coum-03,46,180,g99qpj,g99qpj-13.png
Cyclamen coum,cyclamen-coum-03-14.png,cyclamen-coum-03,56,174,g99qpj,g99qpj-14.png
Cyclamen coum,cyclamen-coum-03-15.png,cyclamen-coum-03,72,96,g99qpj,g99qpj-15.png
Lantana camara,lantana-camara-03-01.png,lantana-camara-03,55,141,wusbh4,wusbh4-01.png
Lantana camara,lantana-camara-03-02.png,lantana-camara-03,57,127,wusbh4,wusbh4-02.png
Lantana camara,lantana-camara-03-03.png,lantana-camara-03,54,117,wusbh4,wusbh4-03.png
Lantana camara,lantana-camara-03-04.png,lantana-camara-03,49,135,wusbh4,wusbh4-04.png
Lantana camara,lantana-camara-03-05.png,lantana-camara-03,53,121,wusbh4,wusbh4-05.png
Lantana camara,lantana-camara-03-06.png,lantana-camara-03,54,121,wusbh4,wusbh4-06.png
Lantana camara,lantana-camara-03-07.png,lantana-camara-03,45,453,wusbh4,wusbh4-07.png
Lantana camara,lantana-camara-03-08.png,lantana-camara-03,45,107,wusbh4,wusbh4-08.png
Lantana camara,lantana-camara-03-09.png,lantana-camara-03,41,109,wusbh4,wusbh4-09.png
Lantana camara,lantana-camara-03-10.png,lantana-camara-03,43,81,wusbh4,wusbh4-10.png
Lantana camara,lantana-camara-03-11.png,lantana-camara-03,44,102,wusbh4,wusbh4-11.png
Lantana camara,lantana-camara-03-12.png,lantana-camara-03,44,111,wusbh4,wusbh4-12.png
Lantana camara,lantana-camara-03-13.png,lantana-camara-03,41,97,wusbh4,wusbh4-13.png
Lantana camara,lantana-camara-03-14.png,lantana-camara-03,42,102,wusbh4,wusbh4-14.png
Lantana camara,lantana-camara-03-15.png,lantana-camara-03,48,100,wusbh4,wusbh4-15.png
Lantana camara,lantana-camara-03-16.png,lantana-camara-03,49,111,wusbh4,wusbh4-16.png
Lantana camara,lantana-camara-03-17.png,lantana-camara-03,45,109,wusbh4,wusbh4-17.png
Lantana camara,lantana-camara-03-18.png,lantana-camara-03,40,112,wusbh4,wusbh4-18.png
Lantana camara,lantana-camara-03-19.png,lantana-camara-03,35,98,wusbh4,wusbh4-19.png
Lantana camara,lantana-camara-03-20.png,lantana-camara-03,36,88,wusbh4,wusbh4-20.png
Lantana camara,lantana-camara-03-21.png,lantana-camara-03,37,30,wusbh4,wusbh4-21.png
Lantana camara,lantana-camara-03-22.png,lantana-camara-03,35,77,wusbh4,wusbh4-22.png
Lantana camara,lantana-camara-03-23.png,lantana-camara-03,28,81,wusbh4,wusbh4-23.png
Lantana camara,lantana-camara-03-24.png,lantana-camara-03,33,84,wusbh4,wusbh4-24.png
Lantana camara,lantana-camara-03-25.png,lantana-camara-03,28,73,wusbh4,wusbh4-25.png
Lantana camara,lantana-camara-03-26.png,lantana-camara-03,36,74,wusbh4,wusbh4-26.png
Lantana camara,lantana-camara-03-27.png,lantana-camara-03,30,78,wusbh4,wusbh4-27.png
Lantana camara,lantana-camara-03-28.png,lantana-camara-03,31,23,wusbh4,wusbh4-28.png
Lantana camara,lantana-camara-03-29.png,lantana-camara-03,30,27,wusbh4,wusbh4-29.png
Lantana camara,lantana-camara-03-30.png,lantana-camara-03,32,25,wusbh4,wusbh4-30.png
Lantana camara,lantana-camara-04-01.png,lantana-camara-04,191,439,ypqqma,ypqqma-01.png
Lantana camara,lantana-camara-04-02.png,lantana-camara-04,291,262,ypqqma,ypqqma-02.png
Lantana camara,lantana-camara-04-03.png,lantana-camara-04,322,179,ypqqma,ypqqma-03.png
Lantana camara,lantana-camara-01-01.png,lantana-camara-01,442,494,drp2xj,drp2xj-01.png
Lantana camara,lantana-camara-02-01.png,lantana-camara-02,440,494,v3emrh,v3emrh-01.png
Nerium oleander,nerium-oleander-03-01.png,nerium-oleander-03,55,90,nvljhy,nvljhy-01.png
Nerium oleander,nerium-oleander-03-02.png,nerium-oleander-03,58,101,nvljhy,nvljhy-02.png
Nerium oleander,nerium-oleander-03-03.png,nerium-oleander-03,54,97,nvljhy,nvljhy-03.png
Nerium oleander,nerium-oleander-03-04.png,nerium-oleander-03,68,102,nvljhy,nvljhy-04.png
Nerium oleander,nerium-oleander-03-05.png,nerium-oleander-03,82,110,nvljhy,nvljhy-05.png
Nerium oleander,nerium-oleander-03-06.png,nerium-oleander-03,52,97,nvljhy,nvljhy-06.png
Nerium oleander,nerium-oleander-03-07.png,nerium-oleander-03,31,360,nvljhy,nvljhy-07.png
Nerium oleander,nerium-oleander-03-08.png,nerium-oleander-03,22,140,nvljhy,nvljhy-08.png
Nerium oleander,nerium-oleander-03-09.png,nerium-oleander-03,25,118,nvljhy,nvljhy-09.png
Nerium oleander,nerium-oleander-03-10.png,nerium-oleander-03,27,128,nvljhy,nvljhy-10.png
Nerium oleander,nerium-oleander-03-11.png,nerium-oleander-03,36,120,nvljhy,nvljhy-11.png
Nerium oleander,nerium-oleander-03-12.png,nerium-oleander-03,36,113,nvljhy,nvljhy-12.png
Nerium oleander,nerium-oleander-03-13.png,nerium-oleander-03,29,107,nvljhy,nvljhy-13.png
Nerium oleander,nerium-oleander-03-14.png,nerium-oleander-03,23,120,nvljhy,nvljhy-14.png
Nerium oleander,nerium-oleander-03-15.png,nerium-oleander-03,21,110,nvljhy,nvljhy-15.png
Nerium oleander,nerium-oleander-03-16.png,nerium-oleander-03,59,55,nvljhy,nvljhy-16.png
Nerium oleander,nerium-oleander-03-17.png,nerium-oleander-03,64,56,nvljhy,nvljhy-17.png
Nerium oleander,nerium-oleander-03-18.png,nerium-oleander-03,21,116,nvljhy,nvljhy-18.png
Nerium oleander,nerium-oleander-03-19.png,nerium-oleander-03,22,118,nvljhy,nvljhy-19.png
Nerium oleander,nerium-oleander-03-20.png,nerium-oleander-03,23,130,nvljhy,nvljhy-20.png
Nerium oleander,nerium-oleander-03-21.png,nerium-oleander-03,18,99,nvljhy,nvljhy-21.png
Nerium oleander,nerium-oleander-03-22.png,nerium-oleander-03,22,104,nvljhy,nvljhy-22.png
Nerium oleander,nerium-oleander-03-23.png,nerium-oleander-03,20,119,nvljhy,nvljhy-23.png
Nerium oleander,nerium-oleander-03-24.png,nerium-oleander-03,18,104,nvljhy,nvljhy-24.png
Nerium oleander,nerium-oleander-03-25.png,nerium-oleander-03,23,97,nvljhy,nvljhy-25.png
Nerium oleander,nerium-oleander-03-26.png,nerium-oleander-03,63,54,nvljhy,nvljhy-26.png
Nerium oleander,nerium-oleander-03-27.png,nerium-oleander-03,55,65,nvljhy,nvljhy-27.png
Nerium oleander,nerium-oleander-03-28.png,nerium-oleander-03,185,82,nvljhy,nvljhy-28.png
Nerium oleander,nerium-oleander-03-29.png,nerium-oleander-03,165,53,nvljhy,nvljhy-29.png
Nerium oleander,nerium-oleander-03-30.png,nerium-oleander-03,54,67,nvljhy,nvljhy-30.png
Nerium oleander,nerium-oleander-03-31.png,nerium-oleander-03,394,42,nvljhy,nvljhy-31.png
Nerium oleander,nerium-oleander-04-01.png,nerium-oleander-04,275,199,wgr5f6,wgr5f6-01.png
Nerium oleander,nerium-oleander-04-02.png,nerium-oleander-04,172,200,wgr5f6,wgr5f6-02.png
Nerium oleander,nerium-oleander-04-03.png,nerium-oleander-04,274,253,wgr5f6,wgr5f6-03.png
Nerium oleander,nerium-oleander-04-04.png,nerium-oleander-04,164,229,wgr5f6,wgr5f6-04.png
Nerium oleander,nerium-oleander-01-01.png,nerium-oleander-01,280,485,4dbawa,4dbawa-01.png
Nerium oleander,nerium-oleander-01-02.png,nerium-oleander-01,199,464,4dbawa,4dbawa-02.png
Nerium oleander,nerium-oleander-05-01.png,nerium-oleander-05,175,494,ztjvkl,ztjvkl-01.png
Nerium oleander,nerium-oleander-05-02.png,nerium-oleander-05,218,470,ztjvkl,ztjvkl-02.png
Nerium oleander,nerium-oleander-02-01.png,nerium-oleander-02,454,494,ljlnyr,ljlnyr-01.png
Nerium oleander 0 Cr,nerium-oleander-0-cr-01-01.png,nerium-oleander-0-cr-01,508,422,blgrjj,blgrjj-01.png
Pelargonium domesticum,pelargonium-domesticum-08-01.png,pelargonium-domesticum-08,69,71,yypwqa,yypwqa-01.png
Pelargonium domesticum,pelargonium-domesticum-08-02.png,pelargonium-domesticum-08,42,46,yypwqa,yypwqa-02.png
Pelargonium domesticum,pelargonium-domesticum-08-03.png,pelargonium-domesticum-08,73,91,yypwqa,yypwqa-03.png
Pelargonium domesticum,pelargonium-domesticum-08-04.png,pelargonium-domesticum-08,48,89,yypwqa,yypwqa-04.png
Pelargonium domesticum,pelargonium-domesticum-08-05.png,pelargonium-domesticum-08,38,77,yypwqa,yypwqa-05.png
Pelargonium domesticum,pelargonium-domesticum-08-06.png,pelargonium-domesticum-08,56,77,yypwqa,yypwqa-06.png
Pelargonium domesticum,pelargonium-domesticum-08-07.png,pelargonium-domesticum-08,17,124,yypwqa,yypwqa-07.png
Pelargonium domesticum,pelargonium-domesticum-08-08.png,pelargonium-domesticum-08,25,37,yypwqa,yypwqa-08.png
Pelargonium domesticum,pelargonium-domesticum-08-09.png,pelargonium-domesticum-08,53,56,yypwqa,yypwqa-09.png
Pelargonium domesticum,pelargonium-domesticum-08-10.png,pelargonium-domesticum-08,25,38,yypwqa,yypwqa-10.png
Pelargonium domesticum,pelargonium-domesticum-08-11.png,pelargonium-domesticum-08,34,78,yypwqa,yypwqa-11.png
Pelargonium domesticum,pelargonium-domesticum-08-12.png,pelargonium-domesticum-08,22,96,yypwqa,yypwqa-12.png
Pelargonium domesticum,pelargonium-domesticum-08-13.png,pelargonium-domesticum-08,57,87,yypwqa,yypwqa-13.png
Pelargonium domesticum,pelargonium-domesticum-08-14.png,pelargonium-domesticum-08,54,72,yypwqa,yypwqa-14.png
Pelargonium domesticum,pelargonium-domesticum-08-15.png,pelargonium-domesticum-08,43,72,yypwqa,yypwqa-15.png
Pelargonium domesticum,pelargonium-domesticum-08-16.png,pelargonium-domesticum-08,25,33,yypwqa,yypwqa-16.png
Pelargonium domesticum,pelargonium-domesticum-08-17.png,pelargonium-domesticum-08,42,47,yypwqa,yypwqa-17.png
Pelargonium domesticum,pelargonium-domesticum-08-18.png,pelargonium-domesticum-08,37,175,yypwqa,yypwqa-18.png
Pelargonium domesticum,pelargonium-domesticum-08-19.png,pelargonium-domesticum-08,59,51,yypwqa,yypwqa-19.png
Pelargonium domesticum,pelargonium-domesticum-08-20.png,pelargonium-domesticum-08,35,123,yypwqa,yypwqa-20.png
Pelargonium domesticum,pelargonium-domesticum-08-21.png,pelargonium-domesticum-08,69,72,yypwqa,yypwqa-21.png
Pelargonium domesticum,pelargonium-domesticum-08-22.png,pelargonium-domesticum-08,63,64,yypwqa,yypwqa-22.png
Pelargonium domesticum,pelargonium-domesticum-08-23.png,pelargonium-domesticum-08,67,74,yypwqa,yypwqa-23.png
Pelargonium domesticum,pelargonium-domesticum-08-24.png,pelargonium-domesticum-08,62,41,yypwqa,yypwqa-24.png
Pelargonium domesticum,pelargonium-domesticum-08-25.png,pelargonium-domesticum-08,38,46,yypwqa,yypwqa-25.png
Pelargonium domesticum,pelargonium-domesticum-08-26.png,pelargonium-domesticum-08,29,52,yypwqa,yypwqa-26.png
Pelargonium domesticum,pelargonium-domesticum-08-27.png,pelargonium-domesticum-08,58,75,yypwqa,yypwqa-27.png
Pelargonium domesticum,pelargonium-domesticum-08-28.png,pelargonium-domesticum-08,54,71,yypwqa,yypwqa-28.png
Pelargonium domesticum,pelargonium-domesticum-08-29.png,pelargonium-domesticum-08,62,77,yypwqa,yypwqa-29.png
Pelargonium domesticum,pelargonium-domesticum-08-30.png,pelargonium-domesticum-08,40,50,yypwqa,yypwqa-30.png
Pelargonium domesticum,pelargonium-domesticum-08-31.png,pelargonium-domesticum-08,22,156,yypwqa,yypwqa-31.png
Pelargonium domesticum,pelargonium-domesticum-08-32.png,pelargonium-domesticum-08,52,157,yypwqa,yypwqa-32.png
Pelargonium domesticum,pelargonium-domesticum-08-33.png,pelargonium-domesticum-08,44,126,yypwqa,yypwqa-33.png
Pelargonium domesticum,pelargonium-domesticum-08-34.png,pelargonium-domesticum-08,55,69,yypwqa,yypwqa-34.png
Pelargonium domesticum,pelargonium-domesticum-08-35.png,pelargonium-domesticum-08,39,64,yypwqa,yypwqa-35.png
Pelargonium domesticum,pelargonium-domesticum-08-36.png,pelargonium-domesticum-08,50,58,yypwqa,yypwqa-36.png
Pelargonium domesticum,pelargonium-domesticum-08-37.png,pelargonium-domesticum-08,39,67,yypwqa,yypwqa-37.png
Pelargonium domesticum,pelargonium-domesticum-08-38.png,pelargonium-domesticum-08,39,58,yypwqa,yypwqa-38.png
Pelargonium domesticum,pelargonium-domesticum-08-39.png,pelargonium-domesticum-08,85,31,yypwqa,yypwqa-39.png
Pelargonium domesticum,pelargonium-domesticum-08-40.png,pelargonium-domesticum-08,92,32,yypwqa,yypwqa-40.png
Pelargonium domesticum,pelargonium-domesticum-07-01.png,pelargonium-domesticum-07,111,176,yy7fgq,yy7fgq-01.png
Pelargonium domesticum,pelargonium-domesticum-07-02.png,pelargonium-domesticum-07,60,217,yy7fgq,yy7fgq-02.png
Pelargonium domesticum,pelargonium-domesticum-07-03.png,pelargonium-domesticum-07,103,158,yy7fgq,yy7fgq-03.png
Pelargonium domesticum,pelargonium-domesticum-07-04.png,pelargonium-domesticum-07,68,137,yy7fgq,yy7fgq-04.png
Pelargonium domesticum,pelargonium-domesticum-07-05.png,pelargonium-domesticum-07,76,138,yy7fgq,yy7fgq-05.png
Pelargonium domesticum,pelargonium-domesticum-07-06.png,pelargonium-domesticum-07,69,120,yy7fgq,yy7fgq-06.png
Pelargonium domesticum,pelargonium-domesticum-07-07.png,pelargonium-domesticum-07,67,148,yy7fgq,yy7fgq-07.png
Pelargonium domesticum,pelargonium-domesticum-07-08.png,pelargonium-domesticum-07,115,180,yy7fgq,yy7fgq-08.png
Pelargonium domesticum,pelargonium-domesticum-07-09.png,pelargonium-domesticum-07,61,129,yy7fgq,yy7fgq-09.png
Pelargonium domesticum,pelargonium-domesticum-07-10.png,pelargonium-domesticum-07,96,213,yy7fgq,yy7fgq-10.png
Pelargonium domesticum,pelargonium-domesticum-07-11.png,pelargonium-domesticum-07,95,124,yy7fgq,yy7fgq-11.png
Pelargonium domesticum,pelargonium-domesticum-07-12.png,pelargonium-domesticum-07,43,125,yy7fgq,yy7fgq-12.png
Pelargonium domesticum,pelargonium-domesticum-07-13.png,pelargonium-domesticum-07,62,114,yy7fgq,yy7fgq-13.png
Pelargonium domesticum,pelargonium-domesticum-07-14.png,pelargonium-domesticum-07,140,103,yy7fgq,yy7fgq-14.png
Pelargonium domesticum,pelargonium-domesticum-02-01.png,pelargonium-domesticum-02,65,222,ga3ec7,ga3ec7-01.png
Pelargonium domesticum,pelargonium-domesticum-02-02.png,pelargonium-domesticum-02,139,310,ga3ec7,ga3ec7-02.png
Pelargonium domesticum,pelargonium-domesticum-02-03.png,pelargonium-domesticum-02,88,227,ga3ec7,ga3ec7-03.png
Pelargonium domesticum,pelargonium-domesticum-02-04.png,pelargonium-domesticum-02,127,313,ga3ec7,ga3ec7-04.png
Pelargonium domesticum,pelargonium-domesticum-02-05.png,pelargonium-domesticum-02,245,100,ga3ec7,ga3ec7-05.png
Pelargonium domesticum,pelargonium-domesticum-02-06.png,pelargonium-domesticum-02,208,114,ga3ec7,ga3ec7-06.png
Pelargonium domesticum,pelargonium-domesticum-02-07.png,pelargonium-domesticum-02,219,81,ga3ec7,ga3ec7-07.png
Pelargonium domesticum,pelargonium-domesticum-01-01.png,pelargonium-domesticum-01,143,245,6bhplr,6bhplr-01.png
Pelargonium domesticum,pelargonium-domesticum-01-02.png,pelargonium-domesticum-01,168,292,6bhplr,6bhplr-02.png
Pelargonium domesticum,pelargonium-domesticum-01-03.png,pelargonium-domesticum-01,108,204,6bhplr,6bhplr-03.png
Pelargonium domesticum,pelargonium-domesticum-01-04.png,pelargonium-domesticum-01,131,252,6bhplr,6bhplr-04.png
Pelargonium domesticum,pelargonium-domesticum-01-05.png,pelargonium-domesticum-01,107,234,6bhplr,6bhplr-05.png
Pelargonium domesticum,pelargonium-domesticum-01-06.png,pelargonium-domesticum-01,86,218,6bhplr,6bhplr-06.png
Pelargonium domesticum,pelargonium-domesticum-01-07.png,pelargonium-domesticum-01,59,207,6bhplr,6bhplr-07.png
Pelargonium domesticum,pelargonium-domesticum-05-01.png,pelargonium-domesticum-05,47,62,sqsewd,sqsewd-01.png
Pelargonium domesticum,pelargonium-domesticum-05-02.png,pelargonium-domesticum-05,39,53,sqsewd,sqsewd-02.png
Pelargonium domesticum,pelargonium-domesticum-05-03.png,pelargonium-domesticum-05,48,59,sqsewd,sqsewd-03.png
Pelargonium domesticum,pelargonium-domesticum-05-04.png,pelargonium-domesticum-05,48,64,sqsewd,sqsewd-04.png
Pelargonium domesticum,pelargonium-domesticum-05-05.png,pelargonium-domesticum-05,43,63,sqsewd,sqsewd-05.png
Pelargonium domesticum,pelargonium-domesticum-05-06.png,pelargonium-domesticum-05,89,58,sqsewd,sqsewd-06.png
Pelargonium domesticum,pelargonium-domesticum-05-07.png,pelargonium-domesticum-05,42,65,sqsewd,sqsewd-07.png
Pelargonium domesticum,pelargonium-domesticum-05-08.png,pelargonium-domesticum-05,46,62,sqsewd,sqsewd-08.png
Pelargonium domesticum,pelargonium-domesticum-05-09.png,pelargonium-domesticum-05,30,35,sqsewd,sqsewd-09.png
Pelargonium domesticum,pelargonium-domesticum-05-10.png,pelargonium-domesticum-05,30,34,sqsewd,sqsewd-10.png
Pelargonium domesticum,pelargonium-domesticum-05-11.png,pelargonium-domesticum-05,22,33,sqsewd,sqsewd-11.png
Pelargonium domesticum,pelargonium-domesticum-05-12.png,pelargonium-domesticum-05,29,34,sqsewd,sqsewd-12.png
Pelargonium domesticum,pelargonium-domesticum-05-13.png,pelargonium-domesticum-05,22,34,sqsewd,sqsewd-13.png
Pelargonium domesticum,pelargonium-domesticum-05-14.png,pelargonium-domesticum-05,19,33,sqsewd,sqsewd-14.png
Pelargonium domesticum,pelargonium-domesticum-05-15.png,pelargonium-domesticum-05,44,35,sqsewd,sqsewd-15.png
Pelargonium domesticum,pelargonium-domesticum-05-16.png,pelargonium-domesticum-05,30,32,sqsewd,sqsewd-16.png
Pelargonium domesticum,pelargonium-domesticum-05-17.png,pelargonium-domesticum-05,80,93,sqsewd,sqsewd-17.png
Pelargonium domesticum,pelargonium-domesticum-05-18.png,pelargonium-domesticum-05,68,86,sqsewd,sqsewd-18.png
Pelargonium domesticum,pelargonium-domesticum-05-19.png,pelargonium-domesticum-05,76,84,sqsewd,sqsewd-19.png
Pelargonium domesticum,pelargonium-domesticum-05-20.png,pelargonium-domesticum-05,76,90,sqsewd,sqsewd-20.png
Pelargonium domesticum,pelargonium-domesticum-05-21.png,pelargonium-domesticum-05,33,216,sqsewd,sqsewd-21.png
Pelargonium domesticum,pelargonium-domesticum-05-22.png,pelargonium-domesticum-05,21,201,sqsewd,sqsewd-22.png
Pelargonium domesticum,pelargonium-domesticum-05-23.png,pelargonium-domesticum-05,18,198,sqsewd,sqsewd-23.png
Pelargonium domesticum,pelargonium-domesticum-05-24.png,pelargonium-domesticum-05,44,67,sqsewd,sqsewd-24.png
Pelargonium domesticum,pelargonium-domesticum-05-25.png,pelargonium-domesticum-05,62,76,sqsewd,sqsewd-25.png
Pelargonium domesticum,pelargonium-domesticum-05-26.png,pelargonium-domesticum-05,61,68,sqsewd,sqsewd-26.png
Pelargonium domesticum,pelargonium-domesticum-05-27.png,pelargonium-domesticum-05,67,80,sqsewd,sqsewd-27.png
Pelargonium domesticum,pelargonium-domesticum-05-28.png,pelargonium-domesticum-05,62,76,sqsewd,sqsewd-28.png
Pelargonium domesticum,pelargonium-domesticum-05-29.png,pelargonium-domesticum-05,61,79,sqsewd,sqsewd-29.png
Pelargonium domesticum,pelargonium-domesticum-05-30.png,pelargonium-domesticum-05,50,70,sqsewd,sqsewd-30.png
Pelargonium domesticum,pelargonium-domesticum-05-31.png,pelargonium-domesticum-05,36,60,sqsewd,sqsewd-31.png
Pelargonium domesticum,pelargonium-domesticum-05-32.png,pelargonium-domesticum-05,46,69,sqsewd,sqsewd-32.png
Pelargonium domesticum,pelargonium-domesticum-05-33.png,pelargonium-domesticum-05,50,61,sqsewd,sqsewd-33.png
Pelargonium domesticum,pelargonium-domesticum-05-34.png,pelargonium-domesticum-05,51,65,sqsewd,sqsewd-34.png
Pelargonium domesticum,pelargonium-domesticum-05-35.png,pelargonium-domesticum-05,24,120,sqsewd,sqsewd-35.png
Pelargonium domesticum,pelargonium-domesticum-05-36.png,pelargonium-domesticum-05,40,68,sqsewd,sqsewd-36.png
Pelargonium domesticum,pelargonium-domesticum-05-37.png,pelargonium-domesticum-05,42,67,sqsewd,sqsewd-37.png
Pelargonium domesticum,pelargonium-domesticum-05-38.png,pelargonium-domesticum-05,44,62,sqsewd,sqsewd-38.png
Pelargonium domesticum,pelargonium-domesticum-05-39.png,pelargonium-domesticum-05,49,65,sqsewd,sqsewd-39.png
Pelargonium domesticum,pelargonium-domesticum-05-40.png,pelargonium-domesticum-05,40,60,sqsewd,sqsewd-40.png
Pelargonium domesticum,pelargonium-domesticum-05-41.png,pelargonium-domesticum-05,43,58,sqsewd,sqsewd-41.png
Pelargonium domesticum,pelargonium-domesticum-05-42.png,pelargonium-domesticum-05,45,49,sqsewd,sqsewd-42.png
Pelargonium domesticum,pelargonium-domesticum-06-01.png,pelargonium-domesticum-06,92,146,ynd6xm,ynd6xm-01.png
Pelargonium domesticum,pelargonium-domesticum-06-02.png,pelargonium-domesticum-06,91,121,ynd6xm,ynd6xm-02.png
Pelargonium domesticum,pelargonium-domesticum-06-03.png,pelargonium-domesticum-06,90,129,ynd6xm,ynd6xm-03.png
Pelargonium domesticum,pelargonium-domesticum-06-04.png,pelargonium-domesticum-06,94,163,ynd6xm,ynd6xm-04.png
Pelargonium domesticum,pelargonium-domesticum-06-05.png,pelargonium-domesticum-06,99,139,ynd6xm,ynd6xm-05.png
Pelargonium domesticum,pelargonium-domesticum-06-06.png,pelargonium-domesticum-06,65,172,ynd6xm,ynd6xm-06.png
Pelargonium domesticum,pelargonium-domesticum-06-07.png,pelargonium-domesticum-06,111,141,ynd6xm,ynd6xm-07.png
Pelargonium domesticum,pelargonium-domesticum-06-08.png,pelargonium-domesticum-06,50,140,ynd6xm,ynd6xm-08.png
Pelargonium domesticum,pelargonium-domesticum-06-09.png,pelargonium-domesticum-06,50,135,ynd6xm,ynd6xm-09.png
Pelargonium domesticum,pelargonium-domesticum-06-10.png,pelargonium-domesticum-06,85,152,ynd6xm,ynd6xm-10.png
Pelargonium domesticum,pelargonium-domesticum-06-11.png,pelargonium-domesticum-06,112,156,ynd6xm,ynd6xm-11.png
Pelargonium domesticum,pelargonium-domesticum-06-12.png,pelargonium-domesticum-06,84,152,ynd6xm,ynd6xm-12.png
Pelargonium domesticum,pelargonium-domesticum-06-13.png,pelargonium-domesticum-06,92,108,ynd6xm,ynd6xm-13.png
Pelargonium domesticum,pelargonium-domesticum-06-14.png,pelargonium-domesticum-06,57,113,ynd6xm,ynd6xm-14.png
Pelargonium domesticum,pelargonium-domesticum-04-01.png,pelargonium-domesticum-04,146,291,qneefp,qneefp-01.png
Pelargonium domesticum,pelargonium-domesticum-04-02.png,pelargonium-domesticum-04,337,244,qneefp,qneefp-02.png
Pelargonium domesticum,pelargonium-domesticum-04-03.png,pelargonium-domesticum-04,112,205,qneefp,qneefp-03.png
Pelargonium domesticum,pelargonium-domesticum-04-04.png,pelargonium-domesticum-04,266,212,qneefp,qneefp-04.png
Pelargonium domesticum,pelargonium-domesticum-04-05.png,pelargonium-domesticum-04,81,206,qneefp,qneefp-05.png
Pelargonium domesticum,pelargonium-domesticum-03-01.png,pelargonium-domesticum-03,122,254,hxp23t,hxp23t-01.png
Pelargonium domesticum,pelargonium-domesticum-03-02.png,pelargonium-domesticum-03,115,276,hxp23t,hxp23t-02.png
Pelargonium domesticum,pelargonium-domesticum-03-03.png,pelargonium-domesticum-03,108,258,hxp23t,hxp23t-03.png
Pelargonium domesticum,pelargonium-domesticum-03-04.png,pelargonium-domesticum-03,256,116,hxp23t,hxp23t-04.png
Pelargonium domesticum,pelargonium-domesticum-03-05.png,pelargonium-domesticum-03,84,197,hxp23t,hxp23t-05.png
Pelargonium domesticum,pelargonium-domesticum-03-06.png,pelargonium-domesticum-03,282,143,hxp23t,hxp23t-06.png
Portulaca grandiflora,portulaca-grandiflora-01-01.png,portulaca-grandiflora-01,50,147,rbhwgp,rbhwgp-01.png
Portulaca grandiflora,portulaca-grandiflora-01-02.png,portulaca-grandiflora-01,54,180,rbhwgp,rbhwgp-02.png
Portulaca grandiflora,portulaca-grandiflora-01-03.png,portulaca-grandiflora-01,51,178,rbhwgp,rbhwgp-03.png
Portulaca grandiflora,portulaca-grandiflora-01-04.png,portulaca-grandiflora-01,68,175,rbhwgp,rbhwgp-04.png
Portulaca grandiflora,portulaca-grandiflora-01-05.png,portulaca-grandiflora-01,37,135,rbhwgp,rbhwgp-05.png
Portulaca grandiflora,portulaca-grandiflora-01-06.png,portulaca-grandiflora-01,73,214,rbhwgp,rbhwgp-06.png
Portulaca grandiflora,portulaca-grandiflora-01-07.png,portulaca-grandiflora-01,44,157,rbhwgp,rbhwgp-07.png
Portulaca grandiflora,portulaca-grandiflora-01-08.png,portulaca-grandiflora-01,79,158,rbhwgp,rbhwgp-08.png
Portulaca grandiflora,portulaca-grandiflora-01-09.png,portulaca-grandiflora-01,37,153,rbhwgp,rbhwgp-09.png
Portulaca grandiflora,portulaca-grandiflora-01-10.png,portulaca-grandiflora-01,98,177,rbhwgp,rbhwgp-10.png
Portulaca grandiflora,portulaca-grandiflora-01-11.png,portulaca-grandiflora-01,65,172,rbhwgp,rbhwgp-11.png
Portulaca grandiflora,portulaca-grandiflora-01-12.png,portulaca-grandiflora-01,66,149,rbhwgp,rbhwgp-12.png
Portulaca grandiflora,portulaca-grandiflora-01-13.png,portulaca-grandiflora-01,43,108,rbhwgp,rbhwgp-13.png
Portulaca grandiflora,portulaca-grandiflora-01-14.png,portulaca-grandiflora-01,48,100,rbhwgp,rbhwgp-14.png
Portulaca grandiflora,portulaca-grandiflora-01-15.png,portulaca-grandiflora-01,36,88,rbhwgp,rbhwgp-15.png
Portulaca grandiflora,portulaca-grandiflora-01-16.png,portulaca-grandiflora-01,145,79,rbhwgp,rbhwgp-16.png
Portulaca grandiflora,portulaca-grandiflora-01-17.png,portulaca-grandiflora-01,167,61,rbhwgp,rbhwgp-17.png
Calla,calla-06-01.png,calla-06,57,482,rmcyzq,rmcyzq-01.png
Calla,calla-06-02.png,calla-06,82,475,rmcyzq,rmcyzq-02.png
Calla,calla-06-03.png,calla-06,67,459,rmcyzq,rmcyzq-03.png
Calla,calla-06-04.png,calla-06,61,476,rmcyzq,rmcyzq-04.png
Calla,calla-06-05.png,calla-06,46,462,rmcyzq,rmcyzq-05.png
Gazania,gazania-06-01.png,gazania-06,35,153,latvdj,latvdj-01.png
Gazania,gazania-06-02.png,gazania-06,25,131,latvdj,latvdj-02.png
Gazania,gazania-06-03.png,gazania-06,28,134,latvdj,latvdj-03.png
Gazania,gazania-06-04.png,gazania-06,31,127,latvdj,latvdj-04.png
Gazania,gazania-06-05.png,gazania-06,33,140,latvdj,latvdj-05.png
Gazania,gazania-06-06.png,gazania-06,35,130,latvdj,latvdj-06.png
Gazania,gazania-06-07.png,gazania-06,33,138,latvdj,latvdj-07.png
Gazania,gazania-06-08.png,gazania-06,25,134,latvdj,latvdj-08.png
Gazania,gazania-06-09.png,gazania-06,21,125,latvdj,latvdj-09.png
Gazania,gazania-06-10.png,gazania-06,62,62,latvdj,latvdj-10.png
Gazania,gazania-06-11.png,gazania-06,29,31,latvdj,latvdj-11.png
Gazania,gazania-06-12.png,gazania-06,56,37,latvdj,latvdj-12.png
Gazania,gazania-06-13.png,gazania-06,47,152,latvdj,latvdj-13.png
Gazania,gazania-06-14.png,gazania-06,36,150,latvdj,latvdj-14.png
Gazania,gazania-06-15.png,gazania-06,30,158,latvdj,latvdj-15.png
Gazania,gazania-06-16.png,gazania-06,29,119,latvdj,latvdj-16.png
Gazania,gazania-06-17.png,gazania-06,24,134,latvdj,latvdj-17.png
Gazania,gazania-06-18.png,gazania-06,38,130,latvdj,latvdj-18.png
Gazania,gazania-06-19.png,gazania-06,42,37,latvdj,latvdj-19.png
Gazania,gazania-06-20.png,gazania-06,35,127,latvdj,latvdj-20.png
Gazania,gazania-06-21.png,gazania-06,27,120,latvdj,latvdj-21.png
Gazania,gazania-06-22.png,gazania-06,23,32,latvdj,latvdj-22.png
Gazania,gazania-06-23.png,gazania-06,25,29,latvdj,latvdj-23.png
Gazania,gazania-06-24.png,gazania-06,33,224,latvdj,latvdj-24.png
Gazania,gazania-06-25.png,gazania-06,31,224,latvdj,latvdj-25.png
Gazania,gazania-06-26.png,gazania-06,31,133,latvdj,latvdj-26.png
Gazania,gazania-06-27.png,gazania-06,24,124,latvdj,latvdj-27.png
Gazania,gazania-06-28.png,gazania-06,24,141,latvdj,latvdj-28.png
Gazania,gazania-06-29.png,gazania-06,29,134,latvdj,latvdj-29.png
Gazania,gazania-06-30.png,gazania-06,17,145,latvdj,latvdj-30.png
Gazania,gazania-06-31.png,gazania-06,28,145,latvdj,latvdj-31.png
Gazania,gazania-06-32.png,gazania-06,42,136,latvdj,latvdj-32.png
Gazania,gazania-06-33.png,gazania-06,19,144,latvdj,latvdj-33.png
Gazania,gazania-06-34.png,gazania-06,16,128,latvdj,latvdj-34.png
Gazania,gazania-06-35.png,gazania-06,146,16,latvdj,latvdj-35.png
Gazania,gazania-06-36.png,gazania-06,143,16,latvdj,latvdj-36.png
Gazania,gazania-07-01.png,gazania-07,93,230,u6jvhq,u6jvhq-01.png
Gazania,gazania-07-02.png,gazania-07,95,200,u6jvhq,u6jvhq-02.png
Gazania,gazania-07-03.png,gazania-07,72,264,u6jvhq,u6jvhq-03.png
Gazania,gazania-07-04.png,gazania-07,184,302,u6jvhq,u6jvhq-04.png
Gazania,gazania-07-05.png,gazania-07,129,34,u6jvhq,u6jvhq-05.png
Gazania,gazania-07-06.png,gazania-07,119,33,u6jvhq,u6jvhq-06.png
Gazania,gazania-07-07.png,gazania-07,174,38,u6jvhq,u6jvhq-07.png
Gazania,gazania-07-08.png,gazania-07,106,155,u6jvhq,u6jvhq-08.png
Gazania,gazania-07-09.png,gazania-07,145,115,u6jvhq,u6jvhq-09.png
Gazania,gazania-07-10.png,gazania-07,155,119,u6jvhq,u6jvhq-10.png
Prunus cerasus,prunus-cerasus-01-01.png,prunus-cerasus-01,378,494,jwq8at,jwq8at-01.png
Caesalpinia gilliesii,caesalpinia-gilliesii-03-01.png,caesalpinia-gilliesii-03,173,162,bcr57c,bcr57c-01.png
Caesalpinia gilliesii,caesalpinia-gilliesii-03-02.png,caesalpinia-gilliesii-03,113,127,bcr57c,bcr57c-02.png
Caesalpinia gilliesii,caesalpinia-gilliesii-03-03.png,caesalpinia-gilliesii-03,137,145,bcr57c,bcr57c-03.png
Caesalpinia gilliesii,caesalpinia-gilliesii-03-04.png,caesalpinia-gilliesii-03,60,138,bcr57c,bcr57c-04.png
Caesalpinia gilliesii,caesalpinia-gilliesii-03-05.png,caesalpinia-gilliesii-03,58,120,bcr57c,bcr57c-05.png
Caesalpinia gilliesii,caesalpinia-gilliesii-03-06.png,caesalpinia-gilliesii-03,55,119,bcr57c,bcr57c-06.png
Caesalpinia gilliesii,caesalpinia-gilliesii-03-07.png,caesalpinia-gilliesii-03,53,112,bcr57c,bcr57c-07.png
Caesalpinia gilliesii,caesalpinia-gilliesii-03-08.png,caesalpinia-gilliesii-03,47,115,bcr57c,bcr57c-08.png
Caesalpinia gilliesii,caesalpinia-gilliesii-03-09.png,caesalpinia-gilliesii-03,54,118,bcr57c,bcr57c-09.png
Caesalpinia gilliesii,caesalpinia-gilliesii-03-10.png,caesalpinia-gilliesii-03,40,90,bcr57c,bcr57c-10.png
Caesalpinia gilliesii,caesalpinia-gilliesii-03-11.png,caesalpinia-gilliesii-03,42,115,bcr57c,bcr57c-11.png
Caesalpinia gilliesii,caesalpinia-gilliesii-03-12.png,caesalpinia-gilliesii-03,72,141,bcr57c,bcr57c-12.png
Caesalpinia gilliesii,caesalpinia-gilliesii-03-13.png,caesalpinia-gilliesii-03,52,110,bcr57c,bcr57c-13.png
Caesalpinia gilliesii,caesalpinia-gilliesii-03-14.png,caesalpinia-gilliesii-03,56,105,bcr57c,bcr57c-14.png
Caesalpinia gilliesii,caesalpinia-gilliesii-03-15.png,caesalpinia-gilliesii-03,47,118,bcr57c,bcr57c-15.png
Caesalpinia gilliesii,caesalpinia-gilliesii-03-16.png,caesalpinia-gilliesii-03,48,98,bcr57c,bcr57c-16.png
Caesalpinia gilliesii,caesalpinia-gilliesii-03-17.png,caesalpinia-gilliesii-03,44,105,bcr57c,bcr57c-17.png
Caesalpinia gilliesii,caesalpinia-gilliesii-03-18.png,caesalpinia-gilliesii-03,458,39,bcr57c,bcr57c-18.png
Caesalpinia gilliesii,caesalpinia-gilliesii-04-01.png,caesalpinia-gilliesii-04,181,476,tv84ge,tv84ge-01.png
Caesalpinia gilliesii,caesalpinia-gilliesii-04-02.png,caesalpinia-gilliesii-04,260,216,tv84ge,tv84ge-02.png
Caesalpinia gilliesii,caesalpinia-gilliesii-04-03.png,caesalpinia-gilliesii-04,203,248,tv84ge,tv84ge-03.png
Caesalpinia gilliesii,caesalpinia-gilliesii-02-01.png,caesalpinia-gilliesii-02,432,494,5duurs,5duurs-01.png
Caesalpinia gilliesii,caesalpinia-gilliesii-01-01.png,caesalpinia-gilliesii-01,318,429,3jdx8c,3jdx8c-01.png
Caesalpinia gilliesii,caesalpinia-gilliesii-01-02.png,caesalpinia-gilliesii-01,190,416,3jdx8c,3jdx8c-02.png
Callistemon laevis,callistemon-laevis-01-01.png,callistemon-laevis-01,283,64,53qabx,53qabx-01.png
Callistemon laevis,callistemon-laevis-01-02.png,callistemon-laevis-01,19,219,53qabx,53qabx-02.png
Callistemon laevis,callistemon-laevis-01-03.png,callistemon-laevis-01,63,78,53qabx,53qabx-03.png
Callistemon laevis,callistemon-laevis-01-04.png,callistemon-laevis-01,295,96,53qabx,53qabx-04.png
Callistemon laevis,callistemon-laevis-01-05.png,callistemon-laevis-01,59,99,53qabx,53qabx-05.png
Callistemon laevis,callistemon-laevis-01-06.png,callistemon-laevis-01,24,391,53qabx,53qabx-06.png
Callistemon laevis,callistemon-laevis-01-07.png,callistemon-laevis-01,20,324,53qabx,53qabx-07.png
Callistemon laevis,callistemon-laevis-01-08.png,callistemon-laevis-01,299,99,53qabx,53qabx-08.png
Callistemon laevis,callistemon-laevis-01-09.png,callistemon-laevis-01,64,79,53qabx,53qabx-09.png
Callistemon laevis,callistemon-laevis-01-10.png,callistemon-laevis-01,296,81,53qabx,53qabx-10.png
Callistemon laevis,callistemon-laevis-01-11.png,callistemon-laevis-01,61,82,53qabx,53qabx-11.png
Callistemon laevis,callistemon-laevis-01-12.png,callistemon-laevis-01,17,92,53qabx,53qabx-12.png
Callistemon laevis,callistemon-laevis-01-13.png,callistemon-laevis-01,285,70,53qabx,53qabx-13.png
Callistemon laevis,callistemon-laevis-01-14.png,callistemon-laevis-01,57,81,53qabx,53qabx-14.png
Callistemon laevis,callistemon-laevis-01-15.png,callistemon-laevis-01,20,51,53qabx,53qabx-15.png
Callistemon laevis,callistemon-laevis-01-16.png,callistemon-laevis-01,21,54,53qabx,53qabx-16.png
Callistemon laevis,callistemon-laevis-01-17.png,callistemon-laevis-01,30,53,53qabx,53qabx-17.png
Callistemon laevis,callistemon-laevis-01-18.png,callistemon-laevis-01,44,51,53qabx,53qabx-18.png
Callistemon laevis,callistemon-laevis-01-19.png,callistemon-laevis-01,19,50,53qabx,53qabx-19.png
Callistemon laevis,callistemon-laevis-01-20.png,callistemon-laevis-01,20,49,53qabx,53qabx-20.png
Callistemon laevis,callistemon-laevis-01-21.png,callistemon-laevis-01,19,45,53qabx,53qabx-21.png
Callistemon laevis,callistemon-laevis-01-22.png,callistemon-laevis-01,33,27,53qabx,53qabx-22.png
Callistemon laevis,callistemon-laevis-01-23.png,callistemon-laevis-01,19,45,53qabx,53qabx-23.png
Callistemon laevis,callistemon-laevis-03-01.png,callistemon-laevis-03,110,494,tevm4y,tevm4y-01.png
Callistemon laevis,callistemon-laevis-03-02.png,callistemon-laevis-03,77,466,tevm4y,tevm4y-02.png
Callistemon laevis,callistemon-laevis-03-03.png,callistemon-laevis-03,111,473,tevm4y,tevm4y-03.png
Callistemon laevis,callistemon-laevis-03-04.png,callistemon-laevis-03,80,438,tevm4y,tevm4y-04.png
Callistemon laevis,callistemon-laevis-03-05.png,callistemon-laevis-03,87,446,tevm4y,tevm4y-05.png
Callistemon laevis,callistemon-laevis-05-01.png,callistemon-laevis-05,464,494,xc8btc,xc8btc-01.png
Callistemon laevis,callistemon-laevis-06-01.png,callistemon-laevis-06,484,494,xvnhcn,xvnhcn-01.png
Callistemon laevis,callistemon-laevis-02-01.png,callistemon-laevis-02,429,494,jjywtx,jjywtx-01.png
Callistemon laevis,callistemon-laevis-04-01.png,callistemon-laevis-04,504,494,ukcgrb,ukcgrb-01.png
Hydrangea macrophylla,hydrangea-macrophylla-14-01.png,hydrangea-macrophylla-14,85,81,ucnfdf,ucnfdf-01.png
Hydrangea macrophylla,hydrangea-macrophylla-14-02.png,hydrangea-macrophylla-14,84,70,ucnfdf,ucnfdf-02.png
Hydrangea macrophylla,hydrangea-macrophylla-14-03.png,hydrangea-macrophylla-14,67,61,ucnfdf,ucnfdf-03.png
Hydrangea macrophylla,hydrangea-macrophylla-14-04.png,hydrangea-macrophylla-14,87,58,ucnfdf,ucnfdf-04.png
Hydrangea macrophylla,hydrangea-macrophylla-14-05.png,hydrangea-macrophylla-14,99,62,ucnfdf,ucnfdf-05.png
Hydrangea macrophylla,hydrangea-macrophylla-14-06.png,hydrangea-macrophylla-14,91,151,ucnfdf,ucnfdf-06.png
Hydrangea macrophylla,hydrangea-macrophylla-14-07.png,hydrangea-macrophylla-14,18,409,ucnfdf,ucnfdf-07.png
Hydrangea macrophylla,hydrangea-macrophylla-14-08.png,hydrangea-macrophylla-14,82,143,ucnfdf,ucnfdf-08.png
Hydrangea macrophylla,hydrangea-macrophylla-14-09.png,hydrangea-macrophylla-14,88,140,ucnfdf,ucnfdf-09.png
Hydrangea macrophylla,hydrangea-macrophylla-14-10.png,hydrangea-macrophylla-14,37,37,ucnfdf,ucnfdf-10.png
Hydrangea macrophylla,hydrangea-macrophylla-14-11.png,hydrangea-macrophylla-14,60,98,ucnfdf,ucnfdf-11.png
Hydrangea macrophylla,hydrangea-macrophylla-14-12.png,hydrangea-macrophylla-14,25,395,ucnfdf,ucnfdf-12.png
Hydrangea macrophylla,hydrangea-macrophylla-14-13.png,hydrangea-macrophylla-14,47,48,ucnfdf,ucnfdf-13.png
Hydrangea macrophylla,hydrangea-macrophylla-14-14.png,hydrangea-macrophylla-14,70,94,ucnfdf,ucnfdf-14.png
Hydrangea macrophylla,hydrangea-macrophylla-14-15.png,hydrangea-macrophylla-14,39,44,ucnfdf,ucnfdf-15.png
Hydrangea macrophylla,hydrangea-macrophylla-14-16.png,hydrangea-macrophylla-14,85,156,ucnfdf,ucnfdf-16.png
Hydrangea macrophylla,hydrangea-macrophylla-14-17.png,hydrangea-macrophylla-14,102,159,ucnfdf,ucnfdf-17.png
Hydrangea macrophylla,hydrangea-macrophylla-14-18.png,hydrangea-macrophylla-14,78,140,ucnfdf,ucnfdf-18.png
Hydrangea macrophylla,hydrangea-macrophylla-14-19.png,hydrangea-macrophylla-14,38,38,ucnfdf,ucnfdf-19.png
Hydrangea macrophylla,hydrangea-macrophylla-14-20.png,hydrangea-macrophylla-14,60,93,ucnfdf,ucnfdf-20.png
Hydrangea macrophylla,hydrangea-macrophylla-14-21.png,hydrangea-macrophylla-14,50,34,ucnfdf,ucnfdf-21.png
Hydrangea macrophylla,hydrangea-macrophylla-14-22.png,hydrangea-macrophylla-14,47,39,ucnfdf,ucnfdf-22.png
Hydrangea macrophylla,hydrangea-macrophylla-14-23.png,hydrangea-macrophylla-14,67,84,ucnfdf,ucnfdf-23.png
Hydrangea macrophylla,hydrangea-macrophylla-14-24.png,hydrangea-macrophylla-14,108,73,ucnfdf,ucnfdf-24.png
Hydrangea macrophylla,hydrangea-macrophylla-14-25.png,hydrangea-macrophylla-14,123,75,ucnfdf,ucnfdf-25.png
Hydrangea macrophylla,hydrangea-macrophylla-14-26.png,hydrangea-macrophylla-14,35,38,ucnfdf,ucnfdf-26.png
Hydrangea macrophylla,hydrangea-macrophylla-15-01.png,hydrangea-macrophylla-15,158,103,wypaxh,wypaxh-01.png
Hydrangea macrophylla,hydrangea-macrophylla-15-02.png,hydrangea-macrophylla-15,151,96,wypaxh,wypaxh-02.png
Hydrangea macrophylla,hydrangea-macrophylla-15-03.png,hydrangea-macrophylla-15,163,104,wypaxh,wypaxh-03.png
Hydrangea macrophylla,hydrangea-macrophylla-15-04.png,hydrangea-macrophylla-15,94,169,wypaxh,wypaxh-04.png
Hydrangea macrophylla,hydrangea-macrophylla-15-05.png,hydrangea-macrophylla-15,110,174,wypaxh,wypaxh-05.png
Hydrangea macrophylla,hydrangea-macrophylla-15-06.png,hydrangea-macrophylla-15,24,362,wypaxh,wypaxh-06.png
Hydrangea macrophylla,hydrangea-macrophylla-15-07.png,hydrangea-macrophylla-15,94,157,wypaxh,wypaxh-07.png
Hydrangea macrophylla,hydrangea-macrophylla-15-08.png,hydrangea-macrophylla-15,87,150,wypaxh,wypaxh-08.png
Hydrangea macrophylla,hydrangea-macrophylla-15-09.png,hydrangea-macrophylla-15,106,174,wypaxh,wypaxh-09.png
Hydrangea macrophylla,hydrangea-macrophylla-15-10.png,hydrangea-macrophylla-15,109,165,wypaxh,wypaxh-10.png
Hydrangea macrophylla,hydrangea-macrophylla-15-11.png,hydrangea-macrophylla-15,188,157,wypaxh,wypaxh-11.png
Hydrangea macrophylla,hydrangea-macrophylla-01-01.png,hydrangea-macrophylla-01,508,441,am2axx,am2axx-01.png
Hydrangea macrophylla 0 Cr,hydrangea-macrophylla-0-cr-01-01.png,hydrangea-macrophylla-0-cr-01,264,475,lr7mx9,lr7mx9-01.png
Hydrangea macrophylla 0 Cr,hydrangea-macrophylla-0-cr-01-02.png,hydrangea-macrophylla-0-cr-01,255,425,lr7mx9,lr7mx9-02.png
Canna,canna-02-01.png,canna-02,145,329,ajhdwx,ajhdwx-01.png
Canna,canna-02-02.png,canna-02,49,118,ajhdwx,ajhdwx-02.png
Canna,canna-02-03.png,canna-02,30,273,ajhdwx,ajhdwx-03.png
Canna,canna-02-04.png,canna-02,26,485,ajhdwx,ajhdwx-04.png
Canna,canna-02-05.png,canna-02,73,112,ajhdwx,ajhdwx-05.png
Canna,canna-02-06.png,canna-02,18,70,ajhdwx,ajhdwx-06.png
Canna,canna-02-07.png,canna-02,17,63,ajhdwx,ajhdwx-07.png
Canna,canna-02-08.png,canna-02,53,71,ajhdwx,ajhdwx-08.png
Canna,canna-02-09.png,canna-02,76,131,ajhdwx,ajhdwx-09.png
Canna,canna-02-10.png,canna-02,88,99,ajhdwx,ajhdwx-10.png
Canna,canna-02-11.png,canna-02,56,46,ajhdwx,ajhdwx-11.png
Canna,canna-02-12.png,canna-02,100,118,ajhdwx,ajhdwx-12.png
Canna,canna-02-13.png,canna-02,35,156,ajhdwx,ajhdwx-13.png
Canna,canna-02-14.png,canna-02,63,77,ajhdwx,ajhdwx-14.png
Canna,canna-02-15.png,canna-02,38,131,ajhdwx,ajhdwx-15.png
Canna,canna-02-16.png,canna-02,21,205,ajhdwx,ajhdwx-16.png
Canna,canna-02-17.png,canna-02,16,52,ajhdwx,ajhdwx-17.png
Canna,canna-02-18.png,canna-02,62,147,ajhdwx,ajhdwx-18.png
Canna,canna-02-19.png,canna-02,67,116,ajhdwx,ajhdwx-19.png
Canna,canna-02-20.png,canna-02,19,83,ajhdwx,ajhdwx-20.png
Canna,canna-02-21.png,canna-02,23,80,ajhdwx,ajhdwx-21.png
Canna,canna-02-22.png,canna-02,72,63,ajhdwx,ajhdwx-22.png
Canna,canna-02-23.png,canna-02,18,69,ajhdwx,ajhdwx-23.png
Canna,canna-04-01.png,canna-04,123,345,p9mgba,p9mgba-01.png
Canna,canna-04-02.png,canna-04,137,328,p9mgba,p9mgba-02.png
Canna,canna-04-03.png,canna-04,76,488,p9mgba,p9mgba-03.png
Canna,canna-04-04.png,canna-04,37,485,p9mgba,p9mgba-04.png
Canna,canna-04-05.png,canna-04,321,125,p9mgba,p9mgba-05.png
Canna,canna-03-01.png,canna-03,157,494,lnzbgb,lnzbgb-01.png
Canna,canna-03-02.png,canna-03,126,325,lnzbgb,lnzbgb-02.png
Canna,canna-03-03.png,canna-03,116,277,lnzbgb,lnzbgb-03.png
Canna,canna-03-04.png,canna-03,304,149,lnzbgb,lnzbgb-04.png
Canna,canna-05-01.png,canna-05,228,494,xgzvpd,xgzvpd-01.png
Canna,canna-05-02.png,canna-05,201,493,xgzvpd,xgzvpd-02.png
Canna,canna-01-01.png,canna-01,154,494,9xfbvc,9xfbvc-01.png
Canna,canna-01-02.png,canna-01,147,494,9xfbvc,9xfbvc-02.png
Canna,canna-01-03.png,canna-01,102,468,9xfbvc,9xfbvc-03.png
Calla,calla-08-01.png,calla-08,174,479,vcvxty,vcvxty-01.png
Calla,calla-08-02.png,calla-08,176,493,vcvxty,vcvxty-02.png
Calla,calla-09-01.png,calla-09,228,494,ycnxul,ycnxul-01.png
Calla,calla-09-02.png,calla-09,206,491,ycnxul,ycnxul-02.png
Calla,calla-04-01.png,calla-04,221,494,p6wxac,p6wxac-01.png
Calla,calla-04-02.png,calla-04,196,469,p6wxac,p6wxac-02.png
Calla,calla-01-01.png,calla-01,339,494,bbjh2n,bbjh2n-01.png
Calla,calla-01-02.png,calla-01,99,477,bbjh2n,bbjh2n-02.png
Calla 0 Cr,calla-0-cr-01-01.png,calla-0-cr-01,292,494,udnbrm,udnbrm-01.png
Calla 0 Cr,calla-0-cr-01-02.png,calla-0-cr-01,45,449,udnbrm,udnbrm-02.png
Euryops,euryops-07-01.png,euryops-07,97,226,nxyned,nxyned-01.png
Euryops,euryops-07-02.png,euryops-07,103,175,nxyned,nxyned-02.png
Euryops,euryops-07-03.png,euryops-07,106,192,nxyned,nxyned-03.png
Euryops,euryops-07-04.png,euryops-07,121,185,nxyned,nxyned-04.png
Euryops,euryops-07-05.png,euryops-07,79,168,nxyned,nxyned-05.png
Euryops,euryops-07-06.png,euryops-07,85,153,nxyned,nxyned-06.png
Euryops,euryops-07-07.png,euryops-07,107,205,nxyned,nxyned-07.png
Euryops,euryops-07-08.png,euryops-07,140,204,nxyned,nxyned-08.png
Euryops,euryops-07-09.png,euryops-07,206,84,nxyned,nxyned-09.png
Euryops,euryops-01-01.png,euryops-01,140,200,cbpesv,cbpesv-01.png
Euryops,euryops-01-02.png,euryops-01,172,216,cbpesv,cbpesv-02.png
Euryops,euryops-01-03.png,euryops-01,113,201,cbpesv,cbpesv-03.png
Euryops,euryops-01-04.png,euryops-01,127,286,cbpesv,cbpesv-04.png
Euryops,euryops-01-05.png,euryops-01,160,241,cbpesv,cbpesv-05.png
Euryops,euryops-01-06.png,euryops-01,79,237,cbpesv,cbpesv-06.png
Euryops,euryops-01-07.png,euryops-01,81,201,cbpesv,cbpesv-07.png
Euryops,euryops-02-01.png,euryops-02,89,123,dlc7nx,dlc7nx-01.png
Euryops,euryops-02-02.png,euryops-02,23,284,dlc7nx,dlc7nx-02.png
Euryops,euryops-02-03.png,euryops-02,41,75,dlc7nx,dlc7nx-03.png
Euryops,euryops-02-04.png,euryops-02,40,39,dlc7nx,dlc7nx-04.png
Euryops,euryops-02-05.png,euryops-02,59,120,dlc7nx,dlc7nx-05.png
Euryops,euryops-02-06.png,euryops-02,40,112,dlc7nx,dlc7nx-06.png
Euryops,euryops-02-07.png,euryops-02,100,123,dlc7nx,dlc7nx-07.png
Euryops,euryops-02-08.png,euryops-02,33,64,dlc7nx,dlc7nx-08.png
Euryops,euryops-02-09.png,euryops-02,36,41,dlc7nx,dlc7nx-09.png
Euryops,euryops-02-10.png,euryops-02,51,69,dlc7nx,dlc7nx-10.png
Euryops,euryops-02-11.png,euryops-02,19,55,dlc7nx,dlc7nx-11.png
Euryops,euryops-02-12.png,euryops-02,42,83,dlc7nx,dlc7nx-12.png
Euryops,euryops-02-13.png,euryops-02,76,125,dlc7nx,dlc7nx-13.png
Euryops,euryops-02-14.png,euryops-02,53,107,dlc7nx,dlc7nx-14.png
Euryops,euryops-02-15.png,euryops-02,43,107,dlc7nx,dlc7nx-15.png
Euryops,euryops-02-16.png,euryops-02,63,119,dlc7nx,dlc7nx-16.png
Euryops,euryops-02-17.png,euryops-02,25,64,dlc7nx,dlc7nx-17.png
Euryops,euryops-02-18.png,euryops-02,26,71,dlc7nx,dlc7nx-18.png
Euryops,euryops-02-19.png,euryops-02,41,40,dlc7nx,dlc7nx-19.png
Euryops,euryops-02-20.png,euryops-02,43,76,dlc7nx,dlc7nx-20.png
Euryops,euryops-02-21.png,euryops-02,60,122,dlc7nx,dlc7nx-21.png
Euryops,euryops-02-22.png,euryops-02,52,109,dlc7nx,dlc7nx-22.png
Euryops,euryops-02-23.png,euryops-02,69,126,dlc7nx,dlc7nx-23.png
Euryops,euryops-02-24.png,euryops-02,54,108,dlc7nx,dlc7nx-24.png
Euryops,euryops-02-25.png,euryops-02,17,187,dlc7nx,dlc7nx-25.png
Euryops,euryops-02-26.png,euryops-02,22,68,dlc7nx,dlc7nx-26.png
Euryops,euryops-02-27.png,euryops-02,29,58,dlc7nx,dlc7nx-27.png
Euryops,euryops-02-28.png,euryops-02,29,30,dlc7nx,dlc7nx-28.png
Euryops,euryops-02-29.png,euryops-02,35,69,dlc7nx,dlc7nx-29.png
Euryops,euryops-02-30.png,euryops-02,26,24,dlc7nx,dlc7nx-30.png
Euryops,euryops-02-31.png,euryops-02,46,97,dlc7nx,dlc7nx-31.png
Euryops,euryops-02-32.png,euryops-02,57,82,dlc7nx,dlc7nx-32.png
Euryops,euryops-02-33.png,euryops-02,73,84,dlc7nx,dlc7nx-33.png
Euryops,euryops-02-34.png,euryops-02,68,85,dlc7nx,dlc7nx-34.png
Euryops,euryops-02-35.png,euryops-02,21,39,dlc7nx,dlc7nx-35.png
Euryops,euryops-02-36.png,euryops-02,50,25,dlc7nx,dlc7nx-36.png
Euryops,euryops-04-01.png,euryops-04,94,177,jmjzsz,jmjzsz-01.png
Euryops,euryops-04-02.png,euryops-04,114,308,jmjzsz,jmjzsz-02.png
Euryops,euryops-04-03.png,euryops-04,94,266,jmjzsz,jmjzsz-03.png
Euryops,euryops-04-04.png,euryops-04,107,251,jmjzsz,jmjzsz-04.png
Euryops,euryops-04-05.png,euryops-04,88,206,jmjzsz,jmjzsz-05.png
Euryops,euryops-04-06.png,euryops-04,59,173,jmjzsz,jmjzsz-06.png
Euryops,euryops-04-07.png,euryops-04,102,180,jmjzsz,jmjzsz-07.png
Euryops,euryops-04-08.png,euryops-04,181,53,jmjzsz,jmjzsz-08.png
Euryops,euryops-04-09.png,euryops-04,244,98,jmjzsz,jmjzsz-09.png
Euryops,euryops-05-01.png,euryops-05,212,340,mxyp8k,mxyp8k-01.png
Euryops,euryops-05-02.png,euryops-05,83,178,mxyp8k,mxyp8k-02.png
Euryops,euryops-05-03.png,euryops-05,162,318,mxyp8k,mxyp8k-03.png
Euryops,euryops-05-04.png,euryops-05,113,240,mxyp8k,mxyp8k-04.png
Euryops,euryops-05-05.png,euryops-05,71,117,mxyp8k,mxyp8k-05.png
Euryops,euryops-05-06.png,euryops-05,250,114,mxyp8k,mxyp8k-06.png
Euryops,euryops-03-01.png,euryops-03,487,494,h95bcm,h95bcm-01.png
Euryops,euryops-06-01.png,euryops-06,508,443,ndbzpr,ndbzpr-01.png
Agapanthus africanus,agapanthus-africanus-01-01.png,agapanthus-africanus-01,137,494,36xuhx,36xuhx-01.png
Agapanthus africanus,agapanthus-africanus-01-02.png,agapanthus-africanus-01,35,492,36xuhx,36xuhx-02.png
Agapanthus africanus,agapanthus-africanus-01-03.png,agapanthus-africanus-01,62,398,36xuhx,36xuhx-03.png
Agapanthus africanus,agapanthus-africanus-01-04.png,agapanthus-africanus-01,59,478,36xuhx,36xuhx-04.png
Agapanthus africanus,agapanthus-africanus-01-05.png,agapanthus-africanus-01,55,377,36xuhx,36xuhx-05.png
Agapanthus africanus,agapanthus-africanus-01-06.png,agapanthus-africanus-01,64,361,36xuhx,36xuhx-06.png
Agapanthus africanus,agapanthus-africanus-01-07.png,agapanthus-africanus-01,223,34,36xuhx,36xuhx-07.png
Agapanthus africanus,agapanthus-africanus-01-08.png,agapanthus-africanus-01,214,41,36xuhx,36xuhx-08.png
Agapanthus africanus,agapanthus-africanus-04-01.png,agapanthus-africanus-04,51,494,qamxcz,qamxcz-01.png
Agapanthus africanus,agapanthus-africanus-04-02.png,agapanthus-africanus-04,38,490,qamxcz,qamxcz-02.png
Agapanthus africanus,agapanthus-africanus-04-03.png,agapanthus-africanus-04,41,464,qamxcz,qamxcz-03.png
Agapanthus africanus,agapanthus-africanus-04-04.png,agapanthus-africanus-04,75,476,qamxcz,qamxcz-04.png
Agapanthus africanus,agapanthus-africanus-04-05.png,agapanthus-africanus-04,72,471,qamxcz,qamxcz-05.png
Agapanthus africanus,agapanthus-africanus-04-06.png,agapanthus-africanus-04,83,456,qamxcz,qamxcz-06.png
Agapanthus africanus,agapanthus-africanus-04-07.png,agapanthus-africanus-04,37,458,qamxcz,qamxcz-07.png
Agapanthus africanus,agapanthus-africanus-04-08.png,agapanthus-africanus-04,45,454,qamxcz,qamxcz-08.png
Agapanthus africanus,agapanthus-africanus-02-01.png,agapanthus-africanus-02,69,477,9jue3j,9jue3j-01.png
Agapanthus africanus,agapanthus-africanus-02-02.png,agapanthus-africanus-02,59,494,9jue3j,9jue3j-02.png
Agapanthus africanus,agapanthus-africanus-02-03.png,agapanthus-africanus-02,81,493,9jue3j,9jue3j-03.png
Agapanthus africanus,agapanthus-africanus-02-04.png,agapanthus-africanus-02,55,477,9jue3j,9jue3j-04.png
Agapanthus africanus,agapanthus-africanus-02-05.png,agapanthus-africanus-02,30,464,9jue3j,9jue3j-05.png
Agapanthus africanus,agapanthus-africanus-02-06.png,agapanthus-africanus-02,53,465,9jue3j,9jue3j-06.png
Agapanthus africanus,agapanthus-africanus-02-07.png,agapanthus-africanus-02,115,481,9jue3j,9jue3j-07.png
Anthurium,anthurium-01-01.png,anthurium-01,225,136,bzurdq,bzurdq-01.png
Anthurium,anthurium-01-02.png,anthurium-01,27,345,bzurdq,bzurdq-02.png
Anthurium,anthurium-01-03.png,anthurium-01,19,282,bzurdq,bzurdq-03.png
Anthurium,anthurium-01-04.png,anthurium-01,97,112,bzurdq,bzurdq-04.png
Anthurium,anthurium-01-05.png,anthurium-01,18,310,bzurdq,bzurdq-05.png
Anthurium,anthurium-01-06.png,anthurium-01,99,104,bzurdq,bzurdq-06.png
Anthurium,anthurium-01-07.png,anthurium-01,219,127,bzurdq,bzurdq-07.png
Anthurium,anthurium-01-08.png,anthurium-01,111,193,bzurdq,bzurdq-08.png
Anthurium,anthurium-01-09.png,anthurium-01,130,198,bzurdq,bzurdq-09.png
Anthurium,anthurium-01-10.png,anthurium-01,114,177,bzurdq,bzurdq-10.png
Anthurium,anthurium-01-11.png,anthurium-01,19,157,bzurdq,bzurdq-11.png
Anthurium,anthurium-03-01.png,anthurium-03,130,356,qrkttx,qrkttx-01.png
Anthurium,anthurium-03-02.png,anthurium-03,112,345,qrkttx,qrkttx-02.png
Anthurium,anthurium-03-03.png,anthurium-03,186,274,qrkttx,qrkttx-03.png
Anthurium,anthurium-03-04.png,anthurium-03,186,119,qrkttx,qrkttx-04.png
Anthurium,anthurium-03-05.png,anthurium-03,210,126,qrkttx,qrkttx-05.png
Anthurium,anthurium-02-01.png,anthurium-02,150,494,faa6dv,faa6dv-01.png
Anthurium,anthurium-02-02.png,anthurium-02,139,458,faa6dv,faa6dv-02.png
Anthurium,anthurium-02-03.png,anthurium-02,133,457,faa6dv,faa6dv-03.png
Delphinium ajacis,delphinium-ajacis-02-01.png,delphinium-ajacis-02,57,494,ds6yu6,ds6yu6-01.png
Delphinium ajacis,delphinium-ajacis-02-02.png,delphinium-ajacis-02,41,493,ds6yu6,ds6yu6-02.png
Delphinium ajacis,delphinium-ajacis-02-03.png,delphinium-ajacis-02,47,74,ds6yu6,ds6yu6-03.png
Delphinium ajacis,delphinium-ajacis-02-04.png,delphinium-ajacis-02,63,80,ds6yu6,ds6yu6-04.png
Delphinium ajacis,delphinium-ajacis-02-05.png,delphinium-ajacis-02,45,80,ds6yu6,ds6yu6-05.png
Delphinium ajacis,delphinium-ajacis-02-06.png,delphinium-ajacis-02,74,72,ds6yu6,ds6yu6-06.png
Delphinium ajacis,delphinium-ajacis-02-07.png,delphinium-ajacis-02,39,73,ds6yu6,ds6yu6-07.png
Delphinium ajacis,delphinium-ajacis-02-08.png,delphinium-ajacis-02,53,205,ds6yu6,ds6yu6-08.png
Delphinium ajacis,delphinium-ajacis-02-09.png,delphinium-ajacis-02,49,186,ds6yu6,ds6yu6-09.png
Delphinium ajacis,delphinium-ajacis-02-10.png,delphinium-ajacis-02,57,196,ds6yu6,ds6yu6-10.png
Delphinium ajacis,delphinium-ajacis-02-11.png,delphinium-ajacis-02,53,191,ds6yu6,ds6yu6-11.png
Delphinium ajacis,delphinium-ajacis-02-12.png,delphinium-ajacis-02,55,188,ds6yu6,ds6yu6-12.png
Delphinium ajacis,delphinium-ajacis-02-13.png,delphinium-ajacis-02,37,169,ds6yu6,ds6yu6-13.png
Delphinium ajacis,delphinium-ajacis-02-14.png,delphinium-ajacis-02,39,163,ds6yu6,ds6yu6-14.png
Delphinium ajacis,delphinium-ajacis-02-15.png,delphinium-ajacis-02,36,158,ds6yu6,ds6yu6-15.png
Delphinium ajacis,delphinium-ajacis-02-16.png,delphinium-ajacis-02,33,154,ds6yu6,ds6yu6-16.png
Delphinium ajacis,delphinium-ajacis-02-17.png,delphinium-ajacis-02,39,147,ds6yu6,ds6yu6-17.png
Delphinium ajacis,delphinium-ajacis-02-18.png,delphinium-ajacis-02,46,137,ds6yu6,ds6yu6-18.png
Delphinium ajacis,delphinium-ajacis-01-01.png,delphinium-ajacis-01,61,487,8dv6by,8dv6by-01.png
Delphinium ajacis,delphinium-ajacis-01-02.png,delphinium-ajacis-01,73,492,8dv6by,8dv6by-02.png
Delphinium ajacis,delphinium-ajacis-01-03.png,delphinium-ajacis-01,63,486,8dv6by,8dv6by-03.png
Delphinium ajacis,delphinium-ajacis-01-04.png,delphinium-ajacis-01,113,481,8dv6by,8dv6by-04.png
Delphinium ajacis,delphinium-ajacis-07-01.png,delphinium-ajacis-07,156,484,xx3gt9,xx3gt9-01.png
Delphinium ajacis,delphinium-ajacis-07-02.png,delphinium-ajacis-07,114,484,xx3gt9,xx3gt9-02.png
Delphinium ajacis,delphinium-ajacis-07-03.png,delphinium-ajacis-07,154,478,xx3gt9,xx3gt9-03.png
Delphinium ajacis,delphinium-ajacis-04-01.png,delphinium-ajacis-04,188,477,pp893a,pp893a-01.png
Delphinium ajacis,delphinium-ajacis-04-02.png,delphinium-ajacis-04,117,486,pp893a,pp893a-02.png
Delphinium ajacis,delphinium-ajacis-03-01.png,delphinium-ajacis-03,203,494,gueggg,gueggg-01.png
Delphinium ajacis,delphinium-ajacis-03-02.png,delphinium-ajacis-03,144,470,gueggg,gueggg-02.png
Glaucium corniculatum,glaucium-corniculatum-01-01.png,glaucium-corniculatum-01,34,35,2rthzw,2rthzw-01.png
Glaucium corniculatum,glaucium-corniculatum-01-02.png,glaucium-corniculatum-01,45,38,2rthzw,2rthzw-02.png
Glaucium corniculatum,glaucium-corniculatum-01-03.png,glaucium-corniculatum-01,35,37,2rthzw,2rthzw-03.png
Glaucium corniculatum,glaucium-corniculatum-01-04.png,glaucium-corniculatum-01,34,34,2rthzw,2rthzw-04.png
Glaucium corniculatum,glaucium-corniculatum-01-05.png,glaucium-corniculatum-01,26,33,2rthzw,2rthzw-05.png
Glaucium corniculatum,glaucium-corniculatum-01-06.png,glaucium-corniculatum-01,82,20,2rthzw,2rthzw-06.png
Glaucium corniculatum,glaucium-corniculatum-01-07.png,glaucium-corniculatum-01,25,472,2rthzw,2rthzw-07.png
Glaucium corniculatum,glaucium-corniculatum-01-08.png,glaucium-corniculatum-01,84,22,2rthzw,2rthzw-08.png
Glaucium corniculatum,glaucium-corniculatum-01-09.png,glaucium-corniculatum-01,90,40,2rthzw,2rthzw-09.png
Glaucium corniculatum,glaucium-corniculatum-01-10.png,glaucium-corniculatum-01,68,119,2rthzw,2rthzw-10.png
Glaucium corniculatum,glaucium-corniculatum-01-11.png,glaucium-corniculatum-01,72,117,2rthzw,2rthzw-11.png
Glaucium corniculatum,glaucium-corniculatum-01-12.png,glaucium-corniculatum-01,37,100,2rthzw,2rthzw-12.png
Glaucium corniculatum,glaucium-corniculatum-01-13.png,glaucium-corniculatum-01,28,109,2rthzw,2rthzw-13.png
Glaucium corniculatum,glaucium-corniculatum-01-14.png,glaucium-corniculatum-01,44,116,2rthzw,2rthzw-14.png
Glaucium corniculatum,glaucium-corniculatum-01-15.png,glaucium-corniculatum-01,78,47,2rthzw,2rthzw-15.png
Glaucium corniculatum,glaucium-corniculatum-01-16.png,glaucium-corniculatum-01,82,36,2rthzw,2rthzw-16.png
Glaucium corniculatum,glaucium-corniculatum-01-17.png,glaucium-corniculatum-01,98,274,2rthzw,2rthzw-17.png
Glaucium corniculatum,glaucium-corniculatum-01-18.png,glaucium-corniculatum-01,105,247,2rthzw,2rthzw-18.png
Glaucium corniculatum,glaucium-corniculatum-01-19.png,glaucium-corniculatum-01,107,263,2rthzw,2rthzw-19.png
Glaucium corniculatum,glaucium-corniculatum-01-20.png,glaucium-corniculatum-01,65,229,2rthzw,2rthzw-20.png
Glaucium corniculatum,glaucium-corniculatum-02-01.png,glaucium-corniculatum-02,219,486,3vswxj,3vswxj-01.png
Glaucium corniculatum,glaucium-corniculatum-02-02.png,glaucium-corniculatum-02,256,485,3vswxj,3vswxj-02.png
Glaucium corniculatum,glaucium-corniculatum-04-01.png,glaucium-corniculatum-04,498,494,dqzac6,dqzac6-01.png
Glaucium corniculatum,glaucium-corniculatum-08-01.png,glaucium-corniculatum-08,261,472,rkjrqj,rkjrqj-01.png
Glaucium corniculatum,glaucium-corniculatum-08-02.png,glaucium-corniculatum-08,241,480,rkjrqj,rkjrqj-02.png
Glaucium corniculatum,glaucium-corniculatum-05-01.png,glaucium-corniculatum-05,481,494,mkhrcs,mkhrcs-01.png
Centaurea cyanus,centaurea-cyanus-01-01.png,centaurea-cyanus-01,90,467,br662m,br662m-01.png
Centaurea cyanus,centaurea-cyanus-01-02.png,centaurea-cyanus-01,78,472,br662m,br662m-02.png
Centaurea cyanus,centaurea-cyanus-01-03.png,centaurea-cyanus-01,107,461,br662m,br662m-03.png
Centaurea cyanus,centaurea-cyanus-01-04.png,centaurea-cyanus-01,88,436,br662m,br662m-04.png
Centaurea cyanus,centaurea-cyanus-01-05.png,centaurea-cyanus-01,91,455,br662m,br662m-05.png
Centaurea cyanus,centaurea-cyanus-02-01.png,centaurea-cyanus-02,471,494,gqpgur,gqpgur-01.png
Centaurea cyanus,centaurea-cyanus-06-01.png,centaurea-cyanus-06,179,494,sx4p8u,sx4p8u-01.png
Centaurea cyanus,centaurea-cyanus-06-02.png,centaurea-cyanus-06,156,476,sx4p8u,sx4p8u-02.png
Papaver rhoeas,papaver-rhoeas-03-01.png,papaver-rhoeas-03,44,494,a3g3cb,a3g3cb-01.png
Papaver rhoeas,papaver-rhoeas-03-02.png,papaver-rhoeas-03,83,44,a3g3cb,a3g3cb-02.png
Papaver rhoeas,papaver-rhoeas-03-03.png,papaver-rhoeas-03,65,37,a3g3cb,a3g3cb-03.png
Papaver rhoeas,papaver-rhoeas-03-04.png,papaver-rhoeas-03,85,40,a3g3cb,a3g3cb-04.png
Papaver rhoeas,papaver-rhoeas-03-05.png,papaver-rhoeas-03,69,40,a3g3cb,a3g3cb-05.png
Papaver rhoeas,papaver-rhoeas-03-06.png,papaver-rhoeas-03,66,471,a3g3cb,a3g3cb-06.png
Papaver rhoeas,papaver-rhoeas-03-07.png,papaver-rhoeas-03,72,450,a3g3cb,a3g3cb-07.png
Papaver rhoeas,papaver-rhoeas-03-08.png,papaver-rhoeas-03,57,41,a3g3cb,a3g3cb-08.png
Papaver rhoeas,papaver-rhoeas-03-09.png,papaver-rhoeas-03,69,44,a3g3cb,a3g3cb-09.png
Papaver rhoeas,papaver-rhoeas-03-10.png,papaver-rhoeas-03,71,45,a3g3cb,a3g3cb-10.png
Papaver rhoeas,papaver-rhoeas-03-11.png,papaver-rhoeas-03,58,41,a3g3cb,a3g3cb-11.png
Papaver rhoeas,papaver-rhoeas-03-12.png,papaver-rhoeas-03,41,96,a3g3cb,a3g3cb-12.png
Papaver rhoeas,papaver-rhoeas-03-13.png,papaver-rhoeas-03,36,96,a3g3cb,a3g3cb-13.png
Papaver rhoeas,papaver-rhoeas-03-14.png,papaver-rhoeas-03,46,93,a3g3cb,a3g3cb-14.png
Papaver rhoeas,papaver-rhoeas-03-15.png,papaver-rhoeas-03,41,87,a3g3cb,a3g3cb-15.png
Papaver rhoeas,papaver-rhoeas-03-16.png,papaver-rhoeas-03,60,84,a3g3cb,a3g3cb-16.png
Papaver rhoeas,papaver-rhoeas-03-17.png,papaver-rhoeas-03,27,114,a3g3cb,a3g3cb-17.png
Papaver rhoeas,papaver-rhoeas-03-18.png,papaver-rhoeas-03,44,111,a3g3cb,a3g3cb-18.png
Papaver rhoeas,papaver-rhoeas-03-19.png,papaver-rhoeas-03,74,104,a3g3cb,a3g3cb-19.png
Papaver rhoeas,papaver-rhoeas-03-20.png,papaver-rhoeas-03,34,99,a3g3cb,a3g3cb-20.png
Papaver rhoeas,papaver-rhoeas-03-21.png,papaver-rhoeas-03,33,90,a3g3cb,a3g3cb-21.png
Papaver rhoeas,papaver-rhoeas-03-22.png,papaver-rhoeas-03,45,130,a3g3cb,a3g3cb-22.png
Papaver rhoeas,papaver-rhoeas-03-23.png,papaver-rhoeas-03,37,128,a3g3cb,a3g3cb-23.png
Papaver rhoeas,papaver-rhoeas-03-24.png,papaver-rhoeas-03,34,124,a3g3cb,a3g3cb-24.png
Papaver rhoeas,papaver-rhoeas-03-25.png,papaver-rhoeas-03,39,111,a3g3cb,a3g3cb-25.png
Papaver rhoeas,papaver-rhoeas-03-26.png,papaver-rhoeas-03,43,100,a3g3cb,a3g3cb-26.png
Papaver rhoeas 0 Cr,papaver-rhoeas-0-cr-01-01.png,papaver-rhoeas-0-cr-01,175,494,dbtm2q,dbtm2q-01.png
Papaver rhoeas 0 Cr,papaver-rhoeas-0-cr-01-02.png,papaver-rhoeas-0-cr-01,155,477,dbtm2q,dbtm2q-02.png
Papaver rhoeas 0 Cr,papaver-rhoeas-0-cr-01-03.png,papaver-rhoeas-0-cr-01,142,452,dbtm2q,dbtm2q-03.png
Papaver rhoeas,papaver-rhoeas-19-01.png,papaver-rhoeas-19,111,478,yxfwy9,yxfwy9-01.png
Papaver rhoeas,papaver-rhoeas-19-02.png,papaver-rhoeas-19,185,486,yxfwy9,yxfwy9-02.png
Papaver rhoeas,papaver-rhoeas-19-03.png,papaver-rhoeas-19,86,457,yxfwy9,yxfwy9-03.png
Papaver rhoeas,papaver-rhoeas-12-01.png,papaver-rhoeas-12,86,493,v8uqxk,v8uqxk-01.png
Papaver rhoeas,papaver-rhoeas-12-02.png,papaver-rhoeas-12,109,474,v8uqxk,v8uqxk-02.png
Papaver rhoeas,papaver-rhoeas-12-03.png,papaver-rhoeas-12,193,483,v8uqxk,v8uqxk-03.png
Tulipa,tulipa-07-01.png,tulipa-07,45,70,teatwj,teatwj-01.png
Tulipa,tulipa-07-02.png,tulipa-07,42,73,teatwj,teatwj-02.png
Tulipa,tulipa-07-03.png,tulipa-07,47,76,teatwj,teatwj-03.png
Tulipa,tulipa-07-04.png,tulipa-07,45,71,teatwj,teatwj-04.png
Tulipa,tulipa-07-05.png,tulipa-07,47,68,teatwj,teatwj-05.png
Tulipa,tulipa-07-06.png,tulipa-07,98,19,teatwj,teatwj-06.png
Tulipa,tulipa-07-07.png,tulipa-07,36,126,teatwj,teatwj-07.png
Tulipa,tulipa-07-08.png,tulipa-07,26,103,teatwj,teatwj-08.png
Tulipa,tulipa-07-09.png,tulipa-07,21,96,teatwj,teatwj-09.png
Tulipa,tulipa-07-10.png,tulipa-07,52,74,teatwj,teatwj-10.png
Tulipa,tulipa-07-11.png,tulipa-07,49,75,teatwj,teatwj-11.png
Tulipa,tulipa-07-12.png,tulipa-07,48,77,teatwj,teatwj-12.png
Tulipa,tulipa-07-13.png,tulipa-07,49,84,teatwj,teatwj-13.png
Tulipa,tulipa-07-14.png,tulipa-07,45,74,teatwj,teatwj-14.png
Tulipa,tulipa-07-15.png,tulipa-07,28,306,teatwj,teatwj-15.png
Tulipa,tulipa-07-16.png,tulipa-07,40,146,teatwj,teatwj-16.png
Tulipa,tulipa-07-17.png,tulipa-07,26,139,teatwj,teatwj-17.png
Tulipa,tulipa-07-18.png,tulipa-07,54,112,teatwj,teatwj-18.png
Tulipa,tulipa-07-19.png,tulipa-07,26,285,teatwj,teatwj-19.png
Tulipa,tulipa-07-20.png,tulipa-07,18,276,teatwj,teatwj-20.png
Tulipa,tulipa-07-21.png,tulipa-07,25,117,teatwj,teatwj-21.png
Tulipa,tulipa-07-22.png,tulipa-07,38,141,teatwj,teatwj-22.png
Tulipa,tulipa-07-23.png,tulipa-07,38,127,teatwj,teatwj-23.png
Tulipa,tulipa-07-24.png,tulipa-07,47,133,teatwj,teatwj-24.png
Tulipa,tulipa-07-25.png,tulipa-07,64,126,teatwj,teatwj-25.png
Tulipa,tulipa-06-01.png,tulipa-06,111,23,qaj9ld,qaj9ld-01.png
Tulipa,tulipa-06-02.png,tulipa-06,137,27,qaj9ld,qaj9ld-02.png
Tulipa,tulipa-06-03.png,tulipa-06,101,27,qaj9ld,qaj9ld-03.png
Tulipa,tulipa-06-04.png,tulipa-06,37,124,qaj9ld,qaj9ld-04.png
Tulipa,tulipa-06-05.png,tulipa-06,124,67,qaj9ld,qaj9ld-05.png
Tulipa,tulipa-06-06.png,tulipa-06,143,54,qaj9ld,qaj9ld-06.png
Tulipa,tulipa-06-07.png,tulipa-06,110,56,qaj9ld,qaj9ld-07.png
Tulipa,tulipa-06-08.png,tulipa-06,100,351,qaj9ld,qaj9ld-08.png
Tulipa,tulipa-06-09.png,tulipa-06,85,329,qaj9ld,qaj9ld-09.png
Tulipa,tulipa-06-10.png,tulipa-06,55,331,qaj9ld,qaj9ld-10.png
Tulipa,tulipa-06-11.png,tulipa-06,71,318,qaj9ld,qaj9ld-11.png
Tulipa,tulipa-06-12.png,tulipa-06,35,125,qaj9ld,qaj9ld-12.png
Tulipa,tulipa-06-13.png,tulipa-06,37,138,qaj9ld,qaj9ld-13.png
Tulipa,tulipa-01-01.png,tulipa-01,315,106,ct2pu8,ct2pu8-01.png
Tulipa,tulipa-01-02.png,tulipa-01,136,351,ct2pu8,ct2pu8-02.png
Tulipa,tulipa-01-03.png,tulipa-01,140,334,ct2pu8,ct2pu8-03.png
Tulipa,tulipa-01-04.png,tulipa-01,96,328,ct2pu8,ct2pu8-04.png
Tulipa,tulipa-10-01.png,tulipa-10,83,51,tzqdx8,tzqdx8-01.png
Tulipa,tulipa-10-02.png,tulipa-10,80,57,tzqdx8,tzqdx8-02.png
Tulipa,tulipa-10-03.png,tulipa-10,68,48,tzqdx8,tzqdx8-03.png
Tulipa,tulipa-10-04.png,tulipa-10,70,48,tzqdx8,tzqdx8-04.png
Tulipa,tulipa-10-05.png,tulipa-10,69,45,tzqdx8,tzqdx8-05.png
Tulipa,tulipa-10-06.png,tulipa-10,75,46,tzqdx8,tzqdx8-06.png
Tulipa,tulipa-10-07.png,tulipa-10,97,26,tzqdx8,tzqdx8-07.png
Tulipa,tulipa-10-08.png,tulipa-10,53,80,tzqdx8,tzqdx8-08.png
Tulipa,tulipa-10-09.png,tulipa-10,179,44,tzqdx8,tzqdx8-09.png
Tulipa,tulipa-10-10.png,tulipa-10,53,80,tzqdx8,tzqdx8-10.png
Tulipa,tulipa-10-11.png,tulipa-10,51,72,tzqdx8,tzqdx8-11.png
Tulipa,tulipa-10-12.png,tulipa-10,115,22,tzqdx8,tzqdx8-12.png
Tulipa,tulipa-10-13.png,tulipa-10,51,175,tzqdx8,tzqdx8-13.png
Tulipa,tulipa-10-14.png,tulipa-10,53,148,tzqdx8,tzqdx8-14.png
Tulipa,tulipa-10-15.png,tulipa-10,60,130,tzqdx8,tzqdx8-15.png
Tulipa,tulipa-10-16.png,tulipa-10,35,130,tzqdx8,tzqdx8-16.png
Tulipa,tulipa-10-17.png,tulipa-10,31,311,tzqdx8,tzqdx8-17.png
Tulipa,tulipa-10-18.png,tulipa-10,31,121,tzqdx8,tzqdx8-18.png
Tulipa,tulipa-10-19.png,tulipa-10,24,300,tzqdx8,tzqdx8-19.png
Tulipa,tulipa-10-20.png,tulipa-10,24,292,tzqdx8,tzqdx8-20.png
Tulipa,tulipa-10-21.png,tulipa-10,83,172,tzqdx8,tzqdx8-21.png
Tulipa,tulipa-10-22.png,tulipa-10,92,168,tzqdx8,tzqdx8-22.png
Tulipa,tulipa-10-23.png,tulipa-10,79,155,tzqdx8,tzqdx8-23.png
Tulipa,tulipa-03-01.png,tulipa-03,32,119,dvwtx3,dvwtx3-01.png
Tulipa,tulipa-03-02.png,tulipa-03,35,126,dvwtx3,dvwtx3-02.png
Tulipa,tulipa-03-03.png,tulipa-03,57,127,dvwtx3,dvwtx3-03.png
Tulipa,tulipa-03-04.png,tulipa-03,33,109,dvwtx3,dvwtx3-04.png
Tulipa,tulipa-03-05.png,tulipa-03,173,45,dvwtx3,dvwtx3-05.png
Tulipa,tulipa-03-06.png,tulipa-03,170,46,dvwtx3,dvwtx3-06.png
Tulipa,tulipa-03-07.png,tulipa-03,93,353,dvwtx3,dvwtx3-07.png
Tulipa,tulipa-03-08.png,tulipa-03,76,349,dvwtx3,dvwtx3-08.png
Tulipa,tulipa-03-09.png,tulipa-03,104,350,dvwtx3,dvwtx3-09.png
Tulipa,tulipa-03-10.png,tulipa-03,78,328,dvwtx3,dvwtx3-10.png
Tulipa 0 Cr,tulipa-0-cr-01-01.png,tulipa-0-cr-01,403,105,p2xrgf,p2xrgf-01.png
Tulipa 0 Cr,tulipa-0-cr-01-02.png,tulipa-0-cr-01,114,393,p2xrgf,p2xrgf-02.png
Tulipa 0 Cr,tulipa-0-cr-01-03.png,tulipa-0-cr-01,84,368,p2xrgf,p2xrgf-03.png
Tulipa 0 Cr,tulipa-0-cr-01-04.png,tulipa-0-cr-01,124,349,p2xrgf,p2xrgf-04.png
Tulipa,tulipa-04-01.png,tulipa-04,56,80,g9rrwj,g9rrwj-01.png
Tulipa,tulipa-04-02.png,tulipa-04,42,95,g9rrwj,g9rrwj-02.png
Tulipa,tulipa-04-03.png,tulipa-04,54,84,g9rrwj,g9rrwj-03.png
Tulipa,tulipa-04-04.png,tulipa-04,68,98,g9rrwj,g9rrwj-04.png
Tulipa,tulipa-04-05.png,tulipa-04,43,85,g9rrwj,g9rrwj-05.png
Tulipa,tulipa-04-06.png,tulipa-04,39,119,g9rrwj,g9rrwj-06.png
Tulipa,tulipa-04-07.png,tulipa-04,43,119,g9rrwj,g9rrwj-07.png
Tulipa,tulipa-04-08.png,tulipa-04,56,81,g9rrwj,g9rrwj-08.png
Tulipa,tulipa-04-09.png,tulipa-04,52,82,g9rrwj,g9rrwj-09.png
Tulipa,tulipa-04-10.png,tulipa-04,69,155,g9rrwj,g9rrwj-10.png
Tulipa,tulipa-04-11.png,tulipa-04,65,150,g9rrwj,g9rrwj-11.png
Tulipa,tulipa-04-12.png,tulipa-04,66,144,g9rrwj,g9rrwj-12.png
Tulipa,tulipa-04-13.png,tulipa-04,42,133,g9rrwj,g9rrwj-13.png
Tulipa,tulipa-04-14.png,tulipa-04,29,264,g9rrwj,g9rrwj-14.png
Tulipa,tulipa-04-15.png,tulipa-04,31,264,g9rrwj,g9rrwj-15.png
Tulipa,tulipa-04-16.png,tulipa-04,25,266,g9rrwj,g9rrwj-16.png
Tulipa,tulipa-04-17.png,tulipa-04,87,162,g9rrwj,g9rrwj-17.png
Tulipa,tulipa-04-18.png,tulipa-04,68,157,g9rrwj,g9rrwj-18.png
Tulipa,tulipa-04-19.png,tulipa-04,81,161,g9rrwj,g9rrwj-19.png
Tulipa,tulipa-05-01.png,tulipa-05,38,118,jwqdqf,jwqdqf-01.png
Tulipa,tulipa-05-02.png,tulipa-05,42,128,jwqdqf,jwqdqf-02.png
Tulipa,tulipa-05-03.png,tulipa-05,59,153,jwqdqf,jwqdqf-03.png
Tulipa,tulipa-05-04.png,tulipa-05,65,141,jwqdqf,jwqdqf-04.png
Tulipa,tulipa-05-05.png,tulipa-05,42,119,jwqdqf,jwqdqf-05.png
Tulipa,tulipa-05-06.png,tulipa-05,65,147,jwqdqf,jwqdqf-06.png
Tulipa,tulipa-05-07.png,tulipa-05,51,107,jwqdqf,jwqdqf-07.png
Tulipa,tulipa-05-08.png,tulipa-05,108,337,jwqdqf,jwqdqf-08.png
Tulipa,tulipa-05-09.png,tulipa-05,112,301,jwqdqf,jwqdqf-09.png
Tulipa,tulipa-05-10.png,tulipa-05,83,305,jwqdqf,jwqdqf-10.png
Tulipa,tulipa-05-11.png,tulipa-05,99,307,jwqdqf,jwqdqf-11.png
Tulipa,tulipa-02-01.png,tulipa-02,308,106,dsdzxk,dsdzxk-01.png
Tulipa,tulipa-02-02.png,tulipa-02,71,149,dsdzxk,dsdzxk-02.png
Tulipa,tulipa-02-03.png,tulipa-02,116,336,dsdzxk,dsdzxk-03.png
Tulipa,tulipa-02-04.png,tulipa-02,131,305,dsdzxk,dsdzxk-04.png
Tulipa,tulipa-02-05.png,tulipa-02,91,306,dsdzxk,dsdzxk-05.png
Meadow Flower,meadow-flower-08-01.png,meadow-flower-08,98,39,swpqcu,swpqcu-01.png
Meadow Flower,meadow-flower-08-02.png,meadow-flower-08,163,48,swpqcu,swpqcu-02.png
Meadow Flower,meadow-flower-08-03.png,meadow-flower-08,295,56,swpqcu,swpqcu-03.png
Meadow Flower,meadow-flower-08-04.png,meadow-flower-08,177,27,swpqcu,swpqcu-04.png
Meadow Flower,meadow-flower-08-05.png,meadow-flower-08,292,35,swpqcu,swpqcu-05.png
Meadow Flower,meadow-flower-08-06.png,meadow-flower-08,51,304,swpqcu,swpqcu-06.png
Meadow Flower,meadow-flower-08-07.png,meadow-flower-08,61,295,swpqcu,swpqcu-07.png
Meadow Flower,meadow-flower-08-08.png,meadow-flower-08,59,311,swpqcu,swpqcu-08.png
Meadow Flower,meadow-flower-08-09.png,meadow-flower-08,47,296,swpqcu,swpqcu-09.png
Meadow Flower,meadow-flower-08-10.png,meadow-flower-08,55,250,swpqcu,swpqcu-10.png
Meadow Flower,meadow-flower-07-01.png,meadow-flower-07,290,117,muebv6,muebv6-01.png
Meadow Flower,meadow-flower-07-02.png,meadow-flower-07,147,204,muebv6,muebv6-02.png
Meadow Flower,meadow-flower-07-03.png,meadow-flower-07,231,358,muebv6,muebv6-03.png
Meadow Flower,meadow-flower-07-04.png,meadow-flower-07,212,260,muebv6,muebv6-04.png
Meadow Flower,meadow-flower-01-01.png,meadow-flower-01,259,45,ccnkwl,ccnkwl-01.png
Meadow Flower,meadow-flower-01-02.png,meadow-flower-01,184,55,ccnkwl,ccnkwl-02.png
Meadow Flower,meadow-flower-01-03.png,meadow-flower-01,203,379,ccnkwl,ccnkwl-03.png
Meadow Flower,meadow-flower-01-04.png,meadow-flower-01,232,390,ccnkwl,ccnkwl-04.png
Centaurea cyanus,centaurea-cyanus-08-01.png,centaurea-cyanus-08,36,167,zvfrft,zvfrft-01.png
Centaurea cyanus,centaurea-cyanus-08-02.png,centaurea-cyanus-08,52,179,zvfrft,zvfrft-02.png
Centaurea cyanus,centaurea-cyanus-08-03.png,centaurea-cyanus-08,53,156,zvfrft,zvfrft-03.png
Centaurea cyanus,centaurea-cyanus-08-04.png,centaurea-cyanus-08,41,156,zvfrft,zvfrft-04.png
Centaurea cyanus,centaurea-cyanus-08-05.png,centaurea-cyanus-08,34,134,zvfrft,zvfrft-05.png
Centaurea cyanus,centaurea-cyanus-08-06.png,centaurea-cyanus-08,61,183,zvfrft,zvfrft-06.png
Centaurea cyanus,centaurea-cyanus-08-07.png,centaurea-cyanus-08,89,159,zvfrft,zvfrft-07.png
Centaurea cyanus,centaurea-cyanus-08-08.png,centaurea-cyanus-08,55,170,zvfrft,zvfrft-08.png
Centaurea cyanus,centaurea-cyanus-08-09.png,centaurea-cyanus-08,48,160,zvfrft,zvfrft-09.png
Centaurea cyanus,centaurea-cyanus-08-10.png,centaurea-cyanus-08,128,31,zvfrft,zvfrft-10.png
Centaurea cyanus,centaurea-cyanus-08-11.png,centaurea-cyanus-08,128,43,zvfrft,zvfrft-11.png
Centaurea cyanus,centaurea-cyanus-08-12.png,centaurea-cyanus-08,125,34,zvfrft,zvfrft-12.png
Spathiphyllum,spathiphyllum-04-01.png,spathiphyllum-04,84,331,ppzjpg,ppzjpg-01.png
Spathiphyllum,spathiphyllum-04-02.png,spathiphyllum-04,77,375,ppzjpg,ppzjpg-02.png
Spathiphyllum,spathiphyllum-04-03.png,spathiphyllum-04,70,301,ppzjpg,ppzjpg-03.png
Spathiphyllum,spathiphyllum-04-04.png,spathiphyllum-04,68,302,ppzjpg,ppzjpg-04.png
Spathiphyllum,spathiphyllum-04-05.png,spathiphyllum-04,74,365,ppzjpg,ppzjpg-05.png
Spathiphyllum,spathiphyllum-04-06.png,spathiphyllum-04,282,74,ppzjpg,ppzjpg-06.png
Spathiphyllum,spathiphyllum-04-07.png,spathiphyllum-04,321,74,ppzjpg,ppzjpg-07.png
Spathiphyllum,spathiphyllum-04-08.png,spathiphyllum-04,168,50,ppzjpg,ppzjpg-08.png
Spathiphyllum,spathiphyllum-01-01.png,spathiphyllum-01,98,435,5nmfw8,5nmfw8-01.png
Spathiphyllum,spathiphyllum-01-02.png,spathiphyllum-01,80,381,5nmfw8,5nmfw8-02.png
Spathiphyllum,spathiphyllum-01-03.png,spathiphyllum-01,88,344,5nmfw8,5nmfw8-03.png
Spathiphyllum,spathiphyllum-01-04.png,spathiphyllum-01,74,307,5nmfw8,5nmfw8-04.png
Spathiphyllum,spathiphyllum-01-05.png,spathiphyllum-01,245,53,5nmfw8,5nmfw8-05.png
Spathiphyllum,spathiphyllum-01-06.png,spathiphyllum-01,192,53,5nmfw8,5nmfw8-06.png
Spathiphyllum,spathiphyllum-01-07.png,spathiphyllum-01,202,57,5nmfw8,5nmfw8-07.png
Hydrangea macrophylla,hydrangea-macrophylla-10-01.png,hydrangea-macrophylla-10,130,195,mautsu,mautsu-01.png
Hydrangea macrophylla,hydrangea-macrophylla-10-02.png,hydrangea-macrophylla-10,155,155,mautsu,mautsu-02.png
Hydrangea macrophylla,hydrangea-macrophylla-10-03.png,hydrangea-macrophylla-10,125,164,mautsu,mautsu-03.png
Hydrangea macrophylla,hydrangea-macrophylla-10-04.png,hydrangea-macrophylla-10,37,431,mautsu,mautsu-04.png
Hydrangea macrophylla,hydrangea-macrophylla-10-05.png,hydrangea-macrophylla-10,111,177,mautsu,mautsu-05.png
Hydrangea macrophylla,hydrangea-macrophylla-10-06.png,hydrangea-macrophylla-10,115,173,mautsu,mautsu-06.png
Hydrangea macrophylla,hydrangea-macrophylla-10-07.png,hydrangea-macrophylla-10,113,171,mautsu,mautsu-07.png
Hydrangea macrophylla,hydrangea-macrophylla-10-08.png,hydrangea-macrophylla-10,139,103,mautsu,mautsu-08.png
Hydrangea macrophylla,hydrangea-macrophylla-10-09.png,hydrangea-macrophylla-10,149,102,mautsu,mautsu-09.png
Hydrangea macrophylla,hydrangea-macrophylla-10-10.png,hydrangea-macrophylla-10,136,77,mautsu,mautsu-10.png
Mandevilla,mandevilla-03-01.png,mandevilla-03,94,64,ztb8ve,ztb8ve-01.png
Mandevilla,mandevilla-03-02.png,mandevilla-03,76,47,ztb8ve,ztb8ve-02.png
Mandevilla,mandevilla-03-03.png,mandevilla-03,107,140,ztb8ve,ztb8ve-03.png
Mandevilla,mandevilla-03-04.png,mandevilla-03,68,162,ztb8ve,ztb8ve-04.png
Mandevilla,mandevilla-03-05.png,mandevilla-03,85,168,ztb8ve,ztb8ve-05.png
Mandevilla,mandevilla-03-06.png,mandevilla-03,49,138,ztb8ve,ztb8ve-06.png
Mandevilla,mandevilla-03-07.png,mandevilla-03,87,113,ztb8ve,ztb8ve-07.png
Mandevilla,mandevilla-03-08.png,mandevilla-03,27,65,ztb8ve,ztb8ve-08.png
Mandevilla,mandevilla-03-09.png,mandevilla-03,31,68,ztb8ve,ztb8ve-09.png
Mandevilla,mandevilla-03-10.png,mandevilla-03,31,71,ztb8ve,ztb8ve-10.png
Mandevilla,mandevilla-03-11.png,mandevilla-03,24,69,ztb8ve,ztb8ve-11.png
Mandevilla,mandevilla-03-12.png,mandevilla-03,33,63,ztb8ve,ztb8ve-12.png
Mandevilla,mandevilla-03-13.png,mandevilla-03,35,54,ztb8ve,ztb8ve-13.png
Mandevilla,mandevilla-03-14.png,mandevilla-03,37,54,ztb8ve,ztb8ve-14.png
Mandevilla,mandevilla-03-15.png,mandevilla-03,28,54,ztb8ve,ztb8ve-15.png
Mandevilla,mandevilla-03-16.png,mandevilla-03,25,74,ztb8ve,ztb8ve-16.png
Mandevilla,mandevilla-03-17.png,mandevilla-03,32,70,ztb8ve,ztb8ve-17.png
Mandevilla,mandevilla-03-18.png,mandevilla-03,33,68,ztb8ve,ztb8ve-18.png
Mandevilla,mandevilla-03-19.png,mandevilla-03,33,65,ztb8ve,ztb8ve-19.png
Mandevilla,mandevilla-03-20.png,mandevilla-03,31,69,ztb8ve,ztb8ve-20.png
Mandevilla,mandevilla-03-21.png,mandevilla-03,33,71,ztb8ve,ztb8ve-21.png
Mandevilla,mandevilla-03-22.png,mandevilla-03,29,69,ztb8ve,ztb8ve-22.png
Mandevilla,mandevilla-03-23.png,mandevilla-03,37,59,ztb8ve,ztb8ve-23.png
Mandevilla,mandevilla-03-24.png,mandevilla-03,30,71,ztb8ve,ztb8ve-24.png
Mandevilla,mandevilla-03-25.png,mandevilla-03,40,85,ztb8ve,ztb8ve-25.png
Mandevilla,mandevilla-03-26.png,mandevilla-03,34,79,ztb8ve,ztb8ve-26.png
Mandevilla,mandevilla-03-27.png,mandevilla-03,37,69,ztb8ve,ztb8ve-27.png
Mandevilla,mandevilla-03-28.png,mandevilla-03,31,69,ztb8ve,ztb8ve-28.png
Mandevilla,mandevilla-03-29.png,mandevilla-03,39,67,ztb8ve,ztb8ve-29.png
Mandevilla,mandevilla-03-30.png,mandevilla-03,32,66,ztb8ve,ztb8ve-30.png
Mandevilla,mandevilla-03-31.png,mandevilla-03,31,62,ztb8ve,ztb8ve-31.png
Mandevilla,mandevilla-02-01.png,mandevilla-02,466,165,xpxbdx,xpxbdx-01.png
Mandevilla,mandevilla-02-02.png,mandevilla-02,179,108,xpxbdx,xpxbdx-02.png
Mandevilla,mandevilla-02-03.png,mandevilla-02,154,304,xpxbdx,xpxbdx-03.png
Mandevilla,mandevilla-02-04.png,mandevilla-02,163,246,xpxbdx,xpxbdx-04.png
Mandevilla,mandevilla-02-05.png,mandevilla-02,136,234,xpxbdx,xpxbdx-05.png
Mandevilla,mandevilla-01-01.png,mandevilla-01,159,102,h5wkha,h5wkha-01.png
Mandevilla,mandevilla-01-02.png,mandevilla-01,178,52,h5wkha,h5wkha-02.png
Mandevilla,mandevilla-01-03.png,mandevilla-01,113,447,h5wkha,h5wkha-03.png
Mandevilla,mandevilla-01-04.png,mandevilla-01,215,358,h5wkha,h5wkha-04.png
Mandevilla,mandevilla-01-05.png,mandevilla-01,116,149,h5wkha,h5wkha-05.png
Mandevilla,mandevilla-01-06.png,mandevilla-01,126,172,h5wkha,h5wkha-06.png
Vinca,vinca-01-01.png,vinca-01,81,61,m7lyhg,m7lyhg-01.png
Vinca,vinca-01-02.png,vinca-01,78,58,m7lyhg,m7lyhg-02.png
Vinca,vinca-01-03.png,vinca-01,45,42,m7lyhg,m7lyhg-03.png
Vinca,vinca-01-04.png,vinca-01,47,43,m7lyhg,m7lyhg-04.png
Vinca,vinca-01-05.png,vinca-01,45,43,m7lyhg,m7lyhg-05.png
Vinca,vinca-01-06.png,vinca-01,45,42,m7lyhg,m7lyhg-06.png
Vinca,vinca-01-07.png,vinca-01,40,38,m7lyhg,m7lyhg-07.png
Vinca,vinca-01-08.png,vinca-01,46,46,m7lyhg,m7lyhg-08.png
Vinca,vinca-01-09.png,vinca-01,46,45,m7lyhg,m7lyhg-09.png
Vinca,vinca-01-10.png,vinca-01,43,40,m7lyhg,m7lyhg-10.png
Vinca,vinca-01-11.png,vinca-01,39,34,m7lyhg,m7lyhg-11.png
Vinca,vinca-01-12.png,vinca-01,42,39,m7lyhg,m7lyhg-12.png
Vinca,vinca-01-13.png,vinca-01,78,90,m7lyhg,m7lyhg-13.png
Vinca,vinca-01-14.png,vinca-01,97,62,m7lyhg,m7lyhg-14.png
Vinca,vinca-01-15.png,vinca-01,71,77,m7lyhg,m7lyhg-15.png
Vinca,vinca-01-16.png,vinca-01,69,69,m7lyhg,m7lyhg-16.png
Vinca,vinca-01-17.png,vinca-01,66,51,m7lyhg,m7lyhg-17.png
Vinca,vinca-01-18.png,vinca-01,26,68,m7lyhg,m7lyhg-18.png
Vinca,vinca-01-19.png,vinca-01,33,83,m7lyhg,m7lyhg-19.png
Vinca,vinca-01-20.png,vinca-01,28,68,m7lyhg,m7lyhg-20.png
Vinca,vinca-01-21.png,vinca-01,27,71,m7lyhg,m7lyhg-21.png
Vinca,vinca-01-22.png,vinca-01,32,64,m7lyhg,m7lyhg-22.png
Vinca,vinca-01-23.png,vinca-01,27,74,m7lyhg,m7lyhg-23.png
Vinca,vinca-01-24.png,vinca-01,30,66,m7lyhg,m7lyhg-24.png
Vinca,vinca-01-25.png,vinca-01,27,68,m7lyhg,m7lyhg-25.png
Vinca,vinca-01-26.png,vinca-01,30,52,m7lyhg,m7lyhg-26.png
Vinca,vinca-01-27.png,vinca-01,28,65,m7lyhg,m7lyhg-27.png
Vinca,vinca-01-28.png,vinca-01,32,73,m7lyhg,m7lyhg-28.png
Vinca,vinca-01-29.png,vinca-01,38,80,m7lyhg,m7lyhg-29.png
Vinca,vinca-01-30.png,vinca-01,33,65,m7lyhg,m7lyhg-30.png
Vinca,vinca-01-31.png,vinca-01,31,76,m7lyhg,m7lyhg-31.png
Vinca,vinca-01-32.png,vinca-01,29,70,m7lyhg,m7lyhg-32.png
Vinca,vinca-01-33.png,vinca-01,34,72,m7lyhg,m7lyhg-33.png
Vinca,vinca-01-34.png,vinca-01,29,67,m7lyhg,m7lyhg-34.png
Vinca,vinca-01-35.png,vinca-01,30,65,m7lyhg,m7lyhg-35.png
Vinca,vinca-01-36.png,vinca-01,31,58,m7lyhg,m7lyhg-36.png
Vinca,vinca-01-37.png,vinca-01,30,63,m7lyhg,m7lyhg-37.png
Vinca,vinca-01-38.png,vinca-01,31,79,m7lyhg,m7lyhg-38.png
Vinca,vinca-01-39.png,vinca-01,38,73,m7lyhg,m7lyhg-39.png
Vinca,vinca-01-40.png,vinca-01,39,72,m7lyhg,m7lyhg-40.png
Vinca,vinca-01-41.png,vinca-01,40,74,m7lyhg,m7lyhg-41.png
Vinca,vinca-01-42.png,vinca-01,36,72,m7lyhg,m7lyhg-42.png
Vinca,vinca-01-43.png,vinca-01,38,77,m7lyhg,m7lyhg-43.png
Vinca,vinca-01-44.png,vinca-01,32,74,m7lyhg,m7lyhg-44.png
Vinca,vinca-01-45.png,vinca-01,24,74,m7lyhg,m7lyhg-45.png
Vinca,vinca-01-46.png,vinca-01,33,65,m7lyhg,m7lyhg-46.png
Vinca,vinca-01-47.png,vinca-01,30,66,m7lyhg,m7lyhg-47.png
Vinca,vinca-02-01.png,vinca-02,123,115,wtnkwv,wtnkwv-01.png
Vinca,vinca-02-02.png,vinca-02,155,108,wtnkwv,wtnkwv-02.png
Vinca,vinca-02-03.png,vinca-02,71,72,wtnkwv,wtnkwv-03.png
Vinca,vinca-02-04.png,vinca-02,126,177,wtnkwv,wtnkwv-04.png
Vinca,vinca-02-05.png,vinca-02,120,180,wtnkwv,wtnkwv-05.png
Vinca,vinca-02-06.png,vinca-02,118,133,wtnkwv,wtnkwv-06.png
Vinca,vinca-02-07.png,vinca-02,94,104,wtnkwv,wtnkwv-07.png
Vinca,vinca-02-08.png,vinca-02,113,193,wtnkwv,wtnkwv-08.png
Vinca,vinca-02-09.png,vinca-02,130,159,wtnkwv,wtnkwv-09.png
Vinca,vinca-02-10.png,vinca-02,123,149,wtnkwv,wtnkwv-10.png
Vinca,vinca-02-11.png,vinca-02,127,131,wtnkwv,wtnkwv-11.png
Impatients Hybrid,impatients-hybrid-01-01.png,impatients-hybrid-01,46,62,my3udk,my3udk-01.png
Impatients Hybrid,impatients-hybrid-01-02.png,impatients-hybrid-01,56,60,my3udk,my3udk-02.png
Impatients Hybrid,impatients-hybrid-01-03.png,impatients-hybrid-01,49,64,my3udk,my3udk-03.png
Impatients Hybrid,impatients-hybrid-01-04.png,impatients-hybrid-01,40,49,my3udk,my3udk-04.png
Impatients Hybrid,impatients-hybrid-01-05.png,impatients-hybrid-01,45,65,my3udk,my3udk-05.png
Impatients Hybrid,impatients-hybrid-01-06.png,impatients-hybrid-01,53,61,my3udk,my3udk-06.png
Impatients Hybrid,impatients-hybrid-01-07.png,impatients-hybrid-01,71,58,my3udk,my3udk-07.png
Impatients Hybrid,impatients-hybrid-01-08.png,impatients-hybrid-01,85,35,my3udk,my3udk-08.png
Impatients Hybrid,impatients-hybrid-01-09.png,impatients-hybrid-01,80,29,my3udk,my3udk-09.png
Impatients Hybrid,impatients-hybrid-01-10.png,impatients-hybrid-01,75,33,my3udk,my3udk-10.png
Impatients Hybrid,impatients-hybrid-01-11.png,impatients-hybrid-01,86,34,my3udk,my3udk-11.png
Impatients Hybrid,impatients-hybrid-01-12.png,impatients-hybrid-01,87,33,my3udk,my3udk-12.png
Impatients Hybrid,impatients-hybrid-01-13.png,impatients-hybrid-01,37,89,my3udk,my3udk-13.png
Impatients Hybrid,impatients-hybrid-01-14.png,impatients-hybrid-01,27,84,my3udk,my3udk-14.png
Impatients Hybrid,impatients-hybrid-01-15.png,impatients-hybrid-01,37,88,my3udk,my3udk-15.png
Impatients Hybrid,impatients-hybrid-01-16.png,impatients-hybrid-01,37,82,my3udk,my3udk-16.png
Impatients Hybrid,impatients-hybrid-01-17.png,impatients-hybrid-01,36,85,my3udk,my3udk-17.png
Impatients Hybrid,impatients-hybrid-01-18.png,impatients-hybrid-01,32,76,my3udk,my3udk-18.png
Impatients Hybrid,impatients-hybrid-01-19.png,impatients-hybrid-01,32,72,my3udk,my3udk-19.png
Impatients Hybrid,impatients-hybrid-01-20.png,impatients-hybrid-01,36,75,my3udk,my3udk-20.png
Impatients Hybrid,impatients-hybrid-01-21.png,impatients-hybrid-01,42,115,my3udk,my3udk-21.png
Impatients Hybrid,impatients-hybrid-01-22.png,impatients-hybrid-01,45,114,my3udk,my3udk-22.png
Impatients Hybrid,impatients-hybrid-01-23.png,impatients-hybrid-01,45,113,my3udk,my3udk-23.png
Impatients Hybrid,impatients-hybrid-01-24.png,impatients-hybrid-01,38,106,my3udk,my3udk-24.png
Impatients Hybrid,impatients-hybrid-01-25.png,impatients-hybrid-01,42,103,my3udk,my3udk-25.png
Impatients Hybrid,impatients-hybrid-01-26.png,impatients-hybrid-01,37,93,my3udk,my3udk-26.png
Impatients Hybrid,impatients-hybrid-01-27.png,impatients-hybrid-01,39,98,my3udk,my3udk-27.png
Impatients Hybrid,impatients-hybrid-01-28.png,impatients-hybrid-01,35,90,my3udk,my3udk-28.png
Impatients Hybrid,impatients-hybrid-01-29.png,impatients-hybrid-01,41,105,my3udk,my3udk-29.png
Impatients Hybrid,impatients-hybrid-01-30.png,impatients-hybrid-01,39,104,my3udk,my3udk-30.png
Impatients Hybrid,impatients-hybrid-01-31.png,impatients-hybrid-01,35,103,my3udk,my3udk-31.png
Impatients Hybrid,impatients-hybrid-01-32.png,impatients-hybrid-01,37,107,my3udk,my3udk-32.png
Impatients Hybrid,impatients-hybrid-01-33.png,impatients-hybrid-01,39,97,my3udk,my3udk-33.png
Impatients Hybrid,impatients-hybrid-01-34.png,impatients-hybrid-01,37,98,my3udk,my3udk-34.png
Impatients Hybrid,impatients-hybrid-01-35.png,impatients-hybrid-01,40,97,my3udk,my3udk-35.png
Impatients Hybrid,impatients-hybrid-01-36.png,impatients-hybrid-01,35,96,my3udk,my3udk-36.png
Impatients Hybrid,impatients-hybrid-02-01.png,impatients-hybrid-02,125,154,sm4m38,sm4m38-01.png
Impatients Hybrid,impatients-hybrid-02-02.png,impatients-hybrid-02,141,137,sm4m38,sm4m38-02.png
Impatients Hybrid,impatients-hybrid-02-03.png,impatients-hybrid-02,172,179,sm4m38,sm4m38-03.png
Impatients Hybrid,impatients-hybrid-02-04.png,impatients-hybrid-02,162,137,sm4m38,sm4m38-04.png
Impatients Hybrid,impatients-hybrid-02-05.png,impatients-hybrid-02,137,123,sm4m38,sm4m38-05.png
Impatients Hybrid,impatients-hybrid-02-06.png,impatients-hybrid-02,155,147,sm4m38,sm4m38-06.png
Impatients Hybrid,impatients-hybrid-02-07.png,impatients-hybrid-02,140,162,sm4m38,sm4m38-07.png
Impatients Hybrid,impatients-hybrid-02-08.png,impatients-hybrid-02,122,153,sm4m38,sm4m38-08.png
Impatients Hybrid,impatients-hybrid-02-09.png,impatients-hybrid-02,130,106,sm4m38,sm4m38-09.png
Helianthus annuus,helianthus-annuus-01-01.png,helianthus-annuus-01,94,196,8ayx9n,8ayx9n-01.png
Helianthus annuus,helianthus-annuus-01-02.png,helianthus-annuus-01,88,212,8ayx9n,8ayx9n-02.png
Helianthus annuus,helianthus-annuus-01-03.png,helianthus-annuus-01,83,181,8ayx9n,8ayx9n-03.png
Helianthus annuus,helianthus-annuus-01-04.png,helianthus-annuus-01,92,196,8ayx9n,8ayx9n-04.png
Helianthus annuus,helianthus-annuus-01-05.png,helianthus-annuus-01,77,178,8ayx9n,8ayx9n-05.png
Helianthus annuus,helianthus-annuus-01-06.png,helianthus-annuus-01,70,186,8ayx9n,8ayx9n-06.png
Helianthus annuus,helianthus-annuus-01-07.png,helianthus-annuus-01,93,198,8ayx9n,8ayx9n-07.png
Helianthus annuus,helianthus-annuus-01-08.png,helianthus-annuus-01,95,185,8ayx9n,8ayx9n-08.png
Helianthus annuus,helianthus-annuus-01-09.png,helianthus-annuus-01,155,62,8ayx9n,8ayx9n-09.png
Helianthus annuus,helianthus-annuus-01-10.png,helianthus-annuus-01,141,56,8ayx9n,8ayx9n-10.png
Helianthus annuus,helianthus-annuus-01-11.png,helianthus-annuus-01,128,47,8ayx9n,8ayx9n-11.png
Dahlia spp.,dahlia-spp-01-01.png,dahlia-spp-01,74,73,jsmhjd,jsmhjd-01.png
Dahlia spp.,dahlia-spp-01-02.png,dahlia-spp-01,83,58,jsmhjd,jsmhjd-02.png
Dahlia spp.,dahlia-spp-01-03.png,dahlia-spp-01,94,60,jsmhjd,jsmhjd-03.png
Dahlia spp.,dahlia-spp-01-04.png,dahlia-spp-01,115,52,jsmhjd,jsmhjd-04.png
Dahlia spp.,dahlia-spp-01-05.png,dahlia-spp-01,100,53,jsmhjd,jsmhjd-05.png
Dahlia spp.,dahlia-spp-01-06.png,dahlia-spp-01,53,117,jsmhjd,jsmhjd-06.png
Dahlia spp.,dahlia-spp-01-07.png,dahlia-spp-01,57,114,jsmhjd,jsmhjd-07.png
Dahlia spp.,dahlia-spp-01-08.png,dahlia-spp-01,50,124,jsmhjd,jsmhjd-08.png
Dahlia spp.,dahlia-spp-01-09.png,dahlia-spp-01,58,121,jsmhjd,jsmhjd-09.png
Dahlia spp.,dahlia-spp-01-10.png,dahlia-spp-01,78,75,jsmhjd,jsmhjd-10.png
Dahlia spp.,dahlia-spp-01-11.png,dahlia-spp-01,54,112,jsmhjd,jsmhjd-11.png
Dahlia spp.,dahlia-spp-01-12.png,dahlia-spp-01,94,91,jsmhjd,jsmhjd-12.png
Dahlia spp.,dahlia-spp-01-13.png,dahlia-spp-01,68,148,jsmhjd,jsmhjd-13.png
Dahlia spp.,dahlia-spp-01-14.png,dahlia-spp-01,61,129,jsmhjd,jsmhjd-14.png
Dahlia spp.,dahlia-spp-01-15.png,dahlia-spp-01,59,120,jsmhjd,jsmhjd-15.png
Dahlia spp.,dahlia-spp-01-16.png,dahlia-spp-01,57,114,jsmhjd,jsmhjd-16.png
Dahlia spp.,dahlia-spp-01-17.png,dahlia-spp-01,52,106,jsmhjd,jsmhjd-17.png
Dahlia spp.,dahlia-spp-01-18.png,dahlia-spp-01,90,88,jsmhjd,jsmhjd-18.png
Dahlia spp.,dahlia-spp-01-19.png,dahlia-spp-01,75,132,jsmhjd,jsmhjd-19.png
Dahlia spp.,dahlia-spp-01-20.png,dahlia-spp-01,66,119,jsmhjd,jsmhjd-20.png
Dahlia spp.,dahlia-spp-01-21.png,dahlia-spp-01,50,112,jsmhjd,jsmhjd-21.png
Dahlia spp.,dahlia-spp-01-22.png,dahlia-spp-01,58,115,jsmhjd,jsmhjd-22.png
Dahlia spp.,dahlia-spp-01-23.png,dahlia-spp-01,56,114,jsmhjd,jsmhjd-23.png
Dahlia spp.,dahlia-spp-01-24.png,dahlia-spp-01,86,85,jsmhjd,jsmhjd-24.png
Glaucium flavum,glaucium-flavum-12-01.png,glaucium-flavum-12,40,36,y95xph,y95xph-01.png
Glaucium flavum,glaucium-flavum-12-02.png,glaucium-flavum-12,40,35,y95xph,y95xph-02.png
Glaucium flavum,glaucium-flavum-12-03.png,glaucium-flavum-12,39,36,y95xph,y95xph-03.png
Glaucium flavum,glaucium-flavum-12-04.png,glaucium-flavum-12,34,35,y95xph,y95xph-04.png
Glaucium flavum,glaucium-flavum-12-05.png,glaucium-flavum-12,82,52,y95xph,y95xph-05.png
Glaucium flavum,glaucium-flavum-12-06.png,glaucium-flavum-12,84,56,y95xph,y95xph-06.png
Glaucium flavum,glaucium-flavum-12-07.png,glaucium-flavum-12,70,136,y95xph,y95xph-07.png
Glaucium flavum,glaucium-flavum-12-08.png,glaucium-flavum-12,32,35,y95xph,y95xph-08.png
Glaucium flavum,glaucium-flavum-12-09.png,glaucium-flavum-12,40,33,y95xph,y95xph-09.png
Glaucium flavum,glaucium-flavum-12-10.png,glaucium-flavum-12,119,276,y95xph,y95xph-10.png
Glaucium flavum,glaucium-flavum-12-11.png,glaucium-flavum-12,63,77,y95xph,y95xph-11.png
Glaucium flavum,glaucium-flavum-12-12.png,glaucium-flavum-12,92,251,y95xph,y95xph-12.png
Glaucium flavum,glaucium-flavum-12-13.png,glaucium-flavum-12,25,47,y95xph,y95xph-13.png
Glaucium flavum,glaucium-flavum-12-14.png,glaucium-flavum-12,21,326,y95xph,y95xph-14.png
Glaucium flavum,glaucium-flavum-12-15.png,glaucium-flavum-12,42,135,y95xph,y95xph-15.png
Glaucium flavum,glaucium-flavum-12-16.png,glaucium-flavum-12,33,145,y95xph,y95xph-16.png
Glaucium flavum,glaucium-flavum-12-17.png,glaucium-flavum-12,52,118,y95xph,y95xph-17.png
Glaucium flavum,glaucium-flavum-12-18.png,glaucium-flavum-12,46,101,y95xph,y95xph-18.png
Glaucium flavum,glaucium-flavum-12-19.png,glaucium-flavum-12,42,139,y95xph,y95xph-19.png
Glaucium flavum,glaucium-flavum-12-20.png,glaucium-flavum-12,68,123,y95xph,y95xph-20.png
Glaucium flavum,glaucium-flavum-12-21.png,glaucium-flavum-12,68,114,y95xph,y95xph-21.png
Glaucium flavum,glaucium-flavum-12-22.png,glaucium-flavum-12,45,108,y95xph,y95xph-22.png
Glaucium flavum,glaucium-flavum-12-23.png,glaucium-flavum-12,44,101,y95xph,y95xph-23.png
Glaucium flavum,glaucium-flavum-12-24.png,glaucium-flavum-12,51,85,y95xph,y95xph-24.png
Glaucium flavum,glaucium-flavum-11-01.png,glaucium-flavum-11,346,480,raqa5h,raqa5h-01.png
Glaucium flavum,glaucium-flavum-11-02.png,glaucium-flavum-11,123,416,raqa5h,raqa5h-02.png
Glaucium flavum,glaucium-flavum-10-01.png,glaucium-flavum-10,175,408,jrnuas,jrnuas-01.png
Glaucium flavum,glaucium-flavum-10-02.png,glaucium-flavum-10,188,418,jrnuas,jrnuas-02.png
Glaucium flavum,glaucium-flavum-10-03.png,glaucium-flavum-10,122,389,jrnuas,jrnuas-03.png
Petunia,petunia-12-01.png,petunia-12,70,56,wusxtu,wusxtu-01.png
Petunia,petunia-12-02.png,petunia-12,28,44,wusxtu,wusxtu-02.png
Petunia,petunia-12-03.png,petunia-12,31,43,wusxtu,wusxtu-03.png
Petunia,petunia-12-04.png,petunia-12,40,53,wusxtu,wusxtu-04.png
Petunia,petunia-12-05.png,petunia-12,30,41,wusxtu,wusxtu-05.png
Petunia,petunia-12-06.png,petunia-12,29,40,wusxtu,wusxtu-06.png
Petunia,petunia-12-07.png,petunia-12,55,48,wusxtu,wusxtu-07.png
Petunia,petunia-12-08.png,petunia-12,42,40,wusxtu,wusxtu-08.png
Petunia,petunia-12-09.png,petunia-12,75,134,wusxtu,wusxtu-09.png
Petunia,petunia-12-10.png,petunia-12,61,113,wusxtu,wusxtu-10.png
Petunia,petunia-12-11.png,petunia-12,57,117,wusxtu,wusxtu-11.png
Petunia,petunia-12-12.png,petunia-12,81,134,wusxtu,wusxtu-12.png
Petunia,petunia-12-13.png,petunia-12,65,114,wusxtu,wusxtu-13.png
Petunia,petunia-12-14.png,petunia-12,95,151,wusxtu,wusxtu-14.png
Petunia,petunia-12-15.png,petunia-12,81,138,wusxtu,wusxtu-15.png
Petunia,petunia-12-16.png,petunia-12,110,131,wusxtu,wusxtu-16.png
Petunia,petunia-12-17.png,petunia-12,69,117,wusxtu,wusxtu-17.png
Petunia,petunia-12-18.png,petunia-12,66,127,wusxtu,wusxtu-18.png
Petunia,petunia-12-19.png,petunia-12,75,122,wusxtu,wusxtu-19.png
Petunia,petunia-12-20.png,petunia-12,76,109,wusxtu,wusxtu-20.png
Petunia,petunia-12-21.png,petunia-12,85,109,wusxtu,wusxtu-21.png
Petunia,petunia-12-22.png,petunia-12,100,107,wusxtu,wusxtu-22.png
Petunia,petunia-09-01.png,petunia-09,59,83,pygq7c,pygq7c-01.png
Petunia,petunia-09-02.png,petunia-09,65,61,pygq7c,pygq7c-02.png
Petunia,petunia-09-03.png,petunia-09,59,57,pygq7c,pygq7c-03.png
Petunia,petunia-09-04.png,petunia-09,61,59,pygq7c,pygq7c-04.png
Petunia,petunia-09-05.png,petunia-09,22,53,pygq7c,pygq7c-05.png
Petunia,petunia-09-06.png,petunia-09,20,47,pygq7c,pygq7c-06.png
Petunia,petunia-09-07.png,petunia-09,37,48,pygq7c,pygq7c-07.png
Petunia,petunia-09-08.png,petunia-09,59,109,pygq7c,pygq7c-08.png
Petunia,petunia-09-09.png,petunia-09,61,102,pygq7c,pygq7c-09.png
Petunia,petunia-09-10.png,petunia-09,59,101,pygq7c,pygq7c-10.png
Petunia,petunia-09-11.png,petunia-09,77,104,pygq7c,pygq7c-11.png
Petunia,petunia-09-12.png,petunia-09,63,89,pygq7c,pygq7c-12.png
Petunia,petunia-09-13.png,petunia-09,52,84,pygq7c,pygq7c-13.png
Petunia,petunia-09-14.png,petunia-09,115,118,pygq7c,pygq7c-14.png
Petunia,petunia-09-15.png,petunia-09,90,113,pygq7c,pygq7c-15.png
Petunia,petunia-09-16.png,petunia-09,149,113,pygq7c,pygq7c-16.png
Petunia,petunia-09-17.png,petunia-09,62,84,pygq7c,pygq7c-17.png
Petunia,petunia-09-18.png,petunia-09,125,116,pygq7c,pygq7c-18.png
Petunia,petunia-09-19.png,petunia-09,110,102,pygq7c,pygq7c-19.png
Petunia,petunia-09-20.png,petunia-09,107,90,pygq7c,pygq7c-20.png
Petunia,petunia-09-21.png,petunia-09,63,90,pygq7c,pygq7c-21.png
Petunia,petunia-08-01.png,petunia-08,169,178,kkbhvl,kkbhvl-01.png
Petunia,petunia-08-02.png,petunia-08,124,124,kkbhvl,kkbhvl-02.png
Petunia,petunia-08-03.png,petunia-08,107,128,kkbhvl,kkbhvl-03.png
Petunia,petunia-08-04.png,petunia-08,126,139,kkbhvl,kkbhvl-04.png
Petunia,petunia-08-05.png,petunia-08,159,153,kkbhvl,kkbhvl-05.png
Petunia,petunia-08-06.png,petunia-08,118,137,kkbhvl,kkbhvl-06.png
Petunia,petunia-08-07.png,petunia-08,168,133,kkbhvl,kkbhvl-07.png
Petunia,petunia-08-08.png,petunia-08,126,115,kkbhvl,kkbhvl-08.png
Petunia,petunia-08-09.png,petunia-08,88,107,kkbhvl,kkbhvl-09.png
Petunia,petunia-06-01.png,petunia-06,100,130,6h99ku,6h99ku-01.png
Petunia,petunia-06-02.png,petunia-06,92,113,6h99ku,6h99ku-02.png
Petunia,petunia-06-03.png,petunia-06,54,73,6h99ku,6h99ku-03.png
Petunia,petunia-06-04.png,petunia-06,56,62,6h99ku,6h99ku-04.png
Petunia,petunia-06-05.png,petunia-06,54,62,6h99ku,6h99ku-05.png
Petunia,petunia-06-06.png,petunia-06,50,51,6h99ku,6h99ku-06.png
Petunia,petunia-06-07.png,petunia-06,55,52,6h99ku,6h99ku-07.png
Petunia,petunia-06-08.png,petunia-06,47,23,6h99ku,6h99ku-08.png
Petunia,petunia-06-09.png,petunia-06,45,25,6h99ku,6h99ku-09.png
Petunia,petunia-06-10.png,petunia-06,44,21,6h99ku,6h99ku-10.png
Petunia,petunia-06-11.png,petunia-06,108,138,6h99ku,6h99ku-11.png
Petunia,petunia-06-12.png,petunia-06,157,149,6h99ku,6h99ku-12.png
Petunia,petunia-06-13.png,petunia-06,101,147,6h99ku,6h99ku-13.png
Petunia,petunia-06-14.png,petunia-06,66,124,6h99ku,6h99ku-14.png
Petunia,petunia-06-15.png,petunia-06,104,144,6h99ku,6h99ku-15.png
Petunia,petunia-06-16.png,petunia-06,85,152,6h99ku,6h99ku-16.png
Petunia,petunia-06-17.png,petunia-06,81,125,6h99ku,6h99ku-17.png
Petunia,petunia-06-18.png,petunia-06,92,132,6h99ku,6h99ku-18.png
Petunia,petunia-03-01.png,petunia-03,103,80,3sdcdv,3sdcdv-01.png
Petunia,petunia-03-02.png,petunia-03,107,64,3sdcdv,3sdcdv-02.png
Petunia,petunia-03-03.png,petunia-03,114,86,3sdcdv,3sdcdv-03.png
Petunia,petunia-03-04.png,petunia-03,51,40,3sdcdv,3sdcdv-04.png
Petunia,petunia-03-05.png,petunia-03,131,182,3sdcdv,3sdcdv-05.png
Petunia,petunia-03-06.png,petunia-03,93,167,3sdcdv,3sdcdv-06.png
Petunia,petunia-03-07.png,petunia-03,133,180,3sdcdv,3sdcdv-07.png
Petunia,petunia-03-08.png,petunia-03,102,191,3sdcdv,3sdcdv-08.png
Petunia,petunia-03-09.png,petunia-03,123,192,3sdcdv,3sdcdv-09.png
Petunia,petunia-03-10.png,petunia-03,147,171,3sdcdv,3sdcdv-10.png
Petunia,petunia-04-01.png,petunia-04,57,81,3tezbm,3tezbm-01.png
Petunia,petunia-04-02.png,petunia-04,53,80,3tezbm,3tezbm-02.png
Petunia,petunia-04-03.png,petunia-04,55,83,3tezbm,3tezbm-03.png
Petunia,petunia-04-04.png,petunia-04,57,78,3tezbm,3tezbm-04.png
Petunia,petunia-04-05.png,petunia-04,53,65,3tezbm,3tezbm-05.png
Petunia,petunia-04-06.png,petunia-04,65,98,3tezbm,3tezbm-06.png
Petunia,petunia-04-07.png,petunia-04,59,63,3tezbm,3tezbm-07.png
Petunia,petunia-04-08.png,petunia-04,52,52,3tezbm,3tezbm-08.png
Petunia,petunia-04-09.png,petunia-04,18,50,3tezbm,3tezbm-09.png
Petunia,petunia-04-10.png,petunia-04,115,96,3tezbm,3tezbm-10.png
Petunia,petunia-04-11.png,petunia-04,56,84,3tezbm,3tezbm-11.png
Petunia,petunia-04-12.png,petunia-04,54,86,3tezbm,3tezbm-12.png
Petunia,petunia-04-13.png,petunia-04,56,84,3tezbm,3tezbm-13.png
Petunia,petunia-04-14.png,petunia-04,26,59,3tezbm,3tezbm-14.png
Petunia,petunia-04-15.png,petunia-04,55,54,3tezbm,3tezbm-15.png
Petunia,petunia-04-16.png,petunia-04,69,95,3tezbm,3tezbm-16.png
Petunia,petunia-04-17.png,petunia-04,113,95,3tezbm,3tezbm-17.png
Petunia,petunia-04-18.png,petunia-04,65,92,3tezbm,3tezbm-18.png
Petunia,petunia-04-19.png,petunia-04,94,106,3tezbm,3tezbm-19.png
Petunia,petunia-04-20.png,petunia-04,82,89,3tezbm,3tezbm-20.png
Petunia,petunia-04-21.png,petunia-04,102,97,3tezbm,3tezbm-21.png
Petunia,petunia-04-22.png,petunia-04,107,90,3tezbm,3tezbm-22.png
Petunia,petunia-04-23.png,petunia-04,69,86,3tezbm,3tezbm-23.png
Petunia,petunia-02-01.png,petunia-02,87,115,2tpckp,2tpckp-01.png
Petunia,petunia-02-02.png,petunia-02,153,159,2tpckp,2tpckp-02.png
Petunia,petunia-02-03.png,petunia-02,119,126,2tpckp,2tpckp-03.png
Petunia,petunia-02-04.png,petunia-02,135,163,2tpckp,2tpckp-04.png
Petunia,petunia-02-05.png,petunia-02,119,132,2tpckp,2tpckp-05.png
Petunia,petunia-02-06.png,petunia-02,138,129,2tpckp,2tpckp-06.png
Petunia,petunia-02-07.png,petunia-02,174,184,2tpckp,2tpckp-07.png
Petunia,petunia-02-08.png,petunia-02,108,180,2tpckp,2tpckp-08.png
Petunia,petunia-02-09.png,petunia-02,151,139,2tpckp,2tpckp-09.png
Petunia,petunia-01-01.png,petunia-01,52,53,2ncdsk,2ncdsk-01.png
Petunia,petunia-01-02.png,petunia-01,60,59,2ncdsk,2ncdsk-02.png
Petunia,petunia-01-03.png,petunia-01,54,57,2ncdsk,2ncdsk-03.png
Petunia,petunia-01-04.png,petunia-01,50,55,2ncdsk,2ncdsk-04.png
Petunia,petunia-01-05.png,petunia-01,53,59,2ncdsk,2ncdsk-05.png
Petunia,petunia-01-06.png,petunia-01,43,47,2ncdsk,2ncdsk-06.png
Petunia,petunia-01-07.png,petunia-01,22,45,2ncdsk,2ncdsk-07.png
Petunia,petunia-01-08.png,petunia-01,19,43,2ncdsk,2ncdsk-08.png
Petunia,petunia-01-09.png,petunia-01,52,120,2ncdsk,2ncdsk-09.png
Petunia,petunia-01-10.png,petunia-01,102,122,2ncdsk,2ncdsk-10.png
Petunia,petunia-01-11.png,petunia-01,100,119,2ncdsk,2ncdsk-11.png
Petunia,petunia-01-12.png,petunia-01,66,110,2ncdsk,2ncdsk-12.png
Petunia,petunia-01-13.png,petunia-01,77,92,2ncdsk,2ncdsk-13.png
Petunia,petunia-01-14.png,petunia-01,84,119,2ncdsk,2ncdsk-14.png
Petunia,petunia-01-15.png,petunia-01,79,83,2ncdsk,2ncdsk-15.png
Petunia,petunia-01-16.png,petunia-01,56,82,2ncdsk,2ncdsk-16.png
Petunia,petunia-01-17.png,petunia-01,48,89,2ncdsk,2ncdsk-17.png
Petunia,petunia-01-18.png,petunia-01,107,106,2ncdsk,2ncdsk-18.png
Petunia,petunia-01-19.png,petunia-01,75,114,2ncdsk,2ncdsk-19.png
Petunia,petunia-01-20.png,petunia-01,79,109,2ncdsk,2ncdsk-20.png
Petunia,petunia-01-21.png,petunia-01,55,89,2ncdsk,2ncdsk-21.png
Petunia,petunia-01-22.png,petunia-01,67,109,2ncdsk,2ncdsk-22.png
Petunia,petunia-01-23.png,petunia-01,68,96,2ncdsk,2ncdsk-23.png
Petunia,petunia-05-01.png,petunia-05,118,126,4dlbtr,4dlbtr-01.png
Petunia,petunia-05-02.png,petunia-05,59,118,4dlbtr,4dlbtr-02.png
Petunia,petunia-05-03.png,petunia-05,130,110,4dlbtr,4dlbtr-03.png
Petunia,petunia-05-04.png,petunia-05,75,111,4dlbtr,4dlbtr-04.png
Petunia,petunia-05-05.png,petunia-05,99,142,4dlbtr,4dlbtr-05.png
Petunia,petunia-05-06.png,petunia-05,101,126,4dlbtr,4dlbtr-06.png
Petunia,petunia-05-07.png,petunia-05,104,117,4dlbtr,4dlbtr-07.png
Petunia,petunia-05-08.png,petunia-05,115,140,4dlbtr,4dlbtr-08.png
Petunia,petunia-05-09.png,petunia-05,154,133,4dlbtr,4dlbtr-09.png
Petunia,petunia-05-10.png,petunia-05,148,109,4dlbtr,4dlbtr-10.png
Petunia,petunia-05-11.png,petunia-05,143,120,4dlbtr,4dlbtr-11.png
Petunia,petunia-07-01.png,petunia-07,58,57,dxmdeu,dxmdeu-01.png
Petunia,petunia-07-02.png,petunia-07,42,71,dxmdeu,dxmdeu-02.png
Petunia,petunia-07-03.png,petunia-07,54,66,dxmdeu,dxmdeu-03.png
Petunia,petunia-07-04.png,petunia-07,64,50,dxmdeu,dxmdeu-04.png
Petunia,petunia-07-05.png,petunia-07,48,49,dxmdeu,dxmdeu-05.png
Petunia,petunia-07-06.png,petunia-07,57,69,dxmdeu,dxmdeu-06.png
Petunia,petunia-07-07.png,petunia-07,53,51,dxmdeu,dxmdeu-07.png
Petunia,petunia-07-08.png,petunia-07,41,43,dxmdeu,dxmdeu-08.png
Petunia,petunia-07-09.png,petunia-07,23,51,dxmdeu,dxmdeu-09.png
Petunia,petunia-07-10.png,petunia-07,23,44,dxmdeu,dxmdeu-10.png
Petunia,petunia-07-11.png,petunia-07,18,42,dxmdeu,dxmdeu-11.png
Petunia,petunia-07-12.png,petunia-07,16,46,dxmdeu,dxmdeu-12.png
Petunia,petunia-07-13.png,petunia-07,96,106,dxmdeu,dxmdeu-13.png
Petunia,petunia-07-14.png,petunia-07,125,96,dxmdeu,dxmdeu-14.png
Petunia,petunia-07-15.png,petunia-07,19,39,dxmdeu,dxmdeu-15.png
Petunia,petunia-07-16.png,petunia-07,18,39,dxmdeu,dxmdeu-16.png
Petunia,petunia-07-17.png,petunia-07,20,47,dxmdeu,dxmdeu-17.png
Petunia,petunia-07-18.png,petunia-07,128,129,dxmdeu,dxmdeu-18.png
Petunia,petunia-07-19.png,petunia-07,67,134,dxmdeu,dxmdeu-19.png
Petunia,petunia-07-20.png,petunia-07,115,118,dxmdeu,dxmdeu-20.png
Petunia,petunia-07-21.png,petunia-07,125,115,dxmdeu,dxmdeu-21.png
Petunia,petunia-07-22.png,petunia-07,89,118,dxmdeu,dxmdeu-22.png
Petunia,petunia-07-23.png,petunia-07,67,118,dxmdeu,dxmdeu-23.png
Petunia,petunia-07-24.png,petunia-07,116,103,dxmdeu,dxmdeu-24.png
Petunia,petunia-07-25.png,petunia-07,103,100,dxmdeu,dxmdeu-25.png
Petunia,petunia-11-01.png,petunia-11,132,129,rvzp55,rvzp55-01.png
Petunia,petunia-11-02.png,petunia-11,126,127,rvzp55,rvzp55-02.png
Petunia,petunia-11-03.png,petunia-11,110,148,rvzp55,rvzp55-03.png
Petunia,petunia-11-04.png,petunia-11,200,149,rvzp55,rvzp55-04.png
Petunia,petunia-11-05.png,petunia-11,138,113,rvzp55,rvzp55-05.png
Petunia,petunia-11-06.png,petunia-11,90,113,rvzp55,rvzp55-06.png
Petunia,petunia-11-07.png,petunia-11,159,156,rvzp55,rvzp55-07.png
Petunia,petunia-11-08.png,petunia-11,183,162,rvzp55,rvzp55-08.png
Petunia,petunia-11-09.png,petunia-11,94,100,rvzp55,rvzp55-09.png
Papaver rhoeas,papaver-rhoeas-15-01.png,papaver-rhoeas-15,47,205,wbv8ym,wbv8ym-01.png
Papaver rhoeas,papaver-rhoeas-15-02.png,papaver-rhoeas-15,97,86,wbv8ym,wbv8ym-02.png
Papaver rhoeas,papaver-rhoeas-15-03.png,papaver-rhoeas-15,46,81,wbv8ym,wbv8ym-03.png
Papaver rhoeas,papaver-rhoeas-15-04.png,papaver-rhoeas-15,66,191,wbv8ym,wbv8ym-04.png
Papaver rhoeas,papaver-rhoeas-15-05.png,papaver-rhoeas-15,28,448,wbv8ym,wbv8ym-05.png
Papaver rhoeas,papaver-rhoeas-15-06.png,papaver-rhoeas-15,47,94,wbv8ym,wbv8ym-06.png
Papaver rhoeas,papaver-rhoeas-15-07.png,papaver-rhoeas-15,69,84,wbv8ym,wbv8ym-07.png
Papaver rhoeas,papaver-rhoeas-15-08.png,papaver-rhoeas-15,91,58,wbv8ym,wbv8ym-08.png
Papaver rhoeas,papaver-rhoeas-15-09.png,papaver-rhoeas-15,44,144,wbv8ym,wbv8ym-09.png
Papaver rhoeas,papaver-rhoeas-15-10.png,papaver-rhoeas-15,92,61,wbv8ym,wbv8ym-10.png
Papaver rhoeas,papaver-rhoeas-15-11.png,papaver-rhoeas-15,43,84,wbv8ym,wbv8ym-11.png
Papaver rhoeas,papaver-rhoeas-15-12.png,papaver-rhoeas-15,65,77,wbv8ym,wbv8ym-12.png
Papaver rhoeas,papaver-rhoeas-15-13.png,papaver-rhoeas-15,49,114,wbv8ym,wbv8ym-13.png
Papaver rhoeas,papaver-rhoeas-15-14.png,papaver-rhoeas-15,78,68,wbv8ym,wbv8ym-14.png
Papaver rhoeas,papaver-rhoeas-15-15.png,papaver-rhoeas-15,67,53,wbv8ym,wbv8ym-15.png
Papaver rhoeas,papaver-rhoeas-15-16.png,papaver-rhoeas-15,66,118,wbv8ym,wbv8ym-16.png
Papaver rhoeas,papaver-rhoeas-15-17.png,papaver-rhoeas-15,26,90,wbv8ym,wbv8ym-17.png
Papaver rhoeas,papaver-rhoeas-15-18.png,papaver-rhoeas-15,19,77,wbv8ym,wbv8ym-18.png
Papaver rhoeas,papaver-rhoeas-15-19.png,papaver-rhoeas-15,57,91,wbv8ym,wbv8ym-19.png
Papaver rhoeas,papaver-rhoeas-15-20.png,papaver-rhoeas-15,28,53,wbv8ym,wbv8ym-20.png
Papaver rhoeas,papaver-rhoeas-15-21.png,papaver-rhoeas-15,48,56,wbv8ym,wbv8ym-21.png
Papaver rhoeas,papaver-rhoeas-01-01.png,papaver-rhoeas-01,100,491,3wtevr,3wtevr-01.png
Papaver rhoeas,papaver-rhoeas-01-02.png,papaver-rhoeas-01,133,486,3wtevr,3wtevr-02.png
Papaver rhoeas,papaver-rhoeas-01-03.png,papaver-rhoeas-01,97,462,3wtevr,3wtevr-03.png
Papaver rhoeas,papaver-rhoeas-01-04.png,papaver-rhoeas-01,49,442,3wtevr,3wtevr-04.png
Papaver rhoeas,papaver-rhoeas-08-01.png,papaver-rhoeas-08,225,481,rn4vxt,rn4vxt-01.png
Papaver rhoeas,papaver-rhoeas-08-02.png,papaver-rhoeas-08,218,492,rn4vxt,rn4vxt-02.png
Papaver rhoeas,papaver-rhoeas-14-01.png,papaver-rhoeas-14,387,494,vu4r34,vu4r34-01.png
Matricaria chamomilla,matricaria-chamomilla-10-01.png,matricaria-chamomilla-10,51,49,xdpncd,xdpncd-01.png
Matricaria chamomilla,matricaria-chamomilla-10-02.png,matricaria-chamomilla-10,49,364,xdpncd,xdpncd-02.png
Matricaria chamomilla,matricaria-chamomilla-10-03.png,matricaria-chamomilla-10,48,359,xdpncd,xdpncd-03.png
Matricaria chamomilla,matricaria-chamomilla-10-04.png,matricaria-chamomilla-10,64,355,xdpncd,xdpncd-04.png
Matricaria chamomilla,matricaria-chamomilla-10-05.png,matricaria-chamomilla-10,63,353,xdpncd,xdpncd-05.png
Matricaria chamomilla,matricaria-chamomilla-10-06.png,matricaria-chamomilla-10,47,352,xdpncd,xdpncd-06.png
Matricaria chamomilla,matricaria-chamomilla-10-07.png,matricaria-chamomilla-10,43,354,xdpncd,xdpncd-07.png
Matricaria chamomilla,matricaria-chamomilla-10-08.png,matricaria-chamomilla-10,48,48,xdpncd,xdpncd-08.png
Matricaria chamomilla,matricaria-chamomilla-10-09.png,matricaria-chamomilla-10,46,41,xdpncd,xdpncd-09.png
Matricaria chamomilla,matricaria-chamomilla-10-10.png,matricaria-chamomilla-10,42,43,xdpncd,xdpncd-10.png
Matricaria chamomilla,matricaria-chamomilla-10-11.png,matricaria-chamomilla-10,44,44,xdpncd,xdpncd-11.png
Matricaria chamomilla,matricaria-chamomilla-10-12.png,matricaria-chamomilla-10,44,46,xdpncd,xdpncd-12.png
Matricaria chamomilla,matricaria-chamomilla-10-13.png,matricaria-chamomilla-10,37,46,xdpncd,xdpncd-13.png
Matricaria chamomilla,matricaria-chamomilla-10-14.png,matricaria-chamomilla-10,142,48,xdpncd,xdpncd-14.png
Matricaria chamomilla,matricaria-chamomilla-10-15.png,matricaria-chamomilla-10,21,43,xdpncd,xdpncd-15.png
Matricaria chamomilla,matricaria-chamomilla-10-16.png,matricaria-chamomilla-10,25,40,xdpncd,xdpncd-16.png
Matricaria chamomilla,matricaria-chamomilla-10-17.png,matricaria-chamomilla-10,46,44,xdpncd,xdpncd-17.png
Matricaria chamomilla,matricaria-chamomilla-10-18.png,matricaria-chamomilla-10,171,17,xdpncd,xdpncd-18.png
Matricaria chamomilla,matricaria-chamomilla-10-19.png,matricaria-chamomilla-10,172,34,xdpncd,xdpncd-19.png
Matricaria chamomilla,matricaria-chamomilla-10-20.png,matricaria-chamomilla-10,31,37,xdpncd,xdpncd-20.png
Matricaria chamomilla,matricaria-chamomilla-10-21.png,matricaria-chamomilla-10,158,35,xdpncd,xdpncd-21.png
Matricaria chamomilla,matricaria-chamomilla-10-22.png,matricaria-chamomilla-10,46,47,xdpncd,xdpncd-22.png
Matricaria chamomilla,matricaria-chamomilla-10-23.png,matricaria-chamomilla-10,33,33,xdpncd,xdpncd-23.png
Matricaria chamomilla,matricaria-chamomilla-03-01.png,matricaria-chamomilla-03,137,395,bbzgry,bbzgry-01.png
Matricaria chamomilla,matricaria-chamomilla-03-02.png,matricaria-chamomilla-03,44,257,bbzgry,bbzgry-02.png
Matricaria chamomilla,matricaria-chamomilla-03-03.png,matricaria-chamomilla-03,42,398,bbzgry,bbzgry-03.png
Matricaria chamomilla,matricaria-chamomilla-03-04.png,matricaria-chamomilla-03,63,485,bbzgry,bbzgry-04.png
Matricaria chamomilla,matricaria-chamomilla-03-05.png,matricaria-chamomilla-03,49,228,bbzgry,bbzgry-05.png
Matricaria chamomilla,matricaria-chamomilla-03-06.png,matricaria-chamomilla-03,48,250,bbzgry,bbzgry-06.png
Matricaria chamomilla,matricaria-chamomilla-03-07.png,matricaria-chamomilla-03,42,196,bbzgry,bbzgry-07.png
Matricaria chamomilla,matricaria-chamomilla-03-08.png,matricaria-chamomilla-03,22,179,bbzgry,bbzgry-08.png
Matricaria chamomilla,matricaria-chamomilla-03-09.png,matricaria-chamomilla-03,28,181,bbzgry,bbzgry-09.png
Matricaria chamomilla,matricaria-chamomilla-03-10.png,matricaria-chamomilla-03,42,160,bbzgry,bbzgry-10.png
Matricaria chamomilla,matricaria-chamomilla-03-11.png,matricaria-chamomilla-03,138,28,bbzgry,bbzgry-11.png
Matricaria chamomilla,matricaria-chamomilla-03-12.png,matricaria-chamomilla-03,164,31,bbzgry,bbzgry-12.png
Matricaria chamomilla,matricaria-chamomilla-11-01.png,matricaria-chamomilla-11,88,494,zzhfsc,zzhfsc-01.png
Matricaria chamomilla,matricaria-chamomilla-11-02.png,matricaria-chamomilla-11,96,488,zzhfsc,zzhfsc-02.png
Matricaria chamomilla,matricaria-chamomilla-11-03.png,matricaria-chamomilla-11,228,478,zzhfsc,zzhfsc-03.png
Matricaria chamomilla,matricaria-chamomilla-09-01.png,matricaria-chamomilla-09,124,429,njbmcw,njbmcw-01.png
Matricaria chamomilla,matricaria-chamomilla-09-02.png,matricaria-chamomilla-09,208,445,njbmcw,njbmcw-02.png
Matricaria chamomilla,matricaria-chamomilla-09-03.png,matricaria-chamomilla-09,70,406,njbmcw,njbmcw-03.png
Osteospermum,osteospermum-01-01.png,osteospermum-01,75,164,uun8dg,uun8dg-01.png
Osteospermum,osteospermum-01-02.png,osteospermum-01,60,67,uun8dg,uun8dg-02.png
Osteospermum,osteospermum-01-03.png,osteospermum-01,26,140,uun8dg,uun8dg-03.png
Osteospermum,osteospermum-01-04.png,osteospermum-01,31,156,uun8dg,uun8dg-04.png
Osteospermum,osteospermum-01-05.png,osteospermum-01,62,65,uun8dg,uun8dg-05.png
Osteospermum,osteospermum-01-06.png,osteospermum-01,66,72,uun8dg,uun8dg-06.png
Osteospermum,osteospermum-01-07.png,osteospermum-01,75,77,uun8dg,uun8dg-07.png
Osteospermum,osteospermum-01-08.png,osteospermum-01,74,70,uun8dg,uun8dg-08.png
Osteospermum,osteospermum-01-09.png,osteospermum-01,51,52,uun8dg,uun8dg-09.png
Osteospermum,osteospermum-01-10.png,osteospermum-01,80,147,uun8dg,uun8dg-10.png
Osteospermum,osteospermum-01-11.png,osteospermum-01,62,61,uun8dg,uun8dg-11.png
Osteospermum,osteospermum-01-12.png,osteospermum-01,57,125,uun8dg,uun8dg-12.png
Osteospermum,osteospermum-01-13.png,osteospermum-01,52,129,uun8dg,uun8dg-13.png
Osteospermum,osteospermum-01-14.png,osteospermum-01,47,49,uun8dg,uun8dg-14.png
Osteospermum,osteospermum-01-15.png,osteospermum-01,66,64,uun8dg,uun8dg-15.png
Osteospermum,osteospermum-01-16.png,osteospermum-01,64,62,uun8dg,uun8dg-16.png
Osteospermum,osteospermum-01-17.png,osteospermum-01,63,68,uun8dg,uun8dg-17.png
Osteospermum,osteospermum-01-18.png,osteospermum-01,82,77,uun8dg,uun8dg-18.png
Osteospermum,osteospermum-01-19.png,osteospermum-01,89,170,uun8dg,uun8dg-19.png
Osteospermum,osteospermum-01-20.png,osteospermum-01,59,63,uun8dg,uun8dg-20.png
Osteospermum,osteospermum-01-21.png,osteospermum-01,23,154,uun8dg,uun8dg-21.png
Osteospermum,osteospermum-01-22.png,osteospermum-01,33,141,uun8dg,uun8dg-22.png
Osteospermum,osteospermum-01-23.png,osteospermum-01,55,63,uun8dg,uun8dg-23.png
Osteospermum,osteospermum-01-24.png,osteospermum-01,64,68,uun8dg,uun8dg-24.png
Osteospermum,osteospermum-01-25.png,osteospermum-01,81,77,uun8dg,uun8dg-25.png
Osteospermum,osteospermum-01-26.png,osteospermum-01,61,54,uun8dg,uun8dg-26.png
Osteospermum,osteospermum-01-27.png,osteospermum-01,54,53,uun8dg,uun8dg-27.png
Osteospermum,osteospermum-02-01.png,osteospermum-02,93,168,wg56a7,wg56a7-01.png
Osteospermum,osteospermum-02-02.png,osteospermum-02,74,142,wg56a7,wg56a7-02.png
Osteospermum,osteospermum-02-03.png,osteospermum-02,67,164,wg56a7,wg56a7-03.png
Osteospermum,osteospermum-02-04.png,osteospermum-02,60,156,wg56a7,wg56a7-04.png
Osteospermum,osteospermum-02-05.png,osteospermum-02,81,160,wg56a7,wg56a7-05.png
Osteospermum,osteospermum-02-06.png,osteospermum-02,64,183,wg56a7,wg56a7-06.png
Osteospermum,osteospermum-02-07.png,osteospermum-02,93,183,wg56a7,wg56a7-07.png
Osteospermum,osteospermum-02-08.png,osteospermum-02,97,203,wg56a7,wg56a7-08.png
Osteospermum,osteospermum-02-09.png,osteospermum-02,75,186,wg56a7,wg56a7-09.png
Osteospermum,osteospermum-02-10.png,osteospermum-02,73,171,wg56a7,wg56a7-10.png
Osteospermum,osteospermum-02-11.png,osteospermum-02,41,170,wg56a7,wg56a7-11.png
Osteospermum,osteospermum-02-12.png,osteospermum-02,181,72,wg56a7,wg56a7-12.png
Osteospermum,osteospermum-02-13.png,osteospermum-02,164,61,wg56a7,wg56a7-13.png
Osteospermum,osteospermum-02-14.png,osteospermum-02,91,43,wg56a7,wg56a7-14.png
Gazania,gazania-01-01.png,gazania-01,34,165,4929kh,4929kh-01.png
Gazania,gazania-01-02.png,gazania-01,42,167,4929kh,4929kh-02.png
Gazania,gazania-01-03.png,gazania-01,51,145,4929kh,4929kh-03.png
Gazania,gazania-01-04.png,gazania-01,131,147,4929kh,4929kh-04.png
Gazania,gazania-01-05.png,gazania-01,36,146,4929kh,4929kh-05.png
Gazania,gazania-01-06.png,gazania-01,51,140,4929kh,4929kh-06.png
Gazania,gazania-01-07.png,gazania-01,134,130,4929kh,4929kh-07.png
Gazania,gazania-01-08.png,gazania-01,35,149,4929kh,4929kh-08.png
Gazania,gazania-01-09.png,gazania-01,22,150,4929kh,4929kh-09.png
Gazania,gazania-01-10.png,gazania-01,39,151,4929kh,4929kh-10.png
Gazania,gazania-01-11.png,gazania-01,27,160,4929kh,4929kh-11.png
Gazania,gazania-01-12.png,gazania-01,39,140,4929kh,4929kh-12.png
Gazania,gazania-01-13.png,gazania-01,45,145,4929kh,4929kh-13.png
Gazania,gazania-01-14.png,gazania-01,145,139,4929kh,4929kh-14.png
Gazania,gazania-01-15.png,gazania-01,38,115,4929kh,4929kh-15.png
Gazania,gazania-01-16.png,gazania-01,139,54,4929kh,4929kh-16.png
Gazania,gazania-01-17.png,gazania-01,124,43,4929kh,4929kh-17.png
Gazania,gazania-01-18.png,gazania-01,144,26,4929kh,4929kh-18.png
Gazania,gazania-01-19.png,gazania-01,114,29,4929kh,4929kh-19.png
Hydrangea macrophylla,hydrangea-macrophylla-16-01.png,hydrangea-macrophylla-16,83,137,xcd5lj,xcd5lj-01.png
Hydrangea macrophylla,hydrangea-macrophylla-16-02.png,hydrangea-macrophylla-16,34,48,xcd5lj,xcd5lj-02.png
Hydrangea macrophylla,hydrangea-macrophylla-16-03.png,hydrangea-macrophylla-16,85,138,xcd5lj,xcd5lj-03.png
Hydrangea macrophylla,hydrangea-macrophylla-16-04.png,hydrangea-macrophylla-16,84,143,xcd5lj,xcd5lj-04.png
Hydrangea macrophylla,hydrangea-macrophylla-16-05.png,hydrangea-macrophylla-16,72,138,xcd5lj,xcd5lj-05.png
Hydrangea macrophylla,hydrangea-macrophylla-16-06.png,hydrangea-macrophylla-16,28,438,xcd5lj,xcd5lj-06.png
Hydrangea macrophylla,hydrangea-macrophylla-16-07.png,hydrangea-macrophylla-16,45,71,xcd5lj,xcd5lj-07.png
Hydrangea macrophylla,hydrangea-macrophylla-16-08.png,hydrangea-macrophylla-16,80,151,xcd5lj,xcd5lj-08.png
Hydrangea macrophylla,hydrangea-macrophylla-16-09.png,hydrangea-macrophylla-16,31,67,xcd5lj,xcd5lj-09.png
Hydrangea macrophylla,hydrangea-macrophylla-16-10.png,hydrangea-macrophylla-16,73,135,xcd5lj,xcd5lj-10.png
Hydrangea macrophylla,hydrangea-macrophylla-16-11.png,hydrangea-macrophylla-16,79,124,xcd5lj,xcd5lj-11.png
Hydrangea macrophylla,hydrangea-macrophylla-16-12.png,hydrangea-macrophylla-16,83,125,xcd5lj,xcd5lj-12.png
Hydrangea macrophylla,hydrangea-macrophylla-16-13.png,hydrangea-macrophylla-16,49,75,xcd5lj,xcd5lj-13.png
Hydrangea macrophylla,hydrangea-macrophylla-16-14.png,hydrangea-macrophylla-16,73,131,xcd5lj,xcd5lj-14.png
Hydrangea macrophylla,hydrangea-macrophylla-16-15.png,hydrangea-macrophylla-16,71,122,xcd5lj,xcd5lj-15.png
Hydrangea macrophylla,hydrangea-macrophylla-16-16.png,hydrangea-macrophylla-16,71,116,xcd5lj,xcd5lj-16.png
Hydrangea macrophylla,hydrangea-macrophylla-16-17.png,hydrangea-macrophylla-16,69,116,xcd5lj,xcd5lj-17.png
Hydrangea macrophylla,hydrangea-macrophylla-16-18.png,hydrangea-macrophylla-16,55,93,xcd5lj,xcd5lj-18.png
Hydrangea macrophylla,hydrangea-macrophylla-12-01.png,hydrangea-macrophylla-12,216,245,puwvhg,puwvhg-01.png
Hydrangea macrophylla,hydrangea-macrophylla-12-02.png,hydrangea-macrophylla-12,241,422,puwvhg,puwvhg-02.png
Hydrangea macrophylla,hydrangea-macrophylla-12-03.png,hydrangea-macrophylla-12,206,211,puwvhg,puwvhg-03.png
Hydrangea macrophylla,hydrangea-macrophylla-02-01.png,hydrangea-macrophylla-02,272,494,ccq9rv,ccq9rv-01.png
Hydrangea macrophylla,hydrangea-macrophylla-02-02.png,hydrangea-macrophylla-02,188,443,ccq9rv,ccq9rv-02.png
Malva sylvestris,malva-sylvestris-02-01.png,malva-sylvestris-02,45,493,tjcjjh,tjcjjh-01.png
Malva sylvestris,malva-sylvestris-02-02.png,malva-sylvestris-02,55,407,tjcjjh,tjcjjh-02.png
Malva sylvestris,malva-sylvestris-02-03.png,malva-sylvestris-02,46,130,tjcjjh,tjcjjh-03.png
Malva sylvestris,malva-sylvestris-02-04.png,malva-sylvestris-02,100,76,tjcjjh,tjcjjh-04.png
Malva sylvestris,malva-sylvestris-02-05.png,malva-sylvestris-02,108,77,tjcjjh,tjcjjh-05.png
Malva sylvestris,malva-sylvestris-02-06.png,malva-sylvestris-02,63,79,tjcjjh,tjcjjh-06.png
Malva sylvestris,malva-sylvestris-02-07.png,malva-sylvestris-02,53,67,tjcjjh,tjcjjh-07.png
Malva sylvestris,malva-sylvestris-02-08.png,malva-sylvestris-02,85,66,tjcjjh,tjcjjh-08.png
Malva sylvestris,malva-sylvestris-02-09.png,malva-sylvestris-02,99,83,tjcjjh,tjcjjh-09.png
Malva sylvestris,malva-sylvestris-02-10.png,malva-sylvestris-02,87,70,tjcjjh,tjcjjh-10.png
Malva sylvestris,malva-sylvestris-02-11.png,malva-sylvestris-02,73,64,tjcjjh,tjcjjh-11.png
Malva sylvestris,malva-sylvestris-02-12.png,malva-sylvestris-02,67,79,tjcjjh,tjcjjh-12.png
Malva sylvestris,malva-sylvestris-02-13.png,malva-sylvestris-02,65,81,tjcjjh,tjcjjh-13.png
Malva sylvestris,malva-sylvestris-02-14.png,malva-sylvestris-02,49,73,tjcjjh,tjcjjh-14.png
Malva sylvestris,malva-sylvestris-02-15.png,malva-sylvestris-02,62,72,tjcjjh,tjcjjh-15.png
Malva sylvestris,malva-sylvestris-02-16.png,malva-sylvestris-02,53,63,tjcjjh,tjcjjh-16.png
Malva sylvestris,malva-sylvestris-02-17.png,malva-sylvestris-02,93,62,tjcjjh,tjcjjh-17.png
Malva sylvestris,malva-sylvestris-02-18.png,malva-sylvestris-02,67,62,tjcjjh,tjcjjh-18.png
Malva sylvestris,malva-sylvestris-01-01.png,malva-sylvestris-01,116,350,d9k8c3,d9k8c3-01.png
Malva sylvestris,malva-sylvestris-01-02.png,malva-sylvestris-01,187,326,d9k8c3,d9k8c3-02.png
Malva sylvestris,malva-sylvestris-01-03.png,malva-sylvestris-01,96,337,d9k8c3,d9k8c3-03.png
Malva sylvestris,malva-sylvestris-01-04.png,malva-sylvestris-01,402,114,d9k8c3,d9k8c3-04.png
Malva sylvestris,malva-sylvestris-03-01.png,malva-sylvestris-03,140,479,zr55zd,zr55zd-01.png
Malva sylvestris,malva-sylvestris-03-02.png,malva-sylvestris-03,120,468,zr55zd,zr55zd-02.png
Malva sylvestris,malva-sylvestris-03-03.png,malva-sylvestris-03,156,467,zr55zd,zr55zd-03.png
Wisteria sinensis,wisteria-sinensis-01-01.png,wisteria-sinensis-01,79,261,gy34qv,gy34qv-01.png
Wisteria sinensis,wisteria-sinensis-01-02.png,wisteria-sinensis-01,19,296,gy34qv,gy34qv-02.png
Wisteria sinensis,wisteria-sinensis-01-03.png,wisteria-sinensis-01,90,237,gy34qv,gy34qv-03.png
Wisteria sinensis,wisteria-sinensis-01-04.png,wisteria-sinensis-01,81,245,gy34qv,gy34qv-04.png
Wisteria sinensis,wisteria-sinensis-01-05.png,wisteria-sinensis-01,79,229,gy34qv,gy34qv-05.png
Wisteria sinensis,wisteria-sinensis-01-06.png,wisteria-sinensis-01,78,188,gy34qv,gy34qv-06.png
Wisteria sinensis,wisteria-sinensis-01-07.png,wisteria-sinensis-01,76,207,gy34qv,gy34qv-07.png
Wisteria sinensis,wisteria-sinensis-01-08.png,wisteria-sinensis-01,79,191,gy34qv,gy34qv-08.png
Wisteria sinensis,wisteria-sinensis-01-09.png,wisteria-sinensis-01,78,190,gy34qv,gy34qv-09.png
Wisteria sinensis,wisteria-sinensis-01-10.png,wisteria-sinensis-01,66,126,gy34qv,gy34qv-10.png
Wisteria sinensis,wisteria-sinensis-03-01.png,wisteria-sinensis-03,174,344,ttx2ef,ttx2ef-01.png
Wisteria sinensis,wisteria-sinensis-03-02.png,wisteria-sinensis-03,79,267,ttx2ef,ttx2ef-02.png
Wisteria sinensis,wisteria-sinensis-03-03.png,wisteria-sinensis-03,83,261,ttx2ef,ttx2ef-03.png
Wisteria sinensis,wisteria-sinensis-03-04.png,wisteria-sinensis-03,225,129,ttx2ef,ttx2ef-04.png
Wisteria sinensis,wisteria-sinensis-03-05.png,wisteria-sinensis-03,255,96,ttx2ef,ttx2ef-05.png
Wisteria sinensis,wisteria-sinensis-02-01.png,wisteria-sinensis-02,451,494,hxta66,hxta66-01.png
Euryops pectinatus,euryops-pectinatus-03-01.png,euryops-pectinatus-03,82,169,mwuywh,mwuywh-01.png
Euryops pectinatus,euryops-pectinatus-03-02.png,euryops-pectinatus-03,75,175,mwuywh,mwuywh-02.png
Euryops pectinatus,euryops-pectinatus-03-03.png,euryops-pectinatus-03,61,139,mwuywh,mwuywh-03.png
Euryops pectinatus,euryops-pectinatus-03-04.png,euryops-pectinatus-03,91,169,mwuywh,mwuywh-04.png
Euryops pectinatus,euryops-pectinatus-03-05.png,euryops-pectinatus-03,33,131,mwuywh,mwuywh-05.png
Euryops pectinatus,euryops-pectinatus-03-06.png,euryops-pectinatus-03,23,135,mwuywh,mwuywh-06.png
Euryops pectinatus,euryops-pectinatus-03-07.png,euryops-pectinatus-03,16,125,mwuywh,mwuywh-07.png
Euryops pectinatus,euryops-pectinatus-03-08.png,euryops-pectinatus-03,60,60,mwuywh,mwuywh-08.png
Euryops pectinatus,euryops-pectinatus-03-09.png,euryops-pectinatus-03,64,149,mwuywh,mwuywh-09.png
Euryops pectinatus,euryops-pectinatus-03-10.png,euryops-pectinatus-03,94,174,mwuywh,mwuywh-10.png
Euryops pectinatus,euryops-pectinatus-03-11.png,euryops-pectinatus-03,80,160,mwuywh,mwuywh-11.png
Euryops pectinatus,euryops-pectinatus-03-12.png,euryops-pectinatus-03,108,171,mwuywh,mwuywh-12.png
Euryops pectinatus,euryops-pectinatus-03-13.png,euryops-pectinatus-03,51,56,mwuywh,mwuywh-13.png
Euryops pectinatus,euryops-pectinatus-03-14.png,euryops-pectinatus-03,42,47,mwuywh,mwuywh-14.png
Euryops pectinatus,euryops-pectinatus-03-15.png,euryops-pectinatus-03,56,149,mwuywh,mwuywh-15.png
Euryops pectinatus,euryops-pectinatus-03-16.png,euryops-pectinatus-03,18,109,mwuywh,mwuywh-16.png
Euryops pectinatus,euryops-pectinatus-03-17.png,euryops-pectinatus-03,159,92,mwuywh,mwuywh-17.png
Euryops pectinatus,euryops-pectinatus-03-18.png,euryops-pectinatus-03,165,79,mwuywh,mwuywh-18.png
Euryops pectinatus,euryops-pectinatus-04-01.png,euryops-pectinatus-04,128,228,nqrrnz,nqrrnz-01.png
Euryops pectinatus,euryops-pectinatus-04-02.png,euryops-pectinatus-04,143,254,nqrrnz,nqrrnz-02.png
Euryops pectinatus,euryops-pectinatus-04-03.png,euryops-pectinatus-04,165,288,nqrrnz,nqrrnz-03.png
Euryops pectinatus,euryops-pectinatus-04-04.png,euryops-pectinatus-04,96,240,nqrrnz,nqrrnz-04.png
Euryops pectinatus,euryops-pectinatus-04-05.png,euryops-pectinatus-04,147,224,nqrrnz,nqrrnz-05.png
Euryops pectinatus,euryops-pectinatus-04-06.png,euryops-pectinatus-04,101,159,nqrrnz,nqrrnz-06.png
Euryops pectinatus,euryops-pectinatus-01-01.png,euryops-pectinatus-01,197,440,ej5ct7,ej5ct7-01.png
Euryops pectinatus,euryops-pectinatus-01-02.png,euryops-pectinatus-01,298,430,ej5ct7,ej5ct7-02.png
Euryops pectinatus,euryops-pectinatus-02-01.png,euryops-pectinatus-02,238,420,lvv7rm,lvv7rm-01.png
Euryops pectinatus,euryops-pectinatus-02-02.png,euryops-pectinatus-02,242,365,lvv7rm,lvv7rm-02.png
Rose,rose-02-01.png,rose-02,38,376,yaqchb,yaqchb-01.png
Rose,rose-02-02.png,rose-02,78,213,yaqchb,yaqchb-02.png
Rose,rose-02-03.png,rose-02,76,235,yaqchb,yaqchb-03.png
Rose,rose-02-04.png,rose-02,63,215,yaqchb,yaqchb-04.png
Rose,rose-02-05.png,rose-02,38,192,yaqchb,yaqchb-05.png
Rose,rose-02-06.png,rose-02,44,270,yaqchb,yaqchb-06.png
Rose,rose-02-07.png,rose-02,100,57,yaqchb,yaqchb-07.png
Rose,rose-02-08.png,rose-02,33,165,yaqchb,yaqchb-08.png
Rose,rose-02-09.png,rose-02,51,151,yaqchb,yaqchb-09.png
Rose,rose-02-10.png,rose-02,34,147,yaqchb,yaqchb-10.png
Rose,rose-02-11.png,rose-02,128,133,yaqchb,yaqchb-11.png
Rose,rose-02-12.png,rose-02,109,116,yaqchb,yaqchb-12.png
Rose,rose-02-13.png,rose-02,236,22,yaqchb,yaqchb-13.png
Rose,rose-01-01.png,rose-01,220,492,afv2pm,afv2pm-01.png
Rose,rose-01-02.png,rose-01,272,484,afv2pm,afv2pm-02.png
Alcea,alcea-01-01.png,alcea-01,243,390,yvyfwa,yvyfwa-01.png
Alcea,alcea-01-02.png,alcea-01,222,344,yvyfwa,yvyfwa-02.png
Alcea,alcea-01-03.png,alcea-01,202,339,yvyfwa,yvyfwa-03.png
Hibiscus syriacus,hibiscus-syriacus-07-01.png,hibiscus-syriacus-07,104,107,ntcca8,ntcca8-01.png
Hibiscus syriacus,hibiscus-syriacus-07-02.png,hibiscus-syriacus-07,66,490,ntcca8,ntcca8-02.png
Hibiscus syriacus,hibiscus-syriacus-07-03.png,hibiscus-syriacus-07,60,88,ntcca8,ntcca8-03.png
Hibiscus syriacus,hibiscus-syriacus-07-04.png,hibiscus-syriacus-07,37,74,ntcca8,ntcca8-04.png
Hibiscus syriacus,hibiscus-syriacus-07-05.png,hibiscus-syriacus-07,51,93,ntcca8,ntcca8-05.png
Hibiscus syriacus,hibiscus-syriacus-07-06.png,hibiscus-syriacus-07,54,87,ntcca8,ntcca8-06.png
Hibiscus syriacus,hibiscus-syriacus-07-07.png,hibiscus-syriacus-07,31,62,ntcca8,ntcca8-07.png
Hibiscus syriacus,hibiscus-syriacus-07-08.png,hibiscus-syriacus-07,36,97,ntcca8,ntcca8-08.png
Hibiscus syriacus,hibiscus-syriacus-07-09.png,hibiscus-syriacus-07,58,92,ntcca8,ntcca8-09.png
Hibiscus syriacus,hibiscus-syriacus-07-10.png,hibiscus-syriacus-07,67,85,ntcca8,ntcca8-10.png
Hibiscus syriacus,hibiscus-syriacus-07-11.png,hibiscus-syriacus-07,85,85,ntcca8,ntcca8-11.png
Hibiscus syriacus,hibiscus-syriacus-07-12.png,hibiscus-syriacus-07,32,84,ntcca8,ntcca8-12.png
Hibiscus syriacus,hibiscus-syriacus-07-13.png,hibiscus-syriacus-07,48,93,ntcca8,ntcca8-13.png
Hibiscus syriacus,hibiscus-syriacus-07-14.png,hibiscus-syriacus-07,50,88,ntcca8,ntcca8-14.png
Hibiscus syriacus,hibiscus-syriacus-07-15.png,hibiscus-syriacus-07,113,88,ntcca8,ntcca8-15.png
Hibiscus syriacus,hibiscus-syriacus-07-16.png,hibiscus-syriacus-07,63,71,ntcca8,ntcca8-16.png
Hibiscus syriacus,hibiscus-syriacus-07-17.png,hibiscus-syriacus-07,40,78,ntcca8,ntcca8-17.png
Hibiscus syriacus,hibiscus-syriacus-07-18.png,hibiscus-syriacus-07,45,69,ntcca8,ntcca8-18.png
Hibiscus syriacus,hibiscus-syriacus-07-19.png,hibiscus-syriacus-07,91,87,ntcca8,ntcca8-19.png
Hibiscus syriacus,hibiscus-syriacus-07-20.png,hibiscus-syriacus-07,38,79,ntcca8,ntcca8-20.png
Hibiscus syriacus,hibiscus-syriacus-07-21.png,hibiscus-syriacus-07,66,82,ntcca8,ntcca8-21.png
Hibiscus syriacus,hibiscus-syriacus-07-22.png,hibiscus-syriacus-07,23,35,ntcca8,ntcca8-22.png
Hibiscus syriacus,hibiscus-syriacus-07-23.png,hibiscus-syriacus-07,40,88,ntcca8,ntcca8-23.png
Hibiscus syriacus,hibiscus-syriacus-07-24.png,hibiscus-syriacus-07,26,48,ntcca8,ntcca8-24.png
Hibiscus syriacus,hibiscus-syriacus-07-25.png,hibiscus-syriacus-07,24,48,ntcca8,ntcca8-25.png
Hibiscus syriacus,hibiscus-syriacus-07-26.png,hibiscus-syriacus-07,32,52,ntcca8,ntcca8-26.png
Hibiscus syriacus,hibiscus-syriacus-07-27.png,hibiscus-syriacus-07,75,38,ntcca8,ntcca8-27.png
Hibiscus syriacus,hibiscus-syriacus-07-28.png,hibiscus-syriacus-07,73,40,ntcca8,ntcca8-28.png
Hibiscus syriacus,hibiscus-syriacus-05-01.png,hibiscus-syriacus-05,122,494,cefd3u,cefd3u-01.png
Hibiscus syriacus,hibiscus-syriacus-05-02.png,hibiscus-syriacus-05,136,465,cefd3u,cefd3u-02.png
Hibiscus syriacus,hibiscus-syriacus-05-03.png,hibiscus-syriacus-05,139,422,cefd3u,cefd3u-03.png
Hibiscus syriacus,hibiscus-syriacus-06-01.png,hibiscus-syriacus-06,162,488,hrwhgv,hrwhgv-01.png
Hibiscus syriacus,hibiscus-syriacus-06-02.png,hibiscus-syriacus-06,142,493,hrwhgv,hrwhgv-02.png
Hibiscus syriacus,hibiscus-syriacus-06-03.png,hibiscus-syriacus-06,145,481,hrwhgv,hrwhgv-03.png
Bougainvillea,bougainvillea-03-01.png,bougainvillea-03,216,494,tmecjw,tmecjw-01.png
Bougainvillea,bougainvillea-03-02.png,bougainvillea-03,216,379,tmecjw,tmecjw-02.png
Gaura lindheimeri,gaura-lindheimeri-02-01.png,gaura-lindheimeri-02,473,494,y49jgp,y49jgp-01.png
Gaura lindheimeri,gaura-lindheimeri-01-01.png,gaura-lindheimeri-01,508,494,3mm9zt,3mm9zt-01.png
Hydrangea macrophylla,hydrangea-macrophylla-13-01.png,hydrangea-macrophylla-13,76,125,rmkrtn,rmkrtn-01.png
Hydrangea macrophylla,hydrangea-macrophylla-13-02.png,hydrangea-macrophylla-13,81,146,rmkrtn,rmkrtn-02.png
Hydrangea macrophylla,hydrangea-macrophylla-13-03.png,hydrangea-macrophylla-13,32,250,rmkrtn,rmkrtn-03.png
Hydrangea macrophylla,hydrangea-macrophylla-13-04.png,hydrangea-macrophylla-13,144,169,rmkrtn,rmkrtn-04.png
Hydrangea macrophylla,hydrangea-macrophylla-13-05.png,hydrangea-macrophylla-13,80,132,rmkrtn,rmkrtn-05.png
Hydrangea macrophylla,hydrangea-macrophylla-13-06.png,hydrangea-macrophylla-13,69,140,rmkrtn,rmkrtn-06.png
Hydrangea macrophylla,hydrangea-macrophylla-13-07.png,hydrangea-macrophylla-13,80,119,rmkrtn,rmkrtn-07.png
Hydrangea macrophylla,hydrangea-macrophylla-13-08.png,hydrangea-macrophylla-13,60,112,rmkrtn,rmkrtn-08.png
Hydrangea macrophylla,hydrangea-macrophylla-13-09.png,hydrangea-macrophylla-13,157,144,rmkrtn,rmkrtn-09.png
Hydrangea macrophylla,hydrangea-macrophylla-13-10.png,hydrangea-macrophylla-13,38,220,rmkrtn,rmkrtn-10.png
Hydrangea macrophylla,hydrangea-macrophylla-13-11.png,hydrangea-macrophylla-13,72,153,rmkrtn,rmkrtn-11.png
Hydrangea macrophylla,hydrangea-macrophylla-13-12.png,hydrangea-macrophylla-13,74,151,rmkrtn,rmkrtn-12.png
Hydrangea macrophylla,hydrangea-macrophylla-13-13.png,hydrangea-macrophylla-13,74,139,rmkrtn,rmkrtn-13.png
Hydrangea macrophylla,hydrangea-macrophylla-13-14.png,hydrangea-macrophylla-13,98,98,rmkrtn,rmkrtn-14.png
Hydrangea macrophylla,hydrangea-macrophylla-11-01.png,hydrangea-macrophylla-11,187,289,navzwc,navzwc-01.png
Hydrangea macrophylla,hydrangea-macrophylla-11-02.png,hydrangea-macrophylla-11,165,248,navzwc,navzwc-02.png
Hydrangea macrophylla,hydrangea-macrophylla-11-03.png,hydrangea-macrophylla-11,211,201,navzwc,navzwc-03.png
Hydrangea macrophylla,hydrangea-macrophylla-11-04.png,hydrangea-macrophylla-11,219,188,navzwc,navzwc-04.png
Petunia,petunia-10-01.png,petunia-10,284,261,qw9uhz,qw9uhz-01.png
Petunia,petunia-10-02.png,petunia-10,146,212,qw9uhz,qw9uhz-02.png
Petunia,petunia-10-03.png,petunia-10,138,239,qw9uhz,qw9uhz-03.png
Petunia,petunia-10-04.png,petunia-10,146,220,qw9uhz,qw9uhz-04.png
Petunia,petunia-10-05.png,petunia-10,117,197,qw9uhz,qw9uhz-05.png
Hibiscus rosa sinensis,hibiscus-rosa-sinensis-01-01.png,hibiscus-rosa-sinensis-01,181,193,ppp6jc,ppp6jc-01.png
Hibiscus rosa sinensis,hibiscus-rosa-sinensis-01-02.png,hibiscus-rosa-sinensis-01,70,117,ppp6jc,ppp6jc-02.png
Hibiscus rosa sinensis,hibiscus-rosa-sinensis-01-03.png,hibiscus-rosa-sinensis-01,84,134,ppp6jc,ppp6jc-03.png
Hibiscus rosa sinensis,hibiscus-rosa-sinensis-01-04.png,hibiscus-rosa-sinensis-01,56,103,ppp6jc,ppp6jc-04.png
Hibiscus rosa sinensis,hibiscus-rosa-sinensis-01-05.png,hibiscus-rosa-sinensis-01,72,86,ppp6jc,ppp6jc-05.png
Hibiscus rosa sinensis,hibiscus-rosa-sinensis-01-06.png,hibiscus-rosa-sinensis-01,68,93,ppp6jc,ppp6jc-06.png
Hibiscus rosa sinensis,hibiscus-rosa-sinensis-01-07.png,hibiscus-rosa-sinensis-01,68,83,ppp6jc,ppp6jc-07.png
Hibiscus rosa sinensis,hibiscus-rosa-sinensis-01-08.png,hibiscus-rosa-sinensis-01,152,138,ppp6jc,ppp6jc-08.png
Hibiscus rosa sinensis,hibiscus-rosa-sinensis-01-09.png,hibiscus-rosa-sinensis-01,77,145,ppp6jc,ppp6jc-09.png
Hibiscus rosa sinensis,hibiscus-rosa-sinensis-01-10.png,hibiscus-rosa-sinensis-01,83,123,ppp6jc,ppp6jc-10.png
Hibiscus rosa sinensis,hibiscus-rosa-sinensis-01-11.png,hibiscus-rosa-sinensis-01,101,123,ppp6jc,ppp6jc-11.png
Hibiscus rosa sinensis,hibiscus-rosa-sinensis-01-12.png,hibiscus-rosa-sinensis-01,96,68,ppp6jc,ppp6jc-12.png
Campsis radicans,campsis-radicans-01-01.png,campsis-radicans-01,42,101,ccdfzr,ccdfzr-01.png
Campsis radicans,campsis-radicans-01-02.png,campsis-radicans-01,52,103,ccdfzr,ccdfzr-02.png
Campsis radicans,campsis-radicans-01-03.png,campsis-radicans-01,49,103,ccdfzr,ccdfzr-03.png
Campsis radicans,campsis-radicans-01-04.png,campsis-radicans-01,31,199,ccdfzr,ccdfzr-04.png
Campsis radicans,campsis-radicans-01-05.png,campsis-radicans-01,60,90,ccdfzr,ccdfzr-05.png
Campsis radicans,campsis-radicans-01-06.png,campsis-radicans-01,44,103,ccdfzr,ccdfzr-06.png
Campsis radicans,campsis-radicans-01-07.png,campsis-radicans-01,79,103,ccdfzr,ccdfzr-07.png
Campsis radicans,campsis-radicans-01-08.png,campsis-radicans-01,40,76,ccdfzr,ccdfzr-08.png
Campsis radicans,campsis-radicans-01-09.png,campsis-radicans-01,37,91,ccdfzr,ccdfzr-09.png
Campsis radicans,campsis-radicans-01-10.png,campsis-radicans-01,38,91,ccdfzr,ccdfzr-10.png
Campsis radicans,campsis-radicans-01-11.png,campsis-radicans-01,48,96,ccdfzr,ccdfzr-11.png
Campsis radicans,campsis-radicans-01-12.png,campsis-radicans-01,54,101,ccdfzr,ccdfzr-12.png
Campsis radicans,campsis-radicans-01-13.png,campsis-radicans-01,52,106,ccdfzr,ccdfzr-13.png
Campsis radicans,campsis-radicans-01-14.png,campsis-radicans-01,74,95,ccdfzr,ccdfzr-14.png
Campsis radicans,campsis-radicans-01-15.png,campsis-radicans-01,37,78,ccdfzr,ccdfzr-15.png
Campsis radicans,campsis-radicans-01-16.png,campsis-radicans-01,42,95,ccdfzr,ccdfzr-16.png
Campsis radicans,campsis-radicans-01-17.png,campsis-radicans-01,25,141,ccdfzr,ccdfzr-17.png
Campsis radicans,campsis-radicans-01-18.png,campsis-radicans-01,43,48,ccdfzr,ccdfzr-18.png
Campsis radicans,campsis-radicans-01-19.png,campsis-radicans-01,54,106,ccdfzr,ccdfzr-19.png
Campsis radicans,campsis-radicans-01-20.png,campsis-radicans-01,42,100,ccdfzr,ccdfzr-20.png
Campsis radicans,campsis-radicans-01-21.png,campsis-radicans-01,43,101,ccdfzr,ccdfzr-21.png
Campsis radicans,campsis-radicans-01-22.png,campsis-radicans-01,75,119,ccdfzr,ccdfzr-22.png
Campsis radicans,campsis-radicans-01-23.png,campsis-radicans-01,40,76,ccdfzr,ccdfzr-23.png
Campsis radicans,campsis-radicans-01-24.png,campsis-radicans-01,50,89,ccdfzr,ccdfzr-24.png
Campsis radicans,campsis-radicans-01-25.png,campsis-radicans-01,16,85,ccdfzr,ccdfzr-25.png
Campsis radicans,campsis-radicans-01-26.png,campsis-radicans-01,55,115,ccdfzr,ccdfzr-26.png
Campsis radicans,campsis-radicans-01-27.png,campsis-radicans-01,39,104,ccdfzr,ccdfzr-27.png
Campsis radicans,campsis-radicans-01-28.png,campsis-radicans-01,45,104,ccdfzr,ccdfzr-28.png
Campsis radicans,campsis-radicans-01-29.png,campsis-radicans-01,54,102,ccdfzr,ccdfzr-29.png
Campsis radicans,campsis-radicans-01-30.png,campsis-radicans-01,44,89,ccdfzr,ccdfzr-30.png
Campsis radicans,campsis-radicans-01-31.png,campsis-radicans-01,34,64,ccdfzr,ccdfzr-31.png
Campsis radicans,campsis-radicans-01-32.png,campsis-radicans-01,19,62,ccdfzr,ccdfzr-32.png
Campsis radicans,campsis-radicans-03-01.png,campsis-radicans-03,155,289,zlg2ft,zlg2ft-01.png
Campsis radicans,campsis-radicans-03-02.png,campsis-radicans-03,137,257,zlg2ft,zlg2ft-02.png
Campsis radicans,campsis-radicans-03-03.png,campsis-radicans-03,32,461,zlg2ft,zlg2ft-03.png
Campsis radicans,campsis-radicans-03-04.png,campsis-radicans-03,119,214,zlg2ft,zlg2ft-04.png
Campsis radicans,campsis-radicans-03-05.png,campsis-radicans-03,139,219,zlg2ft,zlg2ft-05.png
Campsis radicans,campsis-radicans-03-06.png,campsis-radicans-03,131,217,zlg2ft,zlg2ft-06.png
Campsis radicans,campsis-radicans-03-07.png,campsis-radicans-03,104,178,zlg2ft,zlg2ft-07.png
Campsis radicans,campsis-radicans-02-01.png,campsis-radicans-02,156,290,sk8v9y,sk8v9y-01.png
Campsis radicans,campsis-radicans-02-02.png,campsis-radicans-02,172,289,sk8v9y,sk8v9y-02.png
Campsis radicans,campsis-radicans-02-03.png,campsis-radicans-02,31,347,sk8v9y,sk8v9y-03.png
Campsis radicans,campsis-radicans-02-04.png,campsis-radicans-02,99,118,sk8v9y,sk8v9y-04.png
Campsis radicans,campsis-radicans-02-05.png,campsis-radicans-02,102,142,sk8v9y,sk8v9y-05.png
Campsis radicans,campsis-radicans-02-06.png,campsis-radicans-02,144,114,sk8v9y,sk8v9y-06.png
Campsis radicans,campsis-radicans-02-07.png,campsis-radicans-02,159,108,sk8v9y,sk8v9y-07.png
Campsis radicans,campsis-radicans-02-08.png,campsis-radicans-02,84,128,sk8v9y,sk8v9y-08.png
Campsis radicans,campsis-radicans-02-09.png,campsis-radicans-02,47,81,sk8v9y,sk8v9y-09.png
Campsis radicans,campsis-radicans-02-10.png,campsis-radicans-02,82,49,sk8v9y,sk8v9y-10.png
Campsis radicans,campsis-radicans-02-11.png,campsis-radicans-02,77,43,sk8v9y,sk8v9y-11.png
Campsis radicans,campsis-radicans-02-12.png,campsis-radicans-02,85,42,sk8v9y,sk8v9y-12.png
Agapanthus africanus,agapanthus-africanus-03-01.png,agapanthus-africanus-03,34,493,ab6tau,ab6tau-01.png
Agapanthus africanus,agapanthus-africanus-03-02.png,agapanthus-africanus-03,56,482,ab6tau,ab6tau-02.png
Agapanthus africanus,agapanthus-africanus-03-03.png,agapanthus-africanus-03,40,479,ab6tau,ab6tau-03.png
Agapanthus africanus,agapanthus-africanus-03-04.png,agapanthus-africanus-03,48,474,ab6tau,ab6tau-04.png
Agapanthus africanus,agapanthus-africanus-03-05.png,agapanthus-africanus-03,60,469,ab6tau,ab6tau-05.png
Agapanthus africanus,agapanthus-africanus-03-06.png,agapanthus-africanus-03,37,469,ab6tau,ab6tau-06.png
Agapanthus africanus,agapanthus-africanus-03-07.png,agapanthus-africanus-03,55,462,ab6tau,ab6tau-07.png
Agapanthus africanus,agapanthus-africanus-03-08.png,agapanthus-africanus-03,76,448,ab6tau,ab6tau-08.png
Rosa Spp.,rosa-spp-03-01.png,rosa-spp-03,70,73,rfrcxu,rfrcxu-01.png
Rosa Spp.,rosa-spp-03-02.png,rosa-spp-03,73,74,rfrcxu,rfrcxu-02.png
Rosa Spp.,rosa-spp-03-03.png,rosa-spp-03,78,149,rfrcxu,rfrcxu-03.png
Rosa Spp.,rosa-spp-03-04.png,rosa-spp-03,69,131,rfrcxu,rfrcxu-04.png
Rosa Spp.,rosa-spp-03-05.png,rosa-spp-03,53,54,rfrcxu,rfrcxu-05.png
Rosa Spp.,rosa-spp-03-06.png,rosa-spp-03,50,451,rfrcxu,rfrcxu-06.png
Rosa Spp.,rosa-spp-03-07.png,rosa-spp-03,73,65,rfrcxu,rfrcxu-07.png
Rosa Spp.,rosa-spp-03-08.png,rosa-spp-03,73,77,rfrcxu,rfrcxu-08.png
Rosa Spp.,rosa-spp-03-09.png,rosa-spp-03,57,61,rfrcxu,rfrcxu-09.png
Rosa Spp.,rosa-spp-03-10.png,rosa-spp-03,85,138,rfrcxu,rfrcxu-10.png
Rosa Spp.,rosa-spp-03-11.png,rosa-spp-03,66,129,rfrcxu,rfrcxu-11.png
Rosa Spp.,rosa-spp-03-12.png,rosa-spp-03,87,80,rfrcxu,rfrcxu-12.png
Rosa Spp.,rosa-spp-03-13.png,rosa-spp-03,88,86,rfrcxu,rfrcxu-13.png
Rosa Spp.,rosa-spp-03-14.png,rosa-spp-03,66,71,rfrcxu,rfrcxu-14.png
Rosa Spp.,rosa-spp-03-15.png,rosa-spp-03,73,75,rfrcxu,rfrcxu-15.png
Rosa Spp.,rosa-spp-03-16.png,rosa-spp-03,82,77,rfrcxu,rfrcxu-16.png
Rosa Spp.,rosa-spp-03-17.png,rosa-spp-03,64,73,rfrcxu,rfrcxu-17.png
Rosa Spp.,rosa-spp-03-18.png,rosa-spp-03,75,108,rfrcxu,rfrcxu-18.png
Rosa Spp.,rosa-spp-03-19.png,rosa-spp-03,70,131,rfrcxu,rfrcxu-19.png
Rosa Spp.,rosa-spp-03-20.png,rosa-spp-03,77,83,rfrcxu,rfrcxu-20.png
Rosa Spp.,rosa-spp-03-21.png,rosa-spp-03,249,80,rfrcxu,rfrcxu-21.png
Rosa Spp.,rosa-spp-02-01.png,rosa-spp-02,200,206,kardyb,kardyb-01.png
Rosa Spp.,rosa-spp-02-02.png,rosa-spp-02,240,241,kardyb,kardyb-02.png
Rosa Spp.,rosa-spp-02-03.png,rosa-spp-02,118,140,kardyb,kardyb-03.png
Rosa Spp.,rosa-spp-02-04.png,rosa-spp-02,138,140,kardyb,kardyb-04.png
Rosa Spp.,rosa-spp-02-05.png,rosa-spp-02,188,167,kardyb,kardyb-05.png
Rosa Spp.,rosa-spp-02-06.png,rosa-spp-02,115,95,kardyb,kardyb-06.png
Rosa Spp.,rosa-spp-02-07.png,rosa-spp-02,104,87,kardyb,kardyb-07.png
Rosa Spp.,rosa-spp-01-01.png,rosa-spp-01,255,256,djtbe7,djtbe7-01.png
Rosa Spp.,rosa-spp-01-02.png,rosa-spp-01,226,437,djtbe7,djtbe7-02.png
Rosa Spp.,rosa-spp-01-03.png,rosa-spp-01,191,169,djtbe7,djtbe7-03.png
Lonicera caprifolium,lonicera-caprifolium-04-01.png,lonicera-caprifolium-04,141,494,mepk6y,mepk6y-01.png
Lonicera caprifolium,lonicera-caprifolium-04-02.png,lonicera-caprifolium-04,136,477,mepk6y,mepk6y-02.png
Lonicera caprifolium,lonicera-caprifolium-04-03.png,lonicera-caprifolium-04,138,469,mepk6y,mepk6y-03.png
Lonicera caprifolium,lonicera-caprifolium-03-01.png,lonicera-caprifolium-03,131,494,jtefbt,jtefbt-01.png
Lonicera caprifolium,lonicera-caprifolium-03-02.png,lonicera-caprifolium-03,134,461,jtefbt,jtefbt-02.png
Lonicera caprifolium,lonicera-caprifolium-03-03.png,lonicera-caprifolium-03,170,450,jtefbt,jtefbt-03.png
Rhyncospermum jasminoides,rhyncospermum-jasminoides-02-01.png,rhyncospermum-jasminoides-02,120,494,prsk3v,prsk3v-01.png
Rhyncospermum jasminoides,rhyncospermum-jasminoides-02-02.png,rhyncospermum-jasminoides-02,97,486,prsk3v,prsk3v-02.png
Rhyncospermum jasminoides,rhyncospermum-jasminoides-02-03.png,rhyncospermum-jasminoides-02,59,475,prsk3v,prsk3v-03.png
Rhyncospermum jasminoides,rhyncospermum-jasminoides-01-01.png,rhyncospermum-jasminoides-01,162,315,pl92a2,pl92a2-01.png
Rhyncospermum jasminoides,rhyncospermum-jasminoides-01-02.png,rhyncospermum-jasminoides-01,256,326,pl92a2,pl92a2-02.png
Rhyncospermum jasminoides,rhyncospermum-jasminoides-01-03.png,rhyncospermum-jasminoides-01,444,156,pl92a2,pl92a2-03.png
Alcea rosea,alcea-rosea-01-01.png,alcea-rosea-01,30,494,3syhvh,3syhvh-01.png
Alcea rosea,alcea-rosea-01-02.png,alcea-rosea-01,177,287,3syhvh,3syhvh-02.png
Alcea rosea,alcea-rosea-01-03.png,alcea-rosea-01,143,218,3syhvh,3syhvh-03.png
Alcea rosea,alcea-rosea-01-04.png,alcea-rosea-01,87,142,3syhvh,3syhvh-04.png
Alcea rosea,alcea-rosea-01-05.png,alcea-rosea-01,85,149,3syhvh,3syhvh-05.png
Alcea rosea,alcea-rosea-01-06.png,alcea-rosea-01,121,204,3syhvh,3syhvh-06.png
Alcea rosea,alcea-rosea-01-07.png,alcea-rosea-01,133,195,3syhvh,3syhvh-07.png
Alcea rosea,alcea-rosea-01-08.png,alcea-rosea-01,78,142,3syhvh,3syhvh-08.png
Alcea rosea,alcea-rosea-08-01.png,alcea-rosea-08,109,115,vm3vzy,vm3vzy-01.png
Alcea rosea,alcea-rosea-08-02.png,alcea-rosea-08,79,478,vm3vzy,vm3vzy-02.png
Alcea rosea,alcea-rosea-08-03.png,alcea-rosea-08,58,103,vm3vzy,vm3vzy-03.png
Alcea rosea,alcea-rosea-08-04.png,alcea-rosea-08,105,91,vm3vzy,vm3vzy-04.png
Alcea rosea,alcea-rosea-08-05.png,alcea-rosea-08,72,134,vm3vzy,vm3vzy-05.png
Alcea rosea,alcea-rosea-08-06.png,alcea-rosea-08,84,143,vm3vzy,vm3vzy-06.png
Alcea rosea,alcea-rosea-08-07.png,alcea-rosea-08,114,104,vm3vzy,vm3vzy-07.png
Alcea rosea,alcea-rosea-08-08.png,alcea-rosea-08,40,98,vm3vzy,vm3vzy-08.png
Alcea rosea,alcea-rosea-08-09.png,alcea-rosea-08,110,176,vm3vzy,vm3vzy-09.png
Alcea rosea,alcea-rosea-08-10.png,alcea-rosea-08,122,120,vm3vzy,vm3vzy-10.png
Alcea rosea,alcea-rosea-08-11.png,alcea-rosea-08,48,101,vm3vzy,vm3vzy-11.png
Alcea rosea,alcea-rosea-08-12.png,alcea-rosea-08,116,197,vm3vzy,vm3vzy-12.png
Alcea rosea,alcea-rosea-08-13.png,alcea-rosea-08,36,56,vm3vzy,vm3vzy-13.png
Alcea rosea,alcea-rosea-08-14.png,alcea-rosea-08,28,39,vm3vzy,vm3vzy-14.png
Alcea rosea,alcea-rosea-08-15.png,alcea-rosea-08,34,75,vm3vzy,vm3vzy-15.png
Alcea rosea,alcea-rosea-08-16.png,alcea-rosea-08,27,39,vm3vzy,vm3vzy-16.png
Alcea rosea,alcea-rosea-08-17.png,alcea-rosea-08,30,42,vm3vzy,vm3vzy-17.png
Alcea rosea,alcea-rosea-08-18.png,alcea-rosea-08,35,59,vm3vzy,vm3vzy-18.png
Alcea rosea,alcea-rosea-08-19.png,alcea-rosea-08,28,47,vm3vzy,vm3vzy-19.png
Alcea rosea,alcea-rosea-08-20.png,alcea-rosea-08,24,27,vm3vzy,vm3vzy-20.png
Alcea rosea,alcea-rosea-08-21.png,alcea-rosea-08,23,31,vm3vzy,vm3vzy-21.png
Alcea rosea,alcea-rosea-02-01.png,alcea-rosea-02,173,494,4wkcag,4wkcag-01.png
Alcea rosea,alcea-rosea-02-02.png,alcea-rosea-02,151,475,4wkcag,4wkcag-02.png
Papaver rhoeas,papaver-rhoeas-05-01.png,papaver-rhoeas-05,81,481,haavsq,haavsq-01.png
Papaver rhoeas,papaver-rhoeas-05-02.png,papaver-rhoeas-05,84,435,haavsq,haavsq-02.png
Papaver rhoeas,papaver-rhoeas-05-03.png,papaver-rhoeas-05,42,377,haavsq,haavsq-03.png
Papaver rhoeas,papaver-rhoeas-05-04.png,papaver-rhoeas-05,58,401,haavsq,haavsq-04.png
Papaver rhoeas,papaver-rhoeas-05-05.png,papaver-rhoeas-05,57,359,haavsq,haavsq-05.png
Papaver rhoeas,papaver-rhoeas-05-06.png,papaver-rhoeas-05,63,380,haavsq,haavsq-06.png
Papaver rhoeas,papaver-rhoeas-05-07.png,papaver-rhoeas-05,83,52,haavsq,haavsq-07.png
Papaver rhoeas,papaver-rhoeas-05-08.png,papaver-rhoeas-05,84,50,haavsq,haavsq-08.png
Papaver rhoeas,papaver-rhoeas-05-09.png,papaver-rhoeas-05,70,48,haavsq,haavsq-09.png
Papaver rhoeas,papaver-rhoeas-05-10.png,papaver-rhoeas-05,66,44,haavsq,haavsq-10.png
Papaver rhoeas,papaver-rhoeas-05-11.png,papaver-rhoeas-05,49,118,haavsq,haavsq-11.png
Papaver rhoeas,papaver-rhoeas-05-12.png,papaver-rhoeas-05,52,108,haavsq,haavsq-12.png
Papaver rhoeas,papaver-rhoeas-05-13.png,papaver-rhoeas-05,54,95,haavsq,haavsq-13.png
Papaver rhoeas,papaver-rhoeas-05-14.png,papaver-rhoeas-05,26,73,haavsq,haavsq-14.png
Papaver rhoeas,papaver-rhoeas-05-15.png,papaver-rhoeas-05,17,71,haavsq,haavsq-15.png
Papaver rhoeas,papaver-rhoeas-05-16.png,papaver-rhoeas-05,46,60,haavsq,haavsq-16.png
Papaver rhoeas,papaver-rhoeas-05-17.png,papaver-rhoeas-05,44,58,haavsq,haavsq-17.png
Papaver rhoeas,papaver-rhoeas-11-01.png,papaver-rhoeas-11,191,494,unskq7,unskq7-01.png
Papaver rhoeas,papaver-rhoeas-11-02.png,papaver-rhoeas-11,65,494,unskq7,unskq7-02.png
Papaver rhoeas,papaver-rhoeas-11-03.png,papaver-rhoeas-11,114,478,unskq7,unskq7-03.png
Papaver rhoeas,papaver-rhoeas-11-04.png,papaver-rhoeas-11,76,451,unskq7,unskq7-04.png
Papaver rhoeas,papaver-rhoeas-18-01.png,papaver-rhoeas-18,314,494,xyzv3c,xyzv3c-01.png
Papaver rhoeas,papaver-rhoeas-18-02.png,papaver-rhoeas-18,150,465,xyzv3c,xyzv3c-02.png
Papaver rhoeas,papaver-rhoeas-18-03.png,papaver-rhoeas-18,54,361,xyzv3c,xyzv3c-03.png
Papaver rhoeas,papaver-rhoeas-16-01.png,papaver-rhoeas-16,59,116,wnxsax,wnxsax-01.png
Papaver rhoeas,papaver-rhoeas-16-02.png,papaver-rhoeas-16,46,112,wnxsax,wnxsax-02.png
Papaver rhoeas,papaver-rhoeas-16-03.png,papaver-rhoeas-16,39,319,wnxsax,wnxsax-03.png
Papaver rhoeas,papaver-rhoeas-16-04.png,papaver-rhoeas-16,62,240,wnxsax,wnxsax-04.png
Papaver rhoeas,papaver-rhoeas-16-05.png,papaver-rhoeas-16,44,278,wnxsax,wnxsax-05.png
Papaver rhoeas,papaver-rhoeas-16-06.png,papaver-rhoeas-16,67,436,wnxsax,wnxsax-06.png
Papaver rhoeas,papaver-rhoeas-16-07.png,papaver-rhoeas-16,60,312,wnxsax,wnxsax-07.png
Papaver rhoeas,papaver-rhoeas-16-08.png,papaver-rhoeas-16,61,423,wnxsax,wnxsax-08.png
Papaver rhoeas,papaver-rhoeas-16-09.png,papaver-rhoeas-16,38,79,wnxsax,wnxsax-09.png
Papaver rhoeas,papaver-rhoeas-16-10.png,papaver-rhoeas-16,57,72,wnxsax,wnxsax-10.png
Papaver rhoeas,papaver-rhoeas-16-11.png,papaver-rhoeas-16,25,79,wnxsax,wnxsax-11.png
Papaver rhoeas,papaver-rhoeas-16-12.png,papaver-rhoeas-16,33,85,wnxsax,wnxsax-12.png
Papaver rhoeas,papaver-rhoeas-16-13.png,papaver-rhoeas-16,34,72,wnxsax,wnxsax-13.png
Papaver rhoeas,papaver-rhoeas-16-14.png,papaver-rhoeas-16,37,80,wnxsax,wnxsax-14.png
Papaver rhoeas,papaver-rhoeas-16-15.png,papaver-rhoeas-16,49,164,wnxsax,wnxsax-15.png
Papaver rhoeas,papaver-rhoeas-16-16.png,papaver-rhoeas-16,56,150,wnxsax,wnxsax-16.png
Papaver rhoeas,papaver-rhoeas-16-17.png,papaver-rhoeas-16,69,55,wnxsax,wnxsax-17.png
Papaver rhoeas,papaver-rhoeas-16-18.png,papaver-rhoeas-16,69,52,wnxsax,wnxsax-18.png
Papaver rhoeas,papaver-rhoeas-16-19.png,papaver-rhoeas-16,54,48,wnxsax,wnxsax-19.png
Papaver rhoeas,papaver-rhoeas-16-20.png,papaver-rhoeas-16,55,45,wnxsax,wnxsax-20.png
Papaver rhoeas,papaver-rhoeas-16-21.png,papaver-rhoeas-16,218,62,wnxsax,wnxsax-21.png
Papaver rhoeas,papaver-rhoeas-04-01.png,papaver-rhoeas-04,76,493,bsv6te,bsv6te-01.png
Papaver rhoeas,papaver-rhoeas-04-02.png,papaver-rhoeas-04,104,455,bsv6te,bsv6te-02.png
Papaver rhoeas,papaver-rhoeas-04-03.png,papaver-rhoeas-04,117,458,bsv6te,bsv6te-03.png
Papaver rhoeas,papaver-rhoeas-04-04.png,papaver-rhoeas-04,80,389,bsv6te,bsv6te-04.png
Papaver rhoeas,papaver-rhoeas-13-01.png,papaver-rhoeas-13,90,494,vcjsbk,vcjsbk-01.png
Papaver rhoeas,papaver-rhoeas-13-02.png,papaver-rhoeas-13,138,484,vcjsbk,vcjsbk-02.png
Papaver rhoeas,papaver-rhoeas-13-03.png,papaver-rhoeas-13,86,477,vcjsbk,vcjsbk-03.png
Papaver rhoeas,papaver-rhoeas-17-01.png,papaver-rhoeas-17,424,494,xejgtb,xejgtb-01.png
Iris pseudacorus,iris-pseudacorus-02-01.png,iris-pseudacorus-02,69,485,gbpb68,gbpb68-01.png
Iris pseudacorus,iris-pseudacorus-02-02.png,iris-pseudacorus-02,59,483,gbpb68,gbpb68-02.png
Iris pseudacorus,iris-pseudacorus-02-03.png,iris-pseudacorus-02,32,479,gbpb68,gbpb68-03.png
Iris pseudacorus,iris-pseudacorus-02-04.png,iris-pseudacorus-02,76,194,gbpb68,gbpb68-04.png
Iris pseudacorus,iris-pseudacorus-02-05.png,iris-pseudacorus-02,30,454,gbpb68,gbpb68-05.png
Iris pseudacorus,iris-pseudacorus-02-06.png,iris-pseudacorus-02,110,124,gbpb68,gbpb68-06.png
Iris pseudacorus,iris-pseudacorus-02-07.png,iris-pseudacorus-02,46,399,gbpb68,gbpb68-07.png
Iris pseudacorus,iris-pseudacorus-02-08.png,iris-pseudacorus-02,34,188,gbpb68,gbpb68-08.png
Iris pseudacorus,iris-pseudacorus-02-09.png,iris-pseudacorus-02,61,116,gbpb68,gbpb68-09.png
Iris pseudacorus,iris-pseudacorus-02-10.png,iris-pseudacorus-02,23,81,gbpb68,gbpb68-10.png
Iris pseudacorus,iris-pseudacorus-02-11.png,iris-pseudacorus-02,25,75,gbpb68,gbpb68-11.png
Iris pseudacorus,iris-pseudacorus-02-12.png,iris-pseudacorus-02,100,17,gbpb68,gbpb68-12.png
Iris pseudacorus,iris-pseudacorus-02-13.png,iris-pseudacorus-02,129,29,gbpb68,gbpb68-13.png
Iris pseudacorus,iris-pseudacorus-02-14.png,iris-pseudacorus-02,182,22,gbpb68,gbpb68-14.png
Iris pseudacorus,iris-pseudacorus-02-15.png,iris-pseudacorus-02,189,28,gbpb68,gbpb68-15.png
Iris pseudacorus,iris-pseudacorus-01-01.png,iris-pseudacorus-01,123,494,brt3sc,brt3sc-01.png
Iris pseudacorus,iris-pseudacorus-01-02.png,iris-pseudacorus-01,85,485,brt3sc,brt3sc-02.png
Iris pseudacorus,iris-pseudacorus-01-03.png,iris-pseudacorus-01,217,428,brt3sc,brt3sc-03.png
Iris pseudacorus,iris-pseudacorus-01-04.png,iris-pseudacorus-01,37,356,brt3sc,brt3sc-04.png
Papaver rhoeas,papaver-rhoeas-09-01.png,papaver-rhoeas-09,100,489,rxd7pj,rxd7pj-01.png
Papaver rhoeas,papaver-rhoeas-09-02.png,papaver-rhoeas-09,163,494,rxd7pj,rxd7pj-02.png
Papaver rhoeas,papaver-rhoeas-09-03.png,papaver-rhoeas-09,102,482,rxd7pj,rxd7pj-03.png
Papaver rhoeas,papaver-rhoeas-09-04.png,papaver-rhoeas-09,87,418,rxd7pj,rxd7pj-04.png
Papaver rhoeas,papaver-rhoeas-10-01.png,papaver-rhoeas-10,413,494,tns5k8,tns5k8-01.png
Rosa Spp.,rosa-spp-07-01.png,rosa-spp-07,89,88,yecznm,yecznm-01.png
Rosa Spp.,rosa-spp-07-02.png,rosa-spp-07,49,80,yecznm,yecznm-02.png
Rosa Spp.,rosa-spp-07-03.png,rosa-spp-07,81,82,yecznm,yecznm-03.png
Rosa Spp.,rosa-spp-07-04.png,rosa-spp-07,81,82,yecznm,yecznm-04.png
Rosa Spp.,rosa-spp-07-05.png,rosa-spp-07,81,87,yecznm,yecznm-05.png
Rosa Spp.,rosa-spp-07-06.png,rosa-spp-07,65,57,yecznm,yecznm-06.png
Rosa Spp.,rosa-spp-07-07.png,rosa-spp-07,75,101,yecznm,yecznm-07.png
Rosa Spp.,rosa-spp-07-08.png,rosa-spp-07,17,317,yecznm,yecznm-08.png
Rosa Spp.,rosa-spp-07-09.png,rosa-spp-07,58,87,yecznm,yecznm-09.png
Rosa Spp.,rosa-spp-07-10.png,rosa-spp-07,83,103,yecznm,yecznm-10.png
Rosa Spp.,rosa-spp-07-11.png,rosa-spp-07,73,99,yecznm,yecznm-11.png
Rosa Spp.,rosa-spp-07-12.png,rosa-spp-07,86,108,yecznm,yecznm-12.png
Rosa Spp.,rosa-spp-07-13.png,rosa-spp-07,76,106,yecznm,yecznm-13.png
Rosa Spp.,rosa-spp-07-14.png,rosa-spp-07,77,85,yecznm,yecznm-14.png
Rosa Spp.,rosa-spp-07-15.png,rosa-spp-07,182,128,yecznm,yecznm-15.png
Rosa Spp.,rosa-spp-07-16.png,rosa-spp-07,91,112,yecznm,yecznm-16.png
Rosa Spp.,rosa-spp-07-17.png,rosa-spp-07,84,99,yecznm,yecznm-17.png
Rosa Spp.,rosa-spp-07-18.png,rosa-spp-07,114,90,yecznm,yecznm-18.png
Rosa Spp.,rosa-spp-07-19.png,rosa-spp-07,95,101,yecznm,yecznm-19.png
Rosa Spp.,rosa-spp-07-20.png,rosa-spp-07,99,88,yecznm,yecznm-20.png
Rosa Spp.,rosa-spp-05-01.png,rosa-spp-05,131,122,tnn2dn,tnn2dn-01.png
Rosa Spp.,rosa-spp-05-02.png,rosa-spp-05,123,128,tnn2dn,tnn2dn-02.png
Rosa Spp.,rosa-spp-05-03.png,rosa-spp-05,110,102,tnn2dn,tnn2dn-03.png
Rosa Spp.,rosa-spp-05-04.png,rosa-spp-05,79,280,tnn2dn,tnn2dn-04.png
Rosa Spp.,rosa-spp-05-05.png,rosa-spp-05,63,259,tnn2dn,tnn2dn-05.png
Rosa Spp.,rosa-spp-05-06.png,rosa-spp-05,44,72,tnn2dn,tnn2dn-06.png
Rosa Spp.,rosa-spp-05-07.png,rosa-spp-05,169,204,tnn2dn,tnn2dn-07.png
Rosa Spp.,rosa-spp-05-08.png,rosa-spp-05,150,225,tnn2dn,tnn2dn-08.png
Rosa Spp.,rosa-spp-05-09.png,rosa-spp-05,39,71,tnn2dn,tnn2dn-09.png
Rosa Spp.,rosa-spp-05-10.png,rosa-spp-05,184,142,tnn2dn,tnn2dn-10.png
Rosa Spp.,rosa-spp-05-11.png,rosa-spp-05,113,81,tnn2dn,tnn2dn-11.png
Rosa Spp.,rosa-spp-05-12.png,rosa-spp-05,99,58,tnn2dn,tnn2dn-12.png
Rosa Spp.,rosa-spp-06-01.png,rosa-spp-06,63,67,wpfbk3,wpfbk3-01.png
Rosa Spp.,rosa-spp-06-02.png,rosa-spp-06,59,66,wpfbk3,wpfbk3-02.png
Rosa Spp.,rosa-spp-06-03.png,rosa-spp-06,60,65,wpfbk3,wpfbk3-03.png
Rosa Spp.,rosa-spp-06-04.png,rosa-spp-06,57,56,wpfbk3,wpfbk3-04.png
Rosa Spp.,rosa-spp-06-05.png,rosa-spp-06,61,65,wpfbk3,wpfbk3-05.png
Rosa Spp.,rosa-spp-06-06.png,rosa-spp-06,48,76,wpfbk3,wpfbk3-06.png
Rosa Spp.,rosa-spp-06-07.png,rosa-spp-06,31,260,wpfbk3,wpfbk3-07.png
Rosa Spp.,rosa-spp-06-08.png,rosa-spp-06,116,61,wpfbk3,wpfbk3-08.png
Rosa Spp.,rosa-spp-06-09.png,rosa-spp-06,55,58,wpfbk3,wpfbk3-09.png
Rosa Spp.,rosa-spp-06-10.png,rosa-spp-06,65,66,wpfbk3,wpfbk3-10.png
Rosa Spp.,rosa-spp-06-11.png,rosa-spp-06,59,65,wpfbk3,wpfbk3-11.png
Rosa Spp.,rosa-spp-06-12.png,rosa-spp-06,65,115,wpfbk3,wpfbk3-12.png
Rosa Spp.,rosa-spp-06-13.png,rosa-spp-06,52,60,wpfbk3,wpfbk3-13.png
Rosa Spp.,rosa-spp-06-14.png,rosa-spp-06,60,61,wpfbk3,wpfbk3-14.png
Rosa Spp.,rosa-spp-06-15.png,rosa-spp-06,55,59,wpfbk3,wpfbk3-15.png
Rosa Spp.,rosa-spp-06-16.png,rosa-spp-06,58,57,wpfbk3,wpfbk3-16.png
Rosa Spp.,rosa-spp-06-17.png,rosa-spp-06,64,63,wpfbk3,wpfbk3-17.png
Rosa Spp.,rosa-spp-06-18.png,rosa-spp-06,48,77,wpfbk3,wpfbk3-18.png
Rosa Spp.,rosa-spp-06-19.png,rosa-spp-06,74,124,wpfbk3,wpfbk3-19.png
Rosa Spp.,rosa-spp-06-20.png,rosa-spp-06,58,84,wpfbk3,wpfbk3-20.png
Rosa Spp.,rosa-spp-06-21.png,rosa-spp-06,59,84,wpfbk3,wpfbk3-21.png
Rosa Spp.,rosa-spp-06-22.png,rosa-spp-06,47,69,wpfbk3,wpfbk3-22.png
Rosa Spp.,rosa-spp-06-23.png,rosa-spp-06,68,206,wpfbk3,wpfbk3-23.png
Rosa Spp.,rosa-spp-06-24.png,rosa-spp-06,84,186,wpfbk3,wpfbk3-24.png
Rosa Spp.,rosa-spp-06-25.png,rosa-spp-06,54,92,wpfbk3,wpfbk3-25.png
Rosa Spp.,rosa-spp-06-26.png,rosa-spp-06,44,95,wpfbk3,wpfbk3-26.png
Rosa Spp.,rosa-spp-06-27.png,rosa-spp-06,58,86,wpfbk3,wpfbk3-27.png
Rosa Spp.,rosa-spp-06-28.png,rosa-spp-06,48,70,wpfbk3,wpfbk3-28.png
Rosa Spp.,rosa-spp-06-29.png,rosa-spp-06,60,88,wpfbk3,wpfbk3-29.png
Rosa Spp.,rosa-spp-04-01.png,rosa-spp-04,144,140,thjqwj,thjqwj-01.png
Rosa Spp.,rosa-spp-04-02.png,rosa-spp-04,125,129,thjqwj,thjqwj-02.png
Rosa Spp.,rosa-spp-04-03.png,rosa-spp-04,30,262,thjqwj,thjqwj-03.png
Rosa Spp.,rosa-spp-04-04.png,rosa-spp-04,120,121,thjqwj,thjqwj-04.png
Rosa Spp.,rosa-spp-04-05.png,rosa-spp-04,109,197,thjqwj,thjqwj-05.png
Rosa Spp.,rosa-spp-04-06.png,rosa-spp-04,120,150,thjqwj,thjqwj-06.png
Rosa Spp.,rosa-spp-04-07.png,rosa-spp-04,135,161,thjqwj,thjqwj-07.png
Rosa Spp.,rosa-spp-04-08.png,rosa-spp-04,69,179,thjqwj,thjqwj-08.png
Rosa Spp.,rosa-spp-04-09.png,rosa-spp-04,181,145,thjqwj,thjqwj-09.png
Rosa Spp.,rosa-spp-04-10.png,rosa-spp-04,123,84,thjqwj,thjqwj-10.png
Malva setigera,malva-setigera-01-01.png,malva-setigera-01,105,49,4bkda5,4bkda5-01.png
Malva setigera,malva-setigera-01-02.png,malva-setigera-01,45,47,4bkda5,4bkda5-02.png
Malva setigera,malva-setigera-01-03.png,malva-setigera-01,50,53,4bkda5,4bkda5-03.png
Malva setigera,malva-setigera-01-04.png,malva-setigera-01,48,51,4bkda5,4bkda5-04.png
Malva setigera,malva-setigera-01-05.png,malva-setigera-01,41,46,4bkda5,4bkda5-05.png
Malva setigera,malva-setigera-01-06.png,malva-setigera-01,44,462,4bkda5,4bkda5-06.png
Malva setigera,malva-setigera-01-07.png,malva-setigera-01,52,48,4bkda5,4bkda5-07.png
Malva setigera,malva-setigera-01-08.png,malva-setigera-01,45,463,4bkda5,4bkda5-08.png
Malva setigera,malva-setigera-01-09.png,malva-setigera-01,19,44,4bkda5,4bkda5-09.png
Malva setigera,malva-setigera-01-10.png,malva-setigera-01,22,49,4bkda5,4bkda5-10.png
Malva setigera,malva-setigera-01-11.png,malva-setigera-01,39,44,4bkda5,4bkda5-11.png
Malva setigera,malva-setigera-01-12.png,malva-setigera-01,37,41,4bkda5,4bkda5-12.png
Malva setigera,malva-setigera-01-13.png,malva-setigera-01,46,50,4bkda5,4bkda5-13.png
Malva setigera,malva-setigera-01-14.png,malva-setigera-01,53,43,4bkda5,4bkda5-14.png
Malva setigera,malva-setigera-01-15.png,malva-setigera-01,65,39,4bkda5,4bkda5-15.png
Malva setigera,malva-setigera-01-16.png,malva-setigera-01,29,27,4bkda5,4bkda5-16.png
Malva setigera,malva-setigera-01-17.png,malva-setigera-01,78,110,4bkda5,4bkda5-17.png
Malva setigera,malva-setigera-01-18.png,malva-setigera-01,84,116,4bkda5,4bkda5-18.png
Malva setigera,malva-setigera-01-19.png,malva-setigera-01,88,117,4bkda5,4bkda5-19.png
Malva setigera,malva-setigera-01-20.png,malva-setigera-01,88,123,4bkda5,4bkda5-20.png
Malva setigera,malva-setigera-01-21.png,malva-setigera-01,71,101,4bkda5,4bkda5-21.png
Malva setigera,malva-setigera-01-22.png,malva-setigera-01,78,98,4bkda5,4bkda5-22.png
Malva setigera,malva-setigera-01-23.png,malva-setigera-01,80,107,4bkda5,4bkda5-23.png
Malva setigera,malva-setigera-01-24.png,malva-setigera-01,64,113,4bkda5,4bkda5-24.png
Malva setigera,malva-setigera-01-25.png,malva-setigera-01,46,94,4bkda5,4bkda5-25.png
Malva setigera,malva-setigera-01-26.png,malva-setigera-01,42,63,4bkda5,4bkda5-26.png
Malva setigera,malva-setigera-01-27.png,malva-setigera-01,74,55,4bkda5,4bkda5-27.png
Malva setigera,malva-setigera-01-28.png,malva-setigera-01,51,61,4bkda5,4bkda5-28.png
Malva setigera,malva-setigera-01-29.png,malva-setigera-01,35,54,4bkda5,4bkda5-29.png
Malva setigera,malva-setigera-01-30.png,malva-setigera-01,76,40,4bkda5,4bkda5-30.png
Malva setigera,malva-setigera-05-01.png,malva-setigera-05,140,489,ygkpwa,ygkpwa-01.png
Malva setigera,malva-setigera-05-02.png,malva-setigera-05,172,452,ygkpwa,ygkpwa-02.png
Malva setigera,malva-setigera-05-03.png,malva-setigera-05,190,448,ygkpwa,ygkpwa-03.png
Lonicera caprifolium,lonicera-caprifolium-01-01.png,lonicera-caprifolium-01,45,76,bpksza,bpksza-01.png
Lonicera caprifolium,lonicera-caprifolium-01-02.png,lonicera-caprifolium-01,41,79,bpksza,bpksza-02.png
Lonicera caprifolium,lonicera-caprifolium-01-03.png,lonicera-caprifolium-01,53,100,bpksza,bpksza-03.png
Lonicera caprifolium,lonicera-caprifolium-01-04.png,lonicera-caprifolium-01,41,73,bpksza,bpksza-04.png
Lonicera caprifolium,lonicera-caprifolium-01-05.png,lonicera-caprifolium-01,43,84,bpksza,bpksza-05.png
Lonicera caprifolium,lonicera-caprifolium-01-06.png,lonicera-caprifolium-01,33,97,bpksza,bpksza-06.png
Lonicera caprifolium,lonicera-caprifolium-01-07.png,lonicera-caprifolium-01,87,467,bpksza,bpksza-07.png
Lonicera caprifolium,lonicera-caprifolium-01-08.png,lonicera-caprifolium-01,88,465,bpksza,bpksza-08.png
Lonicera caprifolium,lonicera-caprifolium-01-09.png,lonicera-caprifolium-01,38,78,bpksza,bpksza-09.png
Lonicera caprifolium,lonicera-caprifolium-01-10.png,lonicera-caprifolium-01,41,82,bpksza,bpksza-10.png
Lonicera caprifolium,lonicera-caprifolium-01-11.png,lonicera-caprifolium-01,40,81,bpksza,bpksza-11.png
Lonicera caprifolium,lonicera-caprifolium-01-12.png,lonicera-caprifolium-01,46,92,bpksza,bpksza-12.png
Lonicera caprifolium,lonicera-caprifolium-01-13.png,lonicera-caprifolium-01,52,102,bpksza,bpksza-13.png
Lonicera caprifolium,lonicera-caprifolium-01-14.png,lonicera-caprifolium-01,43,85,bpksza,bpksza-14.png
Lonicera caprifolium,lonicera-caprifolium-01-15.png,lonicera-caprifolium-01,44,94,bpksza,bpksza-15.png
Lonicera caprifolium,lonicera-caprifolium-01-16.png,lonicera-caprifolium-01,47,87,bpksza,bpksza-16.png
Lonicera caprifolium,lonicera-caprifolium-01-17.png,lonicera-caprifolium-01,35,83,bpksza,bpksza-17.png
Lonicera caprifolium,lonicera-caprifolium-01-18.png,lonicera-caprifolium-01,53,101,bpksza,bpksza-18.png
Lonicera caprifolium,lonicera-caprifolium-01-19.png,lonicera-caprifolium-01,39,82,bpksza,bpksza-19.png
Lonicera caprifolium,lonicera-caprifolium-01-20.png,lonicera-caprifolium-01,53,99,bpksza,bpksza-20.png
Lonicera caprifolium,lonicera-caprifolium-01-21.png,lonicera-caprifolium-01,55,94,bpksza,bpksza-21.png
Lonicera caprifolium,lonicera-caprifolium-01-22.png,lonicera-caprifolium-01,43,80,bpksza,bpksza-22.png
Lonicera caprifolium,lonicera-caprifolium-01-23.png,lonicera-caprifolium-01,38,84,bpksza,bpksza-23.png
Lonicera caprifolium,lonicera-caprifolium-01-24.png,lonicera-caprifolium-01,43,73,bpksza,bpksza-24.png
Lonicera caprifolium,lonicera-caprifolium-01-25.png,lonicera-caprifolium-01,42,105,bpksza,bpksza-25.png
Lonicera caprifolium,lonicera-caprifolium-01-26.png,lonicera-caprifolium-01,48,106,bpksza,bpksza-26.png
Lonicera caprifolium,lonicera-caprifolium-01-27.png,lonicera-caprifolium-01,67,38,bpksza,bpksza-27.png
Lonicera caprifolium,lonicera-caprifolium-01-28.png,lonicera-caprifolium-01,64,44,bpksza,bpksza-28.png
Lonicera caprifolium,lonicera-caprifolium-01-29.png,lonicera-caprifolium-01,73,37,bpksza,bpksza-29.png
Lonicera caprifolium,lonicera-caprifolium-01-30.png,lonicera-caprifolium-01,52,29,bpksza,bpksza-30.png
Lonicera caprifolium,lonicera-caprifolium-02-01.png,lonicera-caprifolium-02,182,480,dy9xwr,dy9xwr-01.png
Lonicera caprifolium,lonicera-caprifolium-02-02.png,lonicera-caprifolium-02,149,480,dy9xwr,dy9xwr-02.png
Lonicera caprifolium,lonicera-caprifolium-02-03.png,lonicera-caprifolium-02,95,414,dy9xwr,dy9xwr-03.png
Lonicera caprifolium,lonicera-caprifolium-02-04.png,lonicera-caprifolium-02,159,439,dy9xwr,dy9xwr-04.png
Onobrychis arenaria,onobrychis-arenaria-01-01.png,onobrychis-arenaria-01,101,493,87q4vw,87q4vw-01.png
Onobrychis arenaria,onobrychis-arenaria-01-02.png,onobrychis-arenaria-01,60,490,87q4vw,87q4vw-02.png
Onobrychis arenaria,onobrychis-arenaria-01-03.png,onobrychis-arenaria-01,83,492,87q4vw,87q4vw-03.png
Onobrychis arenaria,onobrychis-arenaria-01-04.png,onobrychis-arenaria-01,72,178,87q4vw,87q4vw-04.png
Onobrychis arenaria,onobrychis-arenaria-01-05.png,onobrychis-arenaria-01,93,478,87q4vw,87q4vw-05.png
Onobrychis arenaria,onobrychis-arenaria-01-06.png,onobrychis-arenaria-01,61,481,87q4vw,87q4vw-06.png
Onobrychis arenaria,onobrychis-arenaria-01-07.png,onobrychis-arenaria-01,64,173,87q4vw,87q4vw-07.png
Onobrychis arenaria,onobrychis-arenaria-01-08.png,onobrychis-arenaria-01,41,123,87q4vw,87q4vw-08.png
Onobrychis arenaria,onobrychis-arenaria-02-01.png,onobrychis-arenaria-02,205,494,wcmun6,wcmun6-01.png
Onobrychis arenaria,onobrychis-arenaria-02-02.png,onobrychis-arenaria-02,128,444,wcmun6,wcmun6-02.png
Onobrychis arenaria,onobrychis-arenaria-02-03.png,onobrychis-arenaria-02,48,422,wcmun6,wcmun6-03.png
Papaver rhoeas,papaver-rhoeas-06-01.png,papaver-rhoeas-06,49,489,knu6gz,knu6gz-01.png
Papaver rhoeas,papaver-rhoeas-06-02.png,papaver-rhoeas-06,58,485,knu6gz,knu6gz-02.png
Papaver rhoeas,papaver-rhoeas-06-03.png,papaver-rhoeas-06,62,486,knu6gz,knu6gz-03.png
Papaver rhoeas,papaver-rhoeas-06-04.png,papaver-rhoeas-06,38,479,knu6gz,knu6gz-04.png
Papaver rhoeas,papaver-rhoeas-06-05.png,papaver-rhoeas-06,78,483,knu6gz,knu6gz-05.png
Papaver rhoeas,papaver-rhoeas-06-06.png,papaver-rhoeas-06,41,474,knu6gz,knu6gz-06.png
Papaver rhoeas,papaver-rhoeas-06-07.png,papaver-rhoeas-06,21,427,knu6gz,knu6gz-07.png
Papaver rhoeas,papaver-rhoeas-02-01.png,papaver-rhoeas-02,95,494,7dwf3q,7dwf3q-01.png
Papaver rhoeas,papaver-rhoeas-02-02.png,papaver-rhoeas-02,119,491,7dwf3q,7dwf3q-02.png
Papaver rhoeas,papaver-rhoeas-02-03.png,papaver-rhoeas-02,122,477,7dwf3q,7dwf3q-03.png
Papaver rhoeas,papaver-rhoeas-07-01.png,papaver-rhoeas-07,437,494,pv9l7e,pv9l7e-01.png
Papaver rhoeas,papaver-rhoeas-07-02.png,papaver-rhoeas-07,138,357,pv9l7e,pv9l7e-02.png
Astragalus onobrychis,astragalus-onobrychis-01-01.png,astragalus-onobrychis-01,56,222,bup8vf,bup8vf-01.png
Astragalus onobrychis,astragalus-onobrychis-01-02.png,astragalus-onobrychis-01,62,238,bup8vf,bup8vf-02.png
Astragalus onobrychis,astragalus-onobrychis-01-03.png,astragalus-onobrychis-01,87,222,bup8vf,bup8vf-03.png
Astragalus onobrychis,astragalus-onobrychis-01-04.png,astragalus-onobrychis-01,51,212,bup8vf,bup8vf-04.png
Astragalus onobrychis,astragalus-onobrychis-01-05.png,astragalus-onobrychis-01,35,229,bup8vf,bup8vf-05.png
Astragalus onobrychis,astragalus-onobrychis-01-06.png,astragalus-onobrychis-01,70,235,bup8vf,bup8vf-06.png
Astragalus onobrychis,astragalus-onobrychis-01-07.png,astragalus-onobrychis-01,70,234,bup8vf,bup8vf-07.png
Astragalus onobrychis,astragalus-onobrychis-01-08.png,astragalus-onobrychis-01,53,238,bup8vf,bup8vf-08.png
Astragalus onobrychis,astragalus-onobrychis-01-09.png,astragalus-onobrychis-01,59,238,bup8vf,bup8vf-09.png
Astragalus onobrychis,astragalus-onobrychis-01-10.png,astragalus-onobrychis-01,55,226,bup8vf,bup8vf-10.png
Astragalus onobrychis,astragalus-onobrychis-01-11.png,astragalus-onobrychis-01,46,224,bup8vf,bup8vf-11.png
Astragalus onobrychis,astragalus-onobrychis-01-12.png,astragalus-onobrychis-01,43,221,bup8vf,bup8vf-12.png
Delphinium ajacis,delphinium-ajacis-05-01.png,delphinium-ajacis-05,89,254,qpwnjv,qpwnjv-01.png
Delphinium ajacis,delphinium-ajacis-05-02.png,delphinium-ajacis-05,84,494,qpwnjv,qpwnjv-02.png
Delphinium ajacis,delphinium-ajacis-05-03.png,delphinium-ajacis-05,88,470,qpwnjv,qpwnjv-03.png
Delphinium ajacis,delphinium-ajacis-05-04.png,delphinium-ajacis-05,91,233,qpwnjv,qpwnjv-04.png
Delphinium ajacis,delphinium-ajacis-05-05.png,delphinium-ajacis-05,53,187,qpwnjv,qpwnjv-05.png
Delphinium ajacis,delphinium-ajacis-05-06.png,delphinium-ajacis-05,55,187,qpwnjv,qpwnjv-06.png
Delphinium ajacis,delphinium-ajacis-05-07.png,delphinium-ajacis-05,130,117,qpwnjv,qpwnjv-07.png
Delphinium ajacis,delphinium-ajacis-05-08.png,delphinium-ajacis-05,68,96,qpwnjv,qpwnjv-08.png
Delphinium ajacis,delphinium-ajacis-05-09.png,delphinium-ajacis-05,47,90,qpwnjv,qpwnjv-09.png
Delphinium ajacis,delphinium-ajacis-05-10.png,delphinium-ajacis-05,59,187,qpwnjv,qpwnjv-10.png
Delphinium ajacis,delphinium-ajacis-05-11.png,delphinium-ajacis-05,51,108,qpwnjv,qpwnjv-11.png
Delphinium ajacis,delphinium-ajacis-05-12.png,delphinium-ajacis-05,110,94,qpwnjv,qpwnjv-12.png
Delphinium ajacis,delphinium-ajacis-05-13.png,delphinium-ajacis-05,28,91,qpwnjv,qpwnjv-13.png
Delphinium ajacis,delphinium-ajacis-06-01.png,delphinium-ajacis-06,167,494,tr7qzt,tr7qzt-01.png
Delphinium ajacis,delphinium-ajacis-06-02.png,delphinium-ajacis-06,149,486,tr7qzt,tr7qzt-02.png
Delphinium ajacis,delphinium-ajacis-06-03.png,delphinium-ajacis-06,155,463,tr7qzt,tr7qzt-03.png
Glaucium corniculatum,glaucium-corniculatum-03-01.png,glaucium-corniculatum-03,66,61,7gp5jz,7gp5jz-01.png
Glaucium corniculatum,glaucium-corniculatum-03-02.png,glaucium-corniculatum-03,52,61,7gp5jz,7gp5jz-02.png
Glaucium corniculatum,glaucium-corniculatum-03-03.png,glaucium-corniculatum-03,65,64,7gp5jz,7gp5jz-03.png
Glaucium corniculatum,glaucium-corniculatum-03-04.png,glaucium-corniculatum-03,51,69,7gp5jz,7gp5jz-04.png
Glaucium corniculatum,glaucium-corniculatum-03-05.png,glaucium-corniculatum-03,90,408,7gp5jz,7gp5jz-05.png
Glaucium corniculatum,glaucium-corniculatum-03-06.png,glaucium-corniculatum-03,67,445,7gp5jz,7gp5jz-06.png
Glaucium corniculatum,glaucium-corniculatum-03-07.png,glaucium-corniculatum-03,52,269,7gp5jz,7gp5jz-07.png
Glaucium corniculatum,glaucium-corniculatum-03-08.png,glaucium-corniculatum-03,52,326,7gp5jz,7gp5jz-08.png
Glaucium corniculatum,glaucium-corniculatum-03-09.png,glaucium-corniculatum-03,73,355,7gp5jz,7gp5jz-09.png
Glaucium corniculatum,glaucium-corniculatum-03-10.png,glaucium-corniculatum-03,83,200,7gp5jz,7gp5jz-10.png
Glaucium corniculatum,glaucium-corniculatum-03-11.png,glaucium-corniculatum-03,86,332,7gp5jz,7gp5jz-11.png
Glaucium corniculatum,glaucium-corniculatum-03-12.png,glaucium-corniculatum-03,43,327,7gp5jz,7gp5jz-12.png
Glaucium corniculatum,glaucium-corniculatum-03-13.png,glaucium-corniculatum-03,79,169,7gp5jz,7gp5jz-13.png
Glaucium corniculatum,glaucium-corniculatum-03-14.png,glaucium-corniculatum-03,128,104,7gp5jz,7gp5jz-14.png
Glaucium corniculatum,glaucium-corniculatum-03-15.png,glaucium-corniculatum-03,105,30,7gp5jz,7gp5jz-15.png
Glaucium corniculatum,glaucium-corniculatum-10-01.png,glaucium-corniculatum-10,232,494,xsnzbg,xsnzbg-01.png
Glaucium corniculatum,glaucium-corniculatum-10-02.png,glaucium-corniculatum-10,249,480,xsnzbg,xsnzbg-02.png
Glaucium corniculatum,glaucium-corniculatum-09-01.png,glaucium-corniculatum-09,186,494,szezhv,szezhv-01.png
Glaucium corniculatum,glaucium-corniculatum-09-02.png,glaucium-corniculatum-09,138,492,szezhv,szezhv-02.png
Glaucium corniculatum,glaucium-corniculatum-09-03.png,glaucium-corniculatum-09,124,481,szezhv,szezhv-03.png
Glaucium corniculatum,glaucium-corniculatum-06-01.png,glaucium-corniculatum-06,140,454,pdgbrv,pdgbrv-01.png
Glaucium corniculatum,glaucium-corniculatum-06-02.png,glaucium-corniculatum-06,96,104,pdgbrv,pdgbrv-02.png
Glaucium corniculatum,glaucium-corniculatum-06-03.png,glaucium-corniculatum-06,66,108,pdgbrv,pdgbrv-03.png
Glaucium corniculatum,glaucium-corniculatum-06-04.png,glaucium-corniculatum-06,98,94,pdgbrv,pdgbrv-04.png
Glaucium corniculatum,glaucium-corniculatum-06-05.png,glaucium-corniculatum-06,60,102,pdgbrv,pdgbrv-05.png
Glaucium corniculatum,glaucium-corniculatum-06-06.png,glaucium-corniculatum-06,59,200,pdgbrv,pdgbrv-06.png
Glaucium corniculatum,glaucium-corniculatum-06-07.png,glaucium-corniculatum-06,63,180,pdgbrv,pdgbrv-07.png
Glaucium corniculatum,glaucium-corniculatum-06-08.png,glaucium-corniculatum-06,65,191,pdgbrv,pdgbrv-08.png
Glaucium corniculatum,glaucium-corniculatum-06-09.png,glaucium-corniculatum-06,57,201,pdgbrv,pdgbrv-09.png
Glaucium corniculatum,glaucium-corniculatum-06-10.png,glaucium-corniculatum-06,180,61,pdgbrv,pdgbrv-10.png
Glaucium corniculatum,glaucium-corniculatum-06-11.png,glaucium-corniculatum-06,193,64,pdgbrv,pdgbrv-11.png
Glaucium corniculatum,glaucium-corniculatum-06-12.png,glaucium-corniculatum-06,170,56,pdgbrv,pdgbrv-12.png
Glaucium corniculatum,glaucium-corniculatum-06-13.png,glaucium-corniculatum-06,167,46,pdgbrv,pdgbrv-13.png
Syringa vulgaris,syringa-vulgaris-02-01.png,syringa-vulgaris-02,43,76,ss3hn5,ss3hn5-01.png
Syringa vulgaris,syringa-vulgaris-02-02.png,syringa-vulgaris-02,41,81,ss3hn5,ss3hn5-02.png
Syringa vulgaris,syringa-vulgaris-02-03.png,syringa-vulgaris-02,45,79,ss3hn5,ss3hn5-03.png
Syringa vulgaris,syringa-vulgaris-02-04.png,syringa-vulgaris-02,46,76,ss3hn5,ss3hn5-04.png
Syringa vulgaris,syringa-vulgaris-02-05.png,syringa-vulgaris-02,50,91,ss3hn5,ss3hn5-05.png
Syringa vulgaris,syringa-vulgaris-02-06.png,syringa-vulgaris-02,35,265,ss3hn5,ss3hn5-06.png
Syringa vulgaris,syringa-vulgaris-02-07.png,syringa-vulgaris-02,30,267,ss3hn5,ss3hn5-07.png
Syringa vulgaris,syringa-vulgaris-02-08.png,syringa-vulgaris-02,28,258,ss3hn5,ss3hn5-08.png
Syringa vulgaris,syringa-vulgaris-02-09.png,syringa-vulgaris-02,43,82,ss3hn5,ss3hn5-09.png
Syringa vulgaris,syringa-vulgaris-02-10.png,syringa-vulgaris-02,34,250,ss3hn5,ss3hn5-10.png
Syringa vulgaris,syringa-vulgaris-02-11.png,syringa-vulgaris-02,16,209,ss3hn5,ss3hn5-11.png
Syringa vulgaris,syringa-vulgaris-02-12.png,syringa-vulgaris-02,54,93,ss3hn5,ss3hn5-12.png
Syringa vulgaris,syringa-vulgaris-02-13.png,syringa-vulgaris-02,36,79,ss3hn5,ss3hn5-13.png
Syringa vulgaris,syringa-vulgaris-02-14.png,syringa-vulgaris-02,47,89,ss3hn5,ss3hn5-14.png
Syringa vulgaris,syringa-vulgaris-02-15.png,syringa-vulgaris-02,41,86,ss3hn5,ss3hn5-15.png
Syringa vulgaris,syringa-vulgaris-02-16.png,syringa-vulgaris-02,42,73,ss3hn5,ss3hn5-16.png
Syringa vulgaris,syringa-vulgaris-02-17.png,syringa-vulgaris-02,43,75,ss3hn5,ss3hn5-17.png
Syringa vulgaris,syringa-vulgaris-02-18.png,syringa-vulgaris-02,50,86,ss3hn5,ss3hn5-18.png
Syringa vulgaris,syringa-vulgaris-02-19.png,syringa-vulgaris-02,38,71,ss3hn5,ss3hn5-19.png
Syringa vulgaris,syringa-vulgaris-02-20.png,syringa-vulgaris-02,40,72,ss3hn5,ss3hn5-20.png
Syringa vulgaris,syringa-vulgaris-02-21.png,syringa-vulgaris-02,46,78,ss3hn5,ss3hn5-21.png
Syringa vulgaris,syringa-vulgaris-02-22.png,syringa-vulgaris-02,41,71,ss3hn5,ss3hn5-22.png
Syringa vulgaris,syringa-vulgaris-02-23.png,syringa-vulgaris-02,46,78,ss3hn5,ss3hn5-23.png
Syringa vulgaris,syringa-vulgaris-02-24.png,syringa-vulgaris-02,30,72,ss3hn5,ss3hn5-24.png
Syringa vulgaris,syringa-vulgaris-02-25.png,syringa-vulgaris-02,38,67,ss3hn5,ss3hn5-25.png
Syringa vulgaris,syringa-vulgaris-02-26.png,syringa-vulgaris-02,35,67,ss3hn5,ss3hn5-26.png
Syringa vulgaris,syringa-vulgaris-02-27.png,syringa-vulgaris-02,34,64,ss3hn5,ss3hn5-27.png
Syringa vulgaris,syringa-vulgaris-02-28.png,syringa-vulgaris-02,29,49,ss3hn5,ss3hn5-28.png
Syringa vulgaris,syringa-vulgaris-02-29.png,syringa-vulgaris-02,29,52,ss3hn5,ss3hn5-29.png
Syringa vulgaris,syringa-vulgaris-02-30.png,syringa-vulgaris-02,27,50,ss3hn5,ss3hn5-30.png
Syringa vulgaris,syringa-vulgaris-02-31.png,syringa-vulgaris-02,36,66,ss3hn5,ss3hn5-31.png
Syringa vulgaris,syringa-vulgaris-02-32.png,syringa-vulgaris-02,30,60,ss3hn5,ss3hn5-32.png
Syringa vulgaris,syringa-vulgaris-02-33.png,syringa-vulgaris-02,36,62,ss3hn5,ss3hn5-33.png
Syringa vulgaris,syringa-vulgaris-02-34.png,syringa-vulgaris-02,32,54,ss3hn5,ss3hn5-34.png
Syringa vulgaris,syringa-vulgaris-02-35.png,syringa-vulgaris-02,48,43,ss3hn5,ss3hn5-35.png
Syringa vulgaris,syringa-vulgaris-02-36.png,syringa-vulgaris-02,49,42,ss3hn5,ss3hn5-36.png
Syringa vulgaris,syringa-vulgaris-02-37.png,syringa-vulgaris-02,105,139,ss3hn5,ss3hn5-37.png
Syringa vulgaris,syringa-vulgaris-02-38.png,syringa-vulgaris-02,66,94,ss3hn5,ss3hn5-38.png
Syringa vulgaris,syringa-vulgaris-02-39.png,syringa-vulgaris-02,84,100,ss3hn5,ss3hn5-39.png
Syringa vulgaris,syringa-vulgaris-02-40.png,syringa-vulgaris-02,65,135,ss3hn5,ss3hn5-40.png
Syringa vulgaris,syringa-vulgaris-02-41.png,syringa-vulgaris-02,62,134,ss3hn5,ss3hn5-41.png
Syringa vulgaris,syringa-vulgaris-02-42.png,syringa-vulgaris-02,47,44,ss3hn5,ss3hn5-42.png
Syringa vulgaris,syringa-vulgaris-02-43.png,syringa-vulgaris-02,51,98,ss3hn5,ss3hn5-43.png
Syringa vulgaris,syringa-vulgaris-02-44.png,syringa-vulgaris-02,41,39,ss3hn5,ss3hn5-44.png
Syringa vulgaris,syringa-vulgaris-02-45.png,syringa-vulgaris-02,100,40,ss3hn5,ss3hn5-45.png
Syringa vulgaris,syringa-vulgaris-01-01.png,syringa-vulgaris-01,83,271,l5uqgw,l5uqgw-01.png
Syringa vulgaris,syringa-vulgaris-01-02.png,syringa-vulgaris-01,134,309,l5uqgw,l5uqgw-02.png
Syringa vulgaris,syringa-vulgaris-01-03.png,syringa-vulgaris-01,105,249,l5uqgw,l5uqgw-03.png
Syringa vulgaris,syringa-vulgaris-01-04.png,syringa-vulgaris-01,139,322,l5uqgw,l5uqgw-04.png
Syringa vulgaris,syringa-vulgaris-01-05.png,syringa-vulgaris-01,89,212,l5uqgw,l5uqgw-05.png
Syringa vulgaris,syringa-vulgaris-01-06.png,syringa-vulgaris-01,86,214,l5uqgw,l5uqgw-06.png
Syringa vulgaris,syringa-vulgaris-01-07.png,syringa-vulgaris-01,118,155,l5uqgw,l5uqgw-07.png
Syringa vulgaris,syringa-vulgaris-01-08.png,syringa-vulgaris-01,85,139,l5uqgw,l5uqgw-08.png
Syringa vulgaris,syringa-vulgaris-01-09.png,syringa-vulgaris-01,84,134,l5uqgw,l5uqgw-09.png
Glaucium corniculatum,glaucium-corniculatum-07-01.png,glaucium-corniculatum-07,121,234,qu4y2w,qu4y2w-01.png
Glaucium corniculatum,glaucium-corniculatum-07-02.png,glaucium-corniculatum-07,82,238,qu4y2w,qu4y2w-02.png
Glaucium corniculatum,glaucium-corniculatum-07-03.png,glaucium-corniculatum-07,110,353,qu4y2w,qu4y2w-03.png
Glaucium corniculatum,glaucium-corniculatum-07-04.png,glaucium-corniculatum-07,106,229,qu4y2w,qu4y2w-04.png
Glaucium corniculatum,glaucium-corniculatum-07-05.png,glaucium-corniculatum-07,55,123,qu4y2w,qu4y2w-05.png
Glaucium corniculatum,glaucium-corniculatum-07-06.png,glaucium-corniculatum-07,28,118,qu4y2w,qu4y2w-06.png
Glaucium corniculatum,glaucium-corniculatum-07-07.png,glaucium-corniculatum-07,34,129,qu4y2w,qu4y2w-07.png
Glaucium corniculatum,glaucium-corniculatum-07-08.png,glaucium-corniculatum-07,34,114,qu4y2w,qu4y2w-08.png
Glaucium corniculatum,glaucium-corniculatum-07-09.png,glaucium-corniculatum-07,30,125,qu4y2w,qu4y2w-09.png
Glaucium corniculatum,glaucium-corniculatum-07-10.png,glaucium-corniculatum-07,27,119,qu4y2w,qu4y2w-10.png
Glaucium corniculatum,glaucium-corniculatum-07-11.png,glaucium-corniculatum-07,25,115,qu4y2w,qu4y2w-11.png
Glaucium corniculatum,glaucium-corniculatum-07-12.png,glaucium-corniculatum-07,29,111,qu4y2w,qu4y2w-12.png
Glaucium corniculatum,glaucium-corniculatum-07-13.png,glaucium-corniculatum-07,23,102,qu4y2w,qu4y2w-13.png
Glaucium corniculatum,glaucium-corniculatum-07-14.png,glaucium-corniculatum-07,28,104,qu4y2w,qu4y2w-14.png
Glaucium corniculatum,glaucium-corniculatum-07-15.png,glaucium-corniculatum-07,27,108,qu4y2w,qu4y2w-15.png
Glaucium corniculatum,glaucium-corniculatum-07-16.png,glaucium-corniculatum-07,27,111,qu4y2w,qu4y2w-16.png
Glaucium corniculatum,glaucium-corniculatum-07-17.png,glaucium-corniculatum-07,22,95,qu4y2w,qu4y2w-17.png
Glaucium corniculatum,glaucium-corniculatum-07-18.png,glaucium-corniculatum-07,18,90,qu4y2w,qu4y2w-18.png
Glaucium corniculatum,glaucium-corniculatum-07-19.png,glaucium-corniculatum-07,18,92,qu4y2w,qu4y2w-19.png
Glaucium corniculatum,glaucium-corniculatum-07-20.png,glaucium-corniculatum-07,19,86,qu4y2w,qu4y2w-20.png
Glaucium corniculatum,glaucium-corniculatum-07-21.png,glaucium-corniculatum-07,17,83,qu4y2w,qu4y2w-21.png
Glaucium corniculatum,glaucium-corniculatum-07-22.png,glaucium-corniculatum-07,16,76,qu4y2w,qu4y2w-22.png
Glaucium corniculatum,glaucium-corniculatum-07-23.png,glaucium-corniculatum-07,23,83,qu4y2w,qu4y2w-23.png
Glaucium corniculatum,glaucium-corniculatum-07-24.png,glaucium-corniculatum-07,35,84,qu4y2w,qu4y2w-24.png
Glaucium corniculatum,glaucium-corniculatum-07-25.png,glaucium-corniculatum-07,18,80,qu4y2w,qu4y2w-25.png
Glaucium corniculatum,glaucium-corniculatum-07-26.png,glaucium-corniculatum-07,21,80,qu4y2w,qu4y2w-26.png
Adonis microcarpa,adonis-microcarpa-01-01.png,adonis-microcarpa-01,52,266,8uubax,8uubax-01.png
Adonis microcarpa,adonis-microcarpa-01-02.png,adonis-microcarpa-01,73,292,8uubax,8uubax-02.png
Adonis microcarpa,adonis-microcarpa-01-03.png,adonis-microcarpa-01,64,252,8uubax,8uubax-03.png
Adonis microcarpa,adonis-microcarpa-01-04.png,adonis-microcarpa-01,72,344,8uubax,8uubax-04.png
Adonis microcarpa,adonis-microcarpa-01-05.png,adonis-microcarpa-01,52,258,8uubax,8uubax-05.png
Adonis microcarpa,adonis-microcarpa-01-06.png,adonis-microcarpa-01,50,256,8uubax,8uubax-06.png
Adonis microcarpa,adonis-microcarpa-01-07.png,adonis-microcarpa-01,66,227,8uubax,8uubax-07.png
Adonis microcarpa,adonis-microcarpa-01-08.png,adonis-microcarpa-01,257,56,8uubax,8uubax-08.png
Adonis microcarpa,adonis-microcarpa-01-09.png,adonis-microcarpa-01,168,49,8uubax,8uubax-09.png
Adonis microcarpa,adonis-microcarpa-01-10.png,adonis-microcarpa-01,246,62,8uubax,8uubax-10.png
Adonis microcarpa,adonis-microcarpa-01-11.png,adonis-microcarpa-01,249,48,8uubax,8uubax-11.png
Alcea rosea,alcea-rosea-03-01.png,alcea-rosea-03,191,221,amajta,amajta-01.png
Alcea rosea,alcea-rosea-03-02.png,alcea-rosea-03,193,233,amajta,amajta-02.png
Alcea rosea,alcea-rosea-03-03.png,alcea-rosea-03,204,269,amajta,amajta-03.png
Alcea rosea,alcea-rosea-03-04.png,alcea-rosea-03,213,237,amajta,amajta-04.png
Ranunculus ficaria,ranunculus-ficaria-01-01.png,ranunculus-ficaria-01,65,207,nnn5l3,nnn5l3-01.png
Ranunculus ficaria,ranunculus-ficaria-01-02.png,ranunculus-ficaria-01,68,225,nnn5l3,nnn5l3-02.png
Ranunculus ficaria,ranunculus-ficaria-01-03.png,ranunculus-ficaria-01,71,169,nnn5l3,nnn5l3-03.png
Ranunculus ficaria,ranunculus-ficaria-01-04.png,ranunculus-ficaria-01,64,187,nnn5l3,nnn5l3-04.png
Ranunculus ficaria,ranunculus-ficaria-01-05.png,ranunculus-ficaria-01,62,149,nnn5l3,nnn5l3-05.png
Ranunculus ficaria,ranunculus-ficaria-01-06.png,ranunculus-ficaria-01,46,178,nnn5l3,nnn5l3-06.png
Ranunculus ficaria,ranunculus-ficaria-01-07.png,ranunculus-ficaria-01,58,172,nnn5l3,nnn5l3-07.png
Ranunculus ficaria,ranunculus-ficaria-01-08.png,ranunculus-ficaria-01,55,170,nnn5l3,nnn5l3-08.png
Ranunculus ficaria,ranunculus-ficaria-01-09.png,ranunculus-ficaria-01,61,160,nnn5l3,nnn5l3-09.png
Ranunculus ficaria,ranunculus-ficaria-01-10.png,ranunculus-ficaria-01,66,209,nnn5l3,nnn5l3-10.png
Ranunculus ficaria,ranunculus-ficaria-01-11.png,ranunculus-ficaria-01,72,177,nnn5l3,nnn5l3-11.png
Ranunculus ficaria,ranunculus-ficaria-01-12.png,ranunculus-ficaria-01,64,205,nnn5l3,nnn5l3-12.png
Ranunculus ficaria,ranunculus-ficaria-01-13.png,ranunculus-ficaria-01,41,175,nnn5l3,nnn5l3-13.png
Ranunculus ficaria,ranunculus-ficaria-01-14.png,ranunculus-ficaria-01,139,61,nnn5l3,nnn5l3-14.png
Ranunculus ficaria,ranunculus-ficaria-01-15.png,ranunculus-ficaria-01,158,46,nnn5l3,nnn5l3-15.png
Ranunculus ficaria,ranunculus-ficaria-01-16.png,ranunculus-ficaria-01,131,36,nnn5l3,nnn5l3-16.png
Ranunculus ficaria,ranunculus-ficaria-01-17.png,ranunculus-ficaria-01,152,20,nnn5l3,nnn5l3-17.png
Cosmos bipinnatus,cosmos-bipinnatus-02-01.png,cosmos-bipinnatus-02,198,42,wc2bdp,wc2bdp-01.png
Cosmos bipinnatus,cosmos-bipinnatus-02-02.png,cosmos-bipinnatus-02,203,40,wc2bdp,wc2bdp-02.png
Cosmos bipinnatus,cosmos-bipinnatus-02-03.png,cosmos-bipinnatus-02,55,466,wc2bdp,wc2bdp-03.png
Cosmos bipinnatus,cosmos-bipinnatus-02-04.png,cosmos-bipinnatus-02,103,234,wc2bdp,wc2bdp-04.png
Cosmos bipinnatus,cosmos-bipinnatus-02-05.png,cosmos-bipinnatus-02,69,232,wc2bdp,wc2bdp-05.png
Cosmos bipinnatus,cosmos-bipinnatus-02-06.png,cosmos-bipinnatus-02,175,159,wc2bdp,wc2bdp-06.png
Cosmos bipinnatus,cosmos-bipinnatus-02-07.png,cosmos-bipinnatus-02,107,323,wc2bdp,wc2bdp-07.png
Cosmos bipinnatus,cosmos-bipinnatus-02-08.png,cosmos-bipinnatus-02,136,145,wc2bdp,wc2bdp-08.png
Cosmos bipinnatus,cosmos-bipinnatus-02-09.png,cosmos-bipinnatus-02,88,103,wc2bdp,wc2bdp-09.png
Cosmos bipinnatus,cosmos-bipinnatus-02-10.png,cosmos-bipinnatus-02,97,95,wc2bdp,wc2bdp-10.png
Cosmos bipinnatus,cosmos-bipinnatus-02-11.png,cosmos-bipinnatus-02,32,56,wc2bdp,wc2bdp-11.png
Cosmos bipinnatus,cosmos-bipinnatus-02-12.png,cosmos-bipinnatus-02,35,57,wc2bdp,wc2bdp-12.png
Cosmos bipinnatus,cosmos-bipinnatus-02-13.png,cosmos-bipinnatus-02,32,55,wc2bdp,wc2bdp-13.png
Cosmos bipinnatus,cosmos-bipinnatus-02-14.png,cosmos-bipinnatus-02,32,54,wc2bdp,wc2bdp-14.png
Cosmos bipinnatus,cosmos-bipinnatus-02-15.png,cosmos-bipinnatus-02,35,55,wc2bdp,wc2bdp-15.png
Cosmos bipinnatus,cosmos-bipinnatus-02-16.png,cosmos-bipinnatus-02,30,55,wc2bdp,wc2bdp-16.png
Cosmos bipinnatus,cosmos-bipinnatus-02-17.png,cosmos-bipinnatus-02,33,54,wc2bdp,wc2bdp-17.png
Cosmos bipinnatus,cosmos-bipinnatus-02-18.png,cosmos-bipinnatus-02,31,54,wc2bdp,wc2bdp-18.png
Cosmos bipinnatus,cosmos-bipinnatus-02-19.png,cosmos-bipinnatus-02,28,48,wc2bdp,wc2bdp-19.png
Cosmos bipinnatus,cosmos-bipinnatus-02-20.png,cosmos-bipinnatus-02,28,26,wc2bdp,wc2bdp-20.png
Cosmos bipinnatus,cosmos-bipinnatus-01-01.png,cosmos-bipinnatus-01,101,141,uby5fp,uby5fp-01.png
Cosmos bipinnatus,cosmos-bipinnatus-01-02.png,cosmos-bipinnatus-01,120,259,uby5fp,uby5fp-02.png
Cosmos bipinnatus,cosmos-bipinnatus-01-03.png,cosmos-bipinnatus-01,94,266,uby5fp,uby5fp-03.png
Cosmos bipinnatus,cosmos-bipinnatus-01-04.png,cosmos-bipinnatus-01,99,229,uby5fp,uby5fp-04.png
Cosmos bipinnatus,cosmos-bipinnatus-01-05.png,cosmos-bipinnatus-01,162,132,uby5fp,uby5fp-05.png
Cosmos bipinnatus,cosmos-bipinnatus-01-06.png,cosmos-bipinnatus-01,67,227,uby5fp,uby5fp-06.png
Cosmos bipinnatus,cosmos-bipinnatus-01-07.png,cosmos-bipinnatus-01,94,213,uby5fp,uby5fp-07.png
Cosmos bipinnatus,cosmos-bipinnatus-01-08.png,cosmos-bipinnatus-01,193,210,uby5fp,uby5fp-08.png
Cosmos bipinnatus,cosmos-bipinnatus-01-09.png,cosmos-bipinnatus-01,85,95,uby5fp,uby5fp-09.png
Cosmos bipinnatus,cosmos-bipinnatus-01-10.png,cosmos-bipinnatus-01,85,79,uby5fp,uby5fp-10.png
Alcea rosea,alcea-rosea-06-01.png,alcea-rosea-06,183,215,pwsjqt,pwsjqt-01.png
Alcea rosea,alcea-rosea-06-02.png,alcea-rosea-06,167,230,pwsjqt,pwsjqt-02.png
Alcea rosea,alcea-rosea-06-03.png,alcea-rosea-06,133,163,pwsjqt,pwsjqt-03.png
Alcea rosea,alcea-rosea-06-04.png,alcea-rosea-06,27,60,pwsjqt,pwsjqt-04.png
Alcea rosea,alcea-rosea-06-05.png,alcea-rosea-06,166,235,pwsjqt,pwsjqt-05.png
Alcea rosea,alcea-rosea-06-06.png,alcea-rosea-06,26,51,pwsjqt,pwsjqt-06.png
Alcea rosea,alcea-rosea-06-07.png,alcea-rosea-06,191,220,pwsjqt,pwsjqt-07.png
Alcea rosea,alcea-rosea-06-08.png,alcea-rosea-06,25,47,pwsjqt,pwsjqt-08.png
Alcea rosea,alcea-rosea-06-09.png,alcea-rosea-06,21,39,pwsjqt,pwsjqt-09.png
Alcea rosea,alcea-rosea-06-10.png,alcea-rosea-06,25,53,pwsjqt,pwsjqt-10.png
Alcea rosea,alcea-rosea-04-01.png,alcea-rosea-04,187,210,butuqz,butuqz-01.png
Alcea rosea,alcea-rosea-04-02.png,alcea-rosea-04,157,221,butuqz,butuqz-02.png
Alcea rosea,alcea-rosea-04-03.png,alcea-rosea-04,96,483,butuqz,butuqz-03.png
Alcea rosea,alcea-rosea-04-04.png,alcea-rosea-04,36,57,butuqz,butuqz-04.png
Alcea rosea,alcea-rosea-04-05.png,alcea-rosea-04,168,128,butuqz,butuqz-05.png
Alcea rosea,alcea-rosea-04-06.png,alcea-rosea-04,85,122,butuqz,butuqz-06.png
Alcea rosea,alcea-rosea-04-07.png,alcea-rosea-04,26,60,butuqz,butuqz-07.png
Alcea rosea,alcea-rosea-04-08.png,alcea-rosea-04,125,132,butuqz,butuqz-08.png
Alcea rosea,alcea-rosea-04-09.png,alcea-rosea-04,49,113,butuqz,butuqz-09.png
Alcea rosea,alcea-rosea-04-10.png,alcea-rosea-04,122,114,butuqz,butuqz-10.png
Lonicera Japonica,lonicera-japonica-01-01.png,lonicera-japonica-01,47,104,jwn68f,jwn68f-01.png
Lonicera Japonica,lonicera-japonica-01-02.png,lonicera-japonica-01,51,104,jwn68f,jwn68f-02.png
Lonicera Japonica,lonicera-japonica-01-03.png,lonicera-japonica-01,52,107,jwn68f,jwn68f-03.png
Lonicera Japonica,lonicera-japonica-01-04.png,lonicera-japonica-01,45,101,jwn68f,jwn68f-04.png
Lonicera Japonica,lonicera-japonica-01-05.png,lonicera-japonica-01,47,101,jwn68f,jwn68f-05.png
Lonicera Japonica,lonicera-japonica-01-06.png,lonicera-japonica-01,44,93,jwn68f,jwn68f-06.png
Lonicera Japonica,lonicera-japonica-01-07.png,lonicera-japonica-01,96,453,jwn68f,jwn68f-07.png
Lonicera Japonica,lonicera-japonica-01-08.png,lonicera-japonica-01,102,381,jwn68f,jwn68f-08.png
Lonicera Japonica,lonicera-japonica-01-09.png,lonicera-japonica-01,44,102,jwn68f,jwn68f-09.png
Lonicera Japonica,lonicera-japonica-01-10.png,lonicera-japonica-01,45,104,jwn68f,jwn68f-10.png
Lonicera Japonica,lonicera-japonica-01-11.png,lonicera-japonica-01,46,101,jwn68f,jwn68f-11.png
Lonicera Japonica,lonicera-japonica-01-12.png,lonicera-japonica-01,43,99,jwn68f,jwn68f-12.png
Lonicera Japonica,lonicera-japonica-01-13.png,lonicera-japonica-01,37,84,jwn68f,jwn68f-13.png
Lonicera Japonica,lonicera-japonica-01-14.png,lonicera-japonica-01,36,79,jwn68f,jwn68f-14.png
Lonicera Japonica,lonicera-japonica-01-15.png,lonicera-japonica-01,59,121,jwn68f,jwn68f-15.png
Lonicera Japonica,lonicera-japonica-01-16.png,lonicera-japonica-01,44,98,jwn68f,jwn68f-16.png
Lonicera Japonica,lonicera-japonica-01-17.png,lonicera-japonica-01,40,103,jwn68f,jwn68f-17.png
Lonicera Japonica,lonicera-japonica-01-18.png,lonicera-japonica-01,39,95,jwn68f,jwn68f-18.png
Lonicera Japonica,lonicera-japonica-01-19.png,lonicera-japonica-01,39,90,jwn68f,jwn68f-19.png
Lonicera Japonica,lonicera-japonica-01-20.png,lonicera-japonica-01,35,71,jwn68f,jwn68f-20.png
Lonicera Japonica,lonicera-japonica-01-21.png,lonicera-japonica-01,52,81,jwn68f,jwn68f-21.png
Lonicera Japonica,lonicera-japonica-01-22.png,lonicera-japonica-01,169,101,jwn68f,jwn68f-22.png
Lonicera Japonica,lonicera-japonica-01-23.png,lonicera-japonica-01,37,86,jwn68f,jwn68f-23.png
Lonicera Japonica,lonicera-japonica-01-24.png,lonicera-japonica-01,45,85,jwn68f,jwn68f-24.png
Alcea rosea,alcea-rosea-07-01.png,alcea-rosea-07,91,148,qbnrjj,qbnrjj-01.png
Alcea rosea,alcea-rosea-07-02.png,alcea-rosea-07,96,418,qbnrjj,qbnrjj-02.png
Alcea rosea,alcea-rosea-07-03.png,alcea-rosea-07,136,262,qbnrjj,qbnrjj-03.png
Alcea rosea,alcea-rosea-07-04.png,alcea-rosea-07,117,488,qbnrjj,qbnrjj-04.png
Alcea rosea,alcea-rosea-07-05.png,alcea-rosea-07,121,213,qbnrjj,qbnrjj-05.png
Alcea rosea,alcea-rosea-07-06.png,alcea-rosea-07,89,154,qbnrjj,qbnrjj-06.png
Alcea rosea,alcea-rosea-07-07.png,alcea-rosea-07,45,94,qbnrjj,qbnrjj-07.png
Alcea rosea,alcea-rosea-07-08.png,alcea-rosea-07,48,90,qbnrjj,qbnrjj-08.png
Alcea rosea,alcea-rosea-07-09.png,alcea-rosea-07,47,84,qbnrjj,qbnrjj-09.png
Alcea rosea,alcea-rosea-07-10.png,alcea-rosea-07,29,57,qbnrjj,qbnrjj-10.png
Alcea rosea,alcea-rosea-07-11.png,alcea-rosea-07,27,56,qbnrjj,qbnrjj-11.png
Alcea rosea,alcea-rosea-07-12.png,alcea-rosea-07,25,40,qbnrjj,qbnrjj-12.png
Alcea rosea,alcea-rosea-05-01.png,alcea-rosea-05,42,477,ecnjpv,ecnjpv-01.png
Alcea rosea,alcea-rosea-05-02.png,alcea-rosea-05,119,220,ecnjpv,ecnjpv-02.png
Alcea rosea,alcea-rosea-05-03.png,alcea-rosea-05,89,109,ecnjpv,ecnjpv-03.png
Alcea rosea,alcea-rosea-05-04.png,alcea-rosea-05,78,66,ecnjpv,ecnjpv-04.png
Alcea rosea,alcea-rosea-05-05.png,alcea-rosea-05,58,77,ecnjpv,ecnjpv-05.png
Alcea rosea,alcea-rosea-05-06.png,alcea-rosea-05,46,83,ecnjpv,ecnjpv-06.png
Alcea rosea,alcea-rosea-05-07.png,alcea-rosea-05,102,91,ecnjpv,ecnjpv-07.png
Alcea rosea,alcea-rosea-05-08.png,alcea-rosea-05,146,267,ecnjpv,ecnjpv-08.png
Alcea rosea,alcea-rosea-05-09.png,alcea-rosea-05,142,242,ecnjpv,ecnjpv-09.png
Alcea rosea,alcea-rosea-05-10.png,alcea-rosea-05,95,95,ecnjpv,ecnjpv-10.png
Alcea rosea,alcea-rosea-05-11.png,alcea-rosea-05,58,76,ecnjpv,ecnjpv-11.png
Matricaria chamomilla,matricaria-chamomilla-04-01.png,matricaria-chamomilla-04,82,494,cvt9ky,cvt9ky-01.png
Matricaria chamomilla,matricaria-chamomilla-04-02.png,matricaria-chamomilla-04,53,484,cvt9ky,cvt9ky-02.png
Matricaria chamomilla,matricaria-chamomilla-04-03.png,matricaria-chamomilla-04,74,486,cvt9ky,cvt9ky-03.png
Matricaria chamomilla,matricaria-chamomilla-04-04.png,matricaria-chamomilla-04,42,481,cvt9ky,cvt9ky-04.png
Matricaria chamomilla,matricaria-chamomilla-04-05.png,matricaria-chamomilla-04,50,451,cvt9ky,cvt9ky-05.png
Matricaria chamomilla,matricaria-chamomilla-04-06.png,matricaria-chamomilla-04,41,444,cvt9ky,cvt9ky-06.png
Matricaria chamomilla,matricaria-chamomilla-04-07.png,matricaria-chamomilla-04,24,24,cvt9ky,cvt9ky-07.png
Matricaria chamomilla,matricaria-chamomilla-04-08.png,matricaria-chamomilla-04,28,26,cvt9ky,cvt9ky-08.png
Matricaria chamomilla,matricaria-chamomilla-04-09.png,matricaria-chamomilla-04,26,28,cvt9ky,cvt9ky-09.png
Matricaria chamomilla,matricaria-chamomilla-04-10.png,matricaria-chamomilla-04,31,31,cvt9ky,cvt9ky-10.png
Matricaria chamomilla,matricaria-chamomilla-04-11.png,matricaria-chamomilla-04,26,24,cvt9ky,cvt9ky-11.png
Matricaria chamomilla,matricaria-chamomilla-04-12.png,matricaria-chamomilla-04,24,163,cvt9ky,cvt9ky-12.png
Matricaria chamomilla,matricaria-chamomilla-01-01.png,matricaria-chamomilla-01,58,490,3ptqqm-2,3ptqqm-2-01.png
Matricaria chamomilla,matricaria-chamomilla-01-02.png,matricaria-chamomilla-01,109,490,3ptqqm-2,3ptqqm-2-02.png
Matricaria chamomilla,matricaria-chamomilla-01-03.png,matricaria-chamomilla-01,105,472,3ptqqm-2,3ptqqm-2-03.png
Matricaria chamomilla,matricaria-chamomilla-01-04.png,matricaria-chamomilla-01,45,443,3ptqqm-2,3ptqqm-2-04.png
Matricaria chamomilla,matricaria-chamomilla-02-01.png,matricaria-chamomilla-02,488,494,8hhygm,8hhygm-01.png
Matricaria chamomilla - Yellow,matricaria-chamomilla-yellow-02-01.png,matricaria-chamomilla-yellow-02,50,491,lbrdne,lbrdne-01.png
Matricaria chamomilla - Yellow,matricaria-chamomilla-yellow-02-02.png,matricaria-chamomilla-yellow-02,63,491,lbrdne,lbrdne-02.png
Matricaria chamomilla - Yellow,matricaria-chamomilla-yellow-02-03.png,matricaria-chamomilla-yellow-02,62,487,lbrdne,lbrdne-03.png
Matricaria chamomilla - Yellow,matricaria-chamomilla-yellow-02-04.png,matricaria-chamomilla-yellow-02,86,487,lbrdne,lbrdne-04.png
Matricaria chamomilla - Yellow,matricaria-chamomilla-yellow-02-05.png,matricaria-chamomilla-yellow-02,57,483,lbrdne,lbrdne-05.png
Matricaria chamomilla - Yellow,matricaria-chamomilla-yellow-02-06.png,matricaria-chamomilla-yellow-02,112,477,lbrdne,lbrdne-06.png
Matricaria chamomilla - Yellow,matricaria-chamomilla-yellow-01-01.png,matricaria-chamomilla-yellow-01,425,494,ghchbp,ghchbp-01.png
Matricaria chamomilla - Yellow,matricaria-chamomilla-yellow-01-02.png,matricaria-chamomilla-yellow-01,87,488,ghchbp,ghchbp-02.png
Antirrhinum,antirrhinum-01-01.png,antirrhinum-01,163,494,htsagf,htsagf-01.png
Antirrhinum,antirrhinum-01-02.png,antirrhinum-01,45,73,htsagf,htsagf-02.png
Antirrhinum,antirrhinum-01-03.png,antirrhinum-01,80,82,htsagf,htsagf-03.png
Antirrhinum,antirrhinum-01-04.png,antirrhinum-01,19,84,htsagf,htsagf-04.png
Antirrhinum,antirrhinum-01-05.png,antirrhinum-01,17,439,htsagf,htsagf-05.png
Antirrhinum,antirrhinum-01-06.png,antirrhinum-01,42,61,htsagf,htsagf-06.png
Antirrhinum,antirrhinum-01-07.png,antirrhinum-01,64,94,htsagf,htsagf-07.png
Antirrhinum,antirrhinum-01-08.png,antirrhinum-01,38,65,htsagf,htsagf-08.png
Antirrhinum,antirrhinum-01-09.png,antirrhinum-01,101,50,htsagf,htsagf-09.png
Antirrhinum,antirrhinum-01-10.png,antirrhinum-01,43,68,htsagf,htsagf-10.png
Antirrhinum,antirrhinum-01-11.png,antirrhinum-01,85,39,htsagf,htsagf-11.png
Antirrhinum,antirrhinum-01-12.png,antirrhinum-01,30,96,htsagf,htsagf-12.png
Antirrhinum,antirrhinum-01-13.png,antirrhinum-01,105,91,htsagf,htsagf-13.png
Antirrhinum,antirrhinum-01-14.png,antirrhinum-01,49,36,htsagf,htsagf-14.png
Antirrhinum,antirrhinum-02-01.png,antirrhinum-02,168,477,zf3tmx,zf3tmx-01.png
Antirrhinum,antirrhinum-02-02.png,antirrhinum-02,153,485,zf3tmx,zf3tmx-02.png
Antirrhinum,antirrhinum-02-03.png,antirrhinum-02,149,472,zf3tmx,zf3tmx-03.png
Avena fatua,avena-fatua-01-01.png,avena-fatua-01,227,486,cvzqxh,
Avena fatua,avena-fatua-01-02.png,avena-fatua-01,184,474,cvzqxh,
Avena fatua,avena-fatua-01-03.png,avena-fatua-01,50,337,cvzqxh,
Avena fatua,avena-fatua-02-01.png,avena-fatua-02,440,494,fjstuf,
Avena fatua,avena-fatua-03-01.png,avena-fatua-03,32,494,ftbfxg,
Avena fatua,avena-fatua-03-02.png,avena-fatua-03,74,494,ftbfxg,
Avena fatua,avena-fatua-03-03.png,avena-fatua-03,44,487,ftbfxg,
Avena fatua,avena-fatua-03-04.png,avena-fatua-03,41,485,ftbfxg,
Avena fatua,avena-fatua-03-05.png,avena-fatua-03,64,483,ftbfxg,
Avena fatua,avena-fatua-03-06.png,avena-fatua-03,70,471,ftbfxg,
Avena fatua,avena-fatua-03-07.png,avena-fatua-03,62,445,ftbfxg,
Avena fatua,avena-fatua-04-01.png,avena-fatua-04,146,466,gnnpke,
Avena fatua,avena-fatua-04-02.png,avena-fatua-04,129,436,gnnpke,
Avena fatua,avena-fatua-04-03.png,avena-fatua-04,76,434,gnnpke,
Avena fatua,avena-fatua-04-04.png,avena-fatua-04,113,430,gnnpke,
Avena fatua,avena-fatua-05-01.png,avena-fatua-05,508,494,jbuy9w,
Avena fatua,avena-fatua-06-01.png,avena-fatua-06,447,492,kslnaa,
Avena fatua,avena-fatua-07-01.png,avena-fatua-07,88,483,pjffln,
Avena fatua,avena-fatua-07-02.png,avena-fatua-07,45,468,pjffln,
Avena fatua,avena-fatua-07-03.png,avena-fatua-07,56,475,pjffln,
Avena fatua,avena-fatua-07-04.png,avena-fatua-07,91,473,pjffln,
Avena fatua,avena-fatua-07-05.png,avena-fatua-07,41,450,pjffln,
Avena fatua,avena-fatua-08-01.png,avena-fatua-08,475,494,rlxtse,
Avena fatua,avena-fatua-09-01.png,avena-fatua-09,487,494,s9uruk,
Bamboo Leaves,bamboo-leaves-01-01.png,bamboo-leaves-01,493,494,e3nb8u,
Bamboo Leaves,bamboo-leaves-02-01.png,bamboo-leaves-02,508,479,gew3xw,
Bamboo Leaves,bamboo-leaves-03-01.png,bamboo-leaves-03,145,170,hgxmmy,
Bamboo Leaves,bamboo-leaves-03-02.png,bamboo-leaves-03,166,170,hgxmmy,
Bamboo Leaves,bamboo-leaves-03-03.png,bamboo-leaves-03,79,126,hgxmmy,
Bamboo Leaves,bamboo-leaves-03-04.png,bamboo-leaves-03,120,148,hgxmmy,
Bamboo Leaves,bamboo-leaves-03-05.png,bamboo-leaves-03,159,155,hgxmmy,
Bamboo Leaves,bamboo-leaves-03-06.png,bamboo-leaves-03,151,149,hgxmmy,
Bamboo Leaves,bamboo-leaves-03-07.png,bamboo-leaves-03,131,141,hgxmmy,
Bamboo Leaves,bamboo-leaves-03-08.png,bamboo-leaves-03,147,135,hgxmmy,
Bamboo Leaves,bamboo-leaves-03-09.png,bamboo-leaves-03,136,117,hgxmmy,
Bamboo Leaves,bamboo-leaves-04-01.png,bamboo-leaves-04,74,61,ndzssv,
Bamboo Leaves,bamboo-leaves-04-02.png,bamboo-leaves-04,75,22,ndzssv,
Bamboo Leaves,bamboo-leaves-04-03.png,bamboo-leaves-04,65,90,ndzssv,
Bamboo Leaves,bamboo-leaves-04-04.png,bamboo-leaves-04,125,94,ndzssv,
Bamboo Leaves,bamboo-leaves-04-05.png,bamboo-leaves-04,127,119,ndzssv,
Bamboo Leaves,bamboo-leaves-04-06.png,bamboo-leaves-04,118,192,ndzssv,
Bamboo Leaves,bamboo-leaves-04-07.png,bamboo-leaves-04,84,36,ndzssv,
Bamboo Leaves,bamboo-leaves-04-08.png,bamboo-leaves-04,121,157,ndzssv,
Bamboo Leaves,bamboo-leaves-04-09.png,bamboo-leaves-04,107,28,ndzssv,
Bamboo Leaves,bamboo-leaves-04-10.png,bamboo-leaves-04,82,80,ndzssv,
Bamboo Leaves,bamboo-leaves-04-11.png,bamboo-leaves-04,19,62,ndzssv,
Bamboo Leaves,bamboo-leaves-04-12.png,bamboo-leaves-04,40,104,ndzssv,
Bamboo Leaves,bamboo-leaves-04-13.png,bamboo-leaves-04,74,88,ndzssv,
Bamboo Leaves,bamboo-leaves-04-14.png,bamboo-leaves-04,61,53,ndzssv,
Bamboo Leaves,bamboo-leaves-04-15.png,bamboo-leaves-04,133,52,ndzssv,
Bamboo Leaves,bamboo-leaves-04-16.png,bamboo-leaves-04,41,73,ndzssv,
Bamboo Leaves,bamboo-leaves-04-17.png,bamboo-leaves-04,111,55,ndzssv,
Bamboo Leaves,bamboo-leaves-04-18.png,bamboo-leaves-04,110,23,ndzssv,
Bamboo Leaves,bamboo-leaves-04-19.png,bamboo-leaves-04,64,25,ndzssv,
Bamboo Leaves,bamboo-leaves-05-01.png,bamboo-leaves-05,28,103,vbnzwu,
Bamboo Leaves,bamboo-leaves-05-02.png,bamboo-leaves-05,113,142,vbnzwu,
Bamboo Leaves,bamboo-leaves-05-03.png,bamboo-leaves-05,65,35,vbnzwu,
Bamboo Leaves,bamboo-leaves-05-04.png,bamboo-leaves-05,210,157,vbnzwu,
Bamboo Leaves,bamboo-leaves-05-05.png,bamboo-leaves-05,97,123,vbnzwu,
Bamboo Leaves,bamboo-leaves-05-06.png,bamboo-leaves-05,78,67,vbnzwu,
Bamboo Leaves,bamboo-leaves-05-07.png,bamboo-leaves-05,109,40,vbnzwu,
Bamboo Leaves,bamboo-leaves-05-08.png,bamboo-leaves-05,22,83,vbnzwu,
Bamboo Leaves,bamboo-leaves-05-09.png,bamboo-leaves-05,76,103,vbnzwu,
Bamboo Leaves,bamboo-leaves-05-10.png,bamboo-leaves-05,30,131,vbnzwu,
Bamboo Leaves,bamboo-leaves-05-11.png,bamboo-leaves-05,91,16,vbnzwu,
Bamboo Leaves,bamboo-leaves-05-12.png,bamboo-leaves-05,41,72,vbnzwu,
Bamboo Leaves,bamboo-leaves-05-13.png,bamboo-leaves-05,80,63,vbnzwu,
Bamboo Leaves,bamboo-leaves-05-14.png,bamboo-leaves-05,57,90,vbnzwu,
Bamboo Leaves,bamboo-leaves-05-15.png,bamboo-leaves-05,83,48,vbnzwu,
Bamboo Leaves,bamboo-leaves-05-16.png,bamboo-leaves-05,115,17,vbnzwu,
Bamboo Leaves,bamboo-leaves-06-01.png,bamboo-leaves-06,56,57,ws3kze,
Bamboo Leaves,bamboo-leaves-06-02.png,bamboo-leaves-06,230,479,ws3kze,
Bamboo Leaves,bamboo-leaves-06-03.png,bamboo-leaves-06,223,487,ws3kze,
Bamboo Leaves,bamboo-leaves-07-01.png,bamboo-leaves-07,495,494,yvcczd,
Bamboo Leaves,bamboo-leaves-08-01.png,bamboo-leaves-08,493,494,zbdvsx,
Bush,bush-01-01.png,bush-01,406,494,bush-9bf8zv,
Bush,bush-02-01.png,bush-02,254,494,bush-b3tkzd,
Bush,bush-02-02.png,bush-02,161,474,bush-b3tkzd,
Bush,bush-03-01.png,bush-03,142,476,bush-dgxvvn,
Bush,bush-03-02.png,bush-03,194,427,bush-dgxvvn,
Bush,bush-03-03.png,bush-03,177,421,bush-dgxvvn,
Bush Scatter,bush-scatter-01-01.png,bush-scatter-01,503,494,bush-scatter-j7phqc6,
Bush Scatter,bush-scatter-02-01.png,bush-scatter-02,508,447,bush-scatter-mvxruny,
Daucus carota (Dry),daucus-carota-dry-01-01.png,daucus-carota-dry-01,196,468,3sgekp,
Daucus carota (Dry),daucus-carota-dry-01-02.png,daucus-carota-dry-01,303,421,3sgekp,
Daucus carota (Dry),daucus-carota-dry-01-03.png,daucus-carota-dry-01,53,250,3sgekp,
Dead Oak Leaves,dead-oak-leaves-01-01.png,dead-oak-leaves-01,72,117,dead-oak-leaves-vws4qpm,
Dead Oak Leaves,dead-oak-leaves-01-02.png,dead-oak-leaves-01,57,110,dead-oak-leaves-vws4qpm,
Dead Oak Leaves,dead-oak-leaves-01-03.png,dead-oak-leaves-01,64,99,dead-oak-leaves-vws4qpm,
Dead Oak Leaves,dead-oak-leaves-01-04.png,dead-oak-leaves-01,54,122,dead-oak-leaves-vws4qpm,
Dead Oak Leaves,dead-oak-leaves-01-05.png,dead-oak-leaves-01,70,112,dead-oak-leaves-vws4qpm,
Dead Oak Leaves,dead-oak-leaves-01-06.png,dead-oak-leaves-01,45,97,dead-oak-leaves-vws4qpm,
Dead Oak Leaves,dead-oak-leaves-01-07.png,dead-oak-leaves-01,82,81,dead-oak-leaves-vws4qpm,
Dead Oak Leaves,dead-oak-leaves-01-08.png,dead-oak-leaves-01,61,88,dead-oak-leaves-vws4qpm,
Dead Oak Leaves,dead-oak-leaves-01-09.png,dead-oak-leaves-01,61,105,dead-oak-leaves-vws4qpm,
Dead Oak Leaves,dead-oak-leaves-01-10.png,dead-oak-leaves-01,98,106,dead-oak-leaves-vws4qpm,
Dead Oak Leaves,dead-oak-leaves-01-11.png,dead-oak-leaves-01,46,65,dead-oak-leaves-vws4qpm,
Dead Oak Leaves,dead-oak-leaves-01-12.png,dead-oak-leaves-01,61,77,dead-oak-leaves-vws4qpm,
Dead Oak Leaves,dead-oak-leaves-01-13.png,dead-oak-leaves-01,69,136,dead-oak-leaves-vws4qpm,
Dead Oak Leaves,dead-oak-leaves-01-14.png,dead-oak-leaves-01,55,124,dead-oak-leaves-vws4qpm,
Dead Oak Leaves,dead-oak-leaves-01-15.png,dead-oak-leaves-01,52,126,dead-oak-leaves-vws4qpm,
Dead Oak Leaves,dead-oak-leaves-01-16.png,dead-oak-leaves-01,49,117,dead-oak-leaves-vws4qpm,
Dead Oak Leaves,dead-oak-leaves-01-17.png,dead-oak-leaves-01,69,97,dead-oak-leaves-vws4qpm,
Dead Oak Leaves,dead-oak-leaves-01-18.png,dead-oak-leaves-01,70,101,dead-oak-leaves-vws4qpm,
Dead Oak Leaves,dead-oak-leaves-01-19.png,dead-oak-leaves-01,67,97,dead-oak-leaves-vws4qpm,
Dead Oak Leaves,dead-oak-leaves-01-20.png,dead-oak-leaves-01,55,96,dead-oak-leaves-vws4qpm,
Dead Oak Leaves,dead-oak-leaves-01-21.png,dead-oak-leaves-01,34,100,dead-oak-leaves-vws4qpm,
Dead Oak Leaves,dead-oak-leaves-01-22.png,dead-oak-leaves-01,45,81,dead-oak-leaves-vws4qpm,
Dead Oak Leaves,dead-oak-leaves-01-23.png,dead-oak-leaves-01,55,80,dead-oak-leaves-vws4qpm,
Dead Oak Leaves,dead-oak-leaves-01-24.png,dead-oak-leaves-01,67,81,dead-oak-leaves-vws4qpm,
Death Livistona Leaves,death-livistona-leaves-01-01.png,death-livistona-leaves-01,336,274,death-livistona-leaves-54fwfcq,
Death Livistona Leaves,death-livistona-leaves-01-02.png,death-livistona-leaves-01,138,199,death-livistona-leaves-54fwfcq,
Death Livistona Leaves,death-livistona-leaves-01-03.png,death-livistona-leaves-01,179,213,death-livistona-leaves-54fwfcq,
Death Livistona Leaves,death-livistona-leaves-01-04.png,death-livistona-leaves-01,278,219,death-livistona-leaves-54fwfcq,
Death Livistona Leaves,death-livistona-leaves-02-01.png,death-livistona-leaves-02,199,228,death-livistona-leaves-w335d8u,
Death Livistona Leaves,death-livistona-leaves-02-02.png,death-livistona-leaves-02,34,274,death-livistona-leaves-w335d8u,
Death Livistona Leaves,death-livistona-leaves-02-03.png,death-livistona-leaves-02,151,211,death-livistona-leaves-w335d8u,
Death Livistona Leaves,death-livistona-leaves-02-04.png,death-livistona-leaves-02,46,209,death-livistona-leaves-w335d8u,
Death Livistona Leaves,death-livistona-leaves-02-05.png,death-livistona-leaves-02,50,244,death-livistona-leaves-w335d8u,
Death Livistona Leaves,death-livistona-leaves-02-06.png,death-livistona-leaves-02,164,199,death-livistona-leaves-w335d8u,
Death Livistona Leaves,death-livistona-leaves-02-07.png,death-livistona-leaves-02,249,182,death-livistona-leaves-w335d8u,
Death Livistona Leaves,death-livistona-leaves-02-08.png,death-livistona-leaves-02,25,176,death-livistona-leaves-w335d8u,
Death Livistona Leaves,death-livistona-leaves-03-01.png,death-livistona-leaves-03,276,211,death-livistona-leaves-xm9fj7s,
Death Livistona Leaves,death-livistona-leaves-03-02.png,death-livistona-leaves-03,216,182,death-livistona-leaves-xm9fj7s,
Death Livistona Leaves,death-livistona-leaves-03-03.png,death-livistona-leaves-03,138,193,death-livistona-leaves-xm9fj7s,
Death Livistona Leaves,death-livistona-leaves-03-04.png,death-livistona-leaves-03,145,154,death-livistona-leaves-xm9fj7s,
Death Livistona Leaves,death-livistona-leaves-03-05.png,death-livistona-leaves-03,125,137,death-livistona-leaves-xm9fj7s,
Death Livistona Leaves,death-livistona-leaves-03-06.png,death-livistona-leaves-03,245,39,death-livistona-leaves-xm9fj7s,
Death Livistona Leaves,death-livistona-leaves-03-07.png,death-livistona-leaves-03,192,35,death-livistona-leaves-xm9fj7s,
Death Livistona Leaves,death-livistona-leaves-03-08.png,death-livistona-leaves-03,111,17,death-livistona-leaves-xm9fj7s,
Death Livistona Leaves,death-livistona-leaves-03-09.png,death-livistona-leaves-03,197,22,death-livistona-leaves-xm9fj7s,
Death Livistona Leaves,death-livistona-leaves-03-10.png,death-livistona-leaves-03,139,20,death-livistona-leaves-xm9fj7s,
Desert Bushes,desert-bushes-01-01.png,desert-bushes-01,179,479,desert-bushes-5msprj,
Desert Bushes,desert-bushes-01-02.png,desert-bushes-01,167,482,desert-bushes-5msprj,
Desert Bushes,desert-bushes-01-03.png,desert-bushes-01,135,419,desert-bushes-5msprj,
Desert Bushes,desert-bushes-02-01.png,desert-bushes-02,204,481,desert-bushes-7grs3v,
Desert Bushes,desert-bushes-02-02.png,desert-bushes-02,139,456,desert-bushes-7grs3v,
Desert Bushes,desert-bushes-02-03.png,desert-bushes-02,201,463,desert-bushes-7grs3v,
Desert Bushes,desert-bushes-03-01.png,desert-bushes-03,465,494,desert-bushes-88axtj,
Desert Bushes,desert-bushes-03-02.png,desert-bushes-03,119,58,desert-bushes-88axtj,
Desert Bushes,desert-bushes-03-03.png,desert-bushes-03,93,331,desert-bushes-88axtj,
Desert Bushes,desert-bushes-03-04.png,desert-bushes-03,57,156,desert-bushes-88axtj,
Desert Bushes,desert-bushes-03-05.png,desert-bushes-03,88,156,desert-bushes-88axtj,
Desert Bushes,desert-bushes-03-06.png,desert-bushes-03,162,99,desert-bushes-88axtj,
Desert Bushes,desert-bushes-03-07.png,desert-bushes-03,154,90,desert-bushes-88axtj,
Desert Bushes,desert-bushes-04-01.png,desert-bushes-04,130,288,desert-bushes-hnvdld,
Desert Bushes,desert-bushes-04-02.png,desert-bushes-04,90,314,desert-bushes-hnvdld,
Desert Bushes,desert-bushes-04-03.png,desert-bushes-04,131,285,desert-bushes-hnvdld,
Desert Bushes,desert-bushes-04-04.png,desert-bushes-04,115,431,desert-bushes-hnvdld,
Desert Bushes,desert-bushes-04-05.png,desert-bushes-04,122,61,desert-bushes-hnvdld,
Desert Bushes,desert-bushes-04-06.png,desert-bushes-04,249,170,desert-bushes-hnvdld,
Desert Bushes,desert-bushes-04-07.png,desert-bushes-04,186,112,desert-bushes-hnvdld,
Desert Bushes,desert-bushes-05-01.png,desert-bushes-05,110,305,desert-bushes-pnjv9j,
Desert Bushes,desert-bushes-05-02.png,desert-bushes-05,100,346,desert-bushes-pnjv9j,
Desert Bushes,desert-bushes-05-03.png,desert-bushes-05,144,416,desert-bushes-pnjv9j,
Desert Bushes,desert-bushes-05-04.png,desert-bushes-05,48,453,desert-bushes-pnjv9j,
Desert Bushes,desert-bushes-05-05.png,desert-bushes-05,116,162,desert-bushes-pnjv9j,
Desert Bushes,desert-bushes-05-06.png,desert-bushes-05,256,121,desert-bushes-pnjv9j,
Desert Bushes,desert-bushes-06-01.png,desert-bushes-06,486,494,desert-bushes-qtmcwg,
Desert Bushes,desert-bushes-06-02.png,desert-bushes-06,158,181,desert-bushes-qtmcwg,
Desert Bushes,desert-bushes-06-03.png,desert-bushes-06,113,81,desert-bushes-qtmcwg,
Desert Bushes,desert-bushes-06-04.png,desert-bushes-06,113,128,desert-bushes-qtmcwg,
Desert Bushes,desert-bushes-06-05.png,desert-bushes-06,318,98,desert-bushes-qtmcwg,
Desert Bushes,desert-bushes-07-01.png,desert-bushes-07,123,376,desert-bushes-rukjsp,
Desert Bushes,desert-bushes-07-02.png,desert-bushes-07,120,424,desert-bushes-rukjsp,
Desert Bushes,desert-bushes-07-03.png,desert-bushes-07,104,349,desert-bushes-rukjsp,
Desert Bushes,desert-bushes-07-04.png,desert-bushes-07,106,305,desert-bushes-rukjsp,
Desert Bushes,desert-bushes-07-05.png,desert-bushes-07,239,106,desert-bushes-rukjsp,
Desert Bushes,desert-bushes-07-06.png,desert-bushes-07,216,87,desert-bushes-rukjsp,
Desert Bushes,desert-bushes-08-01.png,desert-bushes-08,159,203,desert-bushes-ugbpa7,
Desert Bushes,desert-bushes-08-02.png,desert-bushes-08,74,226,desert-bushes-ugbpa7,
Desert Bushes,desert-bushes-08-03.png,desert-bushes-08,102,179,desert-bushes-ugbpa7,
Desert Bushes,desert-bushes-08-04.png,desert-bushes-08,128,469,desert-bushes-ugbpa7,
Desert Bushes,desert-bushes-08-05.png,desert-bushes-08,66,147,desert-bushes-ugbpa7,
Desert Bushes,desert-bushes-08-06.png,desert-bushes-08,123,265,desert-bushes-ugbpa7,
Desert Bushes,desert-bushes-08-07.png,desert-bushes-08,144,187,desert-bushes-ugbpa7,
Desert Bushes,desert-bushes-08-08.png,desert-bushes-08,62,144,desert-bushes-ugbpa7,
Desert Bushes,desert-bushes-08-09.png,desert-bushes-08,188,38,desert-bushes-ugbpa7,
Desert Bushes,desert-bushes-09-01.png,desert-bushes-09,126,487,desert-bushes-v6dxn2,
Desert Bushes,desert-bushes-09-02.png,desert-bushes-09,440,486,desert-bushes-v6dxn2,
Desert Bushes,desert-bushes-09-03.png,desert-bushes-09,357,265,desert-bushes-v6dxn2,
Desert Bushes,desert-bushes-10-01.png,desert-bushes-10,31,156,desert-bushes-vqzevb,
Desert Bushes,desert-bushes-10-02.png,desert-bushes-10,75,150,desert-bushes-vqzevb,
Desert Bushes,desert-bushes-10-03.png,desert-bushes-10,50,150,desert-bushes-vqzevb,
Desert Bushes,desert-bushes-10-04.png,desert-bushes-10,75,140,desert-bushes-vqzevb,
Desert Bushes,desert-bushes-10-05.png,desert-bushes-10,33,130,desert-bushes-vqzevb,
Desert Bushes,desert-bushes-10-06.png,desert-bushes-10,76,143,desert-bushes-vqzevb,
Desert Bushes,desert-bushes-10-07.png,desert-bushes-10,115,178,desert-bushes-vqzevb,
Desert Bushes,desert-bushes-10-08.png,desert-bushes-10,59,180,desert-bushes-vqzevb,
Desert Bushes,desert-bushes-10-09.png,desert-bushes-10,41,197,desert-bushes-vqzevb,
Desert Bushes,desert-bushes-10-10.png,desert-bushes-10,42,176,desert-bushes-vqzevb,
Desert Bushes,desert-bushes-10-11.png,desert-bushes-10,70,150,desert-bushes-vqzevb,
Desert Bushes,desert-bushes-10-12.png,desert-bushes-10,31,109,desert-bushes-vqzevb,
Desert Bushes,desert-bushes-10-13.png,desert-bushes-10,44,108,desert-bushes-vqzevb,
Desert Bushes,desert-bushes-10-14.png,desert-bushes-10,145,70,desert-bushes-vqzevb,
Desert Bushes,desert-bushes-10-15.png,desert-bushes-10,137,63,desert-bushes-vqzevb,
Desert Bushes,desert-bushes-10-16.png,desert-bushes-10,121,24,desert-bushes-vqzevb,
Desert Bushes,desert-bushes-10-17.png,desert-bushes-10,114,21,desert-bushes-vqzevb,
Desert Bushes,desert-bushes-10-18.png,desert-bushes-10,97,55,desert-bushes-vqzevb,
Desert Bushes,desert-bushes-10-19.png,desert-bushes-10,128,31,desert-bushes-vqzevb,
Desert Bushes,desert-bushes-10-20.png,desert-bushes-10,79,23,desert-bushes-vqzevb,
Desert Bushes,desert-bushes-10-21.png,desert-bushes-10,111,23,desert-bushes-vqzevb,
Desert Bushes,desert-bushes-11-01.png,desert-bushes-11,151,491,desert-bushes-vumxdf,
Desert Bushes,desert-bushes-11-02.png,desert-bushes-11,184,483,desert-bushes-vumxdf,
Desert Bushes,desert-bushes-11-03.png,desert-bushes-11,83,296,desert-bushes-vumxdf,
Desert Bushes,desert-bushes-12-01.png,desert-bushes-12,267,494,n9lkwt,
Desert Bushes,desert-bushes-12-02.png,desert-bushes-12,225,449,n9lkwt,
Dry Achillea millefolium,dry-achillea-millefolium-01-01.png,dry-achillea-millefolium-01,213,480,5zwrmn,
Dry Achillea millefolium,dry-achillea-millefolium-01-02.png,dry-achillea-millefolium-01,266,484,5zwrmn,
Dry Achillea millefolium,dry-achillea-millefolium-02-01.png,dry-achillea-millefolium-02,75,406,fwkllj,
Dry Achillea millefolium,dry-achillea-millefolium-02-02.png,dry-achillea-millefolium-02,80,409,fwkllj,
Dry Achillea millefolium,dry-achillea-millefolium-02-03.png,dry-achillea-millefolium-02,76,374,fwkllj,
Dry Achillea millefolium,dry-achillea-millefolium-02-04.png,dry-achillea-millefolium-02,76,421,fwkllj,
Dry Achillea millefolium,dry-achillea-millefolium-02-05.png,dry-achillea-millefolium-02,53,396,fwkllj,
Dry Achillea millefolium,dry-achillea-millefolium-02-06.png,dry-achillea-millefolium-02,305,72,fwkllj,
Dry Achillea millefolium,dry-achillea-millefolium-02-07.png,dry-achillea-millefolium-02,110,51,fwkllj,
Dry Achillea millefolium,dry-achillea-millefolium-03-01.png,dry-achillea-millefolium-03,355,494,kvgkpg,
Dry Achillea millefolium,dry-achillea-millefolium-04-01.png,dry-achillea-millefolium-04,39,380,pjrgdh,
Dry Achillea millefolium,dry-achillea-millefolium-04-02.png,dry-achillea-millefolium-04,47,374,pjrgdh,
Dry Achillea millefolium,dry-achillea-millefolium-04-03.png,dry-achillea-millefolium-04,48,382,pjrgdh,
Dry Achillea millefolium,dry-achillea-millefolium-04-04.png,dry-achillea-millefolium-04,21,392,pjrgdh,
Dry Achillea millefolium,dry-achillea-millefolium-04-05.png,dry-achillea-millefolium-04,64,352,pjrgdh,
Dry Achillea millefolium,dry-achillea-millefolium-04-06.png,dry-achillea-millefolium-04,39,366,pjrgdh,
Dry Achillea millefolium,dry-achillea-millefolium-04-07.png,dry-achillea-millefolium-04,51,322,pjrgdh,
Dry Achillea millefolium,dry-achillea-millefolium-04-08.png,dry-achillea-millefolium-04,36,26,pjrgdh,
Dry Achillea millefolium,dry-achillea-millefolium-04-09.png,dry-achillea-millefolium-04,77,87,pjrgdh,
Dry Achillea millefolium,dry-achillea-millefolium-04-10.png,dry-achillea-millefolium-04,66,76,pjrgdh,
Dry Achillea millefolium,dry-achillea-millefolium-04-11.png,dry-achillea-millefolium-04,75,67,pjrgdh,
Dry Achillea millefolium,dry-achillea-millefolium-04-12.png,dry-achillea-millefolium-04,77,66,pjrgdh,
Dry Achillea millefolium,dry-achillea-millefolium-04-13.png,dry-achillea-millefolium-04,41,50,pjrgdh,
Dry Achillea millefolium,dry-achillea-millefolium-04-14.png,dry-achillea-millefolium-04,54,52,pjrgdh,
Dry Achillea millefolium,dry-achillea-millefolium-05-01.png,dry-achillea-millefolium-05,239,494,txdvjg,
Dry Achillea millefolium,dry-achillea-millefolium-05-02.png,dry-achillea-millefolium-05,201,485,txdvjg,
Dry Bamboo Leaves,dry-bamboo-leaves-01-01.png,dry-bamboo-leaves-01,92,298,dhahj7,
Dry Bamboo Leaves,dry-bamboo-leaves-01-02.png,dry-bamboo-leaves-01,49,285,dhahj7,
Dry Bamboo Leaves,dry-bamboo-leaves-01-03.png,dry-bamboo-leaves-01,67,277,dhahj7,
Dry Bamboo Leaves,dry-bamboo-leaves-01-04.png,dry-bamboo-leaves-01,23,255,dhahj7,
Dry Bamboo Leaves,dry-bamboo-leaves-01-05.png,dry-bamboo-leaves-01,45,241,dhahj7,
Dry Bamboo Leaves,dry-bamboo-leaves-01-06.png,dry-bamboo-leaves-01,45,246,dhahj7,
Dry Bamboo Leaves,dry-bamboo-leaves-01-07.png,dry-bamboo-leaves-01,55,235,dhahj7,
Dry Bamboo Leaves,dry-bamboo-leaves-01-08.png,dry-bamboo-leaves-01,26,202,dhahj7,
Dry Bamboo Leaves,dry-bamboo-leaves-01-09.png,dry-bamboo-leaves-01,20,204,dhahj7,
Dry Bamboo Leaves,dry-bamboo-leaves-01-10.png,dry-bamboo-leaves-01,30,199,dhahj7,
Dry Bamboo Leaves,dry-bamboo-leaves-01-11.png,dry-bamboo-leaves-01,26,185,dhahj7,
Dry Bamboo Leaves,dry-bamboo-leaves-01-12.png,dry-bamboo-leaves-01,16,158,dhahj7,
Dry Bamboo Leaves,dry-bamboo-leaves-01-13.png,dry-bamboo-leaves-01,30,164,dhahj7,
Dry Bamboo Leaves,dry-bamboo-leaves-01-14.png,dry-bamboo-leaves-01,26,154,dhahj7,
Dry Bamboo Leaves,dry-bamboo-leaves-01-15.png,dry-bamboo-leaves-01,26,144,dhahj7,
Dry Bamboo Leaves,dry-bamboo-leaves-01-16.png,dry-bamboo-leaves-01,24,142,dhahj7,
Dry Bamboo Leaves,dry-bamboo-leaves-02-01.png,dry-bamboo-leaves-02,39,334,fhwnhj,
Dry Bamboo Leaves,dry-bamboo-leaves-02-02.png,dry-bamboo-leaves-02,30,360,fhwnhj,
Dry Bamboo Leaves,dry-bamboo-leaves-02-03.png,dry-bamboo-leaves-02,45,388,fhwnhj,
Dry Bamboo Leaves,dry-bamboo-leaves-02-04.png,dry-bamboo-leaves-02,29,323,fhwnhj,
Dry Bamboo Leaves,dry-bamboo-leaves-02-05.png,dry-bamboo-leaves-02,27,323,fhwnhj,
Dry Bamboo Leaves,dry-bamboo-leaves-02-06.png,dry-bamboo-leaves-02,51,344,fhwnhj,
Dry Bamboo Leaves,dry-bamboo-leaves-02-07.png,dry-bamboo-leaves-02,31,342,fhwnhj,
Dry Bamboo Leaves,dry-bamboo-leaves-02-08.png,dry-bamboo-leaves-02,30,308,fhwnhj,
Dry Bamboo Leaves,dry-bamboo-leaves-02-09.png,dry-bamboo-leaves-02,26,328,fhwnhj,
Dry Bamboo Leaves,dry-bamboo-leaves-02-10.png,dry-bamboo-leaves-02,61,140,fhwnhj,
Dry Bamboo Leaves,dry-bamboo-leaves-02-11.png,dry-bamboo-leaves-02,263,25,fhwnhj,
Dry Bamboo Leaves,dry-bamboo-leaves-02-12.png,dry-bamboo-leaves-02,18,99,fhwnhj,
Dry Bamboo Leaves,dry-bamboo-leaves-02-13.png,dry-bamboo-leaves-02,17,100,fhwnhj,
Dry Bamboo Leaves,dry-bamboo-leaves-02-14.png,dry-bamboo-leaves-02,293,35,fhwnhj,
Dry Bamboo Leaves,dry-bamboo-leaves-02-15.png,dry-bamboo-leaves-02,328,27,fhwnhj,
Dry Bamboo Leaves,dry-bamboo-leaves-03-01.png,dry-bamboo-leaves-03,504,494,m2ccvj,
Dry Bamboo Leaves,dry-bamboo-leaves-04-01.png,dry-bamboo-leaves-04,467,494,qmegce,
Dry Bamboo Leaves,dry-bamboo-leaves-05-01.png,dry-bamboo-leaves-05,21,140,qxazen,
Dry Bamboo Leaves,dry-bamboo-leaves-05-02.png,dry-bamboo-leaves-05,21,166,qxazen,
Dry Bamboo Leaves,dry-bamboo-leaves-05-03.png,dry-bamboo-leaves-05,23,142,qxazen,
Dry Bamboo Leaves,dry-bamboo-leaves-05-04.png,dry-bamboo-leaves-05,16,143,qxazen,
Dry Bamboo Leaves,dry-bamboo-leaves-05-05.png,dry-bamboo-leaves-05,21,157,qxazen,
Dry Bamboo Leaves,dry-bamboo-leaves-05-06.png,dry-bamboo-leaves-05,18,135,qxazen,
Dry Bamboo Leaves,dry-bamboo-leaves-05-07.png,dry-bamboo-leaves-05,20,139,qxazen,
Dry Bamboo Leaves,dry-bamboo-leaves-05-08.png,dry-bamboo-leaves-05,17,128,qxazen,
Dry Bamboo Leaves,dry-bamboo-leaves-05-09.png,dry-bamboo-leaves-05,21,128,qxazen,
Dry Bamboo Leaves,dry-bamboo-leaves-05-10.png,dry-bamboo-leaves-05,29,137,qxazen,
Dry Bamboo Leaves,dry-bamboo-leaves-05-11.png,dry-bamboo-leaves-05,18,134,qxazen,
Dry Bamboo Leaves,dry-bamboo-leaves-05-12.png,dry-bamboo-leaves-05,17,127,qxazen,
Dry Bamboo Leaves,dry-bamboo-leaves-05-13.png,dry-bamboo-leaves-05,17,115,qxazen,
Dry Bamboo Leaves,dry-bamboo-leaves-05-14.png,dry-bamboo-leaves-05,21,122,qxazen,
Dry Bamboo Leaves,dry-bamboo-leaves-05-15.png,dry-bamboo-leaves-05,17,139,qxazen,
Dry Bamboo Leaves,dry-bamboo-leaves-05-16.png,dry-bamboo-leaves-05,24,117,qxazen,
Dry Bamboo Leaves,dry-bamboo-leaves-05-17.png,dry-bamboo-leaves-05,19,110,qxazen,
Dry Bamboo Leaves,dry-bamboo-leaves-05-18.png,dry-bamboo-leaves-05,16,156,qxazen,
Dry Bamboo Leaves,dry-bamboo-leaves-05-19.png,dry-bamboo-leaves-05,18,123,qxazen,
Dry Bamboo Leaves,dry-bamboo-leaves-05-20.png,dry-bamboo-leaves-05,17,137,qxazen,
Dry Bamboo Leaves,dry-bamboo-leaves-05-21.png,dry-bamboo-leaves-05,17,111,qxazen,
Dry Bamboo Leaves,dry-bamboo-leaves-05-22.png,dry-bamboo-leaves-05,17,114,qxazen,
Dry Bamboo Leaves,dry-bamboo-leaves-05-23.png,dry-bamboo-leaves-05,16,102,qxazen,
Dry Bamboo Leaves,dry-bamboo-leaves-05-24.png,dry-bamboo-leaves-05,99,16,qxazen,
Dry Bamboo Leaves,dry-bamboo-leaves-05-25.png,dry-bamboo-leaves-05,89,27,qxazen,
Dry Bamboo Leaves,dry-bamboo-leaves-05-26.png,dry-bamboo-leaves-05,104,17,qxazen,
Dry Branches,dry-branches-01-01.png,dry-branches-01,128,493,dry-branches-6zzvab,
Dry Branches,dry-branches-01-02.png,dry-branches-01,67,494,dry-branches-6zzvab,
Dry Branches,dry-branches-01-03.png,dry-branches-01,56,462,dry-branches-6zzvab,
Dry Branches,dry-branches-01-04.png,dry-branches-01,44,465,dry-branches-6zzvab,
Dry Branches,dry-branches-01-05.png,dry-branches-01,102,456,dry-branches-6zzvab,
Dry Branches,dry-branches-01-06.png,dry-branches-01,65,441,dry-branches-6zzvab,
Dry Branches,dry-branches-02-01.png,dry-branches-02,21,130,dry-branches-cuwj7y,
Dry Branches,dry-branches-02-02.png,dry-branches-02,30,156,dry-branches-cuwj7y,
Dry Branches,dry-branches-02-03.png,dry-branches-02,20,148,dry-branches-cuwj7y,
Dry Branches,dry-branches-02-04.png,dry-branches-02,31,487,dry-branches-cuwj7y,
Dry Branches,dry-branches-02-05.png,dry-branches-02,76,474,dry-branches-cuwj7y,
Dry Branches,dry-branches-02-06.png,dry-branches-02,75,467,dry-branches-cuwj7y,
Dry Branches,dry-branches-02-07.png,dry-branches-02,54,454,dry-branches-cuwj7y,
Dry Branches,dry-branches-02-08.png,dry-branches-02,18,83,dry-branches-cuwj7y,
Dry Branches,dry-branches-02-09.png,dry-branches-02,40,451,dry-branches-cuwj7y,
Dry Branches,dry-branches-02-10.png,dry-branches-02,33,367,dry-branches-cuwj7y,
Dry Branches,dry-branches-02-11.png,dry-branches-02,39,341,dry-branches-cuwj7y,
Dry Branches,dry-branches-02-12.png,dry-branches-02,70,328,dry-branches-cuwj7y,
Dry Branches,dry-branches-03-01.png,dry-branches-03,91,468,dry-branches-ex4qhu,
Dry Branches,dry-branches-03-02.png,dry-branches-03,27,302,dry-branches-ex4qhu,
Dry Branches,dry-branches-03-03.png,dry-branches-03,29,223,dry-branches-ex4qhu,
Dry Branches,dry-branches-03-04.png,dry-branches-03,49,333,dry-branches-ex4qhu,
Dry Branches,dry-branches-03-05.png,dry-branches-03,77,264,dry-branches-ex4qhu,
Dry Branches,dry-branches-03-06.png,dry-branches-03,61,292,dry-branches-ex4qhu,
Dry Branches,dry-branches-03-07.png,dry-branches-03,17,92,dry-branches-ex4qhu,
Dry Branches,dry-branches-03-08.png,dry-branches-03,22,325,dry-branches-ex4qhu,
Dry Branches,dry-branches-03-09.png,dry-branches-03,41,301,dry-branches-ex4qhu,
Dry Branches,dry-branches-03-10.png,dry-branches-03,30,114,dry-branches-ex4qhu,
Dry Branches,dry-branches-03-11.png,dry-branches-03,28,363,dry-branches-ex4qhu,
Dry Branches,dry-branches-03-12.png,dry-branches-03,22,240,dry-branches-ex4qhu,
Dry Branches,dry-branches-03-13.png,dry-branches-03,24,215,dry-branches-ex4qhu,
Dry Branches,dry-branches-03-14.png,dry-branches-03,17,202,dry-branches-ex4qhu,
Dry Branches,dry-branches-03-15.png,dry-branches-03,33,167,dry-branches-ex4qhu,
Dry Branches,dry-branches-03-16.png,dry-branches-03,17,170,dry-branches-ex4qhu,
Dry Branches,dry-branches-03-17.png,dry-branches-03,45,158,dry-branches-ex4qhu,
Dry Branches,dry-branches-03-18.png,dry-branches-03,29,125,dry-branches-ex4qhu,
Dry Branches,dry-branches-03-19.png,dry-branches-03,20,112,dry-branches-ex4qhu,
Dry Branches,dry-branches-04-01.png,dry-branches-04,284,80,dry-branches-f42p7p,
Dry Branches,dry-branches-04-02.png,dry-branches-04,43,164,dry-branches-f42p7p,
Dry Branches,dry-branches-04-03.png,dry-branches-04,24,256,dry-branches-f42p7p,
Dry Branches,dry-branches-04-04.png,dry-branches-04,25,247,dry-branches-f42p7p,
Dry Branches,dry-branches-04-05.png,dry-branches-04,85,455,dry-branches-f42p7p,
Dry Branches,dry-branches-04-06.png,dry-branches-04,315,60,dry-branches-f42p7p,
Dry Branches,dry-branches-04-07.png,dry-branches-04,113,364,dry-branches-f42p7p,
Dry Branches,dry-branches-04-08.png,dry-branches-04,164,25,dry-branches-f42p7p,
Dry Branches,dry-branches-04-09.png,dry-branches-04,21,127,dry-branches-f42p7p,
Dry Branches,dry-branches-04-10.png,dry-branches-04,36,293,dry-branches-f42p7p,
Dry Branches,dry-branches-04-11.png,dry-branches-04,22,275,dry-branches-f42p7p,
Dry Branches,dry-branches-04-12.png,dry-branches-04,17,163,dry-branches-f42p7p,
Dry Branches,dry-branches-04-13.png,dry-branches-04,31,231,dry-branches-f42p7p,
Dry Branches,dry-branches-04-14.png,dry-branches-04,324,209,dry-branches-f42p7p,
Dry Branches,dry-branches-05-01.png,dry-branches-05,46,168,dry-branches-kd57ba,
Dry Branches,dry-branches-05-02.png,dry-branches-05,45,183,dry-branches-kd57ba,
Dry Branches,dry-branches-05-03.png,dry-branches-05,22,164,dry-branches-kd57ba,
Dry Branches,dry-branches-05-04.png,dry-branches-05,48,152,dry-branches-kd57ba,
Dry Branches,dry-branches-05-05.png,dry-branches-05,36,158,dry-branches-kd57ba,
Dry Branches,dry-branches-05-06.png,dry-branches-05,22,156,dry-branches-kd57ba,
Dry Branches,dry-branches-05-07.png,dry-branches-05,42,162,dry-branches-kd57ba,
Dry Branches,dry-branches-05-08.png,dry-branches-05,27,120,dry-branches-kd57ba,
Dry Branches,dry-branches-05-09.png,dry-branches-05,35,208,dry-branches-kd57ba,
Dry Branches,dry-branches-05-10.png,dry-branches-05,34,181,dry-branches-kd57ba,
Dry Branches,dry-branches-05-11.png,dry-branches-05,52,164,dry-branches-kd57ba,
Dry Branches,dry-branches-05-12.png,dry-branches-05,46,178,dry-branches-kd57ba,
Dry Branches,dry-branches-05-13.png,dry-branches-05,38,167,dry-branches-kd57ba,
Dry Branches,dry-branches-05-14.png,dry-branches-05,65,159,dry-branches-kd57ba,
Dry Branches,dry-branches-05-15.png,dry-branches-05,24,162,dry-branches-kd57ba,
Dry Branches,dry-branches-05-16.png,dry-branches-05,44,146,dry-branches-kd57ba,
Dry Branches,dry-branches-05-17.png,dry-branches-05,31,114,dry-branches-kd57ba,
Dry Branches,dry-branches-05-18.png,dry-branches-05,31,114,dry-branches-kd57ba,
Dry Branches,dry-branches-05-19.png,dry-branches-05,39,112,dry-branches-kd57ba,
Dry Branches,dry-branches-05-20.png,dry-branches-05,22,101,dry-branches-kd57ba,
Dry Branches,dry-branches-05-21.png,dry-branches-05,83,123,dry-branches-kd57ba,
Dry Branches,dry-branches-05-22.png,dry-branches-05,37,100,dry-branches-kd57ba,
Dry Branches,dry-branches-05-23.png,dry-branches-05,24,106,dry-branches-kd57ba,
Dry Branches,dry-branches-05-24.png,dry-branches-05,39,90,dry-branches-kd57ba,
Dry Branches,dry-branches-06-01.png,dry-branches-06,32,490,dry-branches-rdljhb,
Dry Branches,dry-branches-06-02.png,dry-branches-06,41,483,dry-branches-rdljhb,
Dry Branches,dry-branches-06-03.png,dry-branches-06,30,490,dry-branches-rdljhb,
Dry Branches,dry-branches-06-04.png,dry-branches-06,100,471,dry-branches-rdljhb,
Dry Branches,dry-branches-06-05.png,dry-branches-06,27,465,dry-branches-rdljhb,
Dry Branches,dry-branches-06-06.png,dry-branches-06,44,443,dry-branches-rdljhb,
Dry Branches,dry-branches-06-07.png,dry-branches-06,40,459,dry-branches-rdljhb,
Dry Branches,dry-branches-06-08.png,dry-branches-06,51,434,dry-branches-rdljhb,
Dry Bush,dry-bush-01-01.png,dry-bush-01,97,191,adnnwh,
Dry Bush,dry-bush-01-02.png,dry-bush-01,448,472,adnnwh,
Dry Bush,dry-bush-01-03.png,dry-bush-01,94,187,adnnwh,
Dry Bush,dry-bush-01-04.png,dry-bush-01,300,171,adnnwh,
Dry Bush,dry-bush-02-01.png,dry-bush-02,320,479,byscps,
Dry Bush,dry-bush-02-02.png,dry-bush-02,230,360,byscps,
Dry Bush,dry-bush-02-03.png,dry-bush-02,296,140,byscps,
Dry Bush,dry-bush-03-01.png,dry-bush-03,474,494,d8r5jy,
Dry Bush,dry-bush-04-01.png,dry-bush-04,360,478,dry-bush-3c9aprv,
Dry Bush,dry-bush-04-02.png,dry-bush-04,141,385,dry-bush-3c9aprv,
Dry Bush,dry-bush-05-01.png,dry-bush-05,90,490,dry-bush-3yzdjzg,
Dry Bush,dry-bush-05-02.png,dry-bush-05,187,487,dry-bush-3yzdjzg,
Dry Bush,dry-bush-05-03.png,dry-bush-05,176,486,dry-bush-3yzdjzg,
Dry Bush,dry-bush-06-01.png,dry-bush-06,508,494,dry-bush-4kzyekf,
Dry Bush,dry-bush-07-01.png,dry-bush-07,504,494,dry-bush-5kbt6g3,
Dry Bush,dry-bush-08-01.png,dry-bush-08,132,465,dry-bush-5qsyskb,
Dry Bush,dry-bush-08-02.png,dry-bush-08,141,486,dry-bush-5qsyskb,
Dry Bush,dry-bush-08-03.png,dry-bush-08,122,424,dry-bush-5qsyskb,
Dry Bush,dry-bush-08-04.png,dry-bush-08,131,290,dry-bush-5qsyskb,
Dry Bush,dry-bush-08-05.png,dry-bush-08,95,218,dry-bush-5qsyskb,
Dry Bush,dry-bush-09-01.png,dry-bush-09,54,253,dry-bush-8qypvw,
Dry Bush,dry-bush-09-02.png,dry-bush-09,73,242,dry-bush-8qypvw,
Dry Bush,dry-bush-09-03.png,dry-bush-09,50,203,dry-bush-8qypvw,
Dry Bush,dry-bush-09-04.png,dry-bush-09,32,398,dry-bush-8qypvw,
Dry Bush,dry-bush-09-05.png,dry-bush-09,38,430,dry-bush-8qypvw,
Dry Bush,dry-bush-09-06.png,dry-bush-09,90,218,dry-bush-8qypvw,
Dry Bush,dry-bush-09-07.png,dry-bush-09,64,189,dry-bush-8qypvw,
Dry Bush,dry-bush-09-08.png,dry-bush-09,71,254,dry-bush-8qypvw,
Dry Bush,dry-bush-09-09.png,dry-bush-09,35,230,dry-bush-8qypvw,
Dry Bush,dry-bush-09-10.png,dry-bush-09,31,220,dry-bush-8qypvw,
Dry Bush,dry-bush-09-11.png,dry-bush-09,75,207,dry-bush-8qypvw,
Dry Bush,dry-bush-09-12.png,dry-bush-09,20,215,dry-bush-8qypvw,
Dry Bush,dry-bush-09-13.png,dry-bush-09,35,175,dry-bush-8qypvw,
Dry Bush,dry-bush-09-14.png,dry-bush-09,17,178,dry-bush-8qypvw,
Dry Bush,dry-bush-10-01.png,dry-bush-10,279,492,dry-bush-alwbgrj,
Dry Bush,dry-bush-10-02.png,dry-bush-10,132,443,dry-bush-alwbgrj,
Dry Bush,dry-bush-11-01.png,dry-bush-11,111,494,dry-bush-b9b7hyt,
Dry Bush,dry-bush-11-02.png,dry-bush-11,188,484,dry-bush-b9b7hyt,
Dry Bush,dry-bush-11-03.png,dry-bush-11,130,467,dry-bush-b9b7hyt,
Dry Bush,dry-bush-12-01.png,dry-bush-12,463,494,dry-bush-ca9kqgr,
Dry Bush,dry-bush-13-01.png,dry-bush-13,348,482,dry-bush-cu2wb2y,
Dry Bush,dry-bush-13-02.png,dry-bush-13,104,261,dry-bush-cu2wb2y,
Dry Bush,dry-bush-13-03.png,dry-bush-13,213,129,dry-bush-cu2wb2y,
Dry Bush,dry-bush-14-01.png,dry-bush-14,305,490,dry-bush-d7qptj,
Dry Bush,dry-bush-14-02.png,dry-bush-14,235,490,dry-bush-d7qptj,
Dry Bush,dry-bush-15-01.png,dry-bush-15,450,494,dry-bush-dcsq7ez,
Dry Bush,dry-bush-16-01.png,dry-bush-16,182,494,dry-bush-e84nr5,
Dry Bush,dry-bush-16-02.png,dry-bush-16,154,461,dry-bush-e84nr5,
Dry Bush,dry-bush-16-03.png,dry-bush-16,58,464,dry-bush-e84nr5,
Dry Bush,dry-bush-17-01.png,dry-bush-17,475,494,dry-bush-fmqdbwv,
Dry Bush,dry-bush-18-01.png,dry-bush-18,508,494,dry-bush-gq8hlfh,
Dry Bush,dry-bush-19-01.png,dry-bush-19,279,388,dry-bush-hmvzbue,
Dry Bush,dry-bush-19-02.png,dry-bush-19,231,383,dry-bush-hmvzbue,
Dry Bush,dry-bush-20-01.png,dry-bush-20,253,494,dry-bush-hphkvj,
Dry Bush,dry-bush-20-02.png,dry-bush-20,194,446,dry-bush-hphkvj,
Dry Bush,dry-bush-21-01.png,dry-bush-21,301,494,dry-bush-huavhp,
Dry Bush,dry-bush-21-02.png,dry-bush-21,139,450,dry-bush-huavhp,
Dry Bush,dry-bush-22-01.png,dry-bush-22,218,483,dry-bush-j4qrpww,
Dry Bush,dry-bush-22-02.png,dry-bush-22,287,421,dry-bush-j4qrpww,
Dry Bush,dry-bush-23-01.png,dry-bush-23,139,324,dry-bush-kahzkb3,
Dry Bush,dry-bush-23-02.png,dry-bush-23,215,380,dry-bush-kahzkb3,
Dry Bush,dry-bush-23-03.png,dry-bush-23,88,235,dry-bush-kahzkb3,
Dry Bush,dry-bush-23-04.png,dry-bush-23,238,202,dry-bush-kahzkb3,
Dry Bush,dry-bush-23-05.png,dry-bush-23,260,99,dry-bush-kahzkb3,
Dry Bush,dry-bush-24-01.png,dry-bush-24,508,486,dry-bush-llz4rzs,
Dry Bush,dry-bush-24-02.png,dry-bush-24,129,179,dry-bush-llz4rzs,
Dry Bush,dry-bush-25-01.png,dry-bush-25,74,494,dry-bush-mbc4fsu,
Dry Bush,dry-bush-25-02.png,dry-bush-25,78,484,dry-bush-mbc4fsu,
Dry Bush,dry-bush-25-03.png,dry-bush-25,155,463,dry-bush-mbc4fsu,
Dry Bush,dry-bush-25-04.png,dry-bush-25,168,434,dry-bush-mbc4fsu,
Dry Bush,dry-bush-26-01.png,dry-bush-26,196,309,dry-bush-mdtzzqr,
Dry Bush,dry-bush-26-02.png,dry-bush-26,112,310,dry-bush-mdtzzqr,
Dry Bush,dry-bush-26-03.png,dry-bush-26,194,297,dry-bush-mdtzzqr,
Dry Bush,dry-bush-26-04.png,dry-bush-26,307,118,dry-bush-mdtzzqr,
Dry Bush,dry-bush-26-05.png,dry-bush-26,229,93,dry-bush-mdtzzqr,
Dry Bush,dry-bush-27-01.png,dry-bush-27,126,486,dry-bush-mfwtctd,
Dry Bush,dry-bush-27-02.png,dry-bush-27,200,488,dry-bush-mfwtctd,
Dry Bush,dry-bush-27-03.png,dry-bush-27,111,446,dry-bush-mfwtctd,
Dry Bush,dry-bush-27-04.png,dry-bush-27,91,428,dry-bush-mfwtctd,
Dry Bush,dry-bush-28-01.png,dry-bush-28,138,280,dry-bush-mxdw9uc,
Dry Bush,dry-bush-28-02.png,dry-bush-28,159,252,dry-bush-mxdw9uc,
Dry Bush,dry-bush-28-03.png,dry-bush-28,167,249,dry-bush-mxdw9uc,
Dry Bush,dry-bush-28-04.png,dry-bush-28,127,213,dry-bush-mxdw9uc,
Dry Bush,dry-bush-28-05.png,dry-bush-28,66,208,dry-bush-mxdw9uc,
Dry Bush,dry-bush-28-06.png,dry-bush-28,94,202,dry-bush-mxdw9uc,
Dry Bush,dry-bush-28-07.png,dry-bush-28,110,183,dry-bush-mxdw9uc,
Dry Bush,dry-bush-29-01.png,dry-bush-29,255,494,dry-bush-nvy4fx,
Dry Bush,dry-bush-29-02.png,dry-bush-29,211,467,dry-bush-nvy4fx,
Dry Bush,dry-bush-30-01.png,dry-bush-30,206,374,dry-bush-nyfhrpu,
Dry Bush,dry-bush-30-02.png,dry-bush-30,123,356,dry-bush-nyfhrpu,
Dry Bush,dry-bush-30-03.png,dry-bush-30,135,229,dry-bush-nyfhrpu,
Dry Bush,dry-bush-30-04.png,dry-bush-30,261,138,dry-bush-nyfhrpu,
Dry Bush,dry-bush-30-05.png,dry-bush-30,203,105,dry-bush-nyfhrpu,
Dry Bush,dry-bush-31-01.png,dry-bush-31,508,491,dry-bush-paa4sce,
Dry Bush,dry-bush-32-01.png,dry-bush-32,210,474,dry-bush-pu7x7hg,
Dry Bush,dry-bush-32-02.png,dry-bush-32,196,465,dry-bush-pu7x7hg,
Dry Bush,dry-bush-32-03.png,dry-bush-32,132,407,dry-bush-pu7x7hg,
Dry Bush,dry-bush-33-01.png,dry-bush-33,469,494,dry-bush-q6gehgu,
Dry Bush,dry-bush-34-01.png,dry-bush-34,487,494,dry-bush-qsptmjm,
Dry Bush,dry-bush-34-02.png,dry-bush-34,170,322,dry-bush-qsptmjm,
Dry Bush,dry-bush-35-01.png,dry-bush-35,497,494,dry-bush-rkthzgs,
Dry Bush,dry-bush-36-01.png,dry-bush-36,85,386,dry-bush-srx2pv,
Dry Bush,dry-bush-36-02.png,dry-bush-36,162,361,dry-bush-srx2pv,
Dry Bush,dry-bush-36-03.png,dry-bush-36,80,387,dry-bush-srx2pv,
Dry Bush,dry-bush-36-04.png,dry-bush-36,114,216,dry-bush-srx2pv,
Dry Bush,dry-bush-36-05.png,dry-bush-36,81,176,dry-bush-srx2pv,
Dry Bush,dry-bush-36-06.png,dry-bush-36,100,126,dry-bush-srx2pv,
Dry Bush,dry-bush-36-07.png,dry-bush-36,26,275,dry-bush-srx2pv,
Dry Bush,dry-bush-36-08.png,dry-bush-36,80,232,dry-bush-srx2pv,
Dry Bush,dry-bush-36-09.png,dry-bush-36,69,207,dry-bush-srx2pv,
Dry Bush,dry-bush-36-10.png,dry-bush-36,217,58,dry-bush-srx2pv,
Dry Bush,dry-bush-36-11.png,dry-bush-36,277,68,dry-bush-srx2pv,
Dry Bush,dry-bush-37-01.png,dry-bush-37,242,494,dry-bush-tmw7abk,
Dry Bush,dry-bush-37-02.png,dry-bush-37,244,473,dry-bush-tmw7abk,
Dry Bush,dry-bush-38-01.png,dry-bush-38,149,491,dry-bush-trs2dga,
Dry Bush,dry-bush-38-02.png,dry-bush-38,123,479,dry-bush-trs2dga,
Dry Bush,dry-bush-38-03.png,dry-bush-38,124,452,dry-bush-trs2dga,
Dry Bush,dry-bush-38-04.png,dry-bush-38,72,453,dry-bush-trs2dga,
Dry Bush,dry-bush-39-01.png,dry-bush-39,73,334,dry-bush-uhmvv9q,
Dry Bush,dry-bush-39-02.png,dry-bush-39,57,343,dry-bush-uhmvv9q,
Dry Bush,dry-bush-39-03.png,dry-bush-39,60,331,dry-bush-uhmvv9q,
Dry Bush,dry-bush-39-04.png,dry-bush-39,82,367,dry-bush-uhmvv9q,
Dry Bush,dry-bush-39-05.png,dry-bush-39,43,304,dry-bush-uhmvv9q,
Dry Bush,dry-bush-39-06.png,dry-bush-39,64,316,dry-bush-uhmvv9q,
Dry Bush,dry-bush-39-07.png,dry-bush-39,70,328,dry-bush-uhmvv9q,
Dry Bush,dry-bush-39-08.png,dry-bush-39,276,92,dry-bush-uhmvv9q,
Dry Bush,dry-bush-39-09.png,dry-bush-39,156,35,dry-bush-uhmvv9q,
Dry Bush,dry-bush-39-10.png,dry-bush-39,194,27,dry-bush-uhmvv9q,
Dry Bush,dry-bush-39-11.png,dry-bush-39,203,57,dry-bush-uhmvv9q,
Dry Bush,dry-bush-39-12.png,dry-bush-39,196,22,dry-bush-uhmvv9q,
Dry Bush,dry-bush-39-13.png,dry-bush-39,240,28,dry-bush-uhmvv9q,
Dry Bush,dry-bush-40-01.png,dry-bush-40,116,489,dry-bush-uvw6uqy,
Dry Bush,dry-bush-40-02.png,dry-bush-40,109,424,dry-bush-uvw6uqy,
Dry Bush,dry-bush-40-03.png,dry-bush-40,90,369,dry-bush-uvw6uqy,
Dry Bush,dry-bush-40-04.png,dry-bush-40,84,383,dry-bush-uvw6uqy,
Dry Bush,dry-bush-40-05.png,dry-bush-40,214,82,dry-bush-uvw6uqy,
Dry Bush,dry-bush-40-06.png,dry-bush-40,107,33,dry-bush-uvw6uqy,
Dry Bush,dry-bush-41-01.png,dry-bush-41,100,233,dry-bush-uwtme3d,
Dry Bush,dry-bush-41-02.png,dry-bush-41,142,220,dry-bush-uwtme3d,
Dry Bush,dry-bush-41-03.png,dry-bush-41,131,240,dry-bush-uwtme3d,
Dry Bush,dry-bush-41-04.png,dry-bush-41,90,217,dry-bush-uwtme3d,
Dry Bush,dry-bush-41-05.png,dry-bush-41,101,226,dry-bush-uwtme3d,
Dry Bush,dry-bush-41-06.png,dry-bush-41,88,158,dry-bush-uwtme3d,
Dry Bush,dry-bush-41-07.png,dry-bush-41,144,230,dry-bush-uwtme3d,
Dry Bush,dry-bush-41-08.png,dry-bush-41,153,207,dry-bush-uwtme3d,
Dry Bush,dry-bush-41-09.png,dry-bush-41,94,48,dry-bush-uwtme3d,
Dry Bush,dry-bush-42-01.png,dry-bush-42,248,391,dry-bush-uxe4ds6,
Dry Bush,dry-bush-42-02.png,dry-bush-42,257,351,dry-bush-uxe4ds6,
Dry Bush,dry-bush-43-01.png,dry-bush-43,182,494,dry-bush-v2atpd,
Dry Bush,dry-bush-43-02.png,dry-bush-43,211,421,dry-bush-v2atpd,
Dry Bush,dry-bush-44-01.png,dry-bush-44,123,489,dry-bush-v3g2sab,
Dry Bush,dry-bush-44-02.png,dry-bush-44,116,456,dry-bush-v3g2sab,
Dry Bush,dry-bush-44-03.png,dry-bush-44,62,454,dry-bush-v3g2sab,
Dry Bush,dry-bush-44-04.png,dry-bush-44,111,451,dry-bush-v3g2sab,
Dry Bush,dry-bush-45-01.png,dry-bush-45,133,478,dry-bush-weppsu,
Dry Bush,dry-bush-45-02.png,dry-bush-45,171,467,dry-bush-weppsu,
Dry Bush,dry-bush-45-03.png,dry-bush-45,84,435,dry-bush-weppsu,
Dry Bush,dry-bush-45-04.png,dry-bush-45,45,266,dry-bush-weppsu,
Dry Bush,dry-bush-45-05.png,dry-bush-45,43,266,dry-bush-weppsu,
Dry Bush,dry-bush-45-06.png,dry-bush-45,38,244,dry-bush-weppsu,
Dry Bush,dry-bush-46-01.png,dry-bush-46,177,434,dry-bush-wgsgsc2,
Dry Bush,dry-bush-46-02.png,dry-bush-46,184,443,dry-bush-wgsgsc2,
Dry Bush,dry-bush-46-03.png,dry-bush-46,102,449,dry-bush-wgsgsc2,
Dry Bush,dry-bush-46-04.png,dry-bush-46,127,408,dry-bush-wgsgsc2,
Dry Bush,dry-bush-46-05.png,dry-bush-46,50,380,dry-bush-wgsgsc2,
Dry Bush,dry-bush-46-06.png,dry-bush-46,55,311,dry-bush-wgsgsc2,
Dry Bush,dry-bush-47-01.png,dry-bush-47,152,467,dry-bush-wmsys6s,
Dry Bush,dry-bush-47-02.png,dry-bush-47,193,444,dry-bush-wmsys6s,
Dry Bush,dry-bush-47-03.png,dry-bush-47,77,432,dry-bush-wmsys6s,
Dry Bush,dry-bush-47-04.png,dry-bush-47,69,416,dry-bush-wmsys6s,
Dry Bush,dry-bush-47-05.png,dry-bush-47,87,394,dry-bush-wmsys6s,
Dry Bush,dry-bush-48-01.png,dry-bush-48,245,456,dry-bush-ws4uw9a,
Dry Bush,dry-bush-48-02.png,dry-bush-48,227,401,dry-bush-ws4uw9a,
Dry Bush,dry-bush-49-01.png,dry-bush-49,257,483,dry-bush-xdd6rhz,
Dry Bush,dry-bush-49-02.png,dry-bush-49,186,448,dry-bush-xdd6rhz,
Dry Bush,dry-bush-50-01.png,dry-bush-50,127,494,dry-bush-xymf59s,
Dry Bush,dry-bush-50-02.png,dry-bush-50,114,494,dry-bush-xymf59s,
Dry Bush,dry-bush-50-03.png,dry-bush-50,129,459,dry-bush-xymf59s,
Dry Bush,dry-bush-50-04.png,dry-bush-50,52,449,dry-bush-xymf59s,
Dry Bush,dry-bush-51-01.png,dry-bush-51,105,288,dry-bush-yg5ad2j,
Dry Bush,dry-bush-51-02.png,dry-bush-51,84,312,dry-bush-yg5ad2j,
Dry Bush,dry-bush-51-03.png,dry-bush-51,179,311,dry-bush-yg5ad2j,
Dry Bush,dry-bush-51-04.png,dry-bush-51,75,239,dry-bush-yg5ad2j,
Dry Bush,dry-bush-51-05.png,dry-bush-51,280,69,dry-bush-yg5ad2j,
Dry Bush,dry-bush-51-06.png,dry-bush-51,230,89,dry-bush-yg5ad2j,
Dry Bush,dry-bush-51-07.png,dry-bush-51,157,26,dry-bush-yg5ad2j,
Dry Bush,dry-bush-51-08.png,dry-bush-51,220,28,dry-bush-yg5ad2j,
Dry Bush,dry-bush-51-09.png,dry-bush-51,202,19,dry-bush-yg5ad2j,
Dry Bush,dry-bush-51-10.png,dry-bush-51,239,25,dry-bush-yg5ad2j,
Dry Bush,dry-bush-52-01.png,dry-bush-52,157,478,dry-bush-yp5mtyk,
Dry Bush,dry-bush-52-02.png,dry-bush-52,132,488,dry-bush-yp5mtyk,
Dry Bush,dry-bush-52-03.png,dry-bush-52,82,473,dry-bush-yp5mtyk,
Dry Bush,dry-bush-52-04.png,dry-bush-52,201,420,dry-bush-yp5mtyk,
Dry Bush,dry-bush-53-01.png,dry-bush-53,165,457,dw38t6,
Dry Bush,dry-bush-53-02.png,dry-bush-53,145,435,dw38t6,
Dry Bush,dry-bush-53-03.png,dry-bush-53,137,428,dw38t6,
Dry Bush,dry-bush-54-01.png,dry-bush-54,222,494,mxkjva,
Dry Bush,dry-bush-54-02.png,dry-bush-54,187,452,mxkjva,
Dry Bush,dry-bush-55-01.png,dry-bush-55,458,422,nsb2yt,
Dry Bush,dry-bush-55-02.png,dry-bush-55,282,150,nsb2yt,
Dry Bush,dry-bush-56-01.png,dry-bush-56,62,425,pzxesz,
Dry Bush,dry-bush-56-02.png,dry-bush-56,136,447,pzxesz,
Dry Bush,dry-bush-56-03.png,dry-bush-56,77,419,pzxesz,
Dry Bush,dry-bush-56-04.png,dry-bush-56,99,409,pzxesz,
Dry Bush,dry-bush-56-05.png,dry-bush-56,58,390,pzxesz,
Dry Bush,dry-bush-56-06.png,dry-bush-56,455,50,pzxesz,
Dry Bush,dry-bush-57-01.png,dry-bush-57,57,406,qtvzjq,
Dry Bush,dry-bush-57-02.png,dry-bush-57,106,396,qtvzjq,
Dry Bush,dry-bush-57-03.png,dry-bush-57,63,375,qtvzjq,
Dry Bush,dry-bush-57-04.png,dry-bush-57,26,345,qtvzjq,
Dry Bush,dry-bush-57-05.png,dry-bush-57,78,298,qtvzjq,
Dry Bush,dry-bush-57-06.png,dry-bush-57,85,374,qtvzjq,
Dry Bush,dry-bush-57-07.png,dry-bush-57,81,22,qtvzjq,
Dry Bush,dry-bush-57-08.png,dry-bush-57,176,37,qtvzjq,
Dry Bush,dry-bush-57-09.png,dry-bush-57,359,31,qtvzjq,
Dry Bush,dry-bush-57-10.png,dry-bush-57,220,80,qtvzjq,
Dry Bush,dry-bush-57-11.png,dry-bush-57,170,71,qtvzjq,
Dry Bush,dry-bush-57-12.png,dry-bush-57,92,32,qtvzjq,
Dry Bush,dry-bush-58-01.png,dry-bush-58,102,291,sxvuhg,
Dry Bush,dry-bush-58-02.png,dry-bush-58,108,283,sxvuhg,
Dry Bush,dry-bush-58-03.png,dry-bush-58,101,278,sxvuhg,
Dry Bush,dry-bush-58-04.png,dry-bush-58,76,248,sxvuhg,
Dry Bush,dry-bush-58-05.png,dry-bush-58,135,202,sxvuhg,
Dry Bush,dry-bush-58-06.png,dry-bush-58,60,178,sxvuhg,
Dry Bush,dry-bush-58-07.png,dry-bush-58,111,189,sxvuhg,
Dry Bush,dry-bush-58-08.png,dry-bush-58,62,142,sxvuhg,
Dry Bush,dry-bush-59-01.png,dry-bush-59,174,481,t85cxg,
Dry Bush,dry-bush-59-02.png,dry-bush-59,204,442,t85cxg,
Dry Bush,dry-bush-59-03.png,dry-bush-59,119,435,t85cxg,
Dry Bush,dry-bush-60-01.png,dry-bush-60,238,494,tv7aer,
Dry Bush,dry-bush-60-02.png,dry-bush-60,309,470,tv7aer,
Dry Bush,dry-bush-61-01.png,dry-bush-61,453,494,vwbs4y,
Dry Bush,dry-bush-62-01.png,dry-bush-62,284,361,xpwrxm,
Dry Bush,dry-bush-62-02.png,dry-bush-62,80,422,xpwrxm,
Dry Bush,dry-bush-62-03.png,dry-bush-62,408,196,xpwrxm,
Dry Bush,dry-bush-63-01.png,dry-bush-63,280,458,xxut93,
Dry Bush,dry-bush-63-02.png,dry-bush-63,213,480,xxut93,
Dry Bush Debris,dry-bush-debris-01-01.png,dry-bush-debris-01,508,494,dry-bush-debris-7q8jbp,
Dry Bush Debris,dry-bush-debris-02-01.png,dry-bush-debris-02,488,494,dry-bush-debris-ghjd4m,
Dry Bush Debris,dry-bush-debris-03-01.png,dry-bush-debris-03,508,492,dry-bush-debris-q94a9m,
Dry Desert Plant,dry-desert-plant-01-01.png,dry-desert-plant-01,169,491,dry-desert-plant-kfdnq3,
Dry Desert Plant,dry-desert-plant-01-02.png,dry-desert-plant-01,45,494,dry-desert-plant-kfdnq3,
Dry Desert Plant,dry-desert-plant-01-03.png,dry-desert-plant-01,38,465,dry-desert-plant-kfdnq3,
Dry Desert Plant,dry-desert-plant-01-04.png,dry-desert-plant-01,193,31,dry-desert-plant-kfdnq3,
Dry Desert Plant,dry-desert-plant-01-05.png,dry-desert-plant-01,47,403,dry-desert-plant-kfdnq3,
Dry Desert Plant,dry-desert-plant-01-06.png,dry-desert-plant-01,34,392,dry-desert-plant-kfdnq3,
Dry Desert Plant,dry-desert-plant-01-07.png,dry-desert-plant-01,62,384,dry-desert-plant-kfdnq3,
Dry Desert Plant,dry-desert-plant-02-01.png,dry-desert-plant-02,52,338,dry-desert-plant-utjjeu,
Dry Desert Plant,dry-desert-plant-02-02.png,dry-desert-plant-02,92,221,dry-desert-plant-utjjeu,
Dry Desert Plant,dry-desert-plant-02-03.png,dry-desert-plant-02,30,285,dry-desert-plant-utjjeu,
Dry Desert Plant,dry-desert-plant-02-04.png,dry-desert-plant-02,37,299,dry-desert-plant-utjjeu,
Dry Desert Plant,dry-desert-plant-02-05.png,dry-desert-plant-02,24,244,dry-desert-plant-utjjeu,
Dry Desert Plant,dry-desert-plant-02-06.png,dry-desert-plant-02,64,306,dry-desert-plant-utjjeu,
Dry Desert Plant,dry-desert-plant-02-07.png,dry-desert-plant-02,64,245,dry-desert-plant-utjjeu,
Dry Desert Plant,dry-desert-plant-02-08.png,dry-desert-plant-02,61,230,dry-desert-plant-utjjeu,
Dry Desert Plant,dry-desert-plant-02-09.png,dry-desert-plant-02,41,102,dry-desert-plant-utjjeu,
Dry Desert Plant,dry-desert-plant-02-10.png,dry-desert-plant-02,16,166,dry-desert-plant-utjjeu,
Dry Desert Plant,dry-desert-plant-02-11.png,dry-desert-plant-02,18,166,dry-desert-plant-utjjeu,
Dry Desert Plant,dry-desert-plant-02-12.png,dry-desert-plant-02,34,167,dry-desert-plant-utjjeu,
Dry Desert Plant,dry-desert-plant-02-13.png,dry-desert-plant-02,19,144,dry-desert-plant-utjjeu,
Dry Desert Plant,dry-desert-plant-02-14.png,dry-desert-plant-02,19,132,dry-desert-plant-utjjeu,
Dry Desert Plant,dry-desert-plant-02-15.png,dry-desert-plant-02,34,103,dry-desert-plant-utjjeu,
Dry Grass,dry-grass-01-01.png,dry-grass-01,138,428,85s6zr,
Dry Grass,dry-grass-01-02.png,dry-grass-01,148,403,85s6zr,
Dry Grass,dry-grass-01-03.png,dry-grass-01,166,389,85s6zr,
Dry Grass,dry-grass-02-01.png,dry-grass-02,248,382,bfpbk5,
Dry Grass,dry-grass-02-02.png,dry-grass-02,233,394,bfpbk5,
Dry Grass,dry-grass-03-01.png,dry-grass-03,103,392,bhswfu,
Dry Grass,dry-grass-03-02.png,dry-grass-03,78,366,bhswfu,
Dry Grass,dry-grass-03-03.png,dry-grass-03,63,381,bhswfu,
Dry Grass,dry-grass-03-04.png,dry-grass-03,76,369,bhswfu,
Dry Grass,dry-grass-03-05.png,dry-grass-03,219,86,bhswfu,
Dry Grass,dry-grass-03-06.png,dry-grass-03,249,33,bhswfu,
Dry Grass,dry-grass-04-01.png,dry-grass-04,464,493,cytftv,
Dry Grass,dry-grass-05-01.png,dry-grass-05,66,244,dry-grass-25fnak,
Dry Grass,dry-grass-05-02.png,dry-grass-05,29,259,dry-grass-25fnak,
Dry Grass,dry-grass-05-03.png,dry-grass-05,40,261,dry-grass-25fnak,
Dry Grass,dry-grass-05-04.png,dry-grass-05,41,275,dry-grass-25fnak,
Dry Grass,dry-grass-05-05.png,dry-grass-05,22,267,dry-grass-25fnak,
Dry Grass,dry-grass-05-06.png,dry-grass-05,38,240,dry-grass-25fnak,
Dry Grass,dry-grass-05-07.png,dry-grass-05,35,233,dry-grass-25fnak,
Dry Grass,dry-grass-05-08.png,dry-grass-05,36,246,dry-grass-25fnak,
Dry Grass,dry-grass-05-09.png,dry-grass-05,23,222,dry-grass-25fnak,
Dry Grass,dry-grass-05-10.png,dry-grass-05,35,232,dry-grass-25fnak,
Dry Grass,dry-grass-05-11.png,dry-grass-05,33,228,dry-grass-25fnak,
Dry Grass,dry-grass-05-12.png,dry-grass-05,21,223,dry-grass-25fnak,
Dry Grass,dry-grass-05-13.png,dry-grass-05,82,201,dry-grass-25fnak,
Dry Grass,dry-grass-05-14.png,dry-grass-05,63,212,dry-grass-25fnak,
Dry Grass,dry-grass-05-15.png,dry-grass-05,17,208,dry-grass-25fnak,
Dry Grass,dry-grass-05-16.png,dry-grass-05,38,199,dry-grass-25fnak,
Dry Grass,dry-grass-05-17.png,dry-grass-05,44,195,dry-grass-25fnak,
Dry Grass,dry-grass-06-01.png,dry-grass-06,387,494,dry-grass-3763qn2,
Dry Grass,dry-grass-07-01.png,dry-grass-07,228,492,dry-grass-3d5bbbr,
Dry Grass,dry-grass-07-02.png,dry-grass-07,241,494,dry-grass-3d5bbbr,
Dry Grass,dry-grass-08-01.png,dry-grass-08,508,491,dry-grass-8snarch,
Dry Grass,dry-grass-09-01.png,dry-grass-09,27,370,dry-grass-b8ddkd,
Dry Grass,dry-grass-09-02.png,dry-grass-09,23,350,dry-grass-b8ddkd,
Dry Grass,dry-grass-09-03.png,dry-grass-09,70,334,dry-grass-b8ddkd,
Dry Grass,dry-grass-09-04.png,dry-grass-09,76,414,dry-grass-b8ddkd,
Dry Grass,dry-grass-09-05.png,dry-grass-09,38,367,dry-grass-b8ddkd,
Dry Grass,dry-grass-09-06.png,dry-grass-09,81,436,dry-grass-b8ddkd,
Dry Grass,dry-grass-09-07.png,dry-grass-09,47,387,dry-grass-b8ddkd,
Dry Grass,dry-grass-09-08.png,dry-grass-09,54,349,dry-grass-b8ddkd,
Dry Grass,dry-grass-09-09.png,dry-grass-09,51,343,dry-grass-b8ddkd,
Dry Grass,dry-grass-09-10.png,dry-grass-09,191,54,dry-grass-b8ddkd,
Dry Grass,dry-grass-09-11.png,dry-grass-09,214,25,dry-grass-b8ddkd,
Dry Grass,dry-grass-09-12.png,dry-grass-09,203,21,dry-grass-b8ddkd,
Dry Grass,dry-grass-09-13.png,dry-grass-09,202,20,dry-grass-b8ddkd,
Dry Grass,dry-grass-10-01.png,dry-grass-10,385,494,dry-grass-bxkgzev,
Dry Grass,dry-grass-11-01.png,dry-grass-11,46,494,dry-grass-dczhkh9,
Dry Grass,dry-grass-11-02.png,dry-grass-11,61,454,dry-grass-dczhkh9,
Dry Grass,dry-grass-11-03.png,dry-grass-11,20,368,dry-grass-dczhkh9,
Dry Grass,dry-grass-11-04.png,dry-grass-11,27,458,dry-grass-dczhkh9,
Dry Grass,dry-grass-11-05.png,dry-grass-11,38,378,dry-grass-dczhkh9,
Dry Grass,dry-grass-11-06.png,dry-grass-11,47,447,dry-grass-dczhkh9,
Dry Grass,dry-grass-11-07.png,dry-grass-11,28,374,dry-grass-dczhkh9,
Dry Grass,dry-grass-11-08.png,dry-grass-11,19,323,dry-grass-dczhkh9,
Dry Grass,dry-grass-11-09.png,dry-grass-11,32,356,dry-grass-dczhkh9,
Dry Grass,dry-grass-11-10.png,dry-grass-11,35,303,dry-grass-dczhkh9,
Dry Grass,dry-grass-11-11.png,dry-grass-11,24,349,dry-grass-dczhkh9,
Dry Grass,dry-grass-11-12.png,dry-grass-11,44,378,dry-grass-dczhkh9,
Dry Grass,dry-grass-11-13.png,dry-grass-11,46,364,dry-grass-dczhkh9,
Dry Grass,dry-grass-11-14.png,dry-grass-11,237,24,dry-grass-dczhkh9,
Dry Grass,dry-grass-11-15.png,dry-grass-11,253,22,dry-grass-dczhkh9,
Dry Grass,dry-grass-12-01.png,dry-grass-12,454,494,dry-grass-ggbqzs,
Dry Grass,dry-grass-13-01.png,dry-grass-13,72,210,dry-grass-grca8y,
Dry Grass,dry-grass-13-02.png,dry-grass-13,52,141,dry-grass-grca8y,
Dry Grass,dry-grass-13-03.png,dry-grass-13,31,212,dry-grass-grca8y,
Dry Grass,dry-grass-13-04.png,dry-grass-13,33,179,dry-grass-grca8y,
Dry Grass,dry-grass-13-05.png,dry-grass-13,38,137,dry-grass-grca8y,
Dry Grass,dry-grass-13-06.png,dry-grass-13,43,159,dry-grass-grca8y,
Dry Grass,dry-grass-13-07.png,dry-grass-13,25,113,dry-grass-grca8y,
Dry Grass,dry-grass-13-08.png,dry-grass-13,61,167,dry-grass-grca8y,
Dry Grass,dry-grass-13-09.png,dry-grass-13,31,121,dry-grass-grca8y,
Dry Grass,dry-grass-13-10.png,dry-grass-13,16,106,dry-grass-grca8y,
Dry Grass,dry-grass-13-11.png,dry-grass-13,63,116,dry-grass-grca8y,
Dry Grass,dry-grass-13-12.png,dry-grass-13,39,103,dry-grass-grca8y,
Dry Grass,dry-grass-13-13.png,dry-grass-13,16,148,dry-grass-grca8y,
Dry Grass,dry-grass-13-14.png,dry-grass-13,45,208,dry-grass-grca8y,
Dry Grass,dry-grass-13-15.png,dry-grass-13,27,164,dry-grass-grca8y,
Dry Grass,dry-grass-13-16.png,dry-grass-13,71,120,dry-grass-grca8y,
Dry Grass,dry-grass-13-17.png,dry-grass-13,18,135,dry-grass-grca8y,
Dry Grass,dry-grass-13-18.png,dry-grass-13,36,119,dry-grass-grca8y,
Dry Grass,dry-grass-13-19.png,dry-grass-13,183,140,dry-grass-grca8y,
Dry Grass,dry-grass-13-20.png,dry-grass-13,35,117,dry-grass-grca8y,
Dry Grass,dry-grass-13-21.png,dry-grass-13,147,22,dry-grass-grca8y,
Dry Grass,dry-grass-13-22.png,dry-grass-13,244,36,dry-grass-grca8y,
Dry Grass,dry-grass-14-01.png,dry-grass-14,60,271,dry-grass-hamme7,
Dry Grass,dry-grass-14-02.png,dry-grass-14,46,171,dry-grass-hamme7,
Dry Grass,dry-grass-14-03.png,dry-grass-14,23,243,dry-grass-hamme7,
Dry Grass,dry-grass-14-04.png,dry-grass-14,51,251,dry-grass-hamme7,
Dry Grass,dry-grass-14-05.png,dry-grass-14,24,204,dry-grass-hamme7,
Dry Grass,dry-grass-14-06.png,dry-grass-14,44,271,dry-grass-hamme7,
Dry Grass,dry-grass-14-07.png,dry-grass-14,72,230,dry-grass-hamme7,
Dry Grass,dry-grass-14-08.png,dry-grass-14,18,261,dry-grass-hamme7,
Dry Grass,dry-grass-14-09.png,dry-grass-14,32,236,dry-grass-hamme7,
Dry Grass,dry-grass-14-10.png,dry-grass-14,21,163,dry-grass-hamme7,
Dry Grass,dry-grass-14-11.png,dry-grass-14,26,149,dry-grass-hamme7,
Dry Grass,dry-grass-14-12.png,dry-grass-14,161,31,dry-grass-hamme7,
Dry Grass,dry-grass-14-13.png,dry-grass-14,79,199,dry-grass-hamme7,
Dry Grass,dry-grass-14-14.png,dry-grass-14,58,192,dry-grass-hamme7,
Dry Grass,dry-grass-14-15.png,dry-grass-14,34,199,dry-grass-hamme7,
Dry Grass,dry-grass-14-16.png,dry-grass-14,26,195,dry-grass-hamme7,
Dry Grass,dry-grass-14-17.png,dry-grass-14,30,166,dry-grass-hamme7,
Dry Grass,dry-grass-14-18.png,dry-grass-14,20,170,dry-grass-hamme7,
Dry Grass,dry-grass-14-19.png,dry-grass-14,22,147,dry-grass-hamme7,
Dry Grass,dry-grass-14-20.png,dry-grass-14,41,88,dry-grass-hamme7,
Dry Grass,dry-grass-15-01.png,dry-grass-15,118,491,dry-grass-hefkqx,
Dry Grass,dry-grass-15-02.png,dry-grass-15,143,488,dry-grass-hefkqx,
Dry Grass,dry-grass-15-03.png,dry-grass-15,122,490,dry-grass-hefkqx,
Dry Grass,dry-grass-15-04.png,dry-grass-15,113,480,dry-grass-hefkqx,
Dry Grass,dry-grass-16-01.png,dry-grass-16,411,494,dry-grass-j9gcxug,
Dry Grass,dry-grass-17-01.png,dry-grass-17,458,494,dry-grass-mr7a6up,
Dry Grass,dry-grass-18-01.png,dry-grass-18,437,494,dry-grass-pzquy7j,
Dry Grass,dry-grass-19-01.png,dry-grass-19,68,494,dry-grass-q4chgku,
Dry Grass,dry-grass-19-02.png,dry-grass-19,96,492,dry-grass-q4chgku,
Dry Grass,dry-grass-19-03.png,dry-grass-19,43,489,dry-grass-q4chgku,
Dry Grass,dry-grass-19-04.png,dry-grass-19,33,456,dry-grass-q4chgku,
Dry Grass,dry-grass-19-05.png,dry-grass-19,58,435,dry-grass-q4chgku,
Dry Grass,dry-grass-19-06.png,dry-grass-19,37,433,dry-grass-q4chgku,
Dry Grass,dry-grass-19-07.png,dry-grass-19,38,441,dry-grass-q4chgku,
Dry Grass,dry-grass-19-08.png,dry-grass-19,38,402,dry-grass-q4chgku,
Dry Grass,dry-grass-19-09.png,dry-grass-19,27,414,dry-grass-q4chgku,
Dry Grass,dry-grass-20-01.png,dry-grass-20,508,488,dry-grass-rnxpqrs,
Dry Grass,dry-grass-21-01.png,dry-grass-21,236,494,dry-grass-tfwkqfh,
Dry Grass,dry-grass-21-02.png,dry-grass-21,258,461,dry-grass-tfwkqfh,
Dry Grass,dry-grass-22-01.png,dry-grass-22,130,494,dry-grass-tjnlgwc,
Dry Grass,dry-grass-22-02.png,dry-grass-22,131,494,dry-grass-tjnlgwc,
Dry Grass,dry-grass-22-03.png,dry-grass-22,102,467,dry-grass-tjnlgwc,
Dry Grass,dry-grass-23-01.png,dry-grass-23,96,494,dry-grass-umthgf,
Dry Grass,dry-grass-23-02.png,dry-grass-23,121,458,dry-grass-umthgf,
Dry Grass,dry-grass-23-03.png,dry-grass-23,123,448,dry-grass-umthgf,
Dry Grass,dry-grass-23-04.png,dry-grass-23,90,427,dry-grass-umthgf,
Dry Grass,dry-grass-23-05.png,dry-grass-23,71,381,dry-grass-umthgf,
Dry Grass,dry-grass-24-01.png,dry-grass-24,221,494,dry-grass-vaszcl,
Dry Grass,dry-grass-24-02.png,dry-grass-24,223,438,dry-grass-vaszcl,
Dry Grass,dry-grass-25-01.png,dry-grass-25,423,494,dry-grass-vfyv8uh,
Dry Grass,dry-grass-26-01.png,dry-grass-26,478,494,dry-grass-vhdeqw,
Dry Grass,dry-grass-27-01.png,dry-grass-27,42,404,dry-grass-vlgvqxl,
Dry Grass,dry-grass-27-02.png,dry-grass-27,54,406,dry-grass-vlgvqxl,
Dry Grass,dry-grass-27-03.png,dry-grass-27,30,336,dry-grass-vlgvqxl,
Dry Grass,dry-grass-27-04.png,dry-grass-27,30,417,dry-grass-vlgvqxl,
Dry Grass,dry-grass-27-05.png,dry-grass-27,30,384,dry-grass-vlgvqxl,
Dry Grass,dry-grass-27-06.png,dry-grass-27,37,391,dry-grass-vlgvqxl,
Dry Grass,dry-grass-27-07.png,dry-grass-27,27,364,dry-grass-vlgvqxl,
Dry Grass,dry-grass-27-08.png,dry-grass-27,27,451,dry-grass-vlgvqxl,
Dry Grass,dry-grass-27-09.png,dry-grass-27,21,388,dry-grass-vlgvqxl,
Dry Grass,dry-grass-27-10.png,dry-grass-27,31,412,dry-grass-vlgvqxl,
Dry Grass,dry-grass-27-11.png,dry-grass-27,34,359,dry-grass-vlgvqxl,
Dry Grass,dry-grass-27-12.png,dry-grass-27,249,37,dry-grass-vlgvqxl,
Dry Grass,dry-grass-27-13.png,dry-grass-27,336,58,dry-grass-vlgvqxl,
Dry Grass,dry-grass-28-01.png,dry-grass-28,87,438,dry-grass-vuytua,
Dry Grass,dry-grass-28-02.png,dry-grass-28,23,383,dry-grass-vuytua,
Dry Grass,dry-grass-28-03.png,dry-grass-28,20,388,dry-grass-vuytua,
Dry Grass,dry-grass-28-04.png,dry-grass-28,19,401,dry-grass-vuytua,
Dry Grass,dry-grass-28-05.png,dry-grass-28,60,409,dry-grass-vuytua,
Dry Grass,dry-grass-28-06.png,dry-grass-28,55,415,dry-grass-vuytua,
Dry Grass,dry-grass-28-07.png,dry-grass-28,39,427,dry-grass-vuytua,
Dry Grass,dry-grass-28-08.png,dry-grass-28,61,392,dry-grass-vuytua,
Dry Grass,dry-grass-28-09.png,dry-grass-28,29,392,dry-grass-vuytua,
Dry Grass,dry-grass-28-10.png,dry-grass-28,23,375,dry-grass-vuytua,
Dry Grass,dry-grass-28-11.png,dry-grass-28,407,19,dry-grass-vuytua,
Dry Grass,dry-grass-28-12.png,dry-grass-28,362,21,dry-grass-vuytua,
Dry Grass,dry-grass-29-01.png,dry-grass-29,258,494,fbxber,
Dry Grass,dry-grass-29-02.png,dry-grass-29,245,441,fbxber,
Dry Grass,dry-grass-30-01.png,dry-grass-30,55,327,futecw,
Dry Grass,dry-grass-30-02.png,dry-grass-30,35,391,futecw,
Dry Grass,dry-grass-30-03.png,dry-grass-30,37,393,futecw,
Dry Grass,dry-grass-30-04.png,dry-grass-30,37,310,futecw,
Dry Grass,dry-grass-30-05.png,dry-grass-30,32,340,futecw,
Dry Grass,dry-grass-30-06.png,dry-grass-30,35,297,futecw,
Dry Grass,dry-grass-30-07.png,dry-grass-30,31,299,futecw,
Dry Grass,dry-grass-30-08.png,dry-grass-30,25,295,futecw,
Dry Grass,dry-grass-30-09.png,dry-grass-30,29,321,futecw,
Dry Grass,dry-grass-30-10.png,dry-grass-30,28,349,futecw,
Dry Grass,dry-grass-30-11.png,dry-grass-30,36,287,futecw,
Dry Grass,dry-grass-30-12.png,dry-grass-30,170,19,futecw,
Dry Grass,dry-grass-30-13.png,dry-grass-30,163,41,futecw,
Dry Grass,dry-grass-31-01.png,dry-grass-31,241,494,mxquqd,
Dry Grass,dry-grass-31-02.png,dry-grass-31,227,465,mxquqd,
Dry Grass,dry-grass-32-01.png,dry-grass-32,37,353,r2mdsp,
Dry Grass,dry-grass-32-02.png,dry-grass-32,62,389,r2mdsp,
Dry Grass,dry-grass-32-03.png,dry-grass-32,72,377,r2mdsp,
Dry Grass,dry-grass-32-04.png,dry-grass-32,39,364,r2mdsp,
Dry Grass,dry-grass-32-05.png,dry-grass-32,43,375,r2mdsp,
Dry Grass,dry-grass-32-06.png,dry-grass-32,75,334,r2mdsp,
Dry Grass,dry-grass-32-07.png,dry-grass-32,482,46,r2mdsp,
Dry Grass,dry-grass-32-08.png,dry-grass-32,462,81,r2mdsp,
Dry Grass,dry-grass-33-01.png,dry-grass-33,101,416,rqehvm,
Dry Grass,dry-grass-33-02.png,dry-grass-33,32,411,rqehvm,
Dry Grass,dry-grass-33-03.png,dry-grass-33,77,386,rqehvm,
Dry Grass,dry-grass-33-04.png,dry-grass-33,50,395,rqehvm,
Dry Grass,dry-grass-33-05.png,dry-grass-33,57,400,rqehvm,
Dry Grass,dry-grass-33-06.png,dry-grass-33,82,389,rqehvm,
Dry Grass,dry-grass-33-07.png,dry-grass-33,296,19,rqehvm,
Dry Grass,dry-grass-33-08.png,dry-grass-33,300,25,rqehvm,
Dry Grass,dry-grass-33-09.png,dry-grass-33,164,17,rqehvm,
Dry Grass,dry-grass-34-01.png,dry-grass-34,508,489,udhjuj,
Dry Grass,dry-grass-35-01.png,dry-grass-35,508,492,wwxtyq,
Dry Grass,dry-grass-36-01.png,dry-grass-36,96,272,xnjhwl,
Dry Grass,dry-grass-36-02.png,dry-grass-36,72,269,xnjhwl,
Dry Grass,dry-grass-36-03.png,dry-grass-36,96,239,xnjhwl,
Dry Grass,dry-grass-36-04.png,dry-grass-36,72,253,xnjhwl,
Dry Grass,dry-grass-36-05.png,dry-grass-36,73,248,xnjhwl,
Dry Grass,dry-grass-36-06.png,dry-grass-36,137,226,xnjhwl,
Dry Grass,dry-grass-36-07.png,dry-grass-36,81,225,xnjhwl,
Dry Grass,dry-grass-36-08.png,dry-grass-36,73,190,xnjhwl,
Dry Grass,dry-grass-36-09.png,dry-grass-36,84,188,xnjhwl,
Dry Grass,dry-grass-36-10.png,dry-grass-36,59,179,xnjhwl,
Dry Grass,dry-grass-37-01.png,dry-grass-37,121,435,ybsrwf,
Dry Grass,dry-grass-37-02.png,dry-grass-37,50,457,ybsrwf,
Dry Grass,dry-grass-37-03.png,dry-grass-37,51,430,ybsrwf,
Dry Grass,dry-grass-37-04.png,dry-grass-37,50,360,ybsrwf,
Dry Grass,dry-grass-37-05.png,dry-grass-37,42,419,ybsrwf,
Dry Grass,dry-grass-37-06.png,dry-grass-37,46,404,ybsrwf,
Dry Grass,dry-grass-37-07.png,dry-grass-37,38,403,ybsrwf,
Dry Grass,dry-grass-37-08.png,dry-grass-37,55,441,ybsrwf,
Dry Grass,dry-grass-37-09.png,dry-grass-37,133,16,ybsrwf,
Dry Grass,dry-grass-37-10.png,dry-grass-37,202,17,ybsrwf,
Dry Grass,dry-grass-37-11.png,dry-grass-37,267,29,ybsrwf,
Dry Grass,dry-grass-38-01.png,dry-grass-38,473,494,yjsnjq,
Dry Grass,dry-grass-39-01.png,dry-grass-39,508,488,ynrlna,
Dry Grass,dry-grass-40-01.png,dry-grass-40,35,246,zgmqgt,
Dry Grass,dry-grass-40-02.png,dry-grass-40,18,263,zgmqgt,
Dry Grass,dry-grass-40-03.png,dry-grass-40,32,240,zgmqgt,
Dry Grass,dry-grass-40-04.png,dry-grass-40,34,256,zgmqgt,
Dry Grass,dry-grass-40-05.png,dry-grass-40,44,249,zgmqgt,
Dry Grass,dry-grass-40-06.png,dry-grass-40,25,219,zgmqgt,
Dry Grass,dry-grass-40-07.png,dry-grass-40,35,225,zgmqgt,
Dry Grass,dry-grass-40-08.png,dry-grass-40,31,265,zgmqgt,
Dry Grass,dry-grass-40-09.png,dry-grass-40,25,233,zgmqgt,
Dry Grass,dry-grass-40-10.png,dry-grass-40,25,229,zgmqgt,
Dry Grass,dry-grass-40-11.png,dry-grass-40,20,215,zgmqgt,
Dry Grass,dry-grass-40-12.png,dry-grass-40,18,203,zgmqgt,
Dry Grass,dry-grass-40-13.png,dry-grass-40,21,212,zgmqgt,
Dry Grass,dry-grass-40-14.png,dry-grass-40,17,207,zgmqgt,
Dry Grass,dry-grass-40-15.png,dry-grass-40,18,207,zgmqgt,
Dry Grass,dry-grass-40-16.png,dry-grass-40,30,184,zgmqgt,
Dry Grass,dry-grass-40-17.png,dry-grass-40,42,203,zgmqgt,
Dry Grass,dry-grass-40-18.png,dry-grass-40,16,198,zgmqgt,
Dry Grass,dry-grass-40-19.png,dry-grass-40,26,179,zgmqgt,
Dry Grass,dry-grass-40-20.png,dry-grass-40,16,197,zgmqgt,
Dry Grass,dry-grass-40-21.png,dry-grass-40,18,180,zgmqgt,
Dry Grass,dry-grass-40-22.png,dry-grass-40,24,196,zgmqgt,
Dry Grass,dry-grass-41-01.png,dry-grass-41,224,300,zyar2s,
Dry Grass,dry-grass-41-02.png,dry-grass-41,226,305,zyar2s,
Dry Grass,dry-grass-41-03.png,dry-grass-41,267,139,zyar2s,
Dry Grass,dry-grass-41-04.png,dry-grass-41,246,127,zyar2s,
Dry Lady Fern,dry-lady-fern-01-01.png,dry-lady-fern-01,179,494,hkuvcv,
Dry Lady Fern,dry-lady-fern-01-02.png,dry-lady-fern-01,160,380,hkuvcv,
Dry Lady Fern,dry-lady-fern-01-03.png,dry-lady-fern-01,95,236,hkuvcv,
Dry Lady Fern,dry-lady-fern-01-04.png,dry-lady-fern-01,108,165,hkuvcv,
Dry Lady Fern,dry-lady-fern-01-05.png,dry-lady-fern-01,39,80,hkuvcv,
Dry Lady Fern,dry-lady-fern-02-01.png,dry-lady-fern-02,133,358,pd5zbq,
Dry Lady Fern,dry-lady-fern-02-02.png,dry-lady-fern-02,239,299,pd5zbq,
Dry Lady Fern,dry-lady-fern-02-03.png,dry-lady-fern-02,371,129,pd5zbq,
Dry Lady Fern,dry-lady-fern-03-01.png,dry-lady-fern-03,179,363,s34teb,
Dry Lady Fern,dry-lady-fern-03-02.png,dry-lady-fern-03,84,326,s34teb,
Dry Lady Fern,dry-lady-fern-03-03.png,dry-lady-fern-03,96,278,s34teb,
Dry Lady Fern,dry-lady-fern-03-04.png,dry-lady-fern-03,183,111,s34teb,
Dry Lady Fern,dry-lady-fern-03-05.png,dry-lady-fern-03,261,109,s34teb,
Dry Meadow Bush,dry-meadow-bush-01-01.png,dry-meadow-bush-01,155,286,dry-meadow-bush-2evug2g,
Dry Meadow Bush,dry-meadow-bush-01-02.png,dry-meadow-bush-01,81,98,dry-meadow-bush-2evug2g,
Dry Meadow Bush,dry-meadow-bush-01-03.png,dry-meadow-bush-01,162,254,dry-meadow-bush-2evug2g,
Dry Meadow Bush,dry-meadow-bush-01-04.png,dry-meadow-bush-01,105,423,dry-meadow-bush-2evug2g,
Dry Meadow Bush,dry-meadow-bush-01-05.png,dry-meadow-bush-01,57,123,dry-meadow-bush-2evug2g,
Dry Meadow Bush,dry-meadow-bush-01-06.png,dry-meadow-bush-01,142,196,dry-meadow-bush-2evug2g,
Dry Meadow Bush,dry-meadow-bush-01-07.png,dry-meadow-bush-01,68,80,dry-meadow-bush-2evug2g,
Dry Meadow Bush,dry-meadow-bush-01-08.png,dry-meadow-bush-01,238,188,dry-meadow-bush-2evug2g,
Dry Meadow Bush,dry-meadow-bush-01-09.png,dry-meadow-bush-01,96,76,dry-meadow-bush-2evug2g,
Dry Meadow Bush,dry-meadow-bush-02-01.png,dry-meadow-bush-02,102,457,dry-meadow-bush-3gylkvc,
Dry Meadow Bush,dry-meadow-bush-02-02.png,dry-meadow-bush-02,138,425,dry-meadow-bush-3gylkvc,
Dry Meadow Bush,dry-meadow-bush-02-03.png,dry-meadow-bush-02,100,447,dry-meadow-bush-3gylkvc,
Dry Meadow Bush,dry-meadow-bush-02-04.png,dry-meadow-bush-02,113,448,dry-meadow-bush-3gylkvc,
Dry Meadow Bush,dry-meadow-bush-03-01.png,dry-meadow-bush-03,508,479,dry-meadow-bush-6mfae9u,
Dry Meadow Bush,dry-meadow-bush-04-01.png,dry-meadow-bush-04,131,429,dry-meadow-bush-9yqkdfw,
Dry Meadow Bush,dry-meadow-bush-04-02.png,dry-meadow-bush-04,140,428,dry-meadow-bush-9yqkdfw,
Dry Meadow Bush,dry-meadow-bush-04-03.png,dry-meadow-bush-04,109,413,dry-meadow-bush-9yqkdfw,
Dry Meadow Bush,dry-meadow-bush-04-04.png,dry-meadow-bush-04,89,405,dry-meadow-bush-9yqkdfw,
Dry Meadow Bush,dry-meadow-bush-05-01.png,dry-meadow-bush-05,508,494,dry-meadow-bush-c6bhjxd,
Dry Meadow Bush,dry-meadow-bush-06-01.png,dry-meadow-bush-06,508,494,dry-meadow-bush-dtcqrjx,
Dry Meadow Bush,dry-meadow-bush-07-01.png,dry-meadow-bush-07,508,469,dry-meadow-bush-pwlwr9s,
Dry Meadow Bush,dry-meadow-bush-08-01.png,dry-meadow-bush-08,193,248,dry-meadow-bush-qkm5qxj,
Dry Meadow Bush,dry-meadow-bush-08-02.png,dry-meadow-bush-08,192,318,dry-meadow-bush-qkm5qxj,
Dry Meadow Bush,dry-meadow-bush-08-03.png,dry-meadow-bush-08,127,457,dry-meadow-bush-qkm5qxj,
Dry Meadow Bush,dry-meadow-bush-08-04.png,dry-meadow-bush-08,100,121,dry-meadow-bush-qkm5qxj,
Dry Meadow Bush,dry-meadow-bush-08-05.png,dry-meadow-bush-08,89,113,dry-meadow-bush-qkm5qxj,
Dry Meadow Bush,dry-meadow-bush-08-06.png,dry-meadow-bush-08,340,188,dry-meadow-bush-qkm5qxj,
Dry Meadow Bush,dry-meadow-bush-08-07.png,dry-meadow-bush-08,102,90,dry-meadow-bush-qkm5qxj,
Dry Meadow Bush,dry-meadow-bush-09-01.png,dry-meadow-bush-09,508,448,dry-meadow-bush-s6dg32,
Dry Meadow Bush,dry-meadow-bush-10-01.png,dry-meadow-bush-10,507,494,dry-meadow-bush-tkjfbf3,
Dry Meadow Bush,dry-meadow-bush-11-01.png,dry-meadow-bush-11,155,450,dry-meadow-bush-tulr7pl,
Dry Meadow Bush,dry-meadow-bush-11-02.png,dry-meadow-bush-11,132,449,dry-meadow-bush-tulr7pl,
Dry Meadow Bush,dry-meadow-bush-11-03.png,dry-meadow-bush-11,128,437,dry-meadow-bush-tulr7pl,
Dry Meadow Bush,dry-meadow-bush-11-04.png,dry-meadow-bush-11,150,418,dry-meadow-bush-tulr7pl,
Dry Meadow Bush,dry-meadow-bush-12-01.png,dry-meadow-bush-12,419,494,dry-meadow-bush-umjapdp,
Dry Meadow Bush,dry-meadow-bush-13-01.png,dry-meadow-bush-13,195,494,dry-meadow-bush-wddgf8z,
Dry Meadow Bush,dry-meadow-bush-13-02.png,dry-meadow-bush-13,219,479,dry-meadow-bush-wddgf8z,
Dry Meadow Bush,dry-meadow-bush-13-03.png,dry-meadow-bush-13,127,429,dry-meadow-bush-wddgf8z,
Dry Meadow Bush,dry-meadow-bush-14-01.png,dry-meadow-bush-14,508,482,dry-meadow-bush-x9zzvq,
Dry Meadow Grass,dry-meadow-grass-01-01.png,dry-meadow-grass-01,497,494,2ha9dn,
Dry Meadow Grass,dry-meadow-grass-02-01.png,dry-meadow-grass-02,464,494,8gjcjm,
Dry Meadow Grass,dry-meadow-grass-03-01.png,dry-meadow-grass-03,488,494,9q2uep,
Dry Meadow Grass,dry-meadow-grass-04-01.png,dry-meadow-grass-04,484,494,bfl6ru,
Dry Meadow Grass,dry-meadow-grass-05-01.png,dry-meadow-grass-05,471,494,bqw4rz,
Dry Meadow Grass,dry-meadow-grass-06-01.png,dry-meadow-grass-06,450,490,cxwnxe,
Dry Meadow Grass,dry-meadow-grass-07-01.png,dry-meadow-grass-07,474,494,dps8ba,
Dry Meadow Grass,dry-meadow-grass-08-01.png,dry-meadow-grass-08,24,491,enrfbz,
Dry Meadow Grass,dry-meadow-grass-08-02.png,dry-meadow-grass-08,22,484,enrfbz,
Dry Meadow Grass,dry-meadow-grass-08-03.png,dry-meadow-grass-08,36,483,enrfbz,
Dry Meadow Grass,dry-meadow-grass-08-04.png,dry-meadow-grass-08,16,477,enrfbz,
Dry Meadow Grass,dry-meadow-grass-08-05.png,dry-meadow-grass-08,31,463,enrfbz,
Dry Meadow Grass,dry-meadow-grass-08-06.png,dry-meadow-grass-08,18,475,enrfbz,
Dry Meadow Grass,dry-meadow-grass-08-07.png,dry-meadow-grass-08,16,475,enrfbz,
Dry Meadow Grass,dry-meadow-grass-08-08.png,dry-meadow-grass-08,41,456,enrfbz,
Dry Meadow Grass,dry-meadow-grass-08-09.png,dry-meadow-grass-08,36,462,enrfbz,
Dry Meadow Grass,dry-meadow-grass-08-10.png,dry-meadow-grass-08,45,462,enrfbz,
Dry Meadow Grass,dry-meadow-grass-08-11.png,dry-meadow-grass-08,20,455,enrfbz,
Dry Meadow Grass,dry-meadow-grass-08-12.png,dry-meadow-grass-08,18,466,enrfbz,
Dry Meadow Grass,dry-meadow-grass-08-13.png,dry-meadow-grass-08,21,422,enrfbz,
Dry Meadow Grass,dry-meadow-grass-08-14.png,dry-meadow-grass-08,23,427,enrfbz,
Dry Meadow Grass,dry-meadow-grass-08-15.png,dry-meadow-grass-08,25,425,enrfbz,
Dry Meadow Grass,dry-meadow-grass-09-01.png,dry-meadow-grass-09,385,494,l2ws7v,
Dry Meadow Grass,dry-meadow-grass-09-02.png,dry-meadow-grass-09,113,425,l2ws7v,
Dry Meadow Grass,dry-meadow-grass-10-01.png,dry-meadow-grass-10,458,476,m2gret,
Dry Meadow Grass,dry-meadow-grass-11-01.png,dry-meadow-grass-11,168,494,nechsw,
Dry Meadow Grass,dry-meadow-grass-11-02.png,dry-meadow-grass-11,276,482,nechsw,
Dry Meadow Grass,dry-meadow-grass-11-03.png,dry-meadow-grass-11,74,353,nechsw,
Dry Meadow Grass,dry-meadow-grass-12-01.png,dry-meadow-grass-12,28,491,qrdb9c,
Dry Meadow Grass,dry-meadow-grass-12-02.png,dry-meadow-grass-12,18,476,qrdb9c,
Dry Meadow Grass,dry-meadow-grass-12-03.png,dry-meadow-grass-12,25,481,qrdb9c,
Dry Meadow Grass,dry-meadow-grass-12-04.png,dry-meadow-grass-12,36,481,qrdb9c,
Dry Meadow Grass,dry-meadow-grass-12-05.png,dry-meadow-grass-12,45,474,qrdb9c,
Dry Meadow Grass,dry-meadow-grass-12-06.png,dry-meadow-grass-12,32,467,qrdb9c,
Dry Meadow Grass,dry-meadow-grass-12-07.png,dry-meadow-grass-12,16,459,qrdb9c,
Dry Meadow Grass,dry-meadow-grass-12-08.png,dry-meadow-grass-12,54,463,qrdb9c,
Dry Meadow Grass,dry-meadow-grass-12-09.png,dry-meadow-grass-12,28,454,qrdb9c,
Dry Meadow Grass,dry-meadow-grass-12-10.png,dry-meadow-grass-12,16,454,qrdb9c,
Dry Meadow Grass,dry-meadow-grass-12-11.png,dry-meadow-grass-12,30,440,qrdb9c,
Dry Meadow Grass,dry-meadow-grass-12-12.png,dry-meadow-grass-12,43,430,qrdb9c,
Dry Meadow Grass,dry-meadow-grass-12-13.png,dry-meadow-grass-12,30,411,qrdb9c,
Dry Meadow Grass,dry-meadow-grass-13-01.png,dry-meadow-grass-13,128,494,rlrc4f,
Dry Meadow Grass,dry-meadow-grass-13-02.png,dry-meadow-grass-13,92,479,rlrc4f,
Dry Meadow Grass,dry-meadow-grass-13-03.png,dry-meadow-grass-13,109,458,rlrc4f,
Dry Meadow Grass,dry-meadow-grass-13-04.png,dry-meadow-grass-13,142,436,rlrc4f,
Dry Meadow Grass,dry-meadow-grass-14-01.png,dry-meadow-grass-14,37,494,rxjwet,
Dry Meadow Grass,dry-meadow-grass-14-02.png,dry-meadow-grass-14,30,455,rxjwet,
Dry Meadow Grass,dry-meadow-grass-14-03.png,dry-meadow-grass-14,26,443,rxjwet,
Dry Meadow Grass,dry-meadow-grass-14-04.png,dry-meadow-grass-14,71,438,rxjwet,
Dry Meadow Grass,dry-meadow-grass-14-05.png,dry-meadow-grass-14,19,432,rxjwet,
Dry Meadow Grass,dry-meadow-grass-14-06.png,dry-meadow-grass-14,21,425,rxjwet,
Dry Meadow Grass,dry-meadow-grass-14-07.png,dry-meadow-grass-14,16,419,rxjwet,
Dry Meadow Grass,dry-meadow-grass-14-08.png,dry-meadow-grass-14,62,409,rxjwet,
Dry Meadow Grass,dry-meadow-grass-14-09.png,dry-meadow-grass-14,37,405,rxjwet,
Dry Meadow Grass,dry-meadow-grass-14-10.png,dry-meadow-grass-14,17,397,rxjwet,
Dry Meadow Grass,dry-meadow-grass-15-01.png,dry-meadow-grass-15,490,494,sqp9tx,
Dry Meadow Grass,dry-meadow-grass-16-01.png,dry-meadow-grass-16,75,494,zpeu58,
Dry Meadow Grass,dry-meadow-grass-16-02.png,dry-meadow-grass-16,166,494,zpeu58,
Dry Meadow Grass,dry-meadow-grass-16-03.png,dry-meadow-grass-16,90,489,zpeu58,
Dry Meadow Grass,dry-meadow-grass-16-04.png,dry-meadow-grass-16,104,465,zpeu58,
Dry Meadow Plant,dry-meadow-plant-01-01.png,dry-meadow-plant-01,153,363,a39vaz,
Dry Meadow Plant,dry-meadow-plant-01-02.png,dry-meadow-plant-01,172,393,a39vaz,
Dry Meadow Plant,dry-meadow-plant-01-03.png,dry-meadow-plant-01,132,398,a39vaz,
Dry Meadow Plant,dry-meadow-plant-01-04.png,dry-meadow-plant-01,330,116,a39vaz,
Dry Meadow Plant,dry-meadow-plant-02-01.png,dry-meadow-plant-02,146,494,aajhny,
Dry Meadow Plant,dry-meadow-plant-02-02.png,dry-meadow-plant-02,42,482,aajhny,
Dry Meadow Plant,dry-meadow-plant-02-03.png,dry-meadow-plant-02,144,475,aajhny,
Dry Meadow Plant,dry-meadow-plant-02-04.png,dry-meadow-plant-02,82,453,aajhny,
Dry Meadow Plant,dry-meadow-plant-03-01.png,dry-meadow-plant-03,471,494,bl5rlt,
Dry Meadow Plant,dry-meadow-plant-04-01.png,dry-meadow-plant-04,462,494,de35en,
Dry Meadow Plant,dry-meadow-plant-05-01.png,dry-meadow-plant-05,195,480,dry-meadow-plant-4jfgg6,
Dry Meadow Plant,dry-meadow-plant-05-02.png,dry-meadow-plant-05,282,474,dry-meadow-plant-4jfgg6,
Dry Meadow Plant,dry-meadow-plant-06-01.png,dry-meadow-plant-06,42,257,dry-meadow-plant-cfjxjb,
Dry Meadow Plant,dry-meadow-plant-06-02.png,dry-meadow-plant-06,48,246,dry-meadow-plant-cfjxjb,
Dry Meadow Plant,dry-meadow-plant-06-03.png,dry-meadow-plant-06,24,284,dry-meadow-plant-cfjxjb,
Dry Meadow Plant,dry-meadow-plant-06-04.png,dry-meadow-plant-06,76,261,dry-meadow-plant-cfjxjb,
Dry Meadow Plant,dry-meadow-plant-06-05.png,dry-meadow-plant-06,42,270,dry-meadow-plant-cfjxjb,
Dry Meadow Plant,dry-meadow-plant-06-06.png,dry-meadow-plant-06,33,247,dry-meadow-plant-cfjxjb,
Dry Meadow Plant,dry-meadow-plant-06-07.png,dry-meadow-plant-06,46,236,dry-meadow-plant-cfjxjb,
Dry Meadow Plant,dry-meadow-plant-06-08.png,dry-meadow-plant-06,31,231,dry-meadow-plant-cfjxjb,
Dry Meadow Plant,dry-meadow-plant-06-09.png,dry-meadow-plant-06,50,193,dry-meadow-plant-cfjxjb,
Dry Meadow Plant,dry-meadow-plant-06-10.png,dry-meadow-plant-06,55,201,dry-meadow-plant-cfjxjb,
Dry Meadow Plant,dry-meadow-plant-06-11.png,dry-meadow-plant-06,31,203,dry-meadow-plant-cfjxjb,
Dry Meadow Plant,dry-meadow-plant-06-12.png,dry-meadow-plant-06,55,197,dry-meadow-plant-cfjxjb,
Dry Meadow Plant,dry-meadow-plant-06-13.png,dry-meadow-plant-06,21,196,dry-meadow-plant-cfjxjb,
Dry Meadow Plant,dry-meadow-plant-06-14.png,dry-meadow-plant-06,31,180,dry-meadow-plant-cfjxjb,
Dry Meadow Plant,dry-meadow-plant-06-15.png,dry-meadow-plant-06,40,193,dry-meadow-plant-cfjxjb,
Dry Meadow Plant,dry-meadow-plant-06-16.png,dry-meadow-plant-06,42,192,dry-meadow-plant-cfjxjb,
Dry Meadow Plant,dry-meadow-plant-07-01.png,dry-meadow-plant-07,467,494,dry-meadow-plant-cgdcef,
Dry Meadow Plant,dry-meadow-plant-08-01.png,dry-meadow-plant-08,157,438,dry-meadow-plant-csv5sw,
Dry Meadow Plant,dry-meadow-plant-08-02.png,dry-meadow-plant-08,140,420,dry-meadow-plant-csv5sw,
Dry Meadow Plant,dry-meadow-plant-08-03.png,dry-meadow-plant-08,173,418,dry-meadow-plant-csv5sw,
Dry Meadow Plant,dry-meadow-plant-09-01.png,dry-meadow-plant-09,135,386,dry-meadow-plant-jq3dekb,
Dry Meadow Plant,dry-meadow-plant-09-02.png,dry-meadow-plant-09,142,411,dry-meadow-plant-jq3dekb,
Dry Meadow Plant,dry-meadow-plant-09-03.png,dry-meadow-plant-09,135,373,dry-meadow-plant-jq3dekb,
Dry Meadow Plant,dry-meadow-plant-09-04.png,dry-meadow-plant-09,134,400,dry-meadow-plant-jq3dekb,
Dry Meadow Plant,dry-meadow-plant-09-05.png,dry-meadow-plant-09,158,20,dry-meadow-plant-jq3dekb,
Dry Meadow Plant,dry-meadow-plant-09-06.png,dry-meadow-plant-09,181,41,dry-meadow-plant-jq3dekb,
Dry Meadow Plant,dry-meadow-plant-09-07.png,dry-meadow-plant-09,166,40,dry-meadow-plant-jq3dekb,
Dry Meadow Plant,dry-meadow-plant-09-08.png,dry-meadow-plant-09,221,45,dry-meadow-plant-jq3dekb,
Dry Meadow Plant,dry-meadow-plant-10-01.png,dry-meadow-plant-10,81,482,dry-meadow-plant-ktrdsh,
Dry Meadow Plant,dry-meadow-plant-10-02.png,dry-meadow-plant-10,186,473,dry-meadow-plant-ktrdsh,
Dry Meadow Plant,dry-meadow-plant-10-03.png,dry-meadow-plant-10,114,470,dry-meadow-plant-ktrdsh,
Dry Meadow Plant,dry-meadow-plant-10-04.png,dry-meadow-plant-10,174,485,dry-meadow-plant-ktrdsh,
Dry Meadow Plant,dry-meadow-plant-11-01.png,dry-meadow-plant-11,507,494,dry-meadow-plant-nfw4af,
Dry Meadow Plant,dry-meadow-plant-12-01.png,dry-meadow-plant-12,508,494,dry-meadow-plant-p2kslyw,
Dry Meadow Plant,dry-meadow-plant-13-01.png,dry-meadow-plant-13,165,418,dry-meadow-plant-qsf7zmp,
Dry Meadow Plant,dry-meadow-plant-13-02.png,dry-meadow-plant-13,110,392,dry-meadow-plant-qsf7zmp,
Dry Meadow Plant,dry-meadow-plant-13-03.png,dry-meadow-plant-13,88,440,dry-meadow-plant-qsf7zmp,
Dry Meadow Plant,dry-meadow-plant-13-04.png,dry-meadow-plant-13,116,353,dry-meadow-plant-qsf7zmp,
Dry Meadow Plant,dry-meadow-plant-13-05.png,dry-meadow-plant-13,380,74,dry-meadow-plant-qsf7zmp,
Dry Meadow Plant,dry-meadow-plant-14-01.png,dry-meadow-plant-14,411,489,dry-meadow-plant-upahgnf,
Dry Meadow Plant,dry-meadow-plant-14-02.png,dry-meadow-plant-14,185,346,dry-meadow-plant-upahgnf,
Dry Meadow Plant,dry-meadow-plant-15-01.png,dry-meadow-plant-15,79,289,dry-meadow-plant-xuvyrfv,
Dry Meadow Plant,dry-meadow-plant-15-02.png,dry-meadow-plant-15,58,352,dry-meadow-plant-xuvyrfv,
Dry Meadow Plant,dry-meadow-plant-15-03.png,dry-meadow-plant-15,52,295,dry-meadow-plant-xuvyrfv,
Dry Meadow Plant,dry-meadow-plant-15-04.png,dry-meadow-plant-15,43,343,dry-meadow-plant-xuvyrfv,
Dry Meadow Plant,dry-meadow-plant-15-05.png,dry-meadow-plant-15,103,256,dry-meadow-plant-xuvyrfv,
Dry Meadow Plant,dry-meadow-plant-15-06.png,dry-meadow-plant-15,55,285,dry-meadow-plant-xuvyrfv,
Dry Meadow Plant,dry-meadow-plant-15-07.png,dry-meadow-plant-15,35,244,dry-meadow-plant-xuvyrfv,
Dry Meadow Plant,dry-meadow-plant-15-08.png,dry-meadow-plant-15,17,235,dry-meadow-plant-xuvyrfv,
Dry Meadow Plant,dry-meadow-plant-15-09.png,dry-meadow-plant-15,43,210,dry-meadow-plant-xuvyrfv,
Dry Meadow Plant,dry-meadow-plant-15-10.png,dry-meadow-plant-15,22,175,dry-meadow-plant-xuvyrfv,
Dry Meadow Plant,dry-meadow-plant-15-11.png,dry-meadow-plant-15,19,167,dry-meadow-plant-xuvyrfv,
Dry Meadow Plant,dry-meadow-plant-15-12.png,dry-meadow-plant-15,29,176,dry-meadow-plant-xuvyrfv,
Dry Meadow Plant,dry-meadow-plant-15-13.png,dry-meadow-plant-15,36,173,dry-meadow-plant-xuvyrfv,
Dry Meadow Plant,dry-meadow-plant-15-14.png,dry-meadow-plant-15,48,178,dry-meadow-plant-xuvyrfv,
Dry Meadow Plant,dry-meadow-plant-15-15.png,dry-meadow-plant-15,59,171,dry-meadow-plant-xuvyrfv,
Dry Meadow Plant,dry-meadow-plant-15-16.png,dry-meadow-plant-15,25,158,dry-meadow-plant-xuvyrfv,
Dry Meadow Plant,dry-meadow-plant-15-17.png,dry-meadow-plant-15,29,119,dry-meadow-plant-xuvyrfv,
Dry Meadow Plant,dry-meadow-plant-15-18.png,dry-meadow-plant-15,20,104,dry-meadow-plant-xuvyrfv,
Dry Meadow Plant,dry-meadow-plant-16-01.png,dry-meadow-plant-16,27,488,f9c8xh,
Dry Meadow Plant,dry-meadow-plant-16-02.png,dry-meadow-plant-16,49,475,f9c8xh,
Dry Meadow Plant,dry-meadow-plant-16-03.png,dry-meadow-plant-16,55,469,f9c8xh,
Dry Meadow Plant,dry-meadow-plant-16-04.png,dry-meadow-plant-16,39,461,f9c8xh,
Dry Meadow Plant,dry-meadow-plant-16-05.png,dry-meadow-plant-16,49,452,f9c8xh,
Dry Meadow Plant,dry-meadow-plant-16-06.png,dry-meadow-plant-16,35,457,f9c8xh,
Dry Meadow Plant,dry-meadow-plant-16-07.png,dry-meadow-plant-16,23,448,f9c8xh,
Dry Meadow Plant,dry-meadow-plant-16-08.png,dry-meadow-plant-16,49,417,f9c8xh,
Dry Meadow Plant,dry-meadow-plant-16-09.png,dry-meadow-plant-16,50,394,f9c8xh,
Dry Meadow Plant,dry-meadow-plant-16-10.png,dry-meadow-plant-16,34,369,f9c8xh,
Dry Meadow Plant,dry-meadow-plant-17-01.png,dry-meadow-plant-17,114,410,fcmz54,
Dry Meadow Plant,dry-meadow-plant-17-02.png,dry-meadow-plant-17,120,494,fcmz54,
Dry Meadow Plant,dry-meadow-plant-17-03.png,dry-meadow-plant-17,104,381,fcmz54,
Dry Meadow Plant,dry-meadow-plant-17-04.png,dry-meadow-plant-17,49,368,fcmz54,
Dry Meadow Plant,dry-meadow-plant-17-05.png,dry-meadow-plant-17,418,88,fcmz54,
Dry Meadow Plant,dry-meadow-plant-18-01.png,dry-meadow-plant-18,446,494,gjnfdd,
Dry Meadow Plant,dry-meadow-plant-19-01.png,dry-meadow-plant-19,126,482,gtsvkn,
Dry Meadow Plant,dry-meadow-plant-19-02.png,dry-meadow-plant-19,108,415,gtsvkn,
Dry Meadow Plant,dry-meadow-plant-19-03.png,dry-meadow-plant-19,110,470,gtsvkn,
Dry Meadow Plant,dry-meadow-plant-19-04.png,dry-meadow-plant-19,120,450,gtsvkn,
Dry Meadow Plant,dry-meadow-plant-20-01.png,dry-meadow-plant-20,63,199,gzph6r,
Dry Meadow Plant,dry-meadow-plant-20-02.png,dry-meadow-plant-20,102,493,gzph6r,
Dry Meadow Plant,dry-meadow-plant-20-03.png,dry-meadow-plant-20,108,471,gzph6r,
Dry Meadow Plant,dry-meadow-plant-20-04.png,dry-meadow-plant-20,71,397,gzph6r,
Dry Meadow Plant,dry-meadow-plant-20-05.png,dry-meadow-plant-20,53,344,gzph6r,
Dry Meadow Plant,dry-meadow-plant-20-06.png,dry-meadow-plant-20,30,203,gzph6r,
Dry Meadow Plant,dry-meadow-plant-20-07.png,dry-meadow-plant-20,46,186,gzph6r,
Dry Meadow Plant,dry-meadow-plant-20-08.png,dry-meadow-plant-20,151,41,gzph6r,
Dry Meadow Plant,dry-meadow-plant-20-09.png,dry-meadow-plant-20,176,42,gzph6r,
Dry Meadow Plant,dry-meadow-plant-21-01.png,dry-meadow-plant-21,136,434,mcw9zw,
Dry Meadow Plant,dry-meadow-plant-21-02.png,dry-meadow-plant-21,187,419,mcw9zw,
Dry Meadow Plant,dry-meadow-plant-21-03.png,dry-meadow-plant-21,150,410,mcw9zw,
Dry Meadow Plant,dry-meadow-plant-22-01.png,dry-meadow-plant-22,189,494,mspbqu,
Dry Meadow Plant,dry-meadow-plant-22-02.png,dry-meadow-plant-22,126,485,mspbqu,
Dry Meadow Plant,dry-meadow-plant-22-03.png,dry-meadow-plant-22,170,451,mspbqu,
Dry Meadow Plant,dry-meadow-plant-23-01.png,dry-meadow-plant-23,194,494,nwyep7,
Dry Meadow Plant,dry-meadow-plant-23-02.png,dry-meadow-plant-23,49,474,nwyep7,
Dry Meadow Plant,dry-meadow-plant-23-03.png,dry-meadow-plant-23,139,456,nwyep7,
Dry Meadow Plant,dry-meadow-plant-24-01.png,dry-meadow-plant-24,173,490,pwhbfb,
Dry Meadow Plant,dry-meadow-plant-24-02.png,dry-meadow-plant-24,132,442,pwhbfb,
Dry Meadow Plant,dry-meadow-plant-24-03.png,dry-meadow-plant-24,117,463,pwhbfb,
Dry Meadow Plant,dry-meadow-plant-25-01.png,dry-meadow-plant-25,144,474,qsvdxd,
Dry Meadow Plant,dry-meadow-plant-25-02.png,dry-meadow-plant-25,94,477,qsvdxd,
Dry Meadow Plant,dry-meadow-plant-25-03.png,dry-meadow-plant-25,71,470,qsvdxd,
Dry Meadow Plant,dry-meadow-plant-25-04.png,dry-meadow-plant-25,43,474,qsvdxd,
Dry Meadow Plant,dry-meadow-plant-25-05.png,dry-meadow-plant-25,74,422,qsvdxd,
Dry Meadow Plant,dry-meadow-plant-26-01.png,dry-meadow-plant-26,120,487,rbquur,
Dry Meadow Plant,dry-meadow-plant-26-02.png,dry-meadow-plant-26,150,481,rbquur,
Dry Meadow Plant,dry-meadow-plant-26-03.png,dry-meadow-plant-26,130,481,rbquur,
Dry Meadow Plant,dry-meadow-plant-27-01.png,dry-meadow-plant-27,379,494,t9zsvc,
Dry Meadow Plant,dry-meadow-plant-28-01.png,dry-meadow-plant-28,122,482,twbccx,
Dry Meadow Plant,dry-meadow-plant-28-02.png,dry-meadow-plant-28,192,461,twbccx,
Dry Meadow Plant,dry-meadow-plant-28-03.png,dry-meadow-plant-28,147,455,twbccx,
Dry Meadow Plant,dry-meadow-plant-29-01.png,dry-meadow-plant-29,330,494,uv7jsm,
Dry Meadow Plant,dry-meadow-plant-29-02.png,dry-meadow-plant-29,28,485,uv7jsm,
Dry Meadow Plant,dry-meadow-plant-29-03.png,dry-meadow-plant-29,27,462,uv7jsm,
Dry Meadow Plant,dry-meadow-plant-30-01.png,dry-meadow-plant-30,508,494,wxpccm,
Dry Plant,dry-plant-01-01.png,dry-plant-01,427,494,248uf3,
Dry Plant,dry-plant-02-01.png,dry-plant-02,89,414,2pbphe,
Dry Plant,dry-plant-02-02.png,dry-plant-02,62,364,2pbphe,
Dry Plant,dry-plant-02-03.png,dry-plant-02,125,386,2pbphe,
Dry Plant,dry-plant-02-04.png,dry-plant-02,61,320,2pbphe,
Dry Plant,dry-plant-02-05.png,dry-plant-02,264,82,2pbphe,
Dry Plant,dry-plant-02-06.png,dry-plant-02,173,70,2pbphe,
Dry Plant,dry-plant-03-01.png,dry-plant-03,508,482,3tysld,
Dry Plant,dry-plant-04-01.png,dry-plant-04,508,494,dva5tc,
Dry Plant,dry-plant-05-01.png,dry-plant-05,340,494,kqxqux,
Dry Plant,dry-plant-06-01.png,dry-plant-06,508,489,mmm2dm,
Dry Plant,dry-plant-07-01.png,dry-plant-07,433,494,w6tlqc,
Dry Plant,dry-plant-08-01.png,dry-plant-08,245,494,xvlahk,
Dry Plant,dry-plant-08-02.png,dry-plant-08,58,453,xvlahk,
Dry Plant,dry-plant-08-03.png,dry-plant-08,31,440,xvlahk,
Dry Plant 0 Cr,dry-plant-0-cr-01-01.png,dry-plant-0-cr-01,508,487,fku9m4,
Dry Plants,dry-plants-01-01.png,dry-plants-01,51,334,dry-plants-bpe9db,
Dry Plants,dry-plants-01-02.png,dry-plants-01,60,302,dry-plants-bpe9db,
Dry Plants,dry-plants-01-03.png,dry-plants-01,54,488,dry-plants-bpe9db,
Dry Plants,dry-plants-01-04.png,dry-plants-01,31,193,dry-plants-bpe9db,
Dry Plants,dry-plants-01-05.png,dry-plants-01,169,293,dry-plants-bpe9db,
Dry Plants,dry-plants-01-06.png,dry-plants-01,75,196,dry-plants-bpe9db,
Dry Plants,dry-plants-01-07.png,dry-plants-01,46,133,dry-plants-bpe9db,
Dry Plants,dry-plants-01-08.png,dry-plants-01,36,171,dry-plants-bpe9db,
Dry Plants,dry-plants-01-09.png,dry-plants-01,77,170,dry-plants-bpe9db,
Dry Plants,dry-plants-01-10.png,dry-plants-01,73,165,dry-plants-bpe9db,
Dry Plants,dry-plants-01-11.png,dry-plants-01,97,134,dry-plants-bpe9db,
Dry Plants,dry-plants-01-12.png,dry-plants-01,21,120,dry-plants-bpe9db,
Dry Plants,dry-plants-02-01.png,dry-plants-02,112,275,dry-plants-vsr6hn,
Dry Plants,dry-plants-02-02.png,dry-plants-02,18,305,dry-plants-vsr6hn,
Dry Plants,dry-plants-02-03.png,dry-plants-02,30,263,dry-plants-vsr6hn,
Dry Plants,dry-plants-02-04.png,dry-plants-02,21,264,dry-plants-vsr6hn,
Dry Plants,dry-plants-02-05.png,dry-plants-02,27,212,dry-plants-vsr6hn,
Dry Plants,dry-plants-02-06.png,dry-plants-02,44,162,dry-plants-vsr6hn,
Dry Plants,dry-plants-02-07.png,dry-plants-02,60,168,dry-plants-vsr6hn,
Dry Plants,dry-plants-02-08.png,dry-plants-02,43,155,dry-plants-vsr6hn,
Dry Plants,dry-plants-02-09.png,dry-plants-02,22,109,dry-plants-vsr6hn,
Dry Plants,dry-plants-02-10.png,dry-plants-02,38,197,dry-plants-vsr6hn,
Dry Plants,dry-plants-02-11.png,dry-plants-02,17,187,dry-plants-vsr6hn,
Dry Plants,dry-plants-02-12.png,dry-plants-02,31,131,dry-plants-vsr6hn,
Dry Plants,dry-plants-02-13.png,dry-plants-02,36,135,dry-plants-vsr6hn,
Dry Plants,dry-plants-02-14.png,dry-plants-02,53,262,dry-plants-vsr6hn,
Dry Plants,dry-plants-02-15.png,dry-plants-02,53,166,dry-plants-vsr6hn,
Dry Plants,dry-plants-02-16.png,dry-plants-02,16,49,dry-plants-vsr6hn,
Dry Plants,dry-plants-02-17.png,dry-plants-02,53,148,dry-plants-vsr6hn,
Dry Plants,dry-plants-02-18.png,dry-plants-02,44,149,dry-plants-vsr6hn,
Dry Plants,dry-plants-02-19.png,dry-plants-02,38,122,dry-plants-vsr6hn,
Dry Plants,dry-plants-02-20.png,dry-plants-02,44,87,dry-plants-vsr6hn,
Dry Plants,dry-plants-02-21.png,dry-plants-02,23,98,dry-plants-vsr6hn,
Dry Plants,dry-plants-02-22.png,dry-plants-02,17,70,dry-plants-vsr6hn,
Dry Quercus Branch,dry-quercus-branch-01-01.png,dry-quercus-branch-01,163,494,dry-quercus-branch-au29fd4,
Dry Quercus Branch,dry-quercus-branch-01-02.png,dry-quercus-branch-01,133,458,dry-quercus-branch-au29fd4,
Dry Quercus Branch,dry-quercus-branch-01-03.png,dry-quercus-branch-01,133,461,dry-quercus-branch-au29fd4,
Dry Quercus Branch,dry-quercus-branch-02-01.png,dry-quercus-branch-02,508,413,dry-quercus-branch-feprap9,
Dry Quercus Branch,dry-quercus-branch-03-01.png,dry-quercus-branch-03,153,494,dry-quercus-branch-kqdsahk,
Dry Quercus Branch,dry-quercus-branch-03-02.png,dry-quercus-branch-03,339,480,dry-quercus-branch-kqdsahk,
Dry Quercus Branch,dry-quercus-branch-04-01.png,dry-quercus-branch-04,95,358,quercus-qmjhrvt,
Dry Quercus Branch,dry-quercus-branch-04-02.png,dry-quercus-branch-04,141,279,quercus-qmjhrvt,
Dry Quercus Branch,dry-quercus-branch-04-03.png,dry-quercus-branch-04,60,185,quercus-qmjhrvt,
Dry Quercus Branch,dry-quercus-branch-04-04.png,dry-quercus-branch-04,84,210,quercus-qmjhrvt,
Dry Quercus Branch,dry-quercus-branch-04-05.png,dry-quercus-branch-04,129,105,quercus-qmjhrvt,
Dry Quercus Branch,dry-quercus-branch-04-06.png,dry-quercus-branch-04,141,176,quercus-qmjhrvt,
Dry Quercus Branch,dry-quercus-branch-04-07.png,dry-quercus-branch-04,148,169,quercus-qmjhrvt,
Dry Quercus Branch,dry-quercus-branch-04-08.png,dry-quercus-branch-04,188,122,quercus-qmjhrvt,
Dry Reed,dry-reed-01-01.png,dry-reed-01,91,494,dry-reed-8jeyak7,
Dry Reed,dry-reed-01-02.png,dry-reed-01,46,475,dry-reed-8jeyak7,
Dry Reed,dry-reed-01-03.png,dry-reed-01,31,484,dry-reed-8jeyak7,
Dry Reed,dry-reed-01-04.png,dry-reed-01,73,479,dry-reed-8jeyak7,
Dry Reed,dry-reed-01-05.png,dry-reed-01,34,469,dry-reed-8jeyak7,
Dry Reed,dry-reed-01-06.png,dry-reed-01,52,472,dry-reed-8jeyak7,
Dry Reed,dry-reed-01-07.png,dry-reed-01,75,462,dry-reed-8jeyak7,
Dry Reed,dry-reed-02-01.png,dry-reed-02,25,494,dry-reed-96klqfm,
Dry Reed,dry-reed-02-02.png,dry-reed-02,42,469,dry-reed-96klqfm,
Dry Reed,dry-reed-02-03.png,dry-reed-02,44,468,dry-reed-96klqfm,
Dry Reed,dry-reed-02-04.png,dry-reed-02,66,468,dry-reed-96klqfm,
Dry Reed,dry-reed-02-05.png,dry-reed-02,53,465,dry-reed-96klqfm,
Dry Reed,dry-reed-02-06.png,dry-reed-02,73,402,dry-reed-96klqfm,
Dry Reed,dry-reed-02-07.png,dry-reed-02,47,433,dry-reed-96klqfm,
Dry Reed,dry-reed-02-08.png,dry-reed-02,32,403,dry-reed-96klqfm,
Dry Reed,dry-reed-02-09.png,dry-reed-02,63,419,dry-reed-96klqfm,
Dry Reed,dry-reed-03-01.png,dry-reed-03,178,494,dry-reed-dxr7ctv,
Dry Reed,dry-reed-03-02.png,dry-reed-03,208,436,dry-reed-dxr7ctv,
Dry Reed,dry-reed-04-01.png,dry-reed-04,417,481,dry-reed-fkcm282,
Dry Reed,dry-reed-04-02.png,dry-reed-04,39,399,dry-reed-fkcm282,
Dry Reed,dry-reed-04-03.png,dry-reed-04,45,378,dry-reed-fkcm282,
Dry Reed,dry-reed-04-04.png,dry-reed-04,31,336,dry-reed-fkcm282,
Dry Reed,dry-reed-04-05.png,dry-reed-04,53,401,dry-reed-fkcm282,
Dry Reed,dry-reed-04-06.png,dry-reed-04,92,393,dry-reed-fkcm282,
Dry Reed,dry-reed-04-07.png,dry-reed-04,57,410,dry-reed-fkcm282,
Dry Reed,dry-reed-04-08.png,dry-reed-04,58,391,dry-reed-fkcm282,
Dry Reed,dry-reed-04-09.png,dry-reed-04,33,379,dry-reed-fkcm282,
Dry Reed,dry-reed-04-10.png,dry-reed-04,37,360,dry-reed-fkcm282,
Dry Reed,dry-reed-04-11.png,dry-reed-04,347,65,dry-reed-fkcm282,
Dry Reed,dry-reed-05-01.png,dry-reed-05,134,494,dry-reed-fz77zfu,
Dry Reed,dry-reed-05-02.png,dry-reed-05,107,451,dry-reed-fz77zfu,
Dry Reed,dry-reed-05-03.png,dry-reed-05,92,437,dry-reed-fz77zfu,
Dry Reed,dry-reed-06-01.png,dry-reed-06,493,494,dry-reed-mfedtuz,
Dry Reed,dry-reed-07-01.png,dry-reed-07,35,479,dry-reed-wrblxzr,
Dry Reed,dry-reed-07-02.png,dry-reed-07,73,474,dry-reed-wrblxzr,
Dry Reed,dry-reed-07-03.png,dry-reed-07,62,460,dry-reed-wrblxzr,
Dry Reed,dry-reed-07-04.png,dry-reed-07,73,475,dry-reed-wrblxzr,
Dry Reed,dry-reed-07-05.png,dry-reed-07,44,466,dry-reed-wrblxzr,
Dry Reed,dry-reed-07-06.png,dry-reed-07,108,469,dry-reed-wrblxzr,
Dry Reed,dry-reed-07-07.png,dry-reed-07,46,469,dry-reed-wrblxzr,
Dry Reed,dry-reed-08-01.png,dry-reed-08,76,174,ffe6vq,
Dry Reed,dry-reed-08-02.png,dry-reed-08,74,462,ffe6vq,
Dry Reed,dry-reed-08-03.png,dry-reed-08,22,477,ffe6vq,
Dry Reed,dry-reed-08-04.png,dry-reed-08,89,466,ffe6vq,
Dry Reed,dry-reed-08-05.png,dry-reed-08,66,469,ffe6vq,
Dry Reed,dry-reed-08-06.png,dry-reed-08,59,457,ffe6vq,
Dry Reed,dry-reed-08-07.png,dry-reed-08,65,478,ffe6vq,
Dry Reed,dry-reed-08-08.png,dry-reed-08,93,460,ffe6vq,
Dry Reed,dry-reed-08-09.png,dry-reed-08,58,266,ffe6vq,
Dry Reed,dry-reed-09-01.png,dry-reed-09,96,491,kqxfgc,
Dry Reed,dry-reed-09-02.png,dry-reed-09,93,482,kqxfgc,
Dry Reed,dry-reed-09-03.png,dry-reed-09,107,483,kqxfgc,
Dry Reed,dry-reed-09-04.png,dry-reed-09,94,480,kqxfgc,
Dry Reed,dry-reed-09-05.png,dry-reed-09,59,479,kqxfgc,
Dry Reed,dry-reed-10-01.png,dry-reed-10,476,494,unspww,
Dry Taxus,dry-taxus-01-01.png,dry-taxus-01,282,368,taxus-ycnt96s,
Dry Taxus,dry-taxus-01-02.png,dry-taxus-01,215,409,taxus-ycnt96s,
Dry Taxus,dry-taxus-01-03.png,dry-taxus-01,252,222,taxus-ycnt96s,
Dry Taxus,dry-taxus-01-04.png,dry-taxus-01,325,126,taxus-ycnt96s,
Dry Thorn,dry-thorn-01-01.png,dry-thorn-01,442,494,dry-thorn-7eknyca,
Dry Thorn,dry-thorn-02-01.png,dry-thorn-02,41,188,dry-thorn-al9mg7e,
Dry Thorn,dry-thorn-02-02.png,dry-thorn-02,203,236,dry-thorn-al9mg7e,
Dry Thorn,dry-thorn-02-03.png,dry-thorn-02,36,442,dry-thorn-al9mg7e,
Dry Thorn,dry-thorn-02-04.png,dry-thorn-02,193,274,dry-thorn-al9mg7e,
Dry Thorn,dry-thorn-02-05.png,dry-thorn-02,67,208,dry-thorn-al9mg7e,
Dry Thorn,dry-thorn-02-06.png,dry-thorn-02,249,92,dry-thorn-al9mg7e,
Dry Thorn,dry-thorn-02-07.png,dry-thorn-02,131,126,dry-thorn-al9mg7e,
Dry Thorn,dry-thorn-02-08.png,dry-thorn-02,236,65,dry-thorn-al9mg7e,
Dry Thorn,dry-thorn-02-09.png,dry-thorn-02,200,70,dry-thorn-al9mg7e,
Dry Thorn,dry-thorn-02-10.png,dry-thorn-02,163,49,dry-thorn-al9mg7e,
Dry Thorn,dry-thorn-02-11.png,dry-thorn-02,195,48,dry-thorn-al9mg7e,
Dry Thorn,dry-thorn-02-12.png,dry-thorn-02,114,30,dry-thorn-al9mg7e,
Dry Thorn,dry-thorn-03-01.png,dry-thorn-03,85,346,dry-thorn-dt3qhwf,
Dry Thorn,dry-thorn-03-02.png,dry-thorn-03,74,304,dry-thorn-dt3qhwf,
Dry Thorn,dry-thorn-03-03.png,dry-thorn-03,110,282,dry-thorn-dt3qhwf,
Dry Thorn,dry-thorn-03-04.png,dry-thorn-03,165,275,dry-thorn-dt3qhwf,
Dry Thorn,dry-thorn-03-05.png,dry-thorn-03,270,109,dry-thorn-dt3qhwf,
Dry Thorn,dry-thorn-03-06.png,dry-thorn-03,205,85,dry-thorn-dt3qhwf,
Dry Thorn,dry-thorn-03-07.png,dry-thorn-03,402,110,dry-thorn-dt3qhwf,
Dry Thorn,dry-thorn-04-01.png,dry-thorn-04,508,465,dry-thorn-gdgbacy,
Dry Thorn,dry-thorn-05-01.png,dry-thorn-05,452,494,dry-thorn-mgzhgfx,
Dry Thorn,dry-thorn-06-01.png,dry-thorn-06,508,494,dry-thorn-uzljdzh,
Dry Thorn Plant,dry-thorn-plant-01-01.png,dry-thorn-plant-01,391,437,2g32dm,
Dry Thorn Plant,dry-thorn-plant-01-02.png,dry-thorn-plant-01,221,394,2g32dm,
Dry Thorn Plant,dry-thorn-plant-02-01.png,dry-thorn-plant-02,170,491,d3rhe9,
Dry Thorn Plant,dry-thorn-plant-02-02.png,dry-thorn-plant-02,186,489,d3rhe9,
Dry Thorn Plant,dry-thorn-plant-02-03.png,dry-thorn-plant-02,95,483,d3rhe9,
Dry Thorn Plant,dry-thorn-plant-03-01.png,dry-thorn-plant-03,300,484,h3zlwl,
Dry Thorn Plant,dry-thorn-plant-03-02.png,dry-thorn-plant-03,255,474,h3zlwl,
Dry Thorn Plant,dry-thorn-plant-03-03.png,dry-thorn-plant-03,201,315,h3zlwl,
Dry Thorn Plant,dry-thorn-plant-04-01.png,dry-thorn-plant-04,152,494,jnunfy,
Dry Thorn Plant,dry-thorn-plant-04-02.png,dry-thorn-plant-04,89,494,jnunfy,
Dry Thorn Plant,dry-thorn-plant-04-03.png,dry-thorn-plant-04,139,488,jnunfy,
Dry Thorn Plant,dry-thorn-plant-04-04.png,dry-thorn-plant-04,83,476,jnunfy,
Dry Wheat,dry-wheat-01-01.png,dry-wheat-01,232,494,4fupwa,
Dry Wheat,dry-wheat-01-02.png,dry-wheat-01,196,480,4fupwa,
Dry Wheat,dry-wheat-02-01.png,dry-wheat-02,495,494,9g3r6y,
Dry Wheat,dry-wheat-03-01.png,dry-wheat-03,111,457,ckhdlb,
Dry Wheat,dry-wheat-03-02.png,dry-wheat-03,85,436,ckhdlb,
Dry Wheat,dry-wheat-03-03.png,dry-wheat-03,94,456,ckhdlb,
Dry Wheat,dry-wheat-03-04.png,dry-wheat-03,120,426,ckhdlb,
Dry Wheat,dry-wheat-03-05.png,dry-wheat-03,92,451,ckhdlb,
Dry Wheat,dry-wheat-03-06.png,dry-wheat-03,117,461,ckhdlb,
Dry Wheat,dry-wheat-04-01.png,dry-wheat-04,21,489,epbcyj,
Dry Wheat,dry-wheat-04-02.png,dry-wheat-04,20,474,epbcyj,
Dry Wheat,dry-wheat-04-03.png,dry-wheat-04,19,478,epbcyj,
Dry Wheat,dry-wheat-04-04.png,dry-wheat-04,22,479,epbcyj,
Dry Wheat,dry-wheat-04-05.png,dry-wheat-04,39,471,epbcyj,
Dry Wheat,dry-wheat-04-06.png,dry-wheat-04,30,459,epbcyj,
Dry Wheat,dry-wheat-04-07.png,dry-wheat-04,20,468,epbcyj,
Dry Wheat,dry-wheat-04-08.png,dry-wheat-04,40,473,epbcyj,
Dry Wheat,dry-wheat-04-09.png,dry-wheat-04,23,460,epbcyj,
Dry Wheat,dry-wheat-04-10.png,dry-wheat-04,23,442,epbcyj,
Dry Wheat,dry-wheat-05-01.png,dry-wheat-05,489,494,lg5bsk,
Dry Wheat,dry-wheat-06-01.png,dry-wheat-06,399,494,sdyhzd,
Dry Wheat,dry-wheat-07-01.png,dry-wheat-07,34,487,syus73,
Dry Wheat,dry-wheat-07-02.png,dry-wheat-07,28,482,syus73,
Dry Wheat,dry-wheat-07-03.png,dry-wheat-07,26,480,syus73,
Dry Wheat,dry-wheat-07-04.png,dry-wheat-07,23,475,syus73,
Dry Wheat,dry-wheat-07-05.png,dry-wheat-07,19,475,syus73,
Dry Wheat,dry-wheat-07-06.png,dry-wheat-07,34,474,syus73,
Dry Wheat,dry-wheat-07-07.png,dry-wheat-07,29,474,syus73,
Dry Wheat,dry-wheat-07-08.png,dry-wheat-07,17,475,syus73,
Dry Wheat,dry-wheat-07-09.png,dry-wheat-07,23,462,syus73,
Dry Wheat,dry-wheat-07-10.png,dry-wheat-07,29,468,syus73,
Dry Wheat,dry-wheat-07-11.png,dry-wheat-07,30,467,syus73,
Dry Wheat,dry-wheat-07-12.png,dry-wheat-07,22,446,syus73,
Dry Wheat,dry-wheat-08-01.png,dry-wheat-08,20,494,v8be7m,
Dry Wheat,dry-wheat-08-02.png,dry-wheat-08,22,488,v8be7m,
Dry Wheat,dry-wheat-08-03.png,dry-wheat-08,27,473,v8be7m,
Dry Wheat,dry-wheat-08-04.png,dry-wheat-08,55,483,v8be7m,
Dry Wheat,dry-wheat-08-05.png,dry-wheat-08,20,479,v8be7m,
Dry Wheat,dry-wheat-08-06.png,dry-wheat-08,24,475,v8be7m,
Dry Wheat,dry-wheat-08-07.png,dry-wheat-08,22,469,v8be7m,
Dry Wheat,dry-wheat-08-08.png,dry-wheat-08,25,468,v8be7m,
Dry Wheat,dry-wheat-08-09.png,dry-wheat-08,24,466,v8be7m,
Dry Wheat,dry-wheat-08-10.png,dry-wheat-08,21,456,v8be7m,
Dry Wheat,dry-wheat-08-11.png,dry-wheat-08,27,453,v8be7m,
Dry Wheat,dry-wheat-09-01.png,dry-wheat-09,278,493,yanpvd,
Dry Wheat,dry-wheat-09-02.png,dry-wheat-09,68,486,yanpvd,
Dry Wheat,dry-wheat-09-03.png,dry-wheat-09,150,486,yanpvd,
Dry Wheat,dry-wheat-09-04.png,dry-wheat-09,48,217,yanpvd,
Eremopyrum orientale,eremopyrum-orientale-01-01.png,eremopyrum-orientale-01,467,494,dp9knw,
Eremopyrum orientale,eremopyrum-orientale-02-01.png,eremopyrum-orientale-02,508,494,eqhx8k,
Eremopyrum orientale,eremopyrum-orientale-03-01.png,eremopyrum-orientale-03,222,455,vvb6cj,
Eremopyrum orientale,eremopyrum-orientale-03-02.png,eremopyrum-orientale-03,229,427,vvb6cj,
Eremopyrum orientale,eremopyrum-orientale-03-03.png,eremopyrum-orientale-03,83,300,vvb6cj,
Eremopyrum orientale,eremopyrum-orientale-04-01.png,eremopyrum-orientale-04,28,375,wd4hwb,
Eremopyrum orientale,eremopyrum-orientale-04-02.png,eremopyrum-orientale-04,35,364,wd4hwb,
Eremopyrum orientale,eremopyrum-orientale-04-03.png,eremopyrum-orientale-04,41,375,wd4hwb,
Eremopyrum orientale,eremopyrum-orientale-04-04.png,eremopyrum-orientale-04,62,338,wd4hwb,
Eremopyrum orientale,eremopyrum-orientale-04-05.png,eremopyrum-orientale-04,46,352,wd4hwb,
Eremopyrum orientale,eremopyrum-orientale-04-06.png,eremopyrum-orientale-04,71,369,wd4hwb,
Eremopyrum orientale,eremopyrum-orientale-04-07.png,eremopyrum-orientale-04,32,376,wd4hwb,
Eremopyrum orientale,eremopyrum-orientale-04-08.png,eremopyrum-orientale-04,31,351,wd4hwb,
Eremopyrum orientale,eremopyrum-orientale-04-09.png,eremopyrum-orientale-04,34,361,wd4hwb,
Eremopyrum orientale,eremopyrum-orientale-04-10.png,eremopyrum-orientale-04,366,26,wd4hwb,
Eremopyrum orientale,eremopyrum-orientale-04-11.png,eremopyrum-orientale-04,368,34,wd4hwb,
Juncus,juncus-01-01.png,juncus-01,211,494,juncus-hejc7p,
Juncus,juncus-01-02.png,juncus-01,168,486,juncus-hejc7p,
Juncus,juncus-02-01.png,juncus-02,34,467,juncus-jppdyn,
Juncus,juncus-02-02.png,juncus-02,46,480,juncus-jppdyn,
Juncus,juncus-02-03.png,juncus-02,42,487,juncus-jppdyn,
Juncus,juncus-02-04.png,juncus-02,27,476,juncus-jppdyn,
Juncus,juncus-02-05.png,juncus-02,49,466,juncus-jppdyn,
Juncus,juncus-02-06.png,juncus-02,57,465,juncus-jppdyn,
Juncus,juncus-02-07.png,juncus-02,55,451,juncus-jppdyn,
Juncus,juncus-02-08.png,juncus-02,35,446,juncus-jppdyn,
Juncus,juncus-02-09.png,juncus-02,33,424,juncus-jppdyn,
Juncus,juncus-03-01.png,juncus-03,475,494,juncus-jwayb6,
Juncus,juncus-04-01.png,juncus-04,100,494,juncus-n8ge9a,
Juncus,juncus-04-02.png,juncus-04,116,484,juncus-n8ge9a,
Juncus,juncus-04-03.png,juncus-04,90,480,juncus-n8ge9a,
Juncus,juncus-04-04.png,juncus-04,93,471,juncus-n8ge9a,
Lepidium draba,lepidium-draba-01-01.png,lepidium-draba-01,209,470,2cnwjy,
Lepidium draba,lepidium-draba-01-02.png,lepidium-draba-01,334,450,2cnwjy,
Lepidium draba,lepidium-draba-02-01.png,lepidium-draba-02,503,494,3zkhgc,
Lepidium draba,lepidium-draba-03-01.png,lepidium-draba-03,62,403,jhzgrm,
Lepidium draba,lepidium-draba-03-02.png,lepidium-draba-03,80,413,jhzgrm,
Lepidium draba,lepidium-draba-03-03.png,lepidium-draba-03,86,416,jhzgrm,
Lepidium draba,lepidium-draba-03-04.png,lepidium-draba-03,54,386,jhzgrm,
Lepidium draba,lepidium-draba-03-05.png,lepidium-draba-03,86,399,jhzgrm,
Lepidium draba,lepidium-draba-03-06.png,lepidium-draba-03,389,58,jhzgrm,
Lepidium draba,lepidium-draba-04-01.png,lepidium-draba-04,95,438,p7wps8,
Lepidium draba,lepidium-draba-04-02.png,lepidium-draba-04,60,415,p7wps8,
Lepidium draba,lepidium-draba-04-03.png,lepidium-draba-04,89,410,p7wps8,
Lepidium draba,lepidium-draba-04-04.png,lepidium-draba-04,59,433,p7wps8,
Lepidium draba,lepidium-draba-04-05.png,lepidium-draba-04,57,384,p7wps8,
Lepidium draba,lepidium-draba-04-06.png,lepidium-draba-04,148,30,p7wps8,
Lepidium draba,lepidium-draba-04-07.png,lepidium-draba-04,297,32,p7wps8,
Plantago lanceolata,plantago-lanceolata-01-01.png,plantago-lanceolata-01,40,494,plantago-lanceolata-mdwnvqc,
Plantago lanceolata,plantago-lanceolata-01-02.png,plantago-lanceolata-01,32,489,plantago-lanceolata-mdwnvqc,
Plantago lanceolata,plantago-lanceolata-01-03.png,plantago-lanceolata-01,42,484,plantago-lanceolata-mdwnvqc,
Plantago lanceolata,plantago-lanceolata-01-04.png,plantago-lanceolata-01,42,455,plantago-lanceolata-mdwnvqc,
Plantago lanceolata,plantago-lanceolata-01-05.png,plantago-lanceolata-01,23,446,plantago-lanceolata-mdwnvqc,
Plantago lanceolata,plantago-lanceolata-01-06.png,plantago-lanceolata-01,31,447,plantago-lanceolata-mdwnvqc,
Plantago lanceolata,plantago-lanceolata-01-07.png,plantago-lanceolata-01,63,423,plantago-lanceolata-mdwnvqc,
Plantago lanceolata,plantago-lanceolata-01-08.png,plantago-lanceolata-01,52,431,plantago-lanceolata-mdwnvqc,
Plantago lanceolata,plantago-lanceolata-01-09.png,plantago-lanceolata-01,32,414,plantago-lanceolata-mdwnvqc,
Reed,reed-01-01.png,reed-01,108,494,reed-judtux,
Reed,reed-01-02.png,reed-01,64,482,reed-judtux,
Reed,reed-01-03.png,reed-01,87,483,reed-judtux,
Reed,reed-02-01.png,reed-02,59,494,reed-xzpdjg,
Reed,reed-02-02.png,reed-02,65,493,reed-xzpdjg,
Reed,reed-02-03.png,reed-02,66,478,reed-xzpdjg,
Reed,reed-02-04.png,reed-02,55,474,reed-xzpdjg,
Reed,reed-02-05.png,reed-02,29,444,reed-xzpdjg,
Rumex (Dry),rumex-dry-01-01.png,rumex-dry-01,97,492,tdl7uu,
Rumex (Dry),rumex-dry-01-02.png,rumex-dry-01,134,492,tdl7uu,
Rumex (Dry),rumex-dry-01-03.png,rumex-dry-01,169,471,tdl7uu,
Rumex (Dry),rumex-dry-02-01.png,rumex-dry-02,80,494,y2kbfk,
Rumex (Dry),rumex-dry-02-02.png,rumex-dry-02,98,494,y2kbfk,
Rumex (Dry),rumex-dry-02-03.png,rumex-dry-02,127,473,y2kbfk,
Shrub,shrub-01-01.png,shrub-01,109,263,shrub-hg4bdz,
Shrub,shrub-01-02.png,shrub-01,151,286,shrub-hg4bdz,
Shrub,shrub-01-03.png,shrub-01,134,229,shrub-hg4bdz,
Shrub,shrub-01-04.png,shrub-01,158,219,shrub-hg4bdz,
Shrub,shrub-01-05.png,shrub-01,142,200,shrub-hg4bdz,
Shrub,shrub-01-06.png,shrub-01,97,171,shrub-hg4bdz,
Shrub,shrub-02-01.png,shrub-02,43,133,shrub-pshemc,
Shrub,shrub-02-02.png,shrub-02,81,270,shrub-pshemc,
Shrub,shrub-02-03.png,shrub-02,96,128,shrub-pshemc,
Shrub,shrub-02-04.png,shrub-02,51,267,shrub-pshemc,
Shrub,shrub-02-05.png,shrub-02,121,256,shrub-pshemc,
Shrub,shrub-02-06.png,shrub-02,67,134,shrub-pshemc,
Shrub,shrub-02-07.png,shrub-02,92,128,shrub-pshemc,
Shrub,shrub-02-08.png,shrub-02,89,128,shrub-pshemc,
Shrub,shrub-02-09.png,shrub-02,129,188,shrub-pshemc,
Shrub,shrub-02-10.png,shrub-02,68,146,shrub-pshemc,
Shrub,shrub-02-11.png,shrub-02,64,114,shrub-pshemc,
Shrub,shrub-02-12.png,shrub-02,48,112,shrub-pshemc,
Shrub,shrub-02-13.png,shrub-02,94,44,shrub-pshemc,
Shrub,shrub-02-14.png,shrub-02,73,38,shrub-pshemc,
Shrub,shrub-02-15.png,shrub-02,83,40,shrub-pshemc,
Straw,straw-01-01.png,straw-01,508,494,jlwgyy,
Straw,straw-02-01.png,straw-02,30,326,qbh68z,
Straw,straw-02-02.png,straw-02,87,349,qbh68z,
Straw,straw-02-03.png,straw-02,23,260,qbh68z,
Straw,straw-02-04.png,straw-02,16,307,qbh68z,
Straw,straw-02-05.png,straw-02,54,342,qbh68z,
Straw,straw-02-06.png,straw-02,47,305,qbh68z,
Straw,straw-02-07.png,straw-02,30,313,qbh68z,
Straw,straw-02-08.png,straw-02,20,301,qbh68z,
Straw,straw-02-09.png,straw-02,20,321,qbh68z,
Straw,straw-02-10.png,straw-02,327,23,qbh68z,
Straw,straw-02-11.png,straw-02,307,21,qbh68z,
Straw,straw-02-12.png,straw-02,310,18,qbh68z,
Straw,straw-02-13.png,straw-02,308,48,qbh68z,
Straw,straw-03-01.png,straw-03,154,319,suczvn,
Straw,straw-03-02.png,straw-03,159,339,suczvn,
Straw,straw-03-03.png,straw-03,175,319,suczvn,
Straw,straw-03-04.png,straw-03,135,74,suczvn,
Straw,straw-03-05.png,straw-03,325,89,suczvn,
Straw,straw-03-06.png,straw-03,135,51,suczvn,
Straw,straw-03-07.png,straw-03,347,39,suczvn,
Straw,straw-04-01.png,straw-04,508,494,v3sx9j,
Thorn Plants,thorn-plants-01-01.png,thorn-plants-01,191,126,thorn-plants-2mptgk,
Thorn Plants,thorn-plants-01-02.png,thorn-plants-01,88,150,thorn-plants-2mptgk,
Thorn Plants,thorn-plants-01-03.png,thorn-plants-01,78,78,thorn-plants-2mptgk,
Thorn Plants,thorn-plants-01-04.png,thorn-plants-01,108,134,thorn-plants-2mptgk,
Thorn Plants,thorn-plants-01-05.png,thorn-plants-01,51,163,thorn-plants-2mptgk,
Thorn Plants,thorn-plants-01-06.png,thorn-plants-01,125,166,thorn-plants-2mptgk,
Thorn Plants,thorn-plants-01-07.png,thorn-plants-01,140,167,thorn-plants-2mptgk,
Thorn Plants,thorn-plants-01-08.png,thorn-plants-01,123,170,thorn-plants-2mptgk,
Thorn Plants,thorn-plants-01-09.png,thorn-plants-01,71,102,thorn-plants-2mptgk,
Thorn Plants,thorn-plants-01-10.png,thorn-plants-01,113,108,thorn-plants-2mptgk,
Thorn Plants,thorn-plants-01-11.png,thorn-plants-01,155,117,thorn-plants-2mptgk,
Thorn Plants,thorn-plants-01-12.png,thorn-plants-01,81,86,thorn-plants-2mptgk,
Thorn Plants,thorn-plants-01-13.png,thorn-plants-01,36,64,thorn-plants-2mptgk,
